gene	p_BMI_norm	logFC_BMI_norm	FDR	log2FC
DHX15	7.35094978319505e-06	0.113539881826968	0.0786772155295367	0.113539881826968
ADORA1	2.49248620418018e-05	0.121066358087388	0.133385399216703	0.121066358087388
IRAK2	0.000125845198955141	-0.172915090211375	0.448973721472292	-0.172915090211375
PPP1R36	0.000383497327476444	0.242407239148003	0.662149142803266	0.242407239148003
TNKS2	0.000423170245073144	0.108963866409659	0.662149142803266	0.108963866409659
AC005740.5	0.000615196995826116	0.310276699876927	0.662149142803266	0.310276699876927
AL513217.1	0.000678465507504904	0.24437307955352	0.662149142803266	0.24437307955352
MAMLD1	0.0007702920349685	-0.265660222976307	0.662149142803266	-0.265660222976307
SPRED1	0.000771919291192655	-0.101157405940823	0.662149142803266	-0.101157405940823
UGGT1	0.000875503788899959	0.0988822427180881	0.662149142803266	0.0988822427180881
FAM216A	0.000910921856045065	-0.308452462583089	0.662149142803266	-0.308452462583089
CHMP4B	0.000949664106736382	0.156207730298355	0.662149142803266	0.156207730298355
SNHG17	0.000961805332405965	0.237358550513915	0.662149142803266	0.237358550513915
DPM3	0.000978079564884912	0.308196680369944	0.662149142803266	0.308196680369944
RAB11B-AS1	0.000985057243807934	0.166750574451701	0.662149142803266	0.166750574451701
RUNX1	0.00106950387830191	-0.210738587267016	0.662149142803266	-0.210738587267016
UQCRB	0.00107873524483974	0.316857336684487	0.662149142803266	0.316857336684487
NAXD	0.0011422833336319	0.192879100059556	0.662149142803266	0.192879100059556
HINT3	0.00123489065548877	-0.13751445490348	0.662149142803266	-0.13751445490348
HLTF	0.00123731503840655	0.125305736102931	0.662149142803266	0.125305736102931
BRSK1	0.00138905966605438	0.0905616653852012	0.70795740979905	0.0905616653852012
MYO10	0.00149873421565088	0.108885430951679	0.729134195914152	0.108885430951679
JOSD2	0.00186809119538789	0.152914740393787	0.780096691551802	0.152914740393787
MFSD4A	0.00192434375050049	-0.356416284199756	0.780096691551802	-0.356416284199756
PGBD4	0.0020346857399104	0.207152846684782	0.780096691551802	0.207152846684782
AC026401.3	0.00206253236885439	-0.234469428446409	0.780096691551802	-0.234469428446409
CHST11	0.00209093601469669	-0.336879057322914	0.780096691551802	-0.336879057322914
SIRT3	0.00216789670348074	0.166321577402724	0.780096691551802	0.166321577402724
WDR33	0.00222460505736303	-0.0783893454242069	0.780096691551802	-0.0783893454242069
TMEM179	0.00239156455020072	0.296365046484268	0.780096691551802	0.296365046484268
MIS12	0.00241296431861921	0.185086695666775	0.780096691551802	0.185086695666775
AP000873.2	0.00243228324579794	0.13191486750262	0.780096691551802	0.13191486750262
C3orf62	0.00244687978791964	-0.240369582465531	0.780096691551802	-0.240369582465531
LIPT1	0.0025287507647856	0.240908837352294	0.780096691551802	0.240908837352294
PTCD3	0.00259921570432593	0.0691234375707671	0.780096691551802	0.0691234375707671
INPPL1	0.00262388871305848	-0.23016678576408	0.780096691551802	-0.23016678576408
LINC01725	0.00275220873981779	0.167685280805111	0.796132166007293	0.167685280805111
ATP5F1E	0.00290604386646529	-0.244179925796312	0.807040102129295	-0.244179925796312
COMMD4	0.00294728840466876	0.137212541722652	0.807040102129295	0.137212541722652
MRGBP	0.00306668912682224	0.202885279864232	0.807040102129295	0.202885279864232
SNX1	0.00309152986894339	0.0564560954533639	0.807040102129295	0.0564560954533639
COL14A1	0.00355669460693515	-0.195100292897628	0.838740325993694	-0.195100292897628
PRDM2	0.00357599459983958	-0.0761987938472036	0.838740325993694	-0.0761987938472036
AC025810.1	0.00375614198100675	0.210563756221911	0.838740325993694	0.210563756221911
PLXNA4	0.003797434995492	-0.322467186043961	0.838740325993694	-0.322467186043961
RAP1GAP2	0.0038376319380229	-0.32543592151901	0.838740325993694	-0.32543592151901
SCN1B	0.0039356911141495	-0.223090621049464	0.838740325993694	-0.223090621049464
SPATA22	0.00401618475910037	-0.260122046625833	0.838740325993694	-0.260122046625833
POLB	0.00402006249143936	-0.159101848100705	0.838740325993694	-0.159101848100705
LINC02609	0.00412385511230437	-0.210956206134706	0.838740325993694	-0.210956206134706
TCAIM	0.00414523811470253	-0.12642809555176	0.838740325993694	-0.12642809555176
AC002460.2	0.00426349378484609	-0.322354251379406	0.838740325993694	-0.322354251379406
RUFY3	0.00437997142304332	-0.0488462155512717	0.838740325993694	-0.0488462155512717
POLR2D	0.0044163537336542	0.151219326132456	0.838740325993694	0.151219326132456
CCDC32	0.00459966784646707	-0.132348184088955	0.838740325993694	-0.132348184088955
ZBTB17	0.0046909458368353	0.0961025669372969	0.838740325993694	0.0961025669372969
NLRC5	0.00483609081296672	0.189921932893082	0.838740325993694	0.189921932893082
ESYT1	0.00485834644511327	-0.29674828635584	0.838740325993694	-0.29674828635584
TMEM260	0.00487007444085976	0.0754672404220168	0.838740325993694	0.0754672404220168
MIER1	0.00489662451476757	0.0737361756916004	0.838740325993694	0.0737361756916004
IMP4	0.00498771642543489	0.197127793751924	0.838740325993694	0.197127793751924
B4GALT4	0.00513559305369201	0.17145171020575	0.838740325993694	0.17145171020575
AC002451.1	0.00518266841293844	0.146396693641536	0.838740325993694	0.146396693641536
GOSR2	0.00533141089057435	-0.0970317147891679	0.838740325993694	-0.0970317147891679
ESF1	0.00533610561168766	0.100707580881007	0.838740325993694	0.100707580881007
RNF14	0.00534174594051499	0.148417217048566	0.838740325993694	0.148417217048566
PAN2	0.00556884174454423	0.112988419447377	0.838740325993694	0.112988419447377
AC104825.1	0.00581404188708279	0.200925718781009	0.838740325993694	0.200925718781009
BCR	0.00586659891009172	-0.156520426632705	0.838740325993694	-0.156520426632705
INTS14	0.00592245451550351	0.133335176235164	0.838740325993694	0.133335176235164
RHBDD3	0.00597116195155468	-0.189691631936695	0.838740325993694	-0.189691631936695
TMEM267	0.00600551109387515	0.109291177504706	0.838740325993694	0.109291177504706
ELF1	0.00619078522970895	-0.0625146007670374	0.838740325993694	-0.0625146007670374
FAM106A	0.00628582188024154	0.129632506540887	0.838740325993694	0.129632506540887
DYRK2	0.00640671139804583	0.200612968749546	0.838740325993694	0.200612968749546
RUNX2	0.00645622369958413	-0.193128032331568	0.838740325993694	-0.193128032331568
RNF157	0.00651008513476543	-0.0927093661418288	0.838740325993694	-0.0927093661418288
CMTM4	0.00656600948830553	-0.081495744064832	0.838740325993694	-0.081495744064832
ZNF605	0.00657854504655209	-0.110543568471235	0.838740325993694	-0.110543568471235
ASAP2	0.00676361077219655	-0.111905491523768	0.838740325993694	-0.111905491523768
AL390957.1	0.00682200815082181	-0.267919647454767	0.838740325993694	-0.267919647454767
SNX24	0.00688650370300144	-0.119828459275139	0.838740325993694	-0.119828459275139
ACTR1A	0.00693557433589462	0.121416496841094	0.838740325993694	0.121416496841094
STXBP4	0.00693874997998887	0.114897800110872	0.838740325993694	0.114897800110872
SLC35F3	0.00709060212096466	-0.246082328430388	0.838740325993694	-0.246082328430388
CD226	0.00709166149404234	0.130158683934038	0.838740325993694	0.130158683934038
SNX13	0.00712912192154848	-0.077200825350338	0.838740325993694	-0.077200825350338
RYR3	0.00720706813176074	0.316288683568236	0.838740325993694	0.316288683568236
SLC4A2	0.00723574097970857	0.149420992198408	0.838740325993694	0.149420992198408
BCL7C	0.00741067130202816	0.105951761466172	0.838740325993694	0.105951761466172
CLNS1A	0.00753813316800966	-0.0693707757061496	0.838740325993694	-0.0693707757061496
AL355076.2	0.00755282963461516	0.206958755669738	0.838740325993694	0.206958755669738
TAFA1	0.00760330411032649	-0.32201443017801	0.838740325993694	-0.32201443017801
AC091932.1	0.00760489208830878	0.176934405631461	0.838740325993694	0.176934405631461
POLE	0.00764863745482945	-0.173587940876946	0.838740325993694	-0.173587940876946
ERBB4	0.0076606157481412	0.0629655358382591	0.838740325993694	0.0629655358382591
AGO3	0.00795368861598851	-0.0575111560133216	0.838740325993694	-0.0575111560133216
AC026979.2	0.00806079905779439	0.21743102720245	0.838740325993694	0.21743102720245
BCL7B	0.00823520845600526	-0.203576198450659	0.838740325993694	-0.203576198450659
ERP44	0.00831859680269297	-0.0837530849240882	0.838740325993694	-0.0837530849240882
HCG18	0.00836739455042464	-0.0892797857252665	0.838740325993694	-0.0892797857252665
HOMER1	0.0084327410132154	-0.292536120072876	0.838740325993694	-0.292536120072876
ASIC1	0.00844771039893896	0.132341607564865	0.838740325993694	0.132341607564865
AC005532.1	0.00847006513081515	-0.196388880969428	0.838740325993694	-0.196388880969428
SLC7A11	0.00847175085672812	-0.294400075633458	0.838740325993694	-0.294400075633458
SPTY2D1OS	0.00854908623833645	0.19112214605144	0.838740325993694	0.19112214605144
RBM12	0.00859826074585686	-0.185938247302194	0.838740325993694	-0.185938247302194
AC092924.2	0.0086500077002541	0.103158746301493	0.838740325993694	0.103158746301493
USF3	0.00865748115102506	-0.0885796267007324	0.838740325993694	-0.0885796267007324
CDKN2D	0.00880024086322679	-0.310987376003306	0.838740325993694	-0.310987376003306
CROT	0.00894040648442584	0.15488005921456	0.838740325993694	0.15488005921456
SHROOM1	0.00897342323976427	0.0943301934130138	0.838740325993694	0.0943301934130138
GNPDA1	0.00912340882438564	0.140148431579751	0.838740325993694	0.140148431579751
OSBPL1A	0.00929062018651554	-0.0484871100526507	0.838740325993694	-0.0484871100526507
ZDHHC17	0.00936362366215168	0.0626881515254643	0.838740325993694	0.0626881515254643
LINC01222	0.00965554859188122	0.218052197239153	0.838740325993694	0.218052197239153
TRMT13	0.00972669275637795	0.0735566129850716	0.838740325993694	0.0735566129850716
FAM53B	0.00975847096749837	-0.0669437583802244	0.838740325993694	-0.0669437583802244
LINC00899	0.0100678193508868	0.181260069978471	0.838740325993694	0.181260069978471
EPCAM	0.0100865571475772	0.191688071381303	0.838740325993694	0.191688071381303
ST8SIA1	0.0101026910394166	-0.299564630665799	0.838740325993694	-0.299564630665799
RNF220	0.0101092394654027	-0.0380665759450416	0.838740325993694	-0.0380665759450416
UBE2O	0.0101966116887227	-0.0919020225087538	0.838740325993694	-0.0919020225087538
TXNDC11	0.0103135587395485	0.102723075469729	0.838740325993694	0.102723075469729
SAMMSON	0.010385342473117	-0.177861434035596	0.838740325993694	-0.177861434035596
CCDC115	0.0105053297539944	0.156839601001763	0.838740325993694	0.156839601001763
TTLL3	0.010526760753318	0.10347621264582	0.838740325993694	0.10347621264582
DENR	0.0105899740679132	0.100062657882483	0.838740325993694	0.100062657882483
ASH2L	0.0106244750700725	-0.114224498774471	0.838740325993694	-0.114224498774471
FANCC	0.0107122592943688	-0.10496528655583	0.838740325993694	-0.10496528655583
CHST1	0.0107263961036604	-0.264480060540883	0.838740325993694	-0.264480060540883
ZNF3	0.0107432855865722	0.104191822414121	0.838740325993694	0.104191822414121
HAUS1	0.0107969374467223	-0.180147101773231	0.838740325993694	-0.180147101773231
XYLT2	0.0108010061287458	0.186751950936481	0.838740325993694	0.186751950936481
GMPR2	0.0109318800805882	0.168443870932563	0.838740325993694	0.168443870932563
EVI2B	0.011024807963166	0.112531756218944	0.838740325993694	0.112531756218944
BRCC3	0.0111426855305914	0.109961833247531	0.838740325993694	0.109961833247531
NSMF	0.0113576561269975	-0.264028282616788	0.838740325993694	-0.264028282616788
TAF13	0.0114121847556486	0.170270517014795	0.838740325993694	0.170270517014795
CDV3	0.0114785237410791	-0.167022221096561	0.838740325993694	-0.167022221096561
PRKRA	0.0114980477107609	-0.112882542699976	0.838740325993694	-0.112882542699976
FBXL4	0.0115568675699507	0.0732886191060337	0.838740325993694	0.0732886191060337
ELOVL1	0.0116839397163866	0.125652696664347	0.838740325993694	0.125652696664347
RRP1	0.011817350641601	0.0947008863025508	0.838740325993694	0.0947008863025508
ZNF22	0.0119495602529673	-0.156933784179983	0.838740325993694	-0.156933784179983
SERPINB1	0.0119537977866719	0.153160601555635	0.838740325993694	0.153160601555635
DPY19L3	0.0119782961365881	-0.111228452639606	0.838740325993694	-0.111228452639606
METTL3	0.01205075072492	-0.11575452678466	0.838740325993694	-0.11575452678466
CIPC	0.0120627381381929	0.0888078383954114	0.838740325993694	0.0888078383954114
KCNB1	0.0122075119688053	-0.274089802477457	0.838740325993694	-0.274089802477457
ANKRD18B	0.0122246556512515	-0.261226217463288	0.838740325993694	-0.261226217463288
DNAJC27-AS1	0.0122414592536026	0.10188251511582	0.838740325993694	0.10188251511582
AC106793.1	0.0123925327635573	0.140875048216764	0.838740325993694	0.140875048216764
PYROXD1	0.0124525990261105	0.123348151890315	0.838740325993694	0.123348151890315
ACSL4	0.012516124836518	0.0703426491994946	0.838740325993694	0.0703426491994946
HSPB11	0.0125382112398191	0.128104411933842	0.838740325993694	0.128104411933842
FNTA	0.0125437124029241	0.0816173806407996	0.838740325993694	0.0816173806407996
ABL2	0.0125563292129898	0.0729957565539231	0.838740325993694	0.0729957565539231
MCMDC2	0.0126721159994835	0.197618179050763	0.838740325993694	0.197618179050763
NRBP2	0.0127539999649334	0.103301827771424	0.838740325993694	0.103301827771424
DNAJB4	0.0128908632010706	0.187975462620421	0.838740325993694	0.187975462620421
CAVIN4	0.0131223895455654	0.120283424037185	0.838740325993694	0.120283424037185
NPIPB2	0.0132216694420517	0.24845299168115	0.838740325993694	0.24845299168115
PHACTR4	0.0132439206874574	0.054630563611053	0.838740325993694	0.054630563611053
NXPH1	0.0132645520334522	0.253565231369287	0.838740325993694	0.253565231369287
TRIM59	0.0133180712880378	0.0762348422068695	0.838740325993694	0.0762348422068695
CPE	0.0133372381911543	-0.294882674676334	0.838740325993694	-0.294882674676334
CCDC174	0.0133604228800638	-0.105633263303607	0.838740325993694	-0.105633263303607
EXOSC9	0.0133956890829762	0.151962200960077	0.838740325993694	0.151962200960077
MT1E	0.0136773352367505	-0.262365105988373	0.838740325993694	-0.262365105988373
PANK4	0.0138082456302204	0.182155657043577	0.838740325993694	0.182155657043577
LINC00174	0.0138172531647717	0.0897982787055643	0.838740325993694	0.0897982787055643
ZFY	0.0138536624586175	0.167349385871234	0.838740325993694	0.167349385871234
SSX2IP	0.0138602779196595	-0.178742830601673	0.838740325993694	-0.178742830601673
PPHLN1	0.0138970203814569	-0.070468010151502	0.838740325993694	-0.070468010151502
TMOD2	0.0139122480797981	-0.0873852247141388	0.838740325993694	-0.0873852247141388
ZNF493	0.0139174181539653	0.0680975114366852	0.838740325993694	0.0680975114366852
NEDD4	0.0139489655261962	-0.157441432582181	0.838740325993694	-0.157441432582181
PLA2G12A	0.0143853949008453	0.102664176768486	0.86015017666898	0.102664176768486
KRIT1	0.014854092672857	0.0573626963678559	0.871098269836861	0.0573626963678559
SPRY2	0.0148899921363191	0.217438783567227	0.871098269836861	0.217438783567227
MAPT	0.0152084179550835	-0.0454426778418412	0.871098269836861	-0.0454426778418412
ZNF684	0.0153229154140914	0.155355139249373	0.871098269836861	0.155355139249373
NEXN	0.0153655278275468	0.198073390485116	0.871098269836861	0.198073390485116
AC016705.2	0.015389993544459	0.110744584172592	0.871098269836861	0.110744584172592
GPR173	0.0153982742637297	0.0711861240641316	0.871098269836861	0.0711861240641316
TRIM56	0.0154655264396003	-0.115062293745605	0.871098269836861	-0.115062293745605
TMEM38B	0.0156325573453547	-0.110183420090341	0.871098269836861	-0.110183420090341
SLIT2	0.0156981843188174	0.105351348410505	0.871098269836861	0.105351348410505
LIN9	0.0157017295722521	0.188690476965483	0.871098269836861	0.188690476965483
MRPS6	0.0157090866810934	-0.238644632406704	0.871098269836861	-0.238644632406704
GMPPA	0.0157102978216207	0.153491021085648	0.871098269836861	0.153491021085648
AC011447.3	0.0157628303239578	-0.151254197004668	0.871098269836861	-0.151254197004668
LAT	0.0157984569477286	-0.208140814669073	0.871098269836861	-0.208140814669073
LINC02814	0.0161663703753552	0.179798553865665	0.871098269836861	0.179798553865665
PLEKHH2	0.0162052976760993	-0.143227384853118	0.871098269836861	-0.143227384853118
TRIM4	0.0162293838212648	-0.0964337026995456	0.871098269836861	-0.0964337026995456
AC023632.2	0.0162807327311801	-0.16284571783926	0.871098269836861	-0.16284571783926
CHIC1	0.0165771577720574	-0.0687550040457119	0.871098269836861	-0.0687550040457119
MTHFSD	0.0166574145325603	-0.187423681180711	0.871098269836861	-0.187423681180711
FOPNL	0.0166658695068169	0.107812471688659	0.871098269836861	0.107812471688659
CDC42SE1	0.0166891563879437	0.105027556459997	0.871098269836861	0.105027556459997
ANKRD52	0.0166994233571164	-0.114852318832834	0.871098269836861	-0.114852318832834
LMF1	0.0167442288218609	-0.0839571374573216	0.871098269836861	-0.0839571374573216
GNB5	0.0167652698491173	-0.236620410211662	0.871098269836861	-0.236620410211662
SNHG25	0.016765976229692	0.130588463324328	0.871098269836861	0.130588463324328
AC005562.1	0.0169458033198763	0.0918778512278389	0.876188081800176	0.0918778512278389
ZNF578	0.0170822698744083	0.174704823100396	0.876805095795054	0.174704823100396
RNF114	0.0171215794656794	0.0847213679296016	0.876805095795054	0.0847213679296016
ZNF277	0.0177099530016793	-0.0779093962946494	0.884788595828581	-0.0779093962946494
TP53INP1	0.0177457416477103	-0.157700874649809	0.884788595828581	-0.157700874649809
MPHOSPH6	0.0178909572784844	-0.145353488300206	0.884788595828581	-0.145353488300206
ATR	0.0179310058606989	0.0702043618360418	0.884788595828581	0.0702043618360418
MRPL10	0.018011018863734	0.189412695611142	0.884788595828581	0.189412695611142
OGDH	0.0180272464756594	-0.0735668525848352	0.884788595828581	-0.0735668525848352
SLC38A9	0.0181150951146937	0.0568928775688477	0.884788595828581	0.0568928775688477
LRRC39	0.0181480849781911	-0.253284494036628	0.884788595828581	-0.253284494036628
GLS	0.0182193228642943	-0.116748537171298	0.884788595828581	-0.116748537171298
C1QTNF4	0.0182437092105751	-0.271927056935919	0.884788595828581	-0.271927056935919
RFXAP	0.0183237794229014	0.113693486138364	0.884788595828581	0.113693486138364
ZC3H8	0.0184910379723466	-0.0891120077676491	0.884788595828581	-0.0891120077676491
AC005237.1	0.0185513248785685	-0.270864739991704	0.884788595828581	-0.270864739991704
PLS3	0.0185716948176632	0.0703863130335797	0.884788595828581	0.0703863130335797
ZNF777	0.0185933381978358	0.166896378289597	0.884788595828581	0.166896378289597
BCKDHB	0.018600152673216	-0.0585168580740401	0.884788595828581	-0.0585168580740401
USP3-AS1	0.018804931045464	-0.20730713317784	0.887952186571422	-0.20730713317784
ST8SIA5	0.0189147162263391	-0.199773665605966	0.887952186571422	-0.199773665605966
RNF213-AS1	0.0189512368842839	-0.229398909866106	0.887952186571422	-0.229398909866106
GJC2	0.0190765301116082	0.131079913821814	0.887952186571422	0.131079913821814
CMTM1	0.0190814727563699	-0.185416365591837	0.887952186571422	-0.185416365591837
TGFBR2	0.0192124451595628	0.179741315481647	0.890176625726407	0.179741315481647
CEP41	0.0194248385531598	-0.165324258836382	0.890815080303316	-0.165324258836382
ZSCAN30	0.0194741949021306	0.112286020635448	0.890815080303316	0.112286020635448
ACER3	0.019475915985329	-0.0492844862815172	0.890815080303316	-0.0492844862815172
ZNF692	0.0197425788940774	0.0787954945716265	0.899169454907704	0.0787954945716265
LINC00511	0.0198427501133404	-0.21556761455835	0.899902349419841	-0.21556761455835
MPI	0.0200164490862585	0.134920328552849	0.903949597342719	0.134920328552849
CNOT6	0.0201821900549016	0.0858101255427498	0.907604958645429	0.0858101255427498
ERBIN	0.0204114235818885	-0.0434754188429452	0.914073081995619	-0.0434754188429452
CEMIP2	0.0205176588547219	-0.131937091066664	0.915002094675368	-0.131937091066664
TBC1D10B	0.0206557098208104	0.10230198419914	0.916955829881951	0.10230198419914
TASOR2	0.0207328142419352	-0.0604665154229463	0.916955829881951	-0.0604665154229463
HDAC5	0.0208650786658639	0.059985070136218	0.919007971031855	0.059985070136218
RBM3	0.0211706217935975	-0.137819125594521	0.926860970233689	-0.137819125594521
OGG1	0.0212165689719942	-0.104459082468291	0.926860970233689	-0.104459082468291
OCRL	0.0214951382006763	-0.120203998681436	0.9277042568416	-0.120203998681436
TMC8	0.0215351390896595	-0.140324103850466	0.9277042568416	-0.140324103850466
SSBP3	0.0216454543157074	-0.0703330218713583	0.9277042568416	-0.0703330218713583
SMIM19	0.0217084974770479	0.122496286411156	0.9277042568416	0.122496286411156
MCF2L	0.0217557595741888	-0.117415702507729	0.9277042568416	-0.117415702507729
LIMD1	0.0218164179313387	-0.180721295693541	0.9277042568416	-0.180721295693541
SSR2	0.021873227418521	0.142035139023829	0.9277042568416	0.142035139023829
UGGT2	0.0220317040973983	0.0564454296743803	0.9277042568416	0.0564454296743803
SLC22A5	0.0220969276826112	0.189842628837353	0.9277042568416	0.189842628837353
METTL14	0.0222222557962226	0.0872891855434233	0.9277042568416	0.0872891855434233
POLRMT	0.0223255603282914	0.10421885576545	0.9277042568416	0.10421885576545
LINC00486	0.0223347213825716	0.135779554213009	0.9277042568416	0.135779554213009
OTUB1	0.022454629490538	0.125023261305333	0.9277042568416	0.125023261305333
PARP9	0.0225440721823201	-0.168126766424756	0.9277042568416	-0.168126766424756
EXOG	0.0225810690421324	-0.108189188652287	0.9277042568416	-0.108189188652287
REPS1	0.022622704945871	0.0825879221407955	0.9277042568416	0.0825879221407955
SETD3	0.0228224231034653	-0.0906842389453668	0.930796566764151	-0.0906842389453668
EIF1AY	0.0229431815073239	0.205037244028353	0.930796566764151	0.205037244028353
DUSP12	0.0229590108965464	0.144522322874868	0.930796566764151	0.144522322874868
LPIN1	0.0236690485490359	0.0703384961206394	0.949236746600227	0.0703384961206394
DECR1	0.0238843314598726	-0.104777495030108	0.949236746600227	-0.104777495030108
FGFR1OP	0.023971004309187	-0.131966036040795	0.949236746600227	-0.131966036040795
SYNM	0.024027221161239	0.152081728165294	0.949236746600227	0.152081728165294
LPIN2	0.0241764974798998	-0.135169552055663	0.949236746600227	-0.135169552055663
ZMYM2	0.0242602613661186	-0.0422445999890133	0.949236746600227	-0.0422445999890133
LINC00667	0.0243657541138879	-0.0678528944674582	0.949236746600227	-0.0678528944674582
RNF152	0.0244465566126517	0.145970381463126	0.949236746600227	0.145970381463126
SSH1	0.0245958537599702	-0.0936535908739933	0.949236746600227	-0.0936535908739933
RSBN1L	0.0246935882797213	-0.0574705823754314	0.949236746600227	-0.0574705823754314
USP53	0.024752704808621	-0.208214321538274	0.949236746600227	-0.208214321538274
TBK1	0.0247722670257262	-0.0729332040306366	0.949236746600227	-0.0729332040306366
IFT88	0.0250791714012529	0.0508924802409745	0.949236746600227	0.0508924802409745
C5orf22	0.0250940843630368	-0.130580435114193	0.949236746600227	-0.130580435114193
BRMS1L	0.0252820834557608	-0.100872349002733	0.949236746600227	-0.100872349002733
FNIP1	0.0256117922384301	-0.0389354891225864	0.949236746600227	-0.0389354891225864
PPP2R5C	0.0256932063999302	-0.0575229889074637	0.949236746600227	-0.0575229889074637
ANP32E	0.0257434191186638	-0.207711203865194	0.949236746600227	-0.207711203865194
MGAT3	0.025985766983464	0.0704214954843934	0.949236746600227	0.0704214954843934
HAGHL	0.026039633737413	0.16525376162746	0.949236746600227	0.16525376162746
METTL16	0.0260897004981366	-0.0683161144292898	0.949236746600227	-0.0683161144292898
NKX2-2	0.0261098004497547	0.0895450263912692	0.949236746600227	0.0895450263912692
SULT4A1	0.0261540610792221	-0.284935853765202	0.949236746600227	-0.284935853765202
ZKSCAN5	0.0262008161577592	-0.127134263542587	0.949236746600227	-0.127134263542587
SLC2A11	0.0262459643929416	0.106918429368618	0.949236746600227	0.106918429368618
ATP1A2	0.026256596485619	-0.260153118476076	0.949236746600227	-0.260153118476076
TMEM150C	0.0263082603210293	0.133175806437404	0.949236746600227	0.133175806437404
CFAP36	0.0266721283065575	-0.166354707046654	0.949236746600227	-0.166354707046654
FAM118B	0.026696352403317	-0.161289812198806	0.949236746600227	-0.161289812198806
SLC25A51	0.0267222387376866	-0.0947782276787067	0.949236746600227	-0.0947782276787067
SEPTIN9	0.0267432564831723	0.171085165686357	0.949236746600227	0.171085165686357
C22orf39	0.0267956534079851	-0.159349332616262	0.949236746600227	-0.159349332616262
KANTR	0.0268300643156228	-0.0575193812327785	0.949236746600227	-0.0575193812327785
SLC10A7	0.0268369238282547	0.0695685270975845	0.949236746600227	0.0695685270975845
ZNF793	0.026858648329517	0.0931666024542831	0.949236746600227	0.0931666024542831
ZNF570	0.0269691349191253	0.149149328167159	0.949236746600227	0.149149328167159
KCTD7	0.0270047705175632	-0.0878007673950898	0.949236746600227	-0.0878007673950898
SNRNP40	0.0270610480456152	0.0828736056117999	0.949236746600227	0.0828736056117999
NCKAP1	0.0271066093786495	0.0830062360990723	0.949236746600227	0.0830062360990723
AC007319.1	0.0271066979648369	0.223857982406843	0.949236746600227	0.223857982406843
Z93930.2	0.0271270246535636	0.099566394687362	0.949236746600227	0.099566394687362
NELL1	0.0273089890373131	-0.279947230596458	0.949236746600227	-0.279947230596458
ZNF583	0.0273827930701502	0.109560768223589	0.949236746600227	0.109560768223589
ANO10	0.0274282970223018	-0.0757842228782863	0.949236746600227	-0.0757842228782863
CAV2	0.0275460236286897	-0.217895354912996	0.949236746600227	-0.217895354912996
CROCC	0.0276470341739493	0.0769569437693312	0.949236746600227	0.0769569437693312
AL122035.1	0.0276741105488798	-0.0933847269530853	0.949236746600227	-0.0933847269530853
ZSWIM9	0.0277430356288245	0.101107071286283	0.949236746600227	0.101107071286283
EVL	0.0277890120143688	-0.093237729789698	0.949236746600227	-0.093237729789698
TSHZ1	0.0278853434595329	-0.14034252368999	0.949236746600227	-0.14034252368999
MCM5	0.02797855716234	0.173353931037973	0.949236746600227	0.173353931037973
LINC01619	0.0281392972453694	0.197241045573702	0.949236746600227	0.197241045573702
DHX37	0.0282967275030984	-0.129003654597426	0.949236746600227	-0.129003654597426
DIP2B	0.0285130009432224	-0.0388590270365412	0.949236746600227	-0.0388590270365412
SCO1	0.0286230055695108	-0.121721023724612	0.949236746600227	-0.121721023724612
TCF7L2	0.0286741718153798	-0.0842405281863073	0.949236746600227	-0.0842405281863073
GHDC	0.0290293678428049	-0.152003288027721	0.949236746600227	-0.152003288027721
BOK	0.0293853610094407	0.0801005954302211	0.949236746600227	0.0801005954302211
ATG101	0.0295036657079567	0.208087596268967	0.949236746600227	0.208087596268967
IFT81	0.0296164166492085	0.124842065177698	0.949236746600227	0.124842065177698
AL096803.2	0.0296436038296275	0.0696393426415025	0.949236746600227	0.0696393426415025
THAP4	0.0297172064706466	0.101444933687808	0.949236746600227	0.101444933687808
PLAC8L1	0.029749663777392	0.1611920758499	0.949236746600227	0.1611920758499
ZNF71	0.0297626236442251	0.14494251879188	0.949236746600227	0.14494251879188
AC073389.2	0.0299472374289391	0.175303564163032	0.949236746600227	0.175303564163032
CAAP1	0.0300065406694368	0.0931820736217484	0.949236746600227	0.0931820736217484
FOXJ3	0.0300282917664653	-0.0440988062319269	0.949236746600227	-0.0440988062319269
GPD2	0.0300750496909289	0.0933376859233195	0.949236746600227	0.0933376859233195
CDC42EP1	0.0301034369309696	0.0815974204649074	0.949236746600227	0.0815974204649074
GKAP1	0.0301710978858865	0.0618525349769662	0.949236746600227	0.0618525349769662
GNG10	0.0305177018869661	0.127102035127232	0.949236746600227	0.127102035127232
IPO8	0.0305502944552405	0.0749938327427168	0.949236746600227	0.0749938327427168
NDUFAF3	0.0306279296153317	0.186518188906911	0.949236746600227	0.186518188906911
TRMT61B	0.0307369968727135	0.0795460483445366	0.949236746600227	0.0795460483445366
ZNF429	0.0307485104756062	0.0846087219894029	0.949236746600227	0.0846087219894029
ZNF44	0.0307583196812702	0.073589325715393	0.949236746600227	0.073589325715393
STS	0.0310887205605546	-0.150744779637405	0.949236746600227	-0.150744779637405
ACTR10	0.0314358804607616	0.066513719368067	0.949236746600227	0.066513719368067
ZNF781	0.0315495125698577	0.164052600456809	0.949236746600227	0.164052600456809
ZNF524	0.0316379502199565	0.159740102931933	0.949236746600227	0.159740102931933
TRAF6	0.0316392507916065	-0.101983850680724	0.949236746600227	-0.101983850680724
IQCE	0.0317691883074023	0.15800733798305	0.949236746600227	0.15800733798305
GLRX5	0.0318031440438019	-0.20796258932202	0.949236746600227	-0.20796258932202
LRPPRC	0.0318914161834541	0.0616801272456209	0.949236746600227	0.0616801272456209
FRG1-DT	0.0320196969206667	-0.128717240878391	0.949236746600227	-0.128717240878391
GABPB1	0.0320755870233695	-0.102920451542479	0.949236746600227	-0.102920451542479
THAP9-AS1	0.0322560985654595	0.166667792663627	0.949236746600227	0.166667792663627
WDR89	0.0324283963884487	0.109375567386198	0.949236746600227	0.109375567386198
CNTN1	0.0325313591344176	0.188879108616767	0.949236746600227	0.188879108616767
CAMKMT	0.0325373950883404	-0.0487418448998851	0.949236746600227	-0.0487418448998851
MAP7	0.0325771707024592	-0.0299977572821452	0.949236746600227	-0.0299977572821452
EYA3	0.0326033549147714	0.0531774335606764	0.949236746600227	0.0531774335606764
SCRN3	0.0327014794001859	0.120983328414217	0.949236746600227	0.120983328414217
ZNF580	0.0327396469798981	-0.150845043213714	0.949236746600227	-0.150845043213714
CBX3	0.0328765636362579	0.0949740135676504	0.949236746600227	0.0949740135676504
HAPLN2	0.0329046681416901	-0.0652117914820341	0.949236746600227	-0.0652117914820341
ZC3H6	0.0330207301020317	0.0624395268011873	0.949236746600227	0.0624395268011873
CUL2	0.0330853216745137	-0.0900590076443769	0.949236746600227	-0.0900590076443769
RNF13	0.0331085245924889	-0.0466746329217425	0.949236746600227	-0.0466746329217425
AC092068.3	0.0333154573566949	-0.172021037658466	0.949236746600227	-0.172021037658466
SYNGAP1	0.033327099617464	-0.244514961855378	0.949236746600227	-0.244514961855378
EXOSC7	0.0336073034101866	0.105644380671842	0.949236746600227	0.105644380671842
PLCL2	0.0336617613041699	0.147010393574372	0.949236746600227	0.147010393574372
C8orf37-AS1	0.0337007167130117	-0.145943446724844	0.949236746600227	-0.145943446724844
STX1B	0.033761800268636	-0.231127737016418	0.949236746600227	-0.231127737016418
ZNF551	0.0339108421880882	0.114050205277427	0.949236746600227	0.114050205277427
RBBP5	0.0341215489253928	0.0923553920727671	0.949236746600227	0.0923553920727671
LEO1	0.0341399651629235	-0.116021556224638	0.949236746600227	-0.116021556224638
DYNC1I1	0.0342668119363678	-0.0638684054635256	0.949236746600227	-0.0638684054635256
HTRA1	0.0343176572187579	-0.0462590997766735	0.949236746600227	-0.0462590997766735
NUFIP1	0.0343372140432584	0.126442529947024	0.949236746600227	0.126442529947024
HDAC11	0.0344797364590338	0.0664156105195759	0.949236746600227	0.0664156105195759
TUBB	0.0347111455516449	-0.199405889498185	0.949236746600227	-0.199405889498185
BNIP3L	0.0348783800367346	-0.0557931759542463	0.949236746600227	-0.0557931759542463
ST7	0.0349137756126265	-0.181865356220219	0.949236746600227	-0.181865356220219
ECI2	0.0350066042429342	-0.0995043125125782	0.949236746600227	-0.0995043125125782
IAH1	0.0350644126805035	-0.100783521200046	0.949236746600227	-0.100783521200046
DGKA	0.0353772105710072	-0.184659150256691	0.949236746600227	-0.184659150256691
EXOSC1	0.0354926318445726	-0.0854418001141944	0.949236746600227	-0.0854418001141944
XPO4	0.0356804149270102	0.0575780425412335	0.949236746600227	0.0575780425412335
AL357153.2	0.0357040686282079	-0.115553971579755	0.949236746600227	-0.115553971579755
POLR3GL	0.0357308813665777	-0.13812047119592	0.949236746600227	-0.13812047119592
PECR	0.0358153290501485	0.121343827507665	0.949236746600227	0.121343827507665
KIAA1614	0.0358352663026088	0.164846344317566	0.949236746600227	0.164846344317566
SPATA5L1	0.0358673373543766	0.121854070095044	0.949236746600227	0.121854070095044
TARDBP	0.0360597132910897	0.0676365464024729	0.949236746600227	0.0676365464024729
STAU2	0.0360886489273773	0.0603406362622059	0.949236746600227	0.0603406362622059
KIF19	0.0360946782166519	-0.0960107900327163	0.949236746600227	-0.0960107900327163
MKRN1	0.0362016685133478	0.102162164718864	0.949236746600227	0.102162164718864
PIGU	0.0362043953242815	0.0580449575256021	0.949236746600227	0.0580449575256021
SZT2	0.0363413677822382	0.0832043643302646	0.949236746600227	0.0832043643302646
PCMT1	0.0363904370910749	-0.0828687221978107	0.949236746600227	-0.0828687221978107
MIA2	0.0364090608509595	0.0786291311128035	0.949236746600227	0.0786291311128035
ZNF708	0.0364369331802512	-0.0606382919977672	0.949236746600227	-0.0606382919977672
GPN2	0.0364843383734831	0.109036341350412	0.949236746600227	0.109036341350412
DVL1	0.0364983426192276	0.0910560724678745	0.949236746600227	0.0910560724678745
ATP1B3	0.0365556520922506	-0.104267096837265	0.949236746600227	-0.104267096837265
CRTC1	0.0365726606794516	-0.0727270961520393	0.949236746600227	-0.0727270961520393
GAS1	0.0366079796796476	0.164226767393763	0.949236746600227	0.164226767393763
CRPPA	0.0368542771074245	-0.10360428338221	0.949236746600227	-0.10360428338221
SOX9	0.0369323914566046	0.139872895328519	0.949236746600227	0.139872895328519
ZNF45	0.0369488970198966	-0.178137885012769	0.949236746600227	-0.178137885012769
GABBR1	0.0370118441986902	-0.141672595102185	0.949236746600227	-0.141672595102185
GOLGA1	0.0370258130356929	0.0777093121928609	0.949236746600227	0.0777093121928609
VPS8	0.0371062189035417	-0.0417774740461937	0.949236746600227	-0.0417774740461937
ANKRD11	0.0371193508952147	-0.0563350408828882	0.949236746600227	-0.0563350408828882
SMIM5	0.0371453225027595	0.124391161944336	0.949236746600227	0.124391161944336
SUPT6H	0.0371988305751745	-0.0713675641278451	0.949236746600227	-0.0713675641278451
STAT1	0.0373838814611417	-0.141116379323255	0.949236746600227	-0.141116379323255
ARSB	0.0374008477572132	-0.0680179664743704	0.949236746600227	-0.0680179664743704
ANGEL2	0.0375615081330403	-0.0726258564641315	0.949236746600227	-0.0726258564641315
LINC01310	0.0376530118530797	-0.217041525666631	0.949236746600227	-0.217041525666631
PIGF	0.037677456821557	0.0870751424378441	0.949236746600227	0.0870751424378441
ZNF33A	0.0376941221259699	-0.0537420090829714	0.949236746600227	-0.0537420090829714
NTRK2	0.0379059358904846	0.0836369784869332	0.949236746600227	0.0836369784869332
DRAP1	0.0380414584914296	-0.154912318990768	0.949236746600227	-0.154912318990768
EIF4EBP2	0.038102507156348	-0.133850162751739	0.949236746600227	-0.133850162751739
FRG1	0.0381764633351736	0.103015854582761	0.949236746600227	0.103015854582761
RPS10-NUDT3	0.0384018847233	-0.136390857074487	0.949236746600227	-0.136390857074487
LRRC58	0.0384573272027476	-0.0685841983106115	0.949236746600227	-0.0685841983106115
NMNAT1	0.0385528282003434	0.108543338057005	0.949236746600227	0.108543338057005
LINC01992	0.0386244443877317	-0.154468253280363	0.949236746600227	-0.154468253280363
LYPLA2	0.0386602633461483	-0.149605806717452	0.949236746600227	-0.149605806717452
FARS2	0.0387294811798573	-0.0590172211296885	0.949236746600227	-0.0590172211296885
CFLAR	0.038769212558584	-0.0571986180641828	0.949236746600227	-0.0571986180641828
FMO5	0.038862653562864	-0.15554749115588	0.949236746600227	-0.15554749115588
SLBP	0.0388895838191091	-0.113102924537994	0.949236746600227	-0.113102924537994
NCOA1	0.0389324472485822	-0.0371361964859355	0.949236746600227	-0.0371361964859355
AC008629.1	0.0389986788329966	0.0892609544448749	0.949236746600227	0.0892609544448749
CDC42BPA	0.0391037838072364	-0.0283649878639587	0.949236746600227	-0.0283649878639587
PDIA6	0.0391363631632005	0.122443094686907	0.949236746600227	0.122443094686907
UBE2B	0.0393110012278548	-0.0562267476062253	0.949236746600227	-0.0562267476062253
UXS1	0.0393115662320885	0.12939379276874	0.949236746600227	0.12939379276874
RPS6KB1	0.0393522224157753	0.0582792777831789	0.949236746600227	0.0582792777831789
ADAMTSL3	0.0393800338614446	-0.0682939930676402	0.949236746600227	-0.0682939930676402
UTP23	0.0393861395879872	-0.0824561801816652	0.949236746600227	-0.0824561801816652
RABL2B	0.0395028566631786	0.104305819278117	0.949236746600227	0.104305819278117
CYP7B1	0.0395035032547507	0.0749619616026245	0.949236746600227	0.0749619616026245
C11orf65	0.0396058864318468	0.0994020745291346	0.949236746600227	0.0994020745291346
LINC00970	0.0399378636306381	-0.187982462609411	0.949236746600227	-0.187982462609411
C5orf15	0.0401934779187051	0.0963598247546477	0.949236746600227	0.0963598247546477
SRP72	0.0402620078913112	0.0788235451110261	0.949236746600227	0.0788235451110261
PRKAR2A	0.0402961101571172	0.0483490794415204	0.949236746600227	0.0483490794415204
KLHL12	0.04031328027767	0.0990399619261289	0.949236746600227	0.0990399619261289
AC007376.2	0.0403195032074792	-0.114085557936563	0.949236746600227	-0.114085557936563
ACP6	0.0404493080002257	0.125784577885338	0.949236746600227	0.125784577885338
SMCR5	0.0404613865852808	0.200333933828715	0.949236746600227	0.200333933828715
CSK	0.0405598487634196	0.10574435339441	0.949236746600227	0.10574435339441
PIP4P2	0.0407044044918332	0.0832298775977418	0.949236746600227	0.0832298775977418
GHITM	0.0407648925648477	-0.164932135954135	0.949236746600227	-0.164932135954135
DRG1	0.0408070511780028	-0.0733373386403333	0.949236746600227	-0.0733373386403333
NOL10	0.0408501374890978	0.0556195430069014	0.949236746600227	0.0556195430069014
KCNAB1	0.040879050307808	0.116634484491989	0.949236746600227	0.116634484491989
WDR61	0.0408941746669218	-0.0924196701679965	0.949236746600227	-0.0924196701679965
LLGL2	0.0410348186915463	0.0844641323521005	0.949236746600227	0.0844641323521005
SLC25A25-AS1	0.0410529110500925	-0.156778036607525	0.949236746600227	-0.156778036607525
CIB1	0.0410568250401067	0.151106163384529	0.949236746600227	0.151106163384529
ZNF582	0.0411913996490125	-0.146160660042274	0.949236746600227	-0.146160660042274
SWT1	0.0412159772771131	0.0614198841884864	0.949236746600227	0.0614198841884864
OGFRL1	0.0414443570922516	-0.211529272427764	0.949236746600227	-0.211529272427764
USP4	0.0415475163670389	0.0753639740752655	0.949236746600227	0.0753639740752655
ZNF211	0.0415551639080807	0.153133640040615	0.949236746600227	0.153133640040615
HS1BP3	0.0415617990680883	-0.0999458565411941	0.949236746600227	-0.0999458565411941
GUCD1	0.0416314624430829	0.14936880387295	0.949236746600227	0.14936880387295
PTPRO	0.0417425245413627	-0.240947467626466	0.949236746600227	-0.240947467626466
TNFAIP1	0.0417938327622579	0.126329004088733	0.949236746600227	0.126329004088733
LINC00665	0.0418265162308533	0.11159607579015	0.949236746600227	0.11159607579015
PPP1R35	0.0418611365407182	-0.227926651456243	0.949236746600227	-0.227926651456243
TSSC4	0.0421537411082702	0.119518575537471	0.953850932519695	0.119518575537471
MIGA2	0.0423896253037532	0.102167414225481	0.955281663049408	0.102167414225481
DISP1	0.0423954769642594	-0.133542465536204	0.955281663049408	-0.133542465536204
LMNA	0.0426506838678493	-0.0692766359369973	0.959013171087375	-0.0692766359369973
BX255925.3	0.0427583078950239	-0.117413450381827	0.959417545912875	-0.117413450381827
SLC1A3	0.0430134044143292	0.0597475057272485	0.961043160959224	0.0597475057272485
PLPPR2	0.0431040578943551	-0.157645590497148	0.961043160959224	-0.157645590497148
ZNF804A	0.0431101408252023	-0.249403147392074	0.961043160959224	-0.249403147392074
LINC00265	0.0431899243596549	0.15421868499014	0.961043160959224	0.15421868499014
AGGF1	0.043395343683335	0.0742960187683927	0.963610712536793	0.0742960187683927
MRPS11	0.0439052020700984	-0.0926769852405275	0.968887003016745	-0.0926769852405275
AL391684.1	0.0439276841894912	-0.128034692173662	0.968887003016745	-0.128034692173662
TUBA1C	0.0439441414411588	-0.199042999972993	0.968887003016745	-0.199042999972993
IRAK1BP1	0.0442826478720592	-0.098189403569071	0.968887003016745	-0.098189403569071
AL035587.1	0.0443757333538085	-0.155868000143386	0.968887003016745	-0.155868000143386
NCOA5	0.0443971254032612	0.071946238762917	0.968887003016745	0.071946238762917
PIP4K2C	0.0444399940697724	-0.164511892096545	0.968887003016745	-0.164511892096545
ISY1	0.0445208892205348	-0.116538192675161	0.968887003016745	-0.116538192675161
AL731769.2	0.0445313841653882	-0.181348339634045	0.968887003016745	-0.181348339634045
ARHGEF12	0.0445382047542033	-0.0975674265187135	0.968887003016745	-0.0975674265187135
PDP1	0.044735053009376	-0.239940129247411	0.971195278619374	-0.239940129247411
UBXN2A	0.0448827209074984	0.0506659899558907	0.971257681738046	0.0506659899558907
PHACTR3	0.0449593488070496	-0.0402766945276966	0.971257681738046	-0.0402766945276966
TENT4A	0.0452908609535847	-0.074176125989353	0.971257681738046	-0.074176125989353
AC106881.1	0.0454666971851087	-0.165131304276874	0.971257681738046	-0.165131304276874
THEMIS	0.0456417481994529	-0.147269669056349	0.971257681738046	-0.147269669056349
ELP2	0.0457516815826157	-0.0501746933133886	0.971257681738046	-0.0501746933133886
OSBPL2	0.0457541976240482	0.085428060050536	0.971257681738046	0.085428060050536
AC053527.2	0.0458299388047202	0.0680781205628618	0.971257681738046	0.0680781205628618
SMCHD1	0.0459123785606493	0.0482569509212233	0.971257681738046	0.0482569509212233
LDAH	0.0459347873194734	0.101533778941968	0.971257681738046	0.101533778941968
MRPL37	0.0459795341715432	0.128029926650679	0.971257681738046	0.128029926650679
DNAJC13	0.04603030448466	-0.0652046848074264	0.971257681738046	-0.0652046848074264
FAM122B	0.0460677937999636	0.108019891808464	0.971257681738046	0.108019891808464
RHBDL3	0.0461072939428086	-0.141721105218427	0.971257681738046	-0.141721105218427
TARBP1	0.0461870830598194	0.106596591086502	0.971257681738046	0.106596591086502
SYNE2	0.0461898682616711	-0.127700704417077	0.971257681738046	-0.127700704417077
ZNF821	0.0464363153617127	-0.102946523491795	0.972943015460549	-0.102946523491795
ANKS1B	0.0464518248061609	0.0305061822350337	0.972943015460549	0.0305061822350337
ROR1	0.0466202258357648	0.0888610528310581	0.973764218224956	0.0888610528310581
FGFR1OP2	0.0467122901342226	0.0618699249952836	0.973764218224956	0.0618699249952836
POLR2H	0.0467663004476353	0.119183089618881	0.973764218224956	0.119183089618881
AC090945.1	0.0469096898221948	0.0828199932024763	0.973764218224956	0.0828199932024763
BTF3	0.0469459344673528	0.137235858501871	0.973764218224956	0.137235858501871
ACAT1	0.0472011832696336	0.080513416539989	0.974091428877961	0.080513416539989
GLRX3	0.0472266418011309	0.0742467701468681	0.974091428877961	0.0742467701468681
SLCO1A2	0.0472783968150476	0.0386236025084073	0.974091428877961	0.0386236025084073
MBD2	0.047557818836039	-0.0684804117210308	0.974091428877961	-0.0684804117210308
CPNE3	0.047651099563506	0.0855060476582011	0.974091428877961	0.0855060476582011
SHC4	0.0478328355022987	0.0664665764403231	0.974091428877961	0.0664665764403231
CHAF1A	0.0478455257673362	0.139986432124332	0.974091428877961	0.139986432124332
DCAF11	0.0479578904719026	-0.0998327519664361	0.974091428877961	-0.0998327519664361
XPR1	0.0480701201788963	-0.0810148547577627	0.974091428877961	-0.0810148547577627
DEXI	0.0480732957936155	0.193210758821898	0.974091428877961	0.193210758821898
AC110285.1	0.0481327423973209	-0.0664368490222795	0.974091428877961	-0.0664368490222795
FAM182B	0.048446433759782	0.119264683813788	0.974091428877961	0.119264683813788
MED29	0.0484974876499215	-0.103530497368163	0.974091428877961	-0.103530497368163
ZNF587B	0.0485262106473534	0.0968727987506893	0.974091428877961	0.0968727987506893
ZNF790-AS1	0.048556921445819	0.121681258623343	0.974091428877961	0.121681258623343
NIM1K	0.0486596370464653	-0.0694910031389328	0.974091428877961	-0.0694910031389328
DMAP1	0.0486931880915853	0.104806571846103	0.974091428877961	0.104806571846103
FAM122C	0.04869693806078	-0.139718431997866	0.974091428877961	-0.139718431997866
ST7L	0.0488110706155882	-0.0579083826614633	0.974091428877961	-0.0579083826614633
AC092745.5	0.0488587876351253	-0.12391136992323	0.974091428877961	-0.12391136992323
PPP3CB	0.048997069281333	0.0844415328943267	0.974091428877961	0.0844415328943267
POU3F2	0.0490361351042139	-0.104404841588607	0.974091428877961	-0.104404841588607
ZNF891	0.0491407553109039	-0.0817305675107254	0.974091428877961	-0.0817305675107254
DDX58	0.049145975109231	-0.107581546232148	0.974091428877961	-0.107581546232148
PIAS4	0.0493569634051431	0.0697758584661658	0.974957150374131	0.0697758584661658
AHCTF1	0.0493831545041697	0.0721133835827072	0.974957150374131	0.0721133835827072
TMOD1	0.0496983191807067	-0.143055559093508	0.974957150374131	-0.143055559093508
KCTD8	0.0498348249605029	-0.058669871147505	0.974957150374131	-0.058669871147505
ACTR1B	0.0498927978372099	-0.0929080473245413	0.974957150374131	-0.0929080473245413
TRIM62	0.0500089930443023	-0.0655640642402379	0.974957150374131	-0.0655640642402379
AZIN2	0.0500713380339354	0.0725163988394369	0.974957150374131	0.0725163988394369
KIF1B	0.0500777019488641	-0.0291683844717795	0.974957150374131	-0.0291683844717795
PRCP	0.0500838497004778	0.149692274913919	0.974957150374131	0.149692274913919
KIAA0556	0.0501005729894209	-0.0681234825414136	0.974957150374131	-0.0681234825414136
AC092939.1	0.0502741772760136	0.110073496432473	0.975814019181699	0.110073496432473
CRIPAK	0.0504337064302965	0.100488109901031	0.975814019181699	0.100488109901031
TAFA4	0.0505295022123747	-0.0727237945829491	0.975814019181699	-0.0727237945829491
MITD1	0.0506631755028952	0.0732204679377167	0.975814019181699	0.0732204679377167
PHF6	0.0507123204101534	0.0759858319663109	0.975814019181699	0.0759858319663109
PFN2	0.050871102936761	-0.166065285956227	0.975814019181699	-0.166065285956227
PPP1R2	0.0510348387726639	0.107147102229036	0.975814019181699	0.107147102229036
TRIM41	0.0511079229951744	0.120363234100251	0.975814019181699	0.120363234100251
ARID1A	0.0511108278876129	0.0392774030838806	0.975814019181699	0.0392774030838806
XPO5	0.0511134297225579	-0.0903687168545144	0.975814019181699	-0.0903687168545144
BMT2	0.0511870966711004	-0.133276841269055	0.975814019181699	-0.133276841269055
WAC-AS1	0.051489716337695	0.0884970322179614	0.975814019181699	0.0884970322179614
OSBPL11	0.0514898919785226	-0.097454636817101	0.975814019181699	-0.097454636817101
AC099489.1	0.051498328936247	-0.126129177467623	0.975814019181699	-0.126129177467623
LINC01184	0.0515726108665052	0.0482235867660037	0.975814019181699	0.0482235867660037
AP1S1	0.0516164135242673	0.226557044511003	0.975814019181699	0.226557044511003
DPP6	0.0516945294661332	0.0723536587300512	0.975814019181699	0.0723536587300512
ZFHX2-AS1	0.0520507479604666	-0.0873858213272572	0.980496445072978	-0.0873858213272572
NOP9	0.0521515420916372	0.150964910834145	0.980496445072978	0.150964910834145
TAB3	0.0522187416262211	0.0986298227620187	0.980496445072978	0.0986298227620187
SRP9	0.0523501145387306	-0.109034756093153	0.980496445072978	-0.109034756093153
LINC00877	0.0524372011934879	0.0701503484622714	0.980496445072978	0.0701503484622714
BMP8A	0.0525143959583626	-0.171614656638242	0.980496445072978	-0.171614656638242
FAM98C	0.0526774377196907	0.110520026689327	0.980496445072978	0.110520026689327
PANK3	0.0527100875991977	0.0789490265020204	0.980496445072978	0.0789490265020204
DDX19B	0.0527670702010684	0.0826817656719711	0.980496445072978	0.0826817656719711
DRG2	0.0531450704765903	-0.0984708856702584	0.981620248583575	-0.0984708856702584
IDH3B	0.0531651640744676	0.128653654518746	0.981620248583575	0.128653654518746
WDR12	0.0534299030308544	0.120955442940416	0.981620248583575	0.120955442940416
BCLAF3	0.0539193915506971	0.0698088808521207	0.981620248583575	0.0698088808521207
GTPBP6	0.0539601571940239	0.0808021884892	0.981620248583575	0.0808021884892
PROX1	0.054027410760225	0.0507391165292486	0.981620248583575	0.0507391165292486
SIRT1	0.0540415485193332	-0.0670178679134294	0.981620248583575	-0.0670178679134294
PRUNE2	0.0541312529400656	-0.032089733805596	0.981620248583575	-0.032089733805596
AC127502.2	0.0541647719937269	0.130595045474767	0.981620248583575	0.130595045474767
SCOC-AS1	0.0542612055062861	0.141401409008813	0.981620248583575	0.141401409008813
L3MBTL4	0.0543600481494965	-0.0426851656802454	0.981620248583575	-0.0426851656802454
CEP85L	0.0543676179655782	-0.041488742351327	0.981620248583575	-0.041488742351327
WDR13	0.0544713745731323	-0.0871793924214709	0.981620248583575	-0.0871793924214709
SLC39A11	0.0545908456713891	-0.0480200176806048	0.981620248583575	-0.0480200176806048
AL158077.2	0.0546164762750114	0.0686526608557494	0.981620248583575	0.0686526608557494
RHOQ	0.0546194554934586	-0.0760551651752288	0.981620248583575	-0.0760551651752288
PPAT	0.0547144366575097	0.152651461449687	0.981620248583575	0.152651461449687
SUPT16H	0.0547633869315211	0.0768956004860762	0.981620248583575	0.0768956004860762
GPR137C	0.0547680385567539	-0.054796957548398	0.981620248583575	-0.054796957548398
ABCC5	0.0549495317608512	0.0589707481022769	0.981620248583575	0.0589707481022769
NAPA	0.0549707273362235	0.0664307808669524	0.981620248583575	0.0664307808669524
MARCH6	0.0550582160319474	-0.044302983566907	0.981620248583575	-0.044302983566907
COX20	0.055066928930053	-0.0805040334376603	0.981620248583575	-0.0805040334376603
AC068633.1	0.0550911525578486	-0.146122521968672	0.981620248583575	-0.146122521968672
CETN3	0.0552752725083053	0.108303178459423	0.981620248583575	0.108303178459423
TATDN3	0.0554908388709968	-0.0655414408726246	0.981620248583575	-0.0655414408726246
DNAJC16	0.0555273817166085	0.0684516083150699	0.981620248583575	0.0684516083150699
PCBP2	0.0556651857949425	-0.0463323652010473	0.981620248583575	-0.0463323652010473
GTF3C4	0.0556926009819533	-0.139730521968889	0.981620248583575	-0.139730521968889
GPATCH11	0.0558316490475274	-0.107354447193064	0.981620248583575	-0.107354447193064
TOX3	0.0558771671192735	-0.129182173722442	0.981620248583575	-0.129182173722442
LPXN	0.0559959141878238	0.0974898679746173	0.981620248583575	0.0974898679746173
HGS	0.056297143258553	-0.0792997055367764	0.981620248583575	-0.0792997055367764
FKBP1A	0.0563317367301774	-0.142138258359063	0.981620248583575	-0.142138258359063
PPP1R37	0.0563395322021679	-0.110202941710883	0.981620248583575	-0.110202941710883
FBL	0.056403732281854	0.143041077087058	0.981620248583575	0.143041077087058
SH3RF3	0.0564379558418778	-0.226701988365795	0.981620248583575	-0.226701988365795
GARS-DT	0.0564778999469547	0.0509994594875206	0.981620248583575	0.0509994594875206
IDNK	0.0565331219863878	0.11540006215879	0.981620248583575	0.11540006215879
TMEM250	0.0565658005226321	0.133154637028068	0.981620248583575	0.133154637028068
NSF	0.0565878439106854	-0.144797591722628	0.981620248583575	-0.144797591722628
ANKRD7	0.056957628930286	-0.160660685592018	0.985663233085133	-0.160660685592018
ANKFY1	0.0570050958871062	-0.0585058867046132	0.985663233085133	-0.0585058867046132
SKI	0.0571582846987313	-0.061938940217992	0.98636772973534	-0.061938940217992
SLC35F1	0.0572854280018769	-0.20279134581881	0.98636772973534	-0.20279134581881
ATP8A1	0.0574231642739687	0.0297330805342199	0.98636772973534	0.0297330805342199
AP2A1	0.0575799165823736	0.0672592922845148	0.98636772973534	0.0672592922845148
TANGO6	0.0577612726211296	0.0512776027756689	0.98636772973534	0.0512776027756689
ANGPTL2	0.0577654853761735	0.114446692544673	0.98636772973534	0.114446692544673
NAT9	0.0578986368944721	0.107652092394646	0.98636772973534	0.107652092394646
AGA	0.0580569605951661	0.100646626358489	0.98636772973534	0.100646626358489
LRIG3	0.0582259943669633	0.0813256130344729	0.98636772973534	0.0813256130344729
RAD23B	0.0582293302654169	-0.0628445936154325	0.98636772973534	-0.0628445936154325
AL162390.1	0.0584216635632093	0.141054304972095	0.98636772973534	0.141054304972095
PBX2	0.058494309082862	0.103890639594761	0.98636772973534	0.103890639594761
MIS18A	0.0590973102109014	0.145691878236312	0.98636772973534	0.145691878236312
CYTH3	0.0591104616195498	-0.124499888306166	0.98636772973534	-0.124499888306166
TAGLN	0.0591312662151075	0.0997331352391826	0.98636772973534	0.0997331352391826
NTM-AS1	0.0593594366643738	0.085481811159159	0.98636772973534	0.085481811159159
C19orf18	0.0594813313705167	-0.131944444988177	0.98636772973534	-0.131944444988177
TOMM5	0.0596704046460884	-0.199995073000923	0.98636772973534	-0.199995073000923
ATCAY	0.0596784024908682	-0.250032121390227	0.98636772973534	-0.250032121390227
ITGB5	0.05975732067558	-0.132275156516376	0.98636772973534	-0.132275156516376
PPP1R14A	0.059758241782519	0.0869398892858191	0.98636772973534	0.0869398892858191
TIMM10B	0.0597616743640509	0.13607859526728	0.98636772973534	0.13607859526728
SMARCD3	0.0597862842548722	-0.150307000245846	0.98636772973534	-0.150307000245846
PTPRS	0.0598159962448147	0.0382128783533379	0.98636772973534	0.0382128783533379
FAM126A	0.059857986849749	0.0575606308052368	0.98636772973534	0.0575606308052368
FAM219A	0.0598971486671855	0.0619154479340975	0.98636772973534	0.0619154479340975
TPD52L1	0.0599609121857371	-0.193423441612684	0.98636772973534	-0.193423441612684
AL513550.1	0.060356792019334	0.118747602792947	0.98636772973534	0.118747602792947
RPL7L1	0.0606069566563779	-0.107532847470958	0.98636772973534	-0.107532847470958
NDUFS8	0.060646862554716	-0.131913186903442	0.98636772973534	-0.131913186903442
FBXO4	0.0606923614212703	0.121661229324861	0.98636772973534	0.121661229324861
MYO5B	0.0607418194020501	-0.139760881074305	0.98636772973534	-0.139760881074305
GSKIP	0.0608154734280607	0.101311729363719	0.98636772973534	0.101311729363719
XKR6	0.0608900563628595	-0.158323477725322	0.98636772973534	-0.158323477725322
KNTC1	0.060994934896766	0.14026040577296	0.98636772973534	0.14026040577296
LINC00685	0.0611214077084074	0.0860382981429179	0.98636772973534	0.0860382981429179
IKBKB	0.0611225824035005	-0.060352386938576	0.98636772973534	-0.060352386938576
EBLN2	0.0611735734619743	0.125026241725716	0.98636772973534	0.125026241725716
SEC22A	0.0612080953638503	-0.0594480934514834	0.98636772973534	-0.0594480934514834
NUP160	0.0613023912495932	-0.0542265810028381	0.98636772973534	-0.0542265810028381
INO80C	0.061304896666025	0.143953046189691	0.98636772973534	0.143953046189691
TBC1D17	0.0614465071166936	-0.0600119295100183	0.98636772973534	-0.0600119295100183
MZT1	0.0615904640069775	-0.178662711797364	0.98636772973534	-0.178662711797364
SNRK	0.061718658474669	-0.112439083518528	0.98636772973534	-0.112439083518528
BAIAP2	0.0618408469050364	-0.215958643879355	0.98636772973534	-0.215958643879355
PI16	0.0620923813865707	0.107505156281002	0.98636772973534	0.107505156281002
KLHL2	0.0622824610375701	-0.0538195735903457	0.98636772973534	-0.0538195735903457
TULP3	0.0623348922045684	0.048680601250841	0.98636772973534	0.048680601250841
AC025682.1	0.0623550070514537	0.0748964131538985	0.98636772973534	0.0748964131538985
CPQ	0.0625467410521228	-0.0452050541916392	0.98636772973534	-0.0452050541916392
DCTN5	0.0625827983884703	-0.0845846082084209	0.98636772973534	-0.0845846082084209
ZNF337	0.0627386173004335	0.0773180979601209	0.98636772973534	0.0773180979601209
ABCF3	0.0629354351898529	-0.153961770693102	0.98636772973534	-0.153961770693102
SOX5	0.0631046864386367	0.183460108273164	0.98636772973534	0.183460108273164
STARD7-AS1	0.0631880398892392	-0.121937562910006	0.98636772973534	-0.121937562910006
CRB1	0.0632601311981197	0.06133934076438	0.98636772973534	0.06133934076438
KAZN	0.0634719085301417	-0.0524803730613392	0.98636772973534	-0.0524803730613392
PPP2R3B	0.0637110911275309	-0.0900933726598071	0.98636772973534	-0.0900933726598071
SDC3	0.0640999706156015	-0.21083186485018	0.98636772973534	-0.21083186485018
FUNDC2	0.0641818180591782	-0.132685483659375	0.98636772973534	-0.132685483659375
CREG2	0.0642807131480243	-0.133434753829415	0.98636772973534	-0.133434753829415
CTPS2	0.0643457342854888	-0.0755217263268874	0.98636772973534	-0.0755217263268874
PARK7	0.0647101543586854	-0.126708345877267	0.98636772973534	-0.126708345877267
LINC00844	0.0648502187229375	0.0782827519128953	0.98636772973534	0.0782827519128953
AC034102.5	0.0650279809772772	0.148327892706488	0.98636772973534	0.148327892706488
RAB11B	0.0651747282089702	0.0693980867198509	0.98636772973534	0.0693980867198509
GMEB1	0.0652167362363457	0.0946064603188029	0.98636772973534	0.0946064603188029
C6orf226	0.0652847347845587	0.171519931042828	0.98636772973534	0.171519931042828
PPIL3	0.0652854837558242	0.110081318102095	0.98636772973534	0.110081318102095
TSTD2	0.0653214252936932	-0.0865388022875928	0.98636772973534	-0.0865388022875928
LMAN2	0.0653911793105126	0.115984989071206	0.98636772973534	0.115984989071206
MTPN	0.0654229236439192	-0.117440890553317	0.98636772973534	-0.117440890553317
MBTPS1	0.065689138496653	0.0633743931279879	0.98636772973534	0.0633743931279879
RAB22A	0.06580101567428	0.0688099429239619	0.98636772973534	0.0688099429239619
FAM66C	0.0658592209378782	0.0776541893642892	0.98636772973534	0.0776541893642892
AAGAB	0.0658825754459921	-0.0972973233780208	0.98636772973534	-0.0972973233780208
PSMD4	0.0658944713148183	-0.0750666139922052	0.98636772973534	-0.0750666139922052
DOP1A	0.0659278754516192	0.0590693140841469	0.98636772973534	0.0590693140841469
MROH1	0.0659500760231579	-0.18629542978273	0.98636772973534	-0.18629542978273
BRAP	0.0660564527849075	0.0686265067137164	0.98636772973534	0.0686265067137164
MICU1	0.0661748869401017	0.0491822719510471	0.98636772973534	0.0491822719510471
POGZ	0.0663750646548605	0.0336959060619776	0.98636772973534	0.0336959060619776
ZSCAN9	0.0664920547693143	0.13286295918385	0.98636772973534	0.13286295918385
ATXN1L	0.0666060809484735	-0.131332595326669	0.98636772973534	-0.131332595326669
EXOC2	0.0666087211416151	-0.0482580298636364	0.98636772973534	-0.0482580298636364
TMEM140	0.0666182299625115	-0.106978443993545	0.98636772973534	-0.106978443993545
NAA20	0.06667995361287	0.107598367162975	0.98636772973534	0.107598367162975
CYTH2	0.0667143447785323	0.0915318144378498	0.98636772973534	0.0915318144378498
POLD4	0.0667145542958554	0.140490211781131	0.98636772973534	0.140490211781131
PARP11	0.0667307713606783	0.0945229148404527	0.98636772973534	0.0945229148404527
TMEM130	0.0667891491449616	-0.224007325002171	0.98636772973534	-0.224007325002171
FUT10	0.0669984293548295	0.100894794703511	0.98636772973534	0.100894794703511
DMWD	0.0670194446493228	-0.0908576275266087	0.98636772973534	-0.0908576275266087
CARS	0.067031596163424	-0.0710913060185413	0.98636772973534	-0.0710913060185413
AC010974.2	0.0670388895267065	-0.211217464583743	0.98636772973534	-0.211217464583743
POLI	0.0671359203338158	0.0745993357200441	0.98636772973534	0.0745993357200441
UFD1	0.0673411154902356	-0.0764717178147294	0.98636772973534	-0.0764717178147294
TYW5	0.0673616355341771	0.081335092645517	0.98636772973534	0.081335092645517
SPART	0.067458975456507	0.0488230699074034	0.98636772973534	0.0488230699074034
TM7SF2	0.0674735910172872	0.089480135874101	0.98636772973534	0.089480135874101
MT-ND2	0.067563742023957	0.0634301687757139	0.98636772973534	0.0634301687757139
C11orf54	0.067654882954125	0.0659834021212245	0.98636772973534	0.0659834021212245
MOB1B	0.0676556781288209	-0.165825649049266	0.98636772973534	-0.165825649049266
RSU1	0.0676603213349181	0.0580283881873425	0.98636772973534	0.0580283881873425
CEP95	0.0677695962784814	-0.0629553325195307	0.98636772973534	-0.0629553325195307
PAFAH1B2	0.0678523088189596	0.0497028020437071	0.98636772973534	0.0497028020437071
GPATCH4	0.067865609384885	-0.151403215544858	0.98636772973534	-0.151403215544858
LYG1	0.0679290569644877	-0.125254681745916	0.98636772973534	-0.125254681745916
AL603839.3	0.0681849038923467	0.0841926233673957	0.98636772973534	0.0841926233673957
SERGEF	0.0684133678729931	-0.0789405993096594	0.98636772973534	-0.0789405993096594
AASDH	0.0685265776665069	0.0691849854952195	0.98636772973534	0.0691849854952195
ACSL6	0.0685315403914411	-0.188402253148467	0.98636772973534	-0.188402253148467
KBTBD11	0.0685490449167752	-0.118759385642484	0.98636772973534	-0.118759385642484
NDOR1	0.068582575591183	-0.106354978151182	0.98636772973534	-0.106354978151182
NECAP1	0.0686426517089191	-0.114599938910063	0.98636772973534	-0.114599938910063
ARFGAP3	0.0687232137594525	-0.0567890952610758	0.98636772973534	-0.0567890952610758
AL645568.1	0.0687787980075857	0.0620134974664398	0.98636772973534	0.0620134974664398
NEIL2	0.0688399753151379	0.145203513719404	0.98636772973534	0.145203513719404
NCLN	0.0689212458662681	0.0857280503273245	0.98636772973534	0.0857280503273245
YES1	0.0689578572379187	0.0831734022181321	0.98636772973534	0.0831734022181321
AC104417.2	0.0689947994482022	0.144345690271853	0.98636772973534	0.144345690271853
TPRN	0.0690004684661155	0.0512039153363228	0.98636772973534	0.0512039153363228
TARS	0.0690744391399659	0.107891870214984	0.98636772973534	0.107891870214984
C9orf153	0.0691281404273841	-0.120509996099187	0.98636772973534	-0.120509996099187
AL117381.1	0.069277036742845	-0.240190413449027	0.98636772973534	-0.240190413449027
LINC02112	0.0692952291922401	-0.179209783070599	0.98636772973534	-0.179209783070599
ZNF18	0.0694204901855364	0.130151081542192	0.98636772973534	0.130151081542192
UBE2M	0.0694208146461428	0.152412359199387	0.98636772973534	0.152412359199387
RSL1D1	0.0694474573170791	0.105568036283128	0.98636772973534	0.105568036283128
TRAPPC5	0.0694732577706454	-0.173712202931625	0.98636772973534	-0.173712202931625
AC113383.1	0.0694855290841353	0.094265469397958	0.98636772973534	0.094265469397958
AC005225.3	0.0695740747348404	-0.11365511948952	0.98636772973534	-0.11365511948952
PSMB3	0.0696901743692571	-0.146367753351929	0.98636772973534	-0.146367753351929
AC019131.1	0.069691998807496	0.143133883385966	0.98636772973534	0.143133883385966
TMEM41A	0.0697916740657661	0.1349667684905	0.98636772973534	0.1349667684905
RPN1	0.0698856067866331	0.0862658484672034	0.98636772973534	0.0862658484672034
THBS2	0.0700911047699659	0.0951211400145437	0.98636772973534	0.0951211400145437
ANKRD13A	0.0701217810098415	0.0586392545973865	0.98636772973534	0.0586392545973865
HDAC3	0.0702128782520903	-0.080626019966674	0.98636772973534	-0.080626019966674
SLC66A2	0.0703092569118487	0.077925375015769	0.98636772973534	0.077925375015769
JAK2	0.0703239137729607	-0.082598250513952	0.98636772973534	-0.082598250513952
TM9SF1	0.070326958977919	0.124630987199433	0.98636772973534	0.124630987199433
TAF6L	0.0704333881748856	0.105411206519507	0.98636772973534	0.105411206519507
LSG1	0.0706205406084542	-0.0925260658832241	0.98636772973534	-0.0925260658832241
FOXN2	0.070692040914175	0.039159672767716	0.98636772973534	0.039159672767716
NIFK-AS1	0.0708058120198564	-0.0630654256435578	0.98636772973534	-0.0630654256435578
ATAD3B	0.0709045364153913	0.101321515797495	0.98636772973534	0.101321515797495
HAUS4	0.0709182968338763	0.122904989055114	0.98636772973534	0.122904989055114
SGO1-AS1	0.0710782083514132	0.0895694973759599	0.98636772973534	0.0895694973759599
ZBTB8OS	0.0712886689547652	0.050228490078547	0.98636772973534	0.050228490078547
KRR1	0.0713192260329733	-0.0896161794789949	0.98636772973534	-0.0896161794789949
ZNF627	0.0713392662998933	0.0881013694409031	0.98636772973534	0.0881013694409031
SLC25A32	0.071428587613577	0.0772596375222337	0.98636772973534	0.0772596375222337
SLC8A3	0.0715673527418481	0.178060751095128	0.98636772973534	0.178060751095128
RCOR1	0.0715703627735935	-0.0913094998412329	0.98636772973534	-0.0913094998412329
KIF9-AS1	0.0716564222126221	0.0640519036358166	0.98636772973534	0.0640519036358166
AK6	0.0717580792683608	0.108260097432362	0.98636772973534	0.108260097432362
BSDC1	0.0718186409574377	-0.0484004347774532	0.98636772973534	-0.0484004347774532
TSC22D3	0.0720195548984158	-0.045139700012592	0.98636772973534	-0.045139700012592
POFUT1	0.0720547430502871	-0.105891472554059	0.98636772973534	-0.105891472554059
RSBN1	0.0721346950711438	-0.067814723081408	0.98636772973534	-0.067814723081408
GOLPH3	0.0721492310563637	-0.0562961647942904	0.98636772973534	-0.0562961647942904
PTPN23	0.0721916788915907	0.0775255751413489	0.98636772973534	0.0775255751413489
AC051619.6	0.072230279411894	-0.123495340505323	0.98636772973534	-0.123495340505323
STARD3	0.0723953533702503	0.0673351864727319	0.98636772973534	0.0673351864727319
AP3S2	0.0724708330037293	0.0593499633525574	0.98636772973534	0.0593499633525574
IGF2R	0.0724904572044136	-0.0561991447242211	0.98636772973534	-0.0561991447242211
SNAPIN	0.0725283942167348	0.159915247749032	0.98636772973534	0.159915247749032
TSEN54	0.0730528049476151	0.0957707186913587	0.98743815414937	0.0957707186913587
KCNIP3	0.0731049159201429	-0.164625105718117	0.98743815414937	-0.164625105718117
PALM	0.0731206617371572	-0.180646377275237	0.98743815414937	-0.180646377275237
LZTS3	0.0731645575388218	-0.16891081305303	0.98743815414937	-0.16891081305303
AUH	0.0731980196677806	-0.0431247990564919	0.98743815414937	-0.0431247990564919
AC073343.2	0.0734052887269297	-0.128517987476139	0.98743815414937	-0.128517987476139
PNMA1	0.073550047329845	-0.204147068787876	0.98743815414937	-0.204147068787876
RPS28	0.0735859517044267	0.108027063987239	0.98743815414937	0.108027063987239
EIF2S1	0.0736586120257975	0.0740257035054967	0.98743815414937	0.0740257035054967
ZSWIM7	0.074184436125813	0.063026638227119	0.98743815414937	0.063026638227119
MRPL44	0.0741897913995207	0.119903804801939	0.98743815414937	0.119903804801939
DNAJC17	0.0742194825511068	-0.0665142884618821	0.98743815414937	-0.0665142884618821
PPP1R10	0.0745080931135092	-0.066014877075683	0.98743815414937	-0.066014877075683
CRK	0.0748938729577359	0.0603420596238845	0.98743815414937	0.0603420596238845
ERN1	0.0749307467478632	-0.132169347552768	0.98743815414937	-0.132169347552768
AKIRIN2	0.0750498579445832	0.109914214958848	0.98743815414937	0.109914214958848
TMEM223	0.0750690838685765	-0.141825768477569	0.98743815414937	-0.141825768477569
MTOR	0.0751039576683404	-0.0640161731669982	0.98743815414937	-0.0640161731669982
RPH3A	0.0752020040892711	-0.202759253410685	0.98743815414937	-0.202759253410685
SRPK2	0.075289448431954	-0.0261614515929336	0.98743815414937	-0.0261614515929336
PTRH2	0.0753822602680303	0.0752728571668757	0.98743815414937	0.0752728571668757
TBX6	0.0754151065878652	0.144260867609166	0.98743815414937	0.144260867609166
GRIK1	0.0756696509397106	0.169233936797611	0.98743815414937	0.169233936797611
DTNBP1	0.0758074587781134	-0.0836570641169289	0.98743815414937	-0.0836570641169289
LRP12	0.0760076914102886	-0.131874891226162	0.98743815414937	-0.131874891226162
ZXDC	0.0763096279515312	-0.0405575605942622	0.98743815414937	-0.0405575605942622
KCNH1	0.0763988368445774	0.0949290342750762	0.98743815414937	0.0949290342750762
ZNF213	0.0764386836693314	0.128062749873478	0.98743815414937	0.128062749873478
C14orf93	0.0764450447399388	-0.133088271816827	0.98743815414937	-0.133088271816827
LINC02693	0.0767515600751566	-0.163968991669208	0.98743815414937	-0.163968991669208
ATG14	0.0768236942969023	0.0651680776221651	0.98743815414937	0.0651680776221651
PDHB	0.0769353054167158	0.129379788970283	0.98743815414937	0.129379788970283
INO80D	0.077007061728295	-0.053689266686266	0.98743815414937	-0.053689266686266
LINC02482	0.077090237674459	0.102908803266922	0.98743815414937	0.102908803266922
ZNF699	0.0772002357090239	0.139200937622542	0.98743815414937	0.139200937622542
MFSD1	0.0772428546046914	-0.0901117077361986	0.98743815414937	-0.0901117077361986
ADAM15	0.0773293430358251	0.0838447811657227	0.98743815414937	0.0838447811657227
AC092650.1	0.0773621477665909	0.11962736432461	0.98743815414937	0.11962736432461
PALM2-AKAP2	0.0775318994204824	-0.0354018931356169	0.98743815414937	-0.0354018931356169
PCID2	0.0776160664575286	-0.054302821485152	0.98743815414937	-0.054302821485152
ATPSCKMT	0.0776182184409149	0.0851621850973889	0.98743815414937	0.0851621850973889
N6AMT1	0.07771488189598	0.0944552170148696	0.98743815414937	0.0944552170148696
TDRKH	0.0778218000797763	-0.129255384804427	0.98743815414937	-0.129255384804427
SASH1	0.0778518638540966	-0.0320965517570299	0.98743815414937	-0.0320965517570299
PGM2L1	0.0779149558857188	-0.198621432225663	0.98743815414937	-0.198621432225663
YOD1	0.077918588274968	0.105925045859204	0.98743815414937	0.105925045859204
SDCBP2-AS1	0.0779377565734124	0.0899643585589999	0.98743815414937	0.0899643585589999
HPS4	0.077944951563994	0.061981130306093	0.98743815414937	0.061981130306093
PCNX1	0.0781051504213735	-0.0415004356528261	0.98743815414937	-0.0415004356528261
RBSN	0.0781422272814739	0.0668948291392809	0.98743815414937	0.0668948291392809
DENND6A	0.078565889181089	0.0465757199033236	0.98743815414937	0.0465757199033236
MSANTD4	0.0785729255531888	0.078913979492107	0.98743815414937	0.078913979492107
NRG1	0.0785746466651577	-0.186571548908335	0.98743815414937	-0.186571548908335
ATP5MG	0.0786402897783237	-0.0838136228661064	0.98743815414937	-0.0838136228661064
AC008505.1	0.0787000199583867	0.111121821203931	0.98743815414937	0.111121821203931
ZNF639	0.0787771221454663	0.121804862641376	0.98743815414937	0.121804862641376
NUDT16	0.0788169727808403	-0.140289811996089	0.98743815414937	-0.140289811996089
BAG1	0.0788308752212025	0.119053097673095	0.98743815414937	0.119053097673095
TDP2	0.078900276509306	-0.0920599487885271	0.98743815414937	-0.0920599487885271
GAS2	0.0789861946612691	0.0874942768797269	0.98743815414937	0.0874942768797269
MFSD10	0.0791286579763446	0.0957879842166441	0.98743815414937	0.0957879842166441
AP3B2	0.0791875877722063	-0.172492362271781	0.98743815414937	-0.172492362271781
RPS3A	0.0793745725972794	-0.129288069403172	0.98743815414937	-0.129288069403172
TM9SF4	0.0793922929631152	0.0522907482888103	0.98743815414937	0.0522907482888103
DOT1L	0.0798103261183745	0.0767405177186195	0.98743815414937	0.0767405177186195
ZNF862	0.0800558203523951	0.0616453853868598	0.98743815414937	0.0616453853868598
WDR45	0.0803687636924129	0.0753515581251575	0.98743815414937	0.0753515581251575
MAST3	0.0804137550118133	-0.0517988922577846	0.98743815414937	-0.0517988922577846
FMNL3	0.0804416328244104	-0.0870043425321944	0.98743815414937	-0.0870043425321944
SUCLG2-AS1	0.0805499626536695	0.102459970250332	0.98743815414937	0.102459970250332
PSAT1	0.0806387972555869	0.0547685333056825	0.98743815414937	0.0547685333056825
WDR92	0.0807254302759077	0.0844634411320609	0.98743815414937	0.0844634411320609
ANP32A	0.0807658437454663	0.0496617539529154	0.98743815414937	0.0496617539529154
CENPP	0.0808197480621311	-0.0669437872286369	0.98743815414937	-0.0669437872286369
IFT74	0.0809014844266636	0.0687394556173068	0.98743815414937	0.0687394556173068
IFI16	0.0809865256361193	-0.0757054364344512	0.98743815414937	-0.0757054364344512
CD81	0.0810854267191061	-0.0903146519007677	0.98743815414937	-0.0903146519007677
B3GALNT2	0.0811164676188382	-0.0844918147070248	0.98743815414937	-0.0844918147070248
KCTD5	0.0811962089744757	0.112267569416952	0.98743815414937	0.112267569416952
DOCK4	0.0812090042674979	-0.0247704427536662	0.98743815414937	-0.0247704427536662
ELOVL5	0.081421557240031	0.0538377445467533	0.98743815414937	0.0538377445467533
C9orf85	0.081646684372511	0.0409133033665037	0.98743815414937	0.0409133033665037
RTL8C	0.0816915264263613	-0.132010772488372	0.98743815414937	-0.132010772488372
ZNF420	0.0816949692219096	-0.073886636100602	0.98743815414937	-0.073886636100602
NUDT6	0.0820182459665796	0.114598673466423	0.98743815414937	0.114598673466423
ZNF398	0.0820931242485026	-0.0533963830612024	0.98743815414937	-0.0533963830612024
CDH12	0.0821617051925024	0.195245453757614	0.98743815414937	0.195245453757614
DSE	0.0821715198250392	0.054281458989009	0.98743815414937	0.054281458989009
MCPH1-AS1	0.0822778025733406	0.0730759977710244	0.98743815414937	0.0730759977710244
EIF3I	0.0823313096766291	-0.165188831641466	0.98743815414937	-0.165188831641466
TMEM72-AS1	0.0823699172564317	0.108615315955714	0.98743815414937	0.108615315955714
AC004690.2	0.0824582134640937	0.0794933758229851	0.98743815414937	0.0794933758229851
ZNF146	0.0826274676289293	-0.0482088380556893	0.98743815414937	-0.0482088380556893
LARS	0.0827049971350421	0.0450418050576106	0.98743815414937	0.0450418050576106
MUC20	0.0827934581884667	-0.104533993372247	0.98743815414937	-0.104533993372247
VPS13B-DT	0.0828726110386655	-0.0695187426966393	0.98743815414937	-0.0695187426966393
PPFIBP2	0.0829464103173726	-0.0559830656195943	0.98743815414937	-0.0559830656195943
AL109811.2	0.0830204220141487	0.107670331382088	0.98743815414937	0.107670331382088
ATP6AP1L	0.0833755131686229	0.0602818665529126	0.98743815414937	0.0602818665529126
ZNF470	0.0834593664882902	-0.121345870157024	0.98743815414937	-0.121345870157024
DNAJA3	0.0835742388261891	0.0682546916167021	0.98743815414937	0.0682546916167021
FAM114A2	0.0835819222148755	0.128009464050668	0.98743815414937	0.128009464050668
ARL16	0.083690272003084	0.122324116550591	0.98743815414937	0.122324116550591
AC107214.1	0.0838503119940891	0.106999321872493	0.98743815414937	0.106999321872493
H2AFY	0.0839983021154748	0.0590748275151173	0.98743815414937	0.0590748275151173
RIC8B	0.0840346473589823	0.0593001503294327	0.98743815414937	0.0593001503294327
RDH14	0.0841146840242107	0.120475871230375	0.98743815414937	0.120475871230375
CHD7	0.0841158090543943	-0.0449123343599747	0.98743815414937	-0.0449123343599747
SMARCA2	0.0843746417083107	-0.0552717590848138	0.98743815414937	-0.0552717590848138
LITAF	0.0844188831564553	0.0506922535587243	0.98743815414937	0.0506922535587243
LRRTM2	0.084450620897438	-0.0991983367899063	0.98743815414937	-0.0991983367899063
EIF3E	0.084553848372214	0.0492681143920457	0.98743815414937	0.0492681143920457
BCL2L13	0.0845970548541342	0.0521661511968678	0.98743815414937	0.0521661511968678
PGP	0.0846283577575258	-0.0830907749197008	0.98743815414937	-0.0830907749197008
TIPIN	0.0846332111833299	0.0884473812066142	0.98743815414937	0.0884473812066142
ZNF418	0.0846458671107475	0.128668950770946	0.98743815414937	0.128668950770946
SLC8A1	0.0847737638030589	0.155028018065539	0.98743815414937	0.155028018065539
CDK2AP1	0.0848538613626128	0.0945495129466851	0.98743815414937	0.0945495129466851
AC064829.1	0.0848727418591947	0.121216770027369	0.98743815414937	0.121216770027369
PQBP1	0.084926698157759	-0.152271549939892	0.98743815414937	-0.152271549939892
ADD1	0.0849393945874686	-0.0392701275680745	0.98743815414937	-0.0392701275680745
PDCD4	0.0849513539832868	0.0576136064233693	0.98743815414937	0.0576136064233693
PNPLA2	0.0851597228999903	0.108056937228509	0.98743815414937	0.108056937228509
TRAPPC4	0.0851713754494788	0.128244824870032	0.98743815414937	0.128244824870032
STK40	0.08522342895091	-0.089519315840744	0.98743815414937	-0.089519315840744
SNRPG	0.085244076908737	0.105554893072962	0.98743815414937	0.105554893072962
GTF2H2C	0.0853467063298507	0.143787616407384	0.98743815414937	0.143787616407384
SREK1	0.0854222018359138	0.0521758874869321	0.98743815414937	0.0521758874869321
CLDND1	0.0855776833610976	0.0511624766208289	0.98743815414937	0.0511624766208289
DIPK1A	0.0856044990334168	-0.034591488120774	0.98743815414937	-0.034591488120774
UQCRH	0.0856126837805783	-0.130488809890789	0.98743815414937	-0.130488809890789
TUBGCP5	0.0856218616112502	0.0670992519309263	0.98743815414937	0.0670992519309263
ZNF611	0.0856658597853632	0.0577503652694573	0.98743815414937	0.0577503652694573
PJVK	0.0857601611347631	0.106321635240152	0.98743815414937	0.106321635240152
MORC4	0.0858661659807962	0.0909950732482629	0.98743815414937	0.0909950732482629
ZBED3-AS1	0.0859185068495754	0.0579913087391741	0.98743815414937	0.0579913087391741
EFCAB5	0.0859695558152218	0.0934219147010981	0.98743815414937	0.0934219147010981
AP5Z1	0.085998768048441	0.0734648204639233	0.98743815414937	0.0734648204639233
TTC17	0.0860505017876514	0.0300286391885605	0.98743815414937	0.0300286391885605
RLF	0.0861046737553181	-0.0500860757540426	0.98743815414937	-0.0500860757540426
ASMTL	0.086122413694051	0.117262819030336	0.98743815414937	0.117262819030336
GALNT2	0.086383904917718	-0.0580458919296507	0.98743815414937	-0.0580458919296507
XPA	0.0864343987821302	0.0470983400837418	0.98743815414937	0.0470983400837418
PITPNA	0.0867623065807841	0.097532037789176	0.98743815414937	0.097532037789176
UCHL5	0.0868464791861299	-0.0985018568170465	0.98743815414937	-0.0985018568170465
ANAPC2	0.0868777164875148	0.0940838452478192	0.98743815414937	0.0940838452478192
AC068308.1	0.0869575877203103	-0.143326505921042	0.98743815414937	-0.143326505921042
FAM204A	0.0871336274890677	0.0795564151270199	0.98743815414937	0.0795564151270199
NR1H2	0.0872171351599295	0.064461088602347	0.98743815414937	0.064461088602347
VPS53	0.08733595223078	-0.041999638076689	0.98743815414937	-0.041999638076689
CIRBP	0.0877866571263515	0.056682123846669	0.98743815414937	0.056682123846669
ATL3	0.0878018320904968	-0.0670261040251874	0.98743815414937	-0.0670261040251874
BICRAL	0.088049090456213	0.0383799840159192	0.98743815414937	0.0383799840159192
NAA60	0.0882838686370453	0.0848427957874134	0.98743815414937	0.0848427957874134
FAM13C	0.0884849614949629	0.0368643393253067	0.98743815414937	0.0368643393253067
KIF5B	0.0886969132857503	-0.0420051149820479	0.98743815414937	-0.0420051149820479
NUCKS1	0.0888324740221829	0.0306457989456221	0.98743815414937	0.0306457989456221
PIP4K2A	0.0888771568692819	-0.0241631192300855	0.98743815414937	-0.0241631192300855
SAT1	0.0890254911147871	-0.149642060755533	0.98743815414937	-0.149642060755533
AC124016.1	0.0890777326139243	0.129245131338896	0.98743815414937	0.129245131338896
SAMD8	0.0891285729773677	0.0561417239451767	0.98743815414937	0.0561417239451767
RNF138	0.08921097716573	-0.0667242389048276	0.98743815414937	-0.0667242389048276
ZBTB38	0.0893581871365934	-0.0398352921391935	0.98743815414937	-0.0398352921391935
ANAPC5	0.0894009607054363	0.0404733715738951	0.98743815414937	0.0404733715738951
TNPO2	0.0894552637877167	0.0536302184422659	0.98743815414937	0.0536302184422659
EIF3K	0.0894761074278023	0.0704959261873649	0.98743815414937	0.0704959261873649
DLG4	0.0895319590957669	-0.214548555465223	0.98743815414937	-0.214548555465223
ZNF234	0.0896666039159388	-0.0942648035391429	0.98743815414937	-0.0942648035391429
SALL1	0.0898741457827111	0.0806828281740913	0.98743815414937	0.0806828281740913
LSM14A	0.0898862371226356	0.0325100229142996	0.98743815414937	0.0325100229142996
PIK3CB	0.0900217205639355	-0.0459800779711789	0.98743815414937	-0.0459800779711789
MTMR1	0.0900839333891082	-0.0900898672828979	0.98743815414937	-0.0900898672828979
LENG8	0.0902406700151104	0.0565374418209261	0.98743815414937	0.0565374418209261
CNNM3	0.0902857603113273	0.0665646659357406	0.98743815414937	0.0665646659357406
TBXAS1	0.0903384103151881	-0.150203502263304	0.98743815414937	-0.150203502263304
IQCH-AS1	0.0903613190999185	-0.0994213718142086	0.98743815414937	-0.0994213718142086
TPM4	0.0904526783989476	0.0608157604437656	0.98743815414937	0.0608157604437656
KLHL23	0.0905844321659757	-0.0954396296706683	0.98743815414937	-0.0954396296706683
SRPK3	0.090824542801264	-0.0891008169456347	0.98743815414937	-0.0891008169456347
MT-ND3	0.0908523235292893	0.0701689234744298	0.98743815414937	0.0701689234744298
PER2	0.0909676592566372	-0.110870895033439	0.98743815414937	-0.110870895033439
GABPB2	0.0913102592367839	0.0588879699895166	0.98743815414937	0.0588879699895166
CELSR3	0.0913220231700571	-0.181572173407416	0.98743815414937	-0.181572173407416
RBMS2	0.0914259742891445	-0.0948071666339525	0.98743815414937	-0.0948071666339525
ATP7A	0.0914519957767051	0.131362190244792	0.98743815414937	0.131362190244792
EPHA3	0.09162399877547	0.115860134254041	0.98743815414937	0.115860134254041
AC090517.5	0.0916813641636344	0.0475013134352884	0.98743815414937	0.0475013134352884
LINC02193	0.0917132624224119	0.129907671272621	0.98743815414937	0.129907671272621
VPS26B	0.0917617226789138	-0.0760996663040683	0.98743815414937	-0.0760996663040683
TMEM170A	0.0921592945667068	0.0723914771475841	0.98743815414937	0.0723914771475841
ENDOG	0.0921853387560206	-0.17714388975829	0.98743815414937	-0.17714388975829
AL078590.2	0.0921945392107477	0.0635957327123087	0.98743815414937	0.0635957327123087
ANKRD39	0.0923878261122236	-0.104314796886499	0.98743815414937	-0.104314796886499
ZW10	0.0924412233584237	-0.100254185157688	0.98743815414937	-0.100254185157688
ZMPSTE24	0.0924589602195577	0.0722517897556388	0.98743815414937	0.0722517897556388
LIG3	0.0925111272274993	0.113181510034578	0.98743815414937	0.113181510034578
TMSB4X	0.0926054474263123	0.114117136377483	0.98743815414937	0.114117136377483
SDHAF4	0.0926911772654411	-0.132836422078481	0.98743815414937	-0.132836422078481
TSR1	0.0927374763573586	-0.117642569787296	0.98743815414937	-0.117642569787296
Z94721.1	0.0927703344819847	0.1016998007569	0.98743815414937	0.1016998007569
MED7	0.0929673166855213	-0.178099367429108	0.98743815414937	-0.178099367429108
FIG4	0.0931009057764307	0.0679449506657732	0.98743815414937	0.0679449506657732
GNA12	0.0931163245763494	0.0646887072545431	0.98743815414937	0.0646887072545431
XRN2	0.09331172176298	-0.049669494051931	0.98743815414937	-0.049669494051931
SEH1L	0.0933201457829517	-0.100579831134301	0.98743815414937	-0.100579831134301
RASSF2	0.093469268808112	-0.0485369808487199	0.98743815414937	-0.0485369808487199
BCLAF1	0.0935111593651487	-0.0411412682595052	0.98743815414937	-0.0411412682595052
AC004943.2	0.0935362892114755	-0.111072555133775	0.98743815414937	-0.111072555133775
DCAF16	0.0936201072221387	0.0796569139790931	0.98743815414937	0.0796569139790931
DRD4	0.0938781179467527	-0.184398838784152	0.98743815414937	-0.184398838784152
ZNF333	0.0939313299972907	0.0643849037262138	0.98743815414937	0.0643849037262138
SCARB2	0.0939955669144691	0.0377868898639578	0.98743815414937	0.0377868898639578
GRB10	0.094132932253097	-0.0413532239629742	0.98743815414937	-0.0413532239629742
MOB3A	0.0943438074154516	-0.0900628902444841	0.98743815414937	-0.0900628902444841
NSG2	0.0943979091532503	0.188011268346964	0.98743815414937	0.188011268346964
NUP50	0.0947090619702831	0.104317751428116	0.98743815414937	0.104317751428116
STYXL1	0.0947226086604093	0.0591284558331548	0.98743815414937	0.0591284558331548
UBE2L3	0.0947712032097386	-0.0472571353022819	0.98743815414937	-0.0472571353022819
GOT2	0.0947752887517906	0.0882335108952955	0.98743815414937	0.0882335108952955
GPANK1	0.0949561191692356	0.115937524785488	0.98743815414937	0.115937524785488
MRPL16	0.09495979874729	-0.13673816586121	0.98743815414937	-0.13673816586121
LINC01277	0.0949765482864763	-0.127273605982238	0.98743815414937	-0.127273605982238
AC046134.2	0.0950400238150415	0.0431305025608501	0.98743815414937	0.0431305025608501
PILRB	0.0951316401219596	0.0672527677128404	0.98743815414937	0.0672527677128404
WDR1	0.0951787580732519	-0.117251044507845	0.98743815414937	-0.117251044507845
RTCA	0.0952203062438327	-0.0891755545283436	0.98743815414937	-0.0891755545283436
VDAC2	0.0953450858658292	0.125884276623955	0.98743815414937	0.125884276623955
ZNF680	0.0954800227503676	-0.067727009415932	0.98743815414937	-0.067727009415932
ENOPH1	0.0955408897807262	0.0735390348661542	0.98743815414937	0.0735390348661542
PSME1	0.0956408848461526	-0.168250516228746	0.98743815414937	-0.168250516228746
BCAT2	0.0959394023399984	-0.0641344937022487	0.98743815414937	-0.0641344937022487
YIPF5	0.0959839103073637	-0.116169815431978	0.98743815414937	-0.116169815431978
TARS2	0.0960103178235696	0.0972304030430042	0.98743815414937	0.0972304030430042
DIRAS2	0.0960377087551399	-0.186433019844639	0.98743815414937	-0.186433019844639
SMIM26	0.0961522539043375	0.152396775970966	0.98743815414937	0.152396775970966
PXN-AS1	0.0962507620178808	0.0908115756803305	0.98743815414937	0.0908115756803305
ZNF608	0.09628368233373	-0.0416125989239222	0.98743815414937	-0.0416125989239222
ABHD18	0.0962956157745174	0.0553532039197735	0.98743815414937	0.0553532039197735
UCK2	0.096586512248331	-0.0913984767430586	0.98743815414937	-0.0913984767430586
RNF5	0.0969000010213932	-0.169792740142831	0.98743815414937	-0.169792740142831
IQCH	0.0970300851987302	0.136416167897106	0.98743815414937	0.136416167897106
PML	0.0973208718321969	-0.11974005085671	0.98743815414937	-0.11974005085671
FBXL2	0.0973385342786115	-0.154942327963408	0.98743815414937	-0.154942327963408
CTDSPL	0.0974480474275241	-0.104433637402897	0.98743815414937	-0.104433637402897
PMF1	0.0975562919721063	0.0697652585460715	0.98743815414937	0.0697652585460715
RPS6KB2	0.0976084919343945	0.0859175922662258	0.98743815414937	0.0859175922662258
ATMIN	0.0976741030805897	0.0712129120987956	0.98743815414937	0.0712129120987956
INTS13	0.0980454141600482	0.0848331008743672	0.98743815414937	0.0848331008743672
KIAA0100	0.0980758078545647	-0.0815206508929577	0.98743815414937	-0.0815206508929577
SLFN5	0.0980863253790567	0.148401995553842	0.98743815414937	0.148401995553842
CACNA1C	0.0981855271731413	-0.154685823220436	0.98743815414937	-0.154685823220436
ARL17A	0.0982170488140448	-0.0931151520610674	0.98743815414937	-0.0931151520610674
BRPF3	0.0984333465730122	-0.103504990454256	0.98743815414937	-0.103504990454256
ZNRF2	0.0984491444772998	-0.067090587707832	0.98743815414937	-0.067090587707832
NFIA	0.0984695432734094	-0.0267636195054336	0.98743815414937	-0.0267636195054336
AC009163.1	0.0985795193826572	0.219255117267306	0.98743815414937	0.219255117267306
PRAM1	0.098643999606703	-0.139547319635971	0.98743815414937	-0.139547319635971
CTNND1	0.0988400973214734	0.0450988244096927	0.98743815414937	0.0450988244096927
YPEL4	0.0989508355793915	0.0829093321585585	0.98743815414937	0.0829093321585585
LINC00539	0.0989513634266855	0.125544361882243	0.98743815414937	0.125544361882243
GYG1	0.0989911039267683	-0.124530631253185	0.98743815414937	-0.124530631253185
SEC13	0.099115248893888	-0.0820221921061421	0.98743815414937	-0.0820221921061421
AC093849.4	0.0991841662990143	0.0935258418683173	0.98743815414937	0.0935258418683173
NARF	0.0992178000027071	-0.0634207385851145	0.98743815414937	-0.0634207385851145
MCOLN1	0.0992333156523	-0.0784830124589688	0.98743815414937	-0.0784830124589688
GBA	0.0992715036053073	0.108105474914723	0.98743815414937	0.108105474914723
NMRAL1	0.0994717248563343	0.0666308730437243	0.98743815414937	0.0666308730437243
SLTM	0.0996730871854671	0.0371981226074957	0.98743815414937	0.0371981226074957
PSMD2	0.0997830914199078	0.103483226525225	0.98743815414937	0.103483226525225
USE1	0.0997916711301516	0.101243992111357	0.98743815414937	0.101243992111357
AGPS	0.100007774355014	-0.0534506078155768	0.98743815414937	-0.0534506078155768
HMGN3	0.100173205996881	-0.0564811847354817	0.98743815414937	-0.0564811847354817
NOSIP	0.100195173560958	0.0723370722728539	0.98743815414937	0.0723370722728539
SUMF2	0.100306294115936	0.0649981804495046	0.98743815414937	0.0649981804495046
AFG3L2	0.100420932557434	-0.082776807003068	0.98743815414937	-0.082776807003068
NDUFAF2	0.100422548565996	-0.0503200703989754	0.98743815414937	-0.0503200703989754
AC073342.1	0.100524447486718	0.0798344864174732	0.98743815414937	0.0798344864174732
NUDT3	0.100601147744384	-0.0920152936926401	0.98743815414937	-0.0920152936926401
APPL1	0.100657356076596	-0.0547928733296679	0.98743815414937	-0.0547928733296679
CTDSP2	0.100671273043813	0.0531608011822179	0.98743815414937	0.0531608011822179
TMEM184C	0.100681878995721	-0.0714754899118877	0.98743815414937	-0.0714754899118877
RPS17	0.100682457512851	0.134510250146859	0.98743815414937	0.134510250146859
DGLUCY	0.100725101384744	-0.055244046173208	0.98743815414937	-0.055244046173208
EIF4G2	0.100736950991568	-0.081969384900841	0.98743815414937	-0.081969384900841
URB2	0.100967487968686	-0.117111223382348	0.98743815414937	-0.117111223382348
TIMM50	0.100979163825106	0.115864933988324	0.98743815414937	0.115864933988324
SH3BGRL	0.101084356241796	-0.0698849809341485	0.98743815414937	-0.0698849809341485
BROX	0.101286819254671	-0.0772190596809194	0.98743815414937	-0.0772190596809194
ZNF395	0.101336180039313	-0.107212103158829	0.98743815414937	-0.107212103158829
ITM2C	0.101575879163034	-0.169899523644688	0.98743815414937	-0.169899523644688
KIAA2026	0.101641280224538	-0.0322548117525673	0.98743815414937	-0.0322548117525673
DET1	0.101769786353314	0.0892014206028568	0.98743815414937	0.0892014206028568
WDR41	0.1017989502099	-0.0550369298190376	0.98743815414937	-0.0550369298190376
COA5	0.101839493953753	0.0847497682123932	0.98743815414937	0.0847497682123932
STRAP	0.101860103801386	-0.10558684024732	0.98743815414937	-0.10558684024732
ABCB8	0.102199576377899	0.0829239020441042	0.98743815414937	0.0829239020441042
PLEKHB2	0.102227772145561	0.0779167568679026	0.98743815414937	0.0779167568679026
THAP2	0.102273811150108	0.0825746155611877	0.98743815414937	0.0825746155611877
STX2	0.102404690168613	-0.0828074122845046	0.98743815414937	-0.0828074122845046
AMDHD2	0.10263593067666	0.0914318245661803	0.98743815414937	0.0914318245661803
SGMS1	0.102829172009373	-0.0306859232649453	0.98743815414937	-0.0306859232649453
PHF3	0.102891083159359	-0.0406959614992027	0.98743815414937	-0.0406959614992027
RASSF8-AS1	0.102953927048895	0.0904581837454229	0.98743815414937	0.0904581837454229
NOMO2	0.103026832061787	0.136697998905612	0.98743815414937	0.136697998905612
TSG101	0.103134563297705	-0.0576670364565998	0.98743815414937	-0.0576670364565998
SF3A1	0.103289268006497	-0.127657650528253	0.98743815414937	-0.127657650528253
GRAMD1A	0.10339459502642	-0.069880060446904	0.98743815414937	-0.069880060446904
GNPNAT1	0.103501457413613	0.123962855311551	0.98743815414937	0.123962855311551
IQCJ-SCHIP1	0.103609872382747	-0.0843062783373315	0.98743815414937	-0.0843062783373315
JADE3	0.103631060978759	-0.0763081389723734	0.98743815414937	-0.0763081389723734
TPMT	0.10372895102078	0.113619881491382	0.98743815414937	0.113619881491382
LRP1B	0.104075489473754	0.0712268918710712	0.98743815414937	0.0712268918710712
GBF1	0.104092818347471	0.0396226997142399	0.98743815414937	0.0396226997142399
RBM33	0.104103582249111	-0.043898155910051	0.98743815414937	-0.043898155910051
SNX8	0.104175921257778	0.0848204050069623	0.98743815414937	0.0848204050069623
ZBTB8A	0.104199555288533	0.0654686431543021	0.98743815414937	0.0654686431543021
TIA1	0.104302874221862	0.0625664323375869	0.98743815414937	0.0625664323375869
CATSPERE	0.104326692265987	0.0755020007677644	0.98743815414937	0.0755020007677644
PPP3CA	0.104501040946895	0.0897822181134068	0.98743815414937	0.0897822181134068
VRK1	0.104521457914613	0.0721688438388465	0.98743815414937	0.0721688438388465
SH3BP5L	0.104634391100295	0.0912806113902641	0.98743815414937	0.0912806113902641
VPS13D	0.10500107796017	-0.0357885808988686	0.98743815414937	-0.0357885808988686
C7orf26	0.105089405158407	-0.0971936073152151	0.98743815414937	-0.0971936073152151
CD59	0.105141503790277	-0.1577498030642	0.98743815414937	-0.1577498030642
ATAT1	0.105153657898941	0.0779430853787381	0.98743815414937	0.0779430853787381
NPFF	0.105278273696472	-0.12783244568393	0.98743815414937	-0.12783244568393
NPTX2	0.105279068070049	-0.152517398226104	0.98743815414937	-0.152517398226104
TKT	0.105435589881463	0.0785735848877218	0.98743815414937	0.0785735848877218
WDR78	0.105452274562585	-0.0878607556671435	0.98743815414937	-0.0878607556671435
NT5C2	0.105556620545832	0.039555603435664	0.98743815414937	0.039555603435664
ASAP3	0.105578598880521	-0.107898929214266	0.98743815414937	-0.107898929214266
CSF1	0.105590960993808	0.0860850097765621	0.98743815414937	0.0860850097765621
NHLH2	0.105712166610688	0.129471560843394	0.98743815414937	0.129471560843394
TMUB2	0.105718755907609	0.0847571915689668	0.98743815414937	0.0847571915689668
SF3A2	0.105726182589638	-0.0916813409126427	0.98743815414937	-0.0916813409126427
RNF141	0.105977153177988	0.0613008937163553	0.98743815414937	0.0613008937163553
ZNF385D	0.106009675110819	0.163916602898698	0.98743815414937	0.163916602898698
TRIM27	0.106033251381351	-0.0731398904087878	0.98743815414937	-0.0731398904087878
AC093249.2	0.106127683940493	0.0993958985962507	0.98743815414937	0.0993958985962507
PSMG4	0.106247610159531	-0.0854895945779759	0.98743815414937	-0.0854895945779759
ZNF248	0.106293774857573	0.0480558053301432	0.98743815414937	0.0480558053301432
ANKS1A	0.106477637222015	-0.0420837332052949	0.98743815414937	-0.0420837332052949
CDK5RAP3	0.106594992912229	0.0680017469028324	0.98743815414937	0.0680017469028324
AC077690.1	0.106651888455194	0.0633187702697594	0.98743815414937	0.0633187702697594
AC138627.1	0.106724623052373	0.064598431339194	0.98743815414937	0.064598431339194
MAFK	0.10680759699706	-0.102822960391301	0.98743815414937	-0.102822960391301
ANO2	0.106809435513068	-0.119772446694223	0.98743815414937	-0.119772446694223
PPP1R12A	0.106983735130983	0.0530222808255449	0.98743815414937	0.0530222808255449
MTAP	0.106989015772993	-0.045270165429064	0.98743815414937	-0.045270165429064
TK2	0.107055801832459	0.0634809905498872	0.98743815414937	0.0634809905498872
AC107032.2	0.107103999114087	-0.123641823107898	0.98743815414937	-0.123641823107898
AL022341.2	0.107159978079286	-0.159556910472207	0.98743815414937	-0.159556910472207
BECN1	0.107190890342033	-0.0879563735471699	0.98743815414937	-0.0879563735471699
ZBTB44-DT	0.107226690682105	-0.117873812150704	0.98743815414937	-0.117873812150704
AC135050.3	0.107428096835558	0.0797158008230187	0.98743815414937	0.0797158008230187
TEPSIN	0.107842274395676	0.113574911005326	0.98743815414937	0.113574911005326
PGD	0.107907055674103	0.0870923443284544	0.98743815414937	0.0870923443284544
TCTEX1D2	0.108020540452232	-0.118622364776359	0.98743815414937	-0.118622364776359
LRMDA	0.108086672963802	-0.140410358068	0.98743815414937	-0.140410358068
RIN2	0.108304108653768	-0.0440878373505965	0.98743815414937	-0.0440878373505965
PWWP3B	0.108318569457867	0.130114299961351	0.98743815414937	0.130114299961351
LINC01089	0.108415482277986	0.0661586145933648	0.98743815414937	0.0661586145933648
TCEA1	0.10847715334018	-0.0550776416838415	0.98743815414937	-0.0550776416838415
NEPRO	0.108626121437421	0.0882687437310415	0.98743815414937	0.0882687437310415
MED31	0.108654382778356	0.134064846602408	0.98743815414937	0.134064846602408
PPP2R2A	0.108670246762649	-0.0328366298158256	0.98743815414937	-0.0328366298158256
CCS	0.108670639019387	0.0782308085139088	0.98743815414937	0.0782308085139088
EPHX1	0.108747081377818	0.0654096313398039	0.98743815414937	0.0654096313398039
AL035458.2	0.108794758207922	-0.0913849005994024	0.98743815414937	-0.0913849005994024
PCDH9-AS2	0.108819552116174	0.130674117385682	0.98743815414937	0.130674117385682
ADAM23	0.108970529649761	-0.152577298902231	0.98743815414937	-0.152577298902231
MAVS	0.109159628930056	0.0554210299606354	0.98743815414937	0.0554210299606354
ZNF335	0.109159707658575	-0.0821217803530325	0.98743815414937	-0.0821217803530325
MAP2K2	0.10917282071694	-0.0606934720866037	0.98743815414937	-0.0606934720866037
GLO1	0.109188996362322	-0.0725735483616924	0.98743815414937	-0.0725735483616924
NAA30	0.109302708751169	0.100825599663393	0.98743815414937	0.100825599663393
PRDM15	0.109423962718067	0.08149882936129	0.98743815414937	0.08149882936129
KLF13	0.109478132178128	-0.037098295305444	0.98743815414937	-0.037098295305444
CSGALNACT2	0.109812738740525	0.0509122239098297	0.98743815414937	0.0509122239098297
CSKMT	0.109873774622596	0.177118572532173	0.98743815414937	0.177118572532173
ELMO1	0.109891165469657	-0.0239926365783718	0.98743815414937	-0.0239926365783718
APAF1	0.110000772616882	-0.101093230228389	0.98743815414937	-0.101093230228389
SH3BP4	0.110046036219763	0.0482819860331361	0.98743815414937	0.0482819860331361
SYCP2	0.110218547247218	-0.152897121178636	0.98743815414937	-0.152897121178636
COPE	0.110415395106967	-0.0668009151890071	0.98743815414937	-0.0668009151890071
EVI5L	0.110572285857628	-0.0427017957053457	0.98743815414937	-0.0427017957053457
AC100786.1	0.110581687594322	0.125472587260294	0.98743815414937	0.125472587260294
KCTD2	0.11058407905855	0.0713080737401295	0.98743815414937	0.0713080737401295
GTF2H1	0.110831299571414	0.0602915287705448	0.98743815414937	0.0602915287705448
BIVM	0.110975279622973	0.0789403307508607	0.98743815414937	0.0789403307508607
TRIO	0.110978784149879	-0.0732526426304037	0.98743815414937	-0.0732526426304037
AC007220.1	0.111164691490853	-0.120920967458482	0.98743815414937	-0.120920967458482
STARD13	0.111328238654686	-0.0320641760598367	0.98743815414937	-0.0320641760598367
EEF1E1	0.111532459890633	0.0775917056512786	0.98743815414937	0.0775917056512786
THAP12	0.11162365230422	-0.0878572685040612	0.98743815414937	-0.0878572685040612
GOLGA7	0.111728315860444	0.0563470977392717	0.98743815414937	0.0563470977392717
IDE	0.111810212985966	0.0661392775494448	0.98743815414937	0.0661392775494448
KIAA0895L	0.111979521220444	0.0871363441711789	0.98743815414937	0.0871363441711789
SEMA6D	0.112038787943249	0.0469164048255186	0.98743815414937	0.0469164048255186
B3GAT1	0.112118842537512	-0.0351527927571818	0.98743815414937	-0.0351527927571818
CLK4	0.112187318050827	0.0582886780339726	0.98743815414937	0.0582886780339726
POU6F1	0.112255539031406	-0.0574141843137985	0.98743815414937	-0.0574141843137985
UHRF1BP1	0.112298212792076	-0.0821510386754339	0.98743815414937	-0.0821510386754339
ZNF260	0.112365662069233	0.0751844857155066	0.98743815414937	0.0751844857155066
LUCAT1	0.112370185751309	-0.139167240055063	0.98743815414937	-0.139167240055063
LINC02614	0.112414675292783	0.118181947251003	0.98743815414937	0.118181947251003
MAIP1	0.112459815623304	-0.0740730314293244	0.98743815414937	-0.0740730314293244
KIF20B	0.112617957152578	0.0980882160615881	0.98743815414937	0.0980882160615881
USP46	0.112625106350799	-0.140243346607358	0.98743815414937	-0.140243346607358
TPT1-AS1	0.112747309657684	0.0419845432236281	0.98743815414937	0.0419845432236281
HIP1R	0.112876929072348	-0.0413315095198874	0.98743815414937	-0.0413315095198874
FBXO8	0.113007757574844	0.0964083579526453	0.98743815414937	0.0964083579526453
BLOC1S1	0.113133930442799	0.102943716057591	0.98743815414937	0.102943716057591
CGN	0.113152004108058	-0.111080094059981	0.98743815414937	-0.111080094059981
AL391840.1	0.113169362053457	0.0916528116255573	0.98743815414937	0.0916528116255573
CHPT1	0.113230437924789	0.119203497463106	0.98743815414937	0.119203497463106
DPP10	0.113461569095232	0.153396818059512	0.98743815414937	0.153396818059512
LASP1	0.113498740497312	-0.118066267267123	0.98743815414937	-0.118066267267123
ELMO2	0.113505673405269	-0.066235278773417	0.98743815414937	-0.066235278773417
MIR4458HG	0.113569174524469	0.146176165838136	0.98743815414937	0.146176165838136
HSP90B1	0.113581059365036	0.0788968449273346	0.98743815414937	0.0788968449273346
CBR4	0.11365706632963	-0.0351293045521623	0.98743815414937	-0.0351293045521623
CHIC2	0.11379154650647	-0.0832889158944722	0.98743815414937	-0.0832889158944722
PTPA	0.113809597008816	0.0588357723065212	0.98743815414937	0.0588357723065212
FANCB	0.114043122234487	-0.0731188006121082	0.98743815414937	-0.0731188006121082
ZNF213-AS1	0.114320977568455	0.0872775830425888	0.98743815414937	0.0872775830425888
ITGA6	0.114406505400667	0.156488480778809	0.98743815414937	0.156488480778809
TYW1	0.114418483444809	0.0477027127194901	0.98743815414937	0.0477027127194901
NDRG3	0.114576276805873	-0.0664622029971079	0.98743815414937	-0.0664622029971079
HYI	0.11489443593793	0.0987961558430401	0.98743815414937	0.0987961558430401
AC132872.1	0.114972379541942	-0.118205882529657	0.98743815414937	-0.118205882529657
SHANK3	0.115030698266123	-0.0791964018598777	0.98743815414937	-0.0791964018598777
C3orf35	0.115062014454881	-0.102818388365698	0.98743815414937	-0.102818388365698
STK19	0.115089012818514	-0.117967033250951	0.98743815414937	-0.117967033250951
DGCR2	0.115141488712884	0.0551330214099665	0.98743815414937	0.0551330214099665
AL139383.1	0.115364129485389	0.0520762625769568	0.98743815414937	0.0520762625769568
SLC6A9	0.115369991941478	0.063702088587988	0.98743815414937	0.063702088587988
PIGB	0.115398384521341	-0.137184810523059	0.98743815414937	-0.137184810523059
CSNK1E	0.115431572610555	0.0405790838748476	0.98743815414937	0.0405790838748476
GEMIN5	0.115586187071628	-0.0693475962608801	0.98743815414937	-0.0693475962608801
ATP5MPL	0.115631894341588	-0.115946507105998	0.98743815414937	-0.115946507105998
CDK8	0.116005158206817	-0.0451521267524155	0.98743815414937	-0.0451521267524155
MINDY2	0.116035714518802	-0.0381435900394986	0.98743815414937	-0.0381435900394986
TBC1D23	0.116066226449409	0.050297574898674	0.98743815414937	0.050297574898674
AC087564.1	0.116078975303835	0.044844732402783	0.98743815414937	0.044844732402783
NACC2	0.116201605769488	-0.0532302546374914	0.98743815414937	-0.0532302546374914
AC025283.2	0.116281678337126	0.0740860452841973	0.98743815414937	0.0740860452841973
LSM14B	0.116467625078367	0.085109716220864	0.98743815414937	0.085109716220864
IFT20	0.116634566084481	0.0690419293481158	0.98743815414937	0.0690419293481158
PARP2	0.116662823234613	-0.118379298322708	0.98743815414937	-0.118379298322708
ZFP62	0.116811296273896	0.104292111111447	0.98743815414937	0.104292111111447
LLPH	0.116927133053693	0.089743018344476	0.98743815414937	0.089743018344476
NCOA3	0.116939790098504	-0.0676092651096748	0.98743815414937	-0.0676092651096748
VPS26C	0.117185147348389	-0.0600882797419827	0.98743815414937	-0.0600882797419827
HEXB	0.117207656441047	-0.0785787595212558	0.98743815414937	-0.0785787595212558
MED8	0.11724680165689	0.113468644105133	0.98743815414937	0.113468644105133
L3MBTL1	0.117514083134631	-0.0495622923303664	0.98743815414937	-0.0495622923303664
RHCE	0.11751763748	0.130401052888127	0.98743815414937	0.130401052888127
SMIM10L1	0.117705605339144	-0.128067111163745	0.98743815414937	-0.128067111163745
PIEZO1	0.1177927427666	-0.144454025518004	0.98743815414937	-0.144454025518004
MTERF4	0.117823360822033	-0.0529993718760529	0.98743815414937	-0.0529993718760529
PRICKLE2	0.11793232385264	-0.143498537023484	0.98743815414937	-0.143498537023484
CAHM	0.118052738788753	0.104829050860227	0.98743815414937	0.104829050860227
TRPM6	0.118211353150398	0.0721614654629859	0.98743815414937	0.0721614654629859
NFKBIA	0.118284259786222	-0.075217216526867	0.98743815414937	-0.075217216526867
FBXO32	0.118326619485384	-0.0540441528326522	0.98743815414937	-0.0540441528326522
DNAAF5	0.11838629065808	-0.0999052392052587	0.98743815414937	-0.0999052392052587
AP000721.2	0.118515333274885	0.0674580755023876	0.98743815414937	0.0674580755023876
LSMEM2	0.118596321326691	0.103738849071793	0.98743815414937	0.103738849071793
BCL7A	0.118668123816439	0.0519013006256832	0.98743815414937	0.0519013006256832
NACC1	0.118684620342599	0.0716605649636766	0.98743815414937	0.0716605649636766
PICK1	0.118687687423001	-0.0600023394374049	0.98743815414937	-0.0600023394374049
GALNT4	0.118738778670613	-0.149664921004586	0.98743815414937	-0.149664921004586
TMEM138	0.11882334998117	0.121997405464201	0.98743815414937	0.121997405464201
TRPC5	0.118898741873078	-0.144947662329146	0.98743815414937	-0.144947662329146
ZNF561	0.118920284059457	0.0922780345518172	0.98743815414937	0.0922780345518172
LAMTOR3	0.118949736366107	0.101376042785575	0.98743815414937	0.101376042785575
AL118516.1	0.119000597280866	-0.159214918610757	0.98743815414937	-0.159214918610757
PTPN9	0.119021790296269	-0.0927472519095244	0.98743815414937	-0.0927472519095244
C15orf40	0.119026957426513	-0.0793033720986625	0.98743815414937	-0.0793033720986625
GGNBP2	0.119083030125358	0.0426635364639378	0.98743815414937	0.0426635364639378
LINC01182	0.119120079159877	0.106867705452403	0.98743815414937	0.106867705452403
LIX1-AS1	0.11912793717039	0.0869230567027398	0.98743815414937	0.0869230567027398
PCNX2	0.119191281131274	0.100237641080326	0.98743815414937	0.100237641080326
PDXDC1	0.119343739818914	0.0574011257310373	0.98743815414937	0.0574011257310373
CENPV	0.119355964226011	0.109110066153868	0.98743815414937	0.109110066153868
SLC15A4	0.119485797166522	-0.0698073316548132	0.98743815414937	-0.0698073316548132
TST	0.119928932098238	0.0916543748136753	0.98743815414937	0.0916543748136753
SATB2	0.120014459400393	-0.147026663194007	0.98743815414937	-0.147026663194007
ZMYND8	0.120091655630088	-0.0324335088430829	0.98743815414937	-0.0324335088430829
LINC00663	0.120196065991208	0.0910737241504692	0.98743815414937	0.0910737241504692
TIMM13	0.120331697013534	0.110523185430503	0.98743815414937	0.110523185430503
TFCP2	0.120478229612771	0.039973109632663	0.98743815414937	0.039973109632663
PTPRK	0.120592529499316	0.0228023773047854	0.98743815414937	0.0228023773047854
JUN	0.120654163598565	-0.103191818001041	0.98743815414937	-0.103191818001041
TRAPPC3	0.120758973226512	0.096905994639215	0.98743815414937	0.096905994639215
ATF3	0.12081356174764	0.102453666683326	0.98743815414937	0.102453666683326
ZNF273	0.120919763415269	-0.149992019562904	0.98743815414937	-0.149992019562904
ATG12	0.121059754201998	0.0621951592695835	0.98743815414937	0.0621951592695835
RNF125	0.121131475963437	0.0547467643310853	0.98743815414937	0.0547467643310853
DUSP8	0.12118383564263	-0.089188747974225	0.98743815414937	-0.089188747974225
HELB	0.121276164626647	0.0990779262568223	0.98743815414937	0.0990779262568223
RPL9	0.121399925361067	-0.104213175901262	0.98743815414937	-0.104213175901262
ARHGEF11	0.121505614747355	-0.0475107155517469	0.98743815414937	-0.0475107155517469
IGSF11	0.121618882613111	-0.0355043840697614	0.98743815414937	-0.0355043840697614
MVP	0.121696933213676	-0.0729823528152505	0.98743815414937	-0.0729823528152505
ZCCHC10	0.121839840419719	0.0689166909843795	0.98743815414937	0.0689166909843795
CLCN6	0.121865366554721	-0.0587321261416886	0.98743815414937	-0.0587321261416886
PSD2	0.12187447713996	-0.112904670205156	0.98743815414937	-0.112904670205156
MTHFS	0.12187632272823	0.104757678360314	0.98743815414937	0.104757678360314
NRG2	0.122007294566755	0.0824205230002046	0.98743815414937	0.0824205230002046
CLTB	0.122114595697145	-0.114412103699217	0.98743815414937	-0.114412103699217
OLFM1	0.122379299959965	-0.176416044867112	0.98743815414937	-0.176416044867112
ACO1	0.122449660781014	-0.0662290017147288	0.98743815414937	-0.0662290017147288
STT3A	0.122460083143439	-0.0950686487811905	0.98743815414937	-0.0950686487811905
ACOT8	0.122542275378544	-0.0930202195633886	0.98743815414937	-0.0930202195633886
LINC01877	0.12256333574063	0.0743782319549933	0.98743815414937	0.0743782319549933
LYSMD3	0.122859724522387	-0.114705123002302	0.98743815414937	-0.114705123002302
LINC01608	0.122895463956008	0.0352193633135015	0.98743815414937	0.0352193633135015
TSC22D4	0.123095563691876	0.0659503679511386	0.98743815414937	0.0659503679511386
NUP98	0.123168276623048	-0.0461565707281438	0.98743815414937	-0.0461565707281438
RGN	0.123537554451567	-0.110750769192963	0.98743815414937	-0.110750769192963
AC082651.1	0.123582707661637	0.0690884134409843	0.98743815414937	0.0690884134409843
RBMXL1	0.123594805752812	-0.10103496775914	0.98743815414937	-0.10103496775914
RBM48	0.123665009974726	-0.0641967770735759	0.98743815414937	-0.0641967770735759
AC012494.1	0.123720627324293	0.0563632323417459	0.98743815414937	0.0563632323417459
NFRKB	0.123939426293688	0.0855139524135212	0.98743815414937	0.0855139524135212
CARF	0.123969815043698	0.0444181182374028	0.98743815414937	0.0444181182374028
ZC3H14	0.123997431318179	0.0413109701590542	0.98743815414937	0.0413109701590542
AP1M1	0.123999175033005	0.0744579304281322	0.98743815414937	0.0744579304281322
HS6ST1	0.124008510365154	-0.0718426019473577	0.98743815414937	-0.0718426019473577
TRADD	0.124160091509754	0.102096950546948	0.98743815414937	0.102096950546948
FARSB	0.124204168515582	-0.0623061260849866	0.98743815414937	-0.0623061260849866
COA6-AS1	0.124302739793128	0.138429827735509	0.98743815414937	0.138429827735509
ERCC1	0.124400224813226	0.0936625316754644	0.98743815414937	0.0936625316754644
SREK1IP1	0.124493144713912	-0.0730084229301463	0.98743815414937	-0.0730084229301463
ATXN3	0.12463690892478	-0.0378012822450222	0.98743815414937	-0.0378012822450222
DNASE1	0.124709167149449	0.0447033026727933	0.98743815414937	0.0447033026727933
ADD2	0.124866863078146	-0.193065517770745	0.98743815414937	-0.193065517770745
MAP3K14	0.125022848894763	-0.0988529399190598	0.98743815414937	-0.0988529399190598
RBM42	0.125137953209736	0.101911896396225	0.98743815414937	0.101911896396225
PCYT2	0.125188066287699	0.0891491007280828	0.98743815414937	0.0891491007280828
BAG6	0.125220326715071	0.076485145270295	0.98743815414937	0.076485145270295
EMC1-AS1	0.125232779403264	-0.0553704423991931	0.98743815414937	-0.0553704423991931
MKLN1	0.125369004225135	-0.0265277348690449	0.98743815414937	-0.0265277348690449
TTF1	0.125402730867043	-0.0665409653649877	0.98743815414937	-0.0665409653649877
METAP1D	0.125416397142661	0.0738499514726598	0.98743815414937	0.0738499514726598
ANKRD27	0.125632338075974	-0.0712198110809428	0.98743815414937	-0.0712198110809428
EXTL3	0.125753538834158	-0.0553745702755336	0.98743815414937	-0.0553745702755336
ADAMTS13	0.126001478944556	0.132405021396737	0.98743815414937	0.132405021396737
SECISBP2L	0.126008969586758	-0.0289479000051843	0.98743815414937	-0.0289479000051843
NFIB	0.126129372597176	-0.0356528762587963	0.98743815414937	-0.0356528762587963
ILDR2	0.126370372423037	-0.0886844112892988	0.98743815414937	-0.0886844112892988
AP3M1	0.126517002219974	-0.0851984382942185	0.98743815414937	-0.0851984382942185
ZBTB24	0.126542345632047	-0.106762275447792	0.98743815414937	-0.106762275447792
NMD3	0.1266116535475	0.103874310021026	0.98743815414937	0.103874310021026
ZFYVE19	0.126614518580054	0.0826644735051456	0.98743815414937	0.0826644735051456
DCUN1D1	0.126632132779402	0.0410477935196878	0.98743815414937	0.0410477935196878
KCNIP2	0.126662440542366	0.214876397069962	0.98743815414937	0.214876397069962
RNF130	0.126781841364349	-0.0259316558165882	0.98743815414937	-0.0259316558165882
PFDN4	0.126797898094597	0.112011752186149	0.98743815414937	0.112011752186149
RBX1	0.126913847167033	0.0519614946674756	0.98743815414937	0.0519614946674756
ZNF23	0.126921056905177	-0.0861088766867082	0.98743815414937	-0.0861088766867082
ADAM19	0.126926654016453	-0.0636883907050691	0.98743815414937	-0.0636883907050691
ARHGAP24	0.126970022127533	0.122663530926208	0.98743815414937	0.122663530926208
ZNF766	0.127001724364449	-0.0775431355927618	0.98743815414937	-0.0775431355927618
PI4K2B	0.127141304433721	-0.0615337344858589	0.98743815414937	-0.0615337344858589
TBC1D32	0.127185002586931	0.0412992248296873	0.98743815414937	0.0412992248296873
ULK3	0.127185775655942	-0.126824969299275	0.98743815414937	-0.126824969299275
KDM1B	0.12721136275957	0.0635716287175601	0.98743815414937	0.0635716287175601
STK10	0.127272428974349	0.0837522721543778	0.98743815414937	0.0837522721543778
ZNF43	0.127304797378819	-0.0700201007076443	0.98743815414937	-0.0700201007076443
INF2	0.127423267608149	0.0457533699873517	0.98743815414937	0.0457533699873517
EML3	0.127472080832538	-0.0872584560278849	0.98743815414937	-0.0872584560278849
PCDH1	0.127509351368586	0.106836166648726	0.98743815414937	0.106836166648726
AC017050.1	0.127600897512816	-0.0821023177466455	0.98743815414937	-0.0821023177466455
ANKRD13C	0.127708347813033	-0.0370003963424699	0.98743815414937	-0.0370003963424699
RANBP6	0.127708747727392	-0.103906759922377	0.98743815414937	-0.103906759922377
TSPAN14	0.127788046485553	-0.0732586141448995	0.98743815414937	-0.0732586141448995
TOGARAM1	0.127883953611812	0.0317777130607003	0.98743815414937	0.0317777130607003
DNAJC27	0.127892509150929	0.0612752299801487	0.98743815414937	0.0612752299801487
TOPORS	0.12793851310442	0.0770487506631249	0.98743815414937	0.0770487506631249
HPN	0.127952857259329	0.0612898545609125	0.98743815414937	0.0612898545609125
MRPL28	0.128101871114088	-0.126810887715828	0.98743815414937	-0.126810887715828
MANF	0.128109531933951	0.118460046309372	0.98743815414937	0.118460046309372
DYNC1H1	0.128364824550568	0.0389131476755496	0.98743815414937	0.0389131476755496
GREB1L	0.128500353671273	0.0500282846940691	0.98743815414937	0.0500282846940691
AC008438.1	0.128511315137876	0.0558093897410753	0.98743815414937	0.0558093897410753
RAB39B	0.128616010134219	-0.120804844986584	0.98743815414937	-0.120804844986584
AL355574.1	0.12866595522697	0.0878991600693079	0.98743815414937	0.0878991600693079
BABAM1	0.128691541987038	-0.0736236744771483	0.98743815414937	-0.0736236744771483
ZNF33B	0.128743629833153	0.10249536029989	0.98743815414937	0.10249536029989
TCF20	0.128770922061593	0.0330641971337963	0.98743815414937	0.0330641971337963
AC008571.2	0.128838179203336	0.0486478620437865	0.98743815414937	0.0486478620437865
CCDC191	0.128926213313987	0.0745812828453138	0.98743815414937	0.0745812828453138
TRIP12	0.129030068770554	0.0317047252156079	0.98743815414937	0.0317047252156079
IMMP1L	0.129179815991877	0.0536463374926134	0.98743815414937	0.0536463374926134
MTX2	0.129312237268413	-0.0466177362050004	0.98743815414937	-0.0466177362050004
TRIM37	0.129394574023146	0.0901499194776723	0.98743815414937	0.0901499194776723
UBAC1	0.129425570986738	-0.0819359051648299	0.98743815414937	-0.0819359051648299
USP15	0.129485726869267	-0.038518384067371	0.98743815414937	-0.038518384067371
CLK3	0.129553879265273	0.0682455852048552	0.98743815414937	0.0682455852048552
TCF12	0.129566754497573	-0.0222739675933341	0.98743815414937	-0.0222739675933341
ACAD10	0.12965389047836	0.0614855824486953	0.98743815414937	0.0614855824486953
EXOSC2	0.129721412659334	-0.112258179346131	0.98743815414937	-0.112258179346131
POLD2	0.129784945146785	-0.0799503974779651	0.98743815414937	-0.0799503974779651
UPK3BL1	0.129808961219582	0.111095518856243	0.98743815414937	0.111095518856243
EHD1	0.130211138862046	0.0763533401215902	0.98743815414937	0.0763533401215902
ZNF586	0.130270874035692	0.0525281492073853	0.98743815414937	0.0525281492073853
FAAP20	0.130405327549424	-0.0891676822525365	0.98743815414937	-0.0891676822525365
TYW1B	0.130520537205635	0.0483092305338738	0.98743815414937	0.0483092305338738
AC138409.3	0.130879220144706	0.102027206064566	0.98743815414937	0.102027206064566
SMARCAL1	0.130973630883165	0.0477187790802648	0.98743815414937	0.0477187790802648
GRIA2	0.131021724650032	0.0690334057657206	0.98743815414937	0.0690334057657206
BCL2L11	0.131084162882769	-0.101893328482945	0.98743815414937	-0.101893328482945
TPT1	0.131148102006217	0.0962117320626698	0.98743815414937	0.0962117320626698
CEP250	0.131155673636367	0.0720843157386897	0.98743815414937	0.0720843157386897
WASHC4	0.131190730945251	0.0435289748675597	0.98743815414937	0.0435289748675597
PAPOLA	0.131285637263938	-0.047979597735564	0.98743815414937	-0.047979597735564
FKBP5	0.131330982493891	-0.0598135421710857	0.98743815414937	-0.0598135421710857
SRSF1	0.131581318094799	0.0564772698546906	0.98743815414937	0.0564772698546906
CYFIP1	0.131811572115958	-0.0862485690650598	0.98743815414937	-0.0862485690650598
CRLF3	0.131839212149284	0.0715911089540312	0.98743815414937	0.0715911089540312
TBC1D20	0.131863052427919	0.0696388723571933	0.98743815414937	0.0696388723571933
GREM1	0.13187007077109	-0.0520352473879824	0.98743815414937	-0.0520352473879824
SUPT3H	0.131948558132239	-0.0394606192292745	0.98743815414937	-0.0394606192292745
PTOV1-AS1	0.132051567728016	0.117096537899098	0.98743815414937	0.117096537899098
GORASP2	0.132129199285204	0.0740084167257458	0.98743815414937	0.0740084167257458
NPTN	0.132166358853411	-0.0974667996800195	0.98743815414937	-0.0974667996800195
SSH2	0.132318229551979	-0.0265315159571524	0.98743815414937	-0.0265315159571524
AC016821.1	0.132468633331303	-0.058948637882351	0.98743815414937	-0.058948637882351
PDE8A	0.132475677189851	-0.0298619885038358	0.98743815414937	-0.0298619885038358
FPGT	0.132542554947588	-0.058596721090814	0.98743815414937	-0.058596721090814
ATXN7L3B	0.13268812255252	0.0721522686022469	0.98743815414937	0.0721522686022469
MARCH7	0.132740787021871	-0.0419082558231152	0.98743815414937	-0.0419082558231152
ARPC4	0.13279226000119	0.08040317859413	0.98743815414937	0.08040317859413
DMXL1	0.132811654105049	0.0349162288430767	0.98743815414937	0.0349162288430767
AC021127.1	0.133022606527883	-0.104717743648439	0.98743815414937	-0.104717743648439
ADSS	0.133116065215172	-0.0416867939529886	0.98743815414937	-0.0416867939529886
PRKCSH	0.133296350188815	0.0493826705323615	0.98743815414937	0.0493826705323615
RABGAP1L	0.133323111868941	-0.0280744313732113	0.98743815414937	-0.0280744313732113
NPHP3	0.133928044885489	0.0434780894038675	0.98743815414937	0.0434780894038675
COQ4	0.134058011565996	0.0718856836995344	0.98743815414937	0.0718856836995344
SLC12A9	0.134176137886377	0.053872682075299	0.98743815414937	0.053872682075299
POC5	0.13427067850502	0.0605638704945956	0.98743815414937	0.0605638704945956
MBLAC2	0.134307312744295	0.102786581572444	0.98743815414937	0.102786581572444
RGL2	0.13437327801329	0.0955324984738326	0.98743815414937	0.0955324984738326
BDKRB2	0.134548925162531	0.126570208976279	0.98743815414937	0.126570208976279
CHMP2B	0.134631116791607	0.0760289619633346	0.98743815414937	0.0760289619633346
DPY30	0.134667355026846	0.0674369451392963	0.98743815414937	0.0674369451392963
PIGG	0.134678897047613	0.0543826124922412	0.98743815414937	0.0543826124922412
PRIMPOL	0.134686268928524	0.0654436058240495	0.98743815414937	0.0654436058240495
SRSF8	0.13470273099063	-0.0949835485389995	0.98743815414937	-0.0949835485389995
LRRC23	0.134772250788476	-0.0628497210391246	0.98743815414937	-0.0628497210391246
DHRS1	0.134921885171658	0.0897006474622272	0.98743815414937	0.0897006474622272
CPSF3	0.13503817120037	-0.0698375344843112	0.98743815414937	-0.0698375344843112
NR3C1	0.135103724990171	-0.0305886994052379	0.98743815414937	-0.0305886994052379
PLD3	0.135302490697363	0.0519985351683921	0.98743815414937	0.0519985351683921
TRUB1	0.135412256781999	0.0918722233153778	0.98743815414937	0.0918722233153778
ULK4	0.135577967249883	0.0804874948435002	0.98743815414937	0.0804874948435002
NDST3	0.135592220456452	-0.160403268252129	0.98743815414937	-0.160403268252129
WIPI2	0.135643526491966	-0.0476114059404144	0.98743815414937	-0.0476114059404144
NAALADL2	0.135723650613871	0.0462305828874536	0.98743815414937	0.0462305828874536
DGCR6L	0.135880716579801	0.099723625619821	0.98743815414937	0.099723625619821
MOB4	0.135887043290812	0.0552747926539277	0.98743815414937	0.0552747926539277
NENF	0.135906807911341	0.068347779789712	0.98743815414937	0.068347779789712
TNR	0.136083044371347	-0.167722665834273	0.98743815414937	-0.167722665834273
TMEM218	0.136142100030569	0.121778597331954	0.98743815414937	0.121778597331954
SMC6	0.136176058208063	-0.0477355373205492	0.98743815414937	-0.0477355373205492
ZBTB44	0.136311289400033	-0.0327697747980061	0.98743815414937	-0.0327697747980061
RBM15	0.136585771389733	-0.103317073142073	0.98743815414937	-0.103317073142073
MRPL43	0.136617817993541	-0.087263237223262	0.98743815414937	-0.087263237223262
DIP2C	0.136692603490164	-0.0269125774489493	0.98743815414937	-0.0269125774489493
DEPTOR	0.136696353440965	0.0421110553014174	0.98743815414937	0.0421110553014174
UBE2K	0.136878062709678	0.0341418046728671	0.98743815414937	0.0341418046728671
WBP2NL	0.136965827550753	0.0789919909625892	0.98743815414937	0.0789919909625892
INSR	0.137065376232267	0.0333822696880586	0.98743815414937	0.0333822696880586
TTC23	0.137087229233726	0.0928387862121841	0.98743815414937	0.0928387862121841
KAT2A	0.137106566568117	0.0575031821675342	0.98743815414937	0.0575031821675342
ABHD10	0.137204210558017	0.0880625587359998	0.98743815414937	0.0880625587359998
NAGLU	0.137313953520453	-0.061135757978504	0.98743815414937	-0.061135757978504
CYP2U1	0.137359911029282	-0.110581773750126	0.98743815414937	-0.110581773750126
GCA	0.137454477906525	-0.0516494650925169	0.98743815414937	-0.0516494650925169
SARAF	0.13749939766432	0.0707437559624853	0.98743815414937	0.0707437559624853
OLA1	0.137528057645669	0.0399587252259009	0.98743815414937	0.0399587252259009
ZNF518A	0.137638035250146	0.0385954473096074	0.98743815414937	0.0385954473096074
MCL1	0.137645295940492	0.093331986744324	0.98743815414937	0.093331986744324
LINC01102	0.137730785458746	0.0759205243223862	0.98743815414937	0.0759205243223862
SUN1	0.137926694149028	0.0466506129350514	0.98743815414937	0.0466506129350514
CASC4	0.137946011798698	-0.0296350188568517	0.98743815414937	-0.0296350188568517
ZNF283	0.138002508296047	0.0792253438107392	0.98743815414937	0.0792253438107392
AC068025.1	0.138016429188443	0.0841611442507848	0.98743815414937	0.0841611442507848
RPL39	0.138026274714256	-0.124653164941093	0.98743815414937	-0.124653164941093
SNHG22	0.138389744522936	-0.0754527717651567	0.98743815414937	-0.0754527717651567
DHX57	0.138554890164714	0.0667694546022585	0.98743815414937	0.0667694546022585
ADGRF3	0.138704209986513	-0.132990059491887	0.98743815414937	-0.132990059491887
NUDT21	0.138782842687688	-0.0680553737480306	0.98743815414937	-0.0680553737480306
SAP30	0.138795693146475	0.107676333483833	0.98743815414937	0.107676333483833
SEPTIN8	0.138847877005227	-0.0391904158386041	0.98743815414937	-0.0391904158386041
MAP3K1	0.138980403956848	-0.0932614050512017	0.98743815414937	-0.0932614050512017
TMEM39B	0.139087739482807	0.069080961364907	0.98743815414937	0.069080961364907
C12orf66	0.139211488331812	0.0989927223538917	0.98743815414937	0.0989927223538917
TBL1XR1	0.139221292792167	-0.0290071114291302	0.98743815414937	-0.0290071114291302
KAT8	0.139243960258935	-0.0643948024892441	0.98743815414937	-0.0643948024892441
SRSF9	0.139307437310329	-0.0993181723294018	0.98743815414937	-0.0993181723294018
AL021368.2	0.139385788860066	0.0522901687648314	0.98743815414937	0.0522901687648314
LINC00463	0.139404634166531	-0.0766208399691169	0.98743815414937	-0.0766208399691169
MRPL21	0.139453428040668	-0.129786526883804	0.98743815414937	-0.129786526883804
SEC22B	0.139479576876277	-0.0768864682343773	0.98743815414937	-0.0768864682343773
LINC00894	0.139600287471127	0.0419112770466489	0.98743815414937	0.0419112770466489
LRPAP1	0.139891390569904	0.0929096897104077	0.98743815414937	0.0929096897104077
GRAMD1B	0.140001730600905	-0.166143995087775	0.98743815414937	-0.166143995087775
RCAN3	0.14003723965943	0.0658156370931332	0.98743815414937	0.0658156370931332
SLC9A8	0.140109510035252	0.0610718972061697	0.98743815414937	0.0610718972061697
VEZT	0.14011510656054	0.0417417386567324	0.98743815414937	0.0417417386567324
UCN	0.140193594335049	-0.0836798090733948	0.98743815414937	-0.0836798090733948
BUD23	0.140220812192327	-0.0688718998625725	0.98743815414937	-0.0688718998625725
PSMA3	0.140251054103189	-0.0892695082588966	0.98743815414937	-0.0892695082588966
LINC00342	0.140255459887101	0.0538593000576272	0.98743815414937	0.0538593000576272
TCTN3	0.14031811486968	0.078825955830066	0.98743815414937	0.078825955830066
IFIT5	0.140385171498336	-0.130459996730874	0.98743815414937	-0.130459996730874
DGKZ	0.140390525360223	-0.0889515298625427	0.98743815414937	-0.0889515298625427
AC027279.1	0.140461783206352	-0.0720827673474927	0.98743815414937	-0.0720827673474927
STAU1	0.140501668920768	0.0437305355097263	0.98743815414937	0.0437305355097263
LINC01299	0.14059994198521	0.0830150387526521	0.98743815414937	0.0830150387526521
DHFR2	0.14065535724046	0.0929988681914533	0.98743815414937	0.0929988681914533
CIAPIN1	0.14073049901834	-0.0725821577327774	0.98743815414937	-0.0725821577327774
MYO15B	0.140925382066099	0.0540307660558831	0.98743815414937	0.0540307660558831
ADAMTSL2	0.140980281083621	-0.130643971445268	0.98743815414937	-0.130643971445268
ATP11B	0.140997388667992	0.0383910886999406	0.98743815414937	0.0383910886999406
AC010884.1	0.141032039292715	0.106664889412473	0.98743815414937	0.106664889412473
HARBI1	0.141163733504078	0.0891833909957987	0.98743815414937	0.0891833909957987
TPRKB	0.141193242521493	0.101146483421271	0.98743815414937	0.101146483421271
ZNF589	0.14135063763289	-0.0612003420057124	0.98743815414937	-0.0612003420057124
ARHGAP21	0.141366111985816	-0.0221579129769702	0.98743815414937	-0.0221579129769702
MKKS	0.141393837008953	-0.114605779565005	0.98743815414937	-0.114605779565005
SMC3	0.141422352475608	-0.0500989901778536	0.98743815414937	-0.0500989901778536
RAB18	0.141423061619559	-0.0579829758364391	0.98743815414937	-0.0579829758364391
SATB1	0.141473728552964	-0.155518276219072	0.98743815414937	-0.155518276219072
C10orf88	0.141486664814104	-0.101832530354505	0.98743815414937	-0.101832530354505
STX12	0.141511440303771	-0.0440699709694251	0.98743815414937	-0.0440699709694251
FAM241A	0.141595516878291	0.0603479832565072	0.98743815414937	0.0603479832565072
SFXN2	0.141795676147909	-0.114329165872104	0.98743815414937	-0.114329165872104
MOGS	0.142118129473428	-0.0967445919116372	0.98743815414937	-0.0967445919116372
PPM1H	0.142218270669387	-0.031029304585556	0.98743815414937	-0.031029304585556
AKAP13	0.142313274479173	-0.159644772091258	0.98743815414937	-0.159644772091258
MEAK7	0.142331236534351	-0.113991758030066	0.98743815414937	-0.113991758030066
AGAP9	0.142377992555209	-0.0929109420799657	0.98743815414937	-0.0929109420799657
TANC2	0.142385210759026	-0.0440414050941417	0.98743815414937	-0.0440414050941417
FAM102A	0.142393975406062	-0.0364332335883837	0.98743815414937	-0.0364332335883837
TEX261	0.142401211462578	0.0731457460196227	0.98743815414937	0.0731457460196227
RTKN	0.142405820230552	-0.0407568745116629	0.98743815414937	-0.0407568745116629
TTYH3	0.14258902570359	-0.122474391389654	0.98743815414937	-0.122474391389654
TRAPPC12	0.142651161536256	-0.0425423061627361	0.98743815414937	-0.0425423061627361
KLC4	0.142782681983883	0.0550199388827193	0.98743815414937	0.0550199388827193
RPIA	0.142994117677493	0.0893903805377775	0.98743815414937	0.0893903805377775
CASP2	0.143036158572562	0.0824149599624359	0.98743815414937	0.0824149599624359
ING4	0.143106309890339	0.0603566696497898	0.98743815414937	0.0603566696497898
DUSP3	0.143125089906725	-0.0855678111385008	0.98743815414937	-0.0855678111385008
RNF10	0.143242465168958	-0.0402667211465589	0.98743815414937	-0.0402667211465589
RAB40B	0.143283737526662	0.0324986640295481	0.98743815414937	0.0324986640295481
EPB41L4A-AS1	0.143333391505479	-0.10935065693954	0.98743815414937	-0.10935065693954
ARV1	0.143684818519105	0.0821961017988067	0.98743815414937	0.0821961017988067
INTS3	0.143726872367738	0.0485329170837846	0.98743815414937	0.0485329170837846
GTF2IRD2B	0.143892939037724	0.0504664533081365	0.98743815414937	0.0504664533081365
AL158071.3	0.14410631356919	-0.100010745183872	0.98743815414937	-0.100010745183872
CAPN13	0.144139176945936	0.094543971753369	0.98743815414937	0.094543971753369
ZSWIM5	0.144171576231761	-0.0344873649654647	0.98743815414937	-0.0344873649654647
C2CD3	0.144240318987611	-0.0490562651468341	0.98743815414937	-0.0490562651468341
MACO1	0.144348395082102	0.03520378913098	0.98743815414937	0.03520378913098
TGFBR1	0.144764583400699	-0.102401046715061	0.98743815414937	-0.102401046715061
MRRF	0.144794723843306	0.0595212128215126	0.98743815414937	0.0595212128215126
AC100810.1	0.144969787890937	-0.142590911235946	0.98743815414937	-0.142590911235946
CBFB	0.145019225823848	0.0336069519358554	0.98743815414937	0.0336069519358554
AC010618.3	0.145037496522055	0.0607627766523249	0.98743815414937	0.0607627766523249
NAPEPLD	0.145115786395834	-0.0308275726870337	0.98743815414937	-0.0308275726870337
LINC01285	0.145152580788578	0.0626734503746273	0.98743815414937	0.0626734503746273
RBM23	0.145193305903473	-0.0620212034325301	0.98743815414937	-0.0620212034325301
ANAPC1	0.145422210263702	0.056684450376351	0.98743815414937	0.056684450376351
AC018362.1	0.145539339091951	-0.0932683860374186	0.98743815414937	-0.0932683860374186
MICOS10	0.145553552684355	0.138715957325676	0.98743815414937	0.138715957325676
AP001442.1	0.145560720568137	0.161904885703677	0.98743815414937	0.161904885703677
VPS11	0.145604279367874	0.0843113757871784	0.98743815414937	0.0843113757871784
ZNF823	0.145606377949248	0.0873239389642046	0.98743815414937	0.0873239389642046
PSMD10	0.145809037059607	0.110518225436141	0.98743815414937	0.110518225436141
TMEM87B	0.145818470965649	0.0783408323618036	0.98743815414937	0.0783408323618036
SPIN3	0.145926203089202	-0.0980760663740433	0.98743815414937	-0.0980760663740433
LMLN	0.145969966779737	0.125819351358218	0.98743815414937	0.125819351358218
CDKL1	0.146043367418247	-0.0586078091100355	0.98743815414937	-0.0586078091100355
EIF4H	0.146111142666671	-0.0684538485137369	0.98743815414937	-0.0684538485137369
BAIAP2L2	0.146183916173027	-0.112012111443742	0.98743815414937	-0.112012111443742
AC090015.1	0.14621354267342	0.0494424738975053	0.98743815414937	0.0494424738975053
MDGA2	0.146273511459311	0.107522367946426	0.98743815414937	0.107522367946426
GRK3	0.146410030627744	-0.0909493853151706	0.98743815414937	-0.0909493853151706
RNF25	0.146553517215761	-0.133965719828832	0.98743815414937	-0.133965719828832
ADIPOR2	0.146613281471599	-0.0283531166566606	0.98743815414937	-0.0283531166566606
MYH14	0.146911933938808	0.0486274491839934	0.98743815414937	0.0486274491839934
APC	0.147178970081431	-0.0344564778551117	0.98743815414937	-0.0344564778551117
MET	0.14720388549361	-0.0934148501019921	0.98743815414937	-0.0934148501019921
GPATCH2	0.147422144643475	-0.0735226492631516	0.98743815414937	-0.0735226492631516
QARS	0.147423214063366	0.0828042038542069	0.98743815414937	0.0828042038542069
RFT1	0.147498905763237	0.0859502793723826	0.98743815414937	0.0859502793723826
LINC00909	0.147615001021043	0.0931184339053448	0.98743815414937	0.0931184339053448
DNAJB6	0.147615032359957	-0.0555000586209655	0.98743815414937	-0.0555000586209655
TAPT1-AS1	0.14768091386856	0.0357002893077198	0.98743815414937	0.0357002893077198
NAP1L4	0.147699687424837	-0.0317189189104695	0.98743815414937	-0.0317189189104695
SLC4A5	0.147827340067069	-0.0672505023270861	0.98743815414937	-0.0672505023270861
ACIN1	0.14782893778853	0.0390294726768185	0.98743815414937	0.0390294726768185
ATE1	0.147848288169558	-0.0301562994327278	0.98743815414937	-0.0301562994327278
TMEM143	0.147889367129126	0.0630604381133527	0.98743815414937	0.0630604381133527
SNRPD1	0.14792974472131	0.0954644165764984	0.98743815414937	0.0954644165764984
ZNF212	0.148213375199654	0.100500355795899	0.98743815414937	0.100500355795899
RPS14	0.148229558220396	-0.0871231282785003	0.98743815414937	-0.0871231282785003
PCNX3	0.148260542173259	0.0921701886241235	0.98743815414937	0.0921701886241235
AGBL5	0.148501028167711	0.114758395921243	0.98743815414937	0.114758395921243
UBAP2L	0.148601338061277	0.0551531599046365	0.98743815414937	0.0551531599046365
NTRK3	0.148671621826603	-0.150500112204497	0.98743815414937	-0.150500112204497
APOE	0.14876580547319	-0.172800232255853	0.98743815414937	-0.172800232255853
AC004158.1	0.149022813219837	0.0475408824010571	0.98743815414937	0.0475408824010571
PES1	0.149029445804598	0.0983876289144723	0.98743815414937	0.0983876289144723
ZNF444	0.149146465744599	0.0571486243886133	0.98743815414937	0.0571486243886133
ETFDH	0.149330538472027	-0.0510385308413457	0.98743815414937	-0.0510385308413457
EIF2B1	0.149454896593991	-0.0683628383116407	0.98743815414937	-0.0683628383116407
ATG16L2	0.149515117402664	0.0733785538958401	0.98743815414937	0.0733785538958401
AC066613.2	0.149660054281218	-0.0662283105842335	0.98743815414937	-0.0662283105842335
ZNF519	0.149662405112443	-0.134413641199231	0.98743815414937	-0.134413641199231
VPS36	0.149695769749352	0.0475031265981568	0.98743815414937	0.0475031265981568
TPK1	0.149862437485567	0.0700880487798148	0.98743815414937	0.0700880487798148
EDF1	0.149953449283509	0.0906955528727291	0.98743815414937	0.0906955528727291
CPD	0.149992155737651	0.0380442762855047	0.98743815414937	0.0380442762855047
SHFL	0.150142508463757	-0.117478711127786	0.98743815414937	-0.117478711127786
BLOC1S4	0.150190221405049	-0.133478756686738	0.98743815414937	-0.133478756686738
FASTKD2	0.150269985665899	0.0813312397293385	0.98743815414937	0.0813312397293385
MMAB	0.150521775457021	-0.0433960361867281	0.98743815414937	-0.0433960361867281
BTBD8	0.150606110635818	0.0464544875434971	0.98743815414937	0.0464544875434971
CNTLN	0.150701750265354	0.0610515472711749	0.98743815414937	0.0610515472711749
NT5M	0.150771767998992	0.104752220952439	0.98743815414937	0.104752220952439
DNMT3A	0.150794015753922	0.0444424039557214	0.98743815414937	0.0444424039557214
ARL14EP	0.150813067193508	-0.12568902676775	0.98743815414937	-0.12568902676775
TET1	0.150841866276426	-0.0633326385677819	0.98743815414937	-0.0633326385677819
AL157938.3	0.151005410304384	0.204596649263622	0.98743815414937	0.204596649263622
ABHD16A	0.151063700448925	0.0842844106521809	0.98743815414937	0.0842844106521809
CCDC18-AS1	0.15128462991203	0.0348626096645354	0.98743815414937	0.0348626096645354
BIN3	0.151344475669643	-0.0705096837893109	0.98743815414937	-0.0705096837893109
DCBLD2	0.151453871555625	-0.0494429219984773	0.98743815414937	-0.0494429219984773
MBOAT2	0.151732025697491	-0.0307518730524672	0.98743815414937	-0.0307518730524672
PTP4A2	0.151815401116973	0.0323594110564102	0.98743815414937	0.0323594110564102
SHISA9	0.151901820913325	-0.145501883308791	0.98743815414937	-0.145501883308791
HAGLR	0.151940657375921	0.126545880390536	0.98743815414937	0.126545880390536
YEATS2-AS1	0.151950108755611	0.142813246284088	0.98743815414937	0.142813246284088
KCTD6	0.152076824742321	0.079558700196706	0.98743815414937	0.079558700196706
SLC7A6	0.152182710362607	-0.0986875968887705	0.98743815414937	-0.0986875968887705
AKT3	0.152343354809661	-0.025528677594532	0.98743815414937	-0.025528677594532
GSTZ1	0.15235445260334	-0.10953260867565	0.98743815414937	-0.10953260867565
RNF2	0.152530613143142	0.08764828940557	0.98743815414937	0.08764828940557
NOL11	0.152542904023548	-0.0765544115816645	0.98743815414937	-0.0765544115816645
PPOX	0.152625395058428	0.083103674917594	0.98743815414937	0.083103674917594
ESD	0.152735799183304	0.0680598472881628	0.98743815414937	0.0680598472881628
SLC27A4	0.152854443667013	-0.050947339267991	0.98743815414937	-0.050947339267991
ANKRD16	0.153161906074063	-0.0734769544159433	0.98743815414937	-0.0734769544159433
Z84485.1	0.15324694173477	0.0685424780283368	0.98743815414937	0.0685424780283368
EXOC1	0.153385571226548	0.0363071465921	0.98743815414937	0.0363071465921
PRPF6	0.153385699875052	0.0404324833182268	0.98743815414937	0.0404324833182268
GTPBP8	0.15342752756977	0.0881874147672917	0.98743815414937	0.0881874147672917
URB1	0.153611840123932	0.0510801361103743	0.98743815414937	0.0510801361103743
DZIP3	0.153617070236444	0.0545624385625452	0.98743815414937	0.0545624385625452
RYBP	0.153619302536345	-0.0304395841077277	0.98743815414937	-0.0304395841077277
USP22	0.153676965107251	-0.0403748081021967	0.98743815414937	-0.0403748081021967
WIPI1	0.153735118986578	-0.0635398562878597	0.98743815414937	-0.0635398562878597
MRPL1	0.153903707236657	0.0534275282483352	0.98743815414937	0.0534275282483352
AC007216.4	0.153944983167002	0.0583297274289185	0.98743815414937	0.0583297274289185
IMMP2L	0.153946368604176	-0.0317761746780708	0.98743815414937	-0.0317761746780708
ARHGEF28	0.154061653868465	-0.114877062202606	0.98743815414937	-0.114877062202606
AC103770.1	0.154274269059007	0.0933443333165639	0.98743815414937	0.0933443333165639
ZNF440	0.154276244097568	-0.104842198897172	0.98743815414937	-0.104842198897172
AL357079.1	0.154446588774287	0.10694964119043	0.98743815414937	0.10694964119043
ZNF451	0.154489468409084	-0.0301853873184541	0.98743815414937	-0.0301853873184541
MINPP1	0.154530457626936	0.0776381794137978	0.98743815414937	0.0776381794137978
CHST12	0.154613650099004	-0.0590209401123926	0.98743815414937	-0.0590209401123926
SPAG9	0.154631099116845	0.0274917675745976	0.98743815414937	0.0274917675745976
DROSHA	0.154636541228326	-0.0490745322325093	0.98743815414937	-0.0490745322325093
GIPC1	0.15473484380706	0.050052929284694	0.98743815414937	0.050052929284694
ANXA4	0.15476515126274	0.0386346456618468	0.98743815414937	0.0386346456618468
KIAA0586	0.154872314061555	-0.0464810981294951	0.98743815414937	-0.0464810981294951
INSIG1	0.154975058822548	0.0552946909924496	0.98743815414937	0.0552946909924496
ZNF706	0.155253438612265	0.0323309473320319	0.98743815414937	0.0323309473320319
DYSF	0.155335425906903	0.037881698015365	0.98743815414937	0.037881698015365
AC015845.2	0.155431721775262	-0.128545211064707	0.98743815414937	-0.128545211064707
ADAMTS19	0.155487539328572	0.0814253220538646	0.98743815414937	0.0814253220538646
TM9SF3	0.155551307678607	-0.0401101806928587	0.98743815414937	-0.0401101806928587
SH2B1	0.155557571330795	0.0500395572300243	0.98743815414937	0.0500395572300243
LINC02340	0.15579107100519	0.0948765636788342	0.98743815414937	0.0948765636788342
ZNF226	0.155831436101319	0.0608087859470463	0.98743815414937	0.0608087859470463
NIT1	0.155909177254361	0.0937468949863047	0.98743815414937	0.0937468949863047
MINDY1	0.155948212545199	-0.0634747332435593	0.98743815414937	-0.0634747332435593
TRAK2	0.156065617670092	-0.065888749534893	0.98743815414937	-0.065888749534893
UBXN7	0.156147048703412	0.0404985550196626	0.98743815414937	0.0404985550196626
VPS54	0.156350513172752	-0.0383573893477753	0.98743815414937	-0.0383573893477753
ROBO2	0.156399926176146	0.132424806473693	0.98743815414937	0.132424806473693
ATXN2	0.156466963031616	0.0261192688065605	0.98743815414937	0.0261192688065605
KHNYN	0.156473714076583	-0.126347974647334	0.98743815414937	-0.126347974647334
MORN4	0.156643078939057	0.101365697912488	0.98743815414937	0.101365697912488
TMEM30A	0.15664996718056	0.066617038819854	0.98743815414937	0.066617038819854
ZNF462	0.156690914198295	0.0390954400277595	0.98743815414937	0.0390954400277595
PIGK	0.156728909719114	0.0540045582708954	0.98743815414937	0.0540045582708954
NAALAD2	0.156924993637872	0.0819788237363672	0.98743815414937	0.0819788237363672
IFNG-AS1	0.156934619577056	0.103048470505417	0.98743815414937	0.103048470505417
DYNC1LI1	0.156968588621581	-0.0531875162862098	0.98743815414937	-0.0531875162862098
DIO2	0.157090010443544	-0.127945366483271	0.98743815414937	-0.127945366483271
THRA	0.157195773794582	-0.0403174714729073	0.98743815414937	-0.0403174714729073
TCTA	0.157221181891747	0.0749935155822742	0.98743815414937	0.0749935155822742
CLEC11A	0.157278209429839	0.129709624300014	0.98743815414937	0.129709624300014
PHF19	0.15728468073384	-0.0547365954705652	0.98743815414937	-0.0547365954705652
SLC31A1	0.157294321631418	-0.0905141666851057	0.98743815414937	-0.0905141666851057
UBE3A	0.15736389803836	0.03846472037581	0.98743815414937	0.03846472037581
CLN6	0.157578233929262	0.0526230991119341	0.98743815414937	0.0526230991119341
PLXNA2	0.15761976481364	-0.155915160850911	0.98743815414937	-0.155915160850911
CNKSR2	0.15787656269547	-0.179055943227912	0.98743815414937	-0.179055943227912
BRD1	0.158005289664809	0.0570594957543813	0.98743815414937	0.0570594957543813
HDDC2	0.158010852537407	-0.111262417792517	0.98743815414937	-0.111262417792517
SECISBP2	0.158051503049853	-0.0412617169921608	0.98743815414937	-0.0412617169921608
MED1	0.158311642277295	-0.0562599103860839	0.98743815414937	-0.0562599103860839
AC025180.1	0.158336006033697	0.119239233674497	0.98743815414937	0.119239233674497
PIP5K1A	0.158347861440883	-0.0456827972667036	0.98743815414937	-0.0456827972667036
AC003659.1	0.15834909749217	0.0907745689901537	0.98743815414937	0.0907745689901537
SHISA5	0.158515200361274	0.073196263428297	0.98743815414937	0.073196263428297
BIRC6	0.158591772351933	0.0246819271004741	0.98743815414937	0.0246819271004741
SORD	0.158753690923821	0.0787880503564173	0.98743815414937	0.0787880503564173
VAMP8	0.158805277591321	0.102384818037929	0.98743815414937	0.102384818037929
NIFK	0.159194245385236	-0.106314902623522	0.98743815414937	-0.106314902623522
KCTD9	0.159199714286975	0.0841419637987084	0.98743815414937	0.0841419637987084
TM7SF3	0.159246230242366	-0.0616421591945743	0.98743815414937	-0.0616421591945743
IQSEC1	0.159305729407952	-0.0403030292261066	0.98743815414937	-0.0403030292261066
UBR5	0.159309340108247	0.031624239735202	0.98743815414937	0.031624239735202
BCAR1	0.15932543937229	0.0391306093579606	0.98743815414937	0.0391306093579606
IFT52	0.159437093353593	0.0577735239581362	0.98743815414937	0.0577735239581362
KHDC1	0.15950031170078	0.142815664263909	0.98743815414937	0.142815664263909
SRF	0.159522012117986	0.126356697775527	0.98743815414937	0.126356697775527
AC008269.1	0.159544519796098	0.107453702094756	0.98743815414937	0.107453702094756
SAP30BP	0.1595473089012	0.0405315531742841	0.98743815414937	0.0405315531742841
AL359921.1	0.15955247200714	-0.105179284909371	0.98743815414937	-0.105179284909371
PITRM1	0.159742124323292	-0.0630951826968214	0.98743815414937	-0.0630951826968214
TIMM29	0.159801011833835	-0.0839770527695954	0.98743815414937	-0.0839770527695954
GARS	0.159833594461621	0.0879683844004872	0.98743815414937	0.0879683844004872
POMK	0.159972130963178	-0.103887936106344	0.98743815414937	-0.103887936106344
ZNF208	0.159977534905165	0.0719636835948918	0.98743815414937	0.0719636835948918
EFCAB7	0.160097887738403	0.0994669197103647	0.98743815414937	0.0994669197103647
CCNYL1	0.16016460623585	-0.0692930992452602	0.98743815414937	-0.0692930992452602
KCNMB2-AS1	0.160188645135728	-0.135036187004721	0.98743815414937	-0.135036187004721
BRD4	0.16025227261118	0.0385223265186988	0.98743815414937	0.0385223265186988
MAPK14	0.160654506205619	-0.0448538009913719	0.989173259982073	-0.0448538009913719
CCDC47	0.160860585361154	-0.0745363968893312	0.989173259982073	-0.0745363968893312
FAM222A	0.160958891961983	0.041605485473462	0.989173259982073	0.041605485473462
SGK3	0.161029911170513	-0.0274849096504287	0.989173259982073	-0.0274849096504287
AC079305.3	0.161142110100573	-0.110691552073573	0.989173259982073	-0.110691552073573
MAST2	0.161194374804563	-0.0564152516011613	0.989173259982073	-0.0564152516011613
IFT80	0.161205505718699	0.035175913626519	0.989173259982073	0.035175913626519
BMS1	0.161409028809401	0.0571856890586206	0.989173259982073	0.0571856890586206
C9orf72	0.161589511246825	-0.0651109577573981	0.989173259982073	-0.0651109577573981
ZBTB4	0.161729718679358	0.0380731898334633	0.989173259982073	0.0380731898334633
MTERF1	0.161768629080067	-0.0435397191276113	0.989173259982073	-0.0435397191276113
TEX22	0.161826236153105	0.0889957509575816	0.989173259982073	0.0889957509575816
VRK2	0.161918019302632	-0.0344133869836521	0.989173259982073	-0.0344133869836521
PDIA4	0.161989573335348	0.0845063212037238	0.989173259982073	0.0845063212037238
SMCR8	0.162045686075039	-0.134198451000366	0.989173259982073	-0.134198451000366
PPP6R2	0.16213746508059	0.0378205531868114	0.989173259982073	0.0378205531868114
GPS1	0.162273903147719	0.083738478772561	0.989173259982073	0.083738478772561
ZCCHC7	0.162339318721289	0.0247164135028487	0.989173259982073	0.0247164135028487
SCD5	0.162366158203918	-0.0245686115007001	0.989173259982073	-0.0245686115007001
ATAD1	0.162428829165571	-0.0784936732057294	0.989173259982073	-0.0784936732057294
AL139294.1	0.162485688301811	-0.1552539109751	0.989173259982073	-0.1552539109751
ZNF620	0.162567108689944	-0.0994336695227212	0.989173259982073	-0.0994336695227212
AMD1	0.162756700210734	0.0287098797201241	0.989401781740427	0.0287098797201241
NSFL1C	0.162789548504615	-0.0429694002256065	0.989401781740427	-0.0429694002256065
PNCK	0.163186719587204	0.0907102121877379	0.99125281483646	0.0907102121877379
DPM2	0.163281917793009	0.0870051958270802	0.991268500362212	0.0870051958270802
MCM7	0.163396235744552	-0.091321803255253	0.991400176402462	-0.091321803255253
CASTOR3	0.163604996105757	0.0400332949215871	0.991476152104155	0.0400332949215871
TRIM23	0.163717510452906	-0.0732698555800782	0.991476152104155	-0.0732698555800782
ZSCAN26	0.163823479691112	0.0696290106202848	0.991476152104155	0.0696290106202848
TXLNG	0.163939302354996	0.0511928437350548	0.991476152104155	0.0511928437350548
MICAL2	0.16413277734055	-0.143449908990494	0.991476152104155	-0.143449908990494
ESYT2	0.164199905475118	-0.0479965809377751	0.991476152104155	-0.0479965809377751
PCED1A	0.164217707780966	0.0628473765511481	0.991476152104155	0.0628473765511481
HNRNPD	0.164387866545887	-0.035418116004829	0.991476152104155	-0.035418116004829
AL359232.1	0.164571891256769	0.091840812269337	0.991476152104155	0.091840812269337
POLE4	0.164650090271039	0.116993533356132	0.991476152104155	0.116993533356132
TMEM104	0.164655417791498	0.0735129570858479	0.991476152104155	0.0735129570858479
AC097662.1	0.164693258805618	0.0918818373460989	0.991476152104155	0.0918818373460989
ZFP91	0.16493401335953	-0.0480022254525865	0.991476152104155	-0.0480022254525865
UQCC1	0.164950432776492	0.0393812891680202	0.991476152104155	0.0393812891680202
MSANTD2	0.16504452743544	0.0545795504767845	0.991476152104155	0.0545795504767845
POT1-AS1	0.165119586463737	0.0504601360205993	0.991476152104155	0.0504601360205993
ATP1B1	0.165465453390853	0.0454065038613427	0.991476152104155	0.0454065038613427
DUS2	0.165660120141391	-0.0776489081435844	0.991476152104155	-0.0776489081435844
AMOTL2	0.165684944121743	0.0465532177030854	0.991476152104155	0.0465532177030854
FMC1	0.16572738177617	0.110517141435355	0.991476152104155	0.110517141435355
LMAN1	0.16587459250793	0.0536580467173691	0.991476152104155	0.0536580467173691
DYNC1LI2	0.166051134476471	-0.029333526919691	0.991476152104155	-0.029333526919691
SRRT	0.166185777260216	0.0588255887076872	0.991476152104155	0.0588255887076872
MIDN	0.166190388279144	0.0714138576563367	0.991476152104155	0.0714138576563367
SLC5A11	0.16624155821929	-0.0436967380224094	0.991476152104155	-0.0436967380224094
GABPB1-IT1	0.166647533349249	0.0741047482674544	0.991476152104155	0.0741047482674544
RGPD8	0.166808726624763	0.104038121351666	0.991476152104155	0.104038121351666
KEL	0.166953893137133	-0.0732353665801964	0.991476152104155	-0.0732353665801964
DCTN4	0.1669745941482	0.0424625285655118	0.991476152104155	0.0424625285655118
APBB2	0.167033354745929	-0.0240459391942058	0.991476152104155	-0.0240459391942058
SMARCC1	0.167126651382906	0.0350530769906223	0.991476152104155	0.0350530769906223
BASP1	0.167471673482411	0.136685786193252	0.991476152104155	0.136685786193252
ZNF385B	0.167720171982536	0.144841977232377	0.991476152104155	0.144841977232377
NAT10	0.167860644394262	0.0599715320296122	0.991476152104155	0.0599715320296122
LINC02666	0.167975047237557	-0.113750032131602	0.991476152104155	-0.113750032131602
ZNF618	0.168174251619376	-0.0860435500612609	0.991476152104155	-0.0860435500612609
CEP164	0.168197996022159	0.0474209913708187	0.991476152104155	0.0474209913708187
PLA2G4B	0.168199104927089	0.0881170529400587	0.991476152104155	0.0881170529400587
PTMA	0.168300970229605	0.0408820152105655	0.991476152104155	0.0408820152105655
TPM3	0.168469977873103	0.0876217276665226	0.991476152104155	0.0876217276665226
FNDC3A	0.168581330613627	-0.0308350938020493	0.991476152104155	-0.0308350938020493
LIPA	0.168592396390851	0.0269977505947349	0.991476152104155	0.0269977505947349
SUCLA2	0.16861627475606	-0.056688770810696	0.991476152104155	-0.056688770810696
FAM177A1	0.168641039919679	0.0332823134914099	0.991476152104155	0.0332823134914099
UBALD2	0.168644714363753	0.0720733689497921	0.991476152104155	0.0720733689497921
HCN1	0.16868614603966	-0.147082782204886	0.991476152104155	-0.147082782204886
ATXN7L1	0.168716148997686	0.04161886578671	0.991476152104155	0.04161886578671
SMC5	0.168823937305698	-0.0359406206021319	0.991476152104155	-0.0359406206021319
ZNF655	0.168863298383574	-0.0474210213208679	0.991476152104155	-0.0474210213208679
RASGRF2	0.16889705091802	0.0489524427018321	0.991476152104155	0.0489524427018321
MAP3K10	0.168978860979262	-0.0623637417767452	0.991476152104155	-0.0623637417767452
PHYHIPL	0.169045172905412	-0.0323175367296461	0.991476152104155	-0.0323175367296461
WNK3	0.169293200712378	0.0628893156076205	0.991476152104155	0.0628893156076205
PCDH9	0.169509322374772	0.0192002596527891	0.991476152104155	0.0192002596527891
WDR11-AS1	0.169632560104185	0.0678166920375399	0.991476152104155	0.0678166920375399
DYRK1B	0.169692628411964	-0.102498105266964	0.991476152104155	-0.102498105266964
SLC30A7	0.169826961707651	-0.0465315809765735	0.991476152104155	-0.0465315809765735
ZRSR2	0.170231026370596	0.0574296055809314	0.991476152104155	0.0574296055809314
ALG9	0.170864113955803	0.0604028359272677	0.991476152104155	0.0604028359272677
MYH7B	0.170981826985464	0.0541732502568725	0.991476152104155	0.0541732502568725
ATL1	0.170999613269829	-0.0351218638343904	0.991476152104155	-0.0351218638343904
CLPB	0.171200412353574	0.0603347234758519	0.991476152104155	0.0603347234758519
DDX11	0.171207194711164	0.0834839178977568	0.991476152104155	0.0834839178977568
AC006460.2	0.171215809965221	0.0473874475999478	0.991476152104155	0.0473874475999478
CTBP2	0.171221132430641	-0.0433957375235847	0.991476152104155	-0.0433957375235847
RAB30	0.17137192699251	-0.0305317953137866	0.991476152104155	-0.0305317953137866
BMPER	0.171385785121149	-0.165941656412765	0.991476152104155	-0.165941656412765
UBE2S	0.171450842972268	-0.142072090047103	0.991476152104155	-0.142072090047103
THSD7A	0.171457148842788	-0.162418530138016	0.991476152104155	-0.162418530138016
KDM4A	0.171504459087935	0.0690692851905078	0.991476152104155	0.0690692851905078
PAQR6	0.171573793360471	0.0788346355187123	0.991476152104155	0.0788346355187123
RBM5	0.171738002369889	0.0326819100814326	0.991476152104155	0.0326819100814326
FAM234A	0.17190641984969	0.0565386331082016	0.991476152104155	0.0565386331082016
SMAD2	0.171944858032233	-0.0318005606406987	0.991476152104155	-0.0318005606406987
PRKAR1A	0.171946235397525	0.0663497283026254	0.991476152104155	0.0663497283026254
RNF166	0.171951864610243	-0.128912860759701	0.991476152104155	-0.128912860759701
SNX14	0.172001151180305	0.0388238374680292	0.991476152104155	0.0388238374680292
CEP44	0.172142971668944	-0.0580579460369343	0.991476152104155	-0.0580579460369343
KLHL36	0.1722631580358	-0.06899844401451	0.991476152104155	-0.06899844401451
RASA3	0.172579930956295	-0.0519239271247308	0.991476152104155	-0.0519239271247308
PPP2R2B	0.172607532414612	0.0275768434437423	0.991476152104155	0.0275768434437423
SLC2A1-AS1	0.172698441984289	0.112416947526641	0.991476152104155	0.112416947526641
HECA	0.172743950500258	-0.0829166671572682	0.991476152104155	-0.0829166671572682
PKN1	0.172887091078819	0.0516433556901336	0.991476152104155	0.0516433556901336
FBXO36	0.172888992202515	0.0843115776354055	0.991476152104155	0.0843115776354055
KANSL2	0.172914907181943	0.0650220791558838	0.991476152104155	0.0650220791558838
ZNF264	0.173102552777348	-0.0587750364651483	0.991476152104155	-0.0587750364651483
MYO1E	0.173149718538287	-0.0295025272913019	0.991476152104155	-0.0295025272913019
LYAR	0.173212273136547	0.0870324438269601	0.991476152104155	0.0870324438269601
UTY	0.173330976252095	0.0506635073237605	0.991476152104155	0.0506635073237605
DHX30	0.173440406466746	0.0429609774768367	0.991476152104155	0.0429609774768367
MIR100HG	0.173808527117299	0.0245540619123235	0.991476152104155	0.0245540619123235
CLK2	0.174178100366654	0.078365125027081	0.991476152104155	0.078365125027081
PTEN	0.17417851241935	-0.0396088074370764	0.991476152104155	-0.0396088074370764
MARCH5	0.174191938649572	0.0520640459854853	0.991476152104155	0.0520640459854853
TBCB	0.174201573642898	0.0519984895182728	0.991476152104155	0.0519984895182728
AC011815.2	0.174370265417034	-0.0936540963725822	0.991476152104155	-0.0936540963725822
AFTPH	0.1743756719771	0.0404043132213125	0.991476152104155	0.0404043132213125
AKAP6	0.174425203853188	-0.0194533860406544	0.991476152104155	-0.0194533860406544
CTBP1	0.174562109980084	-0.0574069387520728	0.991476152104155	-0.0574069387520728
SLC35A3	0.174563826939185	0.0576020699301243	0.991476152104155	0.0576020699301243
TMEM246-AS1	0.174582268945701	0.0801776170079588	0.991476152104155	0.0801776170079588
CCSAP	0.174653599824359	-0.0423556280160495	0.991476152104155	-0.0423556280160495
EML2	0.174824972351045	0.0341015561992345	0.991476152104155	0.0341015561992345
KCNQ2	0.174830073790575	-0.165373195725024	0.991476152104155	-0.165373195725024
SOAT1	0.174840424883007	-0.093630724465137	0.991476152104155	-0.093630724465137
AC026202.2	0.174858456172172	0.135680876092563	0.991476152104155	0.135680876092563
UBC	0.17493252131657	0.0745610880575609	0.991476152104155	0.0745610880575609
PPP1R21	0.175420199525426	0.0253431332060179	0.991476152104155	0.0253431332060179
HECTD4	0.175525538576265	0.0339991586777759	0.991476152104155	0.0339991586777759
RHOBTB1	0.175599974940797	0.0406034631739144	0.991476152104155	0.0406034631739144
SEC63	0.175776365138395	0.0369930464247665	0.991476152104155	0.0369930464247665
NDUFA4	0.175846266015983	0.12747577954728	0.991476152104155	0.12747577954728
BCL6	0.176000503470759	-0.065282557817057	0.991476152104155	-0.065282557817057
CHADL	0.17604725565599	0.0515290679827812	0.991476152104155	0.0515290679827812
TBC1D22B	0.176087314084203	0.0543211714608824	0.991476152104155	0.0543211714608824
FAM227B	0.176115299002163	-0.0592266431710566	0.991476152104155	-0.0592266431710566
MRPS22	0.176185697245224	0.0658003620050557	0.991476152104155	0.0658003620050557
BLCAP	0.176418670554659	-0.0896424936507908	0.991476152104155	-0.0896424936507908
TUT7	0.17641988105166	-0.040704997864674	0.991476152104155	-0.040704997864674
PDGFA	0.176474489229233	0.0454256413323644	0.991476152104155	0.0454256413323644
CD320	0.176490543209048	0.0795543726244732	0.991476152104155	0.0795543726244732
NDFIP2	0.176579160982095	0.0500023255061559	0.991476152104155	0.0500023255061559
INO80E	0.176793903821494	0.0631654308493646	0.991476152104155	0.0631654308493646
TMEM184B	0.176932058930411	-0.028436240224309	0.991476152104155	-0.028436240224309
PEAK1	0.177190824415088	-0.0240896137209598	0.991476152104155	-0.0240896137209598
CELF2	0.177362084111116	0.125262467092384	0.991476152104155	0.125262467092384
NCOA2	0.177424404548612	-0.0261736701816671	0.991476152104155	-0.0261736701816671
RUNDC3B	0.177483210986012	0.156444196850916	0.991476152104155	0.156444196850916
SMAP2	0.177519088799834	-0.0866447224505485	0.991476152104155	-0.0866447224505485
ABCA7	0.177561880662633	0.128437472459429	0.991476152104155	0.128437472459429
TTC19	0.177783642614491	0.0390073158485032	0.991476152104155	0.0390073158485032
WHAMM	0.177822035406454	-0.052658882444105	0.991476152104155	-0.052658882444105
GTF3C2	0.177827367345632	0.0540971833481257	0.991476152104155	0.0540971833481257
SORCS1	0.178054340369598	-0.161595875061893	0.991476152104155	-0.161595875061893
LINC01505	0.178164389410114	0.0528126992974727	0.991476152104155	0.0528126992974727
CPNE1	0.178407670270554	-0.0496259410554286	0.991476152104155	-0.0496259410554286
DHCR7	0.178424079507803	0.0816381822117675	0.991476152104155	0.0816381822117675
YWHAZ	0.178540580440551	-0.0557472339775487	0.991476152104155	-0.0557472339775487
TLE5	0.178649856060995	-0.0583844788010959	0.991476152104155	-0.0583844788010959
ABCF2	0.178777070325984	0.088605582971444	0.991476152104155	0.088605582971444
CA5B	0.179237450583396	0.0499844477569965	0.991476152104155	0.0499844477569965
PLEKHM1	0.179251961910552	-0.056220449532855	0.991476152104155	-0.056220449532855
ITPRID2	0.179291432292541	0.0466564542870689	0.991476152104155	0.0466564542870689
KLHDC4	0.179516930171293	0.0600783680533619	0.991476152104155	0.0600783680533619
FUT9	0.179560110933109	0.0455047873002268	0.991476152104155	0.0455047873002268
AC009061.2	0.179696935416678	0.0642468023836482	0.991476152104155	0.0642468023836482
TENM3	0.179740755648067	-0.0868019202101648	0.991476152104155	-0.0868019202101648
GPD1L	0.179783831299253	0.0881211508706273	0.991476152104155	0.0881211508706273
AC012368.1	0.179847093122194	0.111839157754597	0.991476152104155	0.111839157754597
LIMK1	0.179880818459951	-0.16245382489187	0.991476152104155	-0.16245382489187
TRAPPC6A	0.179927755061725	-0.0696086736064783	0.991476152104155	-0.0696086736064783
REEP5	0.179975722911661	-0.0649295480696217	0.991476152104155	-0.0649295480696217
VPS41	0.180255840468364	0.0397126636494708	0.991476152104155	0.0397126636494708
SERPINB9	0.180514906409682	-0.116329730623841	0.991476152104155	-0.116329730623841
AC025043.1	0.180563625252621	0.140841928455249	0.991476152104155	0.140841928455249
ETNK1	0.180726836209292	-0.0380759397318431	0.991476152104155	-0.0380759397318431
PRKCE	0.180791325298966	-0.0479687611306962	0.991476152104155	-0.0479687611306962
RBCK1	0.180857529193406	-0.0597564083927686	0.991476152104155	-0.0597564083927686
LINC00847	0.180862474906351	0.100539477480046	0.991476152104155	0.100539477480046
ALG10B	0.181027868933269	0.102281303703309	0.991476152104155	0.102281303703309
FGGY	0.181226708387066	0.0566514905521313	0.991476152104155	0.0566514905521313
AL138689.2	0.181232241465033	-0.083538627405746	0.991476152104155	-0.083538627405746
APPBP2	0.181304999102777	0.0274242685499706	0.991476152104155	0.0274242685499706
TXNDC15	0.181372195940555	-0.0625010437844069	0.991476152104155	-0.0625010437844069
UBXN8	0.181417108694384	0.0860837213516058	0.991476152104155	0.0860837213516058
MSRA	0.181467718381626	-0.115336200185658	0.991476152104155	-0.115336200185658
DNAJC7	0.181512468655985	-0.0340780961235181	0.991476152104155	-0.0340780961235181
TMEM214	0.181609977389273	0.0894659082944629	0.991476152104155	0.0894659082944629
GXYLT1	0.181652060809686	-0.0704010875399855	0.991476152104155	-0.0704010875399855
LAMTOR5-AS1	0.181750686763473	-0.0622309941716144	0.991476152104155	-0.0622309941716144
TRAPPC13	0.181826642648233	0.0477348138069192	0.991476152104155	0.0477348138069192
AL627171.2	0.181943248193587	0.109177476853114	0.991476152104155	0.109177476853114
MDC1	0.181976191937549	0.0729734733892657	0.991476152104155	0.0729734733892657
PPFIBP1	0.182021380129641	-0.0366644844580859	0.991476152104155	-0.0366644844580859
LRP2BP	0.182090807343061	0.0556834619367309	0.991476152104155	0.0556834619367309
C11orf68	0.182206769305212	-0.1057814650392	0.991476152104155	-0.1057814650392
SPG11	0.182337137951943	0.0314563676157154	0.991476152104155	0.0314563676157154
METAP2	0.182345939326753	0.0418565307579615	0.991476152104155	0.0418565307579615
APBB1	0.182395371228578	0.0356241481369835	0.991476152104155	0.0356241481369835
TBRG1	0.182403519287386	0.061021498703844	0.991476152104155	0.061021498703844
RAB31	0.182567419540998	-0.103567667469233	0.991476152104155	-0.103567667469233
DANT2	0.182647541113893	0.0519309981886256	0.991476152104155	0.0519309981886256
GRN	0.182731033573805	0.0760338506313134	0.991476152104155	0.0760338506313134
GNL3L	0.182787745812129	0.0628361195028141	0.991476152104155	0.0628361195028141
ZNF439	0.182810908978722	-0.0452588513112599	0.991476152104155	-0.0452588513112599
BRI3	0.182832778957437	-0.0415898826345653	0.991476152104155	-0.0415898826345653
CIR1	0.18283479915157	0.0443506776272149	0.991476152104155	0.0443506776272149
ACOX1	0.182964254307623	0.0596468644028461	0.991476152104155	0.0596468644028461
ZNF461	0.183006761216008	0.0637924929083982	0.991476152104155	0.0637924929083982
DAB2IP	0.18321949318443	0.0899136847458269	0.991476152104155	0.0899136847458269
PEX14	0.183389287586907	-0.0474433012434199	0.991476152104155	-0.0474433012434199
DAB1	0.183473048821254	-0.0786329849777761	0.991476152104155	-0.0786329849777761
HERC4	0.183496524214202	0.0283713496677345	0.991476152104155	0.0283713496677345
FYTTD1	0.183588456093933	-0.0677900870191379	0.991476152104155	-0.0677900870191379
ARMCX4	0.18387431882003	-0.0382383114002826	0.991476152104155	-0.0382383114002826
EHD3	0.184027945319628	-0.158119886550885	0.991476152104155	-0.158119886550885
FAM98A	0.184098393364717	-0.0757829086262106	0.991476152104155	-0.0757829086262106
SETD5	0.184244175711466	-0.0237170782525728	0.991476152104155	-0.0237170782525728
DHODH	0.184477022008652	0.103016255208627	0.991476152104155	0.103016255208627
CEP131	0.184633840751888	-0.113738721134214	0.991476152104155	-0.113738721134214
RFX1	0.184643420551892	0.0749205357595877	0.991476152104155	0.0749205357595877
ARPC5L	0.184675498287018	-0.130955626891548	0.991476152104155	-0.130955626891548
SLC24A2	0.184900730476399	-0.0187526493472794	0.991476152104155	-0.0187526493472794
NINL	0.184908890070181	0.0755956790291241	0.991476152104155	0.0755956790291241
BTBD7	0.184944634107983	0.0258228502701227	0.991476152104155	0.0258228502701227
NAA25	0.185083764837225	-0.0384909165715663	0.991476152104155	-0.0384909165715663
PRRC2C	0.185087476120938	-0.0457122564283527	0.991476152104155	-0.0457122564283527
PRKRIP1	0.185151210250361	0.0373964848303381	0.991476152104155	0.0373964848303381
C1orf174	0.185252750610349	-0.111710685444783	0.991476152104155	-0.111710685444783
AADAT	0.185309634386368	0.079607153524751	0.991476152104155	0.079607153524751
POLE3	0.185311320652222	0.117979287157069	0.991476152104155	0.117979287157069
BRSK2	0.185466073047391	-0.063525636120976	0.991476152104155	-0.063525636120976
ENO2	0.185473126385614	-0.0985020359120162	0.991476152104155	-0.0985020359120162
CPLX1	0.185486825807087	-0.190879183906106	0.991476152104155	-0.190879183906106
AP1S2	0.185517826873301	0.0467032809816781	0.991476152104155	0.0467032809816781
POGLUT1	0.185644027468354	0.0665669057107815	0.991476152104155	0.0665669057107815
GRIA1	0.185730478952517	0.131041074291696	0.991476152104155	0.131041074291696
SIRT5	0.185842463069153	0.0604554825517224	0.991476152104155	0.0604554825517224
SLC20A1	0.186079387202485	0.0762365761964632	0.991476152104155	0.0762365761964632
TAB2	0.186152680889005	0.0388171484904895	0.991476152104155	0.0388171484904895
RBBP6	0.186155123396722	-0.0409198784047708	0.991476152104155	-0.0409198784047708
GRHPR	0.18615736494291	0.0505056613225453	0.991476152104155	0.0505056613225453
ASAH1	0.186230958458269	0.0549872893387589	0.991476152104155	0.0549872893387589
ACD	0.186272389044791	-0.129212367994462	0.991476152104155	-0.129212367994462
STX8	0.186659636278244	0.0341731615330803	0.991476152104155	0.0341731615330803
RAB33B	0.186825090984705	0.101507049123186	0.991476152104155	0.101507049123186
ZFHX3	0.187150535215658	0.061191661406524	0.991476152104155	0.061191661406524
CERS2	0.187208627892603	0.068105583615514	0.991476152104155	0.068105583615514
ATL2	0.187371643518835	-0.0752282285025481	0.991476152104155	-0.0752282285025481
ZNF471	0.187398757475103	0.0556786214719558	0.991476152104155	0.0556786214719558
DEPDC5	0.187415029724654	0.0473871226730966	0.991476152104155	0.0473871226730966
LAPTM4A	0.18772334681747	0.0877845498444823	0.991476152104155	0.0877845498444823
FAM200B	0.187724885632939	0.0635964265635394	0.991476152104155	0.0635964265635394
AL078604.4	0.187846285439792	-0.108538168609692	0.991476152104155	-0.108538168609692
DERL2	0.187979810532952	-0.0722052155349445	0.991476152104155	-0.0722052155349445
STAG3	0.188007153350135	-0.125364067792116	0.991476152104155	-0.125364067792116
CD99L2	0.188083350881747	0.0407877435319605	0.991476152104155	0.0407877435319605
CNNM2	0.188212760803124	0.0284730546581699	0.991476152104155	0.0284730546581699
EYA4	0.188264382389298	0.0587557303241781	0.991476152104155	0.0587557303241781
SLC35E1	0.188266570393147	0.073509731594228	0.991476152104155	0.073509731594228
TMEM64	0.188274785892477	-0.0404489144812305	0.991476152104155	-0.0404489144812305
ELMOD3	0.188367577557769	0.0349666059221592	0.991476152104155	0.0349666059221592
SMIM29	0.188543895772256	0.0871071469941126	0.991476152104155	0.0871071469941126
CAPRIN1	0.188607144367882	0.0456643718966994	0.991476152104155	0.0456643718966994
MTO1	0.188667470921434	0.0509855547478777	0.991476152104155	0.0509855547478777
SART3	0.188748822999789	0.0466172480649985	0.991476152104155	0.0466172480649985
ZNF430	0.18882408388416	-0.0574591217371156	0.991476152104155	-0.0574591217371156
UBE2V2	0.189266371796264	-0.0634951350845108	0.991476152104155	-0.0634951350845108
MICU2	0.189398591460724	0.0269252268851281	0.991476152104155	0.0269252268851281
BTN2A1	0.189466645668305	-0.0984771462362968	0.991476152104155	-0.0984771462362968
TJP2	0.189551866428735	0.0316508790852564	0.991476152104155	0.0316508790852564
RWDD3	0.190028559797405	-0.0637100967342829	0.991476152104155	-0.0637100967342829
TUBGCP6	0.190085418425254	0.0684210657688105	0.991476152104155	0.0684210657688105
TMED2	0.190305815042469	0.0766241716385686	0.991476152104155	0.0766241716385686
METTL9	0.190314218912389	-0.0861564186993977	0.991476152104155	-0.0861564186993977
CERS5	0.190315524495021	0.053757165064406	0.991476152104155	0.053757165064406
NDP	0.190556962359107	0.0785080982367405	0.991476152104155	0.0785080982367405
AL133325.3	0.190607748322993	-0.0649299593080744	0.991476152104155	-0.0649299593080744
DEAF1	0.190772187164751	-0.0609415086399939	0.991476152104155	-0.0609415086399939
MLKL	0.190778722335083	-0.104033905424519	0.991476152104155	-0.104033905424519
ADAM9	0.190914632744833	0.0567866827244628	0.991476152104155	0.0567866827244628
SGPL1	0.190914911364266	0.0589382903983332	0.991476152104155	0.0589382903983332
PTPRM	0.190990501560688	-0.059308919854142	0.991476152104155	-0.059308919854142
TMEM94	0.191076745043887	0.0427919750012551	0.991476152104155	0.0427919750012551
SH3BGRL3	0.191103295669901	-0.0869338205967643	0.991476152104155	-0.0869338205967643
POLH	0.191121415430327	-0.0823273562784779	0.991476152104155	-0.0823273562784779
PRCC	0.191172681833831	-0.0602313219551394	0.991476152104155	-0.0602313219551394
RPLP2	0.191333186892924	0.0763068234054253	0.991476152104155	0.0763068234054253
ABITRAM	0.191535541753408	0.0950639616556275	0.991476152104155	0.0950639616556275
IQCG	0.191630293787251	-0.0774813147440745	0.991476152104155	-0.0774813147440745
ATP11C	0.191679194171154	-0.048801343891282	0.991476152104155	-0.048801343891282
CERK	0.191692318565858	0.0893105818600165	0.991476152104155	0.0893105818600165
SRGAP3	0.191723074862886	0.0448007527827259	0.991476152104155	0.0448007527827259
CYP2J2	0.19177361730475	-0.0483367965848026	0.991476152104155	-0.0483367965848026
ZNF525	0.191826100225216	-0.0990622766834038	0.991476152104155	-0.0990622766834038
ZFX	0.191962813815758	0.0370372877009851	0.991476152104155	0.0370372877009851
OSTC	0.192145564540858	0.0717008915801993	0.991476152104155	0.0717008915801993
FADS1	0.192181232431758	-0.0530543214096137	0.991476152104155	-0.0530543214096137
CPSF4	0.192209494719462	0.0780268676433119	0.991476152104155	0.0780268676433119
BLMH	0.192391801313415	0.0662687645933545	0.991476152104155	0.0662687645933545
ZNF768	0.192587358279203	0.0854495720141114	0.991476152104155	0.0854495720141114
POM121	0.192670264475739	0.0400067901843441	0.991476152104155	0.0400067901843441
FGD4	0.192719679749788	-0.0504328252603095	0.991476152104155	-0.0504328252603095
MDM2	0.192729342654351	-0.0408446606454321	0.991476152104155	-0.0408446606454321
SRA1	0.19283921445868	-0.0911576408218809	0.991476152104155	-0.0911576408218809
PPP2R5D	0.192839250872057	0.0939299256027559	0.991476152104155	0.0939299256027559
ADAMTS2	0.192840420923531	-0.115013438880055	0.991476152104155	-0.115013438880055
MAPK6	0.192875062913303	0.0337183924603985	0.991476152104155	0.0337183924603985
CCNG1	0.193107513326067	-0.109513877909103	0.991476152104155	-0.109513877909103
ALG14	0.193123761684288	-0.0487655978185952	0.991476152104155	-0.0487655978185952
PSMD5	0.193568367690204	0.0480688560135662	0.991476152104155	0.0480688560135662
HCN2	0.193673796679689	0.055337727504346	0.991476152104155	0.055337727504346
APH1A	0.193693841777925	0.0723463593942951	0.991476152104155	0.0723463593942951
C3orf38	0.193739681667215	0.0464930090987522	0.991476152104155	0.0464930090987522
LONP1	0.193813766380791	0.0520730544371714	0.991476152104155	0.0520730544371714
ZNF195	0.193815559936929	-0.0554837565798993	0.991476152104155	-0.0554837565798993
ZC3H18	0.193826841182653	-0.0465560143723339	0.991476152104155	-0.0465560143723339
TRIM2	0.193881204062203	-0.022893147174151	0.991476152104155	-0.022893147174151
DEDD	0.194258641331441	0.0874003236395462	0.991476152104155	0.0874003236395462
U2SURP	0.194259730625533	0.0267690683081065	0.991476152104155	0.0267690683081065
SLC44A2	0.194431127529814	0.0563340376200428	0.991476152104155	0.0563340376200428
NAV2	0.19450061220506	0.0502337133328968	0.991476152104155	0.0502337133328968
SMIM14	0.194659805459008	0.0369131352918702	0.991476152104155	0.0369131352918702
MTF1	0.194701239648078	-0.0574686412377156	0.991476152104155	-0.0574686412377156
SEC14L2	0.194716065108337	-0.063792240490274	0.991476152104155	-0.063792240490274
UBE2I	0.194791606586545	-0.044588416418646	0.991476152104155	-0.044588416418646
PCYT1B	0.194905873585716	0.0465239359530252	0.991476152104155	0.0465239359530252
RFX7	0.195188087964286	0.032340382216026	0.991476152104155	0.032340382216026
NTNG2	0.195294113961115	0.0729541402343614	0.991476152104155	0.0729541402343614
COPZ1	0.195452579929572	-0.0945135033222088	0.991476152104155	-0.0945135033222088
LINC02362	0.195494968177657	-0.105179866074255	0.991476152104155	-0.105179866074255
AC090578.1	0.195583335015472	0.152018781652292	0.991476152104155	0.152018781652292
AP003086.1	0.195597181354324	0.110374804479319	0.991476152104155	0.110374804479319
CEP350	0.195647889281161	0.0312933261168761	0.991476152104155	0.0312933261168761
OTUD4	0.195791690353179	-0.0372218981233925	0.991476152104155	-0.0372218981233925
LINC00159	0.195808796997438	-0.0634064393049739	0.991476152104155	-0.0634064393049739
WASF2	0.195815675770096	-0.0273288017151757	0.991476152104155	-0.0273288017151757
ZC3H12C	0.195861837171878	-0.0459393417010786	0.991476152104155	-0.0459393417010786
GASK1B	0.196210516918301	0.0887419085797626	0.991476152104155	0.0887419085797626
KNOP1	0.196279350948139	-0.0511450515880957	0.991476152104155	-0.0511450515880957
STMN3	0.196335560337948	-0.12919512043627	0.991476152104155	-0.12919512043627
PSD3	0.196420744146956	0.0304712688004356	0.991476152104155	0.0304712688004356
LINC00639	0.196494720595827	0.0308373801351687	0.991476152104155	0.0308373801351687
CHD6	0.196806409474805	-0.028200479805029	0.991476152104155	-0.028200479805029
PRXL2A	0.196932328810873	-0.126570009583599	0.991476152104155	-0.126570009583599
HDAC4	0.196955919753231	-0.0332104639535498	0.991476152104155	-0.0332104639535498
CT69	0.196999010972786	0.062037390024062	0.991476152104155	0.062037390024062
SOBP	0.197078534787842	-0.0271475849844293	0.991476152104155	-0.0271475849844293
AC015712.1	0.197155393152828	0.100246558258435	0.991476152104155	0.100246558258435
RPL19	0.197167177611998	0.08363087796533	0.991476152104155	0.08363087796533
HMGN2	0.197211655561282	-0.0676642575217732	0.991476152104155	-0.0676642575217732
STK39	0.197327821789732	-0.0273923404626381	0.991476152104155	-0.0273923404626381
OSBP	0.197378956172947	-0.0483447095235197	0.991476152104155	-0.0483447095235197
ZEB1	0.19747501434878	-0.177297792127596	0.991476152104155	-0.177297792127596
HECW2	0.197567379369128	0.0211882219898368	0.991476152104155	0.0211882219898368
MALAT1	0.197574520334488	0.0289690738078235	0.991476152104155	0.0289690738078235
NIPA2	0.197663582867891	-0.0621749314057921	0.991476152104155	-0.0621749314057921
AC007389.1	0.197805955017964	-0.130093714605846	0.991476152104155	-0.130093714605846
TXNIP	0.197858467314495	0.0553226713206645	0.991476152104155	0.0553226713206645
NUDCD3	0.197928447415639	0.0380367587878128	0.991476152104155	0.0380367587878128
DAAM1	0.198005960312074	0.0873356135072999	0.991476152104155	0.0873356135072999
POLR2J3	0.198077794021286	0.0381218194231237	0.991476152104155	0.0381218194231237
GPR37	0.1981475222153	0.0419581078141524	0.991476152104155	0.0419581078141524
CDK17	0.198169559686343	-0.0259251254456483	0.991476152104155	-0.0259251254456483
POMT2	0.198181164241543	0.0390958678085059	0.991476152104155	0.0390958678085059
ICOSLG	0.198259887301802	0.0548880534597615	0.991476152104155	0.0548880534597615
NLGN4X	0.198300839694378	-0.0885995484023596	0.991476152104155	-0.0885995484023596
SH3PXD2B	0.198427966188044	-0.0423792816618285	0.991476152104155	-0.0423792816618285
RAB12	0.198525579439015	-0.0447958655219593	0.991476152104155	-0.0447958655219593
CSNK1A1	0.198626348396671	-0.0230396029520313	0.991476152104155	-0.0230396029520313
UNC13A	0.198825816436892	-0.147553318318833	0.991476152104155	-0.147553318318833
AC105052.4	0.198870760439925	-0.0683740347856341	0.991476152104155	-0.0683740347856341
ZNFX1	0.198988763781744	-0.0574441687820936	0.991476152104155	-0.0574441687820936
AC096564.2	0.199201291023697	0.0905834454257455	0.991476152104155	0.0905834454257455
HAUS3	0.199311219438292	-0.0861770986145459	0.991476152104155	-0.0861770986145459
NFASC	0.199495381429388	-0.0225571395568023	0.991476152104155	-0.0225571395568023
ARID4A	0.199497247093485	0.0339643173721576	0.991476152104155	0.0339643173721576
Z95118.2	0.199501370556139	-0.0774783578555333	0.991476152104155	-0.0774783578555333
HADH	0.199562183079945	0.0705448745062964	0.991476152104155	0.0705448745062964
AP4E1	0.199623331494984	0.0470371943071931	0.991476152104155	0.0470371943071931
KMT5B	0.199642933532755	0.0306969619039903	0.991476152104155	0.0306969619039903
TAF12	0.199794647812046	-0.0599635613762496	0.991476152104155	-0.0599635613762496
DNAJB1	0.199894078004192	0.0911403417388088	0.991476152104155	0.0911403417388088
DHRS4L2	0.199988051468294	0.123352667997686	0.991476152104155	0.123352667997686
AC025159.1	0.19999449282482	-0.0477024163398251	0.991476152104155	-0.0477024163398251
GM2A	0.200013490339226	0.0839312006424723	0.991476152104155	0.0839312006424723
WDR17	0.200054385682334	-0.114805539064279	0.991476152104155	-0.114805539064279
MYL5	0.200126196481796	0.117800305962944	0.991476152104155	0.117800305962944
DCTN3	0.200276150172311	-0.123348326593163	0.991476152104155	-0.123348326593163
LTV1	0.200321101571156	-0.0785795934584628	0.991476152104155	-0.0785795934584628
SNHG7	0.200443477019034	0.080201638511629	0.991476152104155	0.080201638511629
RALGPS1	0.200570168293632	-0.0289796681979953	0.991476152104155	-0.0289796681979953
BAALC	0.200656014562175	-0.0863131607752806	0.991476152104155	-0.0863131607752806
MAPK9	0.20089936303307	-0.0659498696412106	0.991476152104155	-0.0659498696412106
TTC9C	0.200969164710628	0.0553868675895777	0.991476152104155	0.0553868675895777
XPNPEP3	0.200991213102179	-0.0407993305510156	0.991476152104155	-0.0407993305510156
HS2ST1	0.201137403310624	-0.0624735830417436	0.991476152104155	-0.0624735830417436
TMEM131	0.201141039327798	-0.0326820800099136	0.991476152104155	-0.0326820800099136
SRP19	0.201211719414299	0.0408114932481442	0.991476152104155	0.0408114932481442
CARD19	0.201394695004549	-0.0933659049413159	0.991476152104155	-0.0933659049413159
ANKS3	0.201588061795257	0.0464386323417733	0.991476152104155	0.0464386323417733
BRINP1	0.201645876524647	-0.149765047141923	0.991476152104155	-0.149765047141923
SLK	0.201681619767645	-0.043604617555638	0.991476152104155	-0.043604617555638
JAK1	0.201726590475088	0.0328335489469394	0.991476152104155	0.0328335489469394
POT1	0.201831059327009	0.049421392270705	0.991476152104155	0.049421392270705
SPHK2	0.201854654726299	-0.0709510340151292	0.991476152104155	-0.0709510340151292
HMGXB3	0.201863638931213	-0.0666155995142589	0.991476152104155	-0.0666155995142589
WDR44	0.201899576693018	0.0344876038642476	0.991476152104155	0.0344876038642476
ADK	0.20199836448252	-0.0330066611806143	0.991476152104155	-0.0330066611806143
NAV1	0.202026189186852	-0.0220702474090581	0.991476152104155	-0.0220702474090581
EIF2S3	0.202061303617223	-0.0478713385431526	0.991476152104155	-0.0478713385431526
EEF2K	0.202114480843041	-0.0985407846928701	0.991476152104155	-0.0985407846928701
SLC25A18	0.202126566326325	-0.0975154875961547	0.991476152104155	-0.0975154875961547
CARMIL1	0.202146209249711	-0.141365272841327	0.991476152104155	-0.141365272841327
GATB	0.202194615112277	0.0557350698639761	0.991476152104155	0.0557350698639761
PHAX	0.202214699955193	-0.0676681602910359	0.991476152104155	-0.0676681602910359
PAQR8	0.202222574766707	0.0553053741092389	0.991476152104155	0.0553053741092389
UBE2E3	0.202246941323175	-0.0403777470460995	0.991476152104155	-0.0403777470460995
ZNF571	0.202388475614441	-0.0658396389986836	0.991476152104155	-0.0658396389986836
EFTUD2	0.20263025767113	0.0584214861322132	0.991476152104155	0.0584214861322132
GPHN	0.20268299968898	-0.0231855833398303	0.991476152104155	-0.0231855833398303
ING3	0.20269824730295	0.061763664173522	0.991476152104155	0.061763664173522
AC016027.2	0.202816117883871	0.0818755848438135	0.991476152104155	0.0818755848438135
GAS8	0.202854212289965	-0.100908196882316	0.991476152104155	-0.100908196882316
SLC25A5	0.202892722382124	-0.138722759968706	0.991476152104155	-0.138722759968706
LINC00598	0.203065166768637	-0.0600655352264058	0.991476152104155	-0.0600655352264058
PCF11	0.203239899073363	-0.0378272041597001	0.991476152104155	-0.0378272041597001
ITPR1	0.203267899244933	-0.107525143952361	0.991476152104155	-0.107525143952361
SETD1B	0.203322748103224	0.0862646108480141	0.991476152104155	0.0862646108480141
EXTL2	0.203326714977032	0.0733502438911202	0.991476152104155	0.0733502438911202
AC020909.2	0.203447464585723	0.0699671198422806	0.991476152104155	0.0699671198422806
TMLHE	0.203460515986479	-0.0844551991583455	0.991476152104155	-0.0844551991583455
DDRGK1	0.203757131548106	-0.0623086319528982	0.991476152104155	-0.0623086319528982
WDR43	0.203785621061644	-0.055216920235055	0.991476152104155	-0.055216920235055
RNH1	0.203896487631846	-0.0573853954551475	0.991476152104155	-0.0573853954551475
IRS2	0.204189386016491	0.0430569633674531	0.991476152104155	0.0430569633674531
DNAJC10	0.204201367126787	0.0576352021174356	0.991476152104155	0.0576352021174356
CUL5	0.204209627005687	-0.0329558449305406	0.991476152104155	-0.0329558449305406
VPS45	0.204229493769811	0.035541788728272	0.991476152104155	0.035541788728272
TMEM9B-AS1	0.204424260145357	-0.0728156761222215	0.991476152104155	-0.0728156761222215
AZGP1	0.204434410747483	-0.0889734312075842	0.991476152104155	-0.0889734312075842
TIAM2	0.204445879558666	-0.0427484030865351	0.991476152104155	-0.0427484030865351
EIF6	0.204466720333259	0.114038748922723	0.991476152104155	0.114038748922723
FAM210B	0.204562383894903	0.0827688479373692	0.991476152104155	0.0827688479373692
SNX17	0.205270201564436	0.102793655214265	0.991476152104155	0.102793655214265
SSU72	0.205345333216907	-0.0766260971112822	0.991476152104155	-0.0766260971112822
LSS	0.205354748075836	-0.0330532789840915	0.991476152104155	-0.0330532789840915
RBM39	0.20535843401051	0.0244558389410039	0.991476152104155	0.0244558389410039
TRAF7	0.205404372332604	0.091402722346913	0.991476152104155	0.091402722346913
NUDT16L1	0.205453582211069	0.0795200133812587	0.991476152104155	0.0795200133812587
SELENOF	0.205518991965411	0.052484952165389	0.991476152104155	0.052484952165389
PEX16	0.20567263223235	-0.0634345313229676	0.991476152104155	-0.0634345313229676
LIN37	0.205743303303223	-0.0910041877771219	0.991476152104155	-0.0910041877771219
UBAP1	0.205777001699502	0.0339593770183775	0.991476152104155	0.0339593770183775
MCU	0.205808547031247	0.0451734878966831	0.991476152104155	0.0451734878966831
GPR137B	0.205932552154293	-0.0672495833299506	0.991476152104155	-0.0672495833299506
DYNC2H1	0.206296822804463	-0.0553254105277859	0.991476152104155	-0.0553254105277859
ERI3	0.206433332856506	-0.0351725850584397	0.991476152104155	-0.0351725850584397
WDSUB1	0.206523725007622	0.0571147049819073	0.991476152104155	0.0571147049819073
TSEN15	0.206534134264627	-0.0391940317165373	0.991476152104155	-0.0391940317165373
QKI	0.206646648510538	-0.0170218265428908	0.991476152104155	-0.0170218265428908
IZUMO4	0.20673613258611	-0.0654878413683193	0.991476152104155	-0.0654878413683193
PPP1R9B	0.206792507082211	0.117443328444756	0.991476152104155	0.117443328444756
MAP7D1	0.206900846493867	-0.0371377484803773	0.991476152104155	-0.0371377484803773
PRKAB2	0.206947158717817	-0.0574055766927009	0.991476152104155	-0.0574055766927009
POC1B	0.207006556675338	0.044202794259959	0.991476152104155	0.044202794259959
UGDH-AS1	0.207272005339674	0.0410596766820033	0.991476152104155	0.0410596766820033
AKTIP	0.207279504612381	-0.0769322350788818	0.991476152104155	-0.0769322350788818
SCFD1	0.207292872573842	-0.0315959971762663	0.991476152104155	-0.0315959971762663
MYOM1	0.207425261939811	-0.0787922159183608	0.991476152104155	-0.0787922159183608
FASTKD1	0.207485315439248	0.051413276834778	0.991476152104155	0.051413276834778
DDR1	0.207797884741211	-0.0580109865038149	0.991476152104155	-0.0580109865038149
TCOF1	0.207891884425786	-0.0544449756626759	0.991476152104155	-0.0544449756626759
AP2B1	0.207997982739467	0.0397748515579695	0.991476152104155	0.0397748515579695
CCDC146	0.208044296616196	-0.0455326289360582	0.991476152104155	-0.0455326289360582
AC083798.2	0.208136289209209	-0.07985997953534	0.991476152104155	-0.07985997953534
GNG7	0.208263007672871	-0.0303983938806079	0.991476152104155	-0.0303983938806079
SLC35A1	0.208321590749164	0.0783734787748775	0.991476152104155	0.0783734787748775
VSTM4	0.208415349415871	-0.0696248805923921	0.991476152104155	-0.0696248805923921
CCNQ	0.208571623851986	-0.0902094988481594	0.991476152104155	-0.0902094988481594
CAMK2G	0.208581970726417	-0.0882004762107948	0.991476152104155	-0.0882004762107948
TEF	0.208623479407734	-0.0516287831839084	0.991476152104155	-0.0516287831839084
WSB2	0.208810292848608	-0.0549921358930511	0.991476152104155	-0.0549921358930511
LETM1	0.208913834946253	0.0540676253040864	0.991476152104155	0.0540676253040864
IDS	0.208956444029179	-0.0657631823947795	0.991476152104155	-0.0657631823947795
MRTFB	0.208970593883392	0.117758492139847	0.991476152104155	0.117758492139847
C1orf35	0.208973277684446	-0.0604645112274134	0.991476152104155	-0.0604645112274134
IFT172	0.209026191180364	0.033846195837631	0.991476152104155	0.033846195837631
CAV1	0.209173101989606	-0.128876654359215	0.991476152104155	-0.128876654359215
ZNF383	0.209175334920708	0.0631354501523703	0.991476152104155	0.0631354501523703
ILF2	0.209202326616157	-0.0832886173449534	0.991476152104155	-0.0832886173449534
WASF1	0.209219497001121	-0.0888915014723141	0.991476152104155	-0.0888915014723141
ERLEC1	0.209286341573241	0.0645912723123142	0.991476152104155	0.0645912723123142
SPARC	0.20931531164981	-0.0909121472284962	0.991476152104155	-0.0909121472284962
NDUFV3	0.209344456483023	0.0410900458917462	0.991476152104155	0.0410900458917462
CNTNAP4	0.209465004175076	0.0315493689578819	0.991476152104155	0.0315493689578819
UBA1	0.209532427581794	0.0500072519567749	0.991476152104155	0.0500072519567749
SIAH1	0.209533405809656	-0.0612366800375109	0.991476152104155	-0.0612366800375109
PRDM11	0.209581084495701	-0.0711755016066098	0.991476152104155	-0.0711755016066098
DELE1	0.209805164188325	-0.0642819806262059	0.991476152104155	-0.0642819806262059
S100A6	0.209843418725854	-0.130280542062258	0.991476152104155	-0.130280542062258
UTP20	0.209912784232086	0.0428988735364094	0.991476152104155	0.0428988735364094
PPP6R3	0.209941724925064	0.0226099288603891	0.991476152104155	0.0226099288603891
EIF2B5	0.209977212934761	-0.0682289554531656	0.991476152104155	-0.0682289554531656
AC093827.4	0.210026316440788	0.0771053861747482	0.991476152104155	0.0771053861747482
BBS1	0.210069361474885	-0.0870381107360098	0.991476152104155	-0.0870381107360098
FBXL3	0.210317506037828	-0.0523277418748957	0.991476152104155	-0.0523277418748957
SGIP1	0.210447327862921	-0.0303462020322136	0.991476152104155	-0.0303462020322136
ZNF235	0.210493212043462	0.0520882365052198	0.991476152104155	0.0520882365052198
NFKBIB	0.210525790012295	-0.0794301520597443	0.991476152104155	-0.0794301520597443
ZNF432	0.210533223096252	-0.0801008242778424	0.991476152104155	-0.0801008242778424
AP001347.1	0.210545216826143	0.0817793196444847	0.991476152104155	0.0817793196444847
CYB5R3	0.210641748646812	0.0436270939474115	0.991476152104155	0.0436270939474115
CTNS	0.210817507423577	0.0656952146852839	0.991476152104155	0.0656952146852839
SCAF8	0.210920714619506	-0.0273875630130258	0.991476152104155	-0.0273875630130258
PDK4	0.210958336724626	-0.0528355749961748	0.991476152104155	-0.0528355749961748
UACA	0.211007842251489	-0.0575315896859444	0.991476152104155	-0.0575315896859444
NCAPD3	0.211115265291067	-0.0616498043598333	0.991476152104155	-0.0616498043598333
FBXW11	0.211135936986191	0.0322335812290576	0.991476152104155	0.0322335812290576
ANKRD24	0.211138692556952	0.127383089606993	0.991476152104155	0.127383089606993
CDK13	0.211208478617076	-0.0216724607258781	0.991476152104155	-0.0216724607258781
EFNB2	0.211294506122709	-0.0693536175634524	0.991476152104155	-0.0693536175634524
PIKFYVE	0.211374830477487	-0.030534947681702	0.991476152104155	-0.030534947681702
NEMP1	0.211526492546997	0.0926771040975644	0.991476152104155	0.0926771040975644
SLC25A12	0.211613869718932	0.0747866076762913	0.991476152104155	0.0747866076762913
L3MBTL3	0.211671240589438	-0.101491289850752	0.991476152104155	-0.101491289850752
AP001360.3	0.212034495145063	0.0993976435542661	0.991476152104155	0.0993976435542661
NEBL	0.212075098734058	-0.12685006492469	0.991476152104155	-0.12685006492469
FCHO1	0.212229130857662	0.0357736216803889	0.991476152104155	0.0357736216803889
PTBP2	0.212266664710192	0.0220205737292599	0.991476152104155	0.0220205737292599
COG5	0.212360930991257	-0.0271570303586105	0.991476152104155	-0.0271570303586105
ZNF615	0.21236506902455	0.0738507856907239	0.991476152104155	0.0738507856907239
C12orf65	0.212366069223333	-0.0668838600704663	0.991476152104155	-0.0668838600704663
NKD1	0.212369734140271	-0.0636201240031104	0.991476152104155	-0.0636201240031104
CSTF3-DT	0.212629677520847	-0.0974080009583003	0.991476152104155	-0.0974080009583003
PM20D2	0.212633821134547	0.094144179439213	0.991476152104155	0.094144179439213
ACTN4	0.212667138431994	0.0269623237745001	0.991476152104155	0.0269623237745001
PPM1G	0.212835495802891	0.0568222311856724	0.991476152104155	0.0568222311856724
UBE2Q1	0.212930900836869	0.0795627063973911	0.991476152104155	0.0795627063973911
GGA2	0.213146920210073	0.0598378045883946	0.991476152104155	0.0598378045883946
ZBED3	0.213295408055304	-0.0656937564026374	0.991476152104155	-0.0656937564026374
NSMCE1	0.213442827071668	-0.0649064959218894	0.991476152104155	-0.0649064959218894
COQ8A	0.213490020278017	0.046779983101252	0.991476152104155	0.046779983101252
LHFPL2	0.213522789611226	-0.0819713163849765	0.991476152104155	-0.0819713163849765
BRD2	0.213617806130861	0.038268928764006	0.991476152104155	0.038268928764006
AC064807.1	0.213652517933093	0.0819807777741057	0.991476152104155	0.0819807777741057
TOR1AIP1	0.213693660915152	0.0462887638456298	0.991476152104155	0.0462887638456298
SAAL1	0.213701645012343	0.0819045993064913	0.991476152104155	0.0819045993064913
HACD1	0.213814428486695	-0.0714036379262821	0.991476152104155	-0.0714036379262821
KRBOX4	0.213864639658075	0.0409513929118091	0.991476152104155	0.0409513929118091
FOXP1	0.213953706312299	0.0241382016941228	0.991476152104155	0.0241382016941228
TMEM50A	0.21417927887393	-0.0673956621295641	0.991476152104155	-0.0673956621295641
BPNT1	0.214401256930584	0.0839719618520749	0.991476152104155	0.0839719618520749
ZNF131	0.214478735590569	0.033019102926841	0.991476152104155	0.033019102926841
FBXO42	0.214508043232662	0.0393338891120279	0.991476152104155	0.0393338891120279
SAFB	0.214591549880784	0.0373997052800288	0.991476152104155	0.0373997052800288
KARS	0.214634283003545	0.075180381410054	0.991476152104155	0.075180381410054
ST18	0.21465323491784	-0.0225916742564685	0.991476152104155	-0.0225916742564685
MPDZ	0.214765972227238	0.0280199552265662	0.991476152104155	0.0280199552265662
SP2-AS1	0.214843573736386	0.104273573478684	0.991476152104155	0.104273573478684
TRIP6	0.215047891487792	-0.112951872843362	0.991476152104155	-0.112951872843362
B3GLCT	0.215086963305675	0.0991886025077049	0.991476152104155	0.0991886025077049
ARFRP1	0.215106862381869	0.0611762988186887	0.991476152104155	0.0611762988186887
AJAP1	0.215108752405213	0.063992957009858	0.991476152104155	0.063992957009858
CLCC1	0.215183996120448	-0.0678501342999639	0.991476152104155	-0.0678501342999639
XYLT1	0.215288962366544	-0.0566021092488481	0.991476152104155	-0.0566021092488481
SCYL3	0.215361653929801	0.0675678222649193	0.991476152104155	0.0675678222649193
GOLGA8A	0.215440733956641	-0.10719838330199	0.991476152104155	-0.10719838330199
TUFM	0.215572463211021	0.0713990880169547	0.991476152104155	0.0713990880169547
SF3B6	0.215747122840915	0.0952005833579062	0.991476152104155	0.0952005833579062
ADARB2-AS1	0.216075413171683	0.123220145598466	0.991476152104155	0.123220145598466
NR1D2	0.216270019688034	-0.0367928705902001	0.991476152104155	-0.0367928705902001
RAD52	0.216327574328468	0.048625185056399	0.991476152104155	0.048625185056399
AIMP1	0.216337470847053	0.0519971002408072	0.991476152104155	0.0519971002408072
CCDC84	0.216376464927267	0.0452026129204039	0.991476152104155	0.0452026129204039
PLXNC1	0.216535835049858	-0.0973724077973214	0.991476152104155	-0.0973724077973214
FBXW5	0.21665627556983	0.0569950804430301	0.991476152104155	0.0569950804430301
AL160314.2	0.216734173727761	0.048463277820836	0.991476152104155	0.048463277820836
ZNF791	0.216751662498628	0.0378347189337231	0.991476152104155	0.0378347189337231
PPP1R8	0.216766275536312	-0.0604760657234092	0.991476152104155	-0.0604760657234092
AC093791.2	0.216816453323861	0.0950524710410723	0.991476152104155	0.0950524710410723
MAT2A	0.216925064186296	-0.0371824158508597	0.991476152104155	-0.0371824158508597
TMTC1	0.217192063977255	-0.115643014679605	0.991476152104155	-0.115643014679605
LIME1	0.217365555275742	0.0636632193345596	0.991476152104155	0.0636632193345596
ALKBH3	0.217428780023764	0.0550071946906044	0.991476152104155	0.0550071946906044
MPPED1	0.217614036595698	-0.131442148685991	0.991476152104155	-0.131442148685991
ZNF324	0.217685523831641	0.0749475598925946	0.991476152104155	0.0749475598925946
ALDH3A2	0.217708011670532	-0.048606162437334	0.991476152104155	-0.048606162437334
CEP104	0.217782258269579	-0.044026280079631	0.991476152104155	-0.044026280079631
BEX2	0.217831244347214	-0.101573314611358	0.991476152104155	-0.101573314611358
TM2D1	0.217907251260785	0.0389562390636277	0.991476152104155	0.0389562390636277
TIPRL	0.218270717730867	-0.0797773532640924	0.991476152104155	-0.0797773532640924
PIH1D1	0.218476224902518	0.0619932967437638	0.991476152104155	0.0619932967437638
HEATR5A	0.218506973008671	0.0297895017122844	0.991476152104155	0.0297895017122844
ATP6V0D1	0.218571696529988	-0.0576134763159889	0.991476152104155	-0.0576134763159889
COG4	0.21879635772013	0.0460406857876781	0.991476152104155	0.0460406857876781
MPST	0.219118082646679	0.0537553970203051	0.991476152104155	0.0537553970203051
RAD54L2	0.219148682458905	0.043371128694518	0.991476152104155	0.043371128694518
PRKCQ	0.219157098665485	0.0378543958088447	0.991476152104155	0.0378543958088447
MKRN2	0.219303105755237	-0.101206781486979	0.991476152104155	-0.101206781486979
PDE8B	0.219787977283103	0.0713890334931967	0.991476152104155	0.0713890334931967
DNAJB9	0.219836042844708	0.130139876729006	0.991476152104155	0.130139876729006
USP1	0.220035694308726	-0.0663429558373889	0.991476152104155	-0.0663429558373889
CADPS2	0.22017951874055	0.140846903311708	0.991476152104155	0.140846903311708
RPS16	0.220253809255807	-0.0751221593909851	0.991476152104155	-0.0751221593909851
ZKSCAN7	0.220495057925025	0.0865155418059748	0.991476152104155	0.0865155418059748
INPP5K	0.22057510077813	0.0623866175531863	0.991476152104155	0.0623866175531863
USP54	0.220613510565258	-0.0203750762440289	0.991476152104155	-0.0203750762440289
LIG4	0.220618196367518	0.0948130871004568	0.991476152104155	0.0948130871004568
DIP2A	0.220626931705477	0.0298263192572933	0.991476152104155	0.0298263192572933
DCP1B	0.220952003093239	-0.0521429035090088	0.991476152104155	-0.0521429035090088
PSMC3	0.221078366512486	0.111207448922343	0.991476152104155	0.111207448922343
ME2	0.221333466878055	-0.0427634512787982	0.991476152104155	-0.0427634512787982
MRPS33	0.221400691821096	0.0757090004369082	0.991476152104155	0.0757090004369082
SEC11A	0.221456504308128	0.0410107027392312	0.991476152104155	0.0410107027392312
RORB	0.221785578260962	0.0937321490746998	0.991476152104155	0.0937321490746998
FAM184A	0.221922214713715	-0.0987401592376114	0.991476152104155	-0.0987401592376114
CMC2	0.221927629814879	0.0458506458955577	0.991476152104155	0.0458506458955577
TMEM38A	0.221984137933467	-0.156441783257513	0.991476152104155	-0.156441783257513
CRYZL1	0.222065833818427	0.032284428686236	0.991476152104155	0.032284428686236
MGMT	0.222078825999126	-0.045492075998214	0.991476152104155	-0.045492075998214
ZNF345	0.222159945118759	-0.0413978411788241	0.991476152104155	-0.0413978411788241
C17orf67	0.222192823492012	-0.0739264210343513	0.991476152104155	-0.0739264210343513
ARF5	0.222281869050196	-0.140413552842667	0.991476152104155	-0.140413552842667
MED26	0.222327074917716	-0.0836602784463746	0.991476152104155	-0.0836602784463746
STOML2	0.222339945498109	-0.110449916576896	0.991476152104155	-0.110449916576896
GYS1	0.222380499706567	0.0591552730463144	0.991476152104155	0.0591552730463144
BAZ1A	0.222480536791278	0.037594692022895	0.991476152104155	0.037594692022895
AQP4-AS1	0.22250779139918	-0.125536354905205	0.991476152104155	-0.125536354905205
HDGFL3	0.222514663606295	0.0389507029250753	0.991476152104155	0.0389507029250753
FAM222B	0.222544459861851	0.0313875498173896	0.991476152104155	0.0313875498173896
CAB39L	0.222602690859661	0.0478937370103293	0.991476152104155	0.0478937370103293
BSN	0.222624024156316	-0.121912071091129	0.991476152104155	-0.121912071091129
CNN3	0.223074954017593	0.0630268328611478	0.991476152104155	0.0630268328611478
NPIPB6	0.223135511910613	0.115452239517391	0.991476152104155	0.115452239517391
GTF3A	0.223435766037257	0.0693500917722702	0.991476152104155	0.0693500917722702
QRICH1	0.223695892919422	0.0434434450634606	0.991476152104155	0.0434434450634606
COG1	0.223726244220099	-0.110800691778013	0.991476152104155	-0.110800691778013
ZUP1	0.223732285965846	0.061717984802625	0.991476152104155	0.061717984802625
RICTOR	0.223807838912617	-0.0237801028644365	0.991476152104155	-0.0237801028644365
RUNDC1	0.22404194374022	-0.109821906291695	0.991476152104155	-0.109821906291695
VPS33B	0.224136340167184	0.0732440785341966	0.991476152104155	0.0732440785341966
SC5D	0.224152682345207	0.0624297225020834	0.991476152104155	0.0624297225020834
LINC00467	0.224378310122739	-0.0889112424545585	0.991476152104155	-0.0889112424545585
PIN4	0.224682279801754	0.0461655794949976	0.991476152104155	0.0461655794949976
ITGA9-AS1	0.224776973607168	-0.107030131846918	0.991476152104155	-0.107030131846918
AC119674.1	0.224797672149894	-0.0619352876339335	0.991476152104155	-0.0619352876339335
RPP30	0.224813536106114	-0.0703008641738724	0.991476152104155	-0.0703008641738724
PARP1	0.22486590148581	0.0439521296702369	0.991476152104155	0.0439521296702369
AC015871.1	0.225111299255172	-0.0920924831878059	0.991476152104155	-0.0920924831878059
ACSL3	0.225255652983932	0.0340391220691204	0.991476152104155	0.0340391220691204
IFNGR2	0.225346574410129	0.0800339689283549	0.991476152104155	0.0800339689283549
SLC9A1	0.225424164406476	-0.10301676707917	0.991476152104155	-0.10301676707917
COLGALT2	0.225535694497254	0.0237803154578363	0.991476152104155	0.0237803154578363
KIAA0513	0.225548909981127	-0.0945244118152923	0.991476152104155	-0.0945244118152923
GLOD4	0.225585124382721	0.0771681944939501	0.991476152104155	0.0771681944939501
HIRA	0.22570184300881	-0.0612026345305811	0.991476152104155	-0.0612026345305811
AC105285.1	0.225786663694968	-0.0751984837342256	0.991476152104155	-0.0751984837342256
NOS1AP	0.225891918981256	-0.0620465469154861	0.991476152104155	-0.0620465469154861
AP3D1	0.22596860643104	-0.044150070746465	0.991476152104155	-0.044150070746465
HHAT	0.226074110996879	-0.0983412608128166	0.991476152104155	-0.0983412608128166
EXOC6	0.226287713903308	0.0381874258148486	0.991476152104155	0.0381874258148486
PPTC7	0.226314973326446	0.0740283412103954	0.991476152104155	0.0740283412103954
MCAM	0.226342389216853	-0.0453984094774999	0.991476152104155	-0.0453984094774999
EPN1	0.226346321961288	0.0611014390995685	0.991476152104155	0.0611014390995685
GRAMD2B	0.226386411841932	0.0395745603409915	0.991476152104155	0.0395745603409915
PFDN5	0.226501828889901	-0.0809398322767762	0.991476152104155	-0.0809398322767762
FBXO21	0.226524441579426	-0.0348917455452249	0.991476152104155	-0.0348917455452249
PRMT1	0.22658889725662	-0.0556835427411265	0.991476152104155	-0.0556835427411265
LINC00320	0.226619237286717	0.0291511529026345	0.991476152104155	0.0291511529026345
SGK2	0.226722635320029	-0.0631405021555607	0.991476152104155	-0.0631405021555607
PIP4P1	0.226785036792376	0.0775916910173678	0.991476152104155	0.0775916910173678
SPTLC1	0.226888075268602	0.0418252161869653	0.991476152104155	0.0418252161869653
SPAG16	0.22696945759288	-0.0658233006887308	0.991476152104155	-0.0658233006887308
NOTCH1	0.227014993076128	0.0487661183561912	0.991476152104155	0.0487661183561912
DPY19L4	0.227225251847952	0.0413897315633215	0.991476152104155	0.0413897315633215
TTLL11	0.227332401570567	-0.0350349115949962	0.991476152104155	-0.0350349115949962
POP1	0.227344688517032	0.0837226318177819	0.991476152104155	0.0837226318177819
PPIP5K2	0.227413180290659	0.0511666040163197	0.991476152104155	0.0511666040163197
DIPK1C	0.227432160464208	-0.0454562009154282	0.991476152104155	-0.0454562009154282
CTSL	0.227479898707349	0.0723220639047723	0.991476152104155	0.0723220639047723
RBM26	0.227490751095553	0.0239070433185101	0.991476152104155	0.0239070433185101
UBE2J1	0.227494174720552	-0.0509863047799474	0.991476152104155	-0.0509863047799474
UBE2Q2	0.227526333603117	-0.0533091531187527	0.991476152104155	-0.0533091531187527
COPA	0.227780041532308	-0.0299637337510995	0.991476152104155	-0.0299637337510995
POLR3E	0.227857738702349	-0.0628414314112628	0.991476152104155	-0.0628414314112628
ASPHD1	0.2279051280089	0.0390407188200788	0.991476152104155	0.0390407188200788
TUBE1	0.227947526019475	0.0524411393972034	0.991476152104155	0.0524411393972034
CCDC12	0.228137430297528	0.0537166962073458	0.991476152104155	0.0537166962073458
NUP35	0.228255390335574	0.0710936905859038	0.991476152104155	0.0710936905859038
TLK1	0.228493231959256	-0.0601667028437948	0.991476152104155	-0.0601667028437948
LARP1	0.228518793426677	0.0327748694518054	0.991476152104155	0.0327748694518054
PDE6B	0.228557114277086	0.0561726154670586	0.991476152104155	0.0561726154670586
SDHAF2	0.228591346763654	0.0491296981506088	0.991476152104155	0.0491296981506088
CHRNE	0.228727870283002	-0.119857182618442	0.991476152104155	-0.119857182618442
UBALD1	0.228731966886234	0.0663074717673167	0.991476152104155	0.0663074717673167
NECAB3	0.228735575793175	0.113717978013607	0.991476152104155	0.113717978013607
PLIN2	0.228753889805867	0.0884016026541948	0.991476152104155	0.0884016026541948
MGAT4C	0.22903131050092	0.12298418232173	0.991476152104155	0.12298418232173
UPF2	0.22907089393177	0.0354882931646418	0.991476152104155	0.0354882931646418
RNF19A	0.229195179870263	0.0509527984819668	0.991476152104155	0.0509527984819668
TBPL1	0.229270787599249	-0.0750992522930883	0.991476152104155	-0.0750992522930883
TMTC4	0.22938832308683	-0.0354787684891851	0.991476152104155	-0.0354787684891851
ZNF253	0.229542437178027	-0.0499921408809174	0.991476152104155	-0.0499921408809174
N4BP2L1	0.229858544993335	0.0406681135693095	0.991476152104155	0.0406681135693095
EIF5A2	0.230002436573782	-0.107156796214949	0.991476152104155	-0.107156796214949
FAM49B	0.230142376475371	0.0239953563906201	0.991476152104155	0.0239953563906201
DOCK10	0.23014317003026	0.0188495118662597	0.991476152104155	0.0188495118662597
APIP	0.230191652575918	0.0529807412889065	0.991476152104155	0.0529807412889065
MEGF9	0.230230257282455	-0.0266265870356183	0.991476152104155	-0.0266265870356183
NPEPPS	0.230277438848073	-0.0309005799111933	0.991476152104155	-0.0309005799111933
TMEM170B	0.230369324493182	0.0722028795632218	0.991476152104155	0.0722028795632218
LRRC47	0.230409774386829	-0.0718696200733683	0.991476152104155	-0.0718696200733683
UBQLN4	0.23050762033439	0.0570556258335953	0.991476152104155	0.0570556258335953
LINC01098	0.23051105164252	-0.12067853943895	0.991476152104155	-0.12067853943895
PEX19	0.230525731056403	0.0980163596959203	0.991476152104155	0.0980163596959203
BRMS1	0.230563042689367	0.0918534936191802	0.991476152104155	0.0918534936191802
STAT3	0.230579924195505	0.0376922143396718	0.991476152104155	0.0376922143396718
PDZD8	0.230627244911976	-0.0444512218292464	0.991476152104155	-0.0444512218292464
PANTR1	0.230679120973682	-0.0297234183251446	0.991476152104155	-0.0297234183251446
KLRD1	0.230686817077474	0.0821541354098403	0.991476152104155	0.0821541354098403
ZNF83	0.230990922162483	-0.0347008518773848	0.991476152104155	-0.0347008518773848
CFAP97	0.231152992998174	0.0478855038519841	0.991476152104155	0.0478855038519841
POLK	0.231250822967418	0.0259601368629985	0.991476152104155	0.0259601368629985
TMEM202-AS1	0.231378233338323	0.0564807034010351	0.991476152104155	0.0564807034010351
GPN3	0.23151346534632	0.0898739433668638	0.991476152104155	0.0898739433668638
KSR1	0.231523564707095	0.0357354562423152	0.991476152104155	0.0357354562423152
ZNF528-AS1	0.231589762234926	0.0430624666917317	0.991476152104155	0.0430624666917317
ZNF66	0.231617729654946	-0.0771442068177413	0.991476152104155	-0.0771442068177413
MAPK8IP2	0.231674348659586	-0.13266410618501	0.991476152104155	-0.13266410618501
BARD1	0.231872835043207	-0.0553666118889172	0.991476152104155	-0.0553666118889172
SLC4A8	0.231938658625377	-0.0377458320311148	0.991476152104155	-0.0377458320311148
TAFA5	0.232018892343345	-0.0395884178322711	0.991476152104155	-0.0395884178322711
YBEY	0.232024701737152	0.0567656517040385	0.991476152104155	0.0567656517040385
DUXAP8	0.232032008098863	-0.0876630970193879	0.991476152104155	-0.0876630970193879
AMACR	0.232037324059974	0.115347505449279	0.991476152104155	0.115347505449279
GLCCI1	0.232107814858197	-0.05402036430051	0.991476152104155	-0.05402036430051
XPO7	0.232383839688353	-0.035539680484069	0.991476152104155	-0.035539680484069
SNX4	0.232537540911088	0.0360452239215443	0.991476152104155	0.0360452239215443
PACS1	0.232560773861466	-0.0423788008824696	0.991476152104155	-0.0423788008824696
TTPAL	0.232618461314226	-0.0906880811183512	0.991476152104155	-0.0906880811183512
LSAMP-AS1	0.23276001475599	0.241032481135759	0.991476152104155	0.241032481135759
PDGFD	0.23276932243724	0.100083332833163	0.991476152104155	0.100083332833163
ZFAND2B	0.232811855007156	0.0765383342380102	0.991476152104155	0.0765383342380102
PTGDS	0.233001279977447	0.028664171969975	0.991476152104155	0.028664171969975
ANKRD31	0.233110441150955	0.091205207248303	0.991476152104155	0.091205207248303
MOSPD3	0.233185360765182	0.0946716588308275	0.991476152104155	0.0946716588308275
MON1A	0.233280543448609	-0.0852535002385321	0.991476152104155	-0.0852535002385321
ANKRD6	0.233430996964699	-0.124379031833291	0.991476152104155	-0.124379031833291
UBTF	0.233600898578868	-0.0521269100336117	0.991476152104155	-0.0521269100336117
EIF4ENIF1	0.233735526585927	0.0467310811185294	0.991476152104155	0.0467310811185294
FAM210A	0.233805515256951	0.0560520636823357	0.991476152104155	0.0560520636823357
GSE1	0.233815302603622	-0.134329674527148	0.991476152104155	-0.134329674527148
CNOT3	0.233839906605361	0.0540030878726457	0.991476152104155	0.0540030878726457
RBM12B	0.233854996446577	-0.0501104864849903	0.991476152104155	-0.0501104864849903
FRK	0.233905311391192	-0.0593473226726682	0.991476152104155	-0.0593473226726682
MRPL42	0.233912765375768	0.0467612473604948	0.991476152104155	0.0467612473604948
STIMATE	0.234147245015389	-0.0616601211151358	0.991476152104155	-0.0616601211151358
SFT2D2	0.234186571672824	-0.0466560591248864	0.991476152104155	-0.0466560591248864
PPP6C	0.234262423425379	0.0349368845879661	0.991476152104155	0.0349368845879661
CNOT4	0.234347304244572	-0.025177468475455	0.991476152104155	-0.025177468475455
KIF5C	0.234744586283591	0.0300629615150436	0.991476152104155	0.0300629615150436
PRKACB	0.234780795139057	-0.0226681169229884	0.991476152104155	-0.0226681169229884
NUP214	0.234814664751396	0.0333649236907366	0.991476152104155	0.0333649236907366
TMTC2	0.235072595055768	-0.0172393760655208	0.991476152104155	-0.0172393760655208
COPS7A	0.235091946061563	0.0760320387231585	0.991476152104155	0.0760320387231585
RPL18	0.235107884500318	0.0620151809781716	0.991476152104155	0.0620151809781716
RTL10	0.235139428014823	-0.0944809077746019	0.991476152104155	-0.0944809077746019
PREB	0.235155089981956	0.0979113427238822	0.991476152104155	0.0979113427238822
FEZ1	0.235227781715452	0.0314098271158913	0.991476152104155	0.0314098271158913
GTF3C5	0.235278818060128	0.0444613059548045	0.991476152104155	0.0444613059548045
PRKAG1	0.235355415966337	-0.0551525287972363	0.991476152104155	-0.0551525287972363
PAFAH2	0.235396679702096	-0.0672331512944752	0.991476152104155	-0.0672331512944752
AL139807.1	0.235423003718522	-0.0734439051716864	0.991476152104155	-0.0734439051716864
PRDM8	0.235430097966137	0.0990570962731533	0.991476152104155	0.0990570962731533
NR2C1	0.235493957676397	0.0427013630527666	0.991476152104155	0.0427013630527666
ATG3	0.235572087737807	0.053197867274549	0.991476152104155	0.053197867274549
SHARPIN	0.235793482598557	0.0658519730840661	0.991476152104155	0.0658519730840661
RBM38	0.235806378858786	0.0897845840097169	0.991476152104155	0.0897845840097169
ADAMTS1	0.235885171069971	0.0572365145822866	0.991476152104155	0.0572365145822866
ZNF688	0.236034889354809	0.0577768711446924	0.991476152104155	0.0577768711446924
RAD17	0.236138703918963	0.0489403435294331	0.991476152104155	0.0489403435294331
FAM189B	0.236209833006508	0.0621825888152131	0.991476152104155	0.0621825888152131
PHTF2	0.236250479991493	-0.0323850085141105	0.991476152104155	-0.0323850085141105
MBD4	0.236263029754536	-0.0512052077407424	0.991476152104155	-0.0512052077407424
CPS1	0.236424259690287	0.0901976104981728	0.991476152104155	0.0901976104981728
SLC41A3	0.236489033459264	0.100179558727428	0.991476152104155	0.100179558727428
GEN1	0.236533401028746	-0.104238604952951	0.991476152104155	-0.104238604952951
DCAKD	0.236559874760669	-0.0614281592727963	0.991476152104155	-0.0614281592727963
ACP7	0.236577290857168	-0.0676020834340282	0.991476152104155	-0.0676020834340282
AC009126.1	0.236691347950383	0.0468848030809152	0.991476152104155	0.0468848030809152
RBL2	0.236704658058838	-0.0307630760873161	0.991476152104155	-0.0307630760873161
THEM4	0.236737309830791	0.0456203712297192	0.991476152104155	0.0456203712297192
KDM4B	0.23682130558741	-0.0381234535570704	0.991476152104155	-0.0381234535570704
TFDP2	0.23691324473804	-0.0339745292771308	0.991476152104155	-0.0339745292771308
AL512422.1	0.237229942667365	0.124199695809079	0.991476152104155	0.124199695809079
PREP	0.237272109621013	0.0840240608804902	0.991476152104155	0.0840240608804902
MEPCE	0.237376787376517	0.091273837545411	0.991476152104155	0.091273837545411
PAK4	0.237379345715244	-0.050827789524302	0.991476152104155	-0.050827789524302
FAM20C	0.237419910577791	-0.0520600306192953	0.991476152104155	-0.0520600306192953
RNF7	0.237496573875125	-0.10880018696872	0.991476152104155	-0.10880018696872
LSM4	0.237555713994069	0.0833001102587087	0.991476152104155	0.0833001102587087
USP9X	0.237663323458128	-0.031418141840404	0.991476152104155	-0.031418141840404
LRRC37A2	0.237859483539953	0.0566594045547935	0.991476152104155	0.0566594045547935
VPS13A	0.237926500221402	0.147046048708949	0.991476152104155	0.147046048708949
FAM89B	0.237934476045331	-0.0980201039183982	0.991476152104155	-0.0980201039183982
GON4L	0.238033005964675	-0.0412855658884603	0.991476152104155	-0.0412855658884603
NVL	0.238180392544772	0.0402523738462738	0.991476152104155	0.0402523738462738
DNER	0.238206209368095	0.0259982193947207	0.991476152104155	0.0259982193947207
RNF216	0.238326285623282	-0.030444255936796	0.991476152104155	-0.030444255936796
PSMA5	0.238351517727756	0.0741837666335757	0.991476152104155	0.0741837666335757
VCPKMT	0.238375484338024	0.0625469878189456	0.991476152104155	0.0625469878189456
HTATSF1	0.238469197960931	0.0676638176755904	0.991476152104155	0.0676638176755904
HUS1	0.23848063648356	0.0803782530440123	0.991476152104155	0.0803782530440123
AC013287.1	0.23864518023188	-0.148669122754277	0.991476152104155	-0.148669122754277
PPP2R3A	0.238677604526639	0.028532474941073	0.991476152104155	0.028532474941073
AC009404.1	0.238897629607259	-0.0972678224058114	0.991476152104155	-0.0972678224058114
ANKRA2	0.23898875324864	0.0548450247166613	0.991476152104155	0.0548450247166613
GCNT1	0.238999235175576	-0.113594050263385	0.991476152104155	-0.113594050263385
SELENOP	0.239055352216783	0.0533921362714064	0.991476152104155	0.0533921362714064
MAN2A1	0.239070562168133	0.0191524847538504	0.991476152104155	0.0191524847538504
TXNL4A	0.239086789332272	-0.0516337750481732	0.991476152104155	-0.0516337750481732
PEPD	0.239180223445508	-0.0470469778198648	0.991476152104155	-0.0470469778198648
ATP5PD	0.239235326372762	-0.136129178995611	0.991476152104155	-0.136129178995611
ELP6	0.239343669473013	0.0743480205367649	0.991476152104155	0.0743480205367649
LINC01010	0.239720974656942	0.0622296015005394	0.991476152104155	0.0622296015005394
TRA2A	0.239989770259291	0.0213859292800892	0.991476152104155	0.0213859292800892
FANCL	0.240055864567904	-0.0329294672453421	0.991476152104155	-0.0329294672453421
HNRNPK	0.240196912454007	0.0385081639588477	0.991476152104155	0.0385081639588477
SNRNP200	0.240199742138817	-0.0480618803668046	0.991476152104155	-0.0480618803668046
NAP1L1	0.240228179384187	0.0420522388358972	0.991476152104155	0.0420522388358972
ABHD15-AS1	0.240276481266908	-0.10077613522801	0.991476152104155	-0.10077613522801
U73166.1	0.24046874767397	-0.112303652915106	0.991476152104155	-0.112303652915106
PGM1	0.240641535931799	0.0942468004031389	0.991476152104155	0.0942468004031389
AC099778.1	0.240686545527869	0.0788023286775368	0.991476152104155	0.0788023286775368
BRK1	0.240817751532084	0.095095354316658	0.991476152104155	0.095095354316658
FUZ	0.240866421311509	-0.0872373944778718	0.991476152104155	-0.0872373944778718
NCAM1	0.240954435498024	-0.0144957964373676	0.991476152104155	-0.0144957964373676
AK7	0.241313596039152	-0.102403619171706	0.991476152104155	-0.102403619171706
POMGNT1	0.241398980647635	0.0527211136650287	0.991476152104155	0.0527211136650287
ENTPD5	0.241553620228563	-0.0818279595110263	0.991476152104155	-0.0818279595110263
AC084198.2	0.241573775672669	0.046836475428789	0.991476152104155	0.046836475428789
RPGR	0.241837710447924	-0.0733084107466934	0.991476152104155	-0.0733084107466934
ZBTB18	0.241895037940776	-0.0898117209395152	0.991476152104155	-0.0898117209395152
LINC01695	0.241963013856759	-0.0960556740169502	0.991476152104155	-0.0960556740169502
UBE2F	0.242076727631528	0.0452275471061085	0.991476152104155	0.0452275471061085
NOM1	0.242092859198918	0.069248009177662	0.991476152104155	0.069248009177662
MANBA	0.242161478276581	-0.0456379495253944	0.991476152104155	-0.0456379495253944
ZNF682	0.242388045174202	0.050861338813716	0.991476152104155	0.050861338813716
EIF5	0.242435017133975	-0.0432085911407764	0.991476152104155	-0.0432085911407764
UBR1	0.242567547543011	0.0250874490968842	0.991476152104155	0.0250874490968842
VPS72	0.242593210186691	0.0681068595392207	0.991476152104155	0.0681068595392207
TAF6	0.242658611419681	0.0974478804053948	0.991476152104155	0.0974478804053948
CCDC30	0.242801147201964	0.0494659809190878	0.991476152104155	0.0494659809190878
NTN4	0.242802703158219	-0.11881762969343	0.991476152104155	-0.11881762969343
TXNDC12	0.24297459288103	0.0707418868105454	0.991476152104155	0.0707418868105454
SREBF1	0.242992622630094	-0.0397654917054175	0.991476152104155	-0.0397654917054175
MTUS1	0.243039914425488	0.0268590164221042	0.991476152104155	0.0268590164221042
AMZ2	0.24309327741247	0.0769148331647232	0.991476152104155	0.0769148331647232
CCNY	0.243188816102246	-0.0261060149203645	0.991476152104155	-0.0261060149203645
CACTIN	0.243216262409049	0.0751125015269031	0.991476152104155	0.0751125015269031
GJB1	0.243457623364129	0.067812816912933	0.991476152104155	0.067812816912933
GARNL3	0.243559050768351	0.0280450299732049	0.991476152104155	0.0280450299732049
HSCB	0.243572855384053	0.0535439888358376	0.991476152104155	0.0535439888358376
AC078785.1	0.243624955081404	0.0598988635599632	0.991476152104155	0.0598988635599632
MAPKAP1	0.243645086158165	0.0309609247202867	0.991476152104155	0.0309609247202867
ANKMY1	0.243777354694941	-0.0483118855216038	0.991476152104155	-0.0483118855216038
CCDC85A	0.24380319713085	-0.134537736322149	0.991476152104155	-0.134537736322149
LINC01122	0.243834475770389	-0.0547497130627475	0.991476152104155	-0.0547497130627475
PHKG2	0.243890868217607	-0.0841829288477487	0.991476152104155	-0.0841829288477487
DNAAF2	0.243961403647633	0.0932773140792095	0.991476152104155	0.0932773140792095
ZBTB48	0.244368655447738	-0.0769805348397969	0.991476152104155	-0.0769805348397969
DISC1FP1	0.244461673631425	0.0854459520938614	0.991476152104155	0.0854459520938614
METTL22	0.244478948050576	-0.0724438293567283	0.991476152104155	-0.0724438293567283
ZNF318	0.244482232458243	0.0392920390322641	0.991476152104155	0.0392920390322641
BBOF1	0.244639121574222	0.0828952510462469	0.991476152104155	0.0828952510462469
AP000487.1	0.244680046324285	0.0667476646695496	0.991476152104155	0.0667476646695496
SLC25A33	0.244854806621585	-0.0639769182853084	0.991476152104155	-0.0639769182853084
MIER2	0.244904100590772	0.0653195711010436	0.991476152104155	0.0653195711010436
CARS2	0.244906098401088	0.0373013789291358	0.991476152104155	0.0373013789291358
SHISA4	0.2449677383171	0.067876922020345	0.991476152104155	0.067876922020345
SLC46A3	0.244984858924769	-0.0619061722331073	0.991476152104155	-0.0619061722331073
EIF1	0.245218978520766	0.0502767003265366	0.991476152104155	0.0502767003265366
DNM2	0.245243935736036	-0.0307788709174298	0.991476152104155	-0.0307788709174298
MIR193BHG	0.245270380298368	0.0808803729670515	0.991476152104155	0.0808803729670515
MRI1	0.245684463361917	0.0671890772411678	0.991476152104155	0.0671890772411678
YTHDC2	0.245699454658419	-0.0345181962060814	0.991476152104155	-0.0345181962060814
TTLL4	0.245751197221752	-0.0638515707684055	0.991476152104155	-0.0638515707684055
MBD6	0.245751756800349	0.0601427504513128	0.991476152104155	0.0601427504513128
LINC00476	0.245835545554262	0.0369735754861793	0.991476152104155	0.0369735754861793
MED30	0.246012371701722	0.0652109673782836	0.991476152104155	0.0652109673782836
TMEM42	0.246025714665903	0.0663608282627708	0.991476152104155	0.0663608282627708
PATJ	0.246033842540777	0.0617906569092243	0.991476152104155	0.0617906569092243
BICC1	0.246179287888569	-0.115855424646835	0.991476152104155	-0.115855424646835
MARK4	0.246285148455111	0.0415496351383655	0.991476152104155	0.0415496351383655
LRRCC1	0.246472732886094	0.0672777577622191	0.991476152104155	0.0672777577622191
COPS9	0.246535605826475	0.129014443832552	0.991476152104155	0.129014443832552
DHX40	0.246652084026472	0.0635534915046565	0.991476152104155	0.0635534915046565
ENDOD1	0.246653518063577	-0.0341172282352057	0.991476152104155	-0.0341172282352057
NOC2L	0.246819738300365	0.0539468417417246	0.991476152104155	0.0539468417417246
FMR1	0.246886381784813	0.0558053753328207	0.991476152104155	0.0558053753328207
TEDC1	0.246975109121292	0.0813986979970531	0.991476152104155	0.0813986979970531
SLC35A4	0.247112500510241	0.105059155014447	0.991476152104155	0.105059155014447
PTCH1	0.247167558521838	-0.0444690538556334	0.991476152104155	-0.0444690538556334
ERBB3	0.247205859685273	0.0254773726361119	0.991476152104155	0.0254773726361119
RAPGEF1	0.247409331790794	-0.0439304774931065	0.991476152104155	-0.0439304774931065
TAF1	0.247647045090233	0.0341507997297876	0.991476152104155	0.0341507997297876
SEMA4C	0.247721463750296	-0.0520847870718199	0.991476152104155	-0.0520847870718199
ZNF528	0.247783871067955	0.0649969261423283	0.991476152104155	0.0649969261423283
CLIP2	0.247861996899964	0.028369286254666	0.991476152104155	0.028369286254666
USP13	0.248044633576113	0.0434438953479911	0.991476152104155	0.0434438953479911
ATAD3C	0.248291690242581	0.0708009283387505	0.991476152104155	0.0708009283387505
TUBGCP2	0.248359957558846	-0.0455956025323693	0.991476152104155	-0.0455956025323693
LINC01515	0.248468073605504	-0.186323711290865	0.991476152104155	-0.186323711290865
TSPAN15	0.248504428873361	0.0341531964198105	0.991476152104155	0.0341531964198105
CDAN1	0.248560690028367	0.0821331014359579	0.991476152104155	0.0821331014359579
RESF1	0.248653868289744	-0.0446585079306464	0.991476152104155	-0.0446585079306464
CES4A	0.248668421094453	0.044907266074523	0.991476152104155	0.044907266074523
ZNF428	0.248702574621555	0.0715967145455766	0.991476152104155	0.0715967145455766
TTC1	0.248872479820266	-0.0440972410265325	0.991476152104155	-0.0440972410265325
MTMR4	0.248888518550057	0.0370265074750412	0.991476152104155	0.0370265074750412
NAT8L	0.248971591289637	0.0669042668672348	0.991476152104155	0.0669042668672348
COX10-AS1	0.248980248289453	-0.0619048383571203	0.991476152104155	-0.0619048383571203
NPIPB4	0.249019194816432	0.0709266261837663	0.991476152104155	0.0709266261837663
PRPF19	0.249081905133333	-0.0836705249176074	0.991476152104155	-0.0836705249176074
FRRS1L	0.249087547621007	-0.100297913886773	0.991476152104155	-0.100297913886773
CHKA	0.249144621878392	-0.0275587756446047	0.991476152104155	-0.0275587756446047
NECTIN1	0.249371202581924	0.0329760229476043	0.991476152104155	0.0329760229476043
GABBR2	0.249373568797762	-0.121603162906067	0.991476152104155	-0.121603162906067
NLGN2	0.249422345522832	-0.0597442878632533	0.991476152104155	-0.0597442878632533
KLC1	0.249463249017618	-0.0343835463661859	0.991476152104155	-0.0343835463661859
PIEZO2	0.249540946706502	-0.0292218839015773	0.991476152104155	-0.0292218839015773
TTLL1	0.249658187013869	0.0747391019672861	0.991476152104155	0.0747391019672861
AC012184.3	0.24978493450223	-0.077757400929551	0.991476152104155	-0.077757400929551
PYCR2	0.24987668520358	0.0627215846213906	0.991476152104155	0.0627215846213906
KPTN	0.250082137211021	0.0853493243529525	0.991476152104155	0.0853493243529525
DPP3	0.250330553657946	-0.0840653969767454	0.991476152104155	-0.0840653969767454
C6orf89	0.250373623002075	0.0299992227145533	0.991476152104155	0.0299992227145533
STX16	0.250416095083167	0.031378455326851	0.991476152104155	0.031378455326851
MCTS1	0.250424022032072	0.055072609142506	0.991476152104155	0.055072609142506
S100A13	0.250444296224848	0.11866009672373	0.991476152104155	0.11866009672373
WRNIP1	0.250446483335094	-0.0433070712222335	0.991476152104155	-0.0433070712222335
AGAP4	0.250594830424278	0.0692942984091968	0.991476152104155	0.0692942984091968
EAPP	0.250626896107327	-0.0341770428493939	0.991476152104155	-0.0341770428493939
MEIS2	0.250729923251541	-0.0236624683828301	0.991476152104155	-0.0236624683828301
P4HA1	0.250950286609376	-0.0626562627413319	0.991476152104155	-0.0626562627413319
AC012360.3	0.25124368961812	-0.100071324052481	0.991476152104155	-0.100071324052481
TMEM240	0.251261372986633	0.121023903797561	0.991476152104155	0.121023903797561
ENTPD6	0.251308250700743	-0.0803876383064048	0.991476152104155	-0.0803876383064048
SMG9	0.251332028052338	-0.0428626043852995	0.991476152104155	-0.0428626043852995
CFAP43	0.251464459172425	0.0846767452186045	0.991476152104155	0.0846767452186045
MINDY3	0.251478987973518	-0.0477258685734222	0.991476152104155	-0.0477258685734222
ALAS1	0.251498632113346	0.101380167287415	0.991476152104155	0.101380167287415
ZNF644	0.25159432334229	-0.0238772742630553	0.991476152104155	-0.0238772742630553
NTHL1	0.251733564542085	0.0726614043944376	0.991476152104155	0.0726614043944376
KCNH8	0.251917325666145	-0.0254850808381279	0.991476152104155	-0.0254850808381279
ARHGEF9	0.251935937606675	-0.0513862387819876	0.991476152104155	-0.0513862387819876
CSDE1	0.25200604840169	0.0404525094863468	0.991476152104155	0.0404525094863468
AC074032.1	0.252063895369373	0.0359858411065279	0.991476152104155	0.0359858411065279
APH1B	0.25208814947546	-0.0565534740959564	0.991476152104155	-0.0565534740959564
ABCD4	0.252119959880098	0.0376745863767523	0.991476152104155	0.0376745863767523
ANK3	0.252223712285414	-0.0157016451214525	0.991476152104155	-0.0157016451214525
IPMK	0.252236713204389	0.0549818422068059	0.991476152104155	0.0549818422068059
MAU2	0.252395806467453	-0.0354963618821053	0.991476152104155	-0.0354963618821053
NRBP1	0.252448358403749	-0.043906818161781	0.991476152104155	-0.043906818161781
ZBTB21	0.252488452534653	-0.07935500780107	0.991476152104155	-0.07935500780107
RUVBL2	0.252630768571073	0.0666857013495874	0.991476152104155	0.0666857013495874
DESI1	0.252718893410247	-0.0587852848073029	0.991476152104155	-0.0587852848073029
RC3H2	0.252843079180129	-0.0360603710455496	0.991476152104155	-0.0360603710455496
RPRD1B	0.252907530194954	0.0466745410363461	0.991476152104155	0.0466745410363461
RNF19B	0.252956874199969	0.0896415398760209	0.991476152104155	0.0896415398760209
FIBP	0.252962041734932	0.115715549570049	0.991476152104155	0.115715549570049
BRIX1	0.252970764683086	-0.0799103090771767	0.991476152104155	-0.0799103090771767
FSTL5	0.252973972868853	0.11888229047405	0.991476152104155	0.11888229047405
PSMB5	0.253088556515028	-0.0605556255036515	0.991476152104155	-0.0605556255036515
KEAP1	0.253407723438789	0.0454162894232391	0.991476152104155	0.0454162894232391
NFE2L2	0.253522808358748	-0.0279624115143325	0.991476152104155	-0.0279624115143325
TNRC6B	0.253528266063586	0.0161809644095503	0.991476152104155	0.0161809644095503
MTFR1	0.253530697794033	-0.0388911480856918	0.991476152104155	-0.0388911480856918
ZNF532	0.253535297708355	0.0268789715567215	0.991476152104155	0.0268789715567215
ERVK3-1	0.253640003415449	0.0657124409952644	0.991476152104155	0.0657124409952644
KCTD1	0.25386914955442	-0.0620297087106488	0.991476152104155	-0.0620297087106488
CHCHD7	0.253912520085452	-0.0999162151074921	0.991476152104155	-0.0999162151074921
VASH1	0.253926040543099	-0.0520012032299356	0.991476152104155	-0.0520012032299356
PSMD6	0.253946645449795	-0.083758377536751	0.991476152104155	-0.083758377536751
AL353135.2	0.254017349162935	0.181244814908943	0.991476152104155	0.181244814908943
ISCA1	0.254122756121501	0.07151185900487	0.991476152104155	0.07151185900487
RNGTT	0.254186531227317	-0.030660318922709	0.991476152104155	-0.030660318922709
GORASP1	0.254302804261787	0.0833563914740078	0.991476152104155	0.0833563914740078
AC116552.1	0.254416493864089	-0.0990047806464848	0.991476152104155	-0.0990047806464848
PISD	0.254447046260423	0.0527058607518033	0.991476152104155	0.0527058607518033
AL353743.2	0.25449530548238	-0.0506178926575206	0.991476152104155	-0.0506178926575206
TUBA1B	0.254535649792133	-0.0873475445546576	0.991476152104155	-0.0873475445546576
CCNB1IP1	0.25465184288817	-0.0682526977654314	0.991476152104155	-0.0682526977654314
STIP1	0.25479342097954	0.0582522411481535	0.991476152104155	0.0582522411481535
GABPA	0.254806965847832	0.0431035913190963	0.991476152104155	0.0431035913190963
PSME3	0.254834960213689	0.0865963023255261	0.991476152104155	0.0865963023255261
ENPP6	0.25498000204703	-0.063419247084369	0.991476152104155	-0.063419247084369
PKD1	0.254980605578097	-0.0517197688387176	0.991476152104155	-0.0517197688387176
IVD	0.254985830292746	0.0398574015279524	0.991476152104155	0.0398574015279524
MND1	0.25515819087589	-0.0636238790889419	0.991476152104155	-0.0636238790889419
BIRC2	0.255288903960656	0.0427345200192906	0.991476152104155	0.0427345200192906
SCAF4	0.255381548213157	0.041021422537249	0.991476152104155	0.041021422537249
GRM3	0.2554700774111	0.0201955875329018	0.991476152104155	0.0201955875329018
CHD1	0.255530499318204	-0.0296570206724423	0.991476152104155	-0.0296570206724423
HGSNAT	0.255612677752031	0.0434534358419907	0.991476152104155	0.0434534358419907
CRADD	0.25563595461484	-0.0277179163969301	0.991476152104155	-0.0277179163969301
MLH1	0.255665402359756	-0.0461537829480759	0.991476152104155	-0.0461537829480759
TRA2B	0.25571834977877	0.0334076707494195	0.991476152104155	0.0334076707494195
HSPA14-1	0.255731294122578	0.0801420535275313	0.991476152104155	0.0801420535275313
ADNP	0.255789679750687	0.0223712624242305	0.991476152104155	0.0223712624242305
WBP1	0.255810129314478	0.0674148544805984	0.991476152104155	0.0674148544805984
FAF1	0.255966360447673	0.0190272183694103	0.991476152104155	0.0190272183694103
SLC25A16	0.256300789082375	0.0422553130563633	0.991476152104155	0.0422553130563633
CALML4	0.256374995779111	0.0777366979929549	0.991476152104155	0.0777366979929549
VLDLR	0.256410597891163	0.0499822409807234	0.991476152104155	0.0499822409807234
AC078881.1	0.25645281492434	-0.0376544499472504	0.991476152104155	-0.0376544499472504
BBS7	0.256501931899336	-0.0607276799117968	0.991476152104155	-0.0607276799117968
DNAJC11	0.25655458449157	-0.0423846618982803	0.991476152104155	-0.0423846618982803
NGFR	0.256683711034474	-0.0919301880858346	0.991476152104155	-0.0919301880858346
TPP1	0.256741070810788	0.0631479030846463	0.991476152104155	0.0631479030846463
PAN3	0.256781668966771	0.0232527639819766	0.991476152104155	0.0232527639819766
HECTD2	0.256897231902516	-0.0843221191442651	0.991476152104155	-0.0843221191442651
AUP1	0.256907033045659	0.0524029290488466	0.991476152104155	0.0524029290488466
KCNJ6	0.257113467732265	0.160602028512094	0.991476152104155	0.160602028512094
SUSD6	0.257252580271315	0.0444441780350248	0.991476152104155	0.0444441780350248
TTC26	0.257264526857696	0.0899866019256319	0.991476152104155	0.0899866019256319
ANAPC10	0.257373154631997	-0.0344253274461797	0.991476152104155	-0.0344253274461797
IDI1	0.25744963724553	-0.0562696473773969	0.991476152104155	-0.0562696473773969
B4GALNT4	0.257466257575385	0.0613845031572116	0.991476152104155	0.0613845031572116
FAIM2	0.257567603654665	0.0471629751733588	0.991476152104155	0.0471629751733588
KCMF1	0.257636478837087	-0.0419746220869833	0.991476152104155	-0.0419746220869833
FANCM	0.257654703104237	0.0655132173914655	0.991476152104155	0.0655132173914655
CC2D2A	0.257688359997967	0.0593346075357095	0.991476152104155	0.0593346075357095
GOLGA8B	0.257698569799032	0.122969566194393	0.991476152104155	0.122969566194393
GPM6B	0.257747594797009	-0.0214072011122078	0.991476152104155	-0.0214072011122078
DNAJC22	0.257767332829448	-0.0908764501855041	0.991476152104155	-0.0908764501855041
CDK4	0.258135099538209	0.0888439618583306	0.991476152104155	0.0888439618583306
TBC1D1	0.258163830923958	-0.112411675263232	0.991476152104155	-0.112411675263232
MSRB2	0.258211810792256	0.0575258630326458	0.991476152104155	0.0575258630326458
RRM2B	0.25824238329903	0.0662104088124007	0.991476152104155	0.0662104088124007
OLFM3	0.258287600970937	-0.133441919497137	0.991476152104155	-0.133441919497137
AMPD3	0.258301998942492	0.0459438817691951	0.991476152104155	0.0459438817691951
LRRC14	0.258359991424693	-0.0960178215889607	0.991476152104155	-0.0960178215889607
UBE2D2	0.258549955494885	0.0297661099970314	0.991720375947653	0.0297661099970314
PBRM1	0.258786733537691	0.0222078183242473	0.991720375947653	0.0222078183242473
GTF2B	0.258859579637134	-0.050040617191748	0.991720375947653	-0.050040617191748
JMJD4	0.258908397859599	0.0900017469628855	0.991720375947653	0.0900017469628855
ZSCAN29	0.258928148204747	0.0696884659799349	0.991720375947653	0.0696884659799349
YIF1A	0.259095008331758	0.0845936958017565	0.991720375947653	0.0845936958017565
AC097534.2	0.259206807834146	0.0675037071039735	0.991720375947653	0.0675037071039735
KIFC3	0.259207239478897	0.0464902060645391	0.991720375947653	0.0464902060645391
TMEM14A	0.259257555068816	-0.136828041848073	0.991720375947653	-0.136828041848073
THEMIS2	0.259378389858219	0.0815571747160216	0.991828119561456	0.0815571747160216
SELENOO	0.259956129020302	0.04465682886111	0.993398867315924	0.04465682886111
NDUFS7	0.259974794669896	-0.0417286613324501	0.993398867315924	-0.0417286613324501
FOXK2	0.260127093549329	-0.0272365634165322	0.993626082176471	-0.0272365634165322
PHF2	0.260259716950524	0.0445245851375327	0.993778005894206	0.0445245851375327
RUNX1T1	0.260488969224954	0.0809639349168127	0.994252750479722	0.0809639349168127
DCAF1	0.260635617339143	0.0469192513771314	0.994252750479722	0.0469192513771314
TRPM3	0.260877702791667	-0.114538515582745	0.994252750479722	-0.114538515582745
DTYMK	0.260973898279314	0.0719971406107011	0.994252750479722	0.0719971406107011
ZNF280C	0.261030242874496	0.0707901275581846	0.994252750479722	0.0707901275581846
KIAA2013	0.261063384784353	0.048433162948367	0.994252750479722	0.048433162948367
RPL27A	0.261066358577138	0.0756358156154179	0.994252750479722	0.0756358156154179
ACAD11	0.261127205605765	0.0329326508967677	0.994252750479722	0.0329326508967677
NEK9	0.261231448217225	-0.0292230221986154	0.99426398088278	-0.0292230221986154
TELO2	0.261327391999219	-0.0656170687180675	0.99426398088278	-0.0656170687180675
Z95331.1	0.261408842586578	0.0723440792626454	0.99426398088278	0.0723440792626454
EIF4E2	0.261636359982205	0.0438694434609125	0.994603893420021	0.0438694434609125
SLC22A15	0.261731791655277	0.0308305024563734	0.994603893420021	0.0308305024563734
CCNI	0.262106753895057	0.0473547449672693	0.994603893420021	0.0473547449672693
WWP2	0.262135340927887	0.0301634400334138	0.994603893420021	0.0301634400334138
PEX1	0.262287908920131	-0.0415572312433391	0.994603893420021	-0.0415572312433391
ZCRB1	0.262594310631246	0.0603336172692189	0.994603893420021	0.0603336172692189
RALBP1	0.262865692744285	-0.0413099502320097	0.994603893420021	-0.0413099502320097
FAM174A	0.262932207061074	0.0798766276979304	0.994603893420021	0.0798766276979304
ZMYM6	0.263069678459682	0.0444105864230143	0.994603893420021	0.0444105864230143
FAM66D	0.263154231146466	0.0741238583981899	0.994603893420021	0.0741238583981899
PSMC6	0.263345958346673	0.0452591676324379	0.994603893420021	0.0452591676324379
HARS2	0.263373439828127	0.0595316951675723	0.994603893420021	0.0595316951675723
AC026341.1	0.263379244575837	0.048753709165642	0.994603893420021	0.048753709165642
CARD8	0.263494844767946	0.0504328489462974	0.994603893420021	0.0504328489462974
CCDC7	0.263608517409849	0.0383335780627159	0.994603893420021	0.0383335780627159
PIK3CA	0.263808493702802	0.04142572307208	0.994603893420021	0.04142572307208
LRRN1	0.263884584898854	-0.0938568611111974	0.994603893420021	-0.0938568611111974
TUBB4A	0.263888027131945	-0.0420338459749939	0.994603893420021	-0.0420338459749939
AC079921.1	0.263911172922678	0.0774976683945949	0.994603893420021	0.0774976683945949
LINC00472	0.264058866521142	0.0683937184953672	0.994603893420021	0.0683937184953672
LRP6	0.264168007190601	-0.0278382535569335	0.994603893420021	-0.0278382535569335
PDZD2	0.26416936605936	-0.0381895885520807	0.994603893420021	-0.0381895885520807
SPRYD7	0.264466813658354	0.0507127899059905	0.994603893420021	0.0507127899059905
ATRIP	0.264509789749119	0.083716520704457	0.994603893420021	0.083716520704457
SOX8	0.264555502589351	0.0414355059496627	0.994603893420021	0.0414355059496627
TBCK	0.264625473917289	0.0300050814897626	0.994603893420021	0.0300050814897626
ZKSCAN2-DT	0.264727842019203	0.0761077626427875	0.994603893420021	0.0761077626427875
PLPBP	0.264773048673751	0.06117626828952	0.994603893420021	0.06117626828952
GNL2	0.264865857817284	0.078029070714044	0.994603893420021	0.078029070714044
MOSPD2	0.264923988773261	0.0338937533473274	0.994603893420021	0.0338937533473274
SUPT5H	0.264968783373709	0.0389037052883286	0.994603893420021	0.0389037052883286
CHMP7	0.26506776569938	0.0730884312780233	0.994603893420021	0.0730884312780233
EMD	0.265091649283536	-0.0772425131135257	0.994603893420021	-0.0772425131135257
PPP2CB	0.265109376767479	0.0323485676184874	0.994603893420021	0.0323485676184874
LINC01099	0.265114661889518	-0.078641178105557	0.994603893420021	-0.078641178105557
DUSP22	0.265160421554905	-0.050045340462509	0.994603893420021	-0.050045340462509
RHEB	0.265194484632469	-0.055597214971983	0.994603893420021	-0.055597214971983
ANKRD12	0.265274573589582	-0.0223362045592799	0.994603893420021	-0.0223362045592799
PDE4D	0.265395744322002	0.0652046085907934	0.994603893420021	0.0652046085907934
AC137894.3	0.26545283851948	-0.0586851478982215	0.994603893420021	-0.0586851478982215
SIRT7	0.265455228044828	-0.0485400171066461	0.994603893420021	-0.0485400171066461
DHRS12	0.26545629613271	0.0657366738048071	0.994603893420021	0.0657366738048071
OAZ1	0.265494097309259	-0.0663094013262067	0.994603893420021	-0.0663094013262067
SPINDOC	0.265734168587308	0.0610199065834575	0.995154935755758	0.0610199065834575
BTF3L4	0.265918420688298	0.0391226535061232	0.99549662701184	0.0391226535061232
CBFA2T2	0.26602583134784	0.0237126317811027	0.99555051500557	0.0237126317811027
TFAM	0.266158126051134	-0.0810475816182687	0.995697456527539	-0.0810475816182687
SASS6	0.266522232779848	0.0605742008345921	0.995891095795468	0.0605742008345921
AJM1	0.266666513737212	-0.0938781889915973	0.995891095795468	-0.0938781889915973
CPB1	0.266702694472158	0.0606846771563472	0.995891095795468	0.0606846771563472
DMGDH	0.266753010934071	-0.070719640469086	0.995891095795468	-0.070719640469086
CASC2	0.266812646323887	-0.0776964163818356	0.995891095795468	-0.0776964163818356
PKD1L1	0.266888542831466	-0.0833669435119518	0.995891095795468	-0.0833669435119518
OST4	0.266955534795345	0.104820360561699	0.995891095795468	0.104820360561699
ZNF141	0.267005349448461	-0.0484234753966201	0.995891095795468	-0.0484234753966201
TOR1B	0.267058419611023	-0.0585412730906334	0.995891095795468	-0.0585412730906334
NPHP4	0.267140365881415	0.0581885428244972	0.995891095795468	0.0581885428244972
DNHD1	0.26727943833708	-0.038224442790787	0.996062614387802	-0.038224442790787
GGCX	0.267561755525587	-0.0734983626211511	0.99657620736348	-0.0734983626211511
SIVA1	0.267603477526174	0.0728821512770395	0.99657620736348	0.0728821512770395
CXXC5	0.267773203454923	0.0316318434962248	0.996861424896711	0.0316318434962248
DUS3L	0.26831565496901	0.0769802623070084	0.99832044829263	0.0769802623070084
RAB11FIP2	0.268514040679935	-0.0359090012881832	0.99832044829263	-0.0359090012881832
SCML2	0.268545620755196	0.0857813075203089	0.99832044829263	0.0857813075203089
LSAMP	0.268744406608466	0.0283429003517977	0.99832044829263	0.0283429003517977
AC117386.2	0.268870672601986	0.0935101832067526	0.99832044829263	0.0935101832067526
DHX34	0.269386745758332	0.0426308565805801	0.99832044829263	0.0426308565805801
ZNHIT1	0.269449893001061	-0.0713495266890407	0.99832044829263	-0.0713495266890407
SEZ6L	0.269492126925165	-0.124122648007481	0.99832044829263	-0.124122648007481
LSM1	0.269551988165145	0.0746839899951608	0.99832044829263	0.0746839899951608
H2AFJ	0.269567027854932	0.0936026653264128	0.99832044829263	0.0936026653264128
CLDN12	0.269901824911359	-0.0931713721700538	0.99832044829263	-0.0931713721700538
PCCA	0.270100470809052	0.0252697410910961	0.99832044829263	0.0252697410910961
ITFG1	0.27019296509973	-0.0219950676356711	0.99832044829263	-0.0219950676356711
AP2M1	0.27024487750945	-0.0660141143280968	0.99832044829263	-0.0660141143280968
CNIH1	0.270374235705131	0.0690218920849546	0.99832044829263	0.0690218920849546
SFXN5	0.270461670176037	-0.0604605301557423	0.99832044829263	-0.0604605301557423
AC016907.2	0.270529014655953	-0.0879552358773669	0.99832044829263	-0.0879552358773669
FUT8	0.270630969602625	0.0188510602817537	0.99832044829263	0.0188510602817537
FLYWCH1	0.270677439928551	0.0439438266347381	0.99832044829263	0.0439438266347381
PWRN1	0.270757676315893	-0.0684949352707778	0.99832044829263	-0.0684949352707778
FBXW8	0.270977591088261	0.0670362646088295	0.99832044829263	0.0670362646088295
STX6	0.271040371786486	0.0386691313427031	0.99832044829263	0.0386691313427031
PIGA	0.271115352871557	0.0776488869217934	0.99832044829263	0.0776488869217934
SCYL1	0.271354258254754	-0.0561886490366098	0.99832044829263	-0.0561886490366098
ARPC1A	0.271437803269038	0.0337610271144614	0.99832044829263	0.0337610271144614
ASCC3	0.271644211705163	-0.0307132817701786	0.99832044829263	-0.0307132817701786
SEMA3B	0.271709902376055	-0.0318598368801087	0.99832044829263	-0.0318598368801087
ZDHHC5	0.271773565841647	-0.0524421232916892	0.99832044829263	-0.0524421232916892
CWF19L1	0.271837492361773	0.0460434043658305	0.99832044829263	0.0460434043658305
PLGLB1	0.271873418371951	0.0956128708382002	0.99832044829263	0.0956128708382002
AC009107.2	0.271886015833385	0.0958307549036456	0.99832044829263	0.0958307549036456
METAP1	0.271918490623471	0.0600497880230832	0.99832044829263	0.0600497880230832
STYX	0.272049058065169	-0.0679571188710247	0.99832044829263	-0.0679571188710247
CRLS1	0.272250007633729	0.0470661988332229	0.99832044829263	0.0470661988332229
TTI2	0.272255987590315	0.0579208666107726	0.99832044829263	0.0579208666107726
SNX32	0.272291535177939	0.080222025941078	0.99832044829263	0.080222025941078
ANKIB1	0.27237676631789	-0.0177024482827803	0.99832044829263	-0.0177024482827803
GNL1	0.272378554460252	-0.0678354407247979	0.99832044829263	-0.0678354407247979
DCC	0.272749556935798	-0.0624201714702435	0.99832044829263	-0.0624201714702435
PRPF39	0.272823912690738	0.035024330583219	0.99832044829263	0.035024330583219
LCMT1	0.272917713254554	0.0316743255032677	0.99832044829263	0.0316743255032677
STOML1	0.272935403716863	-0.0963671188816552	0.99832044829263	-0.0963671188816552
SLC36A1	0.27312817875188	-0.067542871549026	0.99832044829263	-0.067542871549026
EIF1AD	0.273172003586234	0.0885514671278058	0.99832044829263	0.0885514671278058
DUSP11	0.273337578511105	-0.0814346375463658	0.99832044829263	-0.0814346375463658
CAPZA1	0.273429763967343	-0.027808580227348	0.99832044829263	-0.027808580227348
ZFP14	0.273610437322403	-0.0270136150474836	0.99832044829263	-0.0270136150474836
HEG1	0.273659222209482	0.0460726904551301	0.99832044829263	0.0460726904551301
CNBP	0.273846994263062	-0.0516334634810962	0.99832044829263	-0.0516334634810962
STT3B	0.273861355016916	0.0335558638710654	0.99832044829263	0.0335558638710654
TRMT10B	0.274051737830738	0.0515188530785565	0.99832044829263	0.0515188530785565
GSTA4	0.274145965954337	0.04332427224195	0.99832044829263	0.04332427224195
GATD3B	0.274286833559255	0.0909228536633653	0.99832044829263	0.0909228536633653
OARD1	0.274423642182798	0.0407081497238656	0.99832044829263	0.0407081497238656
ENPP4	0.27447709129178	0.0460827942112152	0.99832044829263	0.0460827942112152
SUFU	0.274497359343843	-0.0411281331445995	0.99832044829263	-0.0411281331445995
MT3	0.274627508203449	-0.0743330376148658	0.99832044829263	-0.0743330376148658
SLC35E3	0.274689633404381	-0.0305614358368615	0.99832044829263	-0.0305614358368615
NAA50	0.275059725406223	0.0459052238103019	0.99832044829263	0.0459052238103019
PPP1R12C	0.275223426740372	-0.0440430530216378	0.99832044829263	-0.0440430530216378
ZNF775	0.275656112485282	0.061389965783382	0.99832044829263	0.061389965783382
NADK	0.275675239859442	0.0591136237115477	0.99832044829263	0.0591136237115477
NECAB1	0.275686938873392	-0.0301574767997747	0.99832044829263	-0.0301574767997747
NRCAM	0.275880189345	0.10301650203202	0.99832044829263	0.10301650203202
MAPK1	0.275924797784917	-0.0339362803534538	0.99832044829263	-0.0339362803534538
ABAT	0.275954370239581	-0.0512575319701893	0.99832044829263	-0.0512575319701893
CAPS	0.276158279776355	0.0513509101401639	0.99832044829263	0.0513509101401639
AC079950.1	0.276186428202607	-0.0937437124950121	0.99832044829263	-0.0937437124950121
CHPF	0.276191598786745	0.0929258115877527	0.99832044829263	0.0929258115877527
STRN	0.276304673202716	0.0239032171336316	0.99832044829263	0.0239032171336316
UNC45A	0.276553008800872	0.0543159223866613	0.99832044829263	0.0543159223866613
FTCDNL1	0.276789392679093	0.0396083662436613	0.99832044829263	0.0396083662436613
BOD1L1	0.276857429493357	-0.0350677223039428	0.99832044829263	-0.0350677223039428
PRPSAP2	0.276934634463093	0.0335966648062709	0.99832044829263	0.0335966648062709
NUP88	0.277019370707659	0.0373634335015831	0.99832044829263	0.0373634335015831
COMMD6	0.277027216641299	0.0832473683200289	0.99832044829263	0.0832473683200289
SPRTN	0.2771010849033	0.087267244580952	0.99832044829263	0.087267244580952
PCSK2	0.277298843999796	-0.120424829547224	0.99832044829263	-0.120424829547224
ITGB3BP	0.277414362833417	0.0461852466595962	0.99832044829263	0.0461852466595962
MRPL57	0.277904408310827	-0.0846878070532275	0.99832044829263	-0.0846878070532275
SGCZ	0.277999015778586	0.0922628618090027	0.99832044829263	0.0922628618090027
ZC4H2	0.278043215237505	-0.0358080133360199	0.99832044829263	-0.0358080133360199
IMPA1	0.278111637011065	0.0727750330027008	0.99832044829263	0.0727750330027008
TMEM189	0.278161376205226	0.0400342028469941	0.99832044829263	0.0400342028469941
SMIM27	0.278182952733069	0.101221320116637	0.99832044829263	0.101221320116637
SLC35E4	0.278400018789128	-0.0388616949786033	0.99832044829263	-0.0388616949786033
MIPEP	0.27841520131072	-0.0445921576366023	0.99832044829263	-0.0445921576366023
CD247	0.278420954932427	-0.0774057634960363	0.99832044829263	-0.0774057634960363
RELT	0.278491076056602	0.0761559741259975	0.99832044829263	0.0761559741259975
ZNF598	0.278492064397325	-0.0886735933549691	0.99832044829263	-0.0886735933549691
COL28A1	0.278506372782903	0.0712718681240302	0.99832044829263	0.0712718681240302
TMEM175	0.278610626767598	0.0490975522569768	0.99832044829263	0.0490975522569768
CSNK2A1	0.278791359435311	0.0290587057506672	0.99832044829263	0.0290587057506672
GUCY1A2	0.278951991863498	-0.106105236645461	0.99832044829263	-0.106105236645461
SCD	0.278964762460654	0.0407281606181922	0.99832044829263	0.0407281606181922
MACROD2	0.279142715597477	-0.0658348533745446	0.99832044829263	-0.0658348533745446
AC021660.4	0.279249583820751	-0.075042936411711	0.99832044829263	-0.075042936411711
GALNT17	0.279341177085153	-0.109176878005895	0.99832044829263	-0.109176878005895
RNF217	0.279437532222217	0.0428340178601293	0.99832044829263	0.0428340178601293
RIOK2	0.279442931733113	0.0781005390932818	0.99832044829263	0.0781005390932818
PUS7L	0.279477339211885	0.0402222810800008	0.99832044829263	0.0402222810800008
H6PD	0.279627957217765	-0.0521626549388877	0.99832044829263	-0.0521626549388877
AC021851.2	0.279674977008761	-0.0753474664697248	0.99832044829263	-0.0753474664697248
DDB1	0.279680146335385	0.0418275799463149	0.99832044829263	0.0418275799463149
IDH3A	0.279875457113105	0.0707771855544945	0.99832044829263	0.0707771855544945
FAHD2B	0.279891617631018	0.0722557320250661	0.99832044829263	0.0722557320250661
LIG1	0.279903632965605	0.0518755733741214	0.99832044829263	0.0518755733741214
PDP2	0.279999452968553	0.0732858024879489	0.99832044829263	0.0732858024879489
HCFC2	0.280029000139083	0.0407722090556282	0.99832044829263	0.0407722090556282
PTDSS2	0.280083210771698	-0.0314335996414617	0.99832044829263	-0.0314335996414617
AC005520.2	0.280134942945998	-0.126555098257482	0.99832044829263	-0.126555098257482
MTA2	0.280805248107416	0.0966243003355396	0.99832044829263	0.0966243003355396
ILKAP	0.280811848098602	-0.030012570658691	0.99832044829263	-0.030012570658691
KDM5C	0.280835518004195	0.0379710146927626	0.99832044829263	0.0379710146927626
FERMT2	0.280840279011719	0.0270362694069401	0.99832044829263	0.0270362694069401
BCDIN3D	0.28085643693735	-0.0869536837060956	0.99832044829263	-0.0869536837060956
E2F6	0.280896770705354	-0.0663678664132196	0.99832044829263	-0.0663678664132196
HES6	0.281046461285315	0.0663397506657241	0.99832044829263	0.0663397506657241
VPS28	0.281262062574806	-0.0585043997686194	0.99832044829263	-0.0585043997686194
SYS1	0.28154795409669	0.0832366259608149	0.99832044829263	0.0832366259608149
CHRM5	0.281755057926451	-0.104744537984301	0.99832044829263	-0.104744537984301
MTPAP	0.281890763306042	0.0597107653969622	0.99832044829263	0.0597107653969622
AL157400.3	0.281896444825615	-0.0614782963598999	0.99832044829263	-0.0614782963598999
AL442071.2	0.28193829699246	0.0702550691112891	0.99832044829263	0.0702550691112891
RHOT2	0.282112539006123	0.0493098875173367	0.99832044829263	0.0493098875173367
QRSL1	0.282148797224299	0.0410776144594276	0.99832044829263	0.0410776144594276
DMAC1	0.282201397673585	-0.0819716651359704	0.99832044829263	-0.0819716651359704
GNA11	0.282207683207503	0.0455469626674922	0.99832044829263	0.0455469626674922
UQCRQ	0.282212191845636	-0.114981246370324	0.99832044829263	-0.114981246370324
INO80B	0.282228724430851	0.0890918806467708	0.99832044829263	0.0890918806467708
ALDH7A1	0.282309567542389	0.0390958762196433	0.99832044829263	0.0390958762196433
FOLH1	0.282545107919918	0.0304085927447443	0.99832044829263	0.0304085927447443
EML4	0.282909229215896	0.058786704620289	0.99832044829263	0.058786704620289
ABCA6	0.282988882594632	0.0604600652539228	0.99832044829263	0.0604600652539228
OSGEPL1	0.283199019494882	-0.0662623501447732	0.99832044829263	-0.0662623501447732
AL513548.1	0.283336977739963	0.0829172049349172	0.99832044829263	0.0829172049349172
FGD5-AS1	0.28342673365017	-0.0416689089918012	0.99832044829263	-0.0416689089918012
PTGR2	0.283480821858056	0.053010113353783	0.99832044829263	0.053010113353783
CDCA7L	0.283561651900644	0.0736658522423621	0.99832044829263	0.0736658522423621
EML1	0.283675155635201	0.0471432553712598	0.99832044829263	0.0471432553712598
MAP1A	0.283922062057724	-0.0400099488822595	0.99832044829263	-0.0400099488822595
LDLRAD4	0.283938853990954	0.0268006231776796	0.99832044829263	0.0268006231776796
PRRT3-AS1	0.283997356607143	0.065077906719826	0.99832044829263	0.065077906719826
KLHL4	0.284051031056476	-0.0257401373065452	0.99832044829263	-0.0257401373065452
GGA3	0.284224906337892	0.0459806429993905	0.99832044829263	0.0459806429993905
MICALL1	0.284286753247239	0.0552594682681713	0.99832044829263	0.0552594682681713
ARHGAP5	0.284357633802471	-0.019230529182524	0.99832044829263	-0.019230529182524
AP000866.1	0.284438159010858	0.0613836061819391	0.99832044829263	0.0613836061819391
FAM193B	0.284440744681412	-0.0316586598669595	0.99832044829263	-0.0316586598669595
MYPOP	0.284493240524311	0.071794260939202	0.99832044829263	0.071794260939202
RAB4A	0.284547235072342	0.0435778507713061	0.99832044829263	0.0435778507713061
AL589693.1	0.284553328149585	0.0744626758318549	0.99832044829263	0.0744626758318549
SVEP1	0.284635200852899	0.0435768333803333	0.99832044829263	0.0435768333803333
GLI4	0.284654258750219	-0.0699278755290603	0.99832044829263	-0.0699278755290603
MRPS5	0.284669111945202	0.0288565691570635	0.99832044829263	0.0288565691570635
MON2	0.284840749724593	-0.021079998976848	0.99832044829263	-0.021079998976848
P3H1	0.285109904238799	-0.0598144110096794	0.99832044829263	-0.0598144110096794
MAP4K4	0.285127814092879	0.0156396037470288	0.99832044829263	0.0156396037470288
ARRDC1-AS1	0.285301594353768	0.0618095214637228	0.99832044829263	0.0618095214637228
MRPL45	0.285325628770383	0.0588339529938914	0.99832044829263	0.0588339529938914
CENPT	0.285549298556153	-0.0738878350867138	0.99832044829263	-0.0738878350867138
TRIM11	0.285882103957321	-0.100969074599742	0.99832044829263	-0.100969074599742
BAG5	0.286030313111212	-0.0652532297209266	0.99832044829263	-0.0652532297209266
B3GAT3	0.286070973391854	0.0496201983322471	0.99832044829263	0.0496201983322471
POU2AF1	0.286125729042532	0.0696562007933524	0.99832044829263	0.0696562007933524
ARF3	0.28613024154039	-0.102192347191416	0.99832044829263	-0.102192347191416
PLD2	0.286375541030017	-0.0812491074328814	0.99832044829263	-0.0812491074328814
PHKB	0.28641765528298	0.031054845235782	0.99832044829263	0.031054845235782
UQCRFS1	0.287027377580776	0.101392806177855	0.99832044829263	0.101392806177855
SON	0.287075186388605	-0.0254278562352558	0.99832044829263	-0.0254278562352558
PEX2	0.287100737675994	-0.0463894191561899	0.99832044829263	-0.0463894191561899
POM121C	0.287479067455367	0.0316033846018807	0.99832044829263	0.0316033846018807
MRPS35	0.287584952872853	-0.0440770926500046	0.99832044829263	-0.0440770926500046
UHRF2	0.287627222005028	-0.0299847908152759	0.99832044829263	-0.0299847908152759
JADE2	0.287682248782072	-0.0378688883524151	0.99832044829263	-0.0378688883524151
ZBTB41	0.287824543255138	-0.0494792221753982	0.99832044829263	-0.0494792221753982
SAP130	0.2878782708471	0.0348389309388184	0.99832044829263	0.0348389309388184
XRRA1	0.287889703808977	-0.0392008746345644	0.99832044829263	-0.0392008746345644
RIC8A	0.287957398312205	-0.0715010624315328	0.99832044829263	-0.0715010624315328
IP6K3	0.287964485146798	-0.0530327578001367	0.99832044829263	-0.0530327578001367
LIN7C	0.28797451117165	-0.0726042524212672	0.99832044829263	-0.0726042524212672
NPM1	0.287978296928394	-0.055655446944468	0.99832044829263	-0.055655446944468
USP20	0.287982278721661	-0.0448659483281056	0.99832044829263	-0.0448659483281056
AC022182.1	0.288008019585276	0.0657358018412577	0.99832044829263	0.0657358018412577
LGALS3BP	0.288144333155976	-0.0716459326830274	0.99832044829263	-0.0716459326830274
RBKS	0.288199005319266	0.0817075107770071	0.99832044829263	0.0817075107770071
COX8A	0.288234243809996	0.10298652585147	0.99832044829263	0.10298652585147
CMIP	0.288299062343515	-0.0401540047117875	0.99832044829263	-0.0401540047117875
HNRNPDL	0.288332628201045	-0.0266414624432036	0.99832044829263	-0.0266414624432036
RNF144A	0.288490056518729	-0.0199376387740489	0.99832044829263	-0.0199376387740489
CLMN	0.288634883705819	-0.0213233494082123	0.99832044829263	-0.0213233494082123
RPS6KC1	0.288643384986911	0.0272620524816165	0.99832044829263	0.0272620524816165
SFR1	0.288677391427986	0.0828072871619334	0.99832044829263	0.0828072871619334
MTIF2	0.288761305626878	-0.0646265266590998	0.99832044829263	-0.0646265266590998
TPPP	0.288933925588125	0.0285728119711324	0.99832044829263	0.0285728119711324
COA8	0.288948217119488	0.0847264753685819	0.99832044829263	0.0847264753685819
HEATR1	0.289038467051964	0.045683762446401	0.99832044829263	0.045683762446401
ST5	0.289041584096941	-0.0863066230216746	0.99832044829263	-0.0863066230216746
RASGRF1	0.289052839604581	0.0612335052687504	0.99832044829263	0.0612335052687504
VKORC1	0.289103911144842	0.0734186240738212	0.99832044829263	0.0734186240738212
SLC26A2	0.28911536621691	0.0741852773673679	0.99832044829263	0.0741852773673679
FLYWCH2	0.289116318612049	0.076415118200529	0.99832044829263	0.076415118200529
PPP2R1B	0.289385429388851	-0.0350196679530745	0.99832044829263	-0.0350196679530745
PTS	0.28939144024665	-0.0430350239552495	0.99832044829263	-0.0430350239552495
PMM2	0.289468874650042	0.0499108669050019	0.99832044829263	0.0499108669050019
HLA-C	0.289729230865871	-0.112203737237786	0.99832044829263	-0.112203737237786
CNRIP1	0.289956016148643	-0.0928350426902115	0.99832044829263	-0.0928350426902115
SNHG19	0.290065344627948	0.0930975443817723	0.99832044829263	0.0930975443817723
CDK18	0.290113937210995	-0.0220198318649085	0.99832044829263	-0.0220198318649085
UBLCP1	0.290186844066808	0.0596601976942596	0.99832044829263	0.0596601976942596
SRP14	0.290223536553128	-0.0752467148995072	0.99832044829263	-0.0752467148995072
COLEC12	0.290340449477337	-0.0804156437432185	0.99832044829263	-0.0804156437432185
FIGNL1	0.29041146505435	0.0796369356620321	0.99832044829263	0.0796369356620321
ZBTB34	0.290536184194858	-0.0684188432303528	0.99832044829263	-0.0684188432303528
ARMCX1	0.290548462998964	-0.0890029635640795	0.99832044829263	-0.0890029635640795
FEM1B	0.290636898378294	0.0502806344681627	0.99832044829263	0.0502806344681627
ARHGEF7	0.290661187453475	-0.0202051276495719	0.99832044829263	-0.0202051276495719
CDRT4	0.290684419596068	-0.0382059625851367	0.99832044829263	-0.0382059625851367
KIN	0.29088563834581	-0.0400760440176777	0.99832044829263	-0.0400760440176777
MT-ND4	0.291155321058003	0.037022690662085	0.99832044829263	0.037022690662085
ZNF10	0.291186188407737	0.0461325018111558	0.99832044829263	0.0461325018111558
TIMM17A	0.29135698219245	0.0785478374168906	0.99832044829263	0.0785478374168906
DNAJB12	0.291455143967494	0.0476463046442821	0.99832044829263	0.0476463046442821
MTMR6	0.291553157599035	-0.03668552851015	0.99832044829263	-0.03668552851015
PLGRKT	0.291558557464531	0.0520889402928203	0.99832044829263	0.0520889402928203
TPPP3	0.291708298163592	0.0836693718950762	0.99832044829263	0.0836693718950762
MPHOSPH10	0.291768088962812	-0.0450009629731982	0.99832044829263	-0.0450009629731982
LTN1	0.291858398699221	-0.0322884256334643	0.99832044829263	-0.0322884256334643
TTLL5	0.29204482121893	-0.0271523027192415	0.99832044829263	-0.0271523027192415
OLIG2	0.292260638505696	0.0576331725886776	0.99832044829263	0.0576331725886776
GRID1	0.292320972479589	-0.0232833079553524	0.99832044829263	-0.0232833079553524
SDK2	0.29243221476554	-0.0986637920080352	0.99832044829263	-0.0986637920080352
STK25	0.292442325334988	-0.0452219810466952	0.99832044829263	-0.0452219810466952
DNAJC30	0.292493770193338	0.081671154310096	0.99832044829263	0.081671154310096
SLC44A5	0.292550720592421	0.109356822821281	0.99832044829263	0.109356822821281
CREB1	0.292562474880192	-0.0255448121367433	0.99832044829263	-0.0255448121367433
SLC29A3	0.292569336736407	-0.0626387077652077	0.99832044829263	-0.0626387077652077
POMT1	0.292579624190318	0.0605644204492717	0.99832044829263	0.0605644204492717
C11orf24	0.292612565555772	0.0755225168813005	0.99832044829263	0.0755225168813005
ARID5B	0.292618695354807	-0.0217363312475723	0.99832044829263	-0.0217363312475723
ZNF564	0.292642954038865	0.0690032956493749	0.99832044829263	0.0690032956493749
TRIM13	0.292672255704313	0.042744682352491	0.99832044829263	0.042744682352491
TCEAL8	0.292721116457905	0.107053409254165	0.99832044829263	0.107053409254165
SYN2	0.29275696943721	0.10690746287905	0.99832044829263	0.10690746287905
C17orf75	0.29276418087954	-0.0599747745075014	0.99832044829263	-0.0599747745075014
OPA1	0.292826512098769	-0.0297063298395387	0.99832044829263	-0.0297063298395387
MAP3K7	0.292852564606487	0.0337914089624951	0.99832044829263	0.0337914089624951
THAP5	0.292917310064166	-0.0629438948882515	0.99832044829263	-0.0629438948882515
C2orf92	0.293000914879704	-0.0497783063663697	0.99832044829263	-0.0497783063663697
TSR2	0.293085086788438	-0.0947174647074006	0.99832044829263	-0.0947174647074006
GEMIN8	0.293110855848146	-0.0470601678296617	0.99832044829263	-0.0470601678296617
PSMA4	0.293251167679202	-0.0733146760569611	0.99832044829263	-0.0733146760569611
PRMT9	0.293278617731074	-0.0686470576434487	0.99832044829263	-0.0686470576434487
ZSCAN21	0.293485506073308	0.063459725762042	0.99832044829263	0.063459725762042
JARID2	0.29366577316049	0.0241845083546277	0.99832044829263	0.0241845083546277
ERGIC3	0.293726353942751	0.0497297029507622	0.99832044829263	0.0497297029507622
SP110	0.293778685669762	-0.0523819231588727	0.99832044829263	-0.0523819231588727
DNAJC21	0.293794045339684	-0.0412470525334471	0.99832044829263	-0.0412470525334471
NUDC	0.293920025059496	-0.0574269044564368	0.99832044829263	-0.0574269044564368
KIF25	0.293928213527958	-0.101056926067346	0.99832044829263	-0.101056926067346
ARMC9	0.293933358449757	-0.143146790722381	0.99832044829263	-0.143146790722381
MNAT1	0.294037555141326	0.0326612737690315	0.99832044829263	0.0326612737690315
FAM13A	0.294263853980582	-0.112090565904637	0.99832044829263	-0.112090565904637
ANKRD30BL	0.294456700471868	0.113631604720626	0.99832044829263	0.113631604720626
SHB	0.294750397130991	0.0328577875958745	0.99832044829263	0.0328577875958745
KLF9	0.294917478940193	-0.0435469936908848	0.99832044829263	-0.0435469936908848
CPNE2	0.295040463444897	-0.0265203390958298	0.99832044829263	-0.0265203390958298
GPC1	0.295083584626189	0.0948517432326866	0.99832044829263	0.0948517432326866
RPL37A	0.295107290604609	-0.0533702049430056	0.99832044829263	-0.0533702049430056
PEMT	0.29527792308634	0.0693779667837762	0.99832044829263	0.0693779667837762
LRRC8B	0.29539442952004	-0.0281744848121416	0.99832044829263	-0.0281744848121416
ASPSCR1	0.295424851042938	0.0376726952304243	0.99832044829263	0.0376726952304243
DOHH	0.295490777075265	0.0501035442898889	0.99832044829263	0.0501035442898889
PPP2R1A	0.295512281372454	-0.0584862794776254	0.99832044829263	-0.0584862794776254
MIR29B2CHG	0.295634281139426	-0.0462590726914718	0.99832044829263	-0.0462590726914718
TNNI3K	0.295669883393912	0.043985208883357	0.99832044829263	0.043985208883357
ANKRD28	0.295810529945172	-0.0230020790799291	0.99832044829263	-0.0230020790799291
MTURN	0.295949558709015	-0.0311023324221746	0.99832044829263	-0.0311023324221746
TWSG1	0.295981045907774	0.0417089459547966	0.99832044829263	0.0417089459547966
TF	0.296203383040487	0.0170083194711179	0.99832044829263	0.0170083194711179
NR6A1	0.296271268143078	0.0325340560036104	0.99832044829263	0.0325340560036104
HOMER2	0.296392602664442	0.0702991985151463	0.99832044829263	0.0702991985151463
HIPK1	0.296498706463725	0.0456472545040789	0.99832044829263	0.0456472545040789
CDC42	0.296517316905517	0.0377604873537609	0.99832044829263	0.0377604873537609
UBR2	0.296845135165058	-0.0234399833138564	0.99832044829263	-0.0234399833138564
HSD17B4	0.2970572452689	0.0293633199051778	0.99832044829263	0.0293633199051778
BORCS5	0.297066947378889	0.0309180622401867	0.99832044829263	0.0309180622401867
GTF3C6	0.297108994004135	0.0812418843511308	0.99832044829263	0.0812418843511308
LINC02473	0.297142229696185	0.0511765095562719	0.99832044829263	0.0511765095562719
BUD13	0.297143005016777	0.0693990991532562	0.99832044829263	0.0693990991532562
SP4	0.297174528881596	0.0300385515092522	0.99832044829263	0.0300385515092522
MED13	0.297212241512703	-0.0214645030897767	0.99832044829263	-0.0214645030897767
DENND1A	0.297224371168856	-0.0244031831762971	0.99832044829263	-0.0244031831762971
MORC2	0.297296045995453	-0.0608937659009492	0.99832044829263	-0.0608937659009492
TTC28-AS1	0.297394450466797	0.0315925236120903	0.99832044829263	0.0315925236120903
OPHN1	0.297454848446495	-0.0470027033861687	0.99832044829263	-0.0470027033861687
VARS2	0.297561821033725	-0.0782150790507135	0.99832044829263	-0.0782150790507135
WDR74	0.297803878216661	0.0676997468094674	0.99832044829263	0.0676997468094674
LINC00599	0.297865355291918	0.153187431927067	0.99832044829263	0.153187431927067
RAD23A	0.297867390627489	-0.0474397772115496	0.99832044829263	-0.0474397772115496
SHLD1	0.297868528888281	-0.039033461407465	0.99832044829263	-0.039033461407465
SEC23A	0.298115223936031	-0.042760138858524	0.99832044829263	-0.042760138858524
ZNF607	0.298249340837824	-0.071049709261626	0.99832044829263	-0.071049709261626
RTL8A	0.298550203441692	0.0730490220562701	0.99832044829263	0.0730490220562701
CCHCR1	0.29866395119967	-0.0907043571179692	0.99832044829263	-0.0907043571179692
AC022098.1	0.298674625522719	0.0700035817725672	0.99832044829263	0.0700035817725672
SFSWAP	0.298747151251979	0.0248040275845165	0.99832044829263	0.0248040275845165
MCM3AP-AS1	0.298958119936763	0.0591451010718988	0.99832044829263	0.0591451010718988
POLL	0.299200631176805	0.0559174111585554	0.99832044829263	0.0559174111585554
PLEKHF1	0.299203582596137	-0.0808166598973014	0.99832044829263	-0.0808166598973014
CCDC28A	0.299294108627773	0.0822543291020186	0.99832044829263	0.0822543291020186
EIF5A	0.299417339789033	0.0825796533898224	0.99832044829263	0.0825796533898224
SYT1	0.2995656093712	0.0956923513325228	0.99832044829263	0.0956923513325228
JRK	0.29959960093021	0.0522856918197511	0.99832044829263	0.0522856918197511
SH3RF1	0.299663759045137	-0.0297137191334251	0.99832044829263	-0.0297137191334251
AL391807.1	0.299671015290492	0.0547219794946161	0.99832044829263	0.0547219794946161
CA14	0.299825114817812	0.0865182559549047	0.99832044829263	0.0865182559549047
FAM199X	0.299937313525525	-0.0640840576463943	0.99832044829263	-0.0640840576463943
MXRA7	0.300046063491876	-0.069576090930927	0.99832044829263	-0.069576090930927
POLR2A	0.300249986677959	0.0385493699459132	0.99832044829263	0.0385493699459132
SEZ6L2	0.30040023042886	0.0705799852786733	0.99832044829263	0.0705799852786733
GIPR	0.300640589323239	-0.0725044319916084	0.99832044829263	-0.0725044319916084
AAAS	0.300747155734778	0.0595294946645574	0.99832044829263	0.0595294946645574
TRAPPC8	0.300933566423916	-0.0326381157535962	0.99832044829263	-0.0326381157535962
ARHGAP26	0.300985699259765	-0.0962137792562616	0.99832044829263	-0.0962137792562616
NAE1	0.300999627994887	0.0355915492643022	0.99832044829263	0.0355915492643022
TBC1D16	0.301064734770978	-0.0717604424980021	0.99832044829263	-0.0717604424980021
PPIP5K1	0.301091991349052	0.0718014384611338	0.99832044829263	0.0718014384611338
FAM53B-AS1	0.301240609738331	0.0751946055639616	0.99832044829263	0.0751946055639616
SGF29	0.301318521516758	-0.0493988482133115	0.99832044829263	-0.0493988482133115
DERL1	0.301407028663886	0.0505666968758607	0.99832044829263	0.0505666968758607
ZNF155	0.301439970548894	-0.048930959119489	0.99832044829263	-0.048930959119489
ZNF549	0.301475665680762	0.0640899339138403	0.99832044829263	0.0640899339138403
MAP4K5	0.301587495341811	-0.0190909562589767	0.99832044829263	-0.0190909562589767
PREX1	0.301627406538914	0.0181534384982559	0.99832044829263	0.0181534384982559
PHC2	0.301684692243047	0.0218180462397556	0.99832044829263	0.0218180462397556
MAPK8IP1	0.301707524952379	0.0412877052098004	0.99832044829263	0.0412877052098004
SPICE1	0.301716603596372	-0.0687190490584116	0.99832044829263	-0.0687190490584116
MGRN1	0.301818250963808	-0.0296463171167807	0.99832044829263	-0.0296463171167807
SLAIN1	0.301899333197721	-0.0169853483240173	0.99832044829263	-0.0169853483240173
EED	0.301946977329165	0.0506880418855673	0.99832044829263	0.0506880418855673
SOX2	0.301953267791482	0.0354439167773751	0.99832044829263	0.0354439167773751
APOLD1	0.30199080184142	0.0382150475654484	0.99832044829263	0.0382150475654484
NUP107	0.302043492194697	-0.0358433621091422	0.99832044829263	-0.0358433621091422
DNAH6	0.302132087704362	-0.105279684699762	0.99832044829263	-0.105279684699762
GALNT10	0.302255855060018	0.0357703423343708	0.99832044829263	0.0357703423343708
HDLBP	0.302365813441562	0.0315800245621654	0.99832044829263	0.0315800245621654
DDX18	0.302515215871373	0.0411449631161242	0.99832044829263	0.0411449631161242
IGHMBP2	0.302593562142843	0.0642371398223249	0.99832044829263	0.0642371398223249
TMUB1	0.302674039243561	0.0654039341348318	0.99832044829263	0.0654039341348318
GABRA1	0.302700883318542	-0.143514548280268	0.99832044829263	-0.143514548280268
LEMD2	0.302739032544259	-0.0400773287095641	0.99832044829263	-0.0400773287095641
PACSIN2	0.302753423543028	0.0407572248675401	0.99832044829263	0.0407572248675401
MAGOHB	0.302952414173391	0.0908995788706816	0.99832044829263	0.0908995788706816
FAM66B	0.30310574347464	0.0556463194165401	0.99832044829263	0.0556463194165401
AC005332.6	0.303116144756172	-0.0703203904443555	0.99832044829263	-0.0703203904443555
SLC13A3	0.303371518621006	0.0306548152111928	0.99832044829263	0.0306548152111928
AC016831.7	0.303375143858292	-0.0380541124290471	0.99832044829263	-0.0380541124290471
PHF20L1	0.303475143169122	0.0210236431932104	0.99832044829263	0.0210236431932104
CCDC9B	0.303587703360018	0.0679093741216886	0.99832044829263	0.0679093741216886
EAF1	0.30373065518683	0.102635616241774	0.99832044829263	0.102635616241774
GABRB2	0.303793769092813	-0.104703117694739	0.99832044829263	-0.104703117694739
RMND1	0.303965044957496	0.050951716879472	0.99832044829263	0.050951716879472
KCNK1	0.304541291980782	0.0463275344313904	0.99832044829263	0.0463275344313904
USPL1	0.304577875359996	0.045777143022693	0.99832044829263	0.045777143022693
SCART1	0.304606581698933	0.0909992624046114	0.99832044829263	0.0909992624046114
HMOX2	0.304630237935409	0.0435405010417563	0.99832044829263	0.0435405010417563
PRKAR2B	0.304865860795252	0.113971431644446	0.99832044829263	0.113971431644446
ERMN	0.304966861067411	0.0313506842596455	0.99832044829263	0.0313506842596455
IRF9	0.305100008797006	-0.0758723331491784	0.99832044829263	-0.0758723331491784
MRPL34	0.305102664187582	-0.126278276708777	0.99832044829263	-0.126278276708777
NOP58	0.305117676578302	0.0397860067211939	0.99832044829263	0.0397860067211939
CCK	0.305156111816122	0.104426742187518	0.99832044829263	0.104426742187518
KIFC2	0.305212227645869	0.125692650836585	0.99832044829263	0.125692650836585
GIT1	0.305219972648384	-0.0289175412245219	0.99832044829263	-0.0289175412245219
KIAA0753	0.305300307525381	-0.0734961622719982	0.99832044829263	-0.0734961622719982
MTMR8	0.30546169036966	0.0669848000692505	0.99832044829263	0.0669848000692505
NLGN4Y	0.305512105365533	0.0456525277966027	0.99832044829263	0.0456525277966027
AC123912.1	0.305575888174498	0.0850993423605236	0.99832044829263	0.0850993423605236
ABRAXAS2	0.305910702352854	0.0491528574192024	0.99832044829263	0.0491528574192024
CXXC4-AS1	0.305922289202497	0.0505155625550626	0.99832044829263	0.0505155625550626
ATP6V1D	0.306048703812752	-0.0618188822690256	0.99832044829263	-0.0618188822690256
HTR4	0.306214892756655	-0.0898997057892756	0.99832044829263	-0.0898997057892756
KIAA1217	0.306259240046974	0.0997318267887898	0.99832044829263	0.0997318267887898
NCBP2	0.30632111684053	0.0910398721998885	0.99832044829263	0.0910398721998885
DXO	0.306644914252739	-0.0920795054378037	0.99832044829263	-0.0920795054378037
DUSP15	0.306645555925669	0.0805082609597624	0.99832044829263	0.0805082609597624
GOSR1	0.306697967728495	0.0298800756305485	0.99832044829263	0.0298800756305485
GPR180	0.306727015339542	-0.0751283726199929	0.99832044829263	-0.0751283726199929
B2M	0.306906552929683	-0.0567633182492822	0.99832044829263	-0.0567633182492822
CCDC62	0.307089452703748	0.0675589372580561	0.99832044829263	0.0675589372580561
SMC2	0.307099440024321	-0.0577896944255999	0.99832044829263	-0.0577896944255999
TXNRD1	0.307135598557435	-0.0516522318105024	0.99832044829263	-0.0516522318105024
CDK6	0.307136760148281	-0.022767384038473	0.99832044829263	-0.022767384038473
SLC25A29	0.307245566728727	-0.0364647359641967	0.99832044829263	-0.0364647359641967
METTL7A	0.307355796073978	-0.049650895575681	0.99832044829263	-0.049650895575681
PSMA3-AS1	0.307373656348486	0.0333336453881282	0.99832044829263	0.0333336453881282
GPR37L1	0.307474388042266	-0.0641095550624232	0.99832044829263	-0.0641095550624232
AC026471.4	0.307635977023833	0.0537376504458613	0.99832044829263	0.0537376504458613
CFAP70	0.307701003947699	0.0570996995527945	0.99832044829263	0.0570996995527945
CCDC138	0.307854693543624	-0.0356329476071127	0.99832044829263	-0.0356329476071127
AC005261.1	0.307925522667434	-0.0321698392491167	0.99832044829263	-0.0321698392491167
GTPBP3	0.308015428967564	-0.0870058574896436	0.99832044829263	-0.0870058574896436
AC021231.1	0.308170262394094	0.0523198374048945	0.99832044829263	0.0523198374048945
RRP7A	0.308180018799347	0.0503078596264181	0.99832044829263	0.0503078596264181
DOCK1	0.308240988049222	-0.021907984660573	0.99832044829263	-0.021907984660573
GABRB3	0.308467518393537	0.109491065103592	0.99832044829263	0.109491065103592
C2orf88	0.308697862883078	0.0505414217293212	0.99832044829263	0.0505414217293212
VXN	0.308763557762253	0.0368547374418521	0.99832044829263	0.0368547374418521
AC027097.2	0.308836029815511	0.062433643077177	0.99832044829263	0.062433643077177
SDHAF3	0.308969352257215	-0.0873932372699399	0.99832044829263	-0.0873932372699399
ART3	0.308981281167182	0.0894956343347829	0.99832044829263	0.0894956343347829
LINC00672	0.309265623320563	-0.0932714530763045	0.99832044829263	-0.0932714530763045
DERA	0.309324053466336	-0.0565611394588136	0.99832044829263	-0.0565611394588136
NCAPH2	0.309519719949747	0.0587552087439908	0.99832044829263	0.0587552087439908
AL162511.1	0.309600207523241	0.0498118556843429	0.99832044829263	0.0498118556843429
MRPL47	0.309809873912232	0.0738044094733238	0.99832044829263	0.0738044094733238
CDH23	0.309927827618321	0.056346609797502	0.99832044829263	0.056346609797502
BTG3	0.309958712761966	-0.0663363513816253	0.99832044829263	-0.0663363513816253
CTDNEP1	0.309960804477436	0.0507308149269651	0.99832044829263	0.0507308149269651
ZNF696	0.309998078186403	-0.081403403495716	0.99832044829263	-0.081403403495716
ZNF330	0.310312916815202	-0.0691896121050941	0.99832044829263	-0.0691896121050941
BRWD3	0.310321914381758	0.0334920102261734	0.99832044829263	0.0334920102261734
KAT14	0.310354212377576	0.0580128022948435	0.99832044829263	0.0580128022948435
HERPUD1	0.31075225695431	-0.0629861764563036	0.99832044829263	-0.0629861764563036
TAF3	0.310912267053894	-0.0278948337770532	0.99832044829263	-0.0278948337770532
AFF4	0.311065600232948	0.0252462135633096	0.99832044829263	0.0252462135633096
LAMTOR2	0.311181812183915	0.086321102056562	0.99832044829263	0.086321102056562
IDH2	0.311352834126002	0.0364148192500358	0.99832044829263	0.0364148192500358
EDEM3	0.311489952625284	-0.0334228652397531	0.99832044829263	-0.0334228652397531
YPEL1	0.311497597107719	0.0672863386531924	0.99832044829263	0.0672863386531924
AC012459.1	0.311580914894294	0.0378918106260382	0.99832044829263	0.0378918106260382
TEX2	0.311632191879305	0.0284392635559726	0.99832044829263	0.0284392635559726
ZNF540	0.311634134909773	0.0521659820612585	0.99832044829263	0.0521659820612585
C15orf41	0.3119555261131	-0.0279440781469577	0.99832044829263	-0.0279440781469577
C2orf74	0.312136596523025	0.0565671532528399	0.99832044829263	0.0565671532528399
LIN7B	0.31217922682735	-0.101575660100396	0.99832044829263	-0.101575660100396
AC011346.1	0.312251727408488	0.0262440338235457	0.99832044829263	0.0262440338235457
EPHA4	0.312372686456614	-0.121652203274237	0.99832044829263	-0.121652203274237
CLASP2	0.312500350028599	-0.015116272209223	0.99832044829263	-0.015116272209223
AC087294.1	0.312601948891028	0.0657819648290397	0.99832044829263	0.0657819648290397
NRG3	0.312711160605815	0.0999244544589023	0.99832044829263	0.0999244544589023
ANKRD46	0.312727879871024	-0.0583802006002948	0.99832044829263	-0.0583802006002948
MXD4	0.312826887547893	0.045088343382567	0.99832044829263	0.045088343382567
PPM1K-DT	0.312842075177909	-0.0956653713871231	0.99832044829263	-0.0956653713871231
ZNF844	0.312921283165634	0.0745560365611632	0.99832044829263	0.0745560365611632
CNNM4	0.313054363446643	0.0455850927758366	0.99832044829263	0.0455850927758366
UBP1	0.313112741138065	0.0551002458217892	0.99832044829263	0.0551002458217892
AC006148.1	0.313152932681721	-0.0302227269795428	0.99832044829263	-0.0302227269795428
ADGRB2	0.313200932402989	-0.0722591151342481	0.99832044829263	-0.0722591151342481
PALB2	0.313217625445646	-0.0616897635014079	0.99832044829263	-0.0616897635014079
MRPL41	0.313286259861482	0.06347728927519	0.99832044829263	0.06347728927519
BCAS3	0.313387155934378	0.0193865797764835	0.99832044829263	0.0193865797764835
JTB	0.313404560165304	-0.0667740975932645	0.99832044829263	-0.0667740975932645
DTWD2	0.313415590018351	0.0537526491642335	0.99832044829263	0.0537526491642335
GPATCH2L	0.313518733777916	-0.0273632503478931	0.99832044829263	-0.0273632503478931
C9orf16	0.313711792756157	-0.130378088425191	0.99832044829263	-0.130378088425191
DDX39B	0.313881019847207	0.0295043814347874	0.99832044829263	0.0295043814347874
RMDN3	0.314275343690524	0.0426296240513145	0.99832044829263	0.0426296240513145
CCNG2	0.314289937560409	0.0643580870900539	0.99832044829263	0.0643580870900539
YME1L1	0.314333521622362	0.0331941037202453	0.99832044829263	0.0331941037202453
SLC25A3	0.314340682804514	-0.0788243019515279	0.99832044829263	-0.0788243019515279
SRGAP2B	0.314353278666096	-0.0791979285351848	0.99832044829263	-0.0791979285351848
FAM215B	0.314453738516737	-0.0967365007057081	0.99832044829263	-0.0967365007057081
RPS27	0.314492327305096	0.066823222656969	0.99832044829263	0.066823222656969
MRE11	0.31468086448304	-0.0457400971855092	0.99832044829263	-0.0457400971855092
POLR3F	0.314848747835815	0.0738225056533373	0.99832044829263	0.0738225056533373
GTDC1	0.315155176835565	0.0193303989785643	0.99832044829263	0.0193303989785643
CDH3	0.315224815903192	-0.0937576550902315	0.99832044829263	-0.0937576550902315
ZNF32	0.315383163913098	0.0438994065519759	0.99832044829263	0.0438994065519759
LPCAT4	0.315411159811468	-0.120545665452606	0.99832044829263	-0.120545665452606
TIMM23B-AGAP6	0.315439552451994	0.0767726705522721	0.99832044829263	0.0767726705522721
ASB7	0.315530302357838	-0.0477178488554816	0.99832044829263	-0.0477178488554816
SPAG7	0.31557732691154	0.0625556002103309	0.99832044829263	0.0625556002103309
CEP57L1	0.315614633040983	-0.0456961691639175	0.99832044829263	-0.0456961691639175
FLRT2	0.315665552769033	-0.115864754974415	0.99832044829263	-0.115864754974415
FBXL18	0.315840415900787	-0.0403220116600808	0.99832044829263	-0.0403220116600808
SFI1	0.31608891869485	-0.0541130060200439	0.99832044829263	-0.0541130060200439
CCDC91	0.316225000102656	-0.026907024378783	0.99832044829263	-0.026907024378783
TMEM178B	0.316461498765378	-0.0771917816991584	0.99832044829263	-0.0771917816991584
PLA2G6	0.316542185215143	0.0412223722732048	0.99832044829263	0.0412223722732048
ASL	0.316550837863885	-0.0527843693250866	0.99832044829263	-0.0527843693250866
ILF3	0.316584574136663	-0.0307419452686774	0.99832044829263	-0.0307419452686774
ARID1B	0.316665896797924	-0.0164628743651176	0.99832044829263	-0.0164628743651176
MEN1	0.316872879956149	0.0753667877335165	0.99832044829263	0.0753667877335165
FAM192A	0.317280952346005	0.0335146821649195	0.99832044829263	0.0335146821649195
C9orf147	0.31739023918997	0.0577321173216325	0.99832044829263	0.0577321173216325
THNSL2	0.317419733871775	0.0622458311167696	0.99832044829263	0.0622458311167696
TMEM273	0.317538920804256	0.0580700650729121	0.99832044829263	0.0580700650729121
SH3PXD2A	0.317675261032933	-0.0309068798768699	0.99832044829263	-0.0309068798768699
SRP68	0.318193759997837	-0.0579220781289912	0.99832044829263	-0.0579220781289912
GOLM1	0.31829243094141	-0.0773237994670552	0.99832044829263	-0.0773237994670552
APCDD1	0.318424359523845	0.0431059455584737	0.99832044829263	0.0431059455584737
ARRB2	0.318566407875163	0.0766194254642715	0.99832044829263	0.0766194254642715
DSCAML1	0.318643979235002	-0.0223876705384993	0.99832044829263	-0.0223876705384993
USP40	0.318870986126513	0.0260058100845669	0.99832044829263	0.0260058100845669
UBE4B	0.318884966883633	-0.019686714694678	0.99832044829263	-0.019686714694678
ARID2	0.319023554577301	0.0203144029253463	0.99832044829263	0.0203144029253463
TPGS1	0.319106829259238	-0.0490739515650715	0.99832044829263	-0.0490739515650715
PDCD6	0.319238203702162	-0.0305443166796384	0.99832044829263	-0.0305443166796384
SAV1	0.319339089859192	-0.040685727048645	0.99832044829263	-0.040685727048645
SLX4	0.319389614074389	0.0676006449135899	0.99832044829263	0.0676006449135899
ATP6V1B2	0.319403936020683	-0.0850817818333056	0.99832044829263	-0.0850817818333056
H2AFX	0.3194387561546	0.0665023681807378	0.99832044829263	0.0665023681807378
YPEL2	0.319509368058908	0.0217111266642453	0.99832044829263	0.0217111266642453
MGAT4A	0.319599145893131	-0.0341055398557419	0.99832044829263	-0.0341055398557419
AHR	0.319618224837255	-0.0427475191933641	0.99832044829263	-0.0427475191933641
DOCK2	0.319863179691178	-0.102234467924485	0.99832044829263	-0.102234467924485
LINC01554	0.31987316842723	-0.0809679434299845	0.99832044829263	-0.0809679434299845
SPOCK2	0.32007451262843	-0.111073567612801	0.99832044829263	-0.111073567612801
AC036176.1	0.320102884617314	-0.0674908288061241	0.99832044829263	-0.0674908288061241
TMA7	0.320103179678854	-0.0765332877501079	0.99832044829263	-0.0765332877501079
ZMAT1	0.320146395144881	0.0325451922779026	0.99832044829263	0.0325451922779026
SPATA7	0.320196900807131	-0.0411568755042138	0.99832044829263	-0.0411568755042138
CCT2	0.320605940467639	-0.0581617502259147	0.99832044829263	-0.0581617502259147
NFXL1	0.320630705614793	-0.046258082567912	0.99832044829263	-0.046258082567912
CLDN11	0.320648846789983	0.0245399016964217	0.99832044829263	0.0245399016964217
TMEM254-AS1	0.320798094274924	0.0651438826816708	0.99832044829263	0.0651438826816708
RYR2	0.320852849281128	-0.0704587669203664	0.99832044829263	-0.0704587669203664
TTC7A	0.321002995657972	0.0270807534769071	0.99832044829263	0.0270807534769071
MVK	0.321055254858156	-0.0412870799721215	0.99832044829263	-0.0412870799721215
ZNF672	0.321061490968461	-0.08189844895375	0.99832044829263	-0.08189844895375
VASH1-AS1	0.3211706773993	0.0778803041989035	0.99832044829263	0.0778803041989035
SHQ1	0.321271606688505	0.0360117239194626	0.99832044829263	0.0360117239194626
HOGA1	0.321310391264515	0.064534564149365	0.99832044829263	0.064534564149365
NRIP1	0.321550011312439	-0.0417325379158214	0.99832044829263	-0.0417325379158214
RAD1	0.3215727048508	0.0674941600177422	0.99832044829263	0.0674941600177422
ZNF34	0.32158659017134	-0.0867653227314308	0.99832044829263	-0.0867653227314308
WDR25	0.321597851530035	-0.0466633246480433	0.99832044829263	-0.0466633246480433
ZNF329	0.321602084027181	-0.0543836314104092	0.99832044829263	-0.0543836314104092
XIAP	0.321706094621967	-0.0267362387463453	0.99832044829263	-0.0267362387463453
CLN8	0.321720149226053	-0.0341951372859775	0.99832044829263	-0.0341951372859775
CDK2AP2	0.321818285896306	0.072059699794392	0.99832044829263	0.072059699794392
OCLN	0.321985529537246	0.0703296561319228	0.99832044829263	0.0703296561319228
RAN	0.322020862933278	0.0809533125926161	0.99832044829263	0.0809533125926161
ZDHHC20	0.322035092188945	0.0259693029156181	0.99832044829263	0.0259693029156181
MUS81	0.322408452880331	0.0557720866097935	0.99832044829263	0.0557720866097935
AC011416.4	0.322414433847968	-0.0598147802840884	0.99832044829263	-0.0598147802840884
FAM131B	0.322435928831422	0.0537800103383864	0.99832044829263	0.0537800103383864
GTF2A1	0.322472915740674	-0.0532800480592919	0.99832044829263	-0.0532800480592919
AL139106.1	0.32256245860515	0.0510581685517067	0.99832044829263	0.0510581685517067
TSBP1-AS1	0.322601355422097	-0.0499440281952496	0.99832044829263	-0.0499440281952496
TMEM63B	0.322744750306002	-0.0561434283678547	0.99832044829263	-0.0561434283678547
LRRC41	0.322781323042984	-0.0345786467578528	0.99832044829263	-0.0345786467578528
SGTB	0.322878978797388	-0.0869403785056242	0.99832044829263	-0.0869403785056242
SIGIRR	0.322918880836663	0.0781184137518066	0.99832044829263	0.0781184137518066
ZNF700	0.322961690718669	0.048628656445789	0.99832044829263	0.048628656445789
GATC	0.323159150975948	-0.0535987645690373	0.99832044829263	-0.0535987645690373
FAM149B1	0.323200039262914	0.0460511595408628	0.99832044829263	0.0460511595408628
TRAF3	0.323238733362142	-0.0500009370375226	0.99832044829263	-0.0500009370375226
DCLK1	0.323316057707261	-0.0981097235482075	0.99832044829263	-0.0981097235482075
CUX2	0.323432941152517	-0.125400307336836	0.99832044829263	-0.125400307336836
LRP11	0.323545319460998	-0.0325713566765632	0.99832044829263	-0.0325713566765632
DAPK3	0.323623637830919	-0.062817435898509	0.99832044829263	-0.062817435898509
DNM1	0.323678659679713	-0.106103963731669	0.99832044829263	-0.106103963731669
UFL1-AS1	0.323843655233429	0.0573539404439715	0.99832044829263	0.0573539404439715
MIR2052HG	0.323901311913898	-0.0723255282047074	0.99832044829263	-0.0723255282047074
AKAP1	0.323912387208385	-0.057628832996815	0.99832044829263	-0.057628832996815
AL117329.1	0.324759815923701	-0.121152229310362	0.99832044829263	-0.121152229310362
SLC35B4	0.324868564148776	-0.041977128988579	0.99832044829263	-0.041977128988579
CNTNAP1	0.324888594311929	-0.151050954244969	0.99832044829263	-0.151050954244969
INPP5F	0.324971176579618	-0.0652267421047059	0.99832044829263	-0.0652267421047059
ZNF140	0.32515120017719	-0.0597986101637613	0.99832044829263	-0.0597986101637613
LRP4	0.325172656393317	-0.0341498641152389	0.99832044829263	-0.0341498641152389
FOXRED2	0.325205994984402	0.0698026252826583	0.99832044829263	0.0698026252826583
RANBP2	0.325329464866293	-0.0362285552833128	0.99832044829263	-0.0362285552833128
PDCD11	0.325519336371596	0.0561704200832014	0.99832044829263	0.0561704200832014
AC092171.4	0.325627871680842	-0.0843347519264322	0.99832044829263	-0.0843347519264322
LINC01250	0.32591711204531	-0.123635815805312	0.99832044829263	-0.123635815805312
WARS2	0.326030103077412	-0.0578578827495262	0.99832044829263	-0.0578578827495262
AC130324.2	0.326041238197	-0.0503211822660258	0.99832044829263	-0.0503211822660258
IQCB1	0.326207217541473	0.0282547289225495	0.99832044829263	0.0282547289225495
BCCIP	0.326276824733046	-0.0376726095190514	0.99832044829263	-0.0376726095190514
USP6NL	0.32632910147731	-0.0690255392890713	0.99832044829263	-0.0690255392890713
GAA	0.326374828326686	0.0453404062525124	0.99832044829263	0.0453404062525124
MPLKIP	0.326570334549098	-0.050379864177324	0.99832044829263	-0.050379864177324
ABHD12	0.326653192223291	0.0254071005519279	0.99832044829263	0.0254071005519279
UBE4A	0.326701023134399	-0.0269620437901003	0.99832044829263	-0.0269620437901003
NARS	0.326707230454322	-0.0612214031482879	0.99832044829263	-0.0612214031482879
ZNF585B	0.326755242963225	0.0309181436853979	0.99832044829263	0.0309181436853979
KMT2E	0.326820232298631	0.0145756878331755	0.99832044829263	0.0145756878331755
ERMP1	0.326857843842828	-0.0307135135404177	0.99832044829263	-0.0307135135404177
CDC16	0.326903391953385	0.0312701434740923	0.99832044829263	0.0312701434740923
C10orf143	0.326917114239764	0.063467656505546	0.99832044829263	0.063467656505546
NFYB	0.326969611296372	-0.0493580636434624	0.99832044829263	-0.0493580636434624
ZNF738	0.327174088518224	-0.0444241056717278	0.99832044829263	-0.0444241056717278
IST1	0.327178912988597	0.0256468421294389	0.99832044829263	0.0256468421294389
BUD31	0.327272495344365	-0.0987017073690181	0.99832044829263	-0.0987017073690181
DHX29	0.327380385501419	-0.0319506822871592	0.99832044829263	-0.0319506822871592
TJAP1	0.327460570227942	0.0262816050316334	0.99832044829263	0.0262816050316334
ICA1L	0.327695376361367	0.0541966515310804	0.99832044829263	0.0541966515310804
HPS1	0.327902818338181	0.0470699266562802	0.99832044829263	0.0470699266562802
NDUFB6	0.327926095732178	-0.047180068795622	0.99832044829263	-0.047180068795622
BCOR	0.327926645900498	0.0496393567283644	0.99832044829263	0.0496393567283644
CDH19	0.328100287804197	-0.0260363026572395	0.99832044829263	-0.0260363026572395
DIS3	0.328192729639445	-0.042607902544853	0.99832044829263	-0.042607902544853
LRRC8C	0.328348389844443	0.034387835637622	0.99832044829263	0.034387835637622
NDC1	0.328352811928883	-0.0444277835719838	0.99832044829263	-0.0444277835719838
TMTC3	0.328449447407787	0.0389973522311421	0.99832044829263	0.0389973522311421
MPV17L	0.328454741405987	0.0683020204576171	0.99832044829263	0.0683020204576171
RPP21	0.328598384321939	0.0817928787249781	0.99832044829263	0.0817928787249781
COL18A1	0.328615356738147	-0.0779572544040258	0.99832044829263	-0.0779572544040258
AC073263.1	0.328667053546767	0.0660173324895686	0.99832044829263	0.0660173324895686
CAND2	0.32874372753177	0.0544708065950245	0.99832044829263	0.0544708065950245
LMCD1-AS1	0.328809363867606	0.0289178466931746	0.99832044829263	0.0289178466931746
PFDN2	0.329050305966096	0.0554272369257352	0.99832044829263	0.0554272369257352
ERVK13-1	0.329087652750118	0.0474546185685151	0.99832044829263	0.0474546185685151
CAMTA1	0.329163971311748	-0.0184445405434174	0.99832044829263	-0.0184445405434174
ATP13A2	0.329189527038897	0.0508188626116883	0.99832044829263	0.0508188626116883
ARMC10	0.329208646846065	-0.0400661534166813	0.99832044829263	-0.0400661534166813
DCLRE1C	0.329209237294528	0.0487680520896185	0.99832044829263	0.0487680520896185
CRYL1	0.329318084365909	-0.0288985789955984	0.99832044829263	-0.0288985789955984
SAMD4A	0.329401058492293	-0.0624067314565453	0.99832044829263	-0.0624067314565453
DLGAP2	0.329438590745572	0.0961235670797443	0.99832044829263	0.0961235670797443
OLIG1	0.329682088469847	0.0414262793311744	0.99832044829263	0.0414262793311744
MRPS7	0.329682815881009	-0.0785517582356198	0.99832044829263	-0.0785517582356198
FLOT2	0.329790190195973	-0.0488334341438083	0.99832044829263	-0.0488334341438083
ANKRD18A	0.329807120452575	-0.0583896319325418	0.99832044829263	-0.0583896319325418
SF3B4	0.329905536852217	0.0782816870097855	0.99832044829263	0.0782816870097855
BCL2L14	0.330260471006825	0.0957135384744614	0.99832044829263	0.0957135384744614
HSPBAP1	0.330307101681619	0.04307309992636	0.99832044829263	0.04307309992636
DDX21	0.330323286865692	-0.0424499192580964	0.99832044829263	-0.0424499192580964
CIZ1	0.330396674209469	0.0310539219759385	0.99832044829263	0.0310539219759385
EOGT	0.330439644212004	0.0660853000814924	0.99832044829263	0.0660853000814924
TAF1C	0.330452967410686	0.0571880951305614	0.99832044829263	0.0571880951305614
LSM3	0.330601015368927	0.0820272539544961	0.99832044829263	0.0820272539544961
TUBG2	0.330650602683356	-0.047073065982656	0.99832044829263	-0.047073065982656
ATP13A1	0.330779151850627	-0.0529836142875724	0.99832044829263	-0.0529836142875724
VEGFB	0.330797673243937	-0.0648338942170968	0.99832044829263	-0.0648338942170968
PPP1R12B	0.330964228914472	-0.0182859618453518	0.99832044829263	-0.0182859618453518
C12orf49	0.331169043469086	0.068026222801975	0.99832044829263	0.068026222801975
ZNF552	0.33132201965212	-0.0539007418546667	0.99832044829263	-0.0539007418546667
TMEM201	0.331411006683233	0.0785453239029106	0.99832044829263	0.0785453239029106
SS18L2	0.331426012512882	0.0496935075791586	0.99832044829263	0.0496935075791586
RNF38	0.331438468685968	0.0251139166960498	0.99832044829263	0.0251139166960498
SPATA2	0.331647633757051	0.0627389384624508	0.99832044829263	0.0627389384624508
CHCHD2	0.331933026456611	-0.0627986126971483	0.99832044829263	-0.0627986126971483
CD2AP	0.331933508400712	0.0500372847968114	0.99832044829263	0.0500372847968114
SAP18	0.3319446149448	0.0754120205776097	0.99832044829263	0.0754120205776097
PPFIA1	0.33195978213034	0.0308843014527981	0.99832044829263	0.0308843014527981
TMEM117	0.332101279674772	-0.0257605886968055	0.99832044829263	-0.0257605886968055
FMN1	0.332147788241574	-0.131265594200495	0.99832044829263	-0.131265594200495
SNTG1	0.332169790161461	0.0963870005684238	0.99832044829263	0.0963870005684238
GPALPP1	0.332206809626837	-0.0275921902273282	0.99832044829263	-0.0275921902273282
CELF4	0.332252840532448	0.0944262248650876	0.99832044829263	0.0944262248650876
PJA2	0.33241204221742	-0.0391775535656877	0.99832044829263	-0.0391775535656877
AL035071.1	0.332452972701704	-0.0819852146537069	0.99832044829263	-0.0819852146537069
BDNF-AS	0.332513958982037	0.0340186620472883	0.99832044829263	0.0340186620472883
AC069228.1	0.332567554908291	0.0329056410611911	0.99832044829263	0.0329056410611911
CKAP4	0.332614399379747	-0.101036327469822	0.99832044829263	-0.101036327469822
COL16A1	0.33267793817818	0.0354499983761729	0.99832044829263	0.0354499983761729
ZNF652	0.332761663209957	-0.023987705033354	0.99832044829263	-0.023987705033354
RANBP1	0.332954262572189	0.0693663878968104	0.99832044829263	0.0693663878968104
VTA1	0.333115415938329	-0.040964722779152	0.99832044829263	-0.040964722779152
CHCHD6	0.333207944626089	-0.0421003770582013	0.99832044829263	-0.0421003770582013
CNTNAP5	0.33336993478832	0.0962177324998883	0.99832044829263	0.0962177324998883
PDE5A	0.333489994763532	0.110500468401159	0.99832044829263	0.110500468401159
ZNF883	0.333492058317604	-0.0695765512755288	0.99832044829263	-0.0695765512755288
SEC16A	0.333727405965453	0.0462453993450255	0.99832044829263	0.0462453993450255
GPR155	0.333761683723904	0.0717645105425964	0.99832044829263	0.0717645105425964
AL050341.2	0.33377897977544	0.0810885293204999	0.99832044829263	0.0810885293204999
SEPTIN7	0.333883971696394	0.0160187899335126	0.99832044829263	0.0160187899335126
AC125613.1	0.333988458840239	-0.0589213738758899	0.99832044829263	-0.0589213738758899
TTC32	0.334074656624162	0.0439650870259804	0.99832044829263	0.0439650870259804
HUWE1	0.334087229313809	-0.0255923605084159	0.99832044829263	-0.0255923605084159
ZZEF1	0.334152702533549	-0.0298846557633268	0.99832044829263	-0.0298846557633268
KLHL9	0.334285812740745	0.0493427139641021	0.99832044829263	0.0493427139641021
AC027117.2	0.334337194823644	0.0717056025937894	0.99832044829263	0.0717056025937894
HDHD5-AS1	0.334357186410952	0.0537213798900314	0.99832044829263	0.0537213798900314
MTMR7	0.334447690285427	0.0269428672823309	0.99832044829263	0.0269428672823309
NUP42	0.334508397281426	0.051439335014458	0.99832044829263	0.051439335014458
SLX4IP	0.334589982824152	0.0330608844810236	0.99832044829263	0.0330608844810236
CYBRD1	0.334644054903535	0.0434422310446243	0.99832044829263	0.0434422310446243
AUTS2	0.33482588197909	0.0146080630325799	0.99832044829263	0.0146080630325799
RECK	0.335343974696178	-0.0269661923200545	0.99832044829263	-0.0269661923200545
FNBP1	0.335526627480898	-0.0183134248373791	0.99832044829263	-0.0183134248373791
FBXO3	0.335671994420427	0.0410973675687749	0.99832044829263	0.0410973675687749
CNOT2	0.335720383769204	0.0204599818886365	0.99832044829263	0.0204599818886365
ZNF205	0.336143136801494	-0.062663363262056	0.99832044829263	-0.062663363262056
CBWD5	0.336210682527371	-0.0636475096848646	0.99832044829263	-0.0636475096848646
CMTR2	0.336257670587108	0.0611672886013558	0.99832044829263	0.0611672886013558
LPCAT2	0.336515189943884	0.0492445425477353	0.99832044829263	0.0492445425477353
LYRM9	0.336572435937699	0.0549582566879797	0.99832044829263	0.0549582566879797
SHC3	0.336575449463785	-0.1238352398026	0.99832044829263	-0.1238352398026
CCDC57	0.336619579177372	0.0575679597864569	0.99832044829263	0.0575679597864569
XRCC6	0.336673333707803	0.0385866430626704	0.99832044829263	0.0385866430626704
NUFIP2	0.336901706815184	-0.0282211018581858	0.99832044829263	-0.0282211018581858
CUEDC1	0.336963800446274	0.0244741315733578	0.99832044829263	0.0244741315733578
RPL28	0.337095501108182	0.0426631305976965	0.99832044829263	0.0426631305976965
FOXO1	0.337181250167606	-0.0252746842528005	0.99832044829263	-0.0252746842528005
C16orf46	0.337389433822642	0.0458953458304018	0.99832044829263	0.0458953458304018
AC004951.1	0.337473157221019	0.0424547070292287	0.99832044829263	0.0424547070292287
AFMID	0.337503305618882	0.0290805440811275	0.99832044829263	0.0290805440811275
SNAPC5	0.337521614099001	-0.0829766933025083	0.99832044829263	-0.0829766933025083
AC005037.1	0.337559381339181	-0.0586181702325522	0.99832044829263	-0.0586181702325522
WASHC2A	0.337586626736464	0.0500896447790239	0.99832044829263	0.0500896447790239
RIMS3	0.337601051471262	-0.123033237362021	0.99832044829263	-0.123033237362021
RBM45	0.337846920366221	0.0485328966180742	0.99832044829263	0.0485328966180742
LCNL1	0.337923190331864	-0.0568793698750584	0.99832044829263	-0.0568793698750584
ZHX1	0.337931109977076	-0.0394650031331847	0.99832044829263	-0.0394650031331847
DDB2	0.33807403484654	-0.0404991136184793	0.99832044829263	-0.0404991136184793
TRAPPC9	0.338092047108353	-0.0220005281224421	0.99832044829263	-0.0220005281224421
NOVA2	0.338093942839937	-0.0497302311158288	0.99832044829263	-0.0497302311158288
TMEM265	0.338190842564541	0.0541556637242026	0.99832044829263	0.0541556637242026
JADE1	0.33832115387525	0.0418068852086627	0.99832044829263	0.0418068852086627
VEGFD	0.338452630363369	-0.0673465093008606	0.99832044829263	-0.0673465093008606
AP003486.1	0.338547789397612	-0.0783005993387784	0.99832044829263	-0.0783005993387784
PPM1D	0.338568209902099	0.0257235615084196	0.99832044829263	0.0257235615084196
IK	0.338589598295717	0.0520797911633651	0.99832044829263	0.0520797911633651
CPSF2	0.338599656014709	0.0326684040573654	0.99832044829263	0.0326684040573654
FAM162A	0.338631201302748	-0.0599362679714742	0.99832044829263	-0.0599362679714742
PMPCA	0.338842221176993	0.059880853551642	0.99832044829263	0.059880853551642
PRKAB1	0.33887987454631	-0.0651879231256589	0.99832044829263	-0.0651879231256589
MEG8	0.338973112277663	-0.108194053885358	0.99832044829263	-0.108194053885358
ACAD8	0.339162074896265	0.0572977984036995	0.99832044829263	0.0572977984036995
ZFP82	0.339171687705769	-0.0417424027614724	0.99832044829263	-0.0417424027614724
ARHGAP44	0.339228127696312	0.0940339118735976	0.99832044829263	0.0940339118735976
PTDSS1	0.339236518991358	-0.0796619663747706	0.99832044829263	-0.0796619663747706
PTPN1	0.33925135742003	-0.0365209294224367	0.99832044829263	-0.0365209294224367
SSB	0.339262819176708	0.0548929891181344	0.99832044829263	0.0548929891181344
AC011287.1	0.339316232794323	-0.123631279862046	0.99832044829263	-0.123631279862046
PKNOX1	0.339385368490686	0.0307720525607529	0.99832044829263	0.0307720525607529
LINC00886	0.339466778585586	-0.0739030037076322	0.99832044829263	-0.0739030037076322
MTG1	0.339563215293462	-0.0305699735569936	0.99832044829263	-0.0305699735569936
AEBP2	0.339624781442357	-0.0355689055254098	0.99832044829263	-0.0355689055254098
HDAC1	0.339673599489572	0.0432863444001575	0.99832044829263	0.0432863444001575
AKAP8L	0.340096291261836	-0.0358768742390041	0.99832044829263	-0.0358768742390041
FAR1	0.340426316010078	0.0212948378008562	0.99832044829263	0.0212948378008562
ROCK2	0.340443608985684	-0.0504527519482115	0.99832044829263	-0.0504527519482115
RBIS	0.340523838388342	0.0748899564422962	0.99832044829263	0.0748899564422962
NEMF	0.340560665828136	0.0197799355059748	0.99832044829263	0.0197799355059748
RBM22	0.341054012082727	0.0535432911661969	0.99832044829263	0.0535432911661969
KDM3A	0.341191958989662	-0.0449066026876936	0.99832044829263	-0.0449066026876936
AL589669.1	0.341511828341407	-0.0606006597401692	0.99832044829263	-0.0606006597401692
LINC01978	0.341583364688835	0.068593922389869	0.99832044829263	0.068593922389869
PSRC1	0.341649049196754	0.0394553237339989	0.99832044829263	0.0394553237339989
ASTE1	0.341752075086098	0.062426912513624	0.99832044829263	0.062426912513624
STRIP1	0.341846756614124	0.0448128241131163	0.99832044829263	0.0448128241131163
HSPA13	0.341927948042276	0.0592006713222109	0.99832044829263	0.0592006713222109
CCPG1	0.342035087019151	0.0438506953445931	0.99832044829263	0.0438506953445931
ST3GAL4	0.342173251512065	-0.032000319332096	0.99832044829263	-0.032000319332096
TRAFD1	0.342180607819267	-0.0414838202539379	0.99832044829263	-0.0414838202539379
ELAC2	0.342210924316897	0.0535618675464858	0.99832044829263	0.0535618675464858
GFOD2	0.342259102685003	0.0719444979859788	0.99832044829263	0.0719444979859788
NELL2	0.342457171863296	-0.104659719078459	0.99832044829263	-0.104659719078459
LAMP1	0.342458123984014	0.0403651399398807	0.99832044829263	0.0403651399398807
PXN	0.342504737606415	0.0491727748787223	0.99832044829263	0.0491727748787223
SOX12	0.342604234214398	0.0443853593635991	0.99832044829263	0.0443853593635991
SPECC1L	0.342691874781449	-0.0256598433915195	0.99832044829263	-0.0256598433915195
FADS2	0.34281854913313	0.0466204098283491	0.99832044829263	0.0466204098283491
UNKL	0.343133280032849	-0.0408077146996299	0.99832044829263	-0.0408077146996299
UNC5B	0.343152926409955	-0.0287570147671426	0.99832044829263	-0.0287570147671426
FAAH	0.343330089286159	0.0392620808375401	0.99832044829263	0.0392620808375401
RADX	0.343379027538252	-0.0598956541010634	0.99832044829263	-0.0598956541010634
AIF1L	0.34340210652519	0.0337285769400591	0.99832044829263	0.0337285769400591
FBXO10	0.343419519210365	0.0598037542557279	0.99832044829263	0.0598037542557279
ZFYVE21	0.343702880257634	0.0506129681462402	0.99832044829263	0.0506129681462402
ASTN1	0.343792306233332	0.0860097839932091	0.99832044829263	0.0860097839932091
SMIM4	0.343822289103294	0.0398951048401315	0.99832044829263	0.0398951048401315
SEC23B	0.34395791520932	0.0447169947130822	0.99832044829263	0.0447169947130822
AC073332.1	0.344032518000122	0.0781300740789786	0.99832044829263	0.0781300740789786
LRRC1	0.344063378923409	-0.0267914939647472	0.99832044829263	-0.0267914939647472
SYNJ1	0.344189743198309	-0.0473947851400722	0.99832044829263	-0.0473947851400722
PFDN1	0.344206692536123	0.0410427944469643	0.99832044829263	0.0410427944469643
PHRF1	0.344285914655733	-0.0439969124759969	0.99832044829263	-0.0439969124759969
SLC25A4	0.344352622826258	-0.0780566330283781	0.99832044829263	-0.0780566330283781
NUBP1	0.34456663023919	0.0631560617986696	0.99832044829263	0.0631560617986696
DGKQ	0.344635590346914	-0.0929235741004059	0.99832044829263	-0.0929235741004059
CASC15	0.344715728807473	0.108625785620677	0.99832044829263	0.108625785620677
WWC3	0.344751694218594	-0.0300415996126791	0.99832044829263	-0.0300415996126791
KLHDC2	0.344994665297168	0.0371514421568003	0.99832044829263	0.0371514421568003
EFCAB6	0.34500120894815	0.0762412049999996	0.99832044829263	0.0762412049999996
TRAPPC1	0.345122264232987	0.0954926801764985	0.99832044829263	0.0954926801764985
AGMO	0.345227489280217	0.0449954498132069	0.99832044829263	0.0449954498132069
FAM107A	0.345247997502942	0.0951260669347829	0.99832044829263	0.0951260669347829
TGS1	0.34524969913087	-0.0346752449061921	0.99832044829263	-0.0346752449061921
PAF1	0.345335011878035	-0.0681073193414277	0.99832044829263	-0.0681073193414277
SRGAP2C	0.34534635832232	0.0398379664726721	0.99832044829263	0.0398379664726721
GTF3C3	0.345545096702342	-0.0415401667010445	0.99832044829263	-0.0415401667010445
NBAS	0.345589117244421	-0.0242202977744521	0.99832044829263	-0.0242202977744521
NUTM2A-AS1	0.345786304561675	-0.0243883615009619	0.99832044829263	-0.0243883615009619
CAP1	0.345925610528171	-0.0465972754276224	0.99832044829263	-0.0465972754276224
CCDC150	0.345983411911398	-0.0463229337371499	0.99832044829263	-0.0463229337371499
LARGE1	0.345991903182329	-0.030408340767564	0.99832044829263	-0.030408340767564
PAK5	0.345994841479588	0.0746610503479485	0.99832044829263	0.0746610503479485
SLC36A4	0.346009981423094	-0.030697808411071	0.99832044829263	-0.030697808411071
SCAMP3	0.346012207436063	0.0441916910624501	0.99832044829263	0.0441916910624501
PPCDC	0.346029506110486	0.0321129705510199	0.99832044829263	0.0321129705510199
HBEGF	0.346338751564585	0.0669914382829827	0.99832044829263	0.0669914382829827
UBA3	0.34642290007492	0.0280456424680028	0.99832044829263	0.0280456424680028
SPIRE1	0.346495432628315	0.025925541549844	0.99832044829263	0.025925541549844
TOMM70	0.346541350716842	-0.0438551474491949	0.99832044829263	-0.0438551474491949
MATN1-AS1	0.346617250420288	0.0637385945162833	0.99832044829263	0.0637385945162833
AL450384.2	0.346658151297483	-0.0464190398028868	0.99832044829263	-0.0464190398028868
SNHG6	0.346686100920665	0.0535591043999979	0.99832044829263	0.0535591043999979
MEF2D	0.346711810559284	-0.0281245769088006	0.99832044829263	-0.0281245769088006
MYO5A	0.346773594762782	-0.0193810923682712	0.99832044829263	-0.0193810923682712
THUMPD1	0.346953314618409	0.037189455551855	0.99832044829263	0.037189455551855
TRMT1	0.34702326544831	0.0493891927372629	0.99832044829263	0.0493891927372629
NDUFC2	0.347096821302551	-0.0760248598490028	0.99832044829263	-0.0760248598490028
FAM76B	0.347157993646969	-0.0433086439815274	0.99832044829263	-0.0433086439815274
COX7A2L	0.347167983181116	-0.0542465520794346	0.99832044829263	-0.0542465520794346
GSTK1	0.347272004057573	-0.0612037541201729	0.99832044829263	-0.0612037541201729
SDF2	0.347372895571275	0.0617129203352534	0.99832044829263	0.0617129203352534
ANKZF1	0.347455684072347	0.0358456046178381	0.99832044829263	0.0358456046178381
CFTR	0.347673321524132	0.0724064481236637	0.99832044829263	0.0724064481236637
CXXC4	0.347711585447072	0.0440577235653951	0.99832044829263	0.0440577235653951
UMAD1	0.34778732947306	0.0234742748011761	0.99832044829263	0.0234742748011761
ATP5MC3	0.347806786043679	-0.117004854258243	0.99832044829263	-0.117004854258243
NNT	0.347839533560926	-0.0411919405048613	0.99832044829263	-0.0411919405048613
ZFP90	0.347884488831675	-0.0317921321109138	0.99832044829263	-0.0317921321109138
TMEM108	0.348128012566455	0.0848454134374426	0.99832044829263	0.0848454134374426
UHRF1BP1L	0.348252948206946	0.0373135142108522	0.99832044829263	0.0373135142108522
SDHB	0.348306797397769	-0.0315409412711622	0.99832044829263	-0.0315409412711622
DYNC1I2	0.348462209611792	0.0241286406038919	0.99832044829263	0.0241286406038919
IGDCC3	0.348473817299485	0.0600811775678094	0.99832044829263	0.0600811775678094
SLC35B2	0.348478040387517	0.0665048489684862	0.99832044829263	0.0665048489684862
PPP1R16B	0.348655256134654	0.0198060493356496	0.99832044829263	0.0198060493356496
ARL10	0.34887718570869	-0.0396607763832504	0.99832044829263	-0.0396607763832504
MTFMT	0.34888436730676	0.0527911249556321	0.99832044829263	0.0527911249556321
TMEM50B	0.348892986168809	0.032258879538971	0.99832044829263	0.032258879538971
OXSR1	0.348894264908754	-0.0342334423528629	0.99832044829263	-0.0342334423528629
PRPF4B	0.348896042970859	-0.0325960156197093	0.99832044829263	-0.0325960156197093
YY1	0.349064937565669	-0.0243560165568406	0.99832044829263	-0.0243560165568406
LYST	0.349086036369991	0.0268013290010936	0.99832044829263	0.0268013290010936
PUS1	0.349284919801553	0.0510582063886027	0.99832044829263	0.0510582063886027
APC2	0.349443115779609	-0.05381421731882	0.99832044829263	-0.05381421731882
SLC25A11	0.349608886537798	0.0696489344175851	0.99832044829263	0.0696489344175851
ARL4A	0.349787574010458	-0.111312015686969	0.99832044829263	-0.111312015686969
AC100793.2	0.349873369458567	0.0530563432868122	0.99832044829263	0.0530563432868122
HLCS	0.349895127043966	0.027913196971938	0.99832044829263	0.027913196971938
PKNOX2	0.35004973165365	-0.106742473639487	0.99832044829263	-0.106742473639487
LYPLA1	0.35042947140479	-0.0701403337508489	0.99832044829263	-0.0701403337508489
THAP3	0.350487681188029	0.0558124985504092	0.99832044829263	0.0558124985504092
TSEN2	0.350490272982594	0.0371773878460385	0.99832044829263	0.0371773878460385
PPM1A	0.350591144516686	-0.0383382200993832	0.99832044829263	-0.0383382200993832
ADD3	0.350782595654633	0.01506207633479	0.99832044829263	0.01506207633479
TCP10L	0.350844213653823	-0.0740234481262059	0.99832044829263	-0.0740234481262059
REEP1	0.350948500650161	0.0907895214206222	0.99832044829263	0.0907895214206222
FAM171B	0.350951225241897	0.0519717760062554	0.99832044829263	0.0519717760062554
C11orf58	0.351128653437423	0.0325609081902621	0.99832044829263	0.0325609081902621
ZFAND1	0.351164288460243	-0.0704316865155141	0.99832044829263	-0.0704316865155141
JAKMIP2	0.351228150753296	-0.0201887636846887	0.99832044829263	-0.0201887636846887
RUVBL1	0.351240525957652	0.0615078089417897	0.99832044829263	0.0615078089417897
AHCY	0.351359026755957	-0.071974301756932	0.99832044829263	-0.071974301756932
CDH26	0.351459842389731	0.0460797748135706	0.99832044829263	0.0460797748135706
BABAM2	0.351494815703076	0.0298913157273523	0.99832044829263	0.0298913157273523
ANKAR	0.351565692242092	0.0261895954381823	0.99832044829263	0.0261895954381823
RAB11FIP4	0.351647988390056	0.025037783923586	0.99832044829263	0.025037783923586
CPB2-AS1	0.35168889916582	0.0234843114334673	0.99832044829263	0.0234843114334673
OTUD6B-AS1	0.351726420685623	-0.0565768845408883	0.99832044829263	-0.0565768845408883
EYS	0.351861990865727	0.0862897028833675	0.99832044829263	0.0862897028833675
TCEAL9	0.35186521082579	0.0743413315834122	0.99832044829263	0.0743413315834122
EPB41L4B	0.351940647503092	0.133073954273219	0.99832044829263	0.133073954273219
ELMSAN1	0.351949215019024	0.0286083613474975	0.99832044829263	0.0286083613474975
MDM4	0.352014903883034	0.0218832256595957	0.99832044829263	0.0218832256595957
HIF1AN	0.352230122150389	-0.0489406060978264	0.99832044829263	-0.0489406060978264
DAG1	0.352271314252179	-0.0505987061698897	0.99832044829263	-0.0505987061698897
AP5M1	0.352305025183836	0.0499360380720039	0.99832044829263	0.0499360380720039
LCORL	0.35242582783406	-0.0249255616390649	0.99832044829263	-0.0249255616390649
RASSF8	0.352640204114243	-0.0307888769051493	0.99832044829263	-0.0307888769051493
MT-ATP8	0.352762970704699	0.0552969111974575	0.99832044829263	0.0552969111974575
SIAH2	0.352815682780479	-0.0549208093234659	0.99832044829263	-0.0549208093234659
UVSSA	0.352873776384664	0.0526352841906408	0.99832044829263	0.0526352841906408
SLC35D1	0.352966483441161	0.0333796059137351	0.99832044829263	0.0333796059137351
USP9Y	0.353108152102603	0.0713399546975197	0.99832044829263	0.0713399546975197
ELP4	0.353435469698481	-0.0222799905587895	0.99832044829263	-0.0222799905587895
MRPS9	0.353631150924267	0.0302498428044747	0.99832044829263	0.0302498428044747
MPV17	0.353756032437409	0.040647048229924	0.99832044829263	0.040647048229924
SMARCA4	0.353831064649439	0.032140367306474	0.99832044829263	0.032140367306474
CALM3	0.353892072252208	-0.082138145137373	0.99832044829263	-0.082138145137373
LUC7L2	0.353901787842644	-0.0247156305186835	0.99832044829263	-0.0247156305186835
NDUFA5	0.353905311243903	0.0668053748887718	0.99832044829263	0.0668053748887718
CCDC82	0.353932592532914	0.0295680752895006	0.99832044829263	0.0295680752895006
ZRANB1	0.354043739796803	0.0310522402524191	0.99832044829263	0.0310522402524191
AC079447.1	0.354090536651768	0.024813408566033	0.99832044829263	0.024813408566033
GAB1	0.354123605691947	-0.0156582774742369	0.99832044829263	-0.0156582774742369
ZNF136	0.354246324434864	0.0579802026444042	0.99832044829263	0.0579802026444042
MGST3	0.354374033577899	0.0402260020141683	0.99832044829263	0.0402260020141683
ZBTB7B	0.354401221535207	0.0595277400935849	0.99832044829263	0.0595277400935849
NT5DC1	0.354414110894824	0.0206185306389659	0.99832044829263	0.0206185306389659
NDST1	0.35445462340991	-0.0286666556330436	0.99832044829263	-0.0286666556330436
EGFL8	0.354467289677434	-0.0580600704794836	0.99832044829263	-0.0580600704794836
ZNF480	0.354584355268114	-0.0536775594978988	0.99832044829263	-0.0536775594978988
JPT2	0.354627703085042	-0.051337702263995	0.99832044829263	-0.051337702263995
RAB40C	0.354668925740721	-0.0350063121921894	0.99832044829263	-0.0350063121921894
HDAC9	0.355231247936816	0.0306919688239089	0.99832044829263	0.0306919688239089
TRMT11	0.355366391226232	0.0295212466412302	0.99832044829263	0.0295212466412302
AC016727.1	0.355447856471293	0.0708263804853201	0.99832044829263	0.0708263804853201
PLD6	0.355456205292344	-0.0724774362539478	0.99832044829263	-0.0724774362539478
NDUFAF8	0.355592769973509	0.0651715675270913	0.99832044829263	0.0651715675270913
SRSF3	0.3556298297913	0.037286621496795	0.99832044829263	0.037286621496795
POFUT2	0.355886187251167	0.0611553192606392	0.99832044829263	0.0611553192606392
UBA52	0.355899952061947	0.0563213319033521	0.99832044829263	0.0563213319033521
LGMN	0.356022232362471	-0.0497135094597096	0.99832044829263	-0.0497135094597096
TRIM66	0.356125321203469	0.0521155572884627	0.99832044829263	0.0521155572884627
FBXO28	0.356262747335436	-0.0266262164553088	0.99832044829263	-0.0266262164553088
ZNF322	0.356327688267384	-0.047766434779772	0.99832044829263	-0.047766434779772
IDH1	0.356330250636117	0.045346091855522	0.99832044829263	0.045346091855522
CAPNS1	0.356474291403603	0.0538251805347858	0.99832044829263	0.0538251805347858
FAM76A	0.35657014386966	0.0466243488918329	0.99832044829263	0.0466243488918329
C7orf50	0.356791417742677	-0.0486438027290335	0.99832044829263	-0.0486438027290335
KDM3B	0.356804208879808	0.0288163045403562	0.99832044829263	0.0288163045403562
COL11A2	0.356930257838156	0.0726725104237342	0.99832044829263	0.0726725104237342
FUS	0.356939144171802	-0.0235941771126373	0.99832044829263	-0.0235941771126373
SCMH1	0.357095353410962	-0.0340460571061457	0.99832044829263	-0.0340460571061457
RTN4	0.357095940816796	-0.0132315145595428	0.99832044829263	-0.0132315145595428
YPEL5	0.357114075100937	0.0547526681705574	0.99832044829263	0.0547526681705574
CNOT11	0.357228771306518	0.0382387399369337	0.99832044829263	0.0382387399369337
AC092944.1	0.357328543095975	0.0609330327758976	0.99832044829263	0.0609330327758976
NSL1	0.357415376288389	-0.026003675699441	0.99832044829263	-0.026003675699441
KDM2A	0.357540023305404	0.0206392869280501	0.99832044829263	0.0206392869280501
SUN2	0.357621686998039	0.0285329158154205	0.99832044829263	0.0285329158154205
NCDN	0.357657086899529	-0.0836853951756231	0.99832044829263	-0.0836853951756231
SAE1	0.357952338944963	0.0401523604727951	0.99832044829263	0.0401523604727951
ASCC1	0.357973753435928	0.0242548816477942	0.99832044829263	0.0242548816477942
HIST1H2BD	0.357979508294694	-0.0721351689650384	0.99832044829263	-0.0721351689650384
PHC3	0.358108965889371	-0.0210772826668244	0.99832044829263	-0.0210772826668244
AK3	0.358281417810272	0.0293836668744431	0.99832044829263	0.0293836668744431
EVI2A	0.35829203365155	-0.0420104076946843	0.99832044829263	-0.0420104076946843
PPIG	0.358340031891617	0.0216085977403973	0.99832044829263	0.0216085977403973
MIAT	0.358368220292409	0.0983680414729877	0.99832044829263	0.0983680414729877
ATP5ME	0.358399279070743	-0.0481743314015728	0.99832044829263	-0.0481743314015728
ZNF331	0.358496849316459	0.0326687535527297	0.99832044829263	0.0326687535527297
ZNF559	0.358528187934619	0.0390044240015579	0.99832044829263	0.0390044240015579
ATP6V0A2	0.358662351897453	0.046295978190603	0.99832044829263	0.046295978190603
SLC49A4	0.358686426372695	-0.0559766610412201	0.99832044829263	-0.0559766610412201
ACADS	0.358762970895974	0.0647666814407552	0.99832044829263	0.0647666814407552
CNTN5	0.358799729439557	0.0879112894108608	0.99832044829263	0.0879112894108608
EPS15	0.359039330094351	0.0171104730062216	0.99832044829263	0.0171104730062216
TRMU	0.359209163770092	0.0338653988345674	0.99832044829263	0.0338653988345674
SMNDC1	0.359675998443193	0.0576343262954797	0.99832044829263	0.0576343262954797
STAG2	0.359764012383668	-0.0199008737452652	0.99832044829263	-0.0199008737452652
SH3GL1	0.359821167540771	0.0427995684064486	0.99832044829263	0.0427995684064486
VPS4B	0.359919465599466	0.0260623672228378	0.99832044829263	0.0260623672228378
ABCA1	0.359970674961037	0.0475722001248484	0.99832044829263	0.0475722001248484
RPS6	0.360055618706909	0.0557157698060702	0.99832044829263	0.0557157698060702
VDAC1	0.360138177177736	-0.0691525188164886	0.99832044829263	-0.0691525188164886
MRPL32	0.360326615736282	0.0969159850991021	0.99832044829263	0.0969159850991021
WFS1	0.36034883308349	0.0912512337841722	0.99832044829263	0.0912512337841722
ATP6V0E2	0.36045557545363	0.0380674506573783	0.99832044829263	0.0380674506573783
ABCB9	0.360521098684428	0.0465269039109188	0.99832044829263	0.0465269039109188
AC008667.1	0.360681500544888	-0.0684376321758054	0.99832044829263	-0.0684376321758054
SV2A	0.360700914923472	-0.0831094588729205	0.99832044829263	-0.0831094588729205
GPRC5B	0.360732827775696	0.0214944216462065	0.99832044829263	0.0214944216462065
RAB1A	0.360756188857462	0.0195254923641479	0.99832044829263	0.0195254923641479
KRT10	0.360913436111173	-0.0757906620826408	0.99832044829263	-0.0757906620826408
ADAM10	0.361089486294428	-0.0169571539247643	0.99832044829263	-0.0169571539247643
AC093865.1	0.361519166852259	-0.0390443038164051	0.99832044829263	-0.0390443038164051
PYGO2	0.36165765418877	0.0573596967102331	0.99832044829263	0.0573596967102331
SEC24C	0.361686190039909	-0.0351502855179313	0.99832044829263	-0.0351502855179313
USP19	0.361888730059888	0.0924033753031914	0.99832044829263	0.0924033753031914
RPS19BP1	0.361977255707148	-0.0665935960527125	0.99832044829263	-0.0665935960527125
VPS35L	0.362057502068872	0.0195665052782574	0.99832044829263	0.0195665052782574
LINC00205	0.362088171613127	0.0695211905519672	0.99832044829263	0.0695211905519672
ASRGL1	0.362098489324714	-0.0381392502724141	0.99832044829263	-0.0381392502724141
CALR	0.362185976626036	0.0573999189173707	0.99832044829263	0.0573999189173707
KLHL20	0.362220462900632	0.0301969647862086	0.99832044829263	0.0301969647862086
CDKN1B	0.362395202096945	0.0525355061195867	0.99832044829263	0.0525355061195867
FBXL6	0.362475646606135	0.100807045966732	0.99832044829263	0.100807045966732
WDR5	0.362551636245301	0.0374004892854091	0.99832044829263	0.0374004892854091
LARP4	0.362704717039115	-0.0320615839565922	0.99832044829263	-0.0320615839565922
FOXRED1	0.362712333486631	-0.0421546526332231	0.99832044829263	-0.0421546526332231
FAAH2	0.362828850420574	-0.056823012335307	0.99832044829263	-0.056823012335307
QTRT1	0.362883126258265	0.0352227574102542	0.99832044829263	0.0352227574102542
AP4S1	0.362917932695594	0.0296404285749849	0.99832044829263	0.0296404285749849
AC009041.2	0.362927885729011	0.0244061629000381	0.99832044829263	0.0244061629000381
NPC2	0.3629747448173	0.0648696542453952	0.99832044829263	0.0648696542453952
CCDC148	0.362998108412981	0.0634767915429934	0.99832044829263	0.0634767915429934
ECI1	0.363022557324312	-0.0477366060179324	0.99832044829263	-0.0477366060179324
BEND6	0.363023630565233	-0.0521868583786206	0.99832044829263	-0.0521868583786206
ATP5PO	0.363318033934516	-0.0735489654428936	0.99832044829263	-0.0735489654428936
CRIM1	0.363494676544274	-0.0432951632633147	0.99832044829263	-0.0432951632633147
SLC25A39	0.363503108433166	0.0611568612204418	0.99832044829263	0.0611568612204418
HNRNPH1	0.363509442883068	-0.0354610566273972	0.99832044829263	-0.0354610566273972
TADA2B	0.363605255049495	0.0696626782047898	0.99832044829263	0.0696626782047898
ATXN1	0.364207488877923	-0.0158153762833893	0.99832044829263	-0.0158153762833893
BTAF1	0.364262519859137	-0.0272012662902566	0.99832044829263	-0.0272012662902566
CHN1	0.364301883535954	0.105878201423114	0.99832044829263	0.105878201423114
G2E3	0.364399678455098	0.037436035115721	0.99832044829263	0.037436035115721
RHBDL2	0.364418355147589	0.0357231976494015	0.99832044829263	0.0357231976494015
AC022893.1	0.364452687249593	-0.0611275957610254	0.99832044829263	-0.0611275957610254
MECP2	0.364544404240257	-0.0188116966168176	0.99832044829263	-0.0188116966168176
RFNG	0.364667064895259	0.0603965360996234	0.99832044829263	0.0603965360996234
SMARCE1	0.364712732159164	0.0327223662092001	0.99832044829263	0.0327223662092001
PPP5D1	0.364872270830919	0.0551798909597102	0.99832044829263	0.0551798909597102
UBE2V1	0.364930553667859	-0.0318423847953022	0.99832044829263	-0.0318423847953022
SNX3	0.364974307825603	0.0395331088697565	0.99832044829263	0.0395331088697565
ZFAND3	0.36498323775462	-0.0153318727988989	0.99832044829263	-0.0153318727988989
GNPTG	0.364985709455324	0.0313045910078019	0.99832044829263	0.0313045910078019
ACVR1B	0.365321176194696	-0.0562133958089755	0.99832044829263	-0.0562133958089755
NPIPB15	0.365330402282339	0.0834877434921875	0.99832044829263	0.0834877434921875
PGPEP1	0.365531286834011	-0.0705814341683464	0.99832044829263	-0.0705814341683464
MED14	0.365711629934149	-0.0349067264594591	0.99832044829263	-0.0349067264594591
MEG3	0.365726687985768	0.0827137213619432	0.99832044829263	0.0827137213619432
TADA3	0.365775285048442	0.0458551119644319	0.99832044829263	0.0458551119644319
RHOU	0.365821304321768	-0.0238223553617739	0.99832044829263	-0.0238223553617739
GLG1	0.36587877717664	-0.0169263314646016	0.99832044829263	-0.0169263314646016
PNPLA7	0.365926026671776	-0.0434165338297147	0.99832044829263	-0.0434165338297147
TNFRSF21	0.366038432012092	-0.102344970583153	0.99832044829263	-0.102344970583153
BTG1	0.366371143921348	-0.0645832926153743	0.99832044829263	-0.0645832926153743
TMEM183A	0.366424818243631	0.0644200811146184	0.99832044829263	0.0644200811146184
SIKE1	0.366714441914533	0.0544979586086724	0.99832044829263	0.0544979586086724
PRPF38B	0.366906302676118	-0.0302869997095543	0.99832044829263	-0.0302869997095543
SMAD4	0.367069252827291	-0.0247380720255033	0.99832044829263	-0.0247380720255033
ATF6	0.36729391190312	-0.0212747256711584	0.99832044829263	-0.0212747256711584
CCDC167	0.367401304684896	0.0670263272739345	0.99832044829263	0.0670263272739345
TRIM33	0.367683444606848	0.0240727924340429	0.99832044829263	0.0240727924340429
UXT	0.367687346040391	0.0704440744093801	0.99832044829263	0.0704440744093801
ZBTB20	0.36777895312722	0.0115980372481114	0.99832044829263	0.0115980372481114
SLC39A10	0.367874034375609	-0.0451962586839438	0.99832044829263	-0.0451962586839438
PKN2	0.367970640397175	0.0193509749418155	0.99832044829263	0.0193509749418155
ACAD9	0.368107092709657	-0.0358378450112065	0.99832044829263	-0.0358378450112065
PRIMA1	0.368227496218138	0.0313998928102705	0.99832044829263	0.0313998928102705
UBR4	0.368398831030741	-0.0339845228776235	0.99832044829263	-0.0339845228776235
SGTA	0.368523003565125	0.0328125684890645	0.99832044829263	0.0328125684890645
RSKR	0.368647531449104	-0.0682259081758255	0.99832044829263	-0.0682259081758255
SWAP70	0.36873134442676	-0.0402470976149214	0.99832044829263	-0.0402470976149214
TVP23B	0.368774745701008	-0.0586004932419074	0.99832044829263	-0.0586004932419074
CTSF	0.368832697950559	-0.0438410825068411	0.99832044829263	-0.0438410825068411
CD22	0.368846312910634	-0.0212453033709668	0.99832044829263	-0.0212453033709668
PTPRJ	0.368984101574173	0.0187318262558202	0.99832044829263	0.0187318262558202
LIFR	0.369046378790314	0.0179469755024763	0.99832044829263	0.0179469755024763
NFATC3	0.369101624250436	0.0234294227606712	0.99832044829263	0.0234294227606712
AGO2	0.369114299364613	-0.0217603629470519	0.99832044829263	-0.0217603629470519
ZNF507	0.369183167118487	-0.0292664400214638	0.99832044829263	-0.0292664400214638
PHF12	0.369420051657853	0.0278002636714285	0.99832044829263	0.0278002636714285
CARNMT1	0.369524788234768	0.0400946255287066	0.99832044829263	0.0400946255287066
FAM126B	0.369607679348139	0.0297566252685765	0.99832044829263	0.0297566252685765
WTAP	0.369684059808183	-0.0291234305818209	0.99832044829263	-0.0291234305818209
SETBP1	0.369905205187102	-0.0666244238258882	0.99832044829263	-0.0666244238258882
SELENOI	0.369983455830969	-0.0367019675984372	0.99832044829263	-0.0367019675984372
SILC1	0.369998570491591	-0.0210403727419886	0.99832044829263	-0.0210403727419886
GRK4	0.370071408435521	-0.0287541711252468	0.99832044829263	-0.0287541711252468
MFN2	0.370133285969595	0.0383581199387766	0.99832044829263	0.0383581199387766
AC025442.2	0.370238693778385	0.0609220675188793	0.99832044829263	0.0609220675188793
MAPK10	0.370247168060762	-0.0441794259859189	0.99832044829263	-0.0441794259859189
FIRRE	0.370266147277931	0.0514825811306309	0.99832044829263	0.0514825811306309
MTLN	0.370451794129137	-0.1070485648683	0.99832044829263	-0.1070485648683
LARP4B	0.37046005453373	-0.023544127113503	0.99832044829263	-0.023544127113503
ATRAID	0.370527486583873	-0.0702024695165407	0.99832044829263	-0.0702024695165407
HSD11B1	0.370550479268216	-0.0603329735541297	0.99832044829263	-0.0603329735541297
DCAF13	0.370669229423553	0.0613450837672753	0.99832044829263	0.0613450837672753
ADGRB3	0.37078581092363	0.0281032965573855	0.99832044829263	0.0281032965573855
RBM28	0.370795582342447	-0.032703828373817	0.99832044829263	-0.032703828373817
CCDC127	0.370939902350188	0.0626601277179911	0.99832044829263	0.0626601277179911
C5orf51	0.370971767158337	0.0428133101443087	0.99832044829263	0.0428133101443087
TECPR1	0.370989047112167	-0.0395075979531389	0.99832044829263	-0.0395075979531389
CDC27	0.371034749894458	0.023530823150467	0.99832044829263	0.023530823150467
EIF4A1	0.371088521243986	0.0376524698719737	0.99832044829263	0.0376524698719737
ADPGK	0.371200637101678	0.0368781459474807	0.99832044829263	0.0368781459474807
TMEM109	0.371284792690055	0.0674907772912157	0.99832044829263	0.0674907772912157
NDUFA11	0.371305103445714	0.0597548832331076	0.99832044829263	0.0597548832331076
CDH4	0.371438002603693	-0.0690561568433439	0.99832044829263	-0.0690561568433439
CCDC130	0.371493414851314	0.0309621270773043	0.99832044829263	0.0309621270773043
FBXO46	0.371520730573044	-0.0486664798912597	0.99832044829263	-0.0486664798912597
MRPL58	0.371590975696922	-0.0812846903489662	0.99832044829263	-0.0812846903489662
ECHDC2	0.371619396203123	0.0834978925799092	0.99832044829263	0.0834978925799092
ARMH3	0.371630507172648	0.0254450984153352	0.99832044829263	0.0254450984153352
UPRT	0.371634379528269	-0.0614453293478121	0.99832044829263	-0.0614453293478121
DHX32	0.371635525370729	0.0313200307376633	0.99832044829263	0.0313200307376633
CABP1	0.371758437703325	0.103220304095332	0.99832044829263	0.103220304095332
DYRK1A	0.371907624821452	-0.0216206879200513	0.99832044829263	-0.0216206879200513
KHDRBS1	0.372006979506785	0.021620790451559	0.99832044829263	0.021620790451559
TTC5	0.372033670537053	0.0530206469297666	0.99832044829263	0.0530206469297666
PPP3CC	0.372296303005498	-0.0258140743393306	0.99832044829263	-0.0258140743393306
ACO2	0.372348978453538	-0.0299609094190659	0.99832044829263	-0.0299609094190659
SNHG10	0.372363154162154	0.0480238386454079	0.99832044829263	0.0480238386454079
PIK3R4	0.372477363267108	-0.0399183280836474	0.99832044829263	-0.0399183280836474
RAP2A	0.372516601887802	0.0520390466007834	0.99832044829263	0.0520390466007834
TNKS	0.372619502503956	-0.0169298632290835	0.99832044829263	-0.0169298632290835
HPF1	0.372725520770351	-0.0404112637563813	0.99832044829263	-0.0404112637563813
PTPN11	0.372875519396979	-0.0230344941373224	0.99832044829263	-0.0230344941373224
CCNC	0.372976556256333	-0.0542801482047004	0.99832044829263	-0.0542801482047004
CACNB2	0.37300516119954	0.0844949413594778	0.99832044829263	0.0844949413594778
SURF1	0.373087529381746	0.0661611537699102	0.99832044829263	0.0661611537699102
GPR62	0.373149661961368	0.0705088785371425	0.99832044829263	0.0705088785371425
DOCK9	0.373164915771757	-0.0154811219885971	0.99832044829263	-0.0154811219885971
PHLDA3	0.373170209000879	0.0370123687654201	0.99832044829263	0.0370123687654201
KIF3A	0.373246514332391	0.0315242143232922	0.99832044829263	0.0315242143232922
RHBDD2	0.37326908691434	-0.0734118215895777	0.99832044829263	-0.0734118215895777
BCAN	0.373406376079009	0.0888776049004851	0.99832044829263	0.0888776049004851
DNAJB11	0.373434806972025	0.0456966294487759	0.99832044829263	0.0456966294487759
AL355881.1	0.373525613322752	-0.103032988020331	0.99832044829263	-0.103032988020331
PGS1	0.373636786995701	0.032891716896948	0.99832044829263	0.032891716896948
ARNT	0.373657003480555	0.0324348282299033	0.99832044829263	0.0324348282299033
BACH1	0.373764314257094	-0.0302515103664032	0.99832044829263	-0.0302515103664032
SEMA6A-AS1	0.373769000131575	0.0522418694683892	0.99832044829263	0.0522418694683892
LINC01588	0.373809152140884	-0.0674162557371097	0.99832044829263	-0.0674162557371097
VDAC3	0.373914205135004	-0.0548458210619363	0.99832044829263	-0.0548458210619363
SIRT6	0.374002460507604	0.0606738088429568	0.99832044829263	0.0606738088429568
CINP	0.374070074721076	-0.0327241057163606	0.99832044829263	-0.0327241057163606
PKM	0.374143637051706	0.0812147677636278	0.99832044829263	0.0812147677636278
VPS4A	0.37426615063221	0.0420158735380272	0.99832044829263	0.0420158735380272
ZNF710	0.374283601142373	0.0355189832833134	0.99832044829263	0.0355189832833134
PHF20	0.374470291381186	-0.0227424480048564	0.99832044829263	-0.0227424480048564
TIGAR	0.374691841562477	-0.0451392996411153	0.99832044829263	-0.0451392996411153
NBDY	0.374699532422557	-0.0276641753367491	0.99832044829263	-0.0276641753367491
AL050309.1	0.374763958656497	0.0359549546052035	0.99832044829263	0.0359549546052035
FAM91A1	0.374790356226244	0.0330535612640548	0.99832044829263	0.0330535612640548
RBM10	0.374800146442866	-0.0298814673759704	0.99832044829263	-0.0298814673759704
CSPP1	0.374908682687867	-0.0229760042056369	0.99832044829263	-0.0229760042056369
MBD1	0.3750544712102	-0.0434518707512597	0.99832044829263	-0.0434518707512597
ARAF	0.375098371595676	-0.0621358424135466	0.99832044829263	-0.0621358424135466
OSGEP	0.375127591031144	0.039732240721703	0.99832044829263	0.039732240721703
ZNF224	0.375159156361093	-0.0393304757852944	0.99832044829263	-0.0393304757852944
CDKN2AIPNL	0.375171688597301	0.066162504618229	0.99832044829263	0.066162504618229
C1orf159	0.375366177861753	0.0353477600135572	0.99832044829263	0.0353477600135572
AC004784.1	0.375452139862191	0.0634530515513825	0.99832044829263	0.0634530515513825
AL109615.4	0.37550960980733	0.0620503618868356	0.99832044829263	0.0620503618868356
SMAP1	0.375654656833112	-0.03595552187022	0.99832044829263	-0.03595552187022
ANKRD49	0.375817181381241	0.063027193226401	0.99832044829263	0.063027193226401
TADA1	0.375826056633267	-0.0517713796485069	0.99832044829263	-0.0517713796485069
AQR	0.375844143011543	0.0282136916196803	0.99832044829263	0.0282136916196803
DEPDC1B	0.376079359908834	-0.0781564100044463	0.99832044829263	-0.0781564100044463
TRIM9	0.376272523671609	-0.0230080057942442	0.99832044829263	-0.0230080057942442
ZNF362	0.376353845675876	-0.0481370412369631	0.99832044829263	-0.0481370412369631
ARL5A	0.376414627674153	0.0389087259704295	0.99832044829263	0.0389087259704295
SF1	0.376603306231937	0.0206912391686663	0.99832044829263	0.0206912391686663
CPEB4	0.376611050484122	0.0173755145998099	0.99832044829263	0.0173755145998099
FAM120C	0.376804280209809	-0.0347942468965587	0.99832044829263	-0.0347942468965587
HTT	0.37680467643615	-0.0264047907293707	0.99832044829263	-0.0264047907293707
NR2C2	0.376821757929003	0.0215854258455505	0.99832044829263	0.0215854258455505
CCDC180	0.376961116919494	0.0502454607623857	0.99832044829263	0.0502454607623857
HDAC8	0.376974235684174	0.0184575213107146	0.99832044829263	0.0184575213107146
KCNJ2	0.377082796989236	0.0317250860549232	0.99832044829263	0.0317250860549232
URM1	0.377283331390729	-0.0402974521181508	0.99832044829263	-0.0402974521181508
C19orf47	0.377392964561518	0.0639365724795135	0.99832044829263	0.0639365724795135
COX19	0.377578802190924	0.0342416486518639	0.99832044829263	0.0342416486518639
TMEM121	0.377614329002124	0.0646910494494633	0.99832044829263	0.0646910494494633
LRFN5	0.377633592877836	0.0953045850667891	0.99832044829263	0.0953045850667891
CATSPER2	0.377680791962002	0.0420414327879429	0.99832044829263	0.0420414327879429
CD47	0.377896989447879	0.026897559753024	0.99832044829263	0.026897559753024
PRRG1	0.377926090973772	0.0191358805023061	0.99832044829263	0.0191358805023061
UBOX5	0.378083466731277	0.039680748807441	0.99832044829263	0.039680748807441
BICRA	0.378111243999599	-0.0598445478432669	0.99832044829263	-0.0598445478432669
KBTBD3	0.378253721726251	0.0354598333861826	0.99832044829263	0.0354598333861826
NECAP2	0.378367912229321	0.0563442303764929	0.99832044829263	0.0563442303764929
CDKL3	0.378603411390064	-0.0262612322535673	0.99832044829263	-0.0262612322535673
RPL30	0.378616583102842	0.0527840094194125	0.99832044829263	0.0527840094194125
LIX1L	0.378704484902112	0.0506867019535681	0.99832044829263	0.0506867019535681
AC006270.1	0.379069002027103	0.0874490485845028	0.99832044829263	0.0874490485845028
RTCA-AS1	0.37908476143045	-0.053784212452133	0.99832044829263	-0.053784212452133
PPM1B	0.379387481741253	-0.0181946799791484	0.99832044829263	-0.0181946799791484
KIAA1958	0.379395818414594	-0.0169333834553199	0.99832044829263	-0.0169333834553199
PIN1	0.379471168168901	-0.0629766259385335	0.99832044829263	-0.0629766259385335
RPA1	0.379512973316957	-0.0336051271352473	0.99832044829263	-0.0336051271352473
CDC42BPB	0.379849458330221	-0.025162000109953	0.99832044829263	-0.025162000109953
MGLL	0.379884846228836	0.049755237003465	0.99832044829263	0.049755237003465
DNAJC2	0.379982570890106	0.0377119779197771	0.99832044829263	0.0377119779197771
EARS2	0.380230399619126	-0.0549509172889893	0.99832044829263	-0.0549509172889893
AC099850.1	0.380434002274335	0.0582444251593597	0.99832044829263	0.0582444251593597
FBXO34	0.380484514356298	-0.0518952175023333	0.99832044829263	-0.0518952175023333
ZCCHC17	0.380506295083612	-0.0415442374729111	0.99832044829263	-0.0415442374729111
PARP4	0.381127402585742	0.0344211342315792	0.99832044829263	0.0344211342315792
CCDC122	0.381232618189702	-0.0312056100140129	0.99832044829263	-0.0312056100140129
ARL5B	0.381248148663727	0.0546180696984932	0.99832044829263	0.0546180696984932
MRPL24	0.381462569381927	0.066436327607679	0.99832044829263	0.066436327607679
CRY2	0.381535397028753	-0.0412842233719664	0.99832044829263	-0.0412842233719664
TP53INP2	0.381539219356886	0.0525737229396103	0.99832044829263	0.0525737229396103
SPESP1	0.381589027310999	0.0388115022097759	0.99832044829263	0.0388115022097759
GCNA	0.381715472777064	-0.0554352645042299	0.99832044829263	-0.0554352645042299
SNAP23	0.381772681586875	0.0300723669832626	0.99832044829263	0.0300723669832626
ODF2L	0.381919870282071	0.0363003292389609	0.99832044829263	0.0363003292389609
BOK-AS1	0.381945183920229	-0.0618232105467992	0.99832044829263	-0.0618232105467992
THYN1	0.382028690306938	0.0842543548975728	0.99832044829263	0.0842543548975728
BET1L	0.382160225258504	0.0554095690327693	0.99832044829263	0.0554095690327693
CDK12	0.382227395855699	-0.0283979652746343	0.99832044829263	-0.0283979652746343
MYNN	0.382249307258374	0.0680788090099442	0.99832044829263	0.0680788090099442
BMP2K	0.382339120107346	0.0321049571275061	0.99832044829263	0.0321049571275061
PPIE	0.382462067785038	0.0458756684429031	0.99832044829263	0.0458756684429031
SS18L1	0.38262951589651	0.0380746474213005	0.99832044829263	0.0380746474213005
COX5B	0.382807600853425	-0.073831947179213	0.99832044829263	-0.073831947179213
AC019205.1	0.382918597683993	0.0571181001964728	0.99832044829263	0.0571181001964728
ZRANB2-AS2	0.383075362972501	-0.0382702769723324	0.99832044829263	-0.0382702769723324
ZBED8	0.383163175474989	-0.0573971233531487	0.99832044829263	-0.0573971233531487
SAMHD1	0.383273180635499	-0.047864211291444	0.99832044829263	-0.047864211291444
SLC2A4RG	0.383456481129706	0.0550787460269719	0.99832044829263	0.0550787460269719
CTNNBL1	0.383496408977043	-0.029053721481948	0.99832044829263	-0.029053721481948
TMED3	0.383497942069939	0.0474960524540252	0.99832044829263	0.0474960524540252
ALDH1A2	0.383525570313486	-0.0725447261314052	0.99832044829263	-0.0725447261314052
SCN3B	0.38357334663551	-0.105888671716265	0.99832044829263	-0.105888671716265
ATG13	0.38359696794328	-0.0220927992488568	0.99832044829263	-0.0220927992488568
PIK3R2	0.3837797821967	0.0582133121818666	0.99832044829263	0.0582133121818666
METTL2B	0.383927397984859	0.0426494219495323	0.99832044829263	0.0426494219495323
LMO7	0.383950782692243	-0.0505259220311464	0.99832044829263	-0.0505259220311464
TSC22D1	0.384005852674286	-0.0371671406774457	0.99832044829263	-0.0371671406774457
RPL13	0.384095107701594	0.0404260271344798	0.99832044829263	0.0404260271344798
CAP2	0.384147893818631	-0.0990578204920252	0.99832044829263	-0.0990578204920252
LINC01252	0.384238105456404	-0.0725665268943198	0.99832044829263	-0.0725665268943198
DMAC2L	0.384309143021265	0.0374848876164309	0.99832044829263	0.0374848876164309
GLIPR1L2	0.38435930623291	0.0459894557517943	0.99832044829263	0.0459894557517943
LMTK3	0.384411885256735	-0.0586128567697376	0.99832044829263	-0.0586128567697376
DBNL	0.384499843920513	0.0391836092350765	0.99832044829263	0.0391836092350765
SPAG1	0.384647110704806	-0.080583689551718	0.99832044829263	-0.080583689551718
ZDHHC13	0.384735211896019	0.0422554724376804	0.99832044829263	0.0422554724376804
DARS2	0.384794182326432	-0.0706015869966819	0.99832044829263	-0.0706015869966819
CPSF6	0.384821216427204	-0.0249745021701852	0.99832044829263	-0.0249745021701852
RPS29	0.384986755679495	0.048395562393607	0.99832044829263	0.048395562393607
ABCB7	0.385186070506568	0.0299025013124408	0.99832044829263	0.0299025013124408
RSRC1	0.385204117360135	0.024156766010606	0.99832044829263	0.024156766010606
ACVR1	0.385415107760351	-0.0434860157160968	0.99832044829263	-0.0434860157160968
C2orf72	0.385455027881181	0.0411533600257431	0.99832044829263	0.0411533600257431
MMS22L	0.385467018547548	-0.0369513295622758	0.99832044829263	-0.0369513295622758
RBFOX2	0.385822087451935	0.0328492749510853	0.99832044829263	0.0328492749510853
DNAJC9	0.385909977370671	0.0269574237501256	0.99832044829263	0.0269574237501256
IFFO2	0.385998800789263	-0.0482526213501464	0.99832044829263	-0.0482526213501464
AKR1A1	0.386253528717492	-0.0525359181868131	0.99832044829263	-0.0525359181868131
TPM1	0.386506520278726	-0.07388567307039	0.99832044829263	-0.07388567307039
HMBS	0.386606412442214	0.0631460978223365	0.99832044829263	0.0631460978223365
PIK3C2A	0.386678235793281	-0.028305352964279	0.99832044829263	-0.028305352964279
USP3	0.386777988528462	0.0325451295383321	0.99832044829263	0.0325451295383321
LLGL1	0.386912930080729	0.058895740040089	0.99832044829263	0.058895740040089
WDR55	0.386927998937498	-0.0718026210292033	0.99832044829263	-0.0718026210292033
ENOX2	0.386969755881223	-0.0243155289169078	0.99832044829263	-0.0243155289169078
FAM160B2	0.38699561450169	0.0419605699219257	0.99832044829263	0.0419605699219257
WSB1	0.387109322028884	0.0206406837478906	0.99832044829263	0.0206406837478906
EIF2B4	0.387136374878737	0.0443445662764882	0.99832044829263	0.0443445662764882
SET	0.387150044006603	-0.0449239417351438	0.99832044829263	-0.0449239417351438
ZFP28	0.387598306358427	0.0577039915664611	0.99832044829263	0.0577039915664611
AL590807.1	0.387643849076906	-0.0794454501046059	0.99832044829263	-0.0794454501046059
SKIL	0.387692764878635	-0.0469344319070407	0.99832044829263	-0.0469344319070407
PGGT1B	0.387813437243014	-0.0389431488817903	0.99832044829263	-0.0389431488817903
COA4	0.387904813870915	0.047450424643365	0.99832044829263	0.047450424643365
AP4M1	0.388145402611293	0.0664354720193559	0.99832044829263	0.0664354720193559
CAB39	0.388175088664716	-0.0248836750324964	0.99832044829263	-0.0248836750324964
KTN1	0.388216859588632	-0.0188072197252023	0.99832044829263	-0.0188072197252023
HIST1H2BC	0.388217271779173	0.0605533538399039	0.99832044829263	0.0605533538399039
UBA6	0.388308066540373	0.0256563035340373	0.99832044829263	0.0256563035340373
PIGT	0.388650821755773	0.0353353559852898	0.99832044829263	0.0353353559852898
LZTR1	0.388781161898883	0.0390498480582476	0.99832044829263	0.0390498480582476
WNK1	0.388839020088958	0.0142317116151685	0.99832044829263	0.0142317116151685
EDA	0.388862628536901	0.0315923089569568	0.99832044829263	0.0315923089569568
UBR7	0.38899891346017	-0.0407756791580827	0.99832044829263	-0.0407756791580827
NCKAP5L	0.389009774179756	0.036671660884117	0.99832044829263	0.036671660884117
KTN1-AS1	0.389057223421231	0.0531533665298459	0.99832044829263	0.0531533665298459
TWF1	0.389094078235311	0.0465043964827463	0.99832044829263	0.0465043964827463
TRIM35	0.389136030430104	0.0534532030239843	0.99832044829263	0.0534532030239843
PRKCB	0.389318905641217	-0.0502915206127086	0.99832044829263	-0.0502915206127086
CACNA1D	0.389361774214688	-0.086461653853431	0.99832044829263	-0.086461653853431
NFATC2IP	0.389707593830668	-0.0273639828074818	0.99832044829263	-0.0273639828074818
MMP16	0.389818109790276	-0.100641725164415	0.99832044829263	-0.100641725164415
UCKL1	0.3898836588999	0.0451173730520675	0.99832044829263	0.0451173730520675
NBPF11	0.389931928967571	0.0408609013523753	0.99832044829263	0.0408609013523753
ATP5F1A	0.389970250444589	0.0639487994780518	0.99832044829263	0.0639487994780518
ENSA	0.38999117058392	-0.0412716613592551	0.99832044829263	-0.0412716613592551
EXOC7	0.390024989515991	0.0298143429032697	0.99832044829263	0.0298143429032697
MED9	0.390078627664461	-0.0613754677086461	0.99832044829263	-0.0613754677086461
TRDMT1	0.390266765724222	-0.0518821032385518	0.99832044829263	-0.0518821032385518
ZBTB49	0.390314808575271	-0.063496723352802	0.99832044829263	-0.063496723352802
C4orf48	0.390452357794591	0.0477082248872991	0.99832044829263	0.0477082248872991
SLC25A37	0.390461237232163	-0.034454505783515	0.99832044829263	-0.034454505783515
TRAF3IP2-AS1	0.390465518030131	0.0221286901172521	0.99832044829263	0.0221286901172521
CDC42SE2	0.390513355872271	0.0166832967889864	0.99832044829263	0.0166832967889864
CRTC3	0.390552141459414	-0.0208402064157766	0.99832044829263	-0.0208402064157766
SPANXA2-OT1	0.3905720368391	0.0339012987730792	0.99832044829263	0.0339012987730792
SLC25A53	0.390574840869073	0.034786777179063	0.99832044829263	0.034786777179063
THBS4	0.390715804017067	0.0402834466147416	0.99832044829263	0.0402834466147416
NHLRC3	0.390848976460171	-0.0301192018756099	0.99832044829263	-0.0301192018756099
SGCB	0.39087525910668	0.0426418220417283	0.99832044829263	0.0426418220417283
BTBD1	0.390883128974107	-0.0379849661031972	0.99832044829263	-0.0379849661031972
UAP1L1	0.391048991032863	0.0469631560679434	0.99832044829263	0.0469631560679434
C1orf52	0.391120078695381	-0.03500696314504	0.99832044829263	-0.03500696314504
NIPBL	0.391215036407867	-0.0136304784900652	0.99832044829263	-0.0136304784900652
PMP2	0.391249655099737	0.0440872197399099	0.99832044829263	0.0440872197399099
ALG5	0.391365975995009	0.0387073157736359	0.99832044829263	0.0387073157736359
ZNF75D	0.391510408327653	-0.0454832021044101	0.99832044829263	-0.0454832021044101
TIMM8B	0.391512349191893	0.0726524007279667	0.99832044829263	0.0726524007279667
ASTN2	0.391652518866687	-0.02069617662473	0.99832044829263	-0.02069617662473
HMGXB4	0.391790009542584	-0.0245990518704239	0.99832044829263	-0.0245990518704239
APBB3	0.391791797397401	0.0574291210397904	0.99832044829263	0.0574291210397904
TSPAN17	0.391811345532877	-0.0952922525865715	0.99832044829263	-0.0952922525865715
SLC25A42	0.391831438706779	-0.0418090356165589	0.99832044829263	-0.0418090356165589
COPRS	0.392118046974348	-0.0916368854139813	0.99832044829263	-0.0916368854139813
CDK3	0.392248808993626	-0.0669558914655419	0.99832044829263	-0.0669558914655419
KHDRBS3	0.392303438869245	-0.072604839230586	0.99832044829263	-0.072604839230586
C2orf27A	0.392315602095501	-0.0671161762001159	0.99832044829263	-0.0671161762001159
KIF2A	0.392513164852237	0.0171283538027638	0.99832044829263	0.0171283538027638
NUDT22	0.39276404233784	0.0610307267608314	0.99832044829263	0.0610307267608314
PCDH17	0.392772746489176	0.0250168171791176	0.99832044829263	0.0250168171791176
CTC1	0.392821367741748	0.0472943146617851	0.99832044829263	0.0472943146617851
KMT2D	0.392842406755177	-0.0314897875262478	0.99832044829263	-0.0314897875262478
CCZ1B	0.392908877342998	0.0394242226261491	0.99832044829263	0.0394242226261491
TPRA1	0.393062425825554	-0.0525224832561234	0.99832044829263	-0.0525224832561234
WIPF1	0.393076462515417	0.0205918908834562	0.99832044829263	0.0205918908834562
MAF1	0.393294418043957	-0.0552069717125881	0.99832044829263	-0.0552069717125881
RAB30-DT	0.393369221184484	0.0237472942359548	0.99832044829263	0.0237472942359548
ZDHHC18	0.393444284210963	0.05181831044236	0.99832044829263	0.05181831044236
GNA14	0.393640860594563	-0.0724376424545386	0.99832044829263	-0.0724376424545386
SLC39A9	0.393768589516865	-0.0303765347405623	0.99832044829263	-0.0303765347405623
ST6GALNAC6	0.393852963006	-0.06892892686062	0.99832044829263	-0.06892892686062
HEATR6	0.393947959931688	0.0435615651182849	0.99832044829263	0.0435615651182849
LINC00571	0.393985864818283	0.0592303789785431	0.99832044829263	0.0592303789785431
BEX1	0.394036391743015	-0.0855588292612009	0.99832044829263	-0.0855588292612009
ZNF740	0.394107175281052	0.0518809967136294	0.99832044829263	0.0518809967136294
DGAT1	0.394214089634655	-0.0682529661344687	0.99832044829263	-0.0682529661344687
WDR19	0.39425922559458	0.0460102944206172	0.99832044829263	0.0460102944206172
DST	0.394452755425029	-0.0211063688965192	0.99832044829263	-0.0211063688965192
MTBP	0.394565198771154	-0.0551743821611683	0.99832044829263	-0.0551743821611683
IFT46	0.394697478212622	-0.051481614196919	0.99832044829263	-0.051481614196919
SNAI3-AS1	0.394699073608488	0.0665636600955747	0.99832044829263	0.0665636600955747
SMC4	0.394901315498216	0.0385326016494116	0.99832044829263	0.0385326016494116
RPAP1	0.395217520477859	0.0449854913862834	0.99832044829263	0.0449854913862834
NPIPB5	0.395280620340085	0.0374475807821624	0.99832044829263	0.0374475807821624
COMMD10	0.395286143487872	-0.0226118321579979	0.99832044829263	-0.0226118321579979
UBL3	0.395313112856966	-0.0179717017754212	0.99832044829263	-0.0179717017754212
CNOT8	0.395510681962554	-0.0431085052859495	0.99832044829263	-0.0431085052859495
HOMEZ	0.395512468461104	0.0610471616150763	0.99832044829263	0.0610471616150763
TLE2	0.395574976452934	0.0665687274512107	0.99832044829263	0.0665687274512107
MT-CO2	0.395590435088307	0.028427493885843	0.99832044829263	0.028427493885843
DTX2	0.395595881991422	0.0618403355233504	0.99832044829263	0.0618403355233504
ITPK1	0.395650458696024	-0.0216988789511911	0.99832044829263	-0.0216988789511911
RC3H1	0.395726195272835	0.0221378642685915	0.99832044829263	0.0221378642685915
BVES	0.395776787092089	-0.0539342868781548	0.99832044829263	-0.0539342868781548
ABLIM3	0.395843338755546	0.071596248279608	0.99832044829263	0.071596248279608
IMMT	0.395961889331556	-0.033930061465931	0.99832044829263	-0.033930061465931
TMEM65	0.39618133849666	-0.0378158464692198	0.99832044829263	-0.0378158464692198
KBTBD2	0.396185979042836	0.0424146152163827	0.99832044829263	0.0424146152163827
UBE2G2	0.396277718445152	-0.030072552743595	0.99832044829263	-0.030072552743595
PRNP	0.396310613294847	0.0370803647782968	0.99832044829263	0.0370803647782968
EMC8	0.396496338647225	0.0423893194968482	0.99832044829263	0.0423893194968482
PRKCI	0.396507342591675	-0.0365759616961389	0.99832044829263	-0.0365759616961389
TRAK1	0.396536199274827	0.0434536258019899	0.99832044829263	0.0434536258019899
ARL3	0.396615335911885	0.0400915106388097	0.99832044829263	0.0400915106388097
HPRT1	0.396636447740676	-0.0449977435932792	0.99832044829263	-0.0449977435932792
DAZAP1	0.396844894889309	-0.0273838368998069	0.99832044829263	-0.0273838368998069
TMEM229A	0.396922399724531	-0.0689825960760571	0.99832044829263	-0.0689825960760571
AC090844.2	0.397045049027516	0.0428782699459037	0.99832044829263	0.0428782699459037
NKX6-2	0.397046546770089	-0.0275143809874394	0.99832044829263	-0.0275143809874394
SCARA3	0.397061277119412	-0.075721351340051	0.99832044829263	-0.075721351340051
IL1RAPL1	0.397242158685117	0.0115404199271641	0.99832044829263	0.0115404199271641
SCCPDH	0.397243629567711	-0.0454480245325508	0.99832044829263	-0.0454480245325508
NIPA1	0.397268485165837	-0.0232536027040072	0.99832044829263	-0.0232536027040072
SNHG5	0.397329690116814	0.0259690119416352	0.99832044829263	0.0259690119416352
TBC1D8	0.397364011159568	-0.0379304960964909	0.99832044829263	-0.0379304960964909
POLR2C	0.397461601789422	-0.0696959126940287	0.99832044829263	-0.0696959126940287
GTF2H2	0.397547985205124	0.0469546328255258	0.99832044829263	0.0469546328255258
GALK1	0.397669315314832	0.0781451542132174	0.99832044829263	0.0781451542132174
ECHDC1	0.3976720805836	0.0351873207142256	0.99832044829263	0.0351873207142256
CYB5A	0.398282586791196	-0.0580669468793629	0.99832044829263	-0.0580669468793629
ETFB	0.398363958472821	0.0411808288568309	0.99832044829263	0.0411808288568309
AL136038.5	0.398426194319771	0.0379642540681744	0.99832044829263	0.0379642540681744
AC041005.1	0.398605943928454	-0.0601991971095353	0.99832044829263	-0.0601991971095353
DNAJC25	0.398655888135804	-0.0585859375504851	0.99832044829263	-0.0585859375504851
FDFT1	0.398901082198842	-0.025511535963712	0.99832044829263	-0.025511535963712
UBE2Z	0.399034966006369	0.0287358065882605	0.99832044829263	0.0287358065882605
TLCD4	0.399052872700738	-0.0626133407762442	0.99832044829263	-0.0626133407762442
VWA8	0.399105876903015	0.024250974941331	0.99832044829263	0.024250974941331
GAN	0.399214421052187	-0.0421936963053335	0.99832044829263	-0.0421936963053335
TMEM248	0.399215289163305	0.0286092291814769	0.99832044829263	0.0286092291814769
ZBTB1	0.39925489429378	0.026075130368343	0.99832044829263	0.026075130368343
SRFBP1	0.399426635881821	-0.0350903478708131	0.99832044829263	-0.0350903478708131
ANP32B	0.399802700753723	-0.0320958977862941	0.99832044829263	-0.0320958977862941
C2CD2	0.399833797520652	-0.0647369836423217	0.99832044829263	-0.0647369836423217
DDX1	0.399841052908828	0.0398062588228735	0.99832044829263	0.0398062588228735
CSNK1G1	0.400531183218795	-0.0304675544883517	0.99832044829263	-0.0304675544883517
VPS18	0.4005912455138	0.0670382340251019	0.99832044829263	0.0670382340251019
SETD1A	0.400657822470717	0.0458614426468452	0.99832044829263	0.0458614426468452
C3orf33	0.400670940552718	0.0498066730595868	0.99832044829263	0.0498066730595868
B4GALT3	0.400813692341655	-0.0885762047236129	0.99832044829263	-0.0885762047236129
TYSND1	0.400847460237647	0.0471603177828913	0.99832044829263	0.0471603177828913
ATP6V0A1	0.400916256174077	-0.0273046705668662	0.99832044829263	-0.0273046705668662
PUM1	0.401195115776142	-0.0166980241664679	0.99832044829263	-0.0166980241664679
CDH2	0.401269736039217	0.0334560498963556	0.99832044829263	0.0334560498963556
SLC35A5	0.401534436858908	0.0385588780643964	0.99832044829263	0.0385588780643964
CALD1	0.401591672095925	-0.0240570093760056	0.99832044829263	-0.0240570093760056
N4BP1	0.401645933428162	-0.0255692032687018	0.99832044829263	-0.0255692032687018
CAMSAP1	0.401698347168824	-0.0275800366920363	0.99832044829263	-0.0275800366920363
RPS26	0.401869168194211	-0.0703063124719182	0.99832044829263	-0.0703063124719182
ATN1	0.401931990433559	-0.0379845039085984	0.99832044829263	-0.0379845039085984
TSHZ2	0.401943307299694	-0.0924295967444172	0.99832044829263	-0.0924295967444172
SGSM3	0.402059568905348	-0.0497154978699268	0.99832044829263	-0.0497154978699268
HIBADH	0.402096812885699	0.0236921437011605	0.99832044829263	0.0236921437011605
TLK2	0.402174881054526	0.024139257028836	0.99832044829263	0.024139257028836
PEX10	0.402186244051812	0.0703185331586438	0.99832044829263	0.0703185331586438
TEFM	0.402189049999058	0.0422266646845413	0.99832044829263	0.0422266646845413
NEK7	0.402259210351597	-0.0188553360887183	0.99832044829263	-0.0188553360887183
S100A1	0.402470976874197	0.0807626864165606	0.99832044829263	0.0807626864165606
CNPY2	0.402480990585052	-0.0378134591090389	0.99832044829263	-0.0378134591090389
SLC39A7	0.402686592375381	-0.0621893014945745	0.99832044829263	-0.0621893014945745
LINC02352	0.402704889442596	0.0555481378327717	0.99832044829263	0.0555481378327717
PNKP	0.402711693605241	0.0538627414481337	0.99832044829263	0.0538627414481337
NDUFB10	0.402798826562828	-0.0781981171907417	0.99832044829263	-0.0781981171907417
LINC01322	0.402840797201066	0.0842897902970872	0.99832044829263	0.0842897902970872
HSD17B11	0.40290477008244	0.0458278574306897	0.99832044829263	0.0458278574306897
IRF2BPL	0.402905781392993	-0.0636511126237294	0.99832044829263	-0.0636511126237294
RGS5	0.402914883696582	-0.0710334635704193	0.99832044829263	-0.0710334635704193
CEP89	0.402998310730892	0.0356592932331617	0.99832044829263	0.0356592932331617
OPTN	0.403061201702805	-0.0470186226843402	0.99832044829263	-0.0470186226843402
PEX6	0.403187592591727	-0.0357988067649266	0.99832044829263	-0.0357988067649266
CSNK2A2	0.403218315316459	0.0357511036595766	0.99832044829263	0.0357511036595766
H1FX	0.403249925037918	-0.0662080823829244	0.99832044829263	-0.0662080823829244
GRIN2B	0.403262579634453	-0.0845335499112683	0.99832044829263	-0.0845335499112683
SF3B1	0.403548670833585	0.0181788913861077	0.99832044829263	0.0181788913861077
GATAD2B	0.403585384819977	0.0187427830254173	0.99832044829263	0.0187427830254173
DDX5	0.403718116570042	-0.0195814994178406	0.99832044829263	-0.0195814994178406
WRN	0.403762168665108	0.0248165661923628	0.99832044829263	0.0248165661923628
AP002813.1	0.403786312210249	0.0691589894142532	0.99832044829263	0.0691589894142532
ZNF714	0.403789225576981	0.0465473375831513	0.99832044829263	0.0465473375831513
PER1	0.403833333436334	-0.0351891744917246	0.99832044829263	-0.0351891744917246
DRAM2	0.404029135008241	-0.0386425458905462	0.99832044829263	-0.0386425458905462
TMEM53	0.404038125146262	-0.0593924500622679	0.99832044829263	-0.0593924500622679
FN1	0.404074093946882	0.0698925947221202	0.99832044829263	0.0698925947221202
SIPA1L1	0.404128229573977	0.0195007727166282	0.99832044829263	0.0195007727166282
PPIF	0.404140069922342	0.0744924997864552	0.99832044829263	0.0744924997864552
TTBK2	0.404227915211786	-0.0188089127394944	0.99832044829263	-0.0188089127394944
PPIL6	0.404357270174291	0.0668795517262625	0.99832044829263	0.0668795517262625
ZNF292	0.404383219056117	-0.0160919253213242	0.99832044829263	-0.0160919253213242
DDX31	0.404425440335897	0.0436361562632571	0.99832044829263	0.0436361562632571
IP6K1	0.404511813081999	0.024003770248635	0.99832044829263	0.024003770248635
DUSP1	0.404546302157848	-0.0822982786483197	0.99832044829263	-0.0822982786483197
GTF2IRD1	0.40475043762617	-0.0431448177621421	0.99832044829263	-0.0431448177621421
EPRS	0.404802555825412	0.0262809253062488	0.99832044829263	0.0262809253062488
DENND5B	0.404949511259084	-0.0205909715984451	0.99832044829263	-0.0205909715984451
TXNDC9	0.404951850268758	-0.0531844994720824	0.99832044829263	-0.0531844994720824
HPS3	0.405021530241287	0.0362145281393203	0.99832044829263	0.0362145281393203
ARHGAP32	0.405028182041533	-0.0421719588234797	0.99832044829263	-0.0421719588234797
LATS2	0.405066112924797	0.0455692624079655	0.99832044829263	0.0455692624079655
DDX49	0.405208965405408	0.0473903184004041	0.99832044829263	0.0473903184004041
ZNF7	0.405257595589224	0.0509299858605846	0.99832044829263	0.0509299858605846
TP53TG5	0.405318775855048	-0.0289516787538656	0.99832044829263	-0.0289516787538656
POLR3B	0.405322092350435	0.035193314374367	0.99832044829263	0.035193314374367
ARFGAP2	0.405361089933875	0.0326536150023694	0.99832044829263	0.0326536150023694
AC012442.2	0.405587545528912	-0.0483750691606247	0.99832044829263	-0.0483750691606247
AC008124.1	0.405688725827289	0.032968251745731	0.99832044829263	0.032968251745731
OSBPL9	0.405719441385316	-0.0170113015572377	0.99832044829263	-0.0170113015572377
PHF10	0.405735804244957	-0.040202429031992	0.99832044829263	-0.040202429031992
HSP90AB1	0.406038393483083	0.0441985220867131	0.99832044829263	0.0441985220867131
AC097532.3	0.406288957091357	-0.0667954912174608	0.99832044829263	-0.0667954912174608
UFC1	0.406357513812047	0.0661582706510821	0.99832044829263	0.0661582706510821
MAGI2	0.406420931528915	0.00944186496021218	0.99832044829263	0.00944186496021218
ZNF721	0.406478450729793	0.0230865764568944	0.99832044829263	0.0230865764568944
NDUFS5	0.406502577162401	-0.075574065999056	0.99832044829263	-0.075574065999056
RPL34-AS1	0.40673344894401	0.0423419397111738	0.99832044829263	0.0423419397111738
CCNDBP1	0.406741206777013	-0.045580701574937	0.99832044829263	-0.045580701574937
RBM41	0.406781910985345	-0.0297598043884797	0.99832044829263	-0.0297598043884797
RBFOX3	0.406882465226667	-0.0821017737044169	0.99832044829263	-0.0821017737044169
TTC12	0.406989717243706	0.0502287128516703	0.99832044829263	0.0502287128516703
TBC1D13	0.407171568875493	0.033969905788605	0.99832044829263	0.033969905788605
WIPF2	0.407172231825829	-0.0240831057398569	0.99832044829263	-0.0240831057398569
LRIG2-DT	0.407186308219038	0.0469026733729031	0.99832044829263	0.0469026733729031
SART1	0.40719050715614	0.0345008667293473	0.99832044829263	0.0345008667293473
NFX1	0.407297694694809	-0.024141236057712	0.99832044829263	-0.024141236057712
SPRYD3	0.407429548803298	-0.0807981737337358	0.99832044829263	-0.0807981737337358
USB1	0.40747183328218	-0.0650988346204564	0.99832044829263	-0.0650988346204564
AC104170.1	0.407506176283032	-0.0625446606720218	0.99832044829263	-0.0625446606720218
RPS6KA1	0.407610036727938	0.0406414032051084	0.99832044829263	0.0406414032051084
CCP110	0.407636941111535	-0.017452580887473	0.99832044829263	-0.017452580887473
AC090518.1	0.407883020086777	0.0641687753407565	0.99832044829263	0.0641687753407565
CLSTN1	0.407952578585201	-0.0377092679440995	0.99832044829263	-0.0377092679440995
ARL8B	0.408003744862483	0.0252497402438733	0.99832044829263	0.0252497402438733
ATP1A1	0.408333044430781	-0.0435622714289516	0.99832044829263	-0.0435622714289516
LACTB2	0.408341428890286	0.0520830399558112	0.99832044829263	0.0520830399558112
EFHC1	0.408356688287513	-0.037682418395534	0.99832044829263	-0.037682418395534
INVS	0.408372287005363	-0.0192203837816388	0.99832044829263	-0.0192203837816388
OXR1	0.408471164436394	0.0706827577668379	0.99832044829263	0.0706827577668379
CHKB	0.408672422815595	-0.0439044726066352	0.99832044829263	-0.0439044726066352
FAM181B	0.408765654965101	-0.0614589627292963	0.99832044829263	-0.0614589627292963
MRPS28	0.409023921926093	0.0277588449159347	0.99832044829263	0.0277588449159347
STXBP5-AS1	0.409321013257999	-0.0922274537146904	0.99832044829263	-0.0922274537146904
AC009120.2	0.40935748481478	0.0269732688098932	0.99832044829263	0.0269732688098932
DEPDC7	0.409455302319139	-0.068209430902772	0.99832044829263	-0.068209430902772
ECPAS	0.409587754243311	0.016924086275426	0.99832044829263	0.016924086275426
ANKRD40	0.409696081983885	0.0413135003251962	0.99832044829263	0.0413135003251962
DOCK5	0.409704022905148	-0.0140878307874165	0.99832044829263	-0.0140878307874165
RETREG1	0.410006850467802	0.0169766653967059	0.99832044829263	0.0169766653967059
KIAA1109	0.410015152669957	0.0188037263496513	0.99832044829263	0.0188037263496513
CNOT6L	0.410138028008551	-0.0266255537832477	0.99832044829263	-0.0266255537832477
LHFPL3	0.410168781421808	-0.0661390889851371	0.99832044829263	-0.0661390889851371
ATAD3A	0.410270176430248	-0.0463729319448023	0.99832044829263	-0.0463729319448023
C1orf56	0.410478009909394	0.0690535881735149	0.99832044829263	0.0690535881735149
NOP56	0.410498073830885	0.0326819044912398	0.99832044829263	0.0326819044912398
TMEM231	0.410757659591028	-0.0734487600577445	0.99832044829263	-0.0734487600577445
CCDC43	0.410781250960028	-0.0715712141371933	0.99832044829263	-0.0715712141371933
GABARAPL2	0.410874363375569	-0.0501236562841977	0.99832044829263	-0.0501236562841977
ATXN10	0.411054125885284	-0.0188533985590534	0.99832044829263	-0.0188533985590534
SMOX	0.411206646517843	0.0576595912853859	0.99832044829263	0.0576595912853859
RPL7	0.411242331480484	0.0698887046606278	0.99832044829263	0.0698887046606278
CCDC152	0.411292899133878	-0.0585904809916463	0.99832044829263	-0.0585904809916463
ALG1	0.411415295473104	-0.0457960484307165	0.99832044829263	-0.0457960484307165
MRPL12	0.411497474033024	-0.0896305908553848	0.99832044829263	-0.0896305908553848
MTA3	0.411749959709339	-0.0298980259633557	0.99832044829263	-0.0298980259633557
FKBP4	0.411760282138012	-0.057480944007468	0.99832044829263	-0.057480944007468
NXPE3	0.411793600807724	0.0181635415758912	0.99832044829263	0.0181635415758912
SPAST	0.412139944110317	0.0264667506469202	0.99832044829263	0.0264667506469202
PSMA7	0.41220164318762	-0.0399199163678062	0.99832044829263	-0.0399199163678062
AL031651.2	0.41223190875285	0.06573583953907	0.99832044829263	0.06573583953907
AC107204.1	0.412417005328683	-0.0603304262025325	0.99832044829263	-0.0603304262025325
AC098829.1	0.412418066319418	0.0460760994327244	0.99832044829263	0.0460760994327244
GNE	0.412473897157235	-0.0335729909311751	0.99832044829263	-0.0335729909311751
POLG2	0.412574509980633	0.0481960656513988	0.99832044829263	0.0481960656513988
CADM3	0.412605356952721	-0.103192920865859	0.99832044829263	-0.103192920865859
NSUN6	0.412664723086495	0.0231674694746825	0.99832044829263	0.0231674694746825
MANBAL	0.412699177639953	-0.0684805234538308	0.99832044829263	-0.0684805234538308
RAE1	0.412766444950483	-0.0487389907953961	0.99832044829263	-0.0487389907953961
TCEA2	0.412878689151623	0.0500807034051916	0.99832044829263	0.0500807034051916
HCFC1	0.412993969125885	-0.0504045648046129	0.99832044829263	-0.0504045648046129
RILPL2	0.413032480077835	0.0669064202767012	0.99832044829263	0.0669064202767012
LNPEP	0.413112903356162	0.0210963864551071	0.99832044829263	0.0210963864551071
MTCH1	0.413138430964537	0.0298505928811347	0.99832044829263	0.0298505928811347
AC006141.1	0.413157084605765	-0.0502438785014292	0.99832044829263	-0.0502438785014292
SEC31A	0.413159274991155	-0.0222573735341339	0.99832044829263	-0.0222573735341339
IBTK	0.413240793961821	-0.0235095385270489	0.99832044829263	-0.0235095385270489
SETDB2	0.413437160089831	-0.0414042090976995	0.99832044829263	-0.0414042090976995
PADI2	0.413478736871061	0.0270944981755214	0.99832044829263	0.0270944981755214
ZFP64	0.413614105779364	0.0312090197989373	0.99832044829263	0.0312090197989373
AC108721.2	0.413680564099593	0.0273682488033449	0.99832044829263	0.0273682488033449
FAM151B	0.413886778655464	0.0576780836937043	0.99832044829263	0.0576780836937043
AL157911.1	0.414066224626122	0.0674231122426589	0.99832044829263	0.0674231122426589
PIGX	0.414087626862599	-0.0483488322765169	0.99832044829263	-0.0483488322765169
PXMP4	0.414135863879342	0.039798947771861	0.99832044829263	0.039798947771861
ALDH8A1	0.414138381978104	-0.0533253518697902	0.99832044829263	-0.0533253518697902
DESI2	0.41425087447737	-0.0355615714851787	0.99832044829263	-0.0355615714851787
PEF1	0.414306780259525	-0.0507025654607021	0.99832044829263	-0.0507025654607021
BCO2	0.414357084577465	0.0423769942320648	0.99832044829263	0.0423769942320648
AC008462.1	0.414376753424252	0.0681481661798145	0.99832044829263	0.0681481661798145
AL591895.1	0.414611317942844	0.0351129591801939	0.99832044829263	0.0351129591801939
GSR	0.414784067198182	0.056823306751738	0.99832044829263	0.056823306751738
AC245187.2	0.414823412033455	-0.114890804958684	0.99832044829263	-0.114890804958684
PLPP1	0.414849034724367	-0.0176090284731924	0.99832044829263	-0.0176090284731924
C21orf91-OT1	0.415495495253878	-0.0465030386000321	0.99832044829263	-0.0465030386000321
AC011997.1	0.415610838443567	-0.039432653165026	0.99832044829263	-0.039432653165026
RRM1	0.41561385276851	-0.0471656333141135	0.99832044829263	-0.0471656333141135
GALNT7	0.415637384591182	0.031306665144287	0.99832044829263	0.031306665144287
ARL6IP6	0.415801119608409	0.0307184466053551	0.99832044829263	0.0307184466053551
KIDINS220	0.415853999159884	0.0149004830232865	0.99832044829263	0.0149004830232865
ITSN2	0.415865095875597	0.0173492962195086	0.99832044829263	0.0173492962195086
SEC22C	0.415936181853632	0.0306132460602426	0.99832044829263	0.0306132460602426
LINC00863	0.415949099264281	0.0613376430533779	0.99832044829263	0.0613376430533779
CRAMP1	0.416279191036988	0.0296480613944212	0.99832044829263	0.0296480613944212
PREPL	0.416339860965035	-0.0346254923119648	0.99832044829263	-0.0346254923119648
XBP1	0.416899664781631	0.0724587247952546	0.99832044829263	0.0724587247952546
INTS8	0.417184964915975	0.029407771366926	0.99832044829263	0.029407771366926
SLC1A4	0.417299242800549	-0.0882212585545295	0.99832044829263	-0.0882212585545295
AL133243.3	0.417325753253855	0.0694444457520201	0.99832044829263	0.0694444457520201
LDLRAD3	0.417327250192981	-0.0339082154518962	0.99832044829263	-0.0339082154518962
SNHG1	0.417354911678858	0.0548131752698826	0.99832044829263	0.0548131752698826
PKD2	0.417768588050526	-0.0182523956798949	0.99832044829263	-0.0182523956798949
DNA2	0.417860160603197	-0.0422089896228536	0.99832044829263	-0.0422089896228536
SLC44A1	0.417904391721987	-0.0107541728296532	0.99832044829263	-0.0107541728296532
PAM	0.418000513436849	0.111545664783789	0.99832044829263	0.111545664783789
CLUAP1	0.418028019561052	0.0452539398344721	0.99832044829263	0.0452539398344721
NMNAT2	0.418028729371153	0.0798541278889384	0.99832044829263	0.0798541278889384
TSSK3	0.418233815202834	0.0620087379952657	0.99832044829263	0.0620087379952657
GNAZ	0.418243470309594	0.0379328695277501	0.99832044829263	0.0379328695277501
PDE7A	0.4183513481458	0.0211891697146322	0.99832044829263	0.0211891697146322
KRI1	0.418406330204232	0.0319040215253417	0.99832044829263	0.0319040215253417
TUG1	0.418465611101113	0.0261808477348316	0.99832044829263	0.0261808477348316
ATF2	0.418575357466508	-0.0273025148379123	0.99832044829263	-0.0273025148379123
BTBD10	0.418583653386851	0.0422304905260582	0.99832044829263	0.0422304905260582
COQ9	0.418583850068629	-0.0432023443572845	0.99832044829263	-0.0432023443572845
HSP90AA1	0.41905082142196	0.0264033253866186	0.99832044829263	0.0264033253866186
GRSF1	0.419092502986222	0.0407254519384653	0.99832044829263	0.0407254519384653
PTOV1	0.419121399166496	0.0339721144587765	0.99832044829263	0.0339721144587765
SYNGR1	0.419186408944008	-0.0530473142413119	0.99832044829263	-0.0530473142413119
TMEM62	0.419298753751771	0.0321858762611305	0.99832044829263	0.0321858762611305
FBH1	0.41934854957074	0.0288416586155005	0.99832044829263	0.0288416586155005
DBF4B	0.419353748942629	0.0375580685689606	0.99832044829263	0.0375580685689606
RPL36AL	0.419533372877131	-0.0730950721852819	0.99832044829263	-0.0730950721852819
MCM3AP	0.419733631001205	-0.0323955355643201	0.99832044829263	-0.0323955355643201
LAMTOR1	0.419816570094197	0.0489874335499027	0.99832044829263	0.0489874335499027
RTF1	0.420112980153767	-0.0332826592128505	0.99832044829263	-0.0332826592128505
ATP6V1G1	0.420139908206604	-0.0635166182652559	0.99832044829263	-0.0635166182652559
ZNF787	0.420152256680159	-0.0478170608929122	0.99832044829263	-0.0478170608929122
ERGIC2	0.420169758625121	0.0324927493058812	0.99832044829263	0.0324927493058812
SETD7	0.420269253440257	-0.037127007426926	0.99832044829263	-0.037127007426926
PLRG1	0.420306870095496	0.0453284261980251	0.99832044829263	0.0453284261980251
EIF2B3	0.420417700194468	0.023448135462283	0.99832044829263	0.023448135462283
CASP8AP2	0.420624056380548	0.0298193424614307	0.99832044829263	0.0298193424614307
NSDHL	0.420642662197015	0.0611488627228514	0.99832044829263	0.0611488627228514
ABCB10	0.420644668849129	-0.0316532464326476	0.99832044829263	-0.0316532464326476
MANEA	0.420692045133662	0.0584943100221569	0.99832044829263	0.0584943100221569
SYNDIG1	0.42080768940129	0.0197001801780273	0.99832044829263	0.0197001801780273
DBR1	0.420996780981387	-0.061258061151169	0.99832044829263	-0.061258061151169
NEU3	0.421596843965052	0.0472285930023985	0.99832044829263	0.0472285930023985
KCNN3	0.421634682770542	0.0604034282646563	0.99832044829263	0.0604034282646563
UNC79	0.42167553552619	0.0295193153952951	0.99832044829263	0.0295193153952951
NONO	0.421783859502531	0.0364933625023622	0.99832044829263	0.0364933625023622
BCORL1	0.42185903162223	-0.0498419571693663	0.99832044829263	-0.0498419571693663
ZNF134	0.421908632011538	0.0632296554323233	0.99832044829263	0.0632296554323233
MSH2	0.422175050538701	0.0267647240105377	0.99832044829263	0.0267647240105377
SRSF11	0.42240099504787	-0.0180011277653553	0.99832044829263	-0.0180011277653553
SMC1A	0.422429574857966	-0.0255481753270866	0.99832044829263	-0.0255481753270866
LINC00461	0.422555375760004	0.0275720297944993	0.99832044829263	0.0275720297944993
BHLHE41	0.422726097504607	0.0344040402417602	0.99832044829263	0.0344040402417602
AC015983.2	0.422765779703856	-0.0392732212686666	0.99832044829263	-0.0392732212686666
SMURF2	0.422786682912304	0.0246363516843345	0.99832044829263	0.0246363516843345
NDUFV1	0.422830499374579	-0.0291099856644044	0.99832044829263	-0.0291099856644044
NDUFA2	0.422920550618988	-0.0744718457230956	0.99832044829263	-0.0744718457230956
PEA15	0.422920943807889	0.0422446972563712	0.99832044829263	0.0422446972563712
TTC21B	0.423000168752799	-0.025622335329902	0.99832044829263	-0.025622335329902
AL365259.1	0.423102236218605	-0.0532324267818023	0.99832044829263	-0.0532324267818023
RALY	0.423127727314091	-0.0203072091494016	0.99832044829263	-0.0203072091494016
ZNF337-AS1	0.423192790911935	0.0423740040161081	0.99832044829263	0.0423740040161081
VSTM2B	0.42325001051641	0.0278180721733908	0.99832044829263	0.0278180721733908
AL512343.2	0.423277375475935	-0.0541682107341748	0.99832044829263	-0.0541682107341748
BEX3	0.423433762023024	0.0561293771657796	0.99832044829263	0.0561293771657796
GFAP	0.423569466242305	0.092970932278462	0.99832044829263	0.092970932278462
GAS6	0.423583022636491	-0.0609207923637634	0.99832044829263	-0.0609207923637634
ABI2	0.423927536868449	0.0234971414661072	0.99832044829263	0.0234971414661072
WHRN	0.423987433460633	0.0234340431569432	0.99832044829263	0.0234340431569432
KXD1	0.424020824321729	0.03891380690144	0.99832044829263	0.03891380690144
MRPS36	0.424141115759047	0.0419924130503787	0.99832044829263	0.0419924130503787
RAB4B	0.424164727636406	0.0243757822154787	0.99832044829263	0.0243757822154787
NNT-AS1	0.424270991620271	0.0299413324695763	0.99832044829263	0.0299413324695763
U2AF1L4	0.424274228881834	0.0497121541611621	0.99832044829263	0.0497121541611621
CCDC124	0.424293550014601	0.0588052376710822	0.99832044829263	0.0588052376710822
PDCD10	0.424381012352472	0.0314624589508265	0.99832044829263	0.0314624589508265
BIN1	0.424383177751522	0.0127260053509566	0.99832044829263	0.0127260053509566
AP2S1	0.424383637911233	0.0748199298603767	0.99832044829263	0.0748199298603767
UBE3D	0.424707754061996	0.0263891240262199	0.99832044829263	0.0263891240262199
AKT1S1	0.424902100305715	0.053823862782119	0.99832044829263	0.053823862782119
LRRC8A	0.424983595485344	0.0374608288687187	0.99832044829263	0.0374608288687187
TBCA	0.42514538575965	0.0218201100234702	0.99832044829263	0.0218201100234702
PABPC1	0.425504422181024	0.0330004079598431	0.99832044829263	0.0330004079598431
TCTN1	0.425640316807396	-0.0512523870529038	0.99832044829263	-0.0512523870529038
GFPT2	0.42564201322935	-0.0574324713514678	0.99832044829263	-0.0574324713514678
NDUFB8	0.425654851818269	-0.045059042621215	0.99832044829263	-0.045059042621215
AC073050.1	0.425807803292719	0.0735553854894168	0.99832044829263	0.0735553854894168
FGFR1	0.425816248928075	0.0619370053305463	0.99832044829263	0.0619370053305463
SCAI	0.425932507262513	0.0340369080209758	0.99832044829263	0.0340369080209758
PRPF38A	0.426052767113546	-0.0446065030826019	0.99832044829263	-0.0446065030826019
CEP120	0.426144241932677	0.034687217715309	0.99832044829263	0.034687217715309
KRCC1	0.426525115337597	0.0234492475226502	0.99832044829263	0.0234492475226502
KIAA1324	0.426598026969991	-0.0471371519390862	0.99832044829263	-0.0471371519390862
LINC01137	0.426711736351133	-0.0456276926326144	0.99832044829263	-0.0456276926326144
MICOS13	0.426776243626732	0.0658805505726729	0.99832044829263	0.0658805505726729
ZSCAN31	0.426791514405556	0.0773622236906727	0.99832044829263	0.0773622236906727
SH3GL3	0.426930526749344	-0.014285989191772	0.99832044829263	-0.014285989191772
THOC2	0.427145872855357	-0.0174386764158101	0.99832044829263	-0.0174386764158101
SLC8B1	0.427299084271551	0.0374417734306626	0.99832044829263	0.0374417734306626
DNAJC5	0.427360701826238	0.0247607706545284	0.99832044829263	0.0247607706545284
SMPD1	0.427503157241508	0.0457401842674863	0.99832044829263	0.0457401842674863
RBM7	0.427582699279107	0.0634605345479468	0.99832044829263	0.0634605345479468
CYP46A1	0.427587542823122	-0.0648441305855063	0.99832044829263	-0.0648441305855063
CDC5L	0.427657762011313	-0.0319022649259185	0.99832044829263	-0.0319022649259185
PLEKHA6	0.427672002318597	-0.0622416742952518	0.99832044829263	-0.0622416742952518
PUM2	0.427784097439382	-0.0144351400654655	0.99832044829263	-0.0144351400654655
ATP2C1	0.427867820328955	0.0264636377357481	0.99832044829263	0.0264636377357481
PCSK1N	0.427918346258102	0.0807862152404181	0.99832044829263	0.0807862152404181
CRYGS	0.427949835571884	-0.0654889087681148	0.99832044829263	-0.0654889087681148
PDHA1	0.427954991740063	-0.0551670387086627	0.99832044829263	-0.0551670387086627
LINC01563	0.428022844983108	0.0528204241281048	0.99832044829263	0.0528204241281048
NUP93	0.428232711695736	-0.0330583411623318	0.99832044829263	-0.0330583411623318
SLC25A40	0.428361599159253	-0.0434380647286121	0.99832044829263	-0.0434380647286121
RTN3	0.428489543979652	-0.0261902903654735	0.99832044829263	-0.0261902903654735
TRAM1	0.428520785945052	0.0333810744894433	0.99832044829263	0.0333810744894433
INTS10	0.428851530633978	0.0194826546489128	0.99832044829263	0.0194826546489128
CACNB4	0.429154961592395	-0.0754092533076483	0.99832044829263	-0.0754092533076483
EPC1	0.42929456130809	0.0144643221436319	0.99832044829263	0.0144643221436319
TNK2	0.429368463654745	-0.0255242878972086	0.99832044829263	-0.0255242878972086
SEC31B	0.429450144867598	-0.0358322196860993	0.99832044829263	-0.0358322196860993
KBTBD6	0.429644165469727	0.0414175186505797	0.99832044829263	0.0414175186505797
DLEU1	0.429657629943833	-0.034702051377775	0.99832044829263	-0.034702051377775
NPDC1	0.429713239082726	-0.0500354039974465	0.99832044829263	-0.0500354039974465
PLOD1	0.429913219957523	0.0383237867913257	0.99832044829263	0.0383237867913257
PPP1R7	0.429976828009083	-0.0363210403567019	0.99832044829263	-0.0363210403567019
ZFAND6	0.430411630116782	-0.0230606923319725	0.99832044829263	-0.0230606923319725
SMG5	0.430439960081596	-0.0228193964631656	0.99832044829263	-0.0228193964631656
SLC4A1AP	0.430443482752391	0.0420968923643385	0.99832044829263	0.0420968923643385
SFTPC	0.430855518326748	0.0492095844235332	0.99832044829263	0.0492095844235332
GTF2H3	0.430865697845606	0.0335200369417833	0.99832044829263	0.0335200369417833
KLHL8	0.430867112735481	0.0348883633630314	0.99832044829263	0.0348883633630314
COX7C	0.4309122598776	0.0691236824597076	0.99832044829263	0.0691236824597076
P2RX7	0.431017153300198	-0.0155042756578142	0.99832044829263	-0.0155042756578142
ELP1	0.431087027353589	0.0310003608476367	0.99832044829263	0.0310003608476367
BCL9	0.431166969391419	-0.0370448304433595	0.99832044829263	-0.0370448304433595
GRM5	0.431243970687864	0.0760391900233878	0.99832044829263	0.0760391900233878
HAVCR2	0.431454483081439	0.0284632748943793	0.99832044829263	0.0284632748943793
AC092802.1	0.431468817631497	0.0558425962022434	0.99832044829263	0.0558425962022434
GCSH	0.431738273892001	-0.0423983659660284	0.99832044829263	-0.0423983659660284
PRDX4	0.431823747435639	-0.0660154793593035	0.99832044829263	-0.0660154793593035
DLEU2	0.432048280234492	0.0144788892560769	0.99832044829263	0.0144788892560769
NUMA1	0.432080667935917	0.0186734291164606	0.99832044829263	0.0186734291164606
NEIL1	0.432124658399568	0.0699368675802818	0.99832044829263	0.0699368675802818
ZNF594	0.432222983400239	-0.0412950963748734	0.99832044829263	-0.0412950963748734
MGA	0.432292634210201	0.0220628045792511	0.99832044829263	0.0220628045792511
CACNA1A	0.432314888448327	-0.0748451444868558	0.99832044829263	-0.0748451444868558
SYTL2	0.432489861558503	0.026582270676735	0.99832044829263	0.026582270676735
AC105345.1	0.432538445816118	-0.0667923296050331	0.99832044829263	-0.0667923296050331
FXYD7	0.432579606405633	-0.0956449327882134	0.99832044829263	-0.0956449327882134
IARS	0.432786020803353	-0.0265311187618899	0.99832044829263	-0.0265311187618899
ACACA	0.432814499952507	0.0166482687752028	0.99832044829263	0.0166482687752028
PCYT1A	0.432844091365273	-0.0324061698405257	0.99832044829263	-0.0324061698405257
FECH	0.432893792282153	0.0253123841780012	0.99832044829263	0.0253123841780012
GSN	0.432929735602208	0.0187153132740566	0.99832044829263	0.0187153132740566
CAMTA2	0.432931987694339	0.043548056816737	0.99832044829263	0.043548056816737
ATG4A	0.43295958293521	-0.0523939548546281	0.99832044829263	-0.0523939548546281
DYM	0.432983863512832	-0.0149989558482503	0.99832044829263	-0.0149989558482503
PRPF18	0.433044746706035	-0.0313504226984673	0.99832044829263	-0.0313504226984673
NALCN	0.433048490400471	-0.0129463148703725	0.99832044829263	-0.0129463148703725
RNASEH2B	0.433073390147547	0.0245725126886721	0.99832044829263	0.0245725126886721
PACS2	0.433186254578979	-0.0170766301763894	0.99832044829263	-0.0170766301763894
THAP7	0.433229776984214	-0.0733244369858053	0.99832044829263	-0.0733244369858053
ST3GAL2	0.433314105851292	0.0402597804534942	0.99832044829263	0.0402597804534942
AL160254.1	0.433369012506769	-0.0750864668454036	0.99832044829263	-0.0750864668454036
KCNJ10	0.43340797262157	0.0275284456746154	0.99832044829263	0.0275284456746154
GET3	0.433448849565541	0.0682167762823912	0.99832044829263	0.0682167762823912
MCRS1	0.433497391332277	0.0492981149092274	0.99832044829263	0.0492981149092274
MCCC2	0.433646182761647	-0.0359668524985525	0.99832044829263	-0.0359668524985525
SDHC	0.433695602487363	-0.0249778843664374	0.99832044829263	-0.0249778843664374
OSBPL7	0.433793545786353	-0.0396989987804483	0.99832044829263	-0.0396989987804483
TRIOBP	0.433824904844502	0.035708849542843	0.99832044829263	0.035708849542843
UBL5	0.433829549564053	0.0651434101814498	0.99832044829263	0.0651434101814498
ARHGAP23	0.433854927708487	0.0209971955081953	0.99832044829263	0.0209971955081953
FAM135B	0.433890194839409	-0.0599577533351184	0.99832044829263	-0.0599577533351184
STMN4	0.433972857648432	0.0396783140754368	0.99832044829263	0.0396783140754368
ATXN7	0.43404277801573	-0.0304366321221726	0.99832044829263	-0.0304366321221726
RIOK3	0.434130780293022	-0.0245499075309437	0.99832044829263	-0.0245499075309437
CYP4V2	0.434224338434766	0.0349668425128763	0.99832044829263	0.0349668425128763
TRPM7	0.434392316715704	0.0167015162002333	0.99832044829263	0.0167015162002333
ERCC5	0.434421442282716	-0.0307226072722326	0.99832044829263	-0.0307226072722326
MTMR12	0.434460401499408	0.0337153767422234	0.99832044829263	0.0337153767422234
ATF7IP	0.434465829724211	0.0185513728440451	0.99832044829263	0.0185513728440451
CDIP1	0.434579654163367	0.0485350519194027	0.99832044829263	0.0485350519194027
AC015712.4	0.434610487797227	0.0410054119039296	0.99832044829263	0.0410054119039296
GALNS	0.434611293240053	0.04141350216706	0.99832044829263	0.04141350216706
C16orf70	0.434785286388846	0.0243773940290943	0.99832044829263	0.0243773940290943
ZNF569	0.434872749314907	0.0323216930474852	0.99832044829263	0.0323216930474852
MTCL1	0.434925179291497	-0.0528722615874456	0.99832044829263	-0.0528722615874456
ZFAND4	0.434939319264907	0.0378776007750712	0.99832044829263	0.0378776007750712
MLF2	0.435065451891585	0.0610327293339686	0.99832044829263	0.0610327293339686
AC068282.1	0.43520406164269	0.0881705362193577	0.99832044829263	0.0881705362193577
PSKH1	0.435486351942873	-0.0376104698371911	0.99832044829263	-0.0376104698371911
ZDHHC24	0.435495011305211	-0.0459992130460476	0.99832044829263	-0.0459992130460476
FKBP14	0.435531727949383	-0.0684067095021944	0.99832044829263	-0.0684067095021944
ALKBH5	0.435657731275407	-0.0282316694842202	0.99832044829263	-0.0282316694842202
RAB3IP	0.435851886087023	-0.0283413333256832	0.99832044829263	-0.0283413333256832
JMJD8	0.435883099461867	-0.0763340584551782	0.99832044829263	-0.0763340584551782
ARSA	0.436012877282242	0.0483005828000928	0.99832044829263	0.0483005828000928
TMED4	0.436189968137405	-0.0335065390443381	0.99832044829263	-0.0335065390443381
SPCS1	0.436236013744843	0.0440839609913407	0.99832044829263	0.0440839609913407
PRKD3	0.436481707215356	0.0427358194777361	0.99832044829263	0.0427358194777361
ARID3A	0.436650740597345	-0.0627803489488274	0.99832044829263	-0.0627803489488274
PRKACA	0.437017751183652	-0.0412545795700307	0.99832044829263	-0.0412545795700307
FBXL12	0.437091116776726	0.0434172878658902	0.99832044829263	0.0434172878658902
SDCCAG8	0.437148247839796	-0.0141817002043895	0.99832044829263	-0.0141817002043895
ERV3-1	0.437152247833313	0.0595154829296931	0.99832044829263	0.0595154829296931
POLR2I	0.437473679880558	-0.0530144182083026	0.99832044829263	-0.0530144182083026
FILIP1L	0.43748448515011	-0.065807128398337	0.99832044829263	-0.065807128398337
PHGDH	0.437521597461371	0.0412899885189951	0.99832044829263	0.0412899885189951
AL049840.5	0.437557624427309	0.0522320531303989	0.99832044829263	0.0522320531303989
HEPN1	0.437614904644012	-0.0626441833615039	0.99832044829263	-0.0626441833615039
GRIN2A	0.437793744158184	-0.0530121016696451	0.99832044829263	-0.0530121016696451
APTX	0.437805946128367	0.0249843948104982	0.99832044829263	0.0249843948104982
SSRP1	0.437813349214907	-0.0426970952885967	0.99832044829263	-0.0426970952885967
TGOLN2	0.437976253211823	-0.0287744350928872	0.99832044829263	-0.0287744350928872
PLPPR1	0.438028176227537	0.019927043691844	0.99832044829263	0.019927043691844
WDR4	0.438098418435394	0.0472474879227171	0.99832044829263	0.0472474879227171
CFAP161	0.438099646798349	0.0634197288402483	0.99832044829263	0.0634197288402483
AC021851.1	0.438211789664946	-0.0527942874166394	0.99832044829263	-0.0527942874166394
SNTB2	0.438319431804104	-0.0469138842583151	0.99832044829263	-0.0469138842583151
LINC01409	0.438522094947227	0.0517039364825449	0.99832044829263	0.0517039364825449
SUCLG1	0.43876820477673	0.030561442188377	0.99832044829263	0.030561442188377
ACAP3	0.438915495562398	0.0229110847536063	0.99832044829263	0.0229110847536063
SLAIN2	0.439002202109021	0.0328688170857379	0.99832044829263	0.0328688170857379
ZFHX2	0.439045096211011	-0.0310546572320926	0.99832044829263	-0.0310546572320926
NIPSNAP2	0.439201802282066	0.0222135667220145	0.99832044829263	0.0222135667220145
CHSY1	0.439270920753351	-0.0319829215762071	0.99832044829263	-0.0319829215762071
TMEM63A	0.439277286212552	-0.0180422289967644	0.99832044829263	-0.0180422289967644
RCL1	0.439324551275346	0.0294509524725192	0.99832044829263	0.0294509524725192
CAMKV	0.439433023232669	0.118604708692636	0.99832044829263	0.118604708692636
PIM3	0.439449082341418	0.0417735231273417	0.99832044829263	0.0417735231273417
CNST	0.43946061145252	-0.0370483940720066	0.99832044829263	-0.0370483940720066
AC005520.5	0.439525782878115	0.0713144902557592	0.99832044829263	0.0713144902557592
NR2F6	0.439557431438537	0.0596867073248286	0.99832044829263	0.0596867073248286
SDE2	0.439599138319447	-0.0562842665061453	0.99832044829263	-0.0562842665061453
PSME4	0.439610828211989	-0.0178357528430651	0.99832044829263	-0.0178357528430651
HERC5	0.43965807010306	0.0610770548236225	0.99832044829263	0.0610770548236225
LIFR-AS1	0.439734523032643	-0.0497416206861045	0.99832044829263	-0.0497416206861045
SYP	0.439738780929377	0.0562252417681044	0.99832044829263	0.0562252417681044
PLEC	0.43987228644472	-0.106426525412468	0.99832044829263	-0.106426525412468
DACT3-AS1	0.44019769560042	0.0652993468781394	0.99832044829263	0.0652993468781394
CYBC1	0.440485825063954	0.0319474491911629	0.99832044829263	0.0319474491911629
NFKBIL1	0.440553726923879	0.0697672892813664	0.99832044829263	0.0697672892813664
HSPA8	0.440771120514671	-0.0604896925981893	0.99832044829263	-0.0604896925981893
SYNE1	0.440866121723672	0.041318317208503	0.99832044829263	0.041318317208503
ZNF407	0.441039000659798	-0.0219185020910906	0.99832044829263	-0.0219185020910906
NDUFS2	0.441045420648262	-0.0261110453007767	0.99832044829263	-0.0261110453007767
MFSD14B	0.441137721789608	0.0296810849707345	0.99832044829263	0.0296810849707345
MAP9	0.441163563608222	-0.0630825307442399	0.99832044829263	-0.0630825307442399
CENPC	0.441249380721259	0.0243544647786864	0.99832044829263	0.0243544647786864
MYSM1	0.441295278056511	0.030082915154964	0.99832044829263	0.030082915154964
LZTS2	0.441331784134698	0.0283773196982656	0.99832044829263	0.0283773196982656
DAGLB	0.441434887454339	-0.0470953727106541	0.99832044829263	-0.0470953727106541
TAMM41	0.441703615768159	-0.0259226269296051	0.99832044829263	-0.0259226269296051
GPRASP1	0.441710574296152	-0.0679706776783174	0.99832044829263	-0.0679706776783174
DHX36	0.441725705634727	0.0245689526804033	0.99832044829263	0.0245689526804033
CREBL2	0.441853670971895	0.0333805828047453	0.99832044829263	0.0333805828047453
RTTN	0.44188515435218	-0.0201249282671115	0.99832044829263	-0.0201249282671115
LINC02511	0.441907753546565	0.0606182937578118	0.99832044829263	0.0606182937578118
TAF7	0.442058668409801	-0.03488886013343	0.99832044829263	-0.03488886013343
RBM4B	0.44207606995283	-0.0434004780659109	0.99832044829263	-0.0434004780659109
MRPS30-DT	0.442191857211992	0.0478752669837296	0.99832044829263	0.0478752669837296
TXNDC5	0.442409090256659	0.0364508548504407	0.99832044829263	0.0364508548504407
ZNF124	0.442429447980404	-0.0445499427228573	0.99832044829263	-0.0445499427228573
DMTN	0.44255255147433	-0.0904667103200857	0.99832044829263	-0.0904667103200857
GCFC2	0.442633155710725	0.026401695608322	0.99832044829263	0.026401695608322
SLC27A5	0.44265419926804	-0.0405258551261583	0.99832044829263	-0.0405258551261583
GALNT12	0.44272372944049	-0.0587525726407004	0.99832044829263	-0.0587525726407004
RPS15A	0.44276109298968	-0.0525088168042159	0.99832044829263	-0.0525088168042159
DYRK4	0.442763719398897	0.0541404054071375	0.99832044829263	0.0541404054071375
AMMECR1L	0.442817102819481	0.0443297425754132	0.99832044829263	0.0443297425754132
PPM1K	0.442922040821145	0.0289571564489153	0.99832044829263	0.0289571564489153
MARF1	0.44296186383713	-0.0240676383215614	0.99832044829263	-0.0240676383215614
INSYN2A	0.443054873971762	-0.0628787470172924	0.99832044829263	-0.0628787470172924
RPS5	0.443183429710759	0.0498790524866079	0.99832044829263	0.0498790524866079
PPRC1	0.443201631900889	0.0486329313178717	0.99832044829263	0.0486329313178717
PLEKHM3	0.443282686469422	0.0222899636460661	0.99832044829263	0.0222899636460661
KRBA2	0.443858526911411	0.0293443170640375	0.99832044829263	0.0293443170640375
RPL7A	0.443864983876423	-0.0504236761345243	0.99832044829263	-0.0504236761345243
CFAP53	0.44387592603455	0.0483189872175817	0.99832044829263	0.0483189872175817
PLEKHG3	0.443904725246704	-0.0218693554336039	0.99832044829263	-0.0218693554336039
ICMT	0.444171856197617	0.0594673617078498	0.99832044829263	0.0594673617078498
ZNF135	0.444294081897407	0.0272871330409231	0.99832044829263	0.0272871330409231
LINC02199	0.444580854550016	-0.0389325059656018	0.99832044829263	-0.0389325059656018
NFKBIZ	0.444683354061544	-0.0342903282116986	0.99832044829263	-0.0342903282116986
IFI27L2	0.444693251430217	0.0605619171288308	0.99832044829263	0.0605619171288308
MRAS	0.444755130554865	-0.0587095805392155	0.99832044829263	-0.0587095805392155
ENDOV	0.444835592300369	-0.0367574435739075	0.99832044829263	-0.0367574435739075
TMOD3	0.444854887195885	-0.0344374162249685	0.99832044829263	-0.0344374162249685
GPR89A	0.445018028289811	-0.0469678158232705	0.99832044829263	-0.0469678158232705
WDR45B	0.445284894595442	0.0256172841180289	0.99832044829263	0.0256172841180289
MYL6	0.445297062602151	0.0406791960095383	0.99832044829263	0.0406791960095383
ARHGAP35	0.445324779388143	0.0180545904437702	0.99832044829263	0.0180545904437702
AGPAT5	0.445418200189736	0.031893141865167	0.99832044829263	0.031893141865167
CEP290	0.445523995702178	-0.0231853360951631	0.99832044829263	-0.0231853360951631
AL139260.1	0.445612641077705	0.0234799148792024	0.99832044829263	0.0234799148792024
RAB29	0.445702374144378	0.0558921976313429	0.99832044829263	0.0558921976313429
ST6GALNAC5	0.445751164869778	-0.08223433900114	0.99832044829263	-0.08223433900114
ZNF483	0.445786596875429	-0.0314690799909133	0.99832044829263	-0.0314690799909133
RNF139	0.445808102095668	0.0469844634261471	0.99832044829263	0.0469844634261471
TACC1	0.445979817711556	0.013852295679949	0.99832044829263	0.013852295679949
CMAS	0.446174005253358	-0.0447860379886992	0.99832044829263	-0.0447860379886992
ANKRD36	0.446177272334454	0.0186614356411707	0.99832044829263	0.0186614356411707
PNPLA8	0.446267825621037	-0.0299050393265259	0.99832044829263	-0.0299050393265259
TSN	0.446472334190677	-0.0329442616573314	0.99832044829263	-0.0329442616573314
HMG20B	0.446616589614447	0.0397599269908501	0.99832044829263	0.0397599269908501
AKAP7	0.446638148678759	0.0259115551000784	0.99832044829263	0.0259115551000784
EIF3D	0.446698187728799	-0.0441882648466962	0.99832044829263	-0.0441882648466962
CTNNA1	0.44672830064859	0.0184977853539996	0.99832044829263	0.0184977853539996
SMAD9	0.446755846052935	-0.0459836259079048	0.99832044829263	-0.0459836259079048
ZNF783	0.447059327681538	0.038535393138758	0.99832044829263	0.038535393138758
ENPP2	0.447085279537176	0.0146907638478036	0.99832044829263	0.0146907638478036
NARS2	0.447256803096508	0.0232267950698277	0.99832044829263	0.0232267950698277
ISG20	0.447403113236866	0.0509848943851832	0.99832044829263	0.0509848943851832
C9orf24	0.447458714171763	-0.069611378443318	0.99832044829263	-0.069611378443318
TBC1D12	0.447515381822809	-0.0186215079820423	0.99832044829263	-0.0186215079820423
TASOR	0.447580793273697	0.0194272434273578	0.99832044829263	0.0194272434273578
UNC5D	0.447638889857829	-0.0865294377229593	0.99832044829263	-0.0865294377229593
GTF2I	0.44768802524978	-0.0110477770510426	0.99832044829263	-0.0110477770510426
KIF16B	0.447768680692069	-0.0232560369760624	0.99832044829263	-0.0232560369760624
COX14	0.447889610087299	0.0656679755352467	0.99832044829263	0.0656679755352467
FSD1L	0.447958030497608	-0.0334863215856872	0.99832044829263	-0.0334863215856872
SLC66A3	0.447989748112032	0.0482667842311307	0.99832044829263	0.0482667842311307
GNAI3	0.448179827868362	0.0330202212913837	0.99832044829263	0.0330202212913837
RPA2	0.44818547512814	-0.0321896179316377	0.99832044829263	-0.0321896179316377
ST3GAL5	0.448273512218095	-0.0227967361395826	0.99832044829263	-0.0227967361395826
ZNF365	0.448282194714229	-0.0241749154918769	0.99832044829263	-0.0241749154918769
AL139815.1	0.44833707222409	0.0569111769725844	0.99832044829263	0.0569111769725844
PAIP1	0.448369614506461	-0.0422970788323842	0.99832044829263	-0.0422970788323842
UNK	0.448385707433741	0.0264018552037432	0.99832044829263	0.0264018552037432
LINGO1	0.448404140516651	-0.0696795089519863	0.99832044829263	-0.0696795089519863
RUBCN	0.448434651417298	-0.0317436929708883	0.99832044829263	-0.0317436929708883
UBIAD1	0.448469603573206	-0.0385932569537981	0.99832044829263	-0.0385932569537981
TTC4	0.448543446405593	0.0490259281117901	0.99832044829263	0.0490259281117901
ATP6V1F	0.448607993167534	-0.0668838480388104	0.99832044829263	-0.0668838480388104
TUBB2A	0.448671040285233	-0.0892720330926798	0.99832044829263	-0.0892720330926798
DEGS1	0.448691001575961	-0.051930307322814	0.99832044829263	-0.051930307322814
SPEF2	0.448920186415353	-0.0751195133115127	0.99832044829263	-0.0751195133115127
BBIP1	0.448970871070262	-0.0315837637908302	0.99832044829263	-0.0315837637908302
LRRC29	0.449015165402539	-0.0420801289266851	0.99832044829263	-0.0420801289266851
HCG17	0.449025849805106	-0.024840231549103	0.99832044829263	-0.024840231549103
TTLL7	0.449033068181465	0.0110066998947153	0.99832044829263	0.0110066998947153
CELF5	0.449117374609349	0.0755612691178641	0.99832044829263	0.0755612691178641
HADHA	0.44911850568516	-0.023804253131842	0.99832044829263	-0.023804253131842
FRY	0.449133575324604	0.037870943328486	0.99832044829263	0.037870943328486
CSMD3	0.449151034304392	0.058869120721332	0.99832044829263	0.058869120721332
AL080250.1	0.449234729394876	0.0428254932135242	0.99832044829263	0.0428254932135242
SUCLG2	0.449342800801259	-0.0267378892181703	0.99832044829263	-0.0267378892181703
CGGBP1	0.4493443661661	0.0268055519256881	0.99832044829263	0.0268055519256881
CHD4	0.44944132078653	0.016882985910099	0.99832044829263	0.016882985910099
RNF217-AS1	0.449721263162943	0.0432119863268661	0.99832044829263	0.0432119863268661
AREL1	0.449741320055737	0.0283682159027892	0.99832044829263	0.0283682159027892
DDX27	0.450115553007814	0.0393275059205171	0.99832044829263	0.0393275059205171
AC242426.2	0.450500398716391	0.0286404289418444	0.99832044829263	0.0286404289418444
WRAP73	0.450566572205111	0.0503437343499691	0.99832044829263	0.0503437343499691
COG6	0.450638188310426	0.0247148499737628	0.99832044829263	0.0247148499737628
ZFPL1	0.450713075340897	0.0379974543324101	0.99832044829263	0.0379974543324101
RAB5A	0.450732715890284	-0.0308453420363395	0.99832044829263	-0.0308453420363395
ROCK1	0.450763980427284	0.0186115292424162	0.99832044829263	0.0186115292424162
RWDD1	0.450805060571199	0.0405175352946208	0.99832044829263	0.0405175352946208
LDB1	0.450945118394111	-0.0685461247815042	0.99832044829263	-0.0685461247815042
ZNF263	0.450965313865289	0.0456829112465657	0.99832044829263	0.0456829112465657
BLZF1	0.45102951720181	0.027464600132676	0.99832044829263	0.027464600132676
HINFP	0.451079336567638	0.0461280072748559	0.99832044829263	0.0461280072748559
BZW1	0.451290306864406	-0.0520889863904515	0.99832044829263	-0.0520889863904515
AMPD2	0.451465219938483	-0.0605352145551593	0.99832044829263	-0.0605352145551593
PROSER1	0.451559778766704	0.0413542421877286	0.99832044829263	0.0413542421877286
ECHS1	0.451659440732859	0.0382434131182007	0.99832044829263	0.0382434131182007
SNRPB2	0.45165958763784	0.0504518983638517	0.99832044829263	0.0504518983638517
MTRNR2L12	0.451811761462565	0.0447100481364093	0.99832044829263	0.0447100481364093
ADCY1	0.451822224535422	-0.0997971275938333	0.99832044829263	-0.0997971275938333
NUPR1	0.451856326069685	-0.0577461132354024	0.99832044829263	-0.0577461132354024
TNFSF13B	0.451926736591491	-0.0833895501134511	0.99832044829263	-0.0833895501134511
ATF7	0.451929238373467	0.0177803533736036	0.99832044829263	0.0177803533736036
CHD2	0.452025658181402	-0.0181523584869938	0.99832044829263	-0.0181523584869938
NAGK	0.452027025242258	0.0309690709614039	0.99832044829263	0.0309690709614039
PRKD2	0.452287820095379	0.0570762899588334	0.99832044829263	0.0570762899588334
KANSL1	0.452314447566773	-0.0177298889329342	0.99832044829263	-0.0177298889329342
LINC01376	0.452336253925717	0.0426927010417543	0.99832044829263	0.0426927010417543
FAM214B	0.452724326931486	0.0565003681441187	0.99832044829263	0.0565003681441187
CISD2	0.452769689373965	-0.044993241666883	0.99832044829263	-0.044993241666883
MSH3	0.452773403766981	0.0211214885580149	0.99832044829263	0.0211214885580149
RNF123	0.452809138296715	-0.0633553329283558	0.99832044829263	-0.0633553329283558
AL358216.1	0.452974449219147	0.0442636054398331	0.99832044829263	0.0442636054398331
SKA2	0.453096163209703	-0.0274640182777708	0.99832044829263	-0.0274640182777708
CUEDC2	0.453176004251494	-0.0559681709122525	0.99832044829263	-0.0559681709122525
AC005498.3	0.453215885490503	0.0444243286069255	0.99832044829263	0.0444243286069255
USP8	0.453315476417889	-0.0208629415659224	0.99832044829263	-0.0208629415659224
PCCA-DT	0.453338832800364	-0.046061059188684	0.99832044829263	-0.046061059188684
TENM2	0.453357531270125	0.0740141421443529	0.99832044829263	0.0740141421443529
ZNF676	0.453487892092142	0.0379461707333359	0.99832044829263	0.0379461707333359
TPD52L2	0.45375435860348	-0.0299133250194545	0.99832044829263	-0.0299133250194545
CKLF	0.453773830418706	-0.0328031972864123	0.99832044829263	-0.0328031972864123
HID1	0.453776931483422	-0.0222388413189883	0.99832044829263	-0.0222388413189883
USP44	0.453874612600498	0.0543808306589188	0.99832044829263	0.0543808306589188
TMEM230	0.453964058152298	0.0228764694776668	0.99832044829263	0.0228764694776668
NDUFAF7	0.454456795190826	0.0426382528307157	0.99832044829263	0.0426382528307157
TCF25	0.454544071836372	-0.0189262140506494	0.99832044829263	-0.0189262140506494
ZC3H12B	0.454607321363977	-0.0260739636091712	0.99832044829263	-0.0260739636091712
KCNQ3	0.454769574078135	-0.0615946870035514	0.99832044829263	-0.0615946870035514
HSPH1	0.454961882982907	0.0627713070720141	0.99832044829263	0.0627713070720141
CD72	0.454974432663257	0.052379315226618	0.99832044829263	0.052379315226618
SAP25	0.454999888563098	-0.042317171322872	0.99832044829263	-0.042317171322872
CHDH	0.455089122447833	-0.0467913798274803	0.99832044829263	-0.0467913798274803
LINC02177	0.455119695638941	-0.0585815618764848	0.99832044829263	-0.0585815618764848
APOOL	0.455133426151572	-0.039418256918075	0.99832044829263	-0.039418256918075
ZNF343	0.455467107830394	-0.0514401367216765	0.99832044829263	-0.0514401367216765
RPSA	0.455467223681095	-0.0424852111828715	0.99832044829263	-0.0424852111828715
TRIM69	0.455622189462889	0.0844816015898991	0.99832044829263	0.0844816015898991
CHAMP1	0.455836667974253	-0.0490852280249064	0.99832044829263	-0.0490852280249064
FAM71F2	0.456069844471361	0.056989837504871	0.99832044829263	0.056989837504871
KIRREL3	0.456130754638718	-0.0164399510679271	0.99832044829263	-0.0164399510679271
EZH1	0.456178805218694	0.0193313639486047	0.99832044829263	0.0193313639486047
CCDC112	0.456354539748635	0.0272897046800541	0.99832044829263	0.0272897046800541
TATDN1	0.456491051898368	0.023418720832588	0.99832044829263	0.023418720832588
HAT1	0.456558317356072	0.0294367410939944	0.99832044829263	0.0294367410939944
IRGQ	0.456572613532539	0.0461039132029745	0.99832044829263	0.0461039132029745
CHSY3	0.456594062312588	-0.0595805077535456	0.99832044829263	-0.0595805077535456
CDC26	0.456714966128553	0.0530301288309593	0.99832044829263	0.0530301288309593
RSRC2	0.456720253755399	-0.0244721786526234	0.99832044829263	-0.0244721786526234
NKAIN2	0.456725466948136	-0.0134708923117659	0.99832044829263	-0.0134708923117659
CLPP	0.456741577015838	0.041280137331362	0.99832044829263	0.041280137331362
BFAR	0.456759331580142	0.0365157429718358	0.99832044829263	0.0365157429718358
ORC2	0.456908676067159	-0.0209639047343638	0.99832044829263	-0.0209639047343638
UBQLN2	0.456962931738722	0.0425015168581133	0.99832044829263	0.0425015168581133
SNX30	0.457139850629674	0.0185860011401031	0.99832044829263	0.0185860011401031
LAS1L	0.457302899149775	0.0364829409393852	0.99832044829263	0.0364829409393852
HHIP	0.457328301419634	0.0153995613976349	0.99832044829263	0.0153995613976349
SLC30A4	0.457390443015692	0.0266084498229963	0.99832044829263	0.0266084498229963
BRF1	0.457607042436868	-0.02526734409198	0.99832044829263	-0.02526734409198
MIEF1	0.457858281131889	-0.0505293024768577	0.99832044829263	-0.0505293024768577
PELI1	0.457948221615556	-0.0245671385776647	0.99832044829263	-0.0245671385776647
ABLIM2	0.458068117719673	0.0485214584472409	0.99832044829263	0.0485214584472409
IFT43	0.458116702880155	0.0265044754229377	0.99832044829263	0.0265044754229377
TXN2	0.458142358430856	-0.0466838841037382	0.99832044829263	-0.0466838841037382
PHF11	0.458248758416989	-0.0356831612925816	0.99832044829263	-0.0356831612925816
LSM10	0.458394599323373	-0.0774219861401075	0.99832044829263	-0.0774219861401075
BDH2	0.458477496401092	-0.0502704928671853	0.99832044829263	-0.0502704928671853
AC083862.3	0.458729579220748	0.0538118101795581	0.99832044829263	0.0538118101795581
ELOVL7	0.458751027838428	0.0268628506777768	0.99832044829263	0.0268628506777768
AC018730.1	0.458980230371722	0.0298829111189581	0.99832044829263	0.0298829111189581
PAK1	0.45899163209277	0.034916689753034	0.99832044829263	0.034916689753034
PINX1	0.459013939608194	-0.0455235822179342	0.99832044829263	-0.0455235822179342
ALKBH6	0.459104020993484	-0.0549423571331663	0.99832044829263	-0.0549423571331663
CNDP1	0.45914873470915	-0.0203867250401606	0.99832044829263	-0.0203867250401606
KPNA4	0.459210576971322	0.0237685966588925	0.99832044829263	0.0237685966588925
KATNAL2	0.459575288625177	0.0353749809571576	0.99832044829263	0.0353749809571576
WAPL	0.459586216913054	-0.0193246577668653	0.99832044829263	-0.0193246577668653
RCC1	0.459751903313072	-0.0559732847665963	0.99832044829263	-0.0559732847665963
PSMA6	0.45997590970778	0.0289768378026716	0.99832044829263	0.0289768378026716
LRCH4	0.460230830320413	-0.0451278811778861	0.99832044829263	-0.0451278811778861
ZNF865	0.460773773200822	-0.0493801195293778	0.99832044829263	-0.0493801195293778
FANCI	0.460814045936034	-0.0736631271307754	0.99832044829263	-0.0736631271307754
TCFL5	0.460946360610819	-0.0281608168061389	0.99832044829263	-0.0281608168061389
AC106729.1	0.461015988208198	-0.0609373520285583	0.99832044829263	-0.0609373520285583
ANKMY2	0.461024035088574	0.0622308491926895	0.99832044829263	0.0622308491926895
SH2D6	0.461096953804636	0.0613038853241634	0.99832044829263	0.0613038853241634
VMP1	0.461343768941154	0.0170683781131927	0.99832044829263	0.0170683781131927
SMG7	0.461353269082655	-0.0196850045135228	0.99832044829263	-0.0196850045135228
CDK5R1	0.461358973628437	-0.0642957519605324	0.99832044829263	-0.0642957519605324
CHL1	0.461401856209132	-0.0819183599348115	0.99832044829263	-0.0819183599348115
FAM229A	0.461509395692671	-0.0525163654106137	0.99832044829263	-0.0525163654106137
MECR	0.461648810659134	0.0363480223207349	0.99832044829263	0.0363480223207349
ST3GAL6	0.461712546101066	-0.0351659709241709	0.99832044829263	-0.0351659709241709
HS3ST5	0.461762366119974	0.0205765269031027	0.99832044829263	0.0205765269031027
ADAR	0.461934153227914	0.0218561122421836	0.99832044829263	0.0218561122421836
CSNK1D	0.462038047962353	0.0256099905720007	0.99832044829263	0.0256099905720007
C3orf20	0.46211213545725	-0.0482431095335284	0.99832044829263	-0.0482431095335284
RMND5A	0.462168481287889	0.0262057842108211	0.99832044829263	0.0262057842108211
NKAIN1	0.462255742630464	-0.0331029863266289	0.99832044829263	-0.0331029863266289
SNAPC1	0.462376661220409	-0.0509970053618739	0.99832044829263	-0.0509970053618739
PRKAR1B	0.462477148792601	-0.0823390722166612	0.99832044829263	-0.0823390722166612
ZNF281	0.462540641951917	0.0310251163665158	0.99832044829263	0.0310251163665158
MON1B	0.462569362307971	-0.0338983262752611	0.99832044829263	-0.0338983262752611
HINT1	0.462690485122485	-0.0502176243011099	0.99832044829263	-0.0502176243011099
XYLB	0.462693848602142	0.0419597032664521	0.99832044829263	0.0419597032664521
KIF1C	0.462946179753535	-0.0514730044300498	0.99832044829263	-0.0514730044300498
CWC15	0.463268869279023	-0.0424298528024718	0.99832044829263	-0.0424298528024718
YAF2	0.463273528713225	-0.0251415214287348	0.99832044829263	-0.0251415214287348
MKNK1	0.463315083442897	-0.0827055305926592	0.99832044829263	-0.0827055305926592
EDEM1	0.463391928728749	0.0534947788422878	0.99832044829263	0.0534947788422878
PDSS2	0.46341559249681	0.0204817686915969	0.99832044829263	0.0204817686915969
CDADC1	0.463482201856894	0.0438662734343438	0.99832044829263	0.0438662734343438
SNRPD3	0.463523998260864	0.0466744927271965	0.99832044829263	0.0466744927271965
NT5C	0.463699200796191	-0.0582938725956536	0.99832044829263	-0.0582938725956536
KLF7	0.46384392161103	0.0186570539849673	0.99832044829263	0.0186570539849673
KIAA0232	0.463997128982031	0.0167575086332595	0.99832044829263	0.0167575086332595
CADM1	0.464016470652258	0.0107973975908972	0.99832044829263	0.0107973975908972
HMGB1	0.4641453399568	0.0157044262074922	0.99832044829263	0.0157044262074922
ZSCAN25	0.464145900385333	0.0488296190287589	0.99832044829263	0.0488296190287589
ATIC	0.464264768760494	0.0345467637558389	0.99832044829263	0.0345467637558389
TMEM245	0.464345934394039	0.017211483133902	0.99832044829263	0.017211483133902
ATP6AP2	0.464450689989815	-0.0425899422636102	0.99832044829263	-0.0425899422636102
ACSL1	0.464516535055986	-0.025728777854427	0.99832044829263	-0.025728777854427
SKP2	0.464587079091305	0.0410447090166197	0.99832044829263	0.0410447090166197
MAGI3	0.464593798008621	-0.0830733210942296	0.99832044829263	-0.0830733210942296
CES2	0.46467202542937	0.0383146920700889	0.99832044829263	0.0383146920700889
ZDHHC14	0.464716134651489	0.0198361801309931	0.99832044829263	0.0198361801309931
SF3B3	0.464773655935734	0.0250378971178692	0.99832044829263	0.0250378971178692
AC087500.1	0.464775361091349	0.0338854916721686	0.99832044829263	0.0338854916721686
MRPL27	0.464837463842787	0.067939218346325	0.99832044829263	0.067939218346325
PRR7-AS1	0.465049825800951	-0.0638207516231559	0.99832044829263	-0.0638207516231559
PSMB6	0.465060012555496	-0.0700962909693353	0.99832044829263	-0.0700962909693353
ATXN2L	0.465281360251765	0.02548049898619	0.99832044829263	0.02548049898619
SMU1	0.465389962744269	-0.0283510884323762	0.99832044829263	-0.0283510884323762
BANF1	0.465457731291349	-0.0626208241276039	0.99832044829263	-0.0626208241276039
IER3IP1	0.465560173499237	0.0398256932889055	0.99832044829263	0.0398256932889055
PGAP2	0.465609712545135	0.0332770584557386	0.99832044829263	0.0332770584557386
TESK1	0.465615919732754	0.0519396592338858	0.99832044829263	0.0519396592338858
LMF2	0.465675713043944	0.0470156311194989	0.99832044829263	0.0470156311194989
GSS	0.465687094854339	0.0486859653450245	0.99832044829263	0.0486859653450245
SCNM1	0.465708084350633	-0.0548119330306628	0.99832044829263	-0.0548119330306628
MREG	0.465776572391902	0.052383412623986	0.99832044829263	0.052383412623986
ABTB2	0.465835833137772	0.0302662836863296	0.99832044829263	0.0302662836863296
ATP5MC1	0.465842309295619	-0.0754285423409144	0.99832044829263	-0.0754285423409144
FGF1	0.465969676962683	-0.0175310675814787	0.99832044829263	-0.0175310675814787
DNAJC4	0.466004398694749	0.0537931259527996	0.99832044829263	0.0537931259527996
JPX	0.466042243969325	-0.0120294954113856	0.99832044829263	-0.0120294954113856
SOCS6	0.466426352503744	-0.0289704668752171	0.99832044829263	-0.0289704668752171
ZNF568	0.466447309071264	-0.0291997908484456	0.99832044829263	-0.0291997908484456
AC091180.2	0.466465537420957	-0.061187633665866	0.99832044829263	-0.061187633665866
TMEM192	0.466497551226502	0.0194845271956111	0.99832044829263	0.0194845271956111
SGCE	0.466505895046439	-0.0221933844507713	0.99832044829263	-0.0221933844507713
EXD3	0.466536503737248	0.0327217236824859	0.99832044829263	0.0327217236824859
SMYD5	0.466604607993033	-0.0648730878814591	0.99832044829263	-0.0648730878814591
MED27	0.466832892897757	-0.0190514889716194	0.99832044829263	-0.0190514889716194
YIPF4	0.466846988628346	0.0180558808978196	0.99832044829263	0.0180558808978196
SMAD1	0.46685958942362	-0.0423705250787965	0.99832044829263	-0.0423705250787965
HADHB	0.466888282940976	-0.0253574688755787	0.99832044829263	-0.0253574688755787
GAS7	0.467095452700689	-0.0166599881019375	0.99832044829263	-0.0166599881019375
BOD1	0.46739310194517	-0.0506673200939182	0.99832044829263	-0.0506673200939182
RELN	0.467421220733548	0.0461049960816378	0.99832044829263	0.0461049960816378
GDE1	0.467425875362689	-0.0331644212057307	0.99832044829263	-0.0331644212057307
GDF11	0.46754214476587	-0.06636401581014	0.99832044829263	-0.06636401581014
POLA2	0.467636892289621	0.0322094073970563	0.99832044829263	0.0322094073970563
MTRES1	0.467658193707496	-0.04266898975163	0.99832044829263	-0.04266898975163
DNAJC18	0.467665648769187	0.0256029419121603	0.99832044829263	0.0256029419121603
TSNARE1	0.467698345799745	-0.0290441531954311	0.99832044829263	-0.0290441531954311
OIP5-AS1	0.46779800346058	-0.03009133642946	0.99832044829263	-0.03009133642946
HNRNPF	0.467927797291767	-0.0274329532251672	0.99832044829263	-0.0274329532251672
C19orf81	0.468004478889004	0.0749024388221521	0.99832044829263	0.0749024388221521
MTM1	0.468016524774793	-0.0270081557442434	0.99832044829263	-0.0270081557442434
HMGN4	0.468050533555254	-0.0530909665590543	0.99832044829263	-0.0530909665590543
FAM229B	0.468054724113002	-0.0346306342478111	0.99832044829263	-0.0346306342478111
HMCES	0.468067425715072	0.0358278089958606	0.99832044829263	0.0358278089958606
TARSL2	0.46808887404187	0.0128102067508328	0.99832044829263	0.0128102067508328
ZNF626	0.468219513710291	0.0234051693398551	0.99832044829263	0.0234051693398551
EVA1C	0.468271117400906	-0.0196938615832558	0.99832044829263	-0.0196938615832558
TRPV1	0.468350287241544	0.031972173823055	0.99832044829263	0.031972173823055
OXLD1	0.468449681254993	0.0597664930825518	0.99832044829263	0.0597664930825518
RAPGEF6	0.468488304309968	-0.0155938067922929	0.99832044829263	-0.0155938067922929
PPP2CA	0.468544216849604	0.0290575561293106	0.99832044829263	0.0290575561293106
EMC7	0.468642699227451	0.0472722521295757	0.99832044829263	0.0472722521295757
FAM184B	0.468789748905434	-0.0434184016540924	0.99832044829263	-0.0434184016540924
CDC34	0.468810447031355	0.0477602775594383	0.99832044829263	0.0477602775594383
SOWAHA	0.468907326171593	0.0498146394681288	0.99832044829263	0.0498146394681288
ZNF175	0.469108902468126	-0.0451358653453939	0.99832044829263	-0.0451358653453939
AL356599.1	0.469326312863994	0.035425312431278	0.99832044829263	0.035425312431278
NCK1	0.469482100401835	0.0287105815480534	0.99832044829263	0.0287105815480534
DZANK1	0.46961573893726	0.0422241166363511	0.99832044829263	0.0422241166363511
A1BG	0.469660467387416	0.0617156180863326	0.99832044829263	0.0617156180863326
WDR20	0.469701764097601	-0.015681243997429	0.99832044829263	-0.015681243997429
CA10	0.469738067130514	-0.0826589063264489	0.99832044829263	-0.0826589063264489
MPP3	0.469868097486199	0.0446312184397501	0.99832044829263	0.0446312184397501
MYH15	0.469930703431999	0.0600261342131315	0.99832044829263	0.0600261342131315
SFMBT1	0.470036168329456	0.0273186202931332	0.99832044829263	0.0273186202931332
ADNP2	0.470133844597333	-0.0273248717811537	0.99832044829263	-0.0273248717811537
C11orf71	0.470165532315029	0.051134023057554	0.99832044829263	0.051134023057554
PEG10	0.470521341655535	-0.0615216462263729	0.99832044829263	-0.0615216462263729
CDC25B	0.470783324572007	-0.036486820883274	0.99832044829263	-0.036486820883274
SBNO2	0.47079709878292	-0.0400239180364349	0.99832044829263	-0.0400239180364349
CRNKL1	0.470834935114728	0.0442978609704251	0.99832044829263	0.0442978609704251
RLIM	0.470938044364255	0.0415097273281497	0.99832044829263	0.0415097273281497
TOLLIP	0.470990889402915	0.051301817297406	0.99832044829263	0.051301817297406
HNRNPC	0.471013113511556	-0.0156060044010568	0.99832044829263	-0.0156060044010568
ATP5F1C	0.471075306678938	-0.0355295408599534	0.99832044829263	-0.0355295408599534
SESTD1	0.4713199827806	0.0163197841799105	0.99832044829263	0.0163197841799105
MED12L	0.471344270032654	-0.0852284376287861	0.99832044829263	-0.0852284376287861
ZNF567	0.47134581536278	-0.0404601787502342	0.99832044829263	-0.0404601787502342
FBXL19	0.471402155378221	-0.0475008611825274	0.99832044829263	-0.0475008611825274
LMO4	0.471683507557177	0.0638046491172953	0.99832044829263	0.0638046491172953
CNOT7	0.471868344859995	0.043416087176712	0.99832044829263	0.043416087176712
CARNS1	0.471916456193587	0.0254754076424155	0.99832044829263	0.0254754076424155
AC009522.1	0.471969997316478	-0.0624003642298743	0.99832044829263	-0.0624003642298743
ST3GAL3	0.47221847582324	0.0203859170559102	0.99832044829263	0.0203859170559102
HNRNPA2B1	0.472323206922949	-0.0147056304153073	0.99832044829263	-0.0147056304153073
EIF2AK3	0.472342926150593	0.0302828439740463	0.99832044829263	0.0302828439740463
PTPRN2	0.472509462904792	-0.0669513232071868	0.99832044829263	-0.0669513232071868
VPS52	0.472637115601917	0.0328235788107459	0.99832044829263	0.0328235788107459
DAD1	0.473103236289289	0.0516274065910867	0.99832044829263	0.0516274065910867
RPP14	0.473118271945268	0.048782213066483	0.99832044829263	0.048782213066483
MED19	0.473121737522432	0.0625298521383446	0.99832044829263	0.0625298521383446
COLQ	0.473182112787048	0.0331163516094043	0.99832044829263	0.0331163516094043
MYO18A	0.473245712434471	0.0286060056199142	0.99832044829263	0.0286060056199142
VPS51	0.473505637425459	-0.0232368725146105	0.99832044829263	-0.0232368725146105
PWWP3A	0.473582977879237	0.0178464706034504	0.99832044829263	0.0178464706034504
AC239809.3	0.473694420396125	-0.0413384994884269	0.99832044829263	-0.0413384994884269
AC119673.2	0.473704784096556	-0.0612377619933619	0.99832044829263	-0.0612377619933619
UCHL3	0.473719499907695	0.0350082447279376	0.99832044829263	0.0350082447279376
PRAF2	0.47375274594742	0.0478387729444975	0.99832044829263	0.0478387729444975
TRIM26	0.473879342495917	0.029988654809884	0.99832044829263	0.029988654809884
HNRNPR	0.47388829518148	0.0205405524566169	0.99832044829263	0.0205405524566169
EGLN1	0.4738953332735	0.0210264361866446	0.99832044829263	0.0210264361866446
TM9SF2	0.473995305216988	-0.0266181775080314	0.99832044829263	-0.0266181775080314
CORO7	0.474035880611837	0.021527464408356	0.99832044829263	0.021527464408356
ST6GALNAC3	0.474115921622301	0.0160060624927098	0.99832044829263	0.0160060624927098
ATP10D	0.474149084174701	-0.0333459382619975	0.99832044829263	-0.0333459382619975
AS3MT	0.474331839429001	0.0398680779689225	0.99832044829263	0.0398680779689225
KCNH7	0.474361069025121	0.0787054800668519	0.99832044829263	0.0787054800668519
NUP133	0.474423171450114	0.0200920142645376	0.99832044829263	0.0200920142645376
EIF3F	0.474737577757144	0.0310695064248722	0.99832044829263	0.0310695064248722
ATP5F1D	0.474803594660303	-0.0523342538279127	0.99832044829263	-0.0523342538279127
IFRD2	0.474889556793939	0.0549484955820023	0.99832044829263	0.0549484955820023
AP003100.2	0.475031865171618	0.0379737152989555	0.99832044829263	0.0379737152989555
GDPD1	0.475338972147743	0.0273744644367448	0.99832044829263	0.0273744644367448
JAKMIP3	0.475411534179785	-0.0291366033253184	0.99832044829263	-0.0291366033253184
JMJD1C	0.475462766906711	0.012200129856334	0.99832044829263	0.012200129856334
HIF1A	0.475620377052134	0.0319224005610354	0.99832044829263	0.0319224005610354
AC063944.1	0.475781600641641	-0.0291708923732236	0.99832044829263	-0.0291708923732236
PHF14	0.475834506266594	0.0147891125833395	0.99832044829263	0.0147891125833395
POMZP3	0.475923451269428	0.0476872948875299	0.99832044829263	0.0476872948875299
UST	0.475943926432977	0.0639690882249496	0.99832044829263	0.0639690882249496
MMS19	0.476010508329379	0.0221920708670171	0.99832044829263	0.0221920708670171
SOCS7	0.476044170365275	0.0278505583881556	0.99832044829263	0.0278505583881556
SNRPD2	0.47608708359266	-0.0654564486167315	0.99832044829263	-0.0654564486167315
TMEM41B	0.476308893016058	0.0215683497201118	0.99832044829263	0.0215683497201118
AC007566.1	0.476439212633068	-0.0209288367361722	0.99832044829263	-0.0209288367361722
HLA-A	0.47645542909809	-0.057930078152984	0.99832044829263	-0.057930078152984
FBXL20	0.476526100477066	-0.0177796405233981	0.99832044829263	-0.0177796405233981
ZNF566	0.476577863443106	0.0279422734435237	0.99832044829263	0.0279422734435237
OXA1L	0.476604741054774	0.0334846305835752	0.99832044829263	0.0334846305835752
RIPOR1	0.476882679559258	-0.0686114824104272	0.99832044829263	-0.0686114824104272
RPL38	0.476918824618638	0.0576570035014862	0.99832044829263	0.0576570035014862
RGS3	0.476924340584327	0.0274960919588362	0.99832044829263	0.0274960919588362
FBXO22	0.476960417679521	0.0266615413876526	0.99832044829263	0.0266615413876526
GPT2	0.477036065296403	-0.0276579984250827	0.99832044829263	-0.0276579984250827
FDX1	0.477417116123889	0.0361956319363767	0.99832044829263	0.0361956319363767
SRM	0.477498141572409	0.0434874888024482	0.99832044829263	0.0434874888024482
TRIQK	0.477562977688773	0.0304291086938516	0.99832044829263	0.0304291086938516
MCPH1	0.477623993618326	-0.0179857303710945	0.99832044829263	-0.0179857303710945
RPS27L	0.477668404112673	-0.034380976910365	0.99832044829263	-0.034380976910365
NGLY1	0.477861383966792	0.0248235335734407	0.99832044829263	0.0248235335734407
AC087854.1	0.477928324300961	-0.0449869975085013	0.99832044829263	-0.0449869975085013
ADGRV1	0.477955761741417	-0.0734310784662447	0.99832044829263	-0.0734310784662447
NEK11	0.478228192075143	-0.0308811041191384	0.99832044829263	-0.0308811041191384
RETSAT	0.478323806956944	-0.0464258720706327	0.99832044829263	-0.0464258720706327
ZNF106	0.478352585757124	-0.0329029805939111	0.99832044829263	-0.0329029805939111
PNMA2	0.478479968782533	-0.0797529631594304	0.99832044829263	-0.0797529631594304
FAM98B	0.478541114307623	0.0332929451689782	0.99832044829263	0.0332929451689782
PLCB1	0.478602118597566	0.0639419351118596	0.99832044829263	0.0639419351118596
RAPGEF5	0.478624085411154	-0.011854726730092	0.99832044829263	-0.011854726730092
INTS12	0.47868191557581	-0.0383284866862525	0.99832044829263	-0.0383284866862525
IFNGR1	0.478706332515755	0.0347848105064691	0.99832044829263	0.0347848105064691
GRIP1	0.478905241353297	0.0685814278294495	0.99832044829263	0.0685814278294495
VPS26A	0.47891692244263	0.0247746246410801	0.99832044829263	0.0247746246410801
ELL2	0.478919919727061	-0.0134299800597071	0.99832044829263	-0.0134299800597071
DENND10	0.47894558082284	0.0369055778442299	0.99832044829263	0.0369055778442299
CEP63	0.479000149202052	0.0195749433701836	0.99832044829263	0.0195749433701836
DDX41	0.479003133012924	0.0614496032631673	0.99832044829263	0.0614496032631673
RNF8	0.479163105513566	0.0308111696844559	0.99832044829263	0.0308111696844559
DNAL1	0.479238469561026	-0.0531527925211895	0.99832044829263	-0.0531527925211895
ELOVL6	0.47935626159428	0.0285022798558737	0.99832044829263	0.0285022798558737
ABCA2	0.479356383913796	-0.0129351839461216	0.99832044829263	-0.0129351839461216
LINC02018	0.479394538937628	0.0327517410406141	0.99832044829263	0.0327517410406141
FOXJ2	0.479520200461683	-0.0475715250875113	0.99832044829263	-0.0475715250875113
ZNF573	0.479653260518911	-0.0287025755449278	0.99832044829263	-0.0287025755449278
CFAP298	0.479681544559704	-0.0355509660070404	0.99832044829263	-0.0355509660070404
GAP43	0.479746209636309	-0.0895203008093605	0.99832044829263	-0.0895203008093605
RNF11	0.479762194636027	0.0379555372966464	0.99832044829263	0.0379555372966464
ATG9A	0.479794545258301	0.0357518418481703	0.99832044829263	0.0357518418481703
E4F1	0.479825213790544	0.0521928108689119	0.99832044829263	0.0521928108689119
SLC9B1	0.479912049710344	0.0386791594072123	0.99832044829263	0.0386791594072123
SGCD	0.480069196338686	-0.0250571957117344	0.99832044829263	-0.0250571957117344
EWSR1	0.480073806333943	0.0235194871250409	0.99832044829263	0.0235194871250409
PCSK6	0.480113037472405	-0.0149193246901599	0.99832044829263	-0.0149193246901599
TENT2	0.480131436105619	0.0166251336155781	0.99832044829263	0.0166251336155781
HERC1	0.480228679029929	0.0162991336529782	0.99832044829263	0.0162991336529782
ZFP1	0.480259480087007	0.0478873213174935	0.99832044829263	0.0478873213174935
NGRN	0.480321340400678	0.057727267200767	0.99832044829263	0.057727267200767
AC022075.1	0.480392403932482	-0.0441606112416688	0.99832044829263	-0.0441606112416688
ZBED5-AS1	0.480480643298326	-0.0455923918352052	0.99832044829263	-0.0455923918352052
AL591043.2	0.480580542163154	0.032036522937719	0.99832044829263	0.032036522937719
DHCR24	0.480631090923697	-0.0346120409382644	0.99832044829263	-0.0346120409382644
DDX42	0.480659434821564	0.0312691558580477	0.99832044829263	0.0312691558580477
NSD2	0.480930985063966	0.0193438418354729	0.99832044829263	0.0193438418354729
SCN8A	0.481137543052384	-0.0744857107929857	0.99832044829263	-0.0744857107929857
PRPF40B	0.481177113267037	0.0262396060204463	0.99832044829263	0.0262396060204463
TEX264	0.48120797824247	-0.0510110600799665	0.99832044829263	-0.0510110600799665
ZBTB11	0.481258636531181	-0.0296620331593873	0.99832044829263	-0.0296620331593873
NME7	0.481331952249832	0.0261961743746483	0.99832044829263	0.0261961743746483
AL117335.1	0.481452575707152	0.0602450117790876	0.99832044829263	0.0602450117790876
AL160272.1	0.481657430233325	0.06301755495657	0.99832044829263	0.06301755495657
ARPC2	0.4817078825291	0.0320402722832917	0.99832044829263	0.0320402722832917
COL7A1	0.48187522886884	-0.0517507817716657	0.99832044829263	-0.0517507817716657
MUL1	0.481992205123504	0.0499800520571144	0.99832044829263	0.0499800520571144
AL137009.1	0.482218185508297	0.0529007766176839	0.99832044829263	0.0529007766176839
MCM8	0.482633625362508	0.0388437133607423	0.99832044829263	0.0388437133607423
PTPN13	0.482667053908576	0.0214673359012862	0.99832044829263	0.0214673359012862
KDM5B	0.48272103446938	-0.0319695099074855	0.99832044829263	-0.0319695099074855
CEP70	0.482819060707608	-0.0280735313973218	0.99832044829263	-0.0280735313973218
RFX3-AS1	0.482909196658923	-0.0299673956802642	0.99832044829263	-0.0299673956802642
NDUFA7	0.483035228637716	-0.0618574451337869	0.99832044829263	-0.0618574451337869
NUDT19	0.483050985070233	0.0565626165229827	0.99832044829263	0.0565626165229827
RPTOR	0.483204795204897	-0.0201131317757559	0.99832044829263	-0.0201131317757559
ZNF181	0.483343596474978	0.0453793670774606	0.99832044829263	0.0453793670774606
CALCOCO2	0.48342032745022	0.0198808594990114	0.99832044829263	0.0198808594990114
ATOX1	0.48358408701977	0.0321013337826742	0.99832044829263	0.0321013337826742
COPS8	0.483640123824399	0.047825618895553	0.99832044829263	0.047825618895553
MLEC	0.48369218667553	0.0291552048869751	0.99832044829263	0.0291552048869751
EPHB1	0.483740008160503	-0.0615707059572326	0.99832044829263	-0.0615707059572326
LYPLAL1	0.483786915102466	0.0204314065122223	0.99832044829263	0.0204314065122223
ZBED4	0.483853600554953	-0.0368175202482987	0.99832044829263	-0.0368175202482987
DNAJC15	0.484239312885168	0.0392480370255367	0.99832044829263	0.0392480370255367
FNBP4	0.484312973878436	0.0179176447972544	0.99832044829263	0.0179176447972544
MED17	0.484328914849148	-0.0363443182776134	0.99832044829263	-0.0363443182776134
CHORDC1	0.484409047911086	-0.0351558738078558	0.99832044829263	-0.0351558738078558
AC002558.3	0.484436099535808	0.0441131109288024	0.99832044829263	0.0441131109288024
CPEB3	0.484542959279475	-0.0208256365854487	0.99832044829263	-0.0208256365854487
APEX1	0.48456866308109	0.0589124942183114	0.99832044829263	0.0589124942183114
PIK3IP1-AS1	0.484664323217448	-0.039506546833534	0.99832044829263	-0.039506546833534
SAMM50	0.4847569331728	-0.0459317693954993	0.99832044829263	-0.0459317693954993
PRR7	0.48475866436175	0.0669318812992513	0.99832044829263	0.0669318812992513
GIT2	0.484809709775752	0.0229142715025202	0.99832044829263	0.0229142715025202
WARS2-AS1	0.484853184131058	0.0232856648391469	0.99832044829263	0.0232856648391469
PPP1R13B	0.484901975701819	-0.0381220664855325	0.99832044829263	-0.0381220664855325
MYRF	0.484992297239779	0.0154899980477344	0.99832044829263	0.0154899980477344
FAM178B	0.485025361072874	0.0259876282142566	0.99832044829263	0.0259876282142566
MLYCD	0.485064199046216	-0.0368094474355687	0.99832044829263	-0.0368094474355687
BMP7	0.485229116058104	0.055348471874603	0.99832044829263	0.055348471874603
SMG1	0.48527279294196	0.0191366211048861	0.99832044829263	0.0191366211048861
GCN1	0.485424834098329	0.0299963885288851	0.99832044829263	0.0299963885288851
ZC3H15	0.485426038766124	0.0334063732308703	0.99832044829263	0.0334063732308703
SLCO3A1	0.485569926699547	-0.0114666020515226	0.99832044829263	-0.0114666020515226
PNN	0.485663211450309	0.0225492981847828	0.99832044829263	0.0225492981847828
NSMAF	0.485757448420752	-0.0271049142399883	0.99832044829263	-0.0271049142399883
AC110285.2	0.485792990155194	-0.0352233486535624	0.99832044829263	-0.0352233486535624
SEPTIN1	0.485970001398389	-0.0705522399681141	0.99832044829263	-0.0705522399681141
ELOA-AS1	0.486085203359684	0.0197751868213047	0.99832044829263	0.0197751868213047
ASXL3	0.48611034466634	0.0258500086646107	0.99832044829263	0.0258500086646107
SVIP	0.486192794345822	0.0241185461567455	0.99832044829263	0.0241185461567455
BCL2L2-PABPN1	0.486536342857715	0.0417542695177498	0.99832044829263	0.0417542695177498
SIRT2	0.487591015534052	0.0161395140087658	0.99832044829263	0.0161395140087658
AP002495.1	0.487710068969135	0.0313990300730076	0.99832044829263	0.0313990300730076
SIGMAR1	0.487723944546138	-0.062931224163242	0.99832044829263	-0.062931224163242
CDK7	0.487741950941323	0.046566014598434	0.99832044829263	0.046566014598434
SH2B3	0.487858500305406	-0.0576131466419462	0.99832044829263	-0.0576131466419462
TIAM1	0.488011758605325	-0.018647196681052	0.99832044829263	-0.018647196681052
TTC27	0.48820588542001	-0.0221255790513473	0.99832044829263	-0.0221255790513473
PLAG1	0.488279576292917	-0.0456046398641476	0.99832044829263	-0.0456046398641476
CIAO3	0.488331849334651	0.0415570110736643	0.99832044829263	0.0415570110736643
TPP2	0.488344188967619	0.0212368095565396	0.99832044829263	0.0212368095565396
ALG13	0.488505834583418	-0.0193847782807664	0.99832044829263	-0.0193847782807664
TTC28	0.488656209930414	-0.0174522647443353	0.99832044829263	-0.0174522647443353
HSDL1	0.488717845863557	-0.0424213402961868	0.99832044829263	-0.0424213402961868
SAMD1	0.48879762107891	-0.0326743496181999	0.99832044829263	-0.0326743496181999
RPL10A	0.488977831015316	-0.0545784842261793	0.99832044829263	-0.0545784842261793
FAM217B	0.489042318251111	0.0231237527254575	0.99832044829263	0.0231237527254575
ZNF544	0.489077400954466	0.0268097690385353	0.99832044829263	0.0268097690385353
TMEM161B-AS1	0.489092745862971	-0.0124890743194228	0.99832044829263	-0.0124890743194228
SNRNP35	0.489129827524097	0.0260839992704721	0.99832044829263	0.0260839992704721
AC091946.1	0.489393629596212	-0.0605996263910545	0.99832044829263	-0.0605996263910545
PDE2A	0.489682781928729	-0.0600325623636697	0.99832044829263	-0.0600325623636697
TMIGD3	0.48973256905974	-0.0707301497237114	0.99832044829263	-0.0707301497237114
UNC50	0.489737790154579	-0.0441304421030865	0.99832044829263	-0.0441304421030865
PTPRU	0.489806053022486	-0.0821500195273129	0.99832044829263	-0.0821500195273129
RPUSD4	0.489832545722685	-0.0568302887258106	0.99832044829263	-0.0568302887258106
SEC14L1	0.490071417730055	-0.0227127501069395	0.99832044829263	-0.0227127501069395
GDI2	0.490099297330739	-0.0214425934858972	0.99832044829263	-0.0214425934858972
PSMD1	0.490163228980027	-0.0224695164632102	0.99832044829263	-0.0224695164632102
ELAVL1	0.490195572164837	-0.0209061806557234	0.99832044829263	-0.0209061806557234
SHANK2	0.4903575981258	-0.0552192784765394	0.99832044829263	-0.0552192784765394
ITPKC	0.490370871888307	0.0473233744594948	0.99832044829263	0.0473233744594948
JRKL	0.490453225081469	0.0522639270014157	0.99832044829263	0.0522639270014157
WASHC5	0.490516002971595	-0.0173590119995517	0.99832044829263	-0.0173590119995517
BAALC-AS1	0.490525893683487	-0.053607270216234	0.99832044829263	-0.053607270216234
LINC02821	0.490530410097038	-0.0397122232144107	0.99832044829263	-0.0397122232144107
GMCL1	0.490624448797621	0.0251920770937648	0.99832044829263	0.0251920770937648
ZNF41	0.490660085770905	-0.0380629507420735	0.99832044829263	-0.0380629507420735
ASB16-AS1	0.490744225369099	-0.0513437968745913	0.99832044829263	-0.0513437968745913
EIF3G	0.491027277886204	0.0346122239041377	0.99832044829263	0.0346122239041377
FAM174C	0.491362135774663	-0.046123773891129	0.99832044829263	-0.046123773891129
CALM2	0.491516680352844	-0.0241247979398201	0.99832044829263	-0.0241247979398201
MRPS34	0.491669271385317	0.0613410013987418	0.99832044829263	0.0613410013987418
PIP5K1C	0.491767009369646	0.0419359448081329	0.99832044829263	0.0419359448081329
FEZ2	0.491779140879238	0.0211749618921249	0.99832044829263	0.0211749618921249
ARF6	0.491872930365045	0.0599525773721052	0.99832044829263	0.0599525773721052
MARK1	0.491987171854672	-0.0556642644653173	0.99832044829263	-0.0556642644653173
SLF1	0.492054235115782	-0.0518255370881757	0.99832044829263	-0.0518255370881757
OGT	0.49219339170733	-0.0237966801890957	0.99832044829263	-0.0237966801890957
FAM50A	0.492386224823834	-0.0219184002015333	0.99832044829263	-0.0219184002015333
ARHGAP39	0.492397302159286	-0.0577771310000004	0.99832044829263	-0.0577771310000004
TRIM52	0.492643287915223	-0.0360413803483939	0.99832044829263	-0.0360413803483939
TSPAN31	0.492680218576482	-0.0391168053307501	0.99832044829263	-0.0391168053307501
CRYBG3	0.492873433003887	0.0262399626494211	0.99832044829263	0.0262399626494211
NEURL1B	0.492884463250509	-0.0364656609381334	0.99832044829263	-0.0364656609381334
ASIC2	0.492926837470461	-0.0726556400700217	0.99832044829263	-0.0726556400700217
DDHD1	0.493122695349478	-0.0201621328040292	0.99832044829263	-0.0201621328040292
RALGAPA1	0.49317491771714	0.0125925430769043	0.99832044829263	0.0125925430769043
CLTA	0.493225742292499	-0.0207791142623387	0.99832044829263	-0.0207791142623387
AC107884.1	0.49335070959038	-0.0398209012005821	0.99832044829263	-0.0398209012005821
TAOK2	0.493383114331842	0.0272876204961782	0.99832044829263	0.0272876204961782
AC097376.3	0.493411421488998	-0.0184867771218409	0.99832044829263	-0.0184867771218409
MTHFD1L	0.493513524700974	-0.0542873307042601	0.99832044829263	-0.0542873307042601
AC068587.4	0.49351578327115	0.0773174745988041	0.99832044829263	0.0773174745988041
RHOB	0.493592110342857	0.0311989956331549	0.99832044829263	0.0311989956331549
PPP4R1	0.493602019683593	-0.0211066827537575	0.99832044829263	-0.0211066827537575
CEP83	0.49363114259702	-0.0277767156794928	0.99832044829263	-0.0277767156794928
C10orf90	0.493679998659891	-0.0109386237718669	0.99832044829263	-0.0109386237718669
IER2	0.493792006280964	-0.0524528531240105	0.99832044829263	-0.0524528531240105
LTBP1	0.494026684754511	0.0284138436843157	0.99832044829263	0.0284138436843157
SEC61G	0.494205462901576	-0.0706727357814363	0.99832044829263	-0.0706727357814363
CHTOP	0.494215477759598	0.0221401812840529	0.99832044829263	0.0221401812840529
CDC37	0.494273270808644	0.0329025235859645	0.99832044829263	0.0329025235859645
FAM135A	0.494421819535632	-0.0182965967081436	0.99832044829263	-0.0182965967081436
ERGIC1	0.494492362080541	-0.0221740474931561	0.99832044829263	-0.0221740474931561
DNAH12	0.494520435065741	0.0366785830985328	0.99832044829263	0.0366785830985328
MRPS27	0.494613703471933	0.0228633507000325	0.99832044829263	0.0228633507000325
ZCCHC3	0.494621142293573	0.0458260772926526	0.99832044829263	0.0458260772926526
NOS1	0.494683229608413	0.0418995278790061	0.99832044829263	0.0418995278790061
NEGR1	0.494689878141095	0.0424458942378189	0.99832044829263	0.0424458942378189
AC027130.1	0.494756677720973	0.0662719079146893	0.99832044829263	0.0662719079146893
TRPV5	0.494823770503931	-0.047807265982372	0.99832044829263	-0.047807265982372
TOP2B	0.495003062629493	-0.0200763342814065	0.99832044829263	-0.0200763342814065
PDK3	0.495095673335069	0.0568796228941804	0.99832044829263	0.0568796228941804
PDK2	0.495105619342658	-0.0612718118305365	0.99832044829263	-0.0612718118305365
CYP20A1	0.495118719919619	0.0193849906962048	0.99832044829263	0.0193849906962048
RPS6KA3	0.495327690521627	-0.0363502795048666	0.99832044829263	-0.0363502795048666
MYLIP	0.495375419664666	0.0267271907741779	0.99832044829263	0.0267271907741779
SYT9	0.495379692392238	-0.0182360702636727	0.99832044829263	-0.0182360702636727
ITCH	0.495420227921656	0.0143447350822243	0.99832044829263	0.0143447350822243
DENND11	0.495532325332426	0.0184688248959841	0.99832044829263	0.0184688248959841
CREG1	0.495612147599283	0.0332272613266252	0.99832044829263	0.0332272613266252
RABEP2	0.495859506334691	-0.0345949173950897	0.99832044829263	-0.0345949173950897
SMARCB1	0.495991795982899	0.0243458406138828	0.99832044829263	0.0243458406138828
HDAC6	0.496031088410527	0.0273323073609281	0.99832044829263	0.0273323073609281
EFCAB13	0.496045831911403	-0.0603982732660053	0.99832044829263	-0.0603982732660053
KLRG1	0.496086981589333	-0.0371802647917546	0.99832044829263	-0.0371802647917546
AC005821.1	0.496341806021561	-0.0511917106170966	0.99832044829263	-0.0511917106170966
USP25	0.49667251941395	-0.0275827506735579	0.99832044829263	-0.0275827506735579
SMARCD2	0.496699473751262	0.0302306072911357	0.99832044829263	0.0302306072911357
MCEE	0.496790169822166	-0.0337896260241562	0.99832044829263	-0.0337896260241562
MIA3	0.496894070436281	0.0299882341265304	0.99832044829263	0.0299882341265304
CLIP3	0.496954696279389	-0.04947220830298	0.99832044829263	-0.04947220830298
NTMT1	0.49709679188027	-0.0455983797580142	0.99832044829263	-0.0455983797580142
PRRC2B	0.497274744072337	0.0159149817919755	0.99832044829263	0.0159149817919755
AC079382.2	0.497396256144082	-0.0569888622253575	0.99832044829263	-0.0569888622253575
CCDC149	0.497532386474974	0.0310329476563471	0.99832044829263	0.0310329476563471
ZNF761	0.497738330716463	-0.0436582331476815	0.99832044829263	-0.0436582331476815
ALG1L9P	0.497749843618112	-0.0367042114903269	0.99832044829263	-0.0367042114903269
RAB35	0.498002124784188	-0.0364352482046279	0.99832044829263	-0.0364352482046279
AC092296.2	0.498127212354074	0.0452748200467624	0.99832044829263	0.0452748200467624
AC137494.1	0.498129842643685	-0.0402385997602068	0.99832044829263	-0.0402385997602068
AC006001.2	0.498172809482279	0.0219200304610221	0.99832044829263	0.0219200304610221
SCOC	0.498438543832921	0.0377750139667804	0.99832044829263	0.0377750139667804
FRA10AC1	0.498538670118517	-0.0217618536030467	0.99832044829263	-0.0217618536030467
DLGAP1	0.498673823366266	0.0613646723666751	0.99832044829263	0.0613646723666751
CLOCK	0.498678312142747	0.0220857528409795	0.99832044829263	0.0220857528409795
STK32C	0.498975500039405	0.0411771682963201	0.99832044829263	0.0411771682963201
MIB1	0.499007598889004	0.0201770916059257	0.99832044829263	0.0201770916059257
NIPBL-DT	0.499168741911582	-0.0383225753461029	0.99832044829263	-0.0383225753461029
AC012291.3	0.499265407292314	0.0244146814902902	0.99832044829263	0.0244146814902902
LRRC59	0.499288157417122	0.0470032913044779	0.99832044829263	0.0470032913044779
SRSF6	0.499376303041355	0.0287927333647522	0.99832044829263	0.0287927333647522
SUMO3	0.499552812637892	-0.0689330893493898	0.99832044829263	-0.0689330893493898
CUX1	0.499622571558527	-0.0144351926771743	0.99832044829263	-0.0144351926771743
CCDC137	0.499655327613857	-0.0422446180573018	0.99832044829263	-0.0422446180573018
ORMDL3	0.499754134585319	0.0749104028646962	0.99832044829263	0.0749104028646962
UTP14A	0.499782110016022	-0.0476505267969906	0.99832044829263	-0.0476505267969906
FAM32A	0.500088046430764	-0.0723949736483587	0.99832044829263	-0.0723949736483587
NOP53	0.50015007431196	-0.0460250424559419	0.99832044829263	-0.0460250424559419
BCL2L1	0.500195575344054	-0.0184596496275963	0.99832044829263	-0.0184596496275963
NEDD1	0.50038386859664	0.0369106903946629	0.99832044829263	0.0369106903946629
WDR73	0.50051677469434	-0.0336793638696417	0.99832044829263	-0.0336793638696417
IRF3	0.500523366530325	-0.0311040928132701	0.99832044829263	-0.0311040928132701
PPP2R2C	0.500687919721935	-0.0329974326973079	0.99832044829263	-0.0329974326973079
HSPA12A	0.500713680884382	-0.0237940614125817	0.99832044829263	-0.0237940614125817
RASSF1	0.500799017794678	-0.0412571881478264	0.99832044829263	-0.0412571881478264
ATF4	0.500847757672772	0.032610037182223	0.99832044829263	0.032610037182223
AC114971.1	0.500877608626079	0.0336952075779075	0.99832044829263	0.0336952075779075
FAM219B	0.500878812414008	0.0420193288875617	0.99832044829263	0.0420193288875617
AL732509.1	0.501044084226578	-0.0436658599146572	0.99832044829263	-0.0436658599146572
GNAS	0.501275569471893	0.052563739284203	0.99832044829263	0.052563739284203
SLC25A48	0.50130580278893	-0.0426668417360015	0.99832044829263	-0.0426668417360015
GPAA1	0.50143285264871	0.0405491608878478	0.99832044829263	0.0405491608878478
MED15	0.501651093926099	0.0176946547005789	0.99832044829263	0.0176946547005789
CUL1	0.501787528248285	0.0163356846591269	0.99832044829263	0.0163356846591269
SEPSECS-AS1	0.501928834885405	-0.0558425813940873	0.99832044829263	-0.0558425813940873
KIAA0895	0.50194243671095	-0.0494572573738397	0.99832044829263	-0.0494572573738397
NOL3	0.501979276271919	-0.0336040941067589	0.99832044829263	-0.0336040941067589
TSPYL2	0.50199772167462	-0.0648114583701078	0.99832044829263	-0.0648114583701078
SEPTIN2	0.50220963024977	0.01702784386067	0.99832044829263	0.01702784386067
LRRC28	0.502446129691167	0.0278361253651375	0.99832044829263	0.0278361253651375
USO1	0.502465411486157	0.0204670557426869	0.99832044829263	0.0204670557426869
TDRD3	0.502489691821609	-0.0161515928065523	0.99832044829263	-0.0161515928065523
ARFIP2	0.502682557625778	-0.0527231030225197	0.99832044829263	-0.0527231030225197
DHX33	0.502719429452036	-0.0358429679859787	0.99832044829263	-0.0358429679859787
ZNF496	0.50283262973877	0.0334464412472185	0.99832044829263	0.0334464412472185
PRDX3	0.502928403557928	0.0450318113750902	0.99832044829263	0.0450318113750902
CEP170	0.503083673337647	0.0149521945385984	0.99832044829263	0.0149521945385984
HSPE1	0.503236395341755	-0.0412270101348638	0.99832044829263	-0.0412270101348638
AC138649.1	0.503308295854194	-0.0632267707857117	0.99832044829263	-0.0632267707857117
HEXIM1	0.503533689930375	-0.0639272607920659	0.99832044829263	-0.0639272607920659
SZRD1	0.503596048009119	0.028812151858669	0.99832044829263	0.028812151858669
TMEM141	0.503651542603746	0.0661793513191944	0.99832044829263	0.0661793513191944
RAD51-AS1	0.50408983674944	0.0249617825620172	0.99832044829263	0.0249617825620172
MAST1	0.504344265518444	-0.100622927755106	0.99832044829263	-0.100622927755106
FLII	0.504374975954918	0.0274405645987523	0.99832044829263	0.0274405645987523
TIMM9	0.504433418089446	-0.0372148839920512	0.99832044829263	-0.0372148839920512
CUTC	0.504487858898601	0.0281627820300109	0.99832044829263	0.0281627820300109
CABCOCO1	0.504601604419574	-0.0448945026663243	0.99832044829263	-0.0448945026663243
COG8	0.504633134058849	0.0362313517775286	0.99832044829263	0.0362313517775286
USP12	0.504651575937012	0.0216258042134197	0.99832044829263	0.0216258042134197
C4orf3	0.504696416165152	0.0488812040700551	0.99832044829263	0.0488812040700551
ZFC3H1	0.504702810007328	-0.0214624546142071	0.99832044829263	-0.0214624546142071
CCDC144A	0.504756252427543	0.0238815775014382	0.99832044829263	0.0238815775014382
AC006994.2	0.504809129986205	0.0656384986874958	0.99832044829263	0.0656384986874958
SRBD1	0.504948576275804	0.0248351447823238	0.99832044829263	0.0248351447823238
EXD2	0.504971974334197	0.0364144761624279	0.99832044829263	0.0364144761624279
PHACTR2	0.505044421870392	0.0383611772429189	0.99832044829263	0.0383611772429189
MBD3	0.505057331919564	0.0240678834221212	0.99832044829263	0.0240678834221212
COA1	0.505075801686733	-0.0200123098270234	0.99832044829263	-0.0200123098270234
DAXX	0.505102668305305	0.0461287725811984	0.99832044829263	0.0461287725811984
FAM161A	0.505108609708402	0.028906338790968	0.99832044829263	0.028906338790968
RNFT2	0.505372611481783	0.0429407660645323	0.99832044829263	0.0429407660645323
PAIP2B	0.505405507008581	-0.026082850684484	0.99832044829263	-0.026082850684484
NUAK1	0.505477699381381	0.0206493865294782	0.99832044829263	0.0206493865294782
C18orf54	0.505705807331035	0.0428167198060665	0.99832044829263	0.0428167198060665
MAP4K2	0.505967975924724	-0.0306439900193423	0.99832044829263	-0.0306439900193423
ARL8A	0.506031235157832	0.0235950052522002	0.99832044829263	0.0235950052522002
AC093297.2	0.50637664540331	-0.0593296237344027	0.99832044829263	-0.0593296237344027
SLIRP	0.506664361781095	0.0247150348036309	0.99832044829263	0.0247150348036309
AL133346.1	0.506797893033478	-0.0440027415730947	0.99832044829263	-0.0440027415730947
RTF2	0.506955808830446	0.0279385330575187	0.99832044829263	0.0279385330575187
CRTC3-AS1	0.507111651941087	-0.0524219625973572	0.99832044829263	-0.0524219625973572
SLC26A6	0.507240152298828	0.0566308601540253	0.99832044829263	0.0566308601540253
CSE1L	0.507373259798981	-0.0258860205151985	0.99832044829263	-0.0258860205151985
TTC23L	0.507402240664243	0.0506045697270349	0.99832044829263	0.0506045697270349
DNAH17	0.507686853890713	-0.0330941938235946	0.99832044829263	-0.0330941938235946
PRR14L	0.507776615859371	-0.0236777771810256	0.99832044829263	-0.0236777771810256
ATG10	0.507801415503642	-0.027103948146987	0.99832044829263	-0.027103948146987
ATP13A3	0.50785482819635	-0.0249274951472143	0.99832044829263	-0.0249274951472143
TRIM39	0.507862668045504	0.0511950611549156	0.99832044829263	0.0511950611549156
TMEM164	0.507883592916087	-0.0498600933122946	0.99832044829263	-0.0498600933122946
DLD	0.50806703496678	0.0372769592236864	0.99832044829263	0.0372769592236864
CIC	0.508077087435203	-0.0367676341056616	0.99832044829263	-0.0367676341056616
APBA3	0.508103032014896	-0.0420308581354776	0.99832044829263	-0.0420308581354776
DHX38	0.508108387522295	0.0315632889474615	0.99832044829263	0.0315632889474615
MXD1	0.508125601803622	0.0300553724150595	0.99832044829263	0.0300553724150595
PYGB	0.508169334473135	0.0342881529797999	0.99832044829263	0.0342881529797999
TANGO2	0.508205512086673	-0.0208676577355146	0.99832044829263	-0.0208676577355146
LARS2	0.508344255345834	0.0261996984684338	0.99832044829263	0.0261996984684338
PHACTR1	0.508717075099418	-0.0398206647263874	0.99832044829263	-0.0398206647263874
KCNK12	0.508760847209733	-0.062448950992366	0.99832044829263	-0.062448950992366
POLR2J	0.508940496219507	0.0535699882151372	0.99832044829263	0.0535699882151372
MRPS18C	0.508944480820986	0.0408825390498142	0.99832044829263	0.0408825390498142
TAFA2	0.509012280055124	-0.0678032082780027	0.99832044829263	-0.0678032082780027
TLCD5	0.509087236656052	-0.041546570006893	0.99832044829263	-0.041546570006893
GANAB	0.509111228091694	0.0262901023384602	0.99832044829263	0.0262901023384602
EFHD1	0.509117831259273	0.0162018727334495	0.99832044829263	0.0162018727334495
SLC16A1	0.50927772402686	0.0404520177344937	0.99832044829263	0.0404520177344937
ARG2	0.509342351829452	-0.0829092363936944	0.99832044829263	-0.0829092363936944
STARD9	0.509482425252077	-0.0169124427669118	0.99832044829263	-0.0169124427669118
KIF13B	0.509488101600679	-0.0134608153415447	0.99832044829263	-0.0134608153415447
EFNA1	0.509544611521177	-0.0323742175585886	0.99832044829263	-0.0323742175585886
ANKDD1A	0.50963981278689	-0.0454601070884995	0.99832044829263	-0.0454601070884995
AKAP9	0.509722387479194	0.0175801326244362	0.99832044829263	0.0175801326244362
RAB3GAP1	0.50983440791289	0.0171888270720254	0.99832044829263	0.0171888270720254
CCNE2	0.50987115764903	0.0392048934629428	0.99832044829263	0.0392048934629428
PIK3C2B	0.509872844670366	-0.0181917068675925	0.99832044829263	-0.0181917068675925
INTS6-AS1	0.51011027063938	0.0348993092506708	0.99832044829263	0.0348993092506708
MED25	0.510155065632509	0.0300347088065375	0.99832044829263	0.0300347088065375
CIAO1	0.510222326666617	-0.026240576392539	0.99832044829263	-0.026240576392539
DARS	0.51025208680947	0.0234263297361143	0.99832044829263	0.0234263297361143
SLC25A38	0.510449810368722	-0.0574126881778797	0.99832044829263	-0.0574126881778797
POLA1	0.510464503511151	0.0194955960737361	0.99832044829263	0.0194955960737361
CORO1B	0.510472281453893	-0.0552419210484807	0.99832044829263	-0.0552419210484807
FUBP3	0.510529873673129	0.0162046865585241	0.99832044829263	0.0162046865585241
TIMP2	0.510591987059375	0.0168045887550485	0.99832044829263	0.0168045887550485
TNPO1	0.510778731519382	-0.0184549242661511	0.99832044829263	-0.0184549242661511
USP47	0.511060671862931	-0.0127318999816473	0.99832044829263	-0.0127318999816473
TRIM28	0.511104753923865	0.0333687144167899	0.99832044829263	0.0333687144167899
RASSF4	0.511222589864394	-0.0215395262572524	0.99832044829263	-0.0215395262572524
RTCB	0.511224397004639	-0.0255485938853731	0.99832044829263	-0.0255485938853731
CPEB1-AS1	0.51128639515589	0.0297100243855278	0.99832044829263	0.0297100243855278
PDCD2	0.511437997532477	-0.0456064158597017	0.99832044829263	-0.0456064158597017
QSOX1	0.511638004786103	-0.0321181646037678	0.99832044829263	-0.0321181646037678
INSIG2	0.511652418490819	-0.0408716303871825	0.99832044829263	-0.0408716303871825
AC107375.1	0.511735370730344	-0.0290396732153094	0.99832044829263	-0.0290396732153094
CREBZF	0.511761822471903	-0.0240647371701203	0.99832044829263	-0.0240647371701203
TRPT1	0.511787678525211	0.0547222139201054	0.99832044829263	0.0547222139201054
ZNF830	0.511857412486196	0.0426421571148967	0.99832044829263	0.0426421571148967
RORA-AS1	0.511905902680456	-0.0313370959167353	0.99832044829263	-0.0313370959167353
ABHD3	0.512032299784884	-0.0402404804311596	0.99832044829263	-0.0402404804311596
MORC3	0.512040824889154	0.0230962512760846	0.99832044829263	0.0230962512760846
SPATC1L	0.512129827284544	0.0528907744526565	0.99832044829263	0.0528907744526565
STPG4	0.512145242553527	0.045520140747286	0.99832044829263	0.045520140747286
REST	0.512201055051721	-0.0302583409136372	0.99832044829263	-0.0302583409136372
RPL18A	0.512230674387329	0.0433576025149712	0.99832044829263	0.0433576025149712
CEP85	0.512248653175061	-0.0262187808495974	0.99832044829263	-0.0262187808495974
OFD1	0.512315233823025	-0.0198119491012164	0.99832044829263	-0.0198119491012164
GPATCH8	0.512340982335522	-0.012468734035135	0.99832044829263	-0.012468734035135
NUCB1	0.512355663269595	0.0311299191375437	0.99832044829263	0.0311299191375437
AC079336.4	0.512477132177825	0.086582775997076	0.99832044829263	0.086582775997076
FKRP	0.512762571116202	-0.0365295172033117	0.99832044829263	-0.0365295172033117
JUP	0.512763869029599	0.0290195055855421	0.99832044829263	0.0290195055855421
GMFB	0.513323198911596	-0.0482967207113127	0.99832044829263	-0.0482967207113127
PLIN3	0.513340756526426	-0.028854700547569	0.99832044829263	-0.028854700547569
PUS7	0.513380909676358	0.0274050683928803	0.99832044829263	0.0274050683928803
AC119403.1	0.513469738220847	0.0501170726993225	0.99832044829263	0.0501170726993225
ORC3	0.513591284832702	-0.0248410852553674	0.99832044829263	-0.0248410852553674
FBXO44	0.513736694461482	-0.0590293627044115	0.99832044829263	-0.0590293627044115
TFRC	0.513758856723072	-0.0527537189767554	0.99832044829263	-0.0527537189767554
PPID	0.514082570414856	0.0420057069570157	0.99832044829263	0.0420057069570157
ADGRL2	0.514236729965393	0.069589249203357	0.99832044829263	0.069589249203357
FBXO31	0.514238245807687	-0.0321842744680219	0.99832044829263	-0.0321842744680219
NIPAL4	0.514263574604719	-0.0511555151162546	0.99832044829263	-0.0511555151162546
LZTFL1	0.514320394069631	0.0415507439159071	0.99832044829263	0.0415507439159071
CCDC3	0.514377148692255	-0.0426087001868838	0.99832044829263	-0.0426087001868838
STK24	0.514396630313812	-0.0407697033404865	0.99832044829263	-0.0407697033404865
MIGA1	0.514404006242493	-0.0129722977676427	0.99832044829263	-0.0129722977676427
EIF4G1	0.514508240130416	-0.0294592980754938	0.99832044829263	-0.0294592980754938
METTL2A	0.514664546539381	0.0544809882686623	0.99832044829263	0.0544809882686623
SOCS5	0.51466490688615	-0.0488387967533619	0.99832044829263	-0.0488387967533619
AC092958.1	0.51477888997598	-0.0217339151045507	0.99832044829263	-0.0217339151045507
CCDC93	0.514787882075787	0.0216470120334507	0.99832044829263	0.0216470120334507
ZYG11B	0.514875875582196	0.0231226773450412	0.99832044829263	0.0231226773450412
FXR2	0.514902248453438	0.034635784337381	0.99832044829263	0.034635784337381
BAZ1B	0.514908450853154	-0.020755594136051	0.99832044829263	-0.020755594136051
XXYLT1	0.514909225234061	-0.0332762418638807	0.99832044829263	-0.0332762418638807
MRPL52	0.514948256533129	-0.0467450417537883	0.99832044829263	-0.0467450417537883
PKDCC	0.514972650991183	-0.0750374295261517	0.99832044829263	-0.0750374295261517
ZFYVE16	0.514977581545412	0.0178898655353645	0.99832044829263	0.0178898655353645
PDSS1	0.515114480895058	0.0478985343495894	0.99832044829263	0.0478985343495894
ABCD3	0.515213785648989	-0.0206288374371077	0.99832044829263	-0.0206288374371077
KCTD18	0.515216647660087	0.0404448232963429	0.99832044829263	0.0404448232963429
EEF1AKMT1	0.515263812435479	0.0355837362906045	0.99832044829263	0.0355837362906045
PIGQ	0.515294922629259	-0.0523378831414597	0.99832044829263	-0.0523378831414597
AUXG01000058.1	0.515314801816078	-0.0718572793239735	0.99832044829263	-0.0718572793239735
RNF168	0.515340721690825	-0.0221624813946977	0.99832044829263	-0.0221624813946977
MEGF10	0.515490927952327	-0.0138796168226542	0.99832044829263	-0.0138796168226542
FNIP2	0.515684370385306	-0.0124971781880036	0.99832044829263	-0.0124971781880036
SYPL1	0.515705706300678	0.0313669547673347	0.99832044829263	0.0313669547673347
ZNF512B	0.51572918186901	0.0429015962414107	0.99832044829263	0.0429015962414107
CARM1	0.515766066970491	-0.027451685912533	0.99832044829263	-0.027451685912533
SPNS2	0.515812146540339	0.0166597720897566	0.99832044829263	0.0166597720897566
SNX25	0.515846584514401	-0.0288178308011982	0.99832044829263	-0.0288178308011982
MSTO1	0.516187157372344	-0.0550925258496009	0.99832044829263	-0.0550925258496009
TBCD	0.516452283767406	-0.0221030232047152	0.99832044829263	-0.0221030232047152
EPHB2	0.516494390309451	0.0285440766383041	0.99832044829263	0.0285440766383041
CMTR1	0.516497360890842	-0.0334985710736596	0.99832044829263	-0.0334985710736596
PRKCQ-AS1	0.51658863062495	0.0303914396841947	0.99832044829263	0.0303914396841947
TOX	0.516626646461523	-0.0699642402495604	0.99832044829263	-0.0699642402495604
KIAA0319L	0.516628079224912	0.0172286684894592	0.99832044829263	0.0172286684894592
EXOC3	0.516642651349674	0.02834353808243	0.99832044829263	0.02834353808243
MAP6D1	0.51665078916575	-0.0266593125563493	0.99832044829263	-0.0266593125563493
POLR1D	0.516807153140346	0.0342160394365932	0.99832044829263	0.0342160394365932
ZFP30	0.516926290846158	0.0242204944159692	0.99832044829263	0.0242204944159692
DIS3L	0.516950426365753	0.0234370118216617	0.99832044829263	0.0234370118216617
FRMD5	0.517032735107218	-0.00811176365683218	0.99832044829263	-0.00811176365683218
C12orf29	0.517040495407039	0.0595780333051639	0.99832044829263	0.0595780333051639
INTS7	0.517064945325784	-0.0248388927374276	0.99832044829263	-0.0248388927374276
ABR	0.517172004294266	0.0571566040205847	0.99832044829263	0.0571566040205847
GULP1	0.517511936685635	-0.0990876327989779	0.99832044829263	-0.0990876327989779
RMI1	0.517611743431292	0.0428526352572861	0.99832044829263	0.0428526352572861
UBE2J2	0.517769591490427	0.0245425933120019	0.99832044829263	0.0245425933120019
GLCE	0.517799779333517	0.0206727335693923	0.99832044829263	0.0206727335693923
ITGAV	0.517850506083314	0.0269941365262048	0.99832044829263	0.0269941365262048
ZSWIM3	0.517915516059888	0.045643084005116	0.99832044829263	0.045643084005116
AL135784.1	0.518154740732405	0.051923662545387	0.99832044829263	0.051923662545387
RUFY2	0.518254242811583	0.0178918218880702	0.99832044829263	0.0178918218880702
PAPPA2	0.51827080417599	0.0440667393008393	0.99832044829263	0.0440667393008393
COX18	0.518284571803793	0.0408216517455075	0.99832044829263	0.0408216517455075
AL022322.1	0.518357524938226	-0.0604138591999249	0.99832044829263	-0.0604138591999249
SLC38A10	0.518382067559398	0.0238417095954331	0.99832044829263	0.0238417095954331
DAZAP2	0.518398594627887	0.0295512865673644	0.99832044829263	0.0295512865673644
CLIP4	0.518421070526858	0.0152040858460445	0.99832044829263	0.0152040858460445
ZNF785	0.518560547064899	-0.0296809744580284	0.99832044829263	-0.0296809744580284
CLCN7	0.518568104578548	-0.0254237023507143	0.99832044829263	-0.0254237023507143
RNF185	0.518575956906944	-0.0240015900170768	0.99832044829263	-0.0240015900170768
PCGF3	0.518677905003238	0.0271229354908464	0.99832044829263	0.0271229354908464
HDHD5	0.518716761326125	0.0314211643153255	0.99832044829263	0.0314211643153255
ZNF8	0.518756904299658	-0.0394432795311419	0.99832044829263	-0.0394432795311419
RAB6B	0.518971079399893	-0.0705815889130084	0.99832044829263	-0.0705815889130084
ZNF717	0.519094298968697	-0.0204424256630686	0.99832044829263	-0.0204424256630686
CCDC85C	0.519151766028553	-0.0361096895109388	0.99832044829263	-0.0361096895109388
FEM1A	0.519170003868363	0.0312490092954275	0.99832044829263	0.0312490092954275
SS18	0.51931810232762	0.018882159553487	0.99832044829263	0.018882159553487
LAMA2	0.519338126858742	0.0233904788260734	0.99832044829263	0.0233904788260734
ENOSF1	0.519364761254194	0.0219294124205708	0.99832044829263	0.0219294124205708
COMMD2	0.519438774733561	0.0357070840933735	0.99832044829263	0.0357070840933735
ZRANB2	0.519483517415288	0.0180554694020546	0.99832044829263	0.0180554694020546
HEPH	0.519513789713366	0.0340523155147683	0.99832044829263	0.0340523155147683
AC073475.1	0.5196166558777	0.0258211673633317	0.99832044829263	0.0258211673633317
NHEJ1	0.519692278926689	-0.0427494992652816	0.99832044829263	-0.0427494992652816
NDEL1	0.520245295826563	-0.0295075776271521	0.99832044829263	-0.0295075776271521
AC132192.2	0.520281519407164	0.05784426348826	0.99832044829263	0.05784426348826
ATP6V1E2	0.520387746878434	0.0485442364913534	0.99832044829263	0.0485442364913534
MDH2	0.520399785716026	0.0590065207619362	0.99832044829263	0.0590065207619362
WDR18	0.520483970524126	-0.0427213581293897	0.99832044829263	-0.0427213581293897
CDR2	0.520535351209793	-0.0314951614138992	0.99832044829263	-0.0314951614138992
WDYHV1	0.520589328215822	-0.0318456632340133	0.99832044829263	-0.0318456632340133
MORF4L2	0.520604085578919	0.0296029505378018	0.99832044829263	0.0296029505378018
MARK3	0.520683071861965	0.013404535018721	0.99832044829263	0.013404535018721
HHATL	0.520737024464655	0.0205821064574424	0.99832044829263	0.0205821064574424
CDK19	0.520768513779646	0.0109916275224274	0.99832044829263	0.0109916275224274
CAPN2	0.520850100948534	0.0251716879718238	0.99832044829263	0.0251716879718238
TCEAL7	0.520873994683411	0.041541693329045	0.99832044829263	0.041541693329045
ZBTB16	0.521106497378975	-0.0169104550655635	0.99832044829263	-0.0169104550655635
RAB11FIP3	0.521112814387398	0.0178714552003345	0.99832044829263	0.0178714552003345
MSANTD3	0.521374259518069	-0.0326667487454494	0.99832044829263	-0.0326667487454494
HMGB2	0.521477754986085	-0.0517333607740056	0.99832044829263	-0.0517333607740056
CSNK1G2	0.521623632957517	-0.0297312566402457	0.99832044829263	-0.0297312566402457
ARMC6	0.521679273061473	0.0429856134562125	0.99832044829263	0.0429856134562125
CMTM6	0.521706755207299	0.0519312808504559	0.99832044829263	0.0519312808504559
ARIH2	0.521707422599989	-0.0142291944783884	0.99832044829263	-0.0142291944783884
BACE1	0.521796163274951	0.0192289930771651	0.99832044829263	0.0192289930771651
AC012363.1	0.521951489886262	0.0421111594132163	0.99832044829263	0.0421111594132163
PSEN1	0.522177867354369	0.0140613498257114	0.99832044829263	0.0140613498257114
SMAD5	0.522578711792377	0.0183294483324625	0.99832044829263	0.0183294483324625
IPP	0.522644190785165	-0.0332717607830014	0.99832044829263	-0.0332717607830014
RBP1	0.522722557951976	0.0438497423536195	0.99832044829263	0.0438497423536195
EIF2AK4	0.522906082364279	-0.020900652100679	0.99832044829263	-0.020900652100679
LANCL2	0.523101248589059	0.0198285922412023	0.99832044829263	0.0198285922412023
CDC42EP2	0.523108185010675	0.0423922135945489	0.99832044829263	0.0423922135945489
HIKESHI	0.523117917170997	0.024895018011469	0.99832044829263	0.024895018011469
PRELID3A	0.523176104361578	0.0358628594854418	0.99832044829263	0.0358628594854418
MACROD1	0.523337076778741	0.0320050680772198	0.99832044829263	0.0320050680772198
ORC4	0.523426019249082	0.0244247884772191	0.99832044829263	0.0244247884772191
MYBBP1A	0.523582915046241	-0.0521511433975268	0.99832044829263	-0.0521511433975268
CBX1	0.52371149312901	0.0280858398096819	0.99832044829263	0.0280858398096819
HSPA2	0.523727743995149	-0.0319626030621511	0.99832044829263	-0.0319626030621511
LTO1	0.523853891708384	-0.0247931550823379	0.99832044829263	-0.0247931550823379
HOOK2	0.524047866599846	-0.0334042281392715	0.99832044829263	-0.0334042281392715
IPO9	0.524126956835117	-0.0194023661997659	0.99832044829263	-0.0194023661997659
UTP3	0.524299084738067	-0.0451266960115635	0.99832044829263	-0.0451266960115635
MED10	0.524338617203192	-0.0442285572333645	0.99832044829263	-0.0442285572333645
TAF4B	0.52448838916417	-0.0439110920011832	0.99832044829263	-0.0439110920011832
PHC1	0.524602889210913	0.0374087508738786	0.99832044829263	0.0374087508738786
NPL	0.524642687076535	-0.0408717864605888	0.99832044829263	-0.0408717864605888
RPS7	0.524693362380348	0.0428252861083103	0.99832044829263	0.0428252861083103
MFSD13A	0.524753362486929	-0.0439347510353112	0.99832044829263	-0.0439347510353112
PON2	0.524763654391551	0.0193427019004696	0.99832044829263	0.0193427019004696
STX5	0.524797098643436	0.0229185164879847	0.99832044829263	0.0229185164879847
FA2H	0.524900535305221	0.0133267938604351	0.99832044829263	0.0133267938604351
DDX51	0.524952404252434	0.0330404725060188	0.99832044829263	0.0330404725060188
AC004083.1	0.525148430196975	0.0323696067426738	0.99832044829263	0.0323696067426738
CA11	0.525412437520953	-0.0737832501278346	0.99832044829263	-0.0737832501278346
LINC00882	0.525418968862644	0.0173580131093604	0.99832044829263	0.0173580131093604
FAM182A	0.525533163657004	-0.0594026899026222	0.99832044829263	-0.0594026899026222
CEP126	0.525558323172746	0.0343068878934305	0.99832044829263	0.0343068878934305
MADCAM1	0.525617915242197	0.037365227182408	0.99832044829263	0.037365227182408
ARMC2	0.525749782336018	0.046241630872985	0.99832044829263	0.046241630872985
GOLGA4	0.525788286731725	-0.0172317393450705	0.99832044829263	-0.0172317393450705
AC005786.3	0.525863793983782	-0.0526563660477724	0.99832044829263	-0.0526563660477724
BNIP2	0.525868937320175	0.0265166101100673	0.99832044829263	0.0265166101100673
ZER1	0.526113497568428	0.0159691825214849	0.99832044829263	0.0159691825214849
ZNF286A	0.52652663800114	0.0266921396356264	0.99832044829263	0.0266921396356264
RORA	0.526660867804229	0.0342296347609347	0.99832044829263	0.0342296347609347
AC091912.3	0.526678254969069	0.0354355327177548	0.99832044829263	0.0354355327177548
RIMKLB	0.526701467158404	0.0513184134306595	0.99832044829263	0.0513184134306595
PDE1A	0.526711909767388	0.0328918605260587	0.99832044829263	0.0328918605260587
MADD	0.526762136283928	0.0266937272958047	0.99832044829263	0.0266937272958047
RAP1GAP	0.52690617087167	-0.0422670378629603	0.99832044829263	-0.0422670378629603
ALG6	0.526917778521882	-0.0365366444041273	0.99832044829263	-0.0365366444041273
C20orf194	0.527035004250085	-0.013380615105536	0.99832044829263	-0.013380615105536
UBE2D4	0.527064601282278	0.0441965227965719	0.99832044829263	0.0441965227965719
AL691432.2	0.527076985027818	0.0493822174159065	0.99832044829263	0.0493822174159065
TMEM106A	0.5273055368808	-0.0383242317502038	0.99832044829263	-0.0383242317502038
SYT7	0.527343632189538	-0.0747597678886759	0.99832044829263	-0.0747597678886759
PTPRG	0.527534809496964	-0.0582262335491865	0.99832044829263	-0.0582262335491865
TMEM9B	0.527583875766192	0.0383775970815905	0.99832044829263	0.0383775970815905
EIF3H	0.527594620379586	-0.0193825997738953	0.99832044829263	-0.0193825997738953
TTC33	0.527870460941949	-0.0251855190562555	0.99832044829263	-0.0251855190562555
NHP2	0.527873199911944	0.0554031176619886	0.99832044829263	0.0554031176619886
PARG	0.528164165787703	-0.0232851180823106	0.99832044829263	-0.0232851180823106
AC092115.3	0.52828073197802	0.0471898396746071	0.99832044829263	0.0471898396746071
AP002381.2	0.528358754996988	0.0324744940133368	0.99832044829263	0.0324744940133368
ST13	0.528399644341319	0.0277835862862666	0.99832044829263	0.0277835862862666
NAA16	0.528658457247271	-0.019335301198311	0.99832044829263	-0.019335301198311
LONP2	0.528757435494566	-0.0132076432656252	0.99832044829263	-0.0132076432656252
AL139317.5	0.528810832185034	0.0243164367858902	0.99832044829263	0.0243164367858902
TRMT12	0.528830166441246	0.0500482252887694	0.99832044829263	0.0500482252887694
SMYD4	0.528916075769612	0.0325180090630667	0.99832044829263	0.0325180090630667
LINGO2	0.529019589199565	0.0586670922597446	0.99832044829263	0.0586670922597446
LINC02241	0.529080871911388	-0.0498123632889657	0.99832044829263	-0.0498123632889657
WWP1	0.5291813729553	0.0149622550298071	0.99832044829263	0.0149622550298071
ACAA1	0.529190195357328	0.0322900876550328	0.99832044829263	0.0322900876550328
AC100801.1	0.529218975965341	0.046089310026988	0.99832044829263	0.046089310026988
CD164	0.529243085242113	0.0224465694050326	0.99832044829263	0.0224465694050326
MFAP3L	0.529327867599544	0.0187652599499661	0.99832044829263	0.0187652599499661
LRCH3	0.529378925741191	0.0116132770686289	0.99832044829263	0.0116132770686289
MTRF1L	0.529389234625644	-0.0414241852062401	0.99832044829263	-0.0414241852062401
OR2L3	0.529457495918489	0.0582711943213618	0.99832044829263	0.0582711943213618
CSRNP3	0.52950713931536	0.0461603640034241	0.99832044829263	0.0461603640034241
ACSF3	0.529632506669573	0.032146911146919	0.99832044829263	0.032146911146919
PLCG1	0.529786067429659	0.0231812733720982	0.99832044829263	0.0231812733720982
ZNF778	0.529807960309373	-0.0419125277572556	0.99832044829263	-0.0419125277572556
CRIPT	0.529830720895721	0.0339075516683182	0.99832044829263	0.0339075516683182
GRB2	0.529860776950198	-0.0190947719529415	0.99832044829263	-0.0190947719529415
UPF3A	0.529930016039971	-0.0168516514088932	0.99832044829263	-0.0168516514088932
FAM53C	0.530024072757845	-0.0267847586877428	0.99832044829263	-0.0267847586877428
DYNLT1	0.530040091713995	-0.0498337562738819	0.99832044829263	-0.0498337562738819
OSBPL6	0.530129469044751	0.067667581196005	0.99832044829263	0.067667581196005
SCG5	0.530131847232912	-0.0372445393334646	0.99832044829263	-0.0372445393334646
ANTKMT	0.53022384247268	-0.047803463343387	0.99832044829263	-0.047803463343387
BRI3BP	0.530471194038384	-0.0290105529940446	0.99832044829263	-0.0290105529940446
USP49	0.530588702453453	-0.0211587090915401	0.99832044829263	-0.0211587090915401
INPP5E	0.530617789282162	-0.0441669565670975	0.99832044829263	-0.0441669565670975
GRK6	0.530683585400553	0.0454427863071221	0.99832044829263	0.0454427863071221
GMEB2	0.531068971893288	0.0402112008953331	0.99832044829263	0.0402112008953331
NT5C3B	0.531080379756711	-0.0446931071236039	0.99832044829263	-0.0446931071236039
SAP30L-AS1	0.531085393512464	0.0383072935598343	0.99832044829263	0.0383072935598343
AKNAD1	0.531163312940106	-0.033181531700698	0.99832044829263	-0.033181531700698
NRP2	0.531190772123754	-0.0486496056386039	0.99832044829263	-0.0486496056386039
CLYBL	0.531335192271067	0.0398991994044641	0.99832044829263	0.0398991994044641
TSFM	0.531351013431286	0.048255041374551	0.99832044829263	0.048255041374551
CNTROB	0.531357356254766	0.0437265450725507	0.99832044829263	0.0437265450725507
PRPSAP1	0.531515356185423	0.025270646777217	0.99832044829263	0.025270646777217
AVEN	0.531632385877495	-0.0312628431098874	0.99832044829263	-0.0312628431098874
NAMPT	0.531697664947758	0.0369345511790154	0.99832044829263	0.0369345511790154
RNF149	0.531710957382821	0.017604348766062	0.99832044829263	0.017604348766062
G6PC3	0.531749942792873	0.0471812491273141	0.99832044829263	0.0471812491273141
STRN4	0.531824164672713	-0.0310458374175477	0.99832044829263	-0.0310458374175477
SYAP1	0.531937667285439	0.0241091508008272	0.99832044829263	0.0241091508008272
RUSC2	0.532053011408409	0.0170097563683158	0.99832044829263	0.0170097563683158
HACD2	0.532191377180158	0.018000131428551	0.99832044829263	0.018000131428551
ZBTB20-AS5	0.532210169604118	0.0707419890619406	0.99832044829263	0.0707419890619406
ALDH6A1	0.532291321432792	0.0248756935456278	0.99832044829263	0.0248756935456278
EFL1	0.532332159175183	-0.0289421586520477	0.99832044829263	-0.0289421586520477
IFT122	0.532349895192587	-0.030793163322686	0.99832044829263	-0.030793163322686
COPB2	0.532432433276459	-0.0241490287878679	0.99832044829263	-0.0241490287878679
ZNF202	0.532548838964405	-0.0453068998839232	0.99832044829263	-0.0453068998839232
NDUFV2	0.532552557227694	-0.0331352562834387	0.99832044829263	-0.0331352562834387
AL162253.2	0.532795554210825	-0.0200136885777063	0.99832044829263	-0.0200136885777063
ECE1	0.532953573485058	-0.018174674405178	0.99832044829263	-0.018174674405178
ZNF827	0.533064459593282	0.0165799865078605	0.99832044829263	0.0165799865078605
XRCC4	0.533136225424183	-0.0236232358674115	0.99832044829263	-0.0236232358674115
PREX2	0.533183131693071	0.0220193835573071	0.99832044829263	0.0220193835573071
TNFRSF6B	0.533213661608292	0.056513827600351	0.99832044829263	0.056513827600351
MBNL2	0.533262840312493	0.00874645434794882	0.99832044829263	0.00874645434794882
EFCAB2	0.533295029661678	-0.0147302849653888	0.99832044829263	-0.0147302849653888
EIF3A	0.533517955395079	-0.022221917180038	0.99832044829263	-0.022221917180038
COQ5	0.533540614692074	0.0276667053993745	0.99832044829263	0.0276667053993745
ATG16L1	0.533569046127583	-0.0298587149852752	0.99832044829263	-0.0298587149852752
CPLX2	0.533591294935573	-0.0692656471074425	0.99832044829263	-0.0692656471074425
CTNNA3	0.533592994386717	0.0099720062916842	0.99832044829263	0.0099720062916842
TAF1D	0.533729245964395	-0.0176712877309326	0.99832044829263	-0.0176712877309326
CTTN	0.533966722915496	0.013690205170352	0.99832044829263	0.013690205170352
ERI1	0.534195086647255	0.0282835202995197	0.99832044829263	0.0282835202995197
MOSMO	0.534210391492041	0.0173798843915264	0.99832044829263	0.0173798843915264
MARS	0.534275808518461	-0.0254103499574337	0.99832044829263	-0.0254103499574337
NELFCD	0.534291208030354	-0.0281435862824471	0.99832044829263	-0.0281435862824471
PRIM1	0.534332952160412	-0.0343564716964444	0.99832044829263	-0.0343564716964444
FTX	0.53449021498706	-0.0101857031757019	0.99832044829263	-0.0101857031757019
ENO1	0.534608414929197	-0.0461004223871308	0.99832044829263	-0.0461004223871308
CAMK2N1	0.534738318681593	-0.0216008367728587	0.99832044829263	-0.0216008367728587
AGT	0.53485245493612	-0.0530428941121725	0.99832044829263	-0.0530428941121725
RNF169	0.535038337857783	-0.0168973415677728	0.99832044829263	-0.0168973415677728
TCP11L2	0.535063127217291	0.0195504454955356	0.99832044829263	0.0195504454955356
ERP29	0.535110391197876	-0.048143346842361	0.99832044829263	-0.048143346842361
ZNF621	0.535186241444233	0.0253867677428206	0.99832044829263	0.0253867677428206
SHPRH	0.535269546627206	-0.0120532048560976	0.99832044829263	-0.0120532048560976
CIAO2A	0.535554171803444	0.0270451548320534	0.99832044829263	0.0270451548320534
MAGT1	0.535639367291945	-0.0253002398522378	0.99832044829263	-0.0253002398522378
NPEPL1	0.535652008411775	-0.0402610497926883	0.99832044829263	-0.0402610497926883
PURB	0.535811080865345	-0.0217720582996772	0.99832044829263	-0.0217720582996772
SERHL2	0.536289080991439	-0.0417506395199228	0.99832044829263	-0.0417506395199228
GALNTL6	0.536412406602596	0.0621605883255979	0.99832044829263	0.0621605883255979
HPCAL1	0.536551397536396	-0.0445050651370124	0.99832044829263	-0.0445050651370124
MCM9	0.536604579687232	-0.0248556593561967	0.99832044829263	-0.0248556593561967
TOM1L2	0.536661491511897	0.0121819903307977	0.99832044829263	0.0121819903307977
EIF3B	0.536782204705153	0.0225370678853968	0.99832044829263	0.0225370678853968
MAPK8	0.53679284767318	-0.016335635463243	0.99832044829263	-0.016335635463243
CTSD	0.536902662874193	0.0274275268365406	0.99832044829263	0.0274275268365406
ZNF276	0.536909854961329	-0.0216024287677982	0.99832044829263	-0.0216024287677982
RCBTB2	0.537034234622543	-0.043286734443484	0.99832044829263	-0.043286734443484
SF3A3	0.537157612769782	0.0334061679808562	0.99832044829263	0.0334061679808562
GSTO1	0.537165902929985	-0.0373336891978913	0.99832044829263	-0.0373336891978913
CLIC4	0.537467301048951	0.0150769493050835	0.99832044829263	0.0150769493050835
SOS2	0.537622843737944	0.0138296954215502	0.99832044829263	0.0138296954215502
ERC1	0.537727087490848	0.0160741060585761	0.99832044829263	0.0160741060585761
FAM131A	0.537773890755909	-0.0353364215831647	0.99832044829263	-0.0353364215831647
LRRC7	0.537859503779676	0.017891901541581	0.99832044829263	0.017891901541581
METTL8	0.537883810649849	-0.0235371289824353	0.99832044829263	-0.0235371289824353
LARP7	0.537912483330809	0.021253813424879	0.99832044829263	0.021253813424879
AC091978.1	0.537932740087492	-0.0348346570463515	0.99832044829263	-0.0348346570463515
POLR2E	0.537970022101366	0.0402505894409144	0.99832044829263	0.0402505894409144
ADGRE5	0.538070394622	-0.037237412517021	0.99832044829263	-0.037237412517021
FAM185A	0.538079747944198	-0.0267325324908848	0.99832044829263	-0.0267325324908848
BRD9	0.538091023114562	0.0249424788671643	0.99832044829263	0.0249424788671643
ZNF148	0.538214566640811	0.0140524667787505	0.99832044829263	0.0140524667787505
CACNG8	0.538238941541243	-0.0676476339627611	0.99832044829263	-0.0676476339627611
ZBTB5	0.538362049929066	0.0294587683365206	0.99832044829263	0.0294587683365206
MFAP3	0.538458616574314	0.0343901179029985	0.99832044829263	0.0343901179029985
MLLT10	0.538591294901983	-0.0124145196792318	0.99832044829263	-0.0124145196792318
MAP3K13	0.538646608709474	-0.0295653360388255	0.99832044829263	-0.0295653360388255
SHC2	0.538660727819672	0.0409652814464583	0.99832044829263	0.0409652814464583
TGFB3	0.538912944587892	0.042882887837565	0.99832044829263	0.042882887837565
TMX3	0.539199783710618	0.026186472273002	0.99832044829263	0.026186472273002
RGS11	0.539288735074437	0.0439639759291827	0.99832044829263	0.0439639759291827
TMEM132B	0.539646826255835	-0.0560371348446246	0.99832044829263	-0.0560371348446246
UQCRC2	0.539760378908356	0.0254392289481269	0.99832044829263	0.0254392289481269
TAS2R4	0.539951954031197	-0.045960981577022	0.99832044829263	-0.045960981577022
SLC35F5	0.539962399972096	-0.0183927055880088	0.99832044829263	-0.0183927055880088
SEC24B	0.540185658248712	-0.0163017143387737	0.99832044829263	-0.0163017143387737
NDN	0.540209455559341	-0.0693683474880415	0.99832044829263	-0.0693683474880415
SEPTIN7-AS1	0.540326838787788	0.0307202053929041	0.99832044829263	0.0307202053929041
LUC7L	0.540380294142913	-0.0219825572944762	0.99832044829263	-0.0219825572944762
FAM117B	0.540547454635235	-0.0263407579337822	0.99832044829263	-0.0263407579337822
RPLP1	0.540623056862495	0.0356475468395186	0.99832044829263	0.0356475468395186
USP30	0.540711801027216	0.0204102888924337	0.99832044829263	0.0204102888924337
POC1B-AS1	0.540930274046575	-0.0257686756169443	0.99832044829263	-0.0257686756169443
BDH1	0.541206620075352	-0.0390843406828001	0.99832044829263	-0.0390843406828001
CDK5RAP2	0.541232820037726	0.016665410197195	0.99832044829263	0.016665410197195
AGAP5	0.54134042719432	-0.0420636119765175	0.99832044829263	-0.0420636119765175
IFIT2	0.541612359979854	0.0413483481708348	0.99832044829263	0.0413483481708348
ZC3HC1	0.541672183543072	0.0285825081159308	0.99832044829263	0.0285825081159308
TRMT44	0.541712886674378	0.0288530663490717	0.99832044829263	0.0288530663490717
IFNAR2	0.541864471570592	-0.0210462215872363	0.99832044829263	-0.0210462215872363
OTULIN	0.542096878756348	0.0276063467885518	0.99832044829263	0.0276063467885518
NDUFS4	0.542111702415309	0.0213818804254137	0.99832044829263	0.0213818804254137
AL360091.3	0.542243849540471	0.0385448314698228	0.99832044829263	0.0385448314698228
TTI1	0.54224966077003	-0.0245920809946389	0.99832044829263	-0.0245920809946389
SSH3	0.542503084260475	-0.0355327609703551	0.99832044829263	-0.0355327609703551
ASNSD1	0.542530144659922	-0.0535425111844828	0.99832044829263	-0.0535425111844828
MTHFD2L	0.542593758665232	-0.0185077050943511	0.99832044829263	-0.0185077050943511
C6orf62	0.542671029704597	-0.0244926588493066	0.99832044829263	-0.0244926588493066
CEP192	0.542839864962256	0.0164578259095836	0.99832044829263	0.0164578259095836
TMEM101	0.542919014998469	0.0459378673806004	0.99832044829263	0.0459378673806004
GABARAP	0.542958576006607	-0.0392395255979527	0.99832044829263	-0.0392395255979527
TMEM14C	0.542963663894365	0.0539114283192989	0.99832044829263	0.0539114283192989
PLEKHB1	0.542968303969672	0.0200651328750193	0.99832044829263	0.0200651328750193
ZFYVE28	0.543086648586406	-0.031766569519915	0.99832044829263	-0.031766569519915
KLF3-AS1	0.543471549025634	0.0235351886966834	0.99832044829263	0.0235351886966834
KHDRBS2	0.543570874937287	-0.0684218267386491	0.99832044829263	-0.0684218267386491
AZIN1	0.543577777252605	-0.0328397923374887	0.99832044829263	-0.0328397923374887
DDX3Y	0.543641515431748	-0.0490377151639754	0.99832044829263	-0.0490377151639754
AGAP1	0.543667448915281	-0.00944793579843078	0.99832044829263	-0.00944793579843078
MCCC1	0.543738018910143	-0.0150330742064497	0.99832044829263	-0.0150330742064497
JKAMP	0.5438172291004	0.0357098249168226	0.99832044829263	0.0357098249168226
LINC02175	0.543857843383138	0.0252817996772942	0.99832044829263	0.0252817996772942
HSPA4L	0.543922772155176	-0.0650853949896802	0.99832044829263	-0.0650853949896802
VAMP2	0.543923829111162	-0.023174077521641	0.99832044829263	-0.023174077521641
POLD1	0.544275751393989	-0.0532212618477864	0.99832044829263	-0.0532212618477864
C1orf112	0.544299135893191	0.0327572831561312	0.99832044829263	0.0327572831561312
NOP14-AS1	0.544336378348122	-0.0490908916975429	0.99832044829263	-0.0490908916975429
MRPL9	0.544664583020424	0.0459064174750722	0.99832044829263	0.0459064174750722
NF1	0.544681534114698	-0.010498969836351	0.99832044829263	-0.010498969836351
ZCCHC4	0.544767409477562	-0.0373492449785745	0.99832044829263	-0.0373492449785745
THAP6	0.544937718754314	-0.023344754910348	0.99832044829263	-0.023344754910348
MASTL	0.545012597779209	0.0449102335013669	0.99832044829263	0.0449102335013669
NCALD	0.545041179875611	-0.0613883577255446	0.99832044829263	-0.0613883577255446
NOMO1	0.545091692759918	0.0257701223965887	0.99832044829263	0.0257701223965887
SETD4	0.545292783908198	-0.0302089614760716	0.99832044829263	-0.0302089614760716
CDH1	0.545306928811276	-0.0242130354479759	0.99832044829263	-0.0242130354479759
SNX15	0.545327250269865	0.0483184933657637	0.99832044829263	0.0483184933657637
DHRS4-AS1	0.545767939008583	-0.0423984962911747	0.99832044829263	-0.0423984962911747
EXOSC8	0.545790372078798	0.0290659123563811	0.99832044829263	0.0290659123563811
HPN-AS1	0.545790691465427	0.0188369967150572	0.99832044829263	0.0188369967150572
ITPR2	0.545792128060216	0.0334066042230234	0.99832044829263	0.0334066042230234
SKIV2L	0.545902513482124	0.0455941416113311	0.99832044829263	0.0455941416113311
DUSP18	0.545946788140169	0.0271338718378451	0.99832044829263	0.0271338718378451
SELENOW	0.546073872650259	-0.023059669523902	0.99832044829263	-0.023059669523902
ENOX1	0.546114282638642	-0.0106099328255732	0.99832044829263	-0.0106099328255732
EPN2-AS1	0.546136794940419	0.0453232741513456	0.99832044829263	0.0453232741513456
STOX2	0.546198056995757	-0.013376694454416	0.99832044829263	-0.013376694454416
DENND4B	0.546237388381425	0.0189521304224315	0.99832044829263	0.0189521304224315
NOC3L	0.546292480353188	0.0329225114565567	0.99832044829263	0.0329225114565567
INSYN2B	0.546378069543053	0.0157123248738387	0.99832044829263	0.0157123248738387
RIMS2	0.546491084752458	0.0563530401319661	0.99832044829263	0.0563530401319661
MAD2L2	0.546493534752999	-0.0529665701037921	0.99832044829263	-0.0529665701037921
ESCO1	0.546528722804456	0.0238343567459144	0.99832044829263	0.0238343567459144
CASC3	0.54657770152764	0.0192092110955865	0.99832044829263	0.0192092110955865
TSC2	0.546748088048167	-0.0194771072239598	0.99832044829263	-0.0194771072239598
ZNF600	0.546755549206124	0.0497671816528889	0.99832044829263	0.0497671816528889
ZNF266	0.546911913397605	0.0292783109006963	0.99832044829263	0.0292783109006963
SEPHS1	0.546955321718568	0.0376979012001794	0.99832044829263	0.0376979012001794
ZKSCAN7-AS1	0.546979415245432	0.0298176513852554	0.99832044829263	0.0298176513852554
MKNK2	0.547432890860526	0.0394594181121128	0.99832044829263	0.0394594181121128
CACNA2D3	0.547497597014116	0.0577264141282273	0.99832044829263	0.0577264141282273
MYLK	0.547556226970864	-0.0330448011371221	0.99832044829263	-0.0330448011371221
CYB561D1	0.547619010928668	-0.0460529572408369	0.99832044829263	-0.0460529572408369
H2AFZ	0.547664654499534	0.0607221591519307	0.99832044829263	0.0607221591519307
CTR9	0.547677255248981	-0.0299513282402341	0.99832044829263	-0.0299513282402341
AMER2	0.547784550167592	-0.012366810914265	0.99832044829263	-0.012366810914265
PRCD	0.547872976142926	-0.0393034975843821	0.99832044829263	-0.0393034975843821
SEMA3C	0.548018055731886	0.02163329552455	0.99832044829263	0.02163329552455
MT-ND4L	0.548037596670099	0.029931386540064	0.99832044829263	0.029931386540064
NUB1	0.548199574705901	-0.0229973371917718	0.99832044829263	-0.0229973371917718
KCNT1	0.548433994371349	0.114922242971351	0.99832044829263	0.114922242971351
RER1	0.548518083935782	0.0242611367967588	0.99832044829263	0.0242611367967588
BANP	0.548780955009069	0.0219272711933436	0.99832044829263	0.0219272711933436
COASY	0.548784119463797	0.0382149025296377	0.99832044829263	0.0382149025296377
COX6A1	0.548864792706946	0.0491838765110537	0.99832044829263	0.0491838765110537
CORO1C	0.548892358226285	-0.0181475859630163	0.99832044829263	-0.0181475859630163
ARHGAP19	0.548985671846015	-0.0357910545224113	0.99832044829263	-0.0357910545224113
AL450998.2	0.549114873299855	0.0365072251185349	0.99832044829263	0.0365072251185349
HERC3	0.549295812362477	-0.0147450948819826	0.99832044829263	-0.0147450948819826
ABRAXAS1	0.54936088440025	-0.0448492765468478	0.99832044829263	-0.0448492765468478
FAM107B	0.549467057538222	0.00987029046812591	0.99832044829263	0.00987029046812591
MNT	0.549536135803173	-0.037495459278521	0.99832044829263	-0.037495459278521
NUMBL	0.549954893144528	0.0535750746250348	0.99832044829263	0.0535750746250348
RNASEH1-AS1	0.549986233472431	0.0329858412078867	0.99832044829263	0.0329858412078867
ROBO1	0.549999178382887	-0.00996465876719659	0.99832044829263	-0.00996465876719659
CCDC14	0.550004616353768	0.0238457996038246	0.99832044829263	0.0238457996038246
XPC	0.550017978952801	0.0212191326242691	0.99832044829263	0.0212191326242691
AL008633.1	0.550112600616626	-0.0655757345796722	0.99832044829263	-0.0655757345796722
C12orf57	0.550156967920225	0.0611601372047575	0.99832044829263	0.0611601372047575
WASF3	0.550327969769448	-0.0288910159471015	0.99832044829263	-0.0288910159471015
ERCC4	0.550384186804349	-0.0248042959549536	0.99832044829263	-0.0248042959549536
AC093879.1	0.550581354413782	-0.0706812264378582	0.99832044829263	-0.0706812264378582
SENP5	0.550652604269771	-0.0175586229895116	0.99832044829263	-0.0175586229895116
TOPBP1	0.550790037009366	-0.0298112032540106	0.99832044829263	-0.0298112032540106
BCAP29	0.551122327728101	0.0340598982855106	0.99832044829263	0.0340598982855106
ASXL1	0.551331004987825	0.0124135172814212	0.99832044829263	0.0124135172814212
FBXL17	0.551389841684839	-0.0215119158954114	0.99832044829263	-0.0215119158954114
LINC02610	0.551578401611942	-0.0539087206611428	0.99832044829263	-0.0539087206611428
TBC1D24	0.551629550065216	0.0482157845346934	0.99832044829263	0.0482157845346934
DCUN1D2	0.551650413008949	0.0205111982848221	0.99832044829263	0.0205111982848221
KIAA1549L	0.55183828735131	0.0686330962397671	0.99832044829263	0.0686330962397671
POLR2M	0.551847141617286	0.0321211674916555	0.99832044829263	0.0321211674916555
VCPIP1	0.551855926783531	0.0296054350423759	0.99832044829263	0.0296054350423759
FRYL	0.551899197114524	-0.00861644613576837	0.99832044829263	-0.00861644613576837
GASK1A	0.551970774606391	0.0350040052848887	0.99832044829263	0.0350040052848887
ZNF555	0.552063956878214	-0.0365997092729786	0.99832044829263	-0.0365997092729786
STAG1	0.552083406135148	0.0111895358188443	0.99832044829263	0.0111895358188443
EGLN3	0.552320769138244	-0.0225768455537585	0.99832044829263	-0.0225768455537585
SESN1	0.552646630714912	-0.0161515500578044	0.99832044829263	-0.0161515500578044
SEC61A2	0.552958577586152	0.0254894334291349	0.99832044829263	0.0254894334291349
STRADA	0.553111597964425	0.0178723609947966	0.99832044829263	0.0178723609947966
ATP10B	0.553234431740247	0.0138727800891647	0.99832044829263	0.0138727800891647
ZBTB40	0.553549758273708	0.0264285706469485	0.99832044829263	0.0264285706469485
PRKCZ	0.553615206648119	-0.0208829495654617	0.99832044829263	-0.0208829495654617
GUCA1B	0.553621332857041	-0.03192862650341	0.99832044829263	-0.03192862650341
GNAO1	0.553723528436311	-0.0106302516370278	0.99832044829263	-0.0106302516370278
DDA1	0.553808733227491	0.0416343685301699	0.99832044829263	0.0416343685301699
RAB14	0.553811260885202	0.022033842928954	0.99832044829263	0.022033842928954
SLC39A6	0.553849826771691	0.0324796304236285	0.99832044829263	0.0324796304236285
LINC02245	0.55386729407276	-0.0370015213235885	0.99832044829263	-0.0370015213235885
RPS24	0.553977977967725	0.0324665485752452	0.99832044829263	0.0324665485752452
USP11	0.554162926617534	-0.0332339748433715	0.99832044829263	-0.0332339748433715
CLEC16A	0.554231688047632	-0.0162399146459092	0.99832044829263	-0.0162399146459092
LENG8-AS1	0.554498023599322	-0.0451186741484393	0.99832044829263	-0.0451186741484393
DCAF4	0.554509889736938	0.0462921634871357	0.99832044829263	0.0462921634871357
ZNF326	0.554542870287656	-0.0181687821101319	0.99832044829263	-0.0181687821101319
TYW3	0.554639992567513	0.0290312771421446	0.99832044829263	0.0290312771421446
RPS20	0.554807483429884	-0.0407658402197499	0.99832044829263	-0.0407658402197499
GLUL	0.554846952542893	-0.0229760455008749	0.99832044829263	-0.0229760455008749
ERMARD	0.55500711759889	0.031577121015542	0.99832044829263	0.031577121015542
USP37	0.555017866774197	0.0183454580457438	0.99832044829263	0.0183454580457438
PRMT3	0.555471187230069	0.0199545129832372	0.99832044829263	0.0199545129832372
NEK3	0.5554760057306	0.0229696994654395	0.99832044829263	0.0229696994654395
PLPP2	0.55558219548737	0.0253182386159296	0.99832044829263	0.0253182386159296
SEPTIN3	0.555647293528109	-0.0665577355404356	0.99832044829263	-0.0665577355404356
ZDHHC21	0.555651085000951	-0.0233604452125589	0.99832044829263	-0.0233604452125589
MATR3-1	0.555654944842023	-0.0537472670584181	0.99832044829263	-0.0537472670584181
AL110114.1	0.555685948042687	0.0267731281246005	0.99832044829263	0.0267731281246005
ZFYVE26	0.55589171719659	0.0299558842411593	0.99832044829263	0.0299558842411593
SETX	0.556010238876891	0.0147653347674447	0.99832044829263	0.0147653347674447
SNRPA	0.556011058615318	-0.0337343578253815	0.99832044829263	-0.0337343578253815
NMNAT3	0.556012642797345	-0.0323057364810924	0.99832044829263	-0.0323057364810924
MYDGF	0.556194566300465	-0.0351426237202756	0.99832044829263	-0.0351426237202756
WDTC1	0.556392699016711	0.0194908126939306	0.99832044829263	0.0194908126939306
YIF1B	0.55644638826836	0.0271117267674407	0.99832044829263	0.0271117267674407
EPM2A	0.556486938941731	-0.0216490001577331	0.99832044829263	-0.0216490001577331
RNF111	0.556573781994882	0.0176931308323355	0.99832044829263	0.0176931308323355
PABPC4	0.55658402669615	0.0359008883889766	0.99832044829263	0.0359008883889766
ATF6B	0.556804314912677	0.0231158090669704	0.99832044829263	0.0231158090669704
DUT	0.55683515608512	0.0206343849512144	0.99832044829263	0.0206343849512144
SERPINE2	0.556846918380984	-0.0660507278559731	0.99832044829263	-0.0660507278559731
RDH5	0.556943139798685	-0.048415342525937	0.99832044829263	-0.048415342525937
RPS3	0.557102442879076	-0.0303745345425252	0.99832044829263	-0.0303745345425252
HDHD2	0.55717595926267	0.0181656402426617	0.99832044829263	0.0181656402426617
COBL	0.557289558920368	-0.010799795657185	0.99832044829263	-0.010799795657185
UBN2	0.557371435627558	-0.0159534598278847	0.99832044829263	-0.0159534598278847
CLK1	0.557382155729314	0.0178414129953527	0.99832044829263	0.0178414129953527
ASF1A	0.55745113230866	-0.0476701965777005	0.99832044829263	-0.0476701965777005
DR1	0.557510783156849	-0.0368108537550596	0.99832044829263	-0.0368108537550596
UGCG	0.557628560756446	0.0401875198202414	0.99832044829263	0.0401875198202414
CCT4	0.557700106035603	0.0257489459795131	0.99832044829263	0.0257489459795131
AC090115.1	0.557836475019646	-0.0445348617758326	0.99832044829263	-0.0445348617758326
ZNF142	0.558012873731412	-0.0415438441650665	0.99832044829263	-0.0415438441650665
RCC1L	0.558026916073361	-0.0259763912825508	0.99832044829263	-0.0259763912825508
CADM2	0.558088783922186	-0.0112223461548644	0.99832044829263	-0.0112223461548644
ASPH	0.558145516211945	-0.0247900677543341	0.99832044829263	-0.0247900677543341
TBC1D15	0.558221759573413	0.0138354390940298	0.99832044829263	0.0138354390940298
DCAF6	0.558254117099089	0.0270546197568612	0.99832044829263	0.0270546197568612
HMGA1	0.558283466101665	-0.0519034619230581	0.99832044829263	-0.0519034619230581
CUL4B	0.558535707277813	0.0329997384121789	0.99832044829263	0.0329997384121789
CDKL2	0.558637991241678	0.0295594405020969	0.99832044829263	0.0295594405020969
SRD5A3-AS1	0.558910600305614	-0.0478427702011735	0.99832044829263	-0.0478427702011735
NKRF	0.559214228420221	0.0488418535660028	0.99832044829263	0.0488418535660028
GNPTAB	0.559219145472941	-0.0424313200698851	0.99832044829263	-0.0424313200698851
POLR3G	0.5593077219605	0.0262103138904424	0.99832044829263	0.0262103138904424
WWC2	0.55958861565714	0.0269053895492764	0.99832044829263	0.0269053895492764
COQ6	0.559776779892681	0.051484643870467	0.99832044829263	0.051484643870467
NADSYN1	0.5598463546151	0.0184351966460708	0.99832044829263	0.0184351966460708
C2CD6	0.559960999854053	-0.0442818894401154	0.99832044829263	-0.0442818894401154
APOO	0.559999794851479	-0.042727501504861	0.99832044829263	-0.042727501504861
SGK1	0.56015819922105	-0.0099467662300481	0.99832044829263	-0.0099467662300481
MFHAS1	0.560247057488059	-0.0499602823357181	0.99832044829263	-0.0499602823357181
STX3	0.560505020235191	-0.0316261681141422	0.99832044829263	-0.0316261681141422
TNRC6A	0.56058730806544	0.0130425705525485	0.99832044829263	0.0130425705525485
PTAR1	0.560678397410406	0.0196233997066561	0.99832044829263	0.0196233997066561
TTC14	0.560765469222859	-0.0197994551793056	0.99832044829263	-0.0197994551793056
OTUD5	0.560778093495879	0.0210320353330103	0.99832044829263	0.0210320353330103
TPI1	0.560939888191036	-0.0595703046041745	0.99832044829263	-0.0595703046041745
HEXA	0.560963529186456	0.0190370204650602	0.99832044829263	0.0190370204650602
RILPL1	0.560996961283191	-0.0177360595187676	0.99832044829263	-0.0177360595187676
SNHG3	0.561072389015366	0.0487703749237213	0.99832044829263	0.0487703749237213
LYPD5	0.561134585229097	0.0389698259440586	0.99832044829263	0.0389698259440586
DGCR9	0.561228555757727	-0.0655411569031924	0.99832044829263	-0.0655411569031924
CDH13	0.561438562258723	0.0317462571413936	0.99832044829263	0.0317462571413936
SAMD13	0.561464965279724	-0.0301080459316436	0.99832044829263	-0.0301080459316436
GVQW3	0.561566745816072	0.0328062452022316	0.99832044829263	0.0328062452022316
USP48	0.561599657440322	0.0144901128338408	0.99832044829263	0.0144901128338408
ILVBL	0.561709811650125	-0.0335077963375617	0.99832044829263	-0.0335077963375617
FAM228B	0.561875427413366	-0.0187495450556474	0.99832044829263	-0.0187495450556474
DDX3X	0.561924256755926	-0.0225781831983564	0.99832044829263	-0.0225781831983564
NOMO3	0.56193410199144	0.0252826158241201	0.99832044829263	0.0252826158241201
DPM1	0.56206065457037	0.0220842653212761	0.99832044829263	0.0220842653212761
ITPKB	0.562083042821812	0.015731368821455	0.99832044829263	0.015731368821455
VPS37A	0.562104626476187	-0.0257178469310154	0.99832044829263	-0.0257178469310154
LMBRD2	0.56215926248824	-0.0293184246806151	0.99832044829263	-0.0293184246806151
CARHSP1	0.562178082780794	0.0184483290360986	0.99832044829263	0.0184483290360986
MIB2	0.562344777154253	0.0294642294132239	0.99832044829263	0.0294642294132239
YEATS4	0.562520043913117	-0.046978717542268	0.99832044829263	-0.046978717542268
FCHSD1	0.562554933069165	0.03994007946273	0.99832044829263	0.03994007946273
RABL6	0.562973946850188	0.0173920035775119	0.99832044829263	0.0173920035775119
ASB13	0.56306850208254	-0.0382425526964348	0.99832044829263	-0.0382425526964348
MLX	0.563101998959619	-0.0525199420573745	0.99832044829263	-0.0525199420573745
NUTF2	0.563170218167453	0.0342667901879833	0.99832044829263	0.0342667901879833
ARMC5	0.563170361202966	0.0533896722089897	0.99832044829263	0.0533896722089897
PPP5C	0.563179775607499	-0.030755983219998	0.99832044829263	-0.030755983219998
FLCN	0.563604600011062	-0.0219216496457859	0.99832044829263	-0.0219216496457859
MRPL4	0.563719652312521	0.0341037776613653	0.99832044829263	0.0341037776613653
ZNF488	0.563803775777186	0.036997825880466	0.99832044829263	0.036997825880466
ZNF143	0.563806541233463	0.0283490564146173	0.99832044829263	0.0283490564146173
ARHGEF1	0.563897921778463	0.0248701436485026	0.99832044829263	0.0248701436485026
CDKN2B-AS1	0.563921046889678	-0.0359538678387541	0.99832044829263	-0.0359538678387541
RPF1	0.564098440109738	0.0413489564530598	0.99832044829263	0.0413489564530598
KLK6	0.56428303158921	0.0249788239736244	0.99832044829263	0.0249788239736244
CCDC6	0.564346150382334	-0.0306431067147668	0.99832044829263	-0.0306431067147668
MAP1LC3A	0.564364570762723	0.0288674066481732	0.99832044829263	0.0288674066481732
HNRNPA3	0.564410153722479	0.0143152767984408	0.99832044829263	0.0143152767984408
C17orf80	0.564626020127148	-0.0455946581070213	0.99832044829263	-0.0455946581070213
AP000446.1	0.564687883659835	-0.0379812991694959	0.99832044829263	-0.0379812991694959
LARP6	0.564722365720775	-0.0215227614305831	0.99832044829263	-0.0215227614305831
SLC30A5	0.564818692049055	-0.0250570656772205	0.99832044829263	-0.0250570656772205
AC104596.1	0.56523710646996	0.0207376766020685	0.99832044829263	0.0207376766020685
MMACHC	0.56523849578944	0.0501939713405007	0.99832044829263	0.0501939713405007
IREB2	0.565245064665888	-0.0180734791186039	0.99832044829263	-0.0180734791186039
MAGEC3	0.565371299691337	0.0303083280594942	0.99832044829263	0.0303083280594942
ALDH2	0.565470124458682	-0.0277986246429326	0.99832044829263	-0.0277986246429326
MTA1	0.565640355179296	-0.0233240564536632	0.99832044829263	-0.0233240564536632
LRP5	0.565797879395531	-0.0488387209855887	0.99832044829263	-0.0488387209855887
AC025171.2	0.565877109624283	-0.0303026884796948	0.99832044829263	-0.0303026884796948
SLC30A6	0.565936730455888	-0.0221198548527456	0.99832044829263	-0.0221198548527456
TPR	0.565963229881151	0.0174227214196688	0.99832044829263	0.0174227214196688
ZSCAN5A	0.565982516591057	0.0247982059956815	0.99832044829263	0.0247982059956815
L3HYPDH	0.566217475442242	-0.0417662217313575	0.99832044829263	-0.0417662217313575
SNX19	0.566350930785132	0.0259143591040593	0.99832044829263	0.0259143591040593
MEX3D	0.566437784942432	0.042658997018485	0.99832044829263	0.042658997018485
ETAA1	0.566511533408161	0.0360983996241396	0.99832044829263	0.0360983996241396
IPO7	0.566576247971063	-0.0210987848163431	0.99832044829263	-0.0210987848163431
BRWD1	0.56661761731387	-0.0124428817273021	0.99832044829263	-0.0124428817273021
SPSB3	0.566618275609888	0.0304996702473315	0.99832044829263	0.0304996702473315
FTCD	0.566693521878903	-0.0436329337343351	0.99832044829263	-0.0436329337343351
SLC2A1	0.56679486588044	0.0348719160574863	0.99832044829263	0.0348719160574863
MYL6B	0.56695853382657	0.0595358398881911	0.99832044829263	0.0595358398881911
AC008945.2	0.566959174025047	0.0301184256946539	0.99832044829263	0.0301184256946539
TFIP11	0.567046748955927	0.0413562030581473	0.99832044829263	0.0413562030581473
IL10RB	0.567085860131492	-0.0239480441160076	0.99832044829263	-0.0239480441160076
TMEM167B	0.567088730020393	0.0376510845601967	0.99832044829263	0.0376510845601967
ZNF182	0.567441270881613	-0.0471037051949214	0.99832044829263	-0.0471037051949214
C1QTNF6	0.56757732589932	-0.0401834254139946	0.99832044829263	-0.0401834254139946
CEP78	0.567582782356775	0.0195994645746074	0.99832044829263	0.0195994645746074
MRPL35	0.567599786034316	0.0413433076609129	0.99832044829263	0.0413433076609129
RAP1GDS1	0.567629754034456	0.0110944297773001	0.99832044829263	0.0110944297773001
DTX3	0.567712934348995	0.0347970866006959	0.99832044829263	0.0347970866006959
RUNDC3A	0.567723814056899	0.0646981430793418	0.99832044829263	0.0646981430793418
CC2D1A	0.56779999613287	0.0169968870022667	0.99832044829263	0.0169968870022667
UQCR11	0.567863860157482	0.0387535369137097	0.99832044829263	0.0387535369137097
GNB1	0.567872851971209	0.0123239131242878	0.99832044829263	0.0123239131242878
PPP2R3C	0.567933243398974	0.0152157181147523	0.99832044829263	0.0152157181147523
ARHGEF10L	0.567948765824834	0.0370675645412713	0.99832044829263	0.0370675645412713
SCN2A	0.567980385503925	-0.0583134085691405	0.99832044829263	-0.0583134085691405
PDK1	0.567995785228928	-0.037248440518415	0.99832044829263	-0.037248440518415
RNF4	0.568211035067949	-0.023366830095863	0.99832044829263	-0.023366830095863
EIF4E	0.568211387551132	0.0191282408186061	0.99832044829263	0.0191282408186061
SLC7A1	0.568224031598072	-0.0393141714750824	0.99832044829263	-0.0393141714750824
TRIM46	0.568227291386798	-0.0449557795340006	0.99832044829263	-0.0449557795340006
EFCAB14	0.568259742411569	0.0237602384322654	0.99832044829263	0.0237602384322654
APLP1	0.568602037853634	0.0185977726812529	0.99832044829263	0.0185977726812529
RAPGEF3	0.569023880328685	0.0205293551769827	0.99832044829263	0.0205293551769827
CWF19L2	0.569141602364516	-0.0156954271981496	0.99832044829263	-0.0156954271981496
KDM5D	0.569292023244509	-0.0363507960027761	0.99832044829263	-0.0363507960027761
AC108519.1	0.569311556333852	0.0247085429260458	0.99832044829263	0.0247085429260458
ZNF169	0.569376410163906	-0.0256341563430914	0.99832044829263	-0.0256341563430914
BTBD3	0.569413586711406	0.0140995773787642	0.99832044829263	0.0140995773787642
TP53BP1	0.569616670392453	0.0198620637545406	0.99832044829263	0.0198620637545406
MED28	0.569714142149249	-0.0193755028899775	0.99832044829263	-0.0193755028899775
U2AF2	0.569810703090642	-0.0293199427916339	0.99832044829263	-0.0293199427916339
CPOX	0.569843431765825	0.016166589475028	0.99832044829263	0.016166589475028
CNTRL	0.569906657452906	-0.0175049042442243	0.99832044829263	-0.0175049042442243
UBE3B	0.569955349662781	0.0152760433771438	0.99832044829263	0.0152760433771438
QRICH2	0.570082338252919	-0.0393845921797885	0.99832044829263	-0.0393845921797885
COPS5	0.570135098768574	-0.0320926417864261	0.99832044829263	-0.0320926417864261
NSMCE4A	0.570370624642313	-0.0303276886576579	0.99832044829263	-0.0303276886576579
TMEM178A	0.570393046177284	-0.0794511692446521	0.99832044829263	-0.0794511692446521
SH3BP5-AS1	0.570542213944281	0.0471148769358619	0.99832044829263	0.0471148769358619
CCAR1	0.570568234912822	0.0134906288386954	0.99832044829263	0.0134906288386954
LRRC37A3	0.570715570620626	-0.0301372710599942	0.99832044829263	-0.0301372710599942
EIF1B	0.570761963851307	-0.0384620700464016	0.99832044829263	-0.0384620700464016
ISOC2	0.570765248047319	-0.0375083778381923	0.99832044829263	-0.0375083778381923
RCAN2	0.570781072309214	-0.0127887677384026	0.99832044829263	-0.0127887677384026
CUL3	0.570823778098813	-0.0144532719160722	0.99832044829263	-0.0144532719160722
XKR4	0.571031413906682	0.0516256382236389	0.99832044829263	0.0516256382236389
ARPC3	0.571079391689228	0.0264011576009536	0.99832044829263	0.0264011576009536
NBPF12	0.57116333221837	0.0222538944014094	0.99832044829263	0.0222538944014094
GOLGB1	0.57150913605246	-0.0221330523444892	0.99832044829263	-0.0221330523444892
AC009093.2	0.571561482076893	-0.0242787065874788	0.99832044829263	-0.0242787065874788
WDR3	0.571584524338261	0.0418428533660172	0.99832044829263	0.0418428533660172
RNASEK	0.571731801770589	0.0448856054383819	0.99832044829263	0.0448856054383819
DDX23	0.571900215830753	0.0307419272388834	0.99832044829263	0.0307419272388834
CAMK2D	0.571928223141473	-0.0170080450701861	0.99832044829263	-0.0170080450701861
NUBPL	0.572032199786704	-0.0145703799470083	0.99832044829263	-0.0145703799470083
ARHGAP33	0.572222119121582	0.0267772081164152	0.99832044829263	0.0267772081164152
YTHDF2	0.572243748856894	0.0225826075897199	0.99832044829263	0.0225826075897199
FOXP4	0.572322366829523	-0.0422430482967871	0.99832044829263	-0.0422430482967871
SIN3A	0.572340930589734	0.023394557957081	0.99832044829263	0.023394557957081
FAM133A	0.572560043183592	0.0382444605313789	0.99832044829263	0.0382444605313789
MT-ND5	0.572572140610462	0.0209018486178176	0.99832044829263	0.0209018486178176
SNAPC4	0.572607602646033	-0.0394958977406843	0.99832044829263	-0.0394958977406843
UBE2D3	0.572626950270416	0.0135769437375693	0.99832044829263	0.0135769437375693
LMBRD1	0.572817133224505	0.0163726614295286	0.99832044829263	0.0163726614295286
RASAL1	0.572841342697793	0.0235700358556893	0.99832044829263	0.0235700358556893
CRB2	0.572921904455078	0.0260346976164955	0.99832044829263	0.0260346976164955
KDM4C	0.573063022225921	0.0105702583182071	0.99832044829263	0.0105702583182071
AC099343.4	0.573075673388718	0.0469243546465892	0.99832044829263	0.0469243546465892
WDFY3-AS2	0.573082597974522	0.0364573802608087	0.99832044829263	0.0364573802608087
MAML1	0.573196973251178	0.0233998033545813	0.99832044829263	0.0233998033545813
ZNF727	0.573240089467022	0.0253095361890006	0.99832044829263	0.0253095361890006
SNHG15	0.573259624533089	-0.0474882441076801	0.99832044829263	-0.0474882441076801
AGPAT4	0.573265624384606	0.0146955665695605	0.99832044829263	0.0146955665695605
MRPS10	0.573274198343916	0.0306435429863955	0.99832044829263	0.0306435429863955
MED21	0.573284517220825	-0.0390409665078191	0.99832044829263	-0.0390409665078191
ACTN1	0.57358779181022	0.0651355095480145	0.99832044829263	0.0651355095480145
UBE2G1	0.573649618946782	0.0169846798406647	0.99832044829263	0.0169846798406647
METTL26	0.573836740200511	0.0377831158396825	0.99832044829263	0.0377831158396825
TOM1L1	0.573865439857448	0.0636479937713445	0.99832044829263	0.0636479937713445
MESD	0.573943661320581	0.0210571793086084	0.99832044829263	0.0210571793086084
AC073957.3	0.573944075560401	0.0465778695474323	0.99832044829263	0.0465778695474323
SLC17A5	0.573969893614784	-0.0292382068166255	0.99832044829263	-0.0292382068166255
SUMO2	0.574124939601552	0.0315724779062016	0.99832044829263	0.0315724779062016
HS6ST3	0.574150586687422	-0.0636296726553343	0.99832044829263	-0.0636296726553343
C1orf50	0.574162589982809	-0.0381319594767271	0.99832044829263	-0.0381319594767271
MDN1	0.574170937252732	0.0197086631651175	0.99832044829263	0.0197086631651175
ZDHHC6	0.574417549325011	0.0341077347407151	0.99832044829263	0.0341077347407151
PRDM10	0.574691808483564	0.023881023417965	0.99832044829263	0.023881023417965
NBPF1	0.574740913327268	0.0340884047356991	0.99832044829263	0.0340884047356991
SUPT7L	0.574857737934072	-0.0314602262280007	0.99832044829263	-0.0314602262280007
RANBP17	0.575131976025206	-0.0472016315495622	0.99832044829263	-0.0472016315495622
ZBTB10	0.57513839109992	0.0351899611275472	0.99832044829263	0.0351899611275472
AC139887.2	0.57520348184774	0.0222426010365292	0.99832044829263	0.0222426010365292
RNF24	0.575229724933038	-0.0295543133361215	0.99832044829263	-0.0295543133361215
CHMP5	0.57530832133102	0.0304397140744908	0.99832044829263	0.0304397140744908
LINC01135	0.575418525611764	-0.019225655356542	0.99832044829263	-0.019225655356542
TAF9	0.575439521062441	-0.0541716804802597	0.99832044829263	-0.0541716804802597
TGFBRAP1	0.575442868902648	0.0285583524373835	0.99832044829263	0.0285583524373835
MAP1LC3B	0.575559593822699	0.0312596698065976	0.99832044829263	0.0312596698065976
AC079781.5	0.575563945828152	0.0193847732270306	0.99832044829263	0.0193847732270306
TMEM161B	0.575642923632985	0.023058807126156	0.99832044829263	0.023058807126156
SPOCK1	0.575907247565032	-0.00930941449650788	0.99832044829263	-0.00930941449650788
ARHGAP22	0.576068112323392	-0.0188296099291399	0.99832044829263	-0.0188296099291399
GAPVD1	0.576394689608104	0.0159118334592081	0.99832044829263	0.0159118334592081
ATP5PF	0.576443756570025	-0.0409705629480889	0.99832044829263	-0.0409705629480889
FNTB	0.576450878539911	0.017727625469125	0.99832044829263	0.017727625469125
IPO9-AS1	0.576463831048593	0.0427244028826616	0.99832044829263	0.0427244028826616
SREBF2	0.576955967760692	0.0126059742041	0.99832044829263	0.0126059742041
MLLT1	0.577267358090647	-0.023461986569888	0.99832044829263	-0.023461986569888
MRPS25	0.57740988348606	-0.025121361204825	0.99832044829263	-0.025121361204825
MBTD1	0.577638320528599	0.0132352671603767	0.99832044829263	0.0132352671603767
DIMT1	0.577666185871919	0.0276768830505486	0.99832044829263	0.0276768830505486
C5orf56	0.57769367280026	-0.0196732520228338	0.99832044829263	-0.0196732520228338
EID1	0.577718330771931	-0.0272427494500239	0.99832044829263	-0.0272427494500239
EXOC5	0.577888739145078	0.0165014287292416	0.99832044829263	0.0165014287292416
ESRRA	0.577992858994518	0.0337066581836706	0.99832044829263	0.0337066581836706
EXT2	0.578109535408347	-0.0202002132573658	0.99832044829263	-0.0202002132573658
XAB2	0.578282515967507	0.0306607722999495	0.99832044829263	0.0306607722999495
MZF1	0.578323648210391	0.0203342285537838	0.99832044829263	0.0203342285537838
PPP4R3A	0.578477130836805	-0.0159417064043201	0.99832044829263	-0.0159417064043201
ACBD3	0.578515883636595	-0.0203731493603746	0.99832044829263	-0.0203731493603746
ADAP2	0.578674508083946	-0.0384700005948222	0.99832044829263	-0.0384700005948222
PCA3	0.578799448309153	-0.0437073588485832	0.99832044829263	-0.0437073588485832
ALKBH1	0.578928920649177	0.0249683088851628	0.99832044829263	0.0249683088851628
RAB11A	0.579014297704645	-0.0312728169933303	0.99832044829263	-0.0312728169933303
CENPB	0.579078336282935	0.0354540168849114	0.99832044829263	0.0354540168849114
PLXND1	0.579122287911819	-0.0229106805798156	0.99832044829263	-0.0229106805798156
PCYOX1	0.579203891294836	0.0376695351579616	0.99832044829263	0.0376695351579616
LEMD3	0.579217500137106	-0.0211233275744909	0.99832044829263	-0.0211233275744909
MAPKAPK5	0.579222174732698	0.021080158120981	0.99832044829263	0.021080158120981
SLC2A8	0.579274716043815	0.0422049017774015	0.99832044829263	0.0422049017774015
MRS2	0.579297144895953	-0.0332234378971105	0.99832044829263	-0.0332234378971105
COPS2	0.579324877864901	-0.0220279362221701	0.99832044829263	-0.0220279362221701
SAC3D1	0.579437781170315	0.0427021752473334	0.99832044829263	0.0427021752473334
CCT6A	0.579478758187059	-0.0365656196720258	0.99832044829263	-0.0365656196720258
AMPH	0.57959897510232	-0.062309586145985	0.99832044829263	-0.062309586145985
PNPT1	0.579632895923855	-0.014907214571255	0.99832044829263	-0.014907214571255
AC098679.5	0.579690009034263	-0.0275660252695321	0.99832044829263	-0.0275660252695321
LDLR	0.579808563927331	-0.0358512740829481	0.99832044829263	-0.0358512740829481
AL033523.1	0.579875154105373	0.02752641759531	0.99832044829263	0.02752641759531
ZNF227	0.579906733258759	0.0304893121867876	0.99832044829263	0.0304893121867876
C1orf131	0.57994977878269	-0.0305705761975609	0.99832044829263	-0.0305705761975609
AC009063.3	0.580032478417456	-0.0407415911568377	0.99832044829263	-0.0407415911568377
GNG8	0.580084359462848	0.0463526133054888	0.99832044829263	0.0463526133054888
SMURF1	0.580095700290791	-0.0133844328808003	0.99832044829263	-0.0133844328808003
PDS5A	0.580158785913106	0.011666939900549	0.99832044829263	0.011666939900549
PHF5A	0.580217088409859	0.0384664217922408	0.99832044829263	0.0384664217922408
MCTP1	0.580221103811356	-0.0581588484963352	0.99832044829263	-0.0581588484963352
LUZP2	0.580253007911983	-0.0582409761733608	0.99832044829263	-0.0582409761733608
CTCF	0.580265800343226	0.0182084679988816	0.99832044829263	0.0182084679988816
MIATNB	0.580343598279842	-0.0291063083462141	0.99832044829263	-0.0291063083462141
DBI	0.580597653026676	-0.0363424582152708	0.99832044829263	-0.0363424582152708
UPP2	0.580603338731044	-0.047952154905131	0.99832044829263	-0.047952154905131
LINC02615	0.580641532698329	0.0237867013728198	0.99832044829263	0.0237867013728198
BTBD2	0.580824762459042	-0.0216371799782264	0.99832044829263	-0.0216371799782264
FLAD1	0.581211753957621	0.0307002150245194	0.99832044829263	0.0307002150245194
PLXNB1	0.581222642301148	0.0176362226793343	0.99832044829263	0.0176362226793343
SOCS4	0.581895178932115	-0.0282226507289517	0.99832044829263	-0.0282226507289517
CYB561D2	0.581895946788999	0.0351791544493309	0.99832044829263	0.0351791544493309
TRMT2A	0.582116501318519	0.0344631796252013	0.99832044829263	0.0344631796252013
LTBP4	0.582162316021112	0.0429609474946526	0.99832044829263	0.0429609474946526
AC092279.1	0.582197422231203	-0.0307292718233668	0.99832044829263	-0.0307292718233668
SLC11A2	0.582212167024953	0.0146027603292707	0.99832044829263	0.0146027603292707
ABHD17B	0.582244287337418	0.0135748749855929	0.99832044829263	0.0135748749855929
AC092683.1	0.582559239369821	0.0536978536642221	0.99832044829263	0.0536978536642221
C21orf58	0.582600256836009	0.0373884178173903	0.99832044829263	0.0373884178173903
EFS	0.582625963320021	0.0255513659551821	0.99832044829263	0.0255513659551821
MEMO1	0.582648376202046	0.044071470457621	0.99832044829263	0.044071470457621
STK3	0.58265479337553	0.014206360146235	0.99832044829263	0.014206360146235
MSL2	0.582799388447435	-0.0159838844829007	0.99832044829263	-0.0159838844829007
ANKRD13B	0.583103050134714	0.029388576764392	0.99832044829263	0.029388576764392
PRTFDC1	0.583226946052716	0.0153368712278884	0.99832044829263	0.0153368712278884
TDP1	0.583296186506713	-0.0312131603881852	0.99832044829263	-0.0312131603881852
EFR3A	0.583345142553827	0.0257594647152013	0.99832044829263	0.0257594647152013
COX10	0.583448831420662	0.0283789556425517	0.99832044829263	0.0283789556425517
PPP1R11	0.583530181642745	-0.0517185365322977	0.99832044829263	-0.0517185365322977
GTPBP10	0.583601763459437	0.0227231094618564	0.99832044829263	0.0227231094618564
CDC73	0.583641995623423	-0.0139375661176817	0.99832044829263	-0.0139375661176817
PATZ1	0.583665276544662	-0.0285738266452971	0.99832044829263	-0.0285738266452971
AP002026.1	0.583687743648489	0.0467225921365473	0.99832044829263	0.0467225921365473
MIR181A1HG	0.583761370068721	0.012512005811198	0.99832044829263	0.012512005811198
MRTO4	0.584043432841312	0.0450818252456479	0.99832044829263	0.0450818252456479
GNS	0.584081206829074	-0.0233315313308459	0.99832044829263	-0.0233315313308459
PCDH10	0.584098002530305	-0.0225410221607916	0.99832044829263	-0.0225410221607916
SNRPC	0.584158763512497	0.0424491933705522	0.99832044829263	0.0424491933705522
L2HGDH	0.584184505329338	-0.0235466732947127	0.99832044829263	-0.0235466732947127
ATP8B2	0.584324390089457	-0.0324173285761857	0.99832044829263	-0.0324173285761857
PDCD5	0.584406557482682	-0.0396316676657811	0.99832044829263	-0.0396316676657811
LIPE-AS1	0.584463409613573	0.0208964918933406	0.99832044829263	0.0208964918933406
PGLS	0.584657784306714	0.0275126512896735	0.99832044829263	0.0275126512896735
ACSS1	0.584905133359548	-0.0194669763672173	0.99832044829263	-0.0194669763672173
ACADM	0.584992787973139	-0.0248070808372344	0.99832044829263	-0.0248070808372344
MEX3C	0.585086876946029	-0.0403089708260717	0.99832044829263	-0.0403089708260717
CAMKK2	0.585271926178112	0.0388953451590678	0.99832044829263	0.0388953451590678
MYADM	0.585447713475103	-0.0385299065328831	0.99832044829263	-0.0385299065328831
ZCCHC8	0.58545428021133	0.0221111358490015	0.99832044829263	0.0221111358490015
STRADB	0.585456071695439	0.0294100232195364	0.99832044829263	0.0294100232195364
RPL26	0.585621314178945	-0.0452418758633246	0.99832044829263	-0.0452418758633246
AIDA	0.585681993320119	0.0193308225750572	0.99832044829263	0.0193308225750572
AMFR	0.585684083301026	-0.0237373993220584	0.99832044829263	-0.0237373993220584
STK11IP	0.585729136512373	0.0447382167916254	0.99832044829263	0.0447382167916254
ACOT11	0.585744534587138	0.046728814930083	0.99832044829263	0.046728814930083
PLOD3	0.585774688162576	-0.0237898543475435	0.99832044829263	-0.0237898543475435
AP4B1	0.585822631629701	0.0412091392852585	0.99832044829263	0.0412091392852585
TBRG4	0.585918003846045	0.0299977379697582	0.99832044829263	0.0299977379697582
SMDT1	0.585966462720645	-0.0412118118220765	0.99832044829263	-0.0412118118220765
FRMD4A	0.586029245221063	0.0324476509510566	0.99832044829263	0.0324476509510566
BAHCC1	0.586124963032302	-0.0182202089956308	0.99832044829263	-0.0182202089956308
AP000547.3	0.586150287259226	0.0419738356858404	0.99832044829263	0.0419738356858404
CBX6	0.586152573568125	-0.0220800843075899	0.99832044829263	-0.0220800843075899
LINC01535	0.586419366350255	0.0381753014000043	0.99832044829263	0.0381753014000043
BBS2	0.586425681440405	-0.0122627724168051	0.99832044829263	-0.0122627724168051
RASAL2	0.586435063316334	-0.0422464411643762	0.99832044829263	-0.0422464411643762
MAF	0.586496494220387	0.0555587165216317	0.99832044829263	0.0555587165216317
GFM2	0.586552652418972	-0.0247567291593449	0.99832044829263	-0.0247567291593449
NFIX	0.586584588448322	0.0111432466022789	0.99832044829263	0.0111432466022789
MAT2B	0.586767344109368	-0.0430094759774707	0.99832044829263	-0.0430094759774707
MEF2A	0.5868617243646	-0.0128690648338968	0.99832044829263	-0.0128690648338968
AL158152.1	0.586863589179958	-0.0258329021124493	0.99832044829263	-0.0258329021124493
CLPTM1	0.586956865045958	-0.0217564886597897	0.99832044829263	-0.0217564886597897
POLR3H	0.586961876647066	-0.0361956443319537	0.99832044829263	-0.0361956443319537
DPF1	0.58714467124277	-0.0525191148590512	0.99832044829263	-0.0525191148590512
KLHL24	0.587147827624267	0.0110333312072281	0.99832044829263	0.0110333312072281
SNHG30	0.587154450362457	-0.027134565246726	0.99832044829263	-0.027134565246726
KLHL13	0.587183774448412	0.0293242377527698	0.99832044829263	0.0293242377527698
ZSCAN18	0.587186285252356	-0.0191986471937551	0.99832044829263	-0.0191986471937551
AC114763.1	0.587254226470734	-0.0297487433975145	0.99832044829263	-0.0297487433975145
GPX4	0.587273502407453	0.0323044008752901	0.99832044829263	0.0323044008752901
ZNF37A	0.587395175257119	-0.0127502473906068	0.99832044829263	-0.0127502473906068
GAMT	0.587655587172565	-0.0220003627390978	0.99832044829263	-0.0220003627390978
GSTP1	0.587681779866738	0.0338861822590355	0.99832044829263	0.0338861822590355
MEF2B	0.587682000655903	0.0267914197820567	0.99832044829263	0.0267914197820567
WDR35	0.58782872417356	0.0256350657036707	0.99832044829263	0.0256350657036707
AMMECR1	0.588080288203269	-0.0407303613372834	0.99832044829263	-0.0407303613372834
VCP	0.588166712170372	-0.0223386976923497	0.99832044829263	-0.0223386976923497
AC073529.1	0.588284393424639	0.0256516305520632	0.99832044829263	0.0256516305520632
SYNJ2BP	0.588320658255529	0.0353302344398964	0.99832044829263	0.0353302344398964
MED6	0.588334276331856	0.0306774270145302	0.99832044829263	0.0306774270145302
TTTY10	0.588357173497177	-0.0398093457349377	0.99832044829263	-0.0398093457349377
CECR2	0.588429684000133	0.0147927589996697	0.99832044829263	0.0147927589996697
POLR2G	0.58843291033872	-0.043759218280591	0.99832044829263	-0.043759218280591
RCC2	0.588468186468586	-0.0259172845807747	0.99832044829263	-0.0259172845807747
AP3B1	0.588612010137355	0.011274805909	0.99832044829263	0.011274805909
HNRNPU	0.588620551695252	-0.0114519152108112	0.99832044829263	-0.0114519152108112
ARHGEF18	0.588730445820164	-0.0179618381409156	0.99832044829263	-0.0179618381409156
ZNF382	0.588836056901823	-0.0362660675641788	0.99832044829263	-0.0362660675641788
SEC61B	0.588881985746652	-0.0324531910628767	0.99832044829263	-0.0324531910628767
NEDD4L	0.589183288641517	-0.0416995221623816	0.99832044829263	-0.0416995221623816
DCAF10	0.58942629356544	-0.015388062730255	0.99832044829263	-0.015388062730255
TMCC3	0.589581644141146	-0.0143675622048645	0.99832044829263	-0.0143675622048645
MAG	0.589832965992202	0.0168726208274888	0.99832044829263	0.0168726208274888
WDR81	0.590233712811777	0.030026905799964	0.99832044829263	0.030026905799964
ZNF92	0.590281039712627	-0.0406284249006261	0.99832044829263	-0.0406284249006261
GOLGA5	0.590358445721597	-0.0237354745617374	0.99832044829263	-0.0237354745617374
FRMD3	0.590826269447757	-0.0276889442612367	0.99832044829263	-0.0276889442612367
SLC25A6	0.59096305217213	-0.0401124437659093	0.99832044829263	-0.0401124437659093
ATG2B	0.590984407552122	-0.0173396492612307	0.99832044829263	-0.0173396492612307
ZNF347	0.591007482007825	-0.0251282815546471	0.99832044829263	-0.0251282815546471
TMEM181	0.59101407696346	-0.013798404466703	0.99832044829263	-0.013798404466703
MFSD14C	0.591080305058135	0.0160577561883507	0.99832044829263	0.0160577561883507
GAL3ST1	0.59116273888683	-0.0208037321345746	0.99832044829263	-0.0208037321345746
MT-CO3	0.591182867995431	0.0192955900970781	0.99832044829263	0.0192955900970781
ATF1	0.591257792323236	-0.0192310023398531	0.99832044829263	-0.0192310023398531
ARPC5	0.591329379620884	-0.0207460925088177	0.99832044829263	-0.0207460925088177
CRCP	0.591354269635487	-0.0229079252345169	0.99832044829263	-0.0229079252345169
RPL32	0.591397752041616	-0.0371576639947049	0.99832044829263	-0.0371576639947049
ZNF536	0.591467330372481	-0.00928265815143344	0.99832044829263	-0.00928265815143344
ELL	0.591483847911024	0.0282824472615961	0.99832044829263	0.0282824472615961
DLGAP4	0.591819860107854	-0.041056700501048	0.99832044829263	-0.041056700501048
AC016831.5	0.592005407624628	0.0302581935913407	0.99832044829263	0.0302581935913407
SRPK1	0.592289807095259	-0.0256492736738463	0.99832044829263	-0.0256492736738463
PRPF4	0.592291893625095	0.0481442618602201	0.99832044829263	0.0481442618602201
PACC1	0.59253224241614	-0.0209983486674712	0.99832044829263	-0.0209983486674712
SFRP1	0.592600805067477	-0.0266793675011171	0.99832044829263	-0.0266793675011171
SP1	0.592724044780479	0.0232523092139452	0.99832044829263	0.0232523092139452
DGKB	0.592770175133751	-0.063303515102321	0.99832044829263	-0.063303515102321
KALRN	0.592776060198074	-0.0528120474704928	0.99832044829263	-0.0528120474704928
TFB1M	0.592925174628016	-0.0244863524885599	0.99832044829263	-0.0244863524885599
QDPR	0.593075615655235	-0.0140104997226159	0.99832044829263	-0.0140104997226159
DGKE	0.593104422658429	-0.0349935555395647	0.99832044829263	-0.0349935555395647
EEF1A1	0.593116679722056	0.0268773169460058	0.99832044829263	0.0268773169460058
TMC6	0.593239474740229	0.0157634098650915	0.99832044829263	0.0157634098650915
ZNF512	0.593337844508145	0.0234476566500658	0.99832044829263	0.0234476566500658
VAPB	0.593355015888021	-0.0192949692354882	0.99832044829263	-0.0192949692354882
ARFGEF2	0.593364251864131	0.0165502649311683	0.99832044829263	0.0165502649311683
SLC12A6	0.593580865894276	-0.0150768441495229	0.99832044829263	-0.0150768441495229
LSM12	0.593603768076498	-0.0243979899674874	0.99832044829263	-0.0243979899674874
TTC38	0.593635440767811	-0.0325014532061576	0.99832044829263	-0.0325014532061576
SCYL2	0.593682376819154	-0.0198875724257861	0.99832044829263	-0.0198875724257861
PSIP1	0.59377145552453	-0.0164698866107429	0.99832044829263	-0.0164698866107429
JMY	0.593939617056958	0.0184989285676884	0.99832044829263	0.0184989285676884
FBXL14	0.593941410664931	-0.0273297309224923	0.99832044829263	-0.0273297309224923
PIGC	0.594017140613229	-0.0315080338627493	0.99832044829263	-0.0315080338627493
DPYSL4	0.594061649604242	-0.0335458041320025	0.99832044829263	-0.0335458041320025
NDUFB4	0.594094543109791	-0.0457622264568922	0.99832044829263	-0.0457622264568922
CNOT9	0.594176882906736	-0.0257291932220374	0.99832044829263	-0.0257291932220374
GTF2H5	0.594234232625245	0.0271128244222269	0.99832044829263	0.0271128244222269
IGF1R	0.594240377970803	-0.0132834797115975	0.99832044829263	-0.0132834797115975
RASGEF1C	0.59427349450652	0.0390966007613702	0.99832044829263	0.0390966007613702
HSF4	0.594306228330768	0.0289252337205029	0.99832044829263	0.0289252337205029
NAIP	0.594398273787971	0.0216613994580987	0.99832044829263	0.0216613994580987
NRXN3	0.594518852378008	0.011177809381955	0.99832044829263	0.011177809381955
KANK1	0.594625299301947	-0.0117523694918743	0.99832044829263	-0.0117523694918743
ZNF460-AS1	0.594706504641982	-0.0292988552209078	0.99832044829263	-0.0292988552209078
KRAS	0.594746798129419	0.0343382803231615	0.99832044829263	0.0343382803231615
GLE1	0.594974502760094	-0.023524669547789	0.99832044829263	-0.023524669547789
POLD3	0.595267484049573	-0.0211830920918145	0.99832044829263	-0.0211830920918145
HERPUD2	0.59535420778585	0.020293883566471	0.99832044829263	0.020293883566471
PDZD4	0.595544585805598	-0.0927815414843026	0.99832044829263	-0.0927815414843026
PGM3	0.595624809379492	0.0274387701587132	0.99832044829263	0.0274387701587132
KDM6B	0.595652412093357	-0.0502465438641758	0.99832044829263	-0.0502465438641758
PLEKHA7	0.595816470052831	-0.0275765786664511	0.99832044829263	-0.0275765786664511
LERFS	0.596190581242876	0.0638042291793241	0.99832044829263	0.0638042291793241
RHOA	0.596202415364605	0.0216885402108037	0.99832044829263	0.0216885402108037
SRGAP2	0.596205570569844	0.0167318845104077	0.99832044829263	0.0167318845104077
MT-ND6	0.596388151537784	0.0470249506002501	0.99832044829263	0.0470249506002501
TRMT10C	0.596693841853752	-0.0535006572853177	0.99832044829263	-0.0535006572853177
TXNL4B	0.596745981731658	-0.024349152750568	0.99832044829263	-0.024349152750568
ZNF107	0.596760597538103	0.0290054988022151	0.99832044829263	0.0290054988022151
AP1G1	0.596769953260899	0.014321055020518	0.99832044829263	0.014321055020518
ZNF12	0.596846822108941	0.0263665840264938	0.99832044829263	0.0263665840264938
ALCAM	0.59688519585518	0.00822516889705753	0.99832044829263	0.00822516889705753
AZIN1-AS1	0.596946071461766	0.0233605575289735	0.99832044829263	0.0233605575289735
MRPL13	0.597022248107286	0.0406292418498195	0.99832044829263	0.0406292418498195
NPRL3	0.597043466241642	-0.015481471386665	0.99832044829263	-0.015481471386665
SHOC2	0.597060872330073	0.018430273097715	0.99832044829263	0.018430273097715
PSMD12	0.597121541174908	0.0268023936779597	0.99832044829263	0.0268023936779597
YWHAG	0.597173885988716	-0.0285693600118408	0.99832044829263	-0.0285693600118408
PANK2	0.597336201333362	-0.0257308453026038	0.99832044829263	-0.0257308453026038
RANBP3	0.597339838253797	-0.0207959500689122	0.99832044829263	-0.0207959500689122
TSC22D2	0.597609777471262	-0.0168697702466454	0.99832044829263	-0.0168697702466454
CCDC134	0.597651777819035	0.0415962221894854	0.99832044829263	0.0415962221894854
ZFAT	0.597777771261886	0.0272650868959131	0.99832044829263	0.0272650868959131
ARAP1	0.597789587994659	-0.0181557663535752	0.99832044829263	-0.0181557663535752
GRM7	0.597835222169015	0.0542573860313217	0.99832044829263	0.0542573860313217
NOLC1	0.597883515011803	-0.038037916609475	0.99832044829263	-0.038037916609475
UROS	0.597905557839969	-0.0211119196474373	0.99832044829263	-0.0211119196474373
MTERF3	0.597997778892163	-0.0352592802601407	0.99832044829263	-0.0352592802601407
PTBP3	0.598044480860884	-0.0265252348678105	0.99832044829263	-0.0265252348678105
TUBB4B	0.59809700807945	0.0615145422749136	0.99832044829263	0.0615145422749136
ZNF670	0.598177435414672	0.0350182235612377	0.99832044829263	0.0350182235612377
AL589843.1	0.598263413419286	-0.0310778229629351	0.99832044829263	-0.0310778229629351
CDH10	0.598407998099349	-0.0583226157804498	0.99832044829263	-0.0583226157804498
ERAP1	0.598590313642422	-0.0343206506905835	0.99832044829263	-0.0343206506905835
CCDC125	0.59862754940226	-0.0270129832745603	0.99832044829263	-0.0270129832745603
RABGAP1	0.598647835123978	-0.0119850726463004	0.99832044829263	-0.0119850726463004
ZNF16	0.598678543768511	-0.0412018028983	0.99832044829263	-0.0412018028983
ADCK1	0.599027516652363	-0.0225282786675652	0.99832044829263	-0.0225282786675652
LINC01949	0.599036241590007	0.0460548103339845	0.99832044829263	0.0460548103339845
CSNK2B	0.599071323901004	-0.0331166642277918	0.99832044829263	-0.0331166642277918
SPTSSA	0.599147021757338	-0.0338748897127836	0.99832044829263	-0.0338748897127836
ZADH2	0.599180259796967	-0.0347107939686475	0.99832044829263	-0.0347107939686475
SIPA1	0.599232487481722	0.0395575042845091	0.99832044829263	0.0395575042845091
PMEPA1	0.599296303532298	-0.0333502847908502	0.99832044829263	-0.0333502847908502
ZNF76	0.5993364939149	0.0208169245084572	0.99832044829263	0.0208169245084572
PHLPP2	0.599338607706904	-0.0246964743199537	0.99832044829263	-0.0246964743199537
CALN1	0.599466878103433	-0.0256273266382365	0.99832044829263	-0.0256273266382365
RPL3	0.599497552468916	-0.0352673750616715	0.99832044829263	-0.0352673750616715
CACNG3	0.599724481816912	-0.0546707600007812	0.99832044829263	-0.0546707600007812
HYOU1	0.59980715203744	0.0416145289258327	0.99832044829263	0.0416145289258327
ATAD2B	0.599811754546192	0.0145026185676814	0.99832044829263	0.0145026185676814
CALY	0.599917071349318	-0.0587532909762684	0.99832044829263	-0.0587532909762684
DENND4A	0.600043305026774	0.0106054986805479	0.99832044829263	0.0106054986805479
MRPL33	0.600153537507826	0.023528212146687	0.99832044829263	0.023528212146687
CLCN4	0.600170660656005	0.0178466757379967	0.99832044829263	0.0178466757379967
FAT4	0.600186144890372	-0.0181845828782341	0.99832044829263	-0.0181845828782341
NR1H3	0.600425616563448	0.0250044141447543	0.99832044829263	0.0250044141447543
APLP2	0.600584336858212	0.0371116698861483	0.99832044829263	0.0371116698861483
CCDC50	0.600591677240123	0.0310088423185494	0.99832044829263	0.0310088423185494
SSPN	0.600713526849739	-0.0279931699371581	0.99832044829263	-0.0279931699371581
VTI1A	0.600738503133377	0.0124334509020829	0.99832044829263	0.0124334509020829
HSPA4	0.60082118713915	0.0232343771192541	0.99832044829263	0.0232343771192541
RECQL5	0.600950365070579	0.023348959444682	0.99832044829263	0.023348959444682
SHLD2	0.600960118685333	0.0186418966276876	0.99832044829263	0.0186418966276876
AC113370.1	0.600980841715541	-0.0315741844892936	0.99832044829263	-0.0315741844892936
PCDH11X	0.60117290727979	0.0589079318496005	0.99832044829263	0.0589079318496005
MAP2K5	0.601173455620299	-0.0113217065100441	0.99832044829263	-0.0113217065100441
CENPX	0.60121959779313	0.0503316128680295	0.99832044829263	0.0503316128680295
MPP5	0.601295867701289	-0.01291982965669	0.99832044829263	-0.01291982965669
UBAC2	0.601398787711646	0.0179915119691862	0.99832044829263	0.0179915119691862
CDK14	0.601432134221847	-0.0466587819158295	0.99832044829263	-0.0466587819158295
NBEA	0.601450942160905	0.0227646548921871	0.99832044829263	0.0227646548921871
FBXO45	0.601453859987621	0.0431986947665076	0.99832044829263	0.0431986947665076
SDHD	0.601601179412101	0.0323780600682997	0.99832044829263	0.0323780600682997
LINC00271	0.601734570259192	0.0304451195566717	0.99832044829263	0.0304451195566717
PCM1	0.601759539674476	0.0108626137824346	0.99832044829263	0.0108626137824346
CTNNBIP1	0.601795482096825	0.0211374662519344	0.99832044829263	0.0211374662519344
BRICD5	0.601851958461105	-0.0372828871150593	0.99832044829263	-0.0372828871150593
AC096564.1	0.601949318322566	-0.0139043036965065	0.99832044829263	-0.0139043036965065
OMG	0.602005336545268	-0.0225955497892631	0.99832044829263	-0.0225955497892631
LINC01301	0.602008424120717	0.0383672180191834	0.99832044829263	0.0383672180191834
ZGPAT	0.602033065490948	-0.0312606746492264	0.99832044829263	-0.0312606746492264
MAGEH1	0.602055806844487	0.0447424742622651	0.99832044829263	0.0447424742622651
KPNA2	0.602217406525686	0.0508548354818881	0.99832044829263	0.0508548354818881
CERS6	0.602276033869166	0.0643318040846903	0.99832044829263	0.0643318040846903
POLDIP3	0.602489624062963	-0.0206468392093148	0.99832044829263	-0.0206468392093148
LINC00294	0.602542158193895	0.0370372620330979	0.99832044829263	0.0370372620330979
MAP2K4	0.602588928573497	-0.0145558058852519	0.99832044829263	-0.0145558058852519
PPT2	0.602609234728496	-0.039290285074512	0.99832044829263	-0.039290285074512
ABCB6	0.602740991349271	-0.0385057346509303	0.99832044829263	-0.0385057346509303
ZCCHC2	0.602780855447802	-0.0188456490797707	0.99832044829263	-0.0188456490797707
NDUFS6	0.602790359929555	-0.0378298151855917	0.99832044829263	-0.0378298151855917
AL132780.1	0.602887668227649	-0.0440760324511624	0.99832044829263	-0.0440760324511624
TBCEL	0.602888056999619	0.0235900372589245	0.99832044829263	0.0235900372589245
GPAM	0.602920500901218	-0.0400331855341526	0.99832044829263	-0.0400331855341526
PRPF3	0.602948894714182	0.0226875314741284	0.99832044829263	0.0226875314741284
TRIM47	0.603163609272911	-0.0474131490697178	0.99832044829263	-0.0474131490697178
MRPL11	0.60323150933917	0.0440714029938275	0.99832044829263	0.0440714029938275
ZNF112	0.603547198113644	0.0335286729786585	0.99832044829263	0.0335286729786585
C1orf61	0.603686263599151	-0.0336441671609051	0.99832044829263	-0.0336441671609051
HEXD	0.603825501561731	-0.0196250162674727	0.99832044829263	-0.0196250162674727
DPH6-DT	0.603968966513267	0.0174832786332474	0.99832044829263	0.0174832786332474
RAB5B	0.604004965357394	0.0197275382496035	0.99832044829263	0.0197275382496035
IWS1	0.604022627185296	-0.0166099563794928	0.99832044829263	-0.0166099563794928
RCBTB1	0.604197578925006	0.0190010808080044	0.99832044829263	0.0190010808080044
NASP	0.604223901115199	0.0138497983814525	0.99832044829263	0.0138497983814525
GALNT15	0.604586085965112	-0.0249168491460727	0.99832044829263	-0.0249168491460727
C1D	0.604613367513569	-0.0252983104361061	0.99832044829263	-0.0252983104361061
ILF3-DT	0.604664205973684	0.021374651341551	0.99832044829263	0.021374651341551
HULC	0.604671519435228	0.0140679639839729	0.99832044829263	0.0140679639839729
KCTD16	0.604718577764581	0.0529368446175034	0.99832044829263	0.0529368446175034
SIN3B	0.604731699400521	0.0207567321862173	0.99832044829263	0.0207567321862173
ZNRF1	0.605044574300774	-0.0212509846227113	0.99832044829263	-0.0212509846227113
MYLK-AS1	0.605261259559065	-0.0283187593706414	0.99832044829263	-0.0283187593706414
ASB8	0.605500109787524	-0.0287991311392085	0.99832044829263	-0.0287991311392085
AP001372.2	0.605583202449213	0.0388916083609019	0.99832044829263	0.0388916083609019
CALCOCO1	0.605618848848141	0.0210858242719393	0.99832044829263	0.0210858242719393
AC132153.1	0.605695164414196	0.0288531542499685	0.99832044829263	0.0288531542499685
DMTF1	0.605860806897597	0.0131172492940742	0.99832044829263	0.0131172492940742
RPS9	0.605934665500205	-0.026589271605261	0.99832044829263	-0.026589271605261
TBC1D31	0.606050209050191	-0.0296889091491425	0.99832044829263	-0.0296889091491425
ADAM32	0.606092601544726	-0.0387151604487845	0.99832044829263	-0.0387151604487845
CLINT1	0.606162500373398	-0.0217537176458657	0.99832044829263	-0.0217537176458657
AL139289.2	0.606457140014679	-0.0323076893076424	0.99832044829263	-0.0323076893076424
ZNF667-AS1	0.606634171479168	0.0346065515573106	0.99832044829263	0.0346065515573106
MZT2B	0.606690671657468	-0.0318252352181895	0.99832044829263	-0.0318252352181895
WDR47	0.606743329706047	0.027905199992596	0.99832044829263	0.027905199992596
NELFA	0.606780253658665	0.0173808112262401	0.99832044829263	0.0173808112262401
SYNJ2	0.60686030896759	-0.00954762400379982	0.99832044829263	-0.00954762400379982
TCF3	0.606921599103526	-0.032278481670177	0.99832044829263	-0.032278481670177
TWISTNB	0.606975069818391	-0.0382662483690753	0.99832044829263	-0.0382662483690753
SKAP2	0.607109251877229	-0.0451897402433936	0.99832044829263	-0.0451897402433936
ARID3B	0.607352312321944	-0.0329695830033873	0.99832044829263	-0.0329695830033873
SNX12	0.607368270181605	0.037290942009804	0.99832044829263	0.037290942009804
FAM193A	0.607714045999655	0.0146565182567792	0.99832044829263	0.0146565182567792
RBM4	0.607976662430358	0.0195952209080049	0.99832044829263	0.0195952209080049
P4HB	0.60801211755284	0.0184374766702112	0.99832044829263	0.0184374766702112
NRDC	0.608029480356754	-0.0114931843730779	0.99832044829263	-0.0114931843730779
SLC25A24	0.608082587112437	-0.0370548533726538	0.99832044829263	-0.0370548533726538
FASTK	0.608093467627467	0.0230845179351602	0.99832044829263	0.0230845179351602
TET2	0.6080970520725	0.0130911595928028	0.99832044829263	0.0130911595928028
COQ8B	0.60817909508553	-0.0341688832413585	0.99832044829263	-0.0341688832413585
FCF1	0.608248444137075	0.0230631432993512	0.99832044829263	0.0230631432993512
MAN2B2	0.608294875220522	-0.0247146699042435	0.99832044829263	-0.0247146699042435
BRCA1	0.608374828277005	-0.0228413354613336	0.99832044829263	-0.0228413354613336
CD55	0.608375233962675	0.0181581442990487	0.99832044829263	0.0181581442990487
TRNT1	0.608408677054689	0.0339584828216702	0.99832044829263	0.0339584828216702
LGR5	0.608549725699455	-0.0188403200478124	0.99832044829263	-0.0188403200478124
ARSK	0.608640874892361	0.03606762933618	0.99832044829263	0.03606762933618
NSRP1	0.608743196160075	0.0147997696349479	0.99832044829263	0.0147997696349479
ALAD	0.608810990873814	0.023761641525643	0.99832044829263	0.023761641525643
Z83843.1	0.608896519460573	-0.0313921167753519	0.99832044829263	-0.0313921167753519
RNF167	0.609149128026244	0.0295927717496254	0.99832044829263	0.0295927717496254
SAP30L	0.609452330790435	-0.0328858501794782	0.99832044829263	-0.0328858501794782
TTL	0.609595359438589	0.0148979203904128	0.99832044829263	0.0148979203904128
CADM4	0.609603157214585	0.0178800296861048	0.99832044829263	0.0178800296861048
GLIDR	0.60965428847523	0.0385913335022455	0.99832044829263	0.0385913335022455
AL021707.1	0.609666997120858	-0.0529503037250026	0.99832044829263	-0.0529503037250026
TYRO3	0.609744036387844	0.0117180449990876	0.99832044829263	0.0117180449990876
MCRIP1	0.609825718056898	0.0250705526459895	0.99832044829263	0.0250705526459895
ZNF527	0.609826598802158	-0.0409771829181465	0.99832044829263	-0.0409771829181465
RPL31	0.609920884098127	0.036248565493251	0.99832044829263	0.036248565493251
SOGA1	0.609920899450927	0.0141102263757116	0.99832044829263	0.0141102263757116
PSPC1	0.610052865321085	-0.0137718419812966	0.99832044829263	-0.0137718419812966
CC2D1B	0.610067442043896	-0.0301515315052961	0.99832044829263	-0.0301515315052961
LINC00870	0.610479638744051	0.0453775305739176	0.99832044829263	0.0453775305739176
P4HTM	0.610551047274707	-0.0310378739923518	0.99832044829263	-0.0310378739923518
PSMB1	0.610582664896103	0.0238487222173196	0.99832044829263	0.0238487222173196
MFSD4B	0.610623541528943	-0.0232236129948661	0.99832044829263	-0.0232236129948661
FOXN3	0.610709415126285	-0.0131661583294093	0.99832044829263	-0.0131661583294093
AL353688.1	0.610727021687494	-0.0313971726251805	0.99832044829263	-0.0313971726251805
HAX1	0.610836063190732	0.0425915662756712	0.99832044829263	0.0425915662756712
AGBL3	0.610849987356417	-0.0247247713882568	0.99832044829263	-0.0247247713882568
NKTR	0.610925219898317	0.0126895161380113	0.99832044829263	0.0126895161380113
AC135507.1	0.610971570490905	-0.0353475886711666	0.99832044829263	-0.0353475886711666
SIL1	0.611045667503759	0.0131208893747781	0.99832044829263	0.0131208893747781
METTL17	0.611067341957401	0.0253129451903123	0.99832044829263	0.0253129451903123
SEC23IP	0.611104168411843	-0.0186348025101893	0.99832044829263	-0.0186348025101893
TIPARP	0.611123523496221	0.0253259666403467	0.99832044829263	0.0253259666403467
TTBK1	0.611281926491637	0.0201673852868969	0.99832044829263	0.0201673852868969
PUS10	0.611312265012462	0.028507478097828	0.99832044829263	0.028507478097828
BAZ2A	0.611340961155739	-0.0149067809632569	0.99832044829263	-0.0149067809632569
NTM	0.611378890589362	0.0121330816911211	0.99832044829263	0.0121330816911211
CMTM5	0.611427782288644	0.0288962486414324	0.99832044829263	0.0288962486414324
CCDC25	0.611529102929039	0.0257454554022547	0.99832044829263	0.0257454554022547
SLC25A44	0.611532733723754	0.0307805190628081	0.99832044829263	0.0307805190628081
CCT7	0.611579792834809	-0.0406835201478393	0.99832044829263	-0.0406835201478393
BBS5	0.611820504974765	0.0333806641598887	0.99832044829263	0.0333806641598887
SCP2	0.611841608033396	-0.0211289500076036	0.99832044829263	-0.0211289500076036
TFDP1	0.611912665104612	0.0428239258139927	0.99832044829263	0.0428239258139927
RMDN1	0.612097766210219	0.0188851481629295	0.99832044829263	0.0188851481629295
ATAD5	0.612118599569651	0.0291106952184101	0.99832044829263	0.0291106952184101
C19orf38	0.612215785467288	0.0421512290084547	0.99832044829263	0.0421512290084547
TTC8	0.612222377992544	0.0492197625486614	0.99832044829263	0.0492197625486614
HMG20A	0.612270661577004	-0.0170718656862648	0.99832044829263	-0.0170718656862648
STRBP	0.61229325766147	0.0335631935935746	0.99832044829263	0.0335631935935746
PHPT1	0.612305169304134	0.0385648266353318	0.99832044829263	0.0385648266353318
GAK	0.612469651162126	-0.0181790110570182	0.99832044829263	-0.0181790110570182
CDKN2AIP	0.612970851748607	-0.0470961201492652	0.99832044829263	-0.0470961201492652
FN3KRP	0.613055900654821	0.02504329678919	0.99832044829263	0.02504329678919
SGSM2	0.61310396066255	-0.034706543492072	0.99832044829263	-0.034706543492072
EPS15L1	0.613353599542395	0.0145516741417716	0.99832044829263	0.0145516741417716
GPC5	0.613395606180627	0.0376566739231856	0.99832044829263	0.0376566739231856
SYF2	0.613578319039305	0.0293977728228341	0.99832044829263	0.0293977728228341
XPO1	0.613592112141938	-0.0148279622307499	0.99832044829263	-0.0148279622307499
CALU	0.613642343594332	0.0226129504271218	0.99832044829263	0.0226129504271218
PAXIP1-AS1	0.613673597034262	0.0307382736753821	0.99832044829263	0.0307382736753821
YLPM1	0.613691639591433	0.0129152945029437	0.99832044829263	0.0129152945029437
SMPD4	0.613702615845005	0.0156426627805328	0.99832044829263	0.0156426627805328
NXF1	0.613783697984281	0.0345913954132717	0.99832044829263	0.0345913954132717
RAI1	0.613933984778665	-0.019600517609993	0.99832044829263	-0.019600517609993
AC021752.1	0.61414666932706	0.022241166657878	0.99832044829263	0.022241166657878
TAZ	0.614275856472934	0.0167734322218268	0.99832044829263	0.0167734322218268
C14orf119	0.614278135794776	0.0457877726765894	0.99832044829263	0.0457877726765894
EXOC6B	0.614326921745013	-0.00777109742520959	0.99832044829263	-0.00777109742520959
WDR70	0.614332703917101	0.010988542797088	0.99832044829263	0.010988542797088
SLF2	0.614385412531892	-0.0139767299601768	0.99832044829263	-0.0139767299601768
CLVS1	0.614583696824034	0.0325728391999467	0.99832044829263	0.0325728391999467
NSMCE3	0.614629447946739	0.0441548831583145	0.99832044829263	0.0441548831583145
TMEM11	0.614669711557584	0.0413615499005383	0.99832044829263	0.0413615499005383
RNF20	0.614749774578568	-0.0239177158181713	0.99832044829263	-0.0239177158181713
SUGCT	0.614765262408529	0.024803117436427	0.99832044829263	0.024803117436427
MN1	0.614832163164318	-0.0319740989838013	0.99832044829263	-0.0319740989838013
MAN1A2	0.614849435521505	0.0157715941927185	0.99832044829263	0.0157715941927185
PRKDC	0.614889184969887	-0.0127923453671493	0.99832044829263	-0.0127923453671493
CBLL1	0.614890633730119	0.0334392619669016	0.99832044829263	0.0334392619669016
SLITRK1	0.614920444337045	0.0291781348072515	0.99832044829263	0.0291781348072515
SCLT1	0.614976556892528	-0.0156552551503879	0.99832044829263	-0.0156552551503879
CLASP1	0.615166856377107	-0.00938961325803312	0.99832044829263	-0.00938961325803312
EMSY	0.615183784323314	-0.0129704783046215	0.99832044829263	-0.0129704783046215
ZNF638	0.615209748786314	0.00826229732405751	0.99832044829263	0.00826229732405751
PRDM4	0.615348307601992	-0.024599371780293	0.99832044829263	-0.024599371780293
YIPF2	0.61537273096557	0.0342675770647113	0.99832044829263	0.0342675770647113
PRORP	0.615384850290874	0.0185651483613176	0.99832044829263	0.0185651483613176
KIF3C	0.615411861116127	-0.029809518642843	0.99832044829263	-0.029809518642843
TASP1	0.615743027535394	0.0255727507415012	0.99832044829263	0.0255727507415012
MANSC1	0.615752365174591	0.0343247276554427	0.99832044829263	0.0343247276554427
LACTB	0.615767446991249	0.0301608260872462	0.99832044829263	0.0301608260872462
CASTOR2	0.615991008718858	0.0185585806542165	0.99832044829263	0.0185585806542165
WDR48	0.616035750277945	0.0195210626602584	0.99832044829263	0.0195210626602584
POLR3C	0.616161450624408	-0.0252913384902622	0.99832044829263	-0.0252913384902622
PHF7	0.616276873410626	0.0232509435921094	0.99832044829263	0.0232509435921094
COX15	0.61644746069787	0.0260271539153131	0.99832044829263	0.0260271539153131
MMP17	0.616617696626667	-0.0510740701043491	0.99832044829263	-0.0510740701043491
DDX59	0.616860617839133	0.0305525595506071	0.99832044829263	0.0305525595506071
PBX1	0.616951804402438	-0.0109287421341038	0.99832044829263	-0.0109287421341038
TFAP4	0.617002309210612	0.038395560478499	0.99832044829263	0.038395560478499
EPHB6	0.617038177917736	0.0797082949465725	0.99832044829263	0.0797082949465725
MIEN1	0.617099259190647	0.0472184066695067	0.99832044829263	0.0472184066695067
NSA2	0.617219651285238	0.0273655680157833	0.99832044829263	0.0273655680157833
RBMX	0.617223656546117	0.0138986005309752	0.99832044829263	0.0138986005309752
NME2	0.617317988594434	-0.0531739541187768	0.99832044829263	-0.0531739541187768
WDPCP	0.617385620549887	-0.0103536499691935	0.99832044829263	-0.0103536499691935
GCDH	0.617415578313261	-0.0178629486350821	0.99832044829263	-0.0178629486350821
PPP1CA	0.617644483281601	0.0265081718144502	0.99832044829263	0.0265081718144502
NEK1	0.617726093349772	0.0131716432977964	0.99832044829263	0.0131716432977964
MIPOL1	0.618047913781661	0.0329269652346364	0.99832044829263	0.0329269652346364
IL3RA	0.618106948462745	0.0385845075241073	0.99832044829263	0.0385845075241073
SEL1L	0.618221929983619	-0.0141276465284185	0.99832044829263	-0.0141276465284185
CMSS1	0.618232563771024	0.0129241693206179	0.99832044829263	0.0129241693206179
TIAF1	0.618323013556181	-0.047908303077903	0.99832044829263	-0.047908303077903
AL022311.1	0.618371375458795	-0.0385879888907624	0.99832044829263	-0.0385879888907624
EVI5	0.618504784627603	0.0108486191415634	0.99832044829263	0.0108486191415634
EML5	0.618586334033663	0.0269152659297215	0.99832044829263	0.0269152659297215
FOXK1	0.61861482290011	0.0117383309614508	0.99832044829263	0.0117383309614508
ZNF2	0.619213254467767	-0.0386699044861587	0.99832044829263	-0.0386699044861587
PACRG	0.619333507250395	0.0433294764216173	0.99832044829263	0.0433294764216173
YPEL3	0.619447740348272	-0.0177732208426857	0.99832044829263	-0.0177732208426857
MAN1C1	0.619448844518238	-0.0327289233717843	0.99832044829263	-0.0327289233717843
TMEM242	0.619558405825992	-0.0279012014362372	0.99832044829263	-0.0279012014362372
MYO9A	0.619613253424153	-0.0107361069877236	0.99832044829263	-0.0107361069877236
AC066613.1	0.619724806558956	-0.0419321902822352	0.99832044829263	-0.0419321902822352
ZNF789	0.619811445427905	-0.0238965327592075	0.99832044829263	-0.0238965327592075
CXorf56	0.61981723107752	-0.0445044672512042	0.99832044829263	-0.0445044672512042
GFER	0.619940391869983	-0.0459205548820795	0.99832044829263	-0.0459205548820795
AL080276.2	0.620391305370091	0.0423429315897157	0.99832044829263	0.0423429315897157
CYSTM1	0.620429825342133	0.0353039074764644	0.99832044829263	0.0353039074764644
PEX5L	0.620450538112791	-0.00864082648788101	0.99832044829263	-0.00864082648788101
ZFYVE9	0.620497174483264	0.0212436448748701	0.99832044829263	0.0212436448748701
DUSP16	0.620556633253295	-0.0137288465528673	0.99832044829263	-0.0137288465528673
ALK	0.620635796515884	-0.0343490945229575	0.99832044829263	-0.0343490945229575
SOD2	0.620728978835976	-0.017992213213093	0.99832044829263	-0.017992213213093
SV2B	0.62085779621893	-0.0351701235899985	0.99832044829263	-0.0351701235899985
ZNF180	0.620985527158577	-0.0367918831695443	0.99832044829263	-0.0367918831695443
TMBIM4	0.621075196196194	-0.0202341213564658	0.99832044829263	-0.0202341213564658
SBF1	0.621141183459006	-0.0195684315587681	0.99832044829263	-0.0195684315587681
RNF34	0.621152506082863	0.0178275479089571	0.99832044829263	0.0178275479089571
PRDX6	0.621198345041104	0.0352159374011014	0.99832044829263	0.0352159374011014
AC027601.6	0.621346491282195	-0.0384784231011015	0.99832044829263	-0.0384784231011015
ECSIT	0.621420517550294	-0.0233517600706433	0.99832044829263	-0.0233517600706433
SEMA4B	0.621678851935355	0.0299829595968773	0.99832044829263	0.0299829595968773
TCP1	0.621702550423927	-0.0313068794102903	0.99832044829263	-0.0313068794102903
SQLE	0.621777732507085	0.0217783132308654	0.99832044829263	0.0217783132308654
ADGRL3	0.621797446271546	0.0164802943928	0.99832044829263	0.0164802943928
ZSCAN32	0.621904002650844	0.0421271560858656	0.99832044829263	0.0421271560858656
RCAN1	0.621966858806651	0.0150042447464856	0.99832044829263	0.0150042447464856
ZC2HC1A	0.622219144853145	0.0293429064618854	0.99832044829263	0.0293429064618854
PNRC2	0.622254009170456	-0.0333200569554463	0.99832044829263	-0.0333200569554463
SERP1	0.622423455354529	0.0180833953274499	0.99832044829263	0.0180833953274499
ATP6V0C	0.622534327748025	0.0325871843627882	0.99832044829263	0.0325871843627882
DDIT4	0.622595879039008	0.0304213942764709	0.99832044829263	0.0304213942764709
CCNL1	0.622851709412724	-0.0132414503384239	0.99832044829263	-0.0132414503384239
VKORC1L1	0.622891416653317	0.0160701682829208	0.99832044829263	0.0160701682829208
CYP27A1	0.622928953609807	0.0125836707190033	0.99832044829263	0.0125836707190033
DICER1-AS1	0.62297783518764	0.0211940671830187	0.99832044829263	0.0211940671830187
MRNIP	0.623013047774618	0.0211755336422479	0.99832044829263	0.0211755336422479
STAT5A	0.623125091156039	0.0345167673781943	0.99832044829263	0.0345167673781943
PFKFB2	0.623150254874836	-0.0322148932212964	0.99832044829263	-0.0322148932212964
HECTD3	0.623154119326626	-0.0401177107069548	0.99832044829263	-0.0401177107069548
SLC2A13	0.623326015515031	0.0487991837558772	0.99832044829263	0.0487991837558772
KIF6	0.623436086139807	0.0122120176191889	0.99832044829263	0.0122120176191889
HMGCL	0.623572089395095	0.0218879140578993	0.99832044829263	0.0218879140578993
CCDC126	0.623578969591	-0.0220540556665852	0.99832044829263	-0.0220540556665852
AGTRAP	0.623622692473352	0.0412112141278796	0.99832044829263	0.0412112141278796
TOMM6	0.623717703345095	-0.0376755179679425	0.99832044829263	-0.0376755179679425
FAM174B	0.623861586899376	0.0164471252640591	0.99832044829263	0.0164471252640591
ABCC10	0.623891016502982	0.0282424997057178	0.99832044829263	0.0282424997057178
CDH20	0.62389658229612	-0.00910065066717091	0.99832044829263	-0.00910065066717091
HIVEP3	0.62391729935307	0.0182049495394912	0.99832044829263	0.0182049495394912
GSTCD	0.623991550620912	0.0211598955315396	0.99832044829263	0.0211598955315396
HSPA9	0.62410284990189	0.0159889870614453	0.99832044829263	0.0159889870614453
TCF4	0.62431354865399	-0.00729208209680269	0.99832044829263	-0.00729208209680269
VRK3	0.624353289299478	-0.0195972325975772	0.99832044829263	-0.0195972325975772
SH3GL2	0.624431222468045	-0.0584848236496703	0.99832044829263	-0.0584848236496703
KYAT1	0.624504793558497	0.0211400014524289	0.99832044829263	0.0211400014524289
SCN1A	0.624541186482476	-0.0724785511812006	0.99832044829263	-0.0724785511812006
PIGL	0.624631842156277	-0.0178441452493402	0.99832044829263	-0.0178441452493402
FBXL15	0.624633103621359	-0.0556599286921413	0.99832044829263	-0.0556599286921413
LMBR1L	0.624662797742565	-0.0240383535734865	0.99832044829263	-0.0240383535734865
UPF3B	0.62466829243122	-0.0139081576267003	0.99832044829263	-0.0139081576267003
CSTF3	0.624834171580206	0.0174831724862474	0.99832044829263	0.0174831724862474
UTP18	0.624968138481643	0.0226385648434822	0.99832044829263	0.0226385648434822
FSTL4	0.625011718794354	-0.058383110742006	0.99832044829263	-0.058383110742006
FIGN	0.625088708044035	0.0137356150677723	0.99832044829263	0.0137356150677723
AC025034.1	0.6252673911891	0.0342426454498324	0.99832044829263	0.0342426454498324
YKT6	0.625268452083353	-0.0287727223786008	0.99832044829263	-0.0287727223786008
SPATS2	0.625316464673896	0.0336976853839303	0.99832044829263	0.0336976853839303
DNM3	0.625340031918719	-0.00643169732545112	0.99832044829263	-0.00643169732545112
AMY2B	0.625381402993716	0.0242484534837892	0.99832044829263	0.0242484534837892
ZNF875	0.625386521563247	-0.0190060651342062	0.99832044829263	-0.0190060651342062
MNS1	0.625435548343791	-0.0450288367436822	0.99832044829263	-0.0450288367436822
AL445250.1	0.625443275872366	-0.0294096496683951	0.99832044829263	-0.0294096496683951
SF3B5	0.625533716699219	0.0420315064731518	0.99832044829263	0.0420315064731518
RDX	0.625681884761017	-0.00976822807861999	0.99832044829263	-0.00976822807861999
ZNF630	0.625774023952405	0.0305091992451185	0.99832044829263	0.0305091992451185
MARCKSL1	0.625806194848355	-0.0231479867016304	0.99832044829263	-0.0231479867016304
NCAPG2	0.625827869771603	0.0296039622565509	0.99832044829263	0.0296039622565509
SYNGR2	0.625870975033645	0.0267999601666423	0.99832044829263	0.0267999601666423
UBQLN1	0.625891467219487	-0.0177511247682231	0.99832044829263	-0.0177511247682231
VSIG10	0.625940907715063	0.0210018710547155	0.99832044829263	0.0210018710547155
EHMT1	0.625992710819089	0.0118298707197144	0.99832044829263	0.0118298707197144
KAT2B	0.62600295197268	0.0100103118500317	0.99832044829263	0.0100103118500317
RRBP1	0.626009797511563	0.0158096351295532	0.99832044829263	0.0158096351295532
TCEAL3	0.62603357041524	0.0396484836437413	0.99832044829263	0.0396484836437413
ANXA7	0.626093498531748	0.0163270792133645	0.99832044829263	0.0163270792133645
AC010359.3	0.626380116844417	-0.0223876806149968	0.99832044829263	-0.0223876806149968
UNC80	0.626466252587767	-0.0524090189517512	0.99832044829263	-0.0524090189517512
TRMT10A	0.626656056140453	0.0352879900890484	0.99832044829263	0.0352879900890484
POLR1C	0.626861117703145	-0.0269434642353462	0.99832044829263	-0.0269434642353462
ZMYM4	0.626960277929834	0.0139495313676347	0.99832044829263	0.0139495313676347
NKIRAS2	0.627006027619185	0.0381305042617545	0.99832044829263	0.0381305042617545
KCNMB4	0.627081809757519	0.0129849257982688	0.99832044829263	0.0129849257982688
DBNDD2	0.627154687502862	0.020455342895415	0.99832044829263	0.020455342895415
TMED7	0.627313880711092	0.0224100864046491	0.99832044829263	0.0224100864046491
PLBD2	0.627323144793311	-0.0201171810008717	0.99832044829263	-0.0201171810008717
CDK5RAP1	0.627360654652806	-0.018376753325104	0.99832044829263	-0.018376753325104
AP000462.1	0.627475623354443	-0.0538124541931345	0.99832044829263	-0.0538124541931345
MARCH9	0.62748413402702	-0.0340851531153344	0.99832044829263	-0.0340851531153344
ELK1	0.627521082298097	-0.0639379725428246	0.99832044829263	-0.0639379725428246
SCAMP5	0.627633015311462	0.0265258662201331	0.99832044829263	0.0265258662201331
PEX11G	0.627812662850866	-0.0283764018907473	0.99832044829263	-0.0283764018907473
CDC42EP4	0.627819629576449	-0.0359143807895094	0.99832044829263	-0.0359143807895094
TOB1-AS1	0.62788795288179	-0.0281425341673668	0.99832044829263	-0.0281425341673668
RAP2C-AS1	0.627893658490525	0.0260103137737802	0.99832044829263	0.0260103137737802
FLVCR1	0.62793201971047	0.0190560666662678	0.99832044829263	0.0190560666662678
NT5C3A	0.628046437787916	-0.020124410215846	0.99832044829263	-0.020124410215846
NDUFS1	0.628049178012	-0.012757378275622	0.99832044829263	-0.012757378275622
BTG2	0.628050605510723	-0.0324604019228326	0.99832044829263	-0.0324604019228326
GRIPAP1	0.628063756411656	0.0234140177100688	0.99832044829263	0.0234140177100688
TMEM171	0.628146886447291	0.0449316694196357	0.99832044829263	0.0449316694196357
MTMR2	0.628335193319446	-0.0117381170498998	0.99832044829263	-0.0117381170498998
SACM1L	0.628453701771573	0.0210354402147582	0.99832044829263	0.0210354402147582
THADA	0.628457040591558	0.0107124458485667	0.99832044829263	0.0107124458485667
SRPRA	0.628501686989221	0.0371656374670114	0.99832044829263	0.0371656374670114
TMEM168	0.628562380709652	0.0177715761772735	0.99832044829263	0.0177715761772735
MAML2	0.628755173336558	0.0171975870349205	0.99832044829263	0.0171975870349205
NELFE	0.628762134631898	0.0243285696145426	0.99832044829263	0.0243285696145426
ZNF579	0.628832960418443	-0.03528314477968	0.99832044829263	-0.03528314477968
FAN1	0.629046156523969	-0.0142444997649196	0.99832044829263	-0.0142444997649196
ALKBH8	0.629135347182518	-0.0294355533150123	0.99832044829263	-0.0294355533150123
TMED8	0.629161021533049	0.0278991389207265	0.99832044829263	0.0278991389207265
VSNL1	0.629172065243327	0.0522654255947314	0.99832044829263	0.0522654255947314
CPLANE1	0.629701879137744	-0.0141372634297953	0.99832044829263	-0.0141372634297953
SNX5	0.629732494485452	-0.0251711552812633	0.99832044829263	-0.0251711552812633
RBFOX1	0.629735916012615	0.0401037485824244	0.99832044829263	0.0401037485824244
TMEM18	0.629838941533123	0.0378814610991492	0.99832044829263	0.0378814610991492
AC021054.1	0.629840612327542	0.0465487189106911	0.99832044829263	0.0465487189106911
ICE1	0.629931658517029	-0.0147845656599904	0.99832044829263	-0.0147845656599904
RNASEH2C	0.630084068131955	-0.0299141349151432	0.99832044829263	-0.0299141349151432
AC079760.1	0.630135859247502	-0.0311426621247406	0.99832044829263	-0.0311426621247406
HELQ	0.630214719296093	0.0292002151276092	0.99832044829263	0.0292002151276092
PDE1C	0.630215350165023	-0.00852582367759916	0.99832044829263	-0.00852582367759916
STX18-AS1	0.630251877234768	-0.0171249618986356	0.99832044829263	-0.0171249618986356
CEP295	0.630312999464907	-0.018928903619062	0.99832044829263	-0.018928903619062
FYN	0.630416854548294	-0.00922825587612932	0.99832044829263	-0.00922825587612932
AKR7A2	0.630519025290214	0.0426346848609007	0.99832044829263	0.0426346848609007
UVRAG	0.630557646404009	-0.0102069561380501	0.99832044829263	-0.0102069561380501
MSH4	0.630599916342207	0.0313904460619171	0.99832044829263	0.0313904460619171
STARD7	0.630724745684676	0.0165389987610234	0.99832044829263	0.0165389987610234
PHKG1	0.630786089930443	-0.0374020118803359	0.99832044829263	-0.0374020118803359
MRTFA	0.630847158900725	-0.0122400548957657	0.99832044829263	-0.0122400548957657
SAR1B	0.631097037330685	0.0181197089959448	0.99832044829263	0.0181197089959448
CHD5	0.631156270057088	-0.0477110016892548	0.99832044829263	-0.0477110016892548
MIR4300HG	0.63125675148121	0.0416721147064573	0.99832044829263	0.0416721147064573
ADAMTS18	0.631330837253944	0.0434214412997827	0.99832044829263	0.0434214412997827
ZIC1	0.631418020132635	0.0149588299712056	0.99832044829263	0.0149588299712056
GART	0.63151911093633	0.0232929054701875	0.99832044829263	0.0232929054701875
WBP1L	0.631719310286943	0.0173907785024666	0.99832044829263	0.0173907785024666
NUP43	0.631948787646643	0.0222890399826281	0.99832044829263	0.0222890399826281
ARL6	0.632185420039709	-0.0282162713945072	0.99832044829263	-0.0282162713945072
EPS8	0.63219980642286	0.018696335346824	0.99832044829263	0.018696335346824
POLR1A	0.632327151495058	-0.0187923581314137	0.99832044829263	-0.0187923581314137
AK5	0.632547534307287	0.00926968364056737	0.99832044829263	0.00926968364056737
CHMP2A	0.632860469387241	-0.0376253219670744	0.99832044829263	-0.0376253219670744
TM2D3	0.632982929642719	-0.0203407379499225	0.99832044829263	-0.0203407379499225
ARF1	0.63304148341864	0.0227313290531199	0.99832044829263	0.0227313290531199
TACR3	0.633126859127169	-0.0329615099903793	0.99832044829263	-0.0329615099903793
DDX54	0.633225304332064	-0.0338634093615699	0.99832044829263	-0.0338634093615699
LAP3	0.633236843753165	-0.0253075583709087	0.99832044829263	-0.0253075583709087
BLOC1S6	0.633237467401909	0.0222061728782223	0.99832044829263	0.0222061728782223
GPR135	0.633311224588505	-0.0195419215278778	0.99832044829263	-0.0195419215278778
PTPRT	0.633337182992254	0.0441176039136014	0.99832044829263	0.0441176039136014
GNPAT	0.633366978783128	0.0200199219153127	0.99832044829263	0.0200199219153127
RPL36A	0.633584785108947	-0.0417763567096191	0.99832044829263	-0.0417763567096191
PPM1E	0.633696901374006	-0.0421371675477279	0.99832044829263	-0.0421371675477279
ENC1	0.633774037099186	-0.0591683995512885	0.99832044829263	-0.0591683995512885
SNHG21	0.633940989974857	0.0385030189003838	0.99832044829263	0.0385030189003838
FLRT1	0.633987334266541	0.0309904192149483	0.99832044829263	0.0309904192149483
MFSD8	0.634215496901132	-0.0240090118320918	0.99832044829263	-0.0240090118320918
NFS1	0.634386392643815	0.0335228564242471	0.99832044829263	0.0335228564242471
UTP25	0.634418388029674	-0.0287338456363163	0.99832044829263	-0.0287338456363163
KIFAP3	0.634494304537715	-0.0286910323282008	0.99832044829263	-0.0286910323282008
ADAM12	0.634563896753987	-0.0196389985751408	0.99832044829263	-0.0196389985751408
EXOSC6	0.634569523491863	0.0247106814900456	0.99832044829263	0.0247106814900456
HDAC2-AS2	0.6346004119132	0.0100080784960828	0.99832044829263	0.0100080784960828
NIT2	0.634691963512248	-0.0396683270333612	0.99832044829263	-0.0396683270333612
ARFIP1	0.634740021173666	-0.0132058102698588	0.99832044829263	-0.0132058102698588
REX1BD	0.634872251800648	0.0384944031267527	0.99832044829263	0.0384944031267527
FAM171A1	0.635010711124767	-0.0115457184336385	0.99832044829263	-0.0115457184336385
PGBD5	0.635024604443535	-0.0151302637012427	0.99832044829263	-0.0151302637012427
MEF2C-AS1	0.635283838486008	-0.0541020675681896	0.99832044829263	-0.0541020675681896
ERCC3	0.635291868268257	0.0168015009284629	0.99832044829263	0.0168015009284629
ZNF138	0.6352981313179	-0.0185840060480469	0.99832044829263	-0.0185840060480469
RIPK2	0.635328732201626	-0.029773408746695	0.99832044829263	-0.029773408746695
C9orf78	0.635332531595065	0.0265837689025239	0.99832044829263	0.0265837689025239
STX10	0.635335486725102	-0.0304183299869676	0.99832044829263	-0.0304183299869676
SPECC1	0.635340458374684	-0.0143665216461695	0.99832044829263	-0.0143665216461695
GPCPD1	0.635354202732922	0.041476662796807	0.99832044829263	0.041476662796807
GJA9	0.635533352164412	0.0345402376220353	0.99832044829263	0.0345402376220353
AC048382.5	0.635860465298832	0.026030559252143	0.99832044829263	0.026030559252143
AP000688.1	0.635905510211335	0.0303640770721142	0.99832044829263	0.0303640770721142
GLRX2	0.636051803942531	0.0405890162788795	0.99832044829263	0.0405890162788795
ZNF346	0.636453974233603	0.019182911038913	0.99832044829263	0.019182911038913
AC136489.1	0.636525067471853	-0.0442786742529198	0.99832044829263	-0.0442786742529198
DDX19A	0.636669932730601	0.0240050828242445	0.99832044829263	0.0240050828242445
TRAF1	0.636733107329029	-0.0293009877540555	0.99832044829263	-0.0293009877540555
ZNF268	0.636763042091441	0.0265356231413023	0.99832044829263	0.0265356231413023
SNRPF	0.636780182172507	-0.0258449596803786	0.99832044829263	-0.0258449596803786
MED4	0.636835697296914	-0.0145008982604576	0.99832044829263	-0.0145008982604576
PIDD1	0.636862358198469	-0.0150502520707529	0.99832044829263	-0.0150502520707529
VPS37B	0.637000804273355	-0.0223625465780295	0.99832044829263	-0.0223625465780295
NDUFA10	0.637003891177315	-0.0119881367206091	0.99832044829263	-0.0119881367206091
HMGN1	0.637042087287632	-0.0196115522094244	0.99832044829263	-0.0196115522094244
HOOK3	0.637277794527372	0.0111270419397319	0.99832044829263	0.0111270419397319
NUP210	0.637289993232294	0.0180559002152983	0.99832044829263	0.0180559002152983
RPS25	0.637379680073694	-0.0336888489169799	0.99832044829263	-0.0336888489169799
AC008610.1	0.637429080635908	-0.0504715310855387	0.99832044829263	-0.0504715310855387
PPCS	0.637557252248158	-0.0413353463865783	0.99832044829263	-0.0413353463865783
NDUFV2-AS1	0.637605072875072	-0.0307551306061343	0.99832044829263	-0.0307551306061343
AC055855.2	0.637618082553227	-0.0427160904588469	0.99832044829263	-0.0427160904588469
EDRF1	0.63765943772898	-0.0193965301151551	0.99832044829263	-0.0193965301151551
CEP97	0.637746512312335	-0.0121774737522853	0.99832044829263	-0.0121774737522853
DUOX1	0.637911743141208	-0.0393886726820433	0.99832044829263	-0.0393886726820433
IFIT3	0.638021824621519	-0.037396512022437	0.99832044829263	-0.037396512022437
PSAP	0.638028089719416	0.0182485885902264	0.99832044829263	0.0182485885902264
RAVER1	0.638258603621717	0.0290900524445732	0.99832044829263	0.0290900524445732
ZNF664	0.638303786819924	0.0247056348729371	0.99832044829263	0.0247056348729371
SLC2A12	0.638438071050466	0.0251920455596671	0.99832044829263	0.0251920455596671
NUDT9	0.638460629000867	-0.0284244873687113	0.99832044829263	-0.0284244873687113
SORT1	0.638556618797198	-0.00835889784327634	0.99832044829263	-0.00835889784327634
ZMAT2	0.638611342613833	0.0368756884724312	0.99832044829263	0.0368756884724312
MYRIP	0.638612414023046	0.0328932520598383	0.99832044829263	0.0328932520598383
SOX13	0.638626570045144	-0.025771592408296	0.99832044829263	-0.025771592408296
CDKN1C	0.63880011003618	-0.019235866649812	0.99832044829263	-0.019235866649812
TERF2IP	0.638898671989839	-0.0138448700023223	0.99832044829263	-0.0138448700023223
PDE12	0.639008241673833	-0.0298217980275447	0.99832044829263	-0.0298217980275447
DPYSL5	0.639262870485983	0.0159173363495198	0.99832044829263	0.0159173363495198
CYP51A1	0.639338487981296	-0.0255661292475243	0.99832044829263	-0.0255661292475243
SHISA7	0.639397477049857	-0.0194055720763707	0.99832044829263	-0.0194055720763707
CBR1	0.639488437483534	-0.0194936354441849	0.99832044829263	-0.0194936354441849
KIAA1324L	0.639601416047652	-0.011617995936941	0.99832044829263	-0.011617995936941
ALG2	0.639605935096996	-0.0330951697204442	0.99832044829263	-0.0330951697204442
PPP1R15B	0.639724239472022	0.0263854724883953	0.99832044829263	0.0263854724883953
ATOH8	0.639920502332981	-0.0288163913571931	0.99832044829263	-0.0288163913571931
LMF1-AS1	0.639937351488719	-0.0418314174498308	0.99832044829263	-0.0418314174498308
PHF8	0.640039307600869	-0.0170053548357738	0.99832044829263	-0.0170053548357738
ZNF250	0.640084465427356	-0.0335057885989694	0.99832044829263	-0.0335057885989694
SPIN1	0.640091528282048	0.0103792647152047	0.99832044829263	0.0103792647152047
ARMCX3	0.64011533613208	0.0301017343226538	0.99832044829263	0.0301017343226538
PCGF6	0.6401302366179	0.024588609812022	0.99832044829263	0.024588609812022
ADAP1	0.640290761128667	0.0206510367196846	0.99832044829263	0.0206510367196846
SNAP47	0.640303140826467	-0.0384329025304081	0.99832044829263	-0.0384329025304081
NSUN3	0.640350410094321	-0.0279341028297697	0.99832044829263	-0.0279341028297697
CDKN2A	0.640739243446356	0.0328225888282242	0.99832044829263	0.0328225888282242
ZNF667	0.641012090602084	-0.0267945018006278	0.99832044829263	-0.0267945018006278
AC023389.1	0.641052562723106	0.0509347349714275	0.99832044829263	0.0509347349714275
MB21D2	0.641090311966425	-0.0193990665793711	0.99832044829263	-0.0193990665793711
SERPINI1	0.64113195798807	0.0196197366608767	0.99832044829263	0.0196197366608767
ASB1	0.641359477712576	0.0292041041903014	0.99832044829263	0.0292041041903014
RPL10	0.641441243031535	0.0221806677720096	0.99832044829263	0.0221806677720096
PPA2	0.641451062298713	0.0116499464224111	0.99832044829263	0.0116499464224111
SNHG14	0.641467718234269	-0.0269246899837479	0.99832044829263	-0.0269246899837479
SUPT4H1	0.641546307830588	-0.0440441568550995	0.99832044829263	-0.0440441568550995
CACNA2D1	0.641739276115374	-0.00757983633315815	0.99832044829263	-0.00757983633315815
CDC37L1	0.641790855996756	0.0234505674413828	0.99832044829263	0.0234505674413828
AC012063.1	0.641974039207828	0.0278340137366444	0.99832044829263	0.0278340137366444
RASGRP3	0.642053323278727	-0.0133119357897929	0.99832044829263	-0.0133119357897929
ELP5	0.642057038706615	-0.0357148664679454	0.99832044829263	-0.0357148664679454
UPF1	0.642146205939756	-0.0224766789656642	0.99832044829263	-0.0224766789656642
MID1IP1	0.642153429088227	-0.027578335519607	0.99832044829263	-0.027578335519607
CDKAL1	0.642390834687678	0.00877046670029091	0.99832044829263	0.00877046670029091
ELOF1	0.642407356265298	0.0411840176459794	0.99832044829263	0.0411840176459794
TAF5	0.642558281236439	0.0338013167489634	0.99832044829263	0.0338013167489634
CPSF7	0.642562890478086	-0.0153002723325287	0.99832044829263	-0.0153002723325287
COX4I1	0.642655900617214	-0.0343155904208401	0.99832044829263	-0.0343155904208401
SLC25A46	0.642667447957344	-0.0164965429836058	0.99832044829263	-0.0164965429836058
AL162586.1	0.642691449145891	-0.0441146635759096	0.99832044829263	-0.0441146635759096
FLNA	0.642729604529599	-0.04689154617105	0.99832044829263	-0.04689154617105
MRPS21	0.642798474363894	-0.0276805893069367	0.99832044829263	-0.0276805893069367
CASP9	0.64280731358067	0.0294231812722993	0.99832044829263	0.0294231812722993
ZNF780B	0.642854437563211	-0.0174732330031334	0.99832044829263	-0.0174732330031334
CAPZB	0.642873892573286	-0.0110904309914278	0.99832044829263	-0.0110904309914278
DACT3	0.643036772274834	0.0203975149360633	0.99832044829263	0.0203975149360633
SLC26A11	0.643093358859644	0.0260414990431001	0.99832044829263	0.0260414990431001
GANC	0.643136600904664	0.0115543379449793	0.99832044829263	0.0115543379449793
AC068389.1	0.643193636735622	0.0441851558264893	0.99832044829263	0.0441851558264893
EIF3L	0.643204888110462	0.0240837715151383	0.99832044829263	0.0240837715151383
AC006504.5	0.643229382755999	0.0313104510455994	0.99832044829263	0.0313104510455994
PHF13	0.643272384503812	0.0316192604297916	0.99832044829263	0.0316192604297916
RBMS3	0.643301024966556	-0.0344075627921017	0.99832044829263	-0.0344075627921017
CDR2L	0.64335517065818	0.0228936755744468	0.99832044829263	0.0228936755744468
ZNF121	0.643486770527866	-0.0258556283505317	0.99832044829263	-0.0258556283505317
CUL9	0.64353558477617	0.023334437269554	0.99832044829263	0.023334437269554
KIAA1841	0.643579898821931	-0.0174041562550798	0.99832044829263	-0.0174041562550798
RFLNA	0.643703973916361	0.0258384703560666	0.99832044829263	0.0258384703560666
PHYKPL	0.643792309520084	0.0170537595793012	0.99832044829263	0.0170537595793012
SMIM15-AS1	0.643882298138329	-0.0320661354526447	0.99832044829263	-0.0320661354526447
KIAA1143	0.644021031753526	-0.0287189950286885	0.99832044829263	-0.0287189950286885
TIMM23	0.644031387189653	0.0245729459579093	0.99832044829263	0.0245729459579093
ADH5	0.644086281778735	0.0305999926551174	0.99832044829263	0.0305999926551174
ZNF24	0.644185188495086	0.015413669556137	0.99832044829263	0.015413669556137
TBCE	0.64428776371777	0.0243480450519874	0.99832044829263	0.0243480450519874
DICER1	0.644593078226231	-0.00899142932090875	0.99832044829263	-0.00899142932090875
UTP11	0.644689258681718	-0.0380477665961292	0.99832044829263	-0.0380477665961292
RAB27A	0.644745896318613	0.0297264128626164	0.99832044829263	0.0297264128626164
AC009113.1	0.644952686775399	0.0346559047568035	0.99832044829263	0.0346559047568035
UBAP2	0.645149521461478	0.0135778130049217	0.99832044829263	0.0135778130049217
ABCA5	0.645231978994695	0.021033149523744	0.99832044829263	0.021033149523744
AC010894.3	0.645270214481439	-0.0477770011653154	0.99832044829263	-0.0477770011653154
ZNF782	0.645291198585807	-0.0133687217922979	0.99832044829263	-0.0133687217922979
LONRF2	0.645423766822852	-0.0387032322795742	0.99832044829263	-0.0387032322795742
LRIF1	0.645564271895974	0.0282919935967818	0.99832044829263	0.0282919935967818
LY6G5B	0.645676799221671	-0.0356214598953644	0.99832044829263	-0.0356214598953644
ARPP21	0.645702682933492	-0.0295016250527576	0.99832044829263	-0.0295016250527576
IPO11	0.645765167393293	0.0178863479773889	0.99832044829263	0.0178863479773889
UNC13D	0.645776811600706	0.0280370429412205	0.99832044829263	0.0280370429412205
PARN	0.645882432649207	0.0140744419301845	0.99832044829263	0.0140744419301845
UQCC2	0.645983118723495	-0.0281167424189528	0.99832044829263	-0.0281167424189528
NDUFA6-DT	0.646021172393336	-0.028987162239865	0.99832044829263	-0.028987162239865
C1QTNF3	0.646268375242039	-0.0214839949298291	0.99832044829263	-0.0214839949298291
ENY2	0.646292657022764	-0.0270918518420388	0.99832044829263	-0.0270918518420388
CRHBP	0.646358731929577	0.034687050581508	0.99832044829263	0.034687050581508
C1GALT1	0.646379599420687	-0.0144168075103814	0.99832044829263	-0.0144168075103814
ZBED5	0.646384614040322	-0.0126913171022012	0.99832044829263	-0.0126913171022012
ZNF587	0.646434724218955	-0.022171336277502	0.99832044829263	-0.022171336277502
GID4	0.646489065614192	-0.0255928699694739	0.99832044829263	-0.0255928699694739
TMEM98	0.646682689375115	-0.0135647424643334	0.99832044829263	-0.0135647424643334
WDR11	0.646691492915447	-0.0131681985016319	0.99832044829263	-0.0131681985016319
HIST1H2AC	0.646722835139369	0.0193358934768253	0.99832044829263	0.0193358934768253
ALDOC	0.646931722147031	0.0505958009565855	0.99832044829263	0.0505958009565855
RNF146	0.646980552188873	0.0196441336268319	0.99832044829263	0.0196441336268319
ZEB2	0.647089592089194	0.00678458812848207	0.99832044829263	0.00678458812848207
ISOC1	0.647169918144314	0.0325559307917592	0.99832044829263	0.0325559307917592
CKMT2-AS1	0.647244664399766	0.0155269146838911	0.99832044829263	0.0155269146838911
RBM6	0.647345224417522	0.00840284478664704	0.99832044829263	0.00840284478664704
OAT	0.647381182728111	0.0241077889964292	0.99832044829263	0.0241077889964292
AP3M2	0.647386563358465	0.0356022390563398	0.99832044829263	0.0356022390563398
RXRA	0.64742227348838	0.0327289060160064	0.99832044829263	0.0327289060160064
GALNT11	0.647623803979889	-0.0265372088722345	0.99832044829263	-0.0265372088722345
KCTD3	0.647719156019163	0.0114590385164467	0.99832044829263	0.0114590385164467
CLUH	0.647729955390706	0.0350930188840099	0.99832044829263	0.0350930188840099
H3F3A	0.647756170472446	0.0198487389879079	0.99832044829263	0.0198487389879079
RNLS	0.647858528906432	-0.0162762510886391	0.99832044829263	-0.0162762510886391
LRIG2	0.647868941722142	-0.0139807877218743	0.99832044829263	-0.0139807877218743
RAD9A	0.647893737775425	-0.0249540682148196	0.99832044829263	-0.0249540682148196
TYMSOS	0.648364025527925	0.0193388988150751	0.99832044829263	0.0193388988150751
TMEFF1	0.648538178757304	-0.013516486259599	0.99832044829263	-0.013516486259599
FARP2	0.648639624644534	-0.0118204287869111	0.99832044829263	-0.0118204287869111
LMAN2L	0.648685421989688	0.0247901279719432	0.99832044829263	0.0247901279719432
ABI1	0.648802800950085	0.0267025486161289	0.99832044829263	0.0267025486161289
ZNF595	0.648819865409667	-0.0221113887856899	0.99832044829263	-0.0221113887856899
TSPYL1	0.649088756642699	0.0450591256700265	0.99832044829263	0.0450591256700265
OPALIN	0.649200769477999	-0.0153398768358124	0.99832044829263	-0.0153398768358124
CLPX	0.649213487779159	0.0167141579266737	0.99832044829263	0.0167141579266737
CLTCL1	0.649310529720737	0.0262844978817639	0.99832044829263	0.0262844978817639
ZCCHC14	0.649435481135944	-0.0138782034791201	0.99832044829263	-0.0138782034791201
ABL1	0.649537032706791	-0.0103753144712266	0.99832044829263	-0.0103753144712266
PSMB4	0.649543526561354	-0.0294875269102552	0.99832044829263	-0.0294875269102552
RRN3	0.649631893093562	0.0253414743944398	0.99832044829263	0.0253414743944398
RFFL	0.649726890938699	0.0113856227455622	0.99832044829263	0.0113856227455622
TUBA1A	0.649762614611395	-0.0180339775755485	0.99832044829263	-0.0180339775755485
SETD2	0.649884483286716	0.0113205204970768	0.99832044829263	0.0113205204970768
AATK	0.650280869502063	0.0103477863413412	0.99832044829263	0.0103477863413412
ZFR	0.650359367442246	0.00862734811639231	0.99832044829263	0.00862734811639231
SEC61A1	0.650382597477048	0.0208475379227133	0.99832044829263	0.0208475379227133
SUDS3	0.650445649931558	0.0187541923116934	0.99832044829263	0.0187541923116934
AC004466.1	0.650524638648466	0.040144710846736	0.99832044829263	0.040144710846736
EEFSEC	0.650589540011947	-0.0198478326149729	0.99832044829263	-0.0198478326149729
C12orf60	0.650728188138979	0.033234851441073	0.99832044829263	0.033234851441073
HSD17B12	0.650741524691842	0.0210816920697654	0.99832044829263	0.0210816920697654
GLT8D1	0.650780591486364	-0.0395638202833436	0.99832044829263	-0.0395638202833436
LPAR1	0.650781196648574	-0.0100459960163625	0.99832044829263	-0.0100459960163625
NOCT	0.65079274176679	-0.0385926780159977	0.99832044829263	-0.0385926780159977
ACYP1	0.650804874491818	0.021468615007098	0.99832044829263	0.021468615007098
NAB1	0.650806809667042	0.0177607309569272	0.99832044829263	0.0177607309569272
ANAPC11	0.650845827403904	-0.0412138299671959	0.99832044829263	-0.0412138299671959
AC008443.1	0.650981884201641	0.0211641888613824	0.99832044829263	0.0211641888613824
AL133244.2	0.651107579909868	0.0302062715121259	0.99832044829263	0.0302062715121259
ICK	0.651200519379523	-0.0134909959742051	0.99832044829263	-0.0134909959742051
H2AFY2	0.651229983507271	0.0283659509167568	0.99832044829263	0.0283659509167568
CNTNAP3	0.651258479157618	-0.0439066547418849	0.99832044829263	-0.0439066547418849
CHKB-DT	0.65138806449911	0.027369166551022	0.99832044829263	0.027369166551022
COPS4	0.651401086266416	-0.0200720385803029	0.99832044829263	-0.0200720385803029
RNF6	0.651438753918878	0.0227794972079374	0.99832044829263	0.0227794972079374
SLC9A9	0.651508607416736	-0.0090623454091177	0.99832044829263	-0.0090623454091177
PACRGL	0.651623391619845	-0.0152099928951642	0.99832044829263	-0.0152099928951642
MRPL18	0.65188060915969	-0.030813357027434	0.99832044829263	-0.030813357027434
SPIDR	0.651900290048917	0.0125005409610468	0.99832044829263	0.0125005409610468
ULK2	0.651916206606909	-0.0136893539470217	0.99832044829263	-0.0136893539470217
COL6A1	0.652202559413395	-0.0630237902350998	0.99832044829263	-0.0630237902350998
SRSF7	0.652367970159833	-0.0206484345182412	0.99832044829263	-0.0206484345182412
SDAD1	0.652410839550041	-0.0155607984586681	0.99832044829263	-0.0155607984586681
ZDHHC9	0.652598804385844	-0.0155503857466253	0.99832044829263	-0.0155503857466253
CCDC142	0.652877000933407	-0.0307334805905931	0.99832044829263	-0.0307334805905931
CCNT1	0.652884004203892	0.0176761823012715	0.99832044829263	0.0176761823012715
PDE4B	0.652884021838073	-0.00659079192903558	0.99832044829263	-0.00659079192903558
FRMD8	0.65296511316195	0.0220121031598867	0.99832044829263	0.0220121031598867
CCDC92	0.65306361430131	-0.0149038023287854	0.99832044829263	-0.0149038023287854
NUTM2B-AS1	0.653067506323319	-0.0157277772299858	0.99832044829263	-0.0157277772299858
RFX2	0.65353276983166	0.0237654914054186	0.99832044829263	0.0237654914054186
SYT16	0.653822866276174	0.0446073887719109	0.99832044829263	0.0446073887719109
METTL25	0.654011719649136	0.0127424323735497	0.99832044829263	0.0127424323735497
AL354740.1	0.654153100782479	-0.0391921035902154	0.99832044829263	-0.0391921035902154
HELZ	0.654214220902354	0.012301140679754	0.99832044829263	0.012301140679754
ZC3H7A	0.6542148885738	0.0169416325804505	0.99832044829263	0.0169416325804505
PITPNB	0.654276677322193	0.0127499590476258	0.99832044829263	0.0127499590476258
CSTB	0.654310127690447	0.037563011470104	0.99832044829263	0.037563011470104
RPL22	0.654389355091084	0.029127869092998	0.99832044829263	0.029127869092998
AHCYL1	0.654461687800558	0.0171132367813028	0.99832044829263	0.0171132367813028
SLC38A1	0.654568667264857	-0.027972847978362	0.99832044829263	-0.027972847978362
RAB10	0.654821376970991	-0.0076862239496512	0.99832044829263	-0.0076862239496512
C7orf31	0.654961695540594	-0.0350130539854456	0.99832044829263	-0.0350130539854456
NOL9	0.655022002828108	-0.022079291310121	0.99832044829263	-0.022079291310121
ESS2	0.655045753109946	0.0416608207281777	0.99832044829263	0.0416608207281777
MPDU1	0.655052885121455	0.027060308308551	0.99832044829263	0.027060308308551
DENND6A-AS1	0.655177323726262	0.0285745504379546	0.99832044829263	0.0285745504379546
BCAP31	0.655211227351592	-0.0376189813315499	0.99832044829263	-0.0376189813315499
PDLIM5	0.655669123194748	-0.0161237918180004	0.99832044829263	-0.0161237918180004
SWI5	0.655703500064407	-0.0179421103840435	0.99832044829263	-0.0179421103840435
PTPN2	0.655727338999659	0.018032822544291	0.99832044829263	0.018032822544291
RENBP	0.655890574996843	0.026524205545876	0.99832044829263	0.026524205545876
DFFA	0.655899552478556	0.0160038837393191	0.99832044829263	0.0160038837393191
RHBDD1	0.655991819606663	0.0135034958508139	0.99832044829263	0.0135034958508139
OCIAD1	0.656007926475765	0.0119924904415569	0.99832044829263	0.0119924904415569
WDR75	0.656211119693773	0.0198482958413033	0.99832044829263	0.0198482958413033
TESK2	0.656350807440511	0.0125003930464105	0.99832044829263	0.0125003930464105
SLMAP	0.656382788698836	0.0100849514099233	0.99832044829263	0.0100849514099233
TAF2	0.656472374529502	-0.0133556352549895	0.99832044829263	-0.0133556352549895
DDX10	0.6565836594758	0.0128304765482791	0.99832044829263	0.0128304765482791
TRAPPC2L	0.656681670137413	0.0318755536146527	0.99832044829263	0.0318755536146527
SYNRG	0.656902492363506	-0.0112365096311087	0.99832044829263	-0.0112365096311087
CXADR	0.656952293706519	0.0154105268347468	0.99832044829263	0.0154105268347468
SYNE3	0.656983207181441	-0.0167338906990513	0.99832044829263	-0.0167338906990513
ZNF81	0.657092377374304	0.0168065146937678	0.99832044829263	0.0168065146937678
EEA1	0.657120114364544	-0.0121429626533762	0.99832044829263	-0.0121429626533762
GNB1L	0.657154068316257	0.0358175930419319	0.99832044829263	0.0358175930419319
LINC00601	0.657268516824179	-0.025425929851807	0.99832044829263	-0.025425929851807
LRBA	0.657276887228037	-0.00918557769750607	0.99832044829263	-0.00918557769750607
COX16	0.657451661437636	0.02380753267478	0.99832044829263	0.02380753267478
LRP2	0.657468633443297	-0.0118513111642439	0.99832044829263	-0.0118513111642439
ZC3H7B	0.657496542784765	-0.0154501343934995	0.99832044829263	-0.0154501343934995
ZNF414	0.65754642294614	-0.0304022196534481	0.99832044829263	-0.0304022196534481
DPH6	0.657615487635436	0.0157094447191698	0.99832044829263	0.0157094447191698
CFAP44	0.657721605913972	-0.0224041362366391	0.99832044829263	-0.0224041362366391
KIAA1586	0.657950849158878	0.030909956344123	0.99832044829263	0.030909956344123
PEX13	0.658015263213253	0.0231766552292145	0.99832044829263	0.0231766552292145
UQCR10	0.658028039834998	-0.0426937080086168	0.99832044829263	-0.0426937080086168
ZBTB43	0.658030429594084	0.0173923921006455	0.99832044829263	0.0173923921006455
FBXO15	0.658067490423596	0.027835090462609	0.99832044829263	0.027835090462609
TRMT1L	0.658147914063183	0.0160542121800788	0.99832044829263	0.0160542121800788
TCP11L1	0.658395955834868	-0.0160203183242248	0.99832044829263	-0.0160203183242248
CHODL	0.6584452768419	-0.0200602602841164	0.99832044829263	-0.0200602602841164
PINK1	0.658865376001695	-0.0446774168324011	0.99832044829263	-0.0446774168324011
ST8SIA3	0.65887349536233	0.0509050994452327	0.99832044829263	0.0509050994452327
EP400	0.658934200362127	-0.013120045075009	0.99832044829263	-0.013120045075009
ADCK2	0.659110751646373	0.0260917382485749	0.99832044829263	0.0260917382485749
PTCD1	0.659121877812185	0.0238086402396516	0.99832044829263	0.0238086402396516
C1S	0.659183233626876	0.0269958827844023	0.99832044829263	0.0269958827844023
DAP	0.659215881340146	-0.0299414278930446	0.99832044829263	-0.0299414278930446
C12orf45	0.659232119713297	-0.0186467841607419	0.99832044829263	-0.0186467841607419
EBNA1BP2	0.659416198631191	-0.0460888193918429	0.99832044829263	-0.0460888193918429
CCM2	0.659452118025235	-0.0144386472726364	0.99832044829263	-0.0144386472726364
GDAP2	0.659570661713596	0.0201315109926984	0.99832044829263	0.0201315109926984
EPM2AIP1	0.659886861052353	-0.0154611285641011	0.99832044829263	-0.0154611285641011
SNHG12	0.659995873568247	0.028871073696527	0.99832044829263	0.028871073696527
SCAF11	0.660205135562381	-0.00990251787601917	0.99832044829263	-0.00990251787601917
ARCN1	0.660345020295025	0.0233984242150285	0.99832044829263	0.0233984242150285
PSMD7	0.660410242594376	0.023707802820591	0.99832044829263	0.023707802820591
UBTD2	0.660504076579473	0.0205425498729404	0.99832044829263	0.0205425498729404
DPH7	0.660684604936471	0.0187769322952907	0.99832044829263	0.0187769322952907
HIPK3	0.660727023017608	0.0120044606677204	0.99832044829263	0.0120044606677204
MAPT-AS1	0.660748783413275	0.0215976258826717	0.99832044829263	0.0215976258826717
MLLT6	0.660790356292701	0.0128286005432706	0.99832044829263	0.0128286005432706
DPF3	0.660829341248844	-0.0131898229926829	0.99832044829263	-0.0131898229926829
CLU	0.66095128508988	0.0405425644503039	0.99832044829263	0.0405425644503039
MRPS24	0.661137885352626	-0.0444732599404396	0.99832044829263	-0.0444732599404396
NAA15	0.661150393074988	-0.0125590907479842	0.99832044829263	-0.0125590907479842
CCDC59	0.661183248854216	-0.0163326706159551	0.99832044829263	-0.0163326706159551
TFAP2E	0.661476811251676	0.0206983523202697	0.99832044829263	0.0206983523202697
ALG11	0.661786547369927	0.0375001772284406	0.99832044829263	0.0375001772284406
DNAJA2	0.661807513782778	-0.0388182613043767	0.99832044829263	-0.0388182613043767
SAXO2	0.66181174579399	-0.0331203134484646	0.99832044829263	-0.0331203134484646
DGKG	0.661947080860277	0.0470052253849233	0.99832044829263	0.0470052253849233
FLOT1	0.661998714406425	-0.0255323953416695	0.99832044829263	-0.0255323953416695
IP6K2	0.66205808109122	0.0111015938392594	0.99832044829263	0.0111015938392594
ERRFI1	0.662164208311551	-0.0225946489577565	0.99832044829263	-0.0225946489577565
MAX	0.662281882182143	-0.0142775628130189	0.99832044829263	-0.0142775628130189
GOLPH3L	0.662505038558688	-0.0289331191772167	0.99832044829263	-0.0289331191772167
LDHB	0.662589937968138	-0.0362014104572604	0.99832044829263	-0.0362014104572604
TRAPPC11	0.662599321369606	0.0154969997308976	0.99832044829263	0.0154969997308976
SLC48A1	0.662607366159058	-0.0142470818653522	0.99832044829263	-0.0142470818653522
PDS5B	0.662647445443074	-0.010247396800892	0.99832044829263	-0.010247396800892
THOP1	0.6628282379105	0.0211417414354368	0.99832044829263	0.0211417414354368
SLC25A23	0.662925238112571	-0.0180307768200596	0.99832044829263	-0.0180307768200596
RPL24	0.663026662852308	0.0357076489845225	0.99832044829263	0.0357076489845225
ADPRHL2	0.663255141605648	0.0206180118578528	0.99832044829263	0.0206180118578528
CYB5R1	0.663458168249774	-0.033942026264204	0.99832044829263	-0.033942026264204
SLC5A3	0.663504371760387	-0.0450346704983325	0.99832044829263	-0.0450346704983325
KIF3B	0.663553721437859	-0.02563081554874	0.99832044829263	-0.02563081554874
LRRC27	0.663691162195264	0.0347944180460666	0.99832044829263	0.0347944180460666
RGS6	0.663840019296841	0.0430100127361683	0.99832044829263	0.0430100127361683
SRSF2	0.663924105596936	-0.0196195075832253	0.99832044829263	-0.0196195075832253
MYO6	0.663937830231897	0.00812057964036087	0.99832044829263	0.00812057964036087
DEK	0.664062603867956	0.0130725058800403	0.99832044829263	0.0130725058800403
RASA1	0.664158609803359	-0.0124306519182982	0.99832044829263	-0.0124306519182982
POLR2L	0.664164403776032	-0.0508159215884601	0.99832044829263	-0.0508159215884601
FAHD2A	0.664233921640414	-0.0171165824935076	0.99832044829263	-0.0171165824935076
SYNCRIP	0.664342614748515	-0.0138762447587513	0.99832044829263	-0.0138762447587513
GALT	0.664345093068473	-0.0267728859477668	0.99832044829263	-0.0267728859477668
VPS33A	0.664411430652564	0.0197988353920538	0.99832044829263	0.0197988353920538
AC006115.2	0.664417074552373	0.0124674242070889	0.99832044829263	0.0124674242070889
XPOT	0.664437293603179	0.0200015140650436	0.99832044829263	0.0200015140650436
SARS	0.664560495987567	0.0191323951741814	0.99832044829263	0.0191323951741814
OPCML	0.664832852952797	0.0414480339608508	0.99832044829263	0.0414480339608508
EIF1B-AS1	0.664838544213597	-0.0150230585418144	0.99832044829263	-0.0150230585418144
HEPACAM	0.664853784479554	0.0110406391997414	0.99832044829263	0.0110406391997414
TMCC1	0.665160043416459	0.00917412799908221	0.99832044829263	0.00917412799908221
TBL1X	0.665167244953669	0.0136263688266459	0.99832044829263	0.0136263688266459
ZDHHC2	0.665317610804863	-0.0161671516021119	0.99832044829263	-0.0161671516021119
AC007038.1	0.665370318830808	0.0228345252873805	0.99832044829263	0.0228345252873805
TMEM254	0.665446791570129	-0.0256196072617943	0.99832044829263	-0.0256196072617943
YWHAB	0.665509432506555	-0.0241955448807536	0.99832044829263	-0.0241955448807536
TRPV3	0.665675355988337	0.0218099693581402	0.99832044829263	0.0218099693581402
AC051619.5	0.665790007409627	0.03249355189874	0.99832044829263	0.03249355189874
AL139424.2	0.665906779234633	-0.0283654245390772	0.99832044829263	-0.0283654245390772
SLC25A26	0.665973524085877	0.0127834630100747	0.99832044829263	0.0127834630100747
KANSL1L	0.666056868453824	-0.0110985713622441	0.99832044829263	-0.0110985713622441
OXCT1	0.666391499468656	-0.0208156682814888	0.99832044829263	-0.0208156682814888
NLGN3	0.666403403547512	-0.0127893698162502	0.99832044829263	-0.0127893698162502
DNAJB2	0.666448616652753	0.0116072780092638	0.99832044829263	0.0116072780092638
SNRNP48	0.666498544427456	0.0175015596494232	0.99832044829263	0.0175015596494232
AL390198.1	0.666714110468529	-0.0252782458964547	0.99832044829263	-0.0252782458964547
PODXL2	0.666817623083764	-0.0409783936140469	0.99832044829263	-0.0409783936140469
JAZF1	0.666887586112934	-0.0116481228013189	0.99832044829263	-0.0116481228013189
LRRC4C	0.667016787804186	-0.0166323561938517	0.99832044829263	-0.0166323561938517
SPTY2D1	0.667387007259482	-0.0299422797615416	0.99832044829263	-0.0299422797615416
KCNJ3	0.667413007776148	0.0457009176752426	0.99832044829263	0.0457009176752426
RBL1	0.667449655405753	-0.0160358559464816	0.99832044829263	-0.0160358559464816
ACVR2A	0.667756558586545	0.0247227950368134	0.99832044829263	0.0247227950368134
ATP2B2	0.667758785697806	0.0439246370767129	0.99832044829263	0.0439246370767129
GSDMB	0.667769440662073	-0.0280825934194892	0.99832044829263	-0.0280825934194892
NDUFAF4	0.667770191679092	-0.0374216505730276	0.99832044829263	-0.0374216505730276
GADD45GIP1	0.667958144713452	0.0495621071395618	0.99832044829263	0.0495621071395618
NAV3	0.667981068483207	-0.0319542360980229	0.99832044829263	-0.0319542360980229
THOC1	0.667998036487517	-0.0118827998711568	0.99832044829263	-0.0118827998711568
HP1BP3	0.668003058018586	0.0100883539754222	0.99832044829263	0.0100883539754222
ERO1A	0.668060230078415	-0.0232489538187983	0.99832044829263	-0.0232489538187983
KIAA0825	0.668073140091714	0.0217507155496238	0.99832044829263	0.0217507155496238
STRN3	0.668146147260269	0.0112242217028165	0.99832044829263	0.0112242217028165
SLC66A1	0.668181058444247	-0.0336289948811372	0.99832044829263	-0.0336289948811372
R3HDM2	0.66833169572812	0.00958867944243783	0.99832044829263	0.00958867944243783
LINC00963	0.668430720612927	-0.0237080940469042	0.99832044829263	-0.0237080940469042
AGBL4	0.668466886690432	0.0431355579866601	0.99832044829263	0.0431355579866601
TTC13	0.668585101105868	0.0152551856389269	0.99832044829263	0.0152551856389269
COX7B	0.668611260713932	0.0416740408102268	0.99832044829263	0.0416740408102268
SPCS2	0.668722580994567	0.0187489023208064	0.99832044829263	0.0187489023208064
SELENON	0.668832776763566	0.0295466726113601	0.99832044829263	0.0295466726113601
ZNF577	0.668965393123649	-0.0156934368289361	0.99832044829263	-0.0156934368289361
SPPL2A	0.668992636293467	0.0158929095324137	0.99832044829263	0.0158929095324137
FTO	0.669368991248144	0.00650576987181044	0.99832044829263	0.00650576987181044
TMEM39A	0.669410426807269	-0.0237444178141838	0.99832044829263	-0.0237444178141838
EPN2	0.669475825134944	0.00717700018520455	0.99832044829263	0.00717700018520455
DNAJC3	0.669529087998109	-0.0136444863184065	0.99832044829263	-0.0136444863184065
PGRMC2	0.669559006988508	-0.0232924403295023	0.99832044829263	-0.0232924403295023
GSAP	0.669615626246978	0.0320266846134166	0.99832044829263	0.0320266846134166
RMND5B	0.669730234931491	0.0186716211897601	0.99832044829263	0.0186716211897601
DNAJC1	0.669742733315995	-0.0101646583097846	0.99832044829263	-0.0101646583097846
STARD3NL	0.669826930150769	-0.0250494277882973	0.99832044829263	-0.0250494277882973
METTL6	0.669893753072971	0.0168521481881464	0.99832044829263	0.0168521481881464
SRP14-AS1	0.66998026141145	0.0230950370412105	0.99832044829263	0.0230950370412105
MIF4GD	0.670081847837775	0.0346142507477792	0.99832044829263	0.0346142507477792
PIWIL4	0.670084553985454	0.0209440662600073	0.99832044829263	0.0209440662600073
RPN2	0.670152035909445	0.016592310404585	0.99832044829263	0.016592310404585
ACBD5	0.670215882411266	-0.0183631429859856	0.99832044829263	-0.0183631429859856
AKAP10	0.670227042569802	0.0111201020850068	0.99832044829263	0.0111201020850068
NCOA6	0.670286277459698	0.010548156720674	0.99832044829263	0.010548156720674
CAD	0.670305453400004	-0.024231332006701	0.99832044829263	-0.024231332006701
RWDD4	0.670343229028879	-0.02617874169142	0.99832044829263	-0.02617874169142
EFCAB11	0.670360436555114	0.0174492270547346	0.99832044829263	0.0174492270547346
HNRNPA1	0.670420073307663	0.0187128556850483	0.99832044829263	0.0187128556850483
TRIP4	0.670470319281722	0.0156886938222694	0.99832044829263	0.0156886938222694
MITF	0.67048035193435	-0.0109730589468888	0.99832044829263	-0.0109730589468888
GOLT1B	0.670602017038157	-0.0268627871006328	0.99832044829263	-0.0268627871006328
HMGCR	0.670613643212162	0.0294619548981587	0.99832044829263	0.0294619548981587
LEPR	0.670727033154979	0.0252504066054824	0.99832044829263	0.0252504066054824
SH3TC2-DT	0.670932611633224	0.0168311890834251	0.99832044829263	0.0168311890834251
NCSTN	0.670970634339693	0.0214511316204198	0.99832044829263	0.0214511316204198
PRMT2	0.671003706474495	-0.00896734709900545	0.99832044829263	-0.00896734709900545
EEPD1	0.671009794034828	-0.0147963459889566	0.99832044829263	-0.0147963459889566
SMG6	0.671064901808444	0.0118225577262831	0.99832044829263	0.0118225577262831
BMERB1	0.671183337540349	0.00989807991547236	0.99832044829263	0.00989807991547236
CTIF	0.671197561269995	-0.0114844995186406	0.99832044829263	-0.0114844995186406
PTK2	0.671298860670221	-0.00710464137005167	0.99832044829263	-0.00710464137005167
DHRSX	0.671321888689046	0.0157394957533373	0.99832044829263	0.0157394957533373
DCLK2	0.671435116214293	-0.0462957871666525	0.99832044829263	-0.0462957871666525
PGRMC1	0.671613598333996	0.0264903296326945	0.99832044829263	0.0264903296326945
TBCC	0.671681712748161	-0.0422923411206351	0.99832044829263	-0.0422923411206351
PIBF1	0.671681794609721	0.00869031345395994	0.99832044829263	0.00869031345395994
CBWD1	0.671690931405714	-0.0233495362115539	0.99832044829263	-0.0233495362115539
PNO1	0.671882328540592	-0.034771384883966	0.99832044829263	-0.034771384883966
BET1	0.671914557725041	0.0192434448211683	0.99832044829263	0.0192434448211683
ERAL1	0.672044344879484	0.0356781247019577	0.99832044829263	0.0356781247019577
ASCC2	0.672182682808578	0.019689321868866	0.99832044829263	0.019689321868866
GNAQ	0.672377654923403	0.00652684425579538	0.99832044829263	0.00652684425579538
RPS19	0.672411776914443	0.0246527321900989	0.99832044829263	0.0246527321900989
PPP4R3B	0.672656723310317	0.010042230555414	0.99832044829263	0.010042230555414
ZDHHC16	0.672714164100731	0.031776887892638	0.99832044829263	0.031776887892638
PRR18	0.673050193389728	-0.0159415908011258	0.99832044829263	-0.0159415908011258
MAL	0.673168606635458	-0.00885263206894842	0.99832044829263	-0.00885263206894842
HNRNPAB	0.673312743111408	0.0299492632467256	0.99832044829263	0.0299492632467256
ANLN	0.67349084397548	0.0111224722659993	0.99832044829263	0.0111224722659993
HDAC2	0.673518194145786	0.0177401203371618	0.99832044829263	0.0177401203371618
COPG2	0.673538379292626	-0.017331008266408	0.99832044829263	-0.017331008266408
IKZF4	0.673686121854481	0.0194197496938272	0.99832044829263	0.0194197496938272
ZDHHC3	0.673691307667952	0.023375853821256	0.99832044829263	0.023375853821256
LRFN4	0.673698726890728	0.0336279079190904	0.99832044829263	0.0336279079190904
AXIN1	0.673748990876087	0.0202326784542322	0.99832044829263	0.0202326784542322
DKK3	0.673973262397173	0.0463036543034008	0.99832044829263	0.0463036543034008
PCNX4	0.674068156287935	0.0162502597597516	0.99832044829263	0.0162502597597516
AC105941.1	0.674287440622104	0.0260234960015236	0.99832044829263	0.0260234960015236
ZCCHC9	0.674366401947888	0.0269566319180631	0.99832044829263	0.0269566319180631
TBC1D2B	0.674402130169043	0.0228762162669269	0.99832044829263	0.0228762162669269
GIPC2	0.674471896408836	0.0263631317609676	0.99832044829263	0.0263631317609676
AP002833.1	0.674493193279566	0.0351468331788202	0.99832044829263	0.0351468331788202
MMADHC	0.67453329266664	0.0347363453362266	0.99832044829263	0.0347363453362266
AC040934.1	0.674679653738732	-0.0233308966117264	0.99832044829263	-0.0233308966117264
PGK1	0.674729971834971	-0.037290776678531	0.99832044829263	-0.037290776678531
SNRPE	0.6748026901671	0.0407147358029602	0.99832044829263	0.0407147358029602
TNRC6C-AS1	0.674964221231354	0.0165269202618855	0.99832044829263	0.0165269202618855
CCNL2	0.675088315597995	-0.0128200296632225	0.99832044829263	-0.0128200296632225
LYRM1	0.675129234400835	-0.0242385155995827	0.99832044829263	-0.0242385155995827
SEMA5A	0.675239816039405	0.0178044091631703	0.99832044829263	0.0178044091631703
GOLGA3	0.675615502748217	-0.0167858929716256	0.99832044829263	-0.0167858929716256
TBC1D25	0.676034113935085	-0.0243914886036092	0.99832044829263	-0.0243914886036092
BPTF	0.676065092493474	0.00900287562885111	0.99832044829263	0.00900287562885111
URGCP	0.676218402741332	-0.0121908108487627	0.99832044829263	-0.0121908108487627
LDOC1	0.676237028694238	0.0272456296925247	0.99832044829263	0.0272456296925247
AP1G2	0.676304151179714	0.0614604440606594	0.99832044829263	0.0614604440606594
UBE3C	0.676423631750026	0.0100873065795216	0.99832044829263	0.0100873065795216
TRMT61A	0.676471660195358	-0.0261980948210439	0.99832044829263	-0.0261980948210439
AC093227.1	0.676515753862628	-0.0336276185910398	0.99832044829263	-0.0336276185910398
GDAP1	0.67656837211166	-0.0141278553512084	0.99832044829263	-0.0141278553512084
RPARP-AS1	0.676580274010832	0.0422965742180472	0.99832044829263	0.0422965742180472
IKBKG	0.676585650071293	0.0364934686923319	0.99832044829263	0.0364934686923319
RIC3	0.676616112233662	-0.0265881405333984	0.99832044829263	-0.0265881405333984
C18orf25	0.676878644804607	-0.0218138315363408	0.99832044829263	-0.0218138315363408
AC104211.1	0.676985602451202	0.0254459241569675	0.99832044829263	0.0254459241569675
PEG3	0.677040250438339	-0.0246269834170989	0.99832044829263	-0.0246269834170989
NRXN2	0.677043086510775	-0.0261472176804596	0.99832044829263	-0.0261472176804596
MAP1B	0.677138745053251	-0.0199618082279715	0.99832044829263	-0.0199618082279715
COMMD3	0.677153245553656	0.0229588680298808	0.99832044829263	0.0229588680298808
SLC35E2B	0.6771625982295	-0.0216509425450092	0.99832044829263	-0.0216509425450092
TPCN1	0.677226700351344	-0.00995303010323651	0.99832044829263	-0.00995303010323651
LINC01792	0.677376812910669	-0.0137693323220508	0.99832044829263	-0.0137693323220508
UBFD1	0.677429482914028	0.0314674836230629	0.99832044829263	0.0314674836230629
VAT1	0.677458562811576	0.0388369319118166	0.99832044829263	0.0388369319118166
SP3	0.677479051963155	-0.0128329995884294	0.99832044829263	-0.0128329995884294
TLN1	0.677509094464863	0.0188981443161932	0.99832044829263	0.0188981443161932
PDE9A	0.677628154910034	-0.0240521412447387	0.99832044829263	-0.0240521412447387
PPA1	0.677688251014958	-0.0179861169148577	0.99832044829263	-0.0179861169148577
CR1	0.677916062785022	-0.0234696443793801	0.99832044829263	-0.0234696443793801
NAA35	0.678001983522823	-0.0120120511020186	0.99832044829263	-0.0120120511020186
LRP10	0.678012302275548	-0.0229673244587296	0.99832044829263	-0.0229673244587296
DOK6	0.678019848878029	0.0448088102720607	0.99832044829263	0.0448088102720607
COPB1	0.678033026781161	0.0144810858165551	0.99832044829263	0.0144810858165551
FBF1	0.678103334691976	0.0197237947306778	0.99832044829263	0.0197237947306778
WDR6	0.678357946811671	-0.0186254514704086	0.99832044829263	-0.0186254514704086
RPL15	0.678446815562762	-0.0263964178345866	0.99832044829263	-0.0263964178345866
MLLT3	0.678595432345592	-0.0105287925183542	0.99832044829263	-0.0105287925183542
NEO1	0.678763112878229	-0.00747426348953666	0.99832044829263	-0.00747426348953666
SGPP1	0.679020090866997	-0.0124412790770339	0.99832044829263	-0.0124412790770339
IFT140	0.679021009254956	-0.0253630865079061	0.99832044829263	-0.0253630865079061
JOSD1	0.679056201596887	-0.019286057865112	0.99832044829263	-0.019286057865112
RBM14	0.679059932297405	0.0197909701263537	0.99832044829263	0.0197909701263537
CAPS2	0.679112557236926	0.0140269410121191	0.99832044829263	0.0140269410121191
THAP9	0.679180112534443	0.0274431387315596	0.99832044829263	0.0274431387315596
BAHD1	0.679312953149607	0.0229657822721806	0.99832044829263	0.0229657822721806
FASN	0.679354414496515	0.0218308803072433	0.99832044829263	0.0218308803072433
TOP3B	0.679481926252451	-0.0268105436940191	0.99832044829263	-0.0268105436940191
NEAT1	0.679485888458125	-0.0142622983478798	0.99832044829263	-0.0142622983478798
HIST1H2BE	0.679560283863383	-0.0367045869914399	0.99832044829263	-0.0367045869914399
REXO2	0.679713595371775	-0.0204887024223115	0.99832044829263	-0.0204887024223115
RPL35A	0.679774844417203	-0.0305632496598699	0.99832044829263	-0.0305632496598699
CHID1	0.679843578504336	0.0236970130288019	0.99832044829263	0.0236970130288019
RPS2	0.679928736816526	-0.0227443276732688	0.99832044829263	-0.0227443276732688
HSF1	0.680000626602928	0.0159915878029085	0.99832044829263	0.0159915878029085
SARM1	0.680063018708416	0.0167821883695311	0.99832044829263	0.0167821883695311
MAML3	0.680263568849389	-0.0121426246157848	0.99832044829263	-0.0121426246157848
STPG2	0.680652134475148	-0.0153339416790116	0.99832044829263	-0.0153339416790116
AP002360.1	0.680702671524172	0.0320128367514901	0.99832044829263	0.0320128367514901
INPP5A	0.680862959622284	-0.0137138267524369	0.99832044829263	-0.0137138267524369
THUMPD3-AS1	0.681151423639656	-0.0155333515145604	0.99832044829263	-0.0155333515145604
G3BP2	0.681239537894337	0.0193385075649861	0.99832044829263	0.0193385075649861
ELMO1-AS1	0.681305307492455	-0.0405754350963706	0.99832044829263	-0.0405754350963706
ATG4D	0.681305463803889	0.0232506398729427	0.99832044829263	0.0232506398729427
AC011603.2	0.681316523236265	0.0208629035127377	0.99832044829263	0.0208629035127377
RPS21	0.681365340507638	0.0306740818091847	0.99832044829263	0.0306740818091847
ELP3	0.681402497883634	0.0136956072539866	0.99832044829263	0.0136956072539866
SENP6	0.681468899456307	0.0080014925501054	0.99832044829263	0.0080014925501054
GMPS	0.681511425013956	-0.0163797507093718	0.99832044829263	-0.0163797507093718
GPR108	0.68159315863179	-0.0262157612635098	0.99832044829263	-0.0262157612635098
WASHC3	0.681691556150254	-0.015577302812457	0.99832044829263	-0.015577302812457
ACSBG1	0.681840551542081	0.0294674126349207	0.99832044829263	0.0294674126349207
SMIM13	0.681874862173457	0.0194269507925883	0.99832044829263	0.0194269507925883
SLC35C2	0.682075252143192	-0.0188618888883851	0.99832044829263	-0.0188618888883851
UTP4	0.682079661150898	0.0245767917392995	0.99832044829263	0.0245767917392995
GLIPR2	0.682087559395434	0.0175640993884622	0.99832044829263	0.0175640993884622
VTI1B	0.682131844739216	-0.0194323173561236	0.99832044829263	-0.0194323173561236
FMN2	0.682133174699715	0.0399430258773717	0.99832044829263	0.0399430258773717
SRSF4	0.682142186512156	0.0115344612740707	0.99832044829263	0.0115344612740707
FAM156A	0.68214672990541	0.0218716243847362	0.99832044829263	0.0218716243847362
DTX4	0.68234795428492	0.0270187077572154	0.99832044829263	0.0270187077572154
RERE	0.682499441645652	-0.00659231779468052	0.99832044829263	-0.00659231779468052
GTF3C1	0.682564550627328	0.0149021524553565	0.99832044829263	0.0149021524553565
BRINP2	0.682647154857997	0.0379069227582839	0.99832044829263	0.0379069227582839
SESN3	0.682673666370988	-0.042969270901383	0.99832044829263	-0.042969270901383
ASXL2	0.682868073505673	-0.0120738106697706	0.99832044829263	-0.0120738106697706
RAB2A	0.682934837279609	-0.0102831300046338	0.99832044829263	-0.0102831300046338
HEATR3	0.682951757335649	-0.0198184802006866	0.99832044829263	-0.0198184802006866
ARHGEF37	0.683102831248476	0.0131777747546041	0.99832044829263	0.0131777747546041
TNFAIP6	0.683169102134799	-0.0370642184745961	0.99832044829263	-0.0370642184745961
BTRC	0.683238696341454	-0.00972710041714279	0.99832044829263	-0.00972710041714279
ARHGEF25	0.683400289458385	-0.0683607205295091	0.99832044829263	-0.0683607205295091
RTN1	0.683536475737581	-0.017877504222988	0.99832044829263	-0.017877504222988
RIT1	0.683713607795186	-0.0309934003984395	0.99832044829263	-0.0309934003984395
KIAA0355	0.683830698670446	-0.0122391679451381	0.99832044829263	-0.0122391679451381
ABCC1	0.683922492508008	-0.0345307359077656	0.99832044829263	-0.0345307359077656
AC015813.1	0.683933327530848	0.0304600093303206	0.99832044829263	0.0304600093303206
BCHE	0.684091520550108	0.0310057354679213	0.99832044829263	0.0310057354679213
AP002387.2	0.684156641171344	-0.0273396550481484	0.99832044829263	-0.0273396550481484
CDC14B	0.684189344157656	-0.00883018631796908	0.99832044829263	-0.00883018631796908
AP000892.1	0.684264706140879	0.0384830541359394	0.99832044829263	0.0384830541359394
SERBP1	0.684322790434656	-0.0152959287021977	0.99832044829263	-0.0152959287021977
ARID4B	0.684426655652796	-0.00734802538570003	0.99832044829263	-0.00734802538570003
EIF2AK1	0.68448002721146	-0.0146463416673505	0.99832044829263	-0.0146463416673505
MRPL38	0.684661427685343	-0.0183639660038627	0.99832044829263	-0.0183639660038627
C19orf25	0.684925726880814	0.016907933092181	0.99832044829263	0.016907933092181
COX7A2	0.684945246722361	0.0399822017014337	0.99832044829263	0.0399822017014337
CAPN15	0.685163734161808	-0.028363998818919	0.99832044829263	-0.028363998818919
PTPN4	0.685176726867388	-0.0130785131333578	0.99832044829263	-0.0130785131333578
C2CD5	0.685178077989152	0.0154079745071911	0.99832044829263	0.0154079745071911
FAM172A	0.685191894417691	-0.00685969073779683	0.99832044829263	-0.00685969073779683
DPP8	0.685340012363408	-0.0121863068177023	0.99832044829263	-0.0121863068177023
MAPK8IP3	0.685553498334809	0.00911491651976206	0.99832044829263	0.00911491651976206
KPNA5	0.685712138803301	0.014693946240357	0.99832044829263	0.014693946240357
BCAS2	0.685830667390351	0.0198208112418864	0.99832044829263	0.0198208112418864
STEAP1B	0.685838122620474	-0.0152301693300307	0.99832044829263	-0.0152301693300307
GBA2	0.685927240896699	0.0204400561890386	0.99832044829263	0.0204400561890386
MMP24	0.686009638967185	0.0420585613177045	0.99832044829263	0.0420585613177045
ZNHIT6	0.686115406855121	-0.0123101816308915	0.99832044829263	-0.0123101816308915
NPC1	0.686135685080602	-0.00865296509592263	0.99832044829263	-0.00865296509592263
TSC1	0.686233112549034	0.0138944559251052	0.99832044829263	0.0138944559251052
ATP5IF1	0.686316110137513	-0.03042569821677	0.99832044829263	-0.03042569821677
SPDYE2	0.686367562228	0.0526977023069468	0.99832044829263	0.0526977023069468
AC073878.1	0.686526120985093	0.0310687733481651	0.99832044829263	0.0310687733481651
UBN1	0.686650845850749	-0.0162454440514566	0.99832044829263	-0.0162454440514566
MID1	0.68667543403522	0.0197158571543136	0.99832044829263	0.0197158571543136
FAM120A	0.686803641100447	0.00993843567495527	0.99832044829263	0.00993843567495527
CBY1	0.686847035998606	-0.0230717380410979	0.99832044829263	-0.0230717380410979
AC127024.2	0.686860282601488	-0.0320964511866717	0.99832044829263	-0.0320964511866717
VPS50	0.686864999416564	0.0118638455719195	0.99832044829263	0.0118638455719195
AC004797.1	0.686903536360896	-0.0414991174650107	0.99832044829263	-0.0414991174650107
PC	0.68713510172916	0.016867974743759	0.99832044829263	0.016867974743759
PCNP	0.68715767320764	-0.0161477069269054	0.99832044829263	-0.0161477069269054
RIDA	0.687402662535494	0.0253905092925737	0.99832044829263	0.0253905092925737
FAM120B	0.68741143375544	0.0095230369822157	0.99832044829263	0.0095230369822157
YEATS2	0.687447814251441	-0.0125368101972682	0.99832044829263	-0.0125368101972682
CEP135	0.687468711522209	0.0221418206376671	0.99832044829263	0.0221418206376671
RABEP1	0.687604752799189	-0.00848228277350947	0.99832044829263	-0.00848228277350947
PTPRN	0.687617359278274	0.0479803070412971	0.99832044829263	0.0479803070412971
HTRA2	0.687804898528339	-0.0356983156640079	0.99832044829263	-0.0356983156640079
QSER1	0.687877079978788	-0.0127099182558425	0.99832044829263	-0.0127099182558425
NDUFA1	0.68820130959597	0.0422728961281496	0.99832044829263	0.0422728961281496
DHX8	0.688307070039358	0.0145184641438406	0.99832044829263	0.0145184641438406
ITSN1	0.688323829594617	-0.0134612442375859	0.99832044829263	-0.0134612442375859
DONSON	0.688506820184144	0.0179898443146403	0.99832044829263	0.0179898443146403
MAP3K5	0.688904215858024	-0.0442902248014431	0.99832044829263	-0.0442902248014431
GRIK4	0.68907655075128	0.0157133863984163	0.99832044829263	0.0157133863984163
ATP6V1C1	0.689148016422116	-0.0170151372006782	0.99832044829263	-0.0170151372006782
UBE2E1	0.689335630030175	0.0113545350011456	0.99832044829263	0.0113545350011456
PUF60	0.68934798183039	-0.0208311768584189	0.99832044829263	-0.0208311768584189
PARD3	0.689485700268788	-0.0353205637032583	0.99832044829263	-0.0353205637032583
ZSWIM4	0.689509362985931	0.0321930923760548	0.99832044829263	0.0321930923760548
ABHD14A	0.689521671172376	-0.0371387718529215	0.99832044829263	-0.0371387718529215
AL355999.1	0.68963761638935	0.0263885484306907	0.99832044829263	0.0263885484306907
ATRN	0.689647080819497	-0.0104886963434985	0.99832044829263	-0.0104886963434985
ARMCX5-GPRASP2	0.68966727720383	0.021769034547121	0.99832044829263	0.021769034547121
CDC123	0.689688700503429	0.0162591139739548	0.99832044829263	0.0162591139739548
MRPS14	0.689757889303651	0.0251619186825611	0.99832044829263	0.0251619186825611
MIIP	0.689844739788664	-0.0252379282614194	0.99832044829263	-0.0252379282614194
ELAVL3	0.689859378540025	0.00923328690458636	0.99832044829263	0.00923328690458636
LIMS1	0.690003443504806	0.0119389788383329	0.99832044829263	0.0119389788383329
ERH	0.690242437534976	-0.0280319434738682	0.99832044829263	-0.0280319434738682
PFN1	0.690553970174063	0.0253832528847776	0.99832044829263	0.0253832528847776
PCSK7	0.690596754001505	-0.00994578901790607	0.99832044829263	-0.00994578901790607
SPTAN1	0.690639102495658	0.0395117624433286	0.99832044829263	0.0395117624433286
SORBS3	0.690703873852451	0.0283939508599554	0.99832044829263	0.0283939508599554
RRAGD	0.690722260968688	0.0220251807842033	0.99832044829263	0.0220251807842033
HELLS	0.690745247002647	-0.0260868332426486	0.99832044829263	-0.0260868332426486
MFAP1	0.690877879124366	0.0218951928476336	0.99832044829263	0.0218951928476336
CFL2	0.690939733037309	0.0174796568596419	0.99832044829263	0.0174796568596419
SNRPA1	0.691101088587234	-0.0211469455097824	0.99832044829263	-0.0211469455097824
MOB2	0.691171667713081	-0.0133690576897065	0.99832044829263	-0.0133690576897065
ABCA3	0.691218867673872	0.0114322469262452	0.99832044829263	0.0114322469262452
ZNF677	0.691281935037334	-0.0252306335798768	0.99832044829263	-0.0252306335798768
PDE11A	0.691475060028604	0.033773071844489	0.99832044829263	0.033773071844489
CAMLG	0.691523286331244	-0.02533939247676	0.99832044829263	-0.02533939247676
RPRD2	0.691720185508009	-0.00836453052891683	0.99832044829263	-0.00836453052891683
ATRNL1	0.691739254924948	-0.0470467309732307	0.99832044829263	-0.0470467309732307
PRKG1	0.691774834562019	0.0407817915721722	0.99832044829263	0.0407817915721722
ZNF674	0.691927040215117	0.0269848068971265	0.99832044829263	0.0269848068971265
MACF1	0.692021732684336	0.00997484621821068	0.99832044829263	0.00997484621821068
DEF8	0.692116627527837	-0.0186626302751682	0.99832044829263	-0.0186626302751682
GPI	0.692413349557687	-0.0116352425648385	0.99832044829263	-0.0116352425648385
SNU13	0.692652403842664	0.0262374277585128	0.99832044829263	0.0262374277585128
VIPAS39	0.692661288663054	-0.0201151640106829	0.99832044829263	-0.0201151640106829
USP38	0.692766974061832	-0.020593520580218	0.99832044829263	-0.020593520580218
LHPP	0.692778461586954	-0.0125138886314786	0.99832044829263	-0.0125138886314786
RAB33A	0.693049739985698	0.023889223615378	0.99832044829263	0.023889223615378
CSMD1	0.693112723595613	-0.0377389678352199	0.99832044829263	-0.0377389678352199
RMC1	0.693134279885192	-0.0187443317217363	0.99832044829263	-0.0187443317217363
NEFL	0.693182121081868	-0.0513239980469266	0.99832044829263	-0.0513239980469266
TMEFF2	0.693264123157433	0.00725535847073446	0.99832044829263	0.00725535847073446
ALKBH7	0.693342919512245	0.0311524073444815	0.99832044829263	0.0311524073444815
HACE1	0.693472123732832	0.0140640059042542	0.99832044829263	0.0140640059042542
SLC5A6	0.693543209020662	-0.0300243969101528	0.99832044829263	-0.0300243969101528
PIAS3	0.693548050385066	-0.0251670857067911	0.99832044829263	-0.0251670857067911
GATAD1	0.69389552532838	-0.0138609563546162	0.99832044829263	-0.0138609563546162
UBA5	0.694101307714695	-0.0220865948373524	0.99832044829263	-0.0220865948373524
NCBP1	0.694123004550965	0.0232997654704406	0.99832044829263	0.0232997654704406
MIER3	0.694247505192482	0.0235518603635203	0.99832044829263	0.0235518603635203
RETREG3	0.694372741907704	0.0142312009621795	0.99832044829263	0.0142312009621795
REEP3	0.694380837756508	0.00981958486772165	0.99832044829263	0.00981958486772165
TMEM91	0.694426280184483	0.0263685601239548	0.99832044829263	0.0263685601239548
GLMN	0.694529353179581	-0.0213936384490508	0.99832044829263	-0.0213936384490508
CCT3	0.69465360960574	-0.0164637924760289	0.99832044829263	-0.0164637924760289
NAA40	0.694706515332434	-0.0252507237203979	0.99832044829263	-0.0252507237203979
SYNC	0.694809444732945	-0.0456769159314981	0.99832044829263	-0.0456769159314981
SERTAD2	0.694943514445384	-0.0130973873719363	0.99832044829263	-0.0130973873719363
GET1	0.694981619511289	-0.0190327159940836	0.99832044829263	-0.0190327159940836
NTPCR	0.695098033415608	0.0177192597102511	0.99832044829263	0.0177192597102511
U2AF1	0.69525735697331	0.0419992730578454	0.99832044829263	0.0419992730578454
KLHDC1	0.695709065221726	0.0115991936568077	0.99832044829263	0.0115991936568077
SERF2	0.695713812392571	0.0221180260164544	0.99832044829263	0.0221180260164544
PDCD6IP	0.695731626977667	0.0102733610295727	0.99832044829263	0.0102733610295727
LRP4-AS1	0.69574257044154	-0.0483953681922507	0.99832044829263	-0.0483953681922507
OSBP2	0.695943814985935	0.00867422472927964	0.99832044829263	0.00867422472927964
ARMC3	0.696033761209658	0.0273550776730755	0.99832044829263	0.0273550776730755
TANC1	0.696124113261647	0.0103571727045326	0.99832044829263	0.0103571727045326
BRINP3	0.696126553457274	-0.0462482682573554	0.99832044829263	-0.0462482682573554
MVB12A	0.696332660358781	0.0218757409791746	0.99832044829263	0.0218757409791746
ASIC3	0.696482458267903	0.0203461046020363	0.99832044829263	0.0203461046020363
GSPT1	0.696758354187089	0.0151443506011836	0.99832044829263	0.0151443506011836
ARIH1	0.696802760252034	0.00903054383528693	0.99832044829263	0.00903054383528693
DGKI	0.696839606716914	0.0181247157771733	0.99832044829263	0.0181247157771733
SELENOM	0.697028739924952	-0.0294244802443693	0.99832044829263	-0.0294244802443693
GRK5	0.697034264916217	-0.0297781039972195	0.99832044829263	-0.0297781039972195
ALOX12-AS1	0.697103059115618	-0.00995086671934392	0.99832044829263	-0.00995086671934392
TUBGCP4	0.697217632890692	0.0218700324941501	0.99832044829263	0.0218700324941501
ACTR3B	0.697366026736544	-0.0199645132734399	0.99832044829263	-0.0199645132734399
ERCC2	0.697384942735426	0.0279917393577601	0.99832044829263	0.0279917393577601
HSDL2	0.697444169336946	0.0179856683443399	0.99832044829263	0.0179856683443399
AC068888.1	0.697610446653371	-0.0215120196526989	0.99832044829263	-0.0215120196526989
NUP37	0.697628332370424	-0.0275083482361706	0.99832044829263	-0.0275083482361706
ZDHHC11B	0.697741009839964	-0.0137126979026855	0.99832044829263	-0.0137126979026855
UBB	0.697768411108829	0.022999536216237	0.99832044829263	0.022999536216237
ATP6AP1	0.697886846481549	-0.0238053157055358	0.99832044829263	-0.0238053157055358
AC112206.2	0.697946717092353	0.0263772645959627	0.99832044829263	0.0263772645959627
MED22	0.697957263845509	0.0330673611611019	0.99832044829263	0.0330673611611019
DPYD-AS1	0.69796641144765	-0.0419504068121412	0.99832044829263	-0.0419504068121412
GRIK2	0.69805727472651	-0.0366343251731964	0.99832044829263	-0.0366343251731964
PAICS	0.698355054925445	0.0230906384916652	0.99832044829263	0.0230906384916652
FGFR2	0.698375859599077	0.0081449493835031	0.99832044829263	0.0081449493835031
CLHC1	0.698731276555517	0.0240499790909568	0.99832044829263	0.0240499790909568
ZKSCAN1	0.698913804074023	0.00958613074682161	0.99832044829263	0.00958613074682161
OPA3	0.698960878656145	0.0248817391164893	0.99832044829263	0.0248817391164893
LCMT1-AS1	0.698971779959181	-0.0262087829423768	0.99832044829263	-0.0262087829423768
STXBP3	0.699006705180106	-0.00888958977960408	0.99832044829263	-0.00888958977960408
CPEB2	0.699028489212577	0.00821855883059129	0.99832044829263	0.00821855883059129
MIR181A2HG	0.699044873200907	-0.0164903236972849	0.99832044829263	-0.0164903236972849
RELA	0.69949806941733	-0.0196314147803897	0.99832044829263	-0.0196314147803897
MIR762HG	0.699542670049256	0.0340324470921641	0.99832044829263	0.0340324470921641
PLPP4	0.699546206420641	0.0218247790192264	0.99832044829263	0.0218247790192264
CHMP1B	0.699726099045961	0.0294119611078769	0.99832044829263	0.0294119611078769
UBE2D1	0.699740389870278	-0.0216633440651529	0.99832044829263	-0.0216633440651529
EIF4G3	0.699764595346702	0.00607003679713516	0.99832044829263	0.00607003679713516
PRDX2	0.699956113687422	0.0331461081499168	0.99832044829263	0.0331461081499168
SLC9B2	0.699985757229052	0.0343434429944745	0.99832044829263	0.0343434429944745
ANKRD10	0.699987252544708	0.0128791266943311	0.99832044829263	0.0128791266943311
POLR2K	0.700096253496524	0.0429297111601615	0.99832044829263	0.0429297111601615
RPS6KA5	0.700379118328661	-0.00778580055584111	0.99832044829263	-0.00778580055584111
DDI2	0.70044758044164	0.013017742715273	0.99832044829263	0.013017742715273
GDNF-AS1	0.700609119785411	0.0208869755758267	0.99832044829263	0.0208869755758267
HEATR5B	0.700963797351471	0.0116764417321556	0.99832044829263	0.0116764417321556
NSD3	0.701181521407155	-0.00710193212136702	0.99832044829263	-0.00710193212136702
CTTNBP2	0.701231905283312	0.00863109088143309	0.99832044829263	0.00863109088143309
SNX16	0.701432002200924	-0.0261572095812709	0.99832044829263	-0.0261572095812709
ZNF367	0.701541488395626	-0.0331750958348446	0.99832044829263	-0.0331750958348446
LMBR1	0.701702767046776	-0.0122252476324253	0.99832044829263	-0.0122252476324253
R3HCC1	0.701809065277934	-0.0223690525558126	0.99832044829263	-0.0223690525558126
AP000944.7	0.701872211508773	-0.0301312255799334	0.99832044829263	-0.0301312255799334
MPC2	0.70221438004826	-0.0334259852893582	0.99832044829263	-0.0334259852893582
TDRD6	0.702456502717726	-0.0213897489148401	0.99832044829263	-0.0213897489148401
PSMC4	0.702474628182203	-0.027773462520734	0.99832044829263	-0.027773462520734
ME1	0.702482558906947	0.025630687591815	0.99832044829263	0.025630687591815
EIF3M	0.702648285170825	0.0190906314385859	0.99832044829263	0.0190906314385859
MYL12B	0.702660246993967	0.0315672264816473	0.99832044829263	0.0315672264816473
CCND3	0.703037851758651	0.0312444779686188	0.99832044829263	0.0312444779686188
NFE2L1	0.703152901343957	-0.0216128388210789	0.99832044829263	-0.0216128388210789
NCS1	0.703236304859611	-0.0384921121786913	0.99832044829263	-0.0384921121786913
PSMD14	0.703335311950302	-0.016836942478299	0.99832044829263	-0.016836942478299
ADAMTS14	0.703672458606426	-0.0196392672074004	0.99832044829263	-0.0196392672074004
MRPL40	0.703748848473861	0.0435600469973619	0.99832044829263	0.0435600469973619
NCK1-DT	0.703898992816104	-0.0288345071634971	0.99832044829263	-0.0288345071634971
WNT2B	0.703957691482953	-0.0204477047095056	0.99832044829263	-0.0204477047095056
KCNMB3	0.704020235988752	-0.0246426069102576	0.99832044829263	-0.0246426069102576
TRAPPC6B	0.704073074585878	0.0155392483813743	0.99832044829263	0.0155392483813743
SEMA6A	0.704250405605029	-0.00788075692902183	0.99832044829263	-0.00788075692902183
TATDN2	0.704265936436845	0.025675795175543	0.99832044829263	0.025675795175543
PSMB9	0.704506312922175	-0.0278066715479231	0.99832044829263	-0.0278066715479231
ADAT1	0.704562349787721	-0.0201831342089156	0.99832044829263	-0.0201831342089156
USP32	0.704750012631391	-0.00803322497641384	0.99832044829263	-0.00803322497641384
C7orf61	0.704758941644439	-0.0184033686811266	0.99832044829263	-0.0184033686811266
UBE2W	0.70479261513264	0.011797445272296	0.99832044829263	0.011797445272296
ABHD6	0.704801911292835	-0.0108421679470695	0.99832044829263	-0.0108421679470695
CDC23	0.704903026521026	0.022380494774272	0.99832044829263	0.022380494774272
LANCL1-AS1	0.704947598015185	-0.0482471737378681	0.99832044829263	-0.0482471737378681
PPP1R3F	0.704963479620169	-0.0154686762263597	0.99832044829263	-0.0154686762263597
AKT1	0.704994309389456	0.0181816552412933	0.99832044829263	0.0181816552412933
PEX26	0.705094362831056	0.0173702520824019	0.99832044829263	0.0173702520824019
PDPK1	0.705425713042013	-0.0139021752214897	0.99832044829263	-0.0139021752214897
ZNF25	0.70546869030882	0.0148872315721812	0.99832044829263	0.0148872315721812
THRAP3	0.705526280487728	-0.0104461993062085	0.99832044829263	-0.0104461993062085
DKC1	0.705877125397455	-0.0207586592726224	0.99832044829263	-0.0207586592726224
SNX2	0.705921239699031	-0.0136614691186771	0.99832044829263	-0.0136614691186771
ZNF410	0.706148651464255	-0.0163782603158427	0.99832044829263	-0.0163782603158427
TRPC1	0.706262410567401	-0.00969631392398895	0.99832044829263	-0.00969631392398895
PCBP1	0.706476438132523	-0.018967680349334	0.99832044829263	-0.018967680349334
MIOS	0.706543367204347	-0.0218615779004552	0.99832044829263	-0.0218615779004552
PXK	0.706941237856157	-0.00696907020108662	0.99832044829263	-0.00696907020108662
CCDC171	0.707076104176305	-0.016009505368744	0.99832044829263	-0.016009505368744
FBXL7	0.707136065303373	-0.00643081358587927	0.99832044829263	-0.00643081358587927
PDLIM3	0.707255334638836	-0.0228710798443399	0.99832044829263	-0.0228710798443399
SEM1	0.707434863534366	0.0136387857400378	0.99832044829263	0.0136387857400378
ARNTL	0.707459316506028	0.0314622763276224	0.99832044829263	0.0314622763276224
PEX11B	0.707563407195759	0.0241289763161246	0.99832044829263	0.0241289763161246
SFXN4	0.708017571395651	0.0164132926052945	0.99832044829263	0.0164132926052945
LINC00907	0.708024684616591	0.0216007646297456	0.99832044829263	0.0216007646297456
RNF180	0.708062506645521	0.0314128806571473	0.99832044829263	0.0314128806571473
FRS3	0.708151641168322	0.0280615617942411	0.99832044829263	0.0280615617942411
CCDC186	0.708270123768056	-0.014660254263999	0.99832044829263	-0.014660254263999
FAXDC2	0.70835486445065	0.00909652140203661	0.99832044829263	0.00909652140203661
DDX50	0.708394117980475	0.0121504669850961	0.99832044829263	0.0121504669850961
CAMK2B	0.708576804378121	0.0410405446313736	0.99832044829263	0.0410405446313736
GLB1	0.708577060455108	0.0173854651344328	0.99832044829263	0.0173854651344328
DCXR	0.708772870597552	-0.0243192900369244	0.99832044829263	-0.0243192900369244
TIMM44	0.70878282477909	-0.0180028974157554	0.99832044829263	-0.0180028974157554
POMP	0.708874949452552	-0.028256096326781	0.99832044829263	-0.028256096326781
AL353151.2	0.708890144430704	-0.0220515383012308	0.99832044829263	-0.0220515383012308
POLR3D	0.708944335974891	-0.032850656609738	0.99832044829263	-0.032850656609738
INTS2	0.709020747364191	0.0176674930315178	0.99832044829263	0.0176674930315178
REPS2	0.709069992649684	-0.0103339058739689	0.99832044829263	-0.0103339058739689
NCKAP5	0.709131553614612	-0.00679678210738874	0.99832044829263	-0.00679678210738874
BCAT1	0.709157195744045	0.0208399435427775	0.99832044829263	0.0208399435427775
AASS	0.709214824541529	-0.0113590577815125	0.99832044829263	-0.0113590577815125
HSPA1B	0.709226818346289	0.036198421075397	0.99832044829263	0.036198421075397
C16orf87	0.709281696609383	-0.0243763995918182	0.99832044829263	-0.0243763995918182
AC026316.5	0.709364308218137	0.0355222235025667	0.99832044829263	0.0355222235025667
CDH8	0.709445895049703	0.0154569807573409	0.99832044829263	0.0154569807573409
DENND4C	0.709570228703129	-0.0109414813620936	0.99832044829263	-0.0109414813620936
INTS4	0.70969644725661	0.0143078476208942	0.99832044829263	0.0143078476208942
MSL3	0.709710659415269	-0.0282542564324986	0.99832044829263	-0.0282542564324986
PPP1R3E	0.709728838120986	-0.0112695680825586	0.99832044829263	-0.0112695680825586
PCIF1	0.709742756956933	-0.0267276000872776	0.99832044829263	-0.0267276000872776
OSBPL5	0.709791703366427	0.0146563653569577	0.99832044829263	0.0146563653569577
PCBP3	0.70981614256335	-0.0206440008922775	0.99832044829263	-0.0206440008922775
TAF9B	0.709821796847829	0.0358285236652192	0.99832044829263	0.0358285236652192
PVALEF	0.709837763159073	-0.0276005171097812	0.99832044829263	-0.0276005171097812
TIMM21	0.709917431239405	0.0270442202621785	0.99832044829263	0.0270442202621785
PGAP3	0.710005025700763	-0.0258238929256693	0.99832044829263	-0.0258238929256693
ATP5MC2	0.710138840046323	-0.0174544683346582	0.99832044829263	-0.0174544683346582
OBI1	0.710243962508437	0.0195030584981999	0.99832044829263	0.0195030584981999
AP000477.3	0.710385555561302	0.0260999647978561	0.99832044829263	0.0260999647978561
C21orf62-AS1	0.710534893564679	0.0124690828690884	0.99832044829263	0.0124690828690884
SAT2	0.710682534781398	0.0229875798740628	0.99832044829263	0.0229875798740628
AC006059.1	0.710785970053719	0.0143773305870128	0.99832044829263	0.0143773305870128
BAG2	0.710892598759042	-0.0275752906166433	0.99832044829263	-0.0275752906166433
DPH5	0.710983729665622	0.0172842708207354	0.99832044829263	0.0172842708207354
LINC02062	0.711219491336876	0.0116133461570719	0.99832044829263	0.0116133461570719
HECW1	0.71135851030912	-0.0392118858821453	0.99832044829263	-0.0392118858821453
AC023283.1	0.711457062049544	-0.0282929201171483	0.99832044829263	-0.0282929201171483
L3MBTL2	0.711514643496936	0.0203062606214687	0.99832044829263	0.0203062606214687
SLC25A27	0.711560342881781	0.0110096863988149	0.99832044829263	0.0110096863988149
C2orf42	0.711638609324863	0.0184150779569444	0.99832044829263	0.0184150779569444
CAPN10-DT	0.711672330396132	-0.0312613965292791	0.99832044829263	-0.0312613965292791
ETS1	0.711834886216728	0.0279774953327295	0.99832044829263	0.0279774953327295
ACTR3	0.712305800981915	-0.0119323040372586	0.99832044829263	-0.0119323040372586
SCAND1	0.712438996900238	0.0294167909052029	0.99832044829263	0.0294167909052029
ANAPC16	0.712503112590183	-0.00999071807725285	0.99832044829263	-0.00999071807725285
KATNA1	0.712534045225435	-0.0169745965936926	0.99832044829263	-0.0169745965936926
AATF	0.712627792106142	0.0135241783211884	0.99832044829263	0.0135241783211884
HYDIN	0.7127724808079	-0.0224943925924745	0.99832044829263	-0.0224943925924745
UFL1	0.71283518762049	0.0142262723652005	0.99832044829263	0.0142262723652005
MPPE1	0.712843829885358	-0.0161713166238853	0.99832044829263	-0.0161713166238853
DUS1L	0.712849022153148	-0.0180784057929682	0.99832044829263	-0.0180784057929682
LRRC57	0.713025329870358	-0.032242924622317	0.99832044829263	-0.032242924622317
PELI2	0.713058938821474	0.0122433381723136	0.99832044829263	0.0122433381723136
YWHAE	0.713060448822519	0.0113474632134299	0.99832044829263	0.0113474632134299
ATPAF2	0.713114197423413	0.018151179576791	0.99832044829263	0.018151179576791
MYH10	0.713144127353738	0.0490464252928556	0.99832044829263	0.0490464252928556
VOPP1	0.713180237675211	0.0272245258523555	0.99832044829263	0.0272245258523555
NUDCD1	0.71340365344833	0.0205203908681875	0.99832044829263	0.0205203908681875
EIF2A	0.713477519382188	-0.0205619958656827	0.99832044829263	-0.0205619958656827
ZDHHC7	0.713572209346143	0.0180608189188563	0.99832044829263	0.0180608189188563
TEX14	0.713610221122695	-0.0271807668650074	0.99832044829263	-0.0271807668650074
NEURL4	0.713680621784083	-0.02473257642116	0.99832044829263	-0.02473257642116
MAPK1IP1L	0.713709030623408	0.0128603082671053	0.99832044829263	0.0128603082671053
MAD1L1	0.713758438209401	0.0120513927804507	0.99832044829263	0.0120513927804507
ZFYVE27	0.713779197723886	-0.0178161686520552	0.99832044829263	-0.0178161686520552
LRSAM1	0.713817906581205	-0.0120082936593344	0.99832044829263	-0.0120082936593344
C6orf136	0.71383438857957	-0.0286481657869142	0.99832044829263	-0.0286481657869142
RCN2	0.713864341312872	-0.0153164154441665	0.99832044829263	-0.0153164154441665
BRAT1	0.713950155911682	0.0196384499312429	0.99832044829263	0.0196384499312429
NCKIPSD	0.714247411861014	-0.0210921252394096	0.99832044829263	-0.0210921252394096
ZNF808	0.714371276361682	-0.0201953578763573	0.99832044829263	-0.0201953578763573
PSMD3	0.714375294284908	-0.0198270349476294	0.99832044829263	-0.0198270349476294
HNRNPH3	0.714400767816364	0.00988725679250432	0.99832044829263	0.00988725679250432
CACNA1E	0.714535318977742	0.0403840810808054	0.99832044829263	0.0403840810808054
TTLL7-IT1	0.714546104322561	0.0258942356703229	0.99832044829263	0.0258942356703229
RANGRF	0.714693126435006	0.0291800022307762	0.99832044829263	0.0291800022307762
FRMD4B	0.714715669399977	-0.00626884199757864	0.99832044829263	-0.00626884199757864
RPL35	0.714902377266276	0.0230458510416414	0.99832044829263	0.0230458510416414
ACTN2	0.714956103153391	0.0197241986084324	0.99832044829263	0.0197241986084324
RB1CC1	0.71541237391165	-0.00939879242169373	0.99832044829263	-0.00939879242169373
SFXN3	0.715416940554268	0.0159263125902432	0.99832044829263	0.0159263125902432
ZNF274	0.715448172152378	-0.0147651578205329	0.99832044829263	-0.0147651578205329
CREB5	0.715489069227483	-0.00611547630073696	0.99832044829263	-0.00611547630073696
STK31	0.715595191276259	-0.0353400115768867	0.99832044829263	-0.0353400115768867
ARFGEF3	0.715667896711821	-0.00559465926069397	0.99832044829263	-0.00559465926069397
NADK2	0.71581081921426	0.0166615139288431	0.99832044829263	0.0166615139288431
LINC01358	0.71582154304324	-0.0252946494189907	0.99832044829263	-0.0252946494189907
QSOX2	0.715825490166771	-0.0228062838240098	0.99832044829263	-0.0228062838240098
HIBCH	0.715885601688894	-0.00940248787284871	0.99832044829263	-0.00940248787284871
GAPDH	0.715902700528409	-0.0253615934446088	0.99832044829263	-0.0253615934446088
MTFR1L	0.71618984214375	0.02583394812674	0.99832044829263	0.02583394812674
ZNF668	0.716310976052871	0.0284010151797171	0.99832044829263	0.0284010151797171
CEPT1	0.716432353154333	-0.0136637124561908	0.99832044829263	-0.0136637124561908
DMAC2	0.716521867831366	0.0318851097341536	0.99832044829263	0.0318851097341536
AL513166.1	0.716534700294232	-0.0337498771298375	0.99832044829263	-0.0337498771298375
MYH9	0.716710658457113	-0.012646245639203	0.99832044829263	-0.012646245639203
LEPROTL1	0.716731883885153	-0.0192664967325002	0.99832044829263	-0.0192664967325002
PLCXD1	0.716739893920759	-0.0341530736294154	0.99832044829263	-0.0341530736294154
SNHG8	0.716817638579748	-0.0329901113932524	0.99832044829263	-0.0329901113932524
POR	0.716883133960212	-0.0148782822625204	0.99832044829263	-0.0148782822625204
APPL2	0.716893772977932	0.0111739086851593	0.99832044829263	0.0111739086851593
KLHL28	0.716899777334354	0.0179351023748642	0.99832044829263	0.0179351023748642
LIN52	0.716948817383238	-0.0100600754156334	0.99832044829263	-0.0100600754156334
FAM222A-AS1	0.716968090904517	-0.0295664802141535	0.99832044829263	-0.0295664802141535
GUCY1B1	0.716968743360457	0.0357271419810089	0.99832044829263	0.0357271419810089
TPGS2	0.717029486486202	-0.0162780697950493	0.99832044829263	-0.0162780697950493
LATS1	0.717101760825164	-0.0106061384203853	0.99832044829263	-0.0106061384203853
PRKD1	0.717166190531969	-0.0132522266481074	0.99832044829263	-0.0132522266481074
LINC01572	0.717201853481331	0.0171965327949371	0.99832044829263	0.0171965327949371
TBL3	0.717307908277224	-0.0307866541804686	0.99832044829263	-0.0307866541804686
ZNF654	0.717442194635531	-0.0120625362197591	0.99832044829263	-0.0120625362197591
SSBP2	0.717551702486174	-0.00662817835547018	0.99832044829263	-0.00662817835547018
TDG	0.717648447782014	-0.0181889565745041	0.99832044829263	-0.0181889565745041
ZNF771	0.717782444936227	0.0204943756323808	0.99832044829263	0.0204943756323808
STK35	0.717949023547669	-0.0193966711315129	0.99832044829263	-0.0193966711315129
NUP205	0.718012333299349	-0.0149582591498617	0.99832044829263	-0.0149582591498617
VPS9D1	0.718036888469669	0.0166616868907809	0.99832044829263	0.0166616868907809
TMEM219	0.718098888321823	0.019150483410521	0.99832044829263	0.019150483410521
REXO1	0.718114426442274	0.0186952587033504	0.99832044829263	0.0186952587033504
AP003469.4	0.718118075739341	-0.0215962516244665	0.99832044829263	-0.0215962516244665
ZNF800	0.718144958756904	-0.0113533223932095	0.99832044829263	-0.0113533223932095
RAB9A	0.718150626459366	0.016055907809953	0.99832044829263	0.016055907809953
IL6ST	0.718254675438229	0.012547458667472	0.99832044829263	0.012547458667472
SBNO1	0.718471620870323	-0.0107079868303337	0.99832044829263	-0.0107079868303337
PPP4R2	0.718526320617506	-0.00823964021869131	0.99832044829263	-0.00823964021869131
SNRPB	0.718582881509316	-0.0311656830144844	0.99832044829263	-0.0311656830144844
SYCP2L	0.71881994782406	-0.0231711359761243	0.99832044829263	-0.0231711359761243
OSER1-DT	0.718867597752104	0.0199616743627654	0.99832044829263	0.0199616743627654
RPS15	0.718926255091228	0.0213946176486913	0.99832044829263	0.0213946176486913
SLC7A14	0.718973071504352	0.0213810197068598	0.99832044829263	0.0213810197068598
MARCH2	0.719216454504371	0.0152559281263759	0.99832044829263	0.0152559281263759
APBA1	0.719232779676607	-0.00850537886177039	0.99832044829263	-0.00850537886177039
LCA5	0.719263936319537	-0.0235089811147463	0.99832044829263	-0.0235089811147463
ATP5MF	0.719433846532002	0.0355512045784364	0.99832044829263	0.0355512045784364
TMEM8B	0.719474330566568	0.0202547615898204	0.99832044829263	0.0202547615898204
WDR53	0.719677841999976	-0.0276557407381219	0.99832044829263	-0.0276557407381219
FAM168A	0.719698234897101	-0.00915036227349194	0.99832044829263	-0.00915036227349194
SDK1	0.720050765974646	0.0301647616757807	0.99832044829263	0.0301647616757807
ACTG1	0.720287526124448	-0.0218369734100046	0.99832044829263	-0.0218369734100046
TEX10	0.720459324677682	0.0203607623465316	0.99832044829263	0.0203607623465316
ZMYM3	0.720666347397436	0.0239472796195841	0.99832044829263	0.0239472796195841
PURA	0.720756447408912	-0.0114254892634142	0.99832044829263	-0.0114254892634142
SNTA1	0.720848398157592	-0.0262937875502493	0.99832044829263	-0.0262937875502493
USP28	0.720959855258374	0.0180111529143417	0.99832044829263	0.0180111529143417
IPCEF1	0.721074327350225	-0.0328192637858355	0.99832044829263	-0.0328192637858355
CCT6B	0.721136529139328	0.0289627305302569	0.99832044829263	0.0289627305302569
SLC23A2	0.721423822163277	0.0104503806571219	0.99832044829263	0.0104503806571219
USP10	0.721711479128153	0.0137715938219824	0.99832044829263	0.0137715938219824
CHN2	0.721738921067384	0.0225327521998641	0.99832044829263	0.0225327521998641
ZNF678	0.72177407399197	-0.013128144151206	0.99832044829263	-0.013128144151206
FRS2	0.722240950460147	-0.0101161674697309	0.99832044829263	-0.0101161674697309
AC106791.1	0.722278086741615	0.0102737476574259	0.99832044829263	0.0102737476574259
NOX4	0.7223242417886	0.0249362216307276	0.99832044829263	0.0249362216307276
SLC3A2	0.722444392215627	0.0274260478649854	0.99832044829263	0.0274260478649854
KIF1BP	0.722445359543007	0.0208147722516539	0.99832044829263	0.0208147722516539
HIVEP1	0.722479580843414	-0.0134769469139204	0.99832044829263	-0.0134769469139204
ETV5	0.722498001364447	-0.0243386865385518	0.99832044829263	-0.0243386865385518
HIGD2A	0.722552082303399	-0.0369703597717864	0.99832044829263	-0.0369703597717864
AC078846.1	0.722604885237548	-0.0260494943205528	0.99832044829263	-0.0260494943205528
H2AFV	0.722655436471428	-0.0136037642216409	0.99832044829263	-0.0136037642216409
SLC7A6OS	0.722713109476857	-0.0180937857978007	0.99832044829263	-0.0180937857978007
ETFA	0.722726881975878	0.0160226089268147	0.99832044829263	0.0160226089268147
CAT	0.72272718464717	0.0163570764234002	0.99832044829263	0.0163570764234002
SYMPK	0.72282315506247	0.00990760588363029	0.99832044829263	0.00990760588363029
ITM2B	0.72284518209333	-0.0166720827210582	0.99832044829263	-0.0166720827210582
DEDD2	0.722923815757233	0.033909479782829	0.99832044829263	0.033909479782829
C2orf69	0.722941144836575	-0.0191523264044755	0.99832044829263	-0.0191523264044755
SNX21	0.72296365939757	0.0326124056513954	0.99832044829263	0.0326124056513954
MYBL1	0.722977200594698	0.0217978782826666	0.99832044829263	0.0217978782826666
LINC00632	0.723160348246844	0.0134755416592482	0.99832044829263	0.0134755416592482
KDM6A	0.723253443445276	0.00801779257052264	0.99832044829263	0.00801779257052264
DOLPP1	0.72327067098731	0.0324557435078781	0.99832044829263	0.0324557435078781
RNF115	0.723393770549917	0.00845864342784443	0.99832044829263	0.00845864342784443
SUGP1	0.723598294681102	-0.0177366415903366	0.99832044829263	-0.0177366415903366
ZFPM2	0.723699189304121	0.0281878638009053	0.99832044829263	0.0281878638009053
NEK5	0.723885235574303	-0.021730918560188	0.99832044829263	-0.021730918560188
RGS4	0.724015708335288	-0.0391865721059121	0.99832044829263	-0.0391865721059121
LTBP3	0.724039035274983	0.0127201721666353	0.99832044829263	0.0127201721666353
CCSER2	0.724102210156262	0.0059634301635743	0.99832044829263	0.0059634301635743
ALS2	0.724332880550524	-0.0174302862644207	0.99832044829263	-0.0174302862644207
DLST	0.724628986917062	-0.0194542670711927	0.99832044829263	-0.0194542670711927
COPS7B	0.724674128356384	0.0180386979910168	0.99832044829263	0.0180386979910168
HSBP1	0.724711594656054	-0.01952794911191	0.99832044829263	-0.01952794911191
SLITRK2	0.724886935439289	-0.0166900733893202	0.99832044829263	-0.0166900733893202
JUND	0.725009618386397	0.0104429377682401	0.99832044829263	0.0104429377682401
PPM1L	0.725104805547946	0.0188474825252889	0.99832044829263	0.0188474825252889
ARL1	0.725149724483699	-0.0255159690517191	0.99832044829263	-0.0255159690517191
LINC02328	0.725275936106807	-0.0170598465117755	0.99832044829263	-0.0170598465117755
LOXL2	0.725286041836072	-0.021147251112874	0.99832044829263	-0.021147251112874
KLC2	0.725376313266512	0.0299256424511376	0.99832044829263	0.0299256424511376
SENP3	0.725451057234407	0.0165272984301593	0.99832044829263	0.0165272984301593
GAREM1	0.725521043996093	-0.00841705987866881	0.99832044829263	-0.00841705987866881
CBL	0.72552374135595	0.0152934155646063	0.99832044829263	0.0152934155646063
FBN1	0.725676301934076	0.00898062498127987	0.99832044829263	0.00898062498127987
EIF3J	0.725688661371509	-0.0120542265480904	0.99832044829263	-0.0120542265480904
FAM49A	0.725714231836085	-0.0294639060227635	0.99832044829263	-0.0294639060227635
RAB3C	0.725768699255445	0.0434351891992255	0.99832044829263	0.0434351891992255
NPHP1	0.725795208436906	0.022890647464088	0.99832044829263	0.022890647464088
INTS1	0.725805949566249	-0.0155075838008005	0.99832044829263	-0.0155075838008005
USP5	0.725869983686911	0.0181095017303185	0.99832044829263	0.0181095017303185
ANKRD37	0.725881351095411	-0.0309813253405942	0.99832044829263	-0.0309813253405942
EFNA5	0.725980867261462	-0.0400380054883463	0.99832044829263	-0.0400380054883463
SERAC1	0.725980930338656	-0.0161329670901155	0.99832044829263	-0.0161329670901155
PSD	0.726088174255068	0.0609166956471149	0.99832044829263	0.0609166956471149
NMT1	0.726269960018093	0.0132626958383943	0.99832044829263	0.0132626958383943
CDK10	0.726345181219517	0.0190963572711432	0.99832044829263	0.0190963572711432
MYT1L	0.726415617504308	0.0301707008270229	0.99832044829263	0.0301707008270229
STAT5B	0.726521190834747	-0.00896108788354726	0.99832044829263	-0.00896108788354726
KCNQ1OT1	0.726531798936382	0.00986107866129197	0.99832044829263	0.00986107866129197
ARRB1	0.726542174672383	-0.011037655462931	0.99832044829263	-0.011037655462931
MSL1	0.726604107636085	-0.0125777913242622	0.99832044829263	-0.0125777913242622
HAUS5	0.726612858385188	-0.0194405786246282	0.99832044829263	-0.0194405786246282
CTNND2	0.726768182756551	0.00656743941874349	0.99832044829263	0.00656743941874349
ATG4C	0.726901053155235	-0.00691500848853987	0.99832044829263	-0.00691500848853987
UBL7	0.727077764046623	-0.0277817974060507	0.99832044829263	-0.0277817974060507
PLD5	0.727214374162627	-0.0108927588021095	0.99832044829263	-0.0108927588021095
TMEM169	0.727327571256721	0.027340237569969	0.99832044829263	0.027340237569969
SOS1	0.727533787714254	0.00832123764994871	0.99832044829263	0.00832123764994871
FBXL5	0.727539214430333	-0.00784999057811383	0.99832044829263	-0.00784999057811383
TMEM209	0.728080394997863	-0.0213077480376525	0.99832044829263	-0.0213077480376525
ETV6	0.728328188188219	-0.0171023771466736	0.99832044829263	-0.0171023771466736
STAM2	0.728396243718133	-0.0109893074533272	0.99832044829263	-0.0109893074533272
NAGPA-AS1	0.728519498389046	0.0334070729059147	0.99832044829263	0.0334070729059147
RPL6	0.728536738819295	0.0218995183411177	0.99832044829263	0.0218995183411177
AL162458.1	0.728759897153725	0.0240973771848193	0.99832044829263	0.0240973771848193
WDR27	0.728855871352889	0.0154752808275622	0.99832044829263	0.0154752808275622
SLC41A1	0.729050987707907	-0.0220117606778102	0.99832044829263	-0.0220117606778102
CBX7	0.729230121233132	0.00986181347424042	0.99832044829263	0.00986181347424042
DNAH1	0.729231020621666	0.0206092965211668	0.99832044829263	0.0206092965211668
PWWP2A	0.729264107994971	0.00759489455607319	0.99832044829263	0.00759489455607319
AL035670.1	0.729284420643125	-0.0241479889607514	0.99832044829263	-0.0241479889607514
PSMD11	0.729362119868144	0.0100629997163363	0.99832044829263	0.0100629997163363
RAI14	0.729375024459409	-0.0140093528206716	0.99832044829263	-0.0140093528206716
PRR3	0.729578617661957	-0.0194098814158336	0.99832044829263	-0.0194098814158336
CNOT1	0.729780407091367	-0.011997047958289	0.99832044829263	-0.011997047958289
EPB41L3	0.729800042773329	0.0168304055720862	0.99832044829263	0.0168304055720862
ENGASE	0.729830555418563	-0.0188241244728073	0.99832044829263	-0.0188241244728073
HIST2H2BE	0.729857846843217	0.0288199312095229	0.99832044829263	0.0288199312095229
SCRN1	0.729967206129273	0.0188136005821061	0.99832044829263	0.0188136005821061
GRID2	0.72998094407909	0.0249853118788845	0.99832044829263	0.0249853118788845
ZNF623	0.730207706504556	0.016833162014523	0.99832044829263	0.016833162014523
SNX29	0.73029814526328	0.00936262616354379	0.99832044829263	0.00936262616354379
CDK11A	0.730355751212409	0.0158779878451165	0.99832044829263	0.0158779878451165
POGK	0.730386358026373	0.0137071050507303	0.99832044829263	0.0137071050507303
ZNF511	0.730399010235077	0.0266846203687957	0.99832044829263	0.0266846203687957
AL117336.2	0.730424827687816	-0.0169060677396619	0.99832044829263	-0.0169060677396619
LINC01630	0.730647505039929	-0.00928289461191077	0.99832044829263	-0.00928289461191077
FHIT	0.730720187420038	0.00627410882492426	0.99832044829263	0.00627410882492426
AK1	0.731015443759074	0.0255324955660217	0.99832044829263	0.0255324955660217
CRY1	0.731113247106564	-0.015488863153392	0.99832044829263	-0.015488863153392
NDUFA9	0.731122351774344	-0.0172886155557601	0.99832044829263	-0.0172886155557601
GEMIN7-AS1	0.731565977849968	0.024986757498328	0.99832044829263	0.024986757498328
ZC3H3	0.731674870316763	0.0160324181116387	0.99832044829263	0.0160324181116387
ENTPD4	0.731862583647203	-0.0145543599199064	0.99832044829263	-0.0145543599199064
MAFG	0.731927897725147	-0.0188058192658654	0.99832044829263	-0.0188058192658654
PLCH2	0.732107942259318	-0.0197159017394819	0.99832044829263	-0.0197159017394819
ZMAT5	0.732161832417873	0.025981177413825	0.99832044829263	0.025981177413825
MAP3K12	0.732214461791411	-0.0218102983704405	0.99832044829263	-0.0218102983704405
MYEF2	0.732219254102855	0.0225123748745011	0.99832044829263	0.0225123748745011
RPL34	0.732446649647895	0.0251215079175083	0.99832044829263	0.0251215079175083
EHBP1	0.732618086628007	-0.0107765902288698	0.99832044829263	-0.0107765902288698
DNAJA1	0.732724951458308	-0.0193920069728947	0.99832044829263	-0.0193920069728947
YWHAQ	0.732779463824359	0.00801181022518432	0.99832044829263	0.00801181022518432
ADAM17	0.732780994476413	0.0105904790174882	0.99832044829263	0.0105904790174882
ACP1	0.732817092957104	0.0172026300731163	0.99832044829263	0.0172026300731163
GGPS1	0.732846412687207	-0.0273601556004528	0.99832044829263	-0.0273601556004528
OGFOD3	0.732897824986355	0.0223973098899891	0.99832044829263	0.0223973098899891
CUTA	0.733091472323448	-0.0293929899825179	0.99832044829263	-0.0293929899825179
UBE2H	0.733285250026087	-0.00726476064489781	0.99832044829263	-0.00726476064489781
C16orf58	0.733300681833862	0.0149043571576497	0.99832044829263	0.0149043571576497
POLM	0.73336031694119	-0.0201870941164645	0.99832044829263	-0.0201870941164645
TRAP1	0.733364738417561	-0.0149758049160257	0.99832044829263	-0.0149758049160257
CFDP1	0.7334090797358	0.00934844686339301	0.99832044829263	0.00934844686339301
PRELID2	0.733431787549051	0.0206232002918604	0.99832044829263	0.0206232002918604
IL11RA	0.733500375923861	0.0232047959004998	0.99832044829263	0.0232047959004998
KIT	0.733600334023763	0.0349150994224049	0.99832044829263	0.0349150994224049
PAK2	0.733619779462888	-0.00775021239133871	0.99832044829263	-0.00775021239133871
CLN5	0.733687377150251	0.0167821020322824	0.99832044829263	0.0167821020322824
COLGALT1	0.733702052208917	0.0164326853581775	0.99832044829263	0.0164326853581775
SIK3	0.73389935139211	0.00611019198503686	0.99832044829263	0.00611019198503686
SPG21	0.733907077974191	-0.0180821693433067	0.99832044829263	-0.0180821693433067
MICU3	0.733919600076083	-0.0110970687203689	0.99832044829263	-0.0110970687203689
PRRC2A	0.734004965898625	0.0118436960007208	0.99832044829263	0.0118436960007208
RBMX2	0.734123328990869	0.0207996530959979	0.99832044829263	0.0207996530959979
SPRED2	0.734144066118456	-0.0226376360381273	0.99832044829263	-0.0226376360381273
ZNF232	0.734284966257659	0.0259550899029334	0.99832044829263	0.0259550899029334
CS	0.734333201648167	-0.0166377875004761	0.99832044829263	-0.0166377875004761
RANBP10	0.734556212385228	-0.0148361578000893	0.99832044829263	-0.0148361578000893
SARNP	0.734761583318594	-0.00935982143608034	0.99832044829263	-0.00935982143608034
SYT14	0.734832368069587	0.0168313484700537	0.99832044829263	0.0168313484700537
SNF8	0.734936511840453	-0.0163492850610597	0.99832044829263	-0.0163492850610597
NKAPD1	0.734960096348768	-0.0221283923866171	0.99832044829263	-0.0221283923866171
TMEM132C	0.735001757923755	0.0156692825996801	0.99832044829263	0.0156692825996801
LINC01422	0.735389607570447	-0.0215595589114809	0.99832044829263	-0.0215595589114809
AC104461.1	0.735443596980756	-0.0328196094673129	0.99832044829263	-0.0328196094673129
PPIA	0.735556183103936	-0.0239443996697451	0.99832044829263	-0.0239443996697451
CDK11B	0.735609853568391	0.0139148942706047	0.99832044829263	0.0139148942706047
WASHC1	0.735691703384992	0.0144276955740541	0.99832044829263	0.0144276955740541
CFAP410	0.735835534202673	0.0221869663035246	0.99832044829263	0.0221869663035246
LIPE	0.735918785787809	-0.0101814202677382	0.99832044829263	-0.0101814202677382
HABP4	0.735999383529389	0.0146301095307102	0.99832044829263	0.0146301095307102
CTPS1	0.736011025180822	0.0195178452423377	0.99832044829263	0.0195178452423377
HSF2	0.736052246363019	0.0190963210370444	0.99832044829263	0.0190963210370444
PKIG	0.736103478199157	-0.0157957240772453	0.99832044829263	-0.0157957240772453
TOR1AIP2	0.736151778090643	-0.0132257726684358	0.99832044829263	-0.0132257726684358
AGRN	0.736285715583606	-0.0198290561203759	0.99832044829263	-0.0198290561203759
RAF1	0.736323757349071	0.00808614124976925	0.99832044829263	0.00808614124976925
ETF1	0.736386208650307	0.0168194255071851	0.99832044829263	0.0168194255071851
SDR39U1	0.7364043131371	-0.0207752817366161	0.99832044829263	-0.0207752817366161
NUCB2	0.736492813790471	0.0201034089492594	0.99832044829263	0.0201034089492594
ADO	0.736546956501746	-0.0264537292149656	0.99832044829263	-0.0264537292149656
FRMPD4	0.736570387373555	0.0353527420783769	0.99832044829263	0.0353527420783769
XPNPEP1	0.736656657788252	-0.0154882227110767	0.99832044829263	-0.0154882227110767
AL023284.4	0.736705535629446	-0.0179822099843568	0.99832044829263	-0.0179822099843568
MAZ	0.736744231926635	-0.0173613895759185	0.99832044829263	-0.0173613895759185
ATP6V0E1	0.736747662919902	-0.0110716046992095	0.99832044829263	-0.0110716046992095
LINC02427	0.736893620089039	-0.0269030537628919	0.99832044829263	-0.0269030537628919
COQ3	0.73705759003443	0.027841081501404	0.99832044829263	0.027841081501404
RBM8A	0.737088218324932	0.0174387085471167	0.99832044829263	0.0174387085471167
CLIP1	0.737270135805442	0.0170632688362975	0.99832044829263	0.0170632688362975
ZBED1	0.737283021592673	0.0250244008327448	0.99832044829263	0.0250244008327448
NDST2	0.737373571753052	-0.0245827981699481	0.99832044829263	-0.0245827981699481
TSTD3	0.737419941329331	0.0116653809947813	0.99832044829263	0.0116653809947813
MED11	0.737471869469043	0.0263764015300649	0.99832044829263	0.0263764015300649
TMEM132D	0.737578925848852	-0.0320734188947316	0.99832044829263	-0.0320734188947316
AKAP17A	0.73776950885894	-0.0166305594900139	0.99832044829263	-0.0166305594900139
SMIM12	0.737905732729116	-0.0169542438855459	0.99832044829263	-0.0169542438855459
FBXW2	0.738121427261535	0.0147140107120894	0.99832044829263	0.0147140107120894
TUBB3	0.738207750444861	0.0508207275135711	0.99832044829263	0.0508207275135711
SPOCK3	0.738299001253825	-0.00498099776253491	0.99832044829263	-0.00498099776253491
LPP	0.738323368166716	0.00861795275199032	0.99832044829263	0.00861795275199032
CTBP1-DT	0.738631230805324	0.0178469536521812	0.99832044829263	0.0178469536521812
ZNF487	0.739046289148301	0.0223634764494737	0.99832044829263	0.0223634764494737
THAP8	0.739064681820483	0.0257295707235637	0.99832044829263	0.0257295707235637
SRRM1	0.739277634738774	-0.0106460053854257	0.99832044829263	-0.0106460053854257
RRAGB	0.739331265266873	0.0137495506276629	0.99832044829263	0.0137495506276629
ADCY9	0.739424452070504	-0.0145430442447814	0.99832044829263	-0.0145430442447814
SLC12A2	0.739602781647181	0.00777009668730562	0.99832044829263	0.00777009668730562
TMEM144	0.739736309645871	-0.00576380425094376	0.99832044829263	-0.00576380425094376
SPOUT1	0.739843029221654	-0.0172191267530614	0.99832044829263	-0.0172191267530614
AC005480.1	0.740071823913186	0.0162694431048331	0.99832044829263	0.0162694431048331
NME9	0.74007410088164	-0.0159367098212395	0.99832044829263	-0.0159367098212395
SPINT2	0.740172051138004	-0.0234865424370246	0.99832044829263	-0.0234865424370246
MFSD14A	0.740246011298422	0.0104343113927543	0.99832044829263	0.0104343113927543
TCERG1	0.740261031189277	0.0113922589854946	0.99832044829263	0.0113922589854946
ZFP2	0.740343390263903	-0.0163021160029052	0.99832044829263	-0.0163021160029052
IMP3	0.740419295760065	0.0417947558997947	0.99832044829263	0.0417947558997947
FIP1L1	0.740726537367899	-0.00877036215157155	0.99832044829263	-0.00877036215157155
RNF214	0.740726758470444	0.0153255574927022	0.99832044829263	0.0153255574927022
NME3	0.740727294974549	-0.0149545395898186	0.99832044829263	-0.0149545395898186
WARS	0.740748195983176	-0.0235933926012485	0.99832044829263	-0.0235933926012485
PCGF5	0.740792506726359	0.00603284571588864	0.99832044829263	0.00603284571588864
SMAD7	0.740807983694157	0.01792519305775	0.99832044829263	0.01792519305775
PRIM2	0.740833431260989	-0.0136930799095324	0.99832044829263	-0.0136930799095324
CENPQ	0.740922238722614	0.0208266461438676	0.99832044829263	0.0208266461438676
NDUFB9	0.741295328595062	-0.0260235114004525	0.99832044829263	-0.0260235114004525
FXR1	0.741299510299937	-0.00802139835740611	0.99832044829263	-0.00802139835740611
LY6H	0.741303248891631	0.0420097621030174	0.99832044829263	0.0420097621030174
NFIC	0.741375274650062	-0.00847010286496871	0.99832044829263	-0.00847010286496871
ELMOD2	0.741493485340938	0.0159421155419672	0.99832044829263	0.0159421155419672
DPP7	0.741514106454884	-0.0139592761971638	0.99832044829263	-0.0139592761971638
UEVLD	0.741558411120086	0.0122220138047209	0.99832044829263	0.0122220138047209
R3HCC1L	0.741565514402527	0.0120535587615873	0.99832044829263	0.0120535587615873
AGK	0.741664310309706	-0.0142395818400976	0.99832044829263	-0.0142395818400976
AC240274.1	0.741820446758194	-0.0260127903628183	0.99832044829263	-0.0260127903628183
PRMT7	0.741919850401812	-0.0137914919326094	0.99832044829263	-0.0137914919326094
CASK	0.741978553349532	-0.0103915704430752	0.99832044829263	-0.0103915704430752
ATP9A	0.74218432735384	-0.00840260277374954	0.99832044829263	-0.00840260277374954
FBXO27	0.742195174467757	-0.0158398634151823	0.99832044829263	-0.0158398634151823
AC105942.1	0.742220475875732	-0.0220827535110233	0.99832044829263	-0.0220827535110233
EIF4E3	0.742256706137498	-0.0198499475427201	0.99832044829263	-0.0198499475427201
SCAMP2	0.742337808297812	-0.0137558194847786	0.99832044829263	-0.0137558194847786
ANKH	0.74239513052841	0.00674218022954519	0.99832044829263	0.00674218022954519
DCAF8	0.742542916814998	0.008658513262478	0.99832044829263	0.008658513262478
SUMO1	0.742659535226086	-0.0215274109148125	0.99832044829263	-0.0215274109148125
RPL21	0.742742770648865	0.0200542749579175	0.99832044829263	0.0200542749579175
ACVR1C	0.742836880836677	0.011555950383228	0.99832044829263	0.011555950383228
ANAPC7	0.742859357132289	-0.0134208642792228	0.99832044829263	-0.0134208642792228
ANKLE2	0.742895194211129	-0.0152438248484618	0.99832044829263	-0.0152438248484618
SAMD4B	0.743193384300684	-0.00932962572973603	0.99832044829263	-0.00932962572973603
SNHG32	0.743300708377927	-0.0287383668022506	0.99832044829263	-0.0287383668022506
RUFY1	0.74335416851064	0.0112224242052623	0.99832044829263	0.0112224242052623
MED16	0.743460593866102	-0.018002512659597	0.99832044829263	-0.018002512659597
PRMT5	0.743494774555862	0.0308741806354343	0.99832044829263	0.0308741806354343
ATP9B	0.743497490004251	0.00922752403865144	0.99832044829263	0.00922752403865144
AC005899.5	0.743529851464509	0.0269261024438568	0.99832044829263	0.0269261024438568
INTS9	0.74375176091512	-0.0114153636143202	0.99832044829263	-0.0114153636143202
RPL14	0.743799440415888	-0.0195194577266513	0.99832044829263	-0.0195194577266513
TMX1	0.74380546984203	-0.0171825844984673	0.99832044829263	-0.0171825844984673
KCNC2	0.744083577953352	0.0354642925220333	0.99832044829263	0.0354642925220333
DHPS	0.744085046522966	-0.0200302492319991	0.99832044829263	-0.0200302492319991
B4GALT2	0.744418547682247	0.0158344158951394	0.99832044829263	0.0158344158951394
SAMD12	0.74452437098498	-0.00652477978697334	0.99832044829263	-0.00652477978697334
CACNA1B	0.74459826599606	0.0322044906654284	0.99832044829263	0.0322044906654284
CLPTM1L	0.74466871653098	0.0161870786817804	0.99832044829263	0.0161870786817804
ZNF341	0.744744755980822	0.0186491551674763	0.99832044829263	0.0186491551674763
ERCC8	0.744945169789133	-0.0131533542110358	0.99832044829263	-0.0131533542110358
SRD5A1	0.744982942225839	0.0233950193596641	0.99832044829263	0.0233950193596641
ACADVL	0.745090318957167	0.015861067808055	0.99832044829263	0.015861067808055
FAT3	0.745100337689793	0.0355026707191246	0.99832044829263	0.0355026707191246
KCNAB2	0.74514820723925	-0.03673790084765	0.99832044829263	-0.03673790084765
TPCN2	0.745527805177331	-0.026579048922919	0.99832044829263	-0.026579048922919
RPAP2	0.745551736054063	0.00836052011834756	0.99832044829263	0.00836052011834756
FUBP1	0.745564795131746	-0.00995415005150967	0.99832044829263	-0.00995415005150967
DNM1L	0.745602413156974	0.0112284024613552	0.99832044829263	0.0112284024613552
RBM17	0.745695711114693	-0.010519432351252	0.99832044829263	-0.010519432351252
TMEM179B	0.745727273072573	0.0186730849363148	0.99832044829263	0.0186730849363148
XIST	0.746001894162179	0.0231098647223679	0.99832044829263	0.0231098647223679
EXT1	0.74606917670484	-0.00931283389119666	0.99832044829263	-0.00931283389119666
SMUG1	0.746116435666116	0.0199647469800566	0.99832044829263	0.0199647469800566
NUP58	0.746120662415258	0.00996904635382046	0.99832044829263	0.00996904635382046
SAFB2	0.746238464292071	-0.0110898729608553	0.99832044829263	-0.0110898729608553
DOP1B	0.746238895878755	0.0265220753106887	0.99832044829263	0.0265220753106887
TAF11	0.746262114219867	-0.0147170790612577	0.99832044829263	-0.0147170790612577
GALK2	0.746276710233932	0.00910724758718502	0.99832044829263	0.00910724758718502
RNPC3	0.746281501655713	0.0089038920585233	0.99832044829263	0.0089038920585233
LINC01445	0.746336353262797	0.0170524005384995	0.99832044829263	0.0170524005384995
FTL	0.746584861927708	0.0153240593478994	0.99832044829263	0.0153240593478994
TEP1	0.746627507956747	0.0220403165305691	0.99832044829263	0.0220403165305691
INAFM1	0.746701547081689	-0.0331198015806803	0.99832044829263	-0.0331198015806803
TRIM16L	0.74671489657665	0.017758811990716	0.99832044829263	0.017758811990716
CHGA	0.746755751559589	0.0550757315378015	0.99832044829263	0.0550757315378015
RGP1	0.746932474590008	-0.0253182270546886	0.99832044829263	-0.0253182270546886
HEY2	0.74696800229055	-0.016238491212751	0.99832044829263	-0.016238491212751
ZNF776	0.746979272416701	-0.0277471285527729	0.99832044829263	-0.0277471285527729
BDP1	0.746999174143453	0.010477946031447	0.99832044829263	0.010477946031447
TECPR2	0.747051657160517	-0.00818113924958958	0.99832044829263	-0.00818113924958958
QTRT2	0.747141593408882	0.0226679092766058	0.99832044829263	0.0226679092766058
CAMK2A	0.747230106685948	-0.0356805692224428	0.99832044829263	-0.0356805692224428
XRN1	0.747266327342291	-0.00669096139130482	0.99832044829263	-0.00669096139130482
PSG8-AS1	0.747401874113884	-0.0215338523709742	0.99832044829263	-0.0215338523709742
CABLES2	0.747431382533604	-0.0243951504101719	0.99832044829263	-0.0243951504101719
NCL	0.747436924225168	0.0133679207040397	0.99832044829263	0.0133679207040397
ATG7	0.747587759394192	-0.00712221784416232	0.99832044829263	-0.00712221784416232
VAC14	0.747627657301434	-0.0151624708770004	0.99832044829263	-0.0151624708770004
CASD1	0.747636630374039	0.0088346037588714	0.99832044829263	0.0088346037588714
DPP9	0.747660024811329	-0.0134766474850482	0.99832044829263	-0.0134766474850482
CUBN	0.747673586328	0.0247887679364725	0.99832044829263	0.0247887679364725
SKP1	0.747681990927331	-0.0172892766484637	0.99832044829263	-0.0172892766484637
ANKRD54	0.747778552265092	-0.0183046053550213	0.99832044829263	-0.0183046053550213
MAP4	0.747797446532825	0.00703291899320163	0.99832044829263	0.00703291899320163
SPATA13	0.747863285369162	-0.00795950046049873	0.99832044829263	-0.00795950046049873
ZBTB7A	0.748195467764472	-0.00885260418384713	0.99832044829263	-0.00885260418384713
EPHA6	0.748291970156476	0.0327628823313078	0.99832044829263	0.0327628823313078
AP006621.3	0.748408553390054	-0.016218623437314	0.99832044829263	-0.016218623437314
BBS10	0.748474085988058	-0.0256415689136075	0.99832044829263	-0.0256415689136075
C5orf64	0.748515619732686	-0.0100663082152252	0.99832044829263	-0.0100663082152252
ZNF133	0.748562471717739	0.0129260926039124	0.99832044829263	0.0129260926039124
KIF1A	0.748716704907756	0.010089679701327	0.99832044829263	0.010089679701327
BCL2	0.748882798677527	0.0101303203435279	0.99832044829263	0.0101303203435279
NAXE	0.748892542626912	0.0304278412617024	0.99832044829263	0.0304278412617024
WBP4	0.749160000620668	-0.0101355252136557	0.99832044829263	-0.0101355252136557
BMI1	0.749267182624289	-0.0128011147153069	0.99832044829263	-0.0128011147153069
ATP6V1G2	0.749815835742962	0.0381323461027921	0.99832044829263	0.0381323461027921
TENM4	0.749824876754149	0.0297838327420824	0.99832044829263	0.0297838327420824
AC061958.1	0.749925046117659	-0.0333790689356364	0.99832044829263	-0.0333790689356364
MED12	0.749929829097878	0.019358405828627	0.99832044829263	0.019358405828627
CNIH4	0.749932209112052	-0.0171631892504616	0.99832044829263	-0.0171631892504616
HDGFL2	0.750047887227805	-0.0170379629185479	0.99832044829263	-0.0170379629185479
CERS4	0.750181356391288	0.00799492294189109	0.99832044829263	0.00799492294189109
AL133304.3	0.750332432376279	0.0125936146355202	0.99832044829263	0.0125936146355202
MFN1	0.750638689006118	0.011986545635308	0.99832044829263	0.011986545635308
RFTN2	0.750989445755592	-0.00557090132383459	0.99832044829263	-0.00557090132383459
PDE4DIP	0.751024754019703	-0.0155007585590403	0.99832044829263	-0.0155007585590403
METTL15	0.751110315168805	-0.00951249237870957	0.99832044829263	-0.00951249237870957
NUP188	0.751171582803038	0.0149502785672776	0.99832044829263	0.0149502785672776
ANKRD44	0.751311760968133	0.00657669812140788	0.99832044829263	0.00657669812140788
FMNL2	0.751560162578027	-0.00449256136830689	0.99832044829263	-0.00449256136830689
LINC01176	0.75172138005676	0.0257906738652479	0.99832044829263	0.0257906738652479
FAM20B	0.751722267323677	0.0125398293943947	0.99832044829263	0.0125398293943947
ALDH9A1	0.751837989788915	-0.0268324145781045	0.99832044829263	-0.0268324145781045
TFG	0.751890821206887	-0.0125120226002895	0.99832044829263	-0.0125120226002895
RPL12	0.752018202844318	0.0221224401138524	0.99832044829263	0.0221224401138524
LETMD1	0.752140163840776	-0.0152686937148246	0.99832044829263	-0.0152686937148246
SORCS2	0.752312431338885	-0.013117772360867	0.99832044829263	-0.013117772360867
TMA16	0.752499644797798	0.0227922844851563	0.99832044829263	0.0227922844851563
FAM124A	0.752504166382772	0.00814640605906578	0.99832044829263	0.00814640605906578
PARD3B	0.752505386076112	-0.0141143452090139	0.99832044829263	-0.0141143452090139
TTF2	0.752573927011859	-0.01465432065543	0.99832044829263	-0.01465432065543
APLF	0.75275566407225	0.0124465606901219	0.99832044829263	0.0124465606901219
AC006160.1	0.752936353718847	-0.0240358307436057	0.99832044829263	-0.0240358307436057
GLTP	0.752981018547342	0.00727466111002978	0.99832044829263	0.00727466111002978
CHRAC1	0.752981139076843	0.019644509489122	0.99832044829263	0.019644509489122
SNRPN	0.753020198733035	-0.0255420417300177	0.99832044829263	-0.0255420417300177
YARS	0.753193279474584	-0.0128086540557986	0.99832044829263	-0.0128086540557986
ZNF653	0.753239063380272	-0.020796376513731	0.99832044829263	-0.020796376513731
KHSRP	0.753307519103317	0.0109120585495375	0.99832044829263	0.0109120585495375
AC009630.1	0.753336443780088	-0.0256277066780668	0.99832044829263	-0.0256277066780668
IVNS1ABP	0.753397175175592	0.0106826221679144	0.99832044829263	0.0106826221679144
CDYL	0.753432163132264	-0.0101217978833416	0.99832044829263	-0.0101217978833416
HCFC1R1	0.753445181715541	0.021816446570725	0.99832044829263	0.021816446570725
TRMT112	0.753535571907124	-0.0248483155520771	0.99832044829263	-0.0248483155520771
ABHD12B	0.753629251588334	0.0267772608256296	0.99832044829263	0.0267772608256296
CSAD	0.75367394775408	0.0112050397273732	0.99832044829263	0.0112050397273732
NACA	0.753733089262874	0.017094711178891	0.99832044829263	0.017094711178891
SND1	0.753736468258887	0.00948190902217748	0.99832044829263	0.00948190902217748
SPCS3	0.7537914157556	0.0138535638789002	0.99832044829263	0.0138535638789002
ROGDI	0.753833132643912	0.0142909871532054	0.99832044829263	0.0142909871532054
ZNF880	0.75389755974718	0.0223115495447094	0.99832044829263	0.0223115495447094
AC061708.1	0.754039461923171	0.0131316668073816	0.99832044829263	0.0131316668073816
AC040168.1	0.754054118200525	0.0135303065374211	0.99832044829263	0.0135303065374211
PRELID3B	0.754092535351521	0.0253380888002475	0.99832044829263	0.0253380888002475
RIMS1	0.754153239075718	0.0300211262808079	0.99832044829263	0.0300211262808079
IFT27	0.754245125139871	-0.0161967303240713	0.99832044829263	-0.0161967303240713
ZNF100	0.754273915118997	-0.0153673371896129	0.99832044829263	-0.0153673371896129
NISCH	0.754277628989686	-0.0150077426772983	0.99832044829263	-0.0150077426772983
ACTR2	0.754396093957558	0.0134876238346912	0.99832044829263	0.0134876238346912
AC002463.1	0.754425730766461	0.0332473611185876	0.99832044829263	0.0332473611185876
WASHC2C	0.75443030976429	0.0132286376377159	0.99832044829263	0.0132286376377159
SEPTIN10	0.75448271405433	-0.0140800354604478	0.99832044829263	-0.0140800354604478
NOVA1	0.754618761514847	-0.00732915147180139	0.99832044829263	-0.00732915147180139
DPYD	0.754756051877025	-0.00540347649222638	0.99832044829263	-0.00540347649222638
ARPP19	0.754769376229403	-0.0156292796378163	0.99832044829263	-0.0156292796378163
ZNF506	0.755014814702641	0.0101606094626321	0.99832044829263	0.0101606094626321
EMC6	0.755126234834251	0.0315332263866708	0.99832044829263	0.0315332263866708
AL109824.1	0.755129417487083	-0.0364898709517516	0.99832044829263	-0.0364898709517516
ENTPD3-AS1	0.75515571410586	0.0101029525736438	0.99832044829263	0.0101029525736438
SNHG20	0.755266039304002	0.0222100893514925	0.99832044829263	0.0222100893514925
ZNF302	0.755353308087565	-0.0136310498764762	0.99832044829263	-0.0136310498764762
ASPA	0.755526356103952	-0.0092113543549728	0.99832044829263	-0.0092113543549728
NPAT	0.755561229674471	-0.013610392840163	0.99832044829263	-0.013610392840163
RNF128	0.755687567627049	-0.0540897854738001	0.99832044829263	-0.0540897854738001
RYK	0.755863079047433	-0.0102895487819976	0.99832044829263	-0.0102895487819976
WDR82	0.755912466980653	0.0140899185350273	0.99832044829263	0.0140899185350273
DAAM2	0.755930582059011	0.00612644070423839	0.99832044829263	0.00612644070423839
G6PD	0.755946170864193	-0.0261411066321535	0.99832044829263	-0.0261411066321535
ODR4	0.756043116945751	-0.00875091250767763	0.99832044829263	-0.00875091250767763
AMBRA1	0.756084700515682	-0.00775737724956652	0.99832044829263	-0.00775737724956652
GID8	0.756219111568078	0.0165756024373321	0.99832044829263	0.0165756024373321
LUC7L3	0.756488247334599	0.00697525165051197	0.99832044829263	0.00697525165051197
ADHFE1	0.756490253897006	-0.0135048824771368	0.99832044829263	-0.0135048824771368
TUBGCP3	0.756568464644157	0.0110056984450111	0.99832044829263	0.0110056984450111
POLR2F	0.756822180584549	0.00747020732618923	0.99832044829263	0.00747020732618923
DIPK2B	0.7570065495461	0.0135978345341971	0.99832044829263	0.0135978345341971
LIMA1	0.75700742922262	0.0133219883701177	0.99832044829263	0.0133219883701177
CNP	0.757065644283069	0.0111173176271063	0.99832044829263	0.0111173176271063
ANO4	0.757119849160504	-0.00579445703935474	0.99832044829263	-0.00579445703935474
C6orf47	0.75722068030137	0.0290360441857872	0.99832044829263	0.0290360441857872
TSPO	0.757343775081128	0.0252722402822923	0.99832044829263	0.0252722402822923
LYNX1	0.757694750831509	-0.0227700264600005	0.99832044829263	-0.0227700264600005
SH3TC2	0.757696723186941	0.00675999665619442	0.99832044829263	0.00675999665619442
ERG28	0.757732031099169	0.0206542706978724	0.99832044829263	0.0206542706978724
UBR3	0.757743612429506	0.00588232211362875	0.99832044829263	0.00588232211362875
NUP54	0.757966951896504	-0.0119519492926966	0.99832044829263	-0.0119519492926966
NF2	0.757976067961488	0.0126988586436938	0.99832044829263	0.0126988586436938
NAA10	0.757980733819814	-0.0151610769028693	0.99832044829263	-0.0151610769028693
ITGA2	0.758062448969014	0.00818466127474311	0.99832044829263	0.00818466127474311
MAN2A2	0.758105742685933	0.0108408606397244	0.99832044829263	0.0108408606397244
TPST1	0.758272759458184	-0.0135075081804471	0.99832044829263	-0.0135075081804471
TMEM160	0.758399047301942	-0.0307331807765332	0.99832044829263	-0.0307331807765332
PLEKHA5	0.758417991954326	-0.0227478328768774	0.99832044829263	-0.0227478328768774
TMEM256	0.75845741445132	0.0291524774322712	0.99832044829263	0.0291524774322712
PKIA	0.758660048974933	-0.0308239263770708	0.99832044829263	-0.0308239263770708
TADA2A	0.759014700658944	-0.0134984005713493	0.99832044829263	-0.0134984005713493
CAND1	0.759072064228769	-0.0120025609591901	0.99832044829263	-0.0120025609591901
TOP3A	0.759129882606799	0.015817066879594	0.99832044829263	0.015817066879594
ATP5F1B	0.759157053033021	0.0253205714687802	0.99832044829263	0.0253205714687802
C11orf74	0.759299313885261	-0.0216847057000971	0.99832044829263	-0.0216847057000971
PHIP	0.759587549294688	0.00510365114057949	0.99832044829263	0.00510365114057949
FAM118A	0.759707717723357	0.0227539541791439	0.99832044829263	0.0227539541791439
MBP	0.759802274801887	-0.00480207879907843	0.99832044829263	-0.00480207879907843
RAB28	0.759922437324222	-0.00756077946865703	0.99832044829263	-0.00756077946865703
NRDE2	0.759963627097779	0.010662977745618	0.99832044829263	0.010662977745618
GTPBP2	0.760291294586064	-0.0192973405695125	0.99832044829263	-0.0192973405695125
PHB2	0.760330621306255	-0.0201341705487601	0.99832044829263	-0.0201341705487601
C12orf4	0.760470153999452	-0.0150088618804886	0.99832044829263	-0.0150088618804886
BX664615.2	0.760528319928439	0.0262088295847752	0.99832044829263	0.0262088295847752
TP53TG1	0.760677294686367	-0.023455575405651	0.99832044829263	-0.023455575405651
HNRNPA0	0.760742752125758	0.0157842917448847	0.99832044829263	0.0157842917448847
LRRC4B	0.760857029856323	0.0087180023830486	0.99832044829263	0.0087180023830486
ZNF91	0.760862941085131	-0.00922446498330087	0.99832044829263	-0.00922446498330087
BICD1	0.761086772824579	0.00711585696669616	0.99832044829263	0.00711585696669616
PFKFB4	0.761120642600469	-0.0143814684557765	0.99832044829263	-0.0143814684557765
CTNNA2	0.761137125285044	-0.0207402351336961	0.99832044829263	-0.0207402351336961
ST3GAL1	0.761205613226468	-0.0219141554763768	0.99832044829263	-0.0219141554763768
HLF	0.761273068086118	-0.0394109792187416	0.99832044829263	-0.0394109792187416
EMC10	0.761313147325986	-0.0129987018612128	0.99832044829263	-0.0129987018612128
LRRTM4	0.761375210589046	0.0292780672264139	0.99832044829263	0.0292780672264139
ACTB	0.761537639723195	0.0138011490533171	0.99832044829263	0.0138011490533171
MYO1D	0.761744563499457	0.00564421740120175	0.99832044829263	0.00564421740120175
LANCL1	0.761809083871998	0.00692851906879115	0.99832044829263	0.00692851906879115
AC016383.2	0.761866016365753	-0.0244010923209315	0.99832044829263	-0.0244010923209315
KMT5C	0.762005138953043	0.0134451790561269	0.99832044829263	0.0134451790561269
MTHFD1	0.762014146711766	0.0201210218454934	0.99832044829263	0.0201210218454934
ZNF404	0.762062690847473	0.0279935344461668	0.99832044829263	0.0279935344461668
SPPL2B	0.762090041387738	-0.0126884836289311	0.99832044829263	-0.0126884836289311
PLLP	0.762154764021555	-0.00743118824009439	0.99832044829263	-0.00743118824009439
RANBP9	0.762297055612672	-0.0127663579794318	0.99832044829263	-0.0127663579794318
DOCK3	0.762438208411744	0.00521543717130761	0.99832044829263	0.00521543717130761
NPAS3	0.762578568526075	-0.00398903929363367	0.99832044829263	-0.00398903929363367
ZNF189	0.762680365755705	-0.0121801522825596	0.99832044829263	-0.0121801522825596
AC068025.2	0.762735311874601	0.0166843417139701	0.99832044829263	0.0166843417139701
ARHGEF40	0.76296280602293	0.0147796756542318	0.99832044829263	0.0147796756542318
GOLGA2	0.763045643822585	-0.0125516349341585	0.99832044829263	-0.0125516349341585
RCHY1	0.763067159245916	0.0152385530567291	0.99832044829263	0.0152385530567291
SRI	0.763078329593252	-0.0223900382518459	0.99832044829263	-0.0223900382518459
YAE1	0.763102328410858	-0.0106023232069457	0.99832044829263	-0.0106023232069457
SCML1	0.763276840336385	0.0203199684463129	0.99832044829263	0.0203199684463129
CPT1C	0.763323578556428	-0.0167384071587692	0.99832044829263	-0.0167384071587692
ARMC1	0.763347688146365	0.0114732642323008	0.99832044829263	0.0114732642323008
MFGE8	0.763572902589061	0.0264338218197622	0.99832044829263	0.0264338218197622
BRD3	0.763749046682683	0.00980116729634758	0.99832044829263	0.00980116729634758
LRRC49	0.763769987411421	0.0168706259889625	0.99832044829263	0.0168706259889625
KYAT3	0.763817290591927	0.0110939448382706	0.99832044829263	0.0110939448382706
SPG7	0.763866540544253	-0.00761055705403558	0.99832044829263	-0.00761055705403558
CYC1	0.763871879304693	0.0271091366275688	0.99832044829263	0.0271091366275688
TMEM69	0.764031623763155	0.0196927671698869	0.99832044829263	0.0196927671698869
RRP36	0.764046106179548	-0.0164206098907043	0.99832044829263	-0.0164206098907043
CPEB2-DT	0.764244380272535	0.0221284288293028	0.99832044829263	0.0221284288293028
ERLIN1	0.764556549699711	-0.0156718438063873	0.99832044829263	-0.0156718438063873
SCN3A	0.764708386015947	-0.0373074902030569	0.99832044829263	-0.0373074902030569
VPS37C	0.764743554331559	-0.0170491608937541	0.99832044829263	-0.0170491608937541
MRPL3	0.764758826495433	-0.0153399074003322	0.99832044829263	-0.0153399074003322
SGO2	0.764958096453458	-0.0210865911096268	0.99832044829263	-0.0210865911096268
LINC00893	0.765019263329315	0.0280923443804438	0.99832044829263	0.0280923443804438
MBOAT7	0.765037172784665	0.0216812520680869	0.99832044829263	0.0216812520680869
XRCC1	0.765195319220295	0.0159082376727847	0.99832044829263	0.0159082376727847
PTPN12	0.765228107787414	-0.0103215826463609	0.99832044829263	-0.0103215826463609
TOP1	0.765258447182039	-0.00701024129739637	0.99832044829263	-0.00701024129739637
ZNF546	0.765299915735686	-0.0151863322659536	0.99832044829263	-0.0151863322659536
DHX35	0.765333233797556	0.0140318873495692	0.99832044829263	0.0140318873495692
MRPL39	0.765337460239228	0.0175330303933982	0.99832044829263	0.0175330303933982
EIF2B2	0.765478477735057	0.0238249897389852	0.99832044829263	0.0238249897389852
FBXO17	0.765513642368213	-0.0274324609476044	0.99832044829263	-0.0274324609476044
PTTG1IP	0.765581520001472	-0.0135079499071161	0.99832044829263	-0.0135079499071161
DCAF5	0.76559650315184	0.0083101267826499	0.99832044829263	0.0083101267826499
ENAH	0.765606042229659	-0.00733006844312288	0.99832044829263	-0.00733006844312288
AQP11	0.765637761159227	-0.0286363463001587	0.99832044829263	-0.0286363463001587
PEX7	0.765930230070449	0.0162024562898866	0.99832044829263	0.0162024562898866
USP14	0.765974394191197	0.00892367630928499	0.99832044829263	0.00892367630928499
SLC33A1	0.765984538715516	0.0121796105701435	0.99832044829263	0.0121796105701435
ELF2	0.766032159194215	-0.00542888583096827	0.99832044829263	-0.00542888583096827
CLSTN2	0.766062994172237	0.0323873763002474	0.99832044829263	0.0323873763002474
DHX16	0.766132263420695	-0.0202072546204118	0.99832044829263	-0.0202072546204118
TP53BP2	0.766181691190285	-0.0120978571572239	0.99832044829263	-0.0120978571572239
TRUB2	0.766622382927449	-0.0140897541179547	0.99832044829263	-0.0140897541179547
ELK4	0.766642737293844	-0.0134974999536239	0.99832044829263	-0.0134974999536239
FAM160A2	0.766730104673759	-0.0189419741915878	0.99832044829263	-0.0189419741915878
AC012178.1	0.766960200963367	-0.0114878675576986	0.99832044829263	-0.0114878675576986
ABHD14B	0.766962827033758	-0.0219287731139056	0.99832044829263	-0.0219287731139056
CEBPZ	0.76707781521939	0.0149512849258818	0.99832044829263	0.0149512849258818
EPB41L1	0.767123831867841	-0.00925299054964031	0.99832044829263	-0.00925299054964031
NGDN	0.767247097488527	0.0167182651830091	0.99832044829263	0.0167182651830091
PPIL2	0.767255449397367	-0.00985742476229117	0.99832044829263	-0.00985742476229117
ZNF446	0.767256245461253	-0.0226346629855832	0.99832044829263	-0.0226346629855832
NR2F1-AS1	0.767292598305405	-0.0345976560265008	0.99832044829263	-0.0345976560265008
AIG1	0.767364357669572	0.00775918149444061	0.99832044829263	0.00775918149444061
NOP2	0.767373990357848	0.0216703526615629	0.99832044829263	0.0216703526615629
CABIN1	0.767499990754008	-0.0112598052983265	0.99832044829263	-0.0112598052983265
PAK3	0.767570248129345	0.0300467899199456	0.99832044829263	0.0300467899199456
C12orf76	0.767665349220792	0.00634023749796663	0.99832044829263	0.00634023749796663
SLC38A2	0.767666417797059	-0.0120144173991821	0.99832044829263	-0.0120144173991821
SRR	0.767721465184568	0.0166068763698277	0.99832044829263	0.0166068763698277
CCNT2-AS1	0.767734011973353	0.0195885696680603	0.99832044829263	0.0195885696680603
ILRUN	0.767734025867976	-0.0107064995751132	0.99832044829263	-0.0107064995751132
CRTC2	0.767747097569756	0.0206188192417865	0.99832044829263	0.0206188192417865
ARHGEF4	0.767805736380208	-0.0264860348980374	0.99832044829263	-0.0264860348980374
CCDC15	0.767868360025617	-0.0243480090602636	0.99832044829263	-0.0243480090602636
SH3GLB2	0.76808888040691	-0.0097481285701939	0.99832044829263	-0.0097481285701939
RBM27	0.76821782799226	0.00864354963756124	0.99832044829263	0.00864354963756124
MAP3K2	0.768314987049548	-0.00775582411362935	0.99832044829263	-0.00775582411362935
FKBP8	0.768437276237055	0.0113456166036062	0.99832044829263	0.0113456166036062
GLYR1	0.768766550242353	0.00861910597637737	0.99832044829263	0.00861910597637737
KLHL42	0.768774585812045	0.00879445776241021	0.99832044829263	0.00879445776241021
MAP6	0.768827469346709	0.0316532324354186	0.99832044829263	0.0316532324354186
DENND2A	0.76883066039841	-0.00885035975911989	0.99832044829263	-0.00885035975911989
STX4	0.768912473718961	0.0158504138320406	0.99832044829263	0.0158504138320406
YBX1	0.769032630070018	-0.0134702299489974	0.99832044829263	-0.0134702299489974
KAT7	0.769073370837567	0.0120920396781877	0.99832044829263	0.0120920396781877
AC091180.5	0.76913751758961	0.0190162811282556	0.99832044829263	0.0190162811282556
PNKD	0.769170375695668	0.0180020638307281	0.99832044829263	0.0180020638307281
CYB5D2	0.769174455578553	0.0111286266395432	0.99832044829263	0.0111286266395432
ZNF609	0.769208702099204	0.00636938198913701	0.99832044829263	0.00636938198913701
UBE2E2	0.769234226212213	0.00407134834201859	0.99832044829263	0.00407134834201859
MGAT4B	0.769281992530667	-0.0247752002613503	0.99832044829263	-0.0247752002613503
MSH6	0.769355924119438	0.0110309984940853	0.99832044829263	0.0110309984940853
LMO3	0.769401748374338	-0.0345752974784527	0.99832044829263	-0.0345752974784527
PRR12	0.769519882347788	0.0118002135789244	0.99832044829263	0.0118002135789244
CHTF18	0.769559245331897	-0.0236465746675982	0.99832044829263	-0.0236465746675982
HACL1	0.769806533785936	-0.00975802081924969	0.99832044829263	-0.00975802081924969
TMCC2	0.769841170386293	-0.00761480179857041	0.99832044829263	-0.00761480179857041
KAT6B	0.769873492614894	0.00792826046402039	0.99832044829263	0.00792826046402039
AC233296.1	0.769957017589694	0.0109884749514618	0.99832044829263	0.0109884749514618
ITFG2	0.770120913647324	-0.00992324456195438	0.99832044829263	-0.00992324456195438
RPS6KA2	0.770233757558164	-0.00975678826109378	0.99832044829263	-0.00975678826109378
SCAMP1	0.770239170236101	-0.0113030148909506	0.99832044829263	-0.0113030148909506
BZW2	0.770285197225352	0.0181512292718878	0.99832044829263	0.0181512292718878
LACC1	0.770288466347206	-0.0149743631671551	0.99832044829263	-0.0149743631671551
AHI1	0.770522993706169	0.00803087057049364	0.99832044829263	0.00803087057049364
KCTD13	0.770701126836872	-0.00987749389733643	0.99832044829263	-0.00987749389733643
PPARA	0.770724296876495	-0.0102240593969745	0.99832044829263	-0.0102240593969745
ATP13A4	0.770809541463925	0.0151441704835817	0.99832044829263	0.0151441704835817
TMEM128	0.770868792333275	0.0186338820834049	0.99832044829263	0.0186338820834049
SPATA6L	0.77114812883617	0.0237839043411113	0.99832044829263	0.0237839043411113
CLDN15	0.771439625660747	-0.0164010641954278	0.99832044829263	-0.0164010641954278
RIOX2	0.771467152641868	0.0171681759973018	0.99832044829263	0.0171681759973018
SSR3	0.771487385092543	0.0153294224905776	0.99832044829263	0.0153294224905776
AL359504.2	0.771610583438052	-0.0200767680301739	0.99832044829263	-0.0200767680301739
NDUFS3	0.771879008114041	-0.023092779151614	0.99832044829263	-0.023092779151614
AOPEP	0.77199874812962	-0.00498495693659813	0.99832044829263	-0.00498495693659813
ZNF610	0.772007872339459	0.0186924182345049	0.99832044829263	0.0186924182345049
MED13L	0.772158246674907	0.00526272006578533	0.99832044829263	0.00526272006578533
CYB5R4	0.772364215289581	0.00824099549087661	0.99832044829263	0.00824099549087661
LINC01500	0.772418621086368	-0.0205131552929297	0.99832044829263	-0.0205131552929297
FSIP2-AS1	0.772484186268756	0.0143925099872804	0.99832044829263	0.0143925099872804
NUDT12	0.772492932545692	0.0217397453577402	0.99832044829263	0.0217397453577402
PCBP4	0.772524784985909	-0.0105642530372423	0.99832044829263	-0.0105642530372423
SPEN	0.772693106841839	-0.00810150784406768	0.99832044829263	-0.00810150784406768
S100PBP	0.772763077579648	-0.00917136320379309	0.99832044829263	-0.00917136320379309
SHROOM4	0.772787474610285	-0.00589124175460381	0.99832044829263	-0.00589124175460381
SIPA1L3	0.772811250683579	0.00745532146403844	0.99832044829263	0.00745532146403844
AC018682.1	0.772822999749756	-0.0349626239222598	0.99832044829263	-0.0349626239222598
FKBP15	0.772906487103146	-0.00987791034757794	0.99832044829263	-0.00987791034757794
PLAA	0.772908693879495	-0.0105592709785397	0.99832044829263	-0.0105592709785397
EEF1AKNMT	0.772931512248538	0.0220248350292618	0.99832044829263	0.0220248350292618
SNAP25	0.773089356276229	0.0306770088851083	0.99832044829263	0.0306770088851083
FAM160B1	0.773146390649613	0.0195673766113172	0.99832044829263	0.0195673766113172
KIF27	0.773180389039352	0.0131018262654178	0.99832044829263	0.0131018262654178
PSMA2	0.773372545872452	-0.0187392186495101	0.99832044829263	-0.0187392186495101
YTHDC1	0.773449569148588	-0.00743552186792999	0.99832044829263	-0.00743552186792999
DTNB	0.773561929065742	0.00532858181703232	0.99832044829263	0.00532858181703232
CAMK1D	0.773694296138762	0.0300114541168788	0.99832044829263	0.0300114541168788
CERT1	0.773773749081215	-0.00707768072788525	0.99832044829263	-0.00707768072788525
YARS2	0.77379550631691	-0.0128641129157607	0.99832044829263	-0.0128641129157607
APOD	0.773805338926557	0.0155002245725526	0.99832044829263	0.0155002245725526
SRSF5	0.773926389029262	0.00754455595668172	0.99832044829263	0.00754455595668172
CHM	0.774220048916687	-0.00948428558390216	0.99832044829263	-0.00948428558390216
C14orf132	0.774357335136628	-0.0112733006007111	0.99832044829263	-0.0112733006007111
TCEAL4	0.774552955830138	-0.0146600805973424	0.99832044829263	-0.0146600805973424
PRPF8	0.774605766877795	0.00897088752922144	0.99832044829263	0.00897088752922144
WDR37	0.774697605016488	-0.00720028294685516	0.99832044829263	-0.00720028294685516
UBE2D3-AS1	0.774700116234829	0.0181132888435539	0.99832044829263	0.0181132888435539
MCFD2	0.774764379235044	0.0184987260033998	0.99832044829263	0.0184987260033998
LPCAT3	0.775082989878161	0.0124747485434782	0.99832044829263	0.0124747485434782
MAP2K6	0.775149179811083	0.00964389325107217	0.99832044829263	0.00964389325107217
ZNF254	0.775179219039415	0.00831292505273722	0.99832044829263	0.00831292505273722
AC048341.1	0.775247714139686	-0.0162728488860802	0.99832044829263	-0.0162728488860802
CHRM3	0.775331084955374	-0.0266890684753938	0.99832044829263	-0.0266890684753938
LTA4H	0.775491810040151	-0.01557558808334	0.99832044829263	-0.01557558808334
TBC1D8B	0.775571390992952	-0.0128900795805065	0.99832044829263	-0.0128900795805065
TRAF4	0.775614593371015	-0.0174864925331095	0.99832044829263	-0.0174864925331095
HARS	0.77570898166267	-0.0114161930125805	0.99832044829263	-0.0114161930125805
ELOA	0.775749022766985	-0.0158330370712251	0.99832044829263	-0.0158330370712251
MLXIP	0.775783262704162	0.00950561501688397	0.99832044829263	0.00950561501688397
AC105402.3	0.775801306714528	-0.0520370165032902	0.99832044829263	-0.0520370165032902
LINC00862	0.775844443578987	0.0100073946956215	0.99832044829263	0.0100073946956215
PIK3IP1	0.775938927869923	-0.0122287201732659	0.99832044829263	-0.0122287201732659
EID2B	0.775964803935998	-0.0220669870163392	0.99832044829263	-0.0220669870163392
PRKN	0.77614208744184	-0.00578556142334452	0.99832044829263	-0.00578556142334452
AC005726.1	0.776153912657514	-0.0223835769617989	0.99832044829263	-0.0223835769617989
TNIK	0.776188259686098	-0.00906551130579641	0.99832044829263	-0.00906551130579641
LSM7	0.77619935119373	-0.0185086951805502	0.99832044829263	-0.0185086951805502
PPP1CB	0.776204067466626	-0.010608137939152	0.99832044829263	-0.010608137939152
NUP62	0.77623688735407	0.0170204060460234	0.99832044829263	0.0170204060460234
MVB12B	0.776252304775018	-0.00603492441492913	0.99832044829263	-0.00603492441492913
TEAD1	0.776310764007475	-0.00756451408382079	0.99832044829263	-0.00756451408382079
DDX56	0.77651271252136	0.0155044447113922	0.99832044829263	0.0155044447113922
ABHD2	0.776520013580923	0.0139881352744244	0.99832044829263	0.0139881352744244
HSPG2	0.776729103780746	0.0184879534146871	0.99832044829263	0.0184879534146871
PPP2R5B	0.776729938623436	0.013490687921403	0.99832044829263	0.013490687921403
SMOC1	0.776757723394298	-0.0135238307327721	0.99832044829263	-0.0135238307327721
RGL1	0.776804830382667	0.00643486129289608	0.99832044829263	0.00643486129289608
ZNF425	0.776903341047293	-0.0157819611245132	0.99832044829263	-0.0157819611245132
TBC1D5	0.777143262066942	-0.00430918648778243	0.99832044829263	-0.00430918648778243
EMC1	0.777345499642891	0.0181663119185938	0.99832044829263	0.0181663119185938
AC010210.1	0.777365011596162	-0.0136626133809042	0.99832044829263	-0.0136626133809042
LINC01344	0.777631377736139	-0.0215051649189971	0.99832044829263	-0.0215051649189971
NIPSNAP1	0.777698350241712	-0.0180949571663345	0.99832044829263	-0.0180949571663345
FKTN	0.7777454639492	0.00925118461583446	0.99832044829263	0.00925118461583446
LAYN	0.777769332525926	-0.0127675545395612	0.99832044829263	-0.0127675545395612
ZNF763	0.7778204490572	-0.0177120785822819	0.99832044829263	-0.0177120785822819
POU5F2	0.777896215959578	0.0217924896460685	0.99832044829263	0.0217924896460685
REPIN1	0.778151671746553	-0.0160299447369391	0.99832044829263	-0.0160299447369391
AL049828.1	0.778154465339965	-0.0109181037910968	0.99832044829263	-0.0109181037910968
KCND2	0.778193438726948	0.0303319778865335	0.99832044829263	0.0303319778865335
NBR2	0.778208045961283	0.013235552548544	0.99832044829263	0.013235552548544
SFT2D1	0.778254528202374	-0.0136151429054203	0.99832044829263	-0.0136151429054203
DUSP7	0.778500440394893	0.0143514416340829	0.99832044829263	0.0143514416340829
SDF4	0.77853931320085	0.0133386765521936	0.99832044829263	0.0133386765521936
STMN2	0.778614574141125	0.0294532916777334	0.99832044829263	0.0294532916777334
ATP5MD	0.778771528785276	0.028027533899918	0.99832044829263	0.028027533899918
CYTH1	0.779117342299085	0.00642232045052348	0.99832044829263	0.00642232045052348
PER3	0.779244506224431	-0.00840260859147636	0.99832044829263	-0.00840260859147636
RAMP1	0.779358315779155	0.0281214996403796	0.99832044829263	0.0281214996403796
STPG1	0.779404885607849	0.0126626287962923	0.99832044829263	0.0126626287962923
COA3	0.779414691461474	0.0287350216261792	0.99832044829263	0.0287350216261792
EIF2AK2	0.779672707201876	0.0139148674522761	0.99832044829263	0.0139148674522761
LINC01006	0.779876113651612	0.0153087245291201	0.99832044829263	0.0153087245291201
LDB3	0.780042166255913	0.00840250330666504	0.99832044829263	0.00840250330666504
MALSU1	0.780214103872023	-0.0112081287172824	0.99832044829263	-0.0112081287172824
CPPED1	0.780219289180999	-0.00749556621937237	0.99832044829263	-0.00749556621937237
MAATS1	0.78028134441195	0.0208675555339872	0.99832044829263	0.0208675555339872
PLA2G4C	0.78050972207703	-0.0101964378163078	0.99832044829263	-0.0101964378163078
NLGN1	0.780560301533611	-0.00564583870516998	0.99832044829263	-0.00564583870516998
KCNB2	0.780713420084032	-0.0296819022621138	0.99832044829263	-0.0296819022621138
DOCK7	0.780790379297481	0.0167861410748504	0.99832044829263	0.0167861410748504
TMEM106B	0.780816782938279	-0.00953050604836612	0.99832044829263	-0.00953050604836612
HSPD1	0.780969265163112	0.0123891790258273	0.99832044829263	0.0123891790258273
PUDP	0.780996621005117	-0.00927642191879399	0.99832044829263	-0.00927642191879399
CCDC58	0.781017214753312	-0.0215212225258419	0.99832044829263	-0.0215212225258419
AMZ1	0.781259942885782	0.0154412249379616	0.99832044829263	0.0154412249379616
EPB41L2	0.781277002544245	-0.00612953051725873	0.99832044829263	-0.00612953051725873
RPL13A	0.78130465913942	0.0159558981886373	0.99832044829263	0.0159558981886373
CWC27	0.781561227037689	0.00750428703222467	0.99832044829263	0.00750428703222467
SMARCA5	0.781574390735924	-0.00850985975124624	0.99832044829263	-0.00850985975124624
FCSK	0.781578803455438	0.0159433442699432	0.99832044829263	0.0159433442699432
BMPR2	0.781602093180892	-0.0133229013879707	0.99832044829263	-0.0133229013879707
LYRM2	0.781727184507002	-0.00930032353011207	0.99832044829263	-0.00930032353011207
CLCN3	0.781731216813429	0.00798768050648851	0.99832044829263	0.00798768050648851
TRIM8	0.781747709842162	-0.0105443173392681	0.99832044829263	-0.0105443173392681
RAD51B	0.781797695258186	-0.00623956165250108	0.99832044829263	-0.00623956165250108
EIF2S2	0.781804704181088	-0.0113294613121476	0.99832044829263	-0.0113294613121476
DDX25	0.781810536360476	0.0289632235767117	0.99832044829263	0.0289632235767117
CAPRIN2	0.781879634239143	-0.0169814535238727	0.99832044829263	-0.0169814535238727
CUL4A	0.781897942995558	-0.00747435283813182	0.99832044829263	-0.00747435283813182
RFC1	0.781900259640944	-0.00737529440769459	0.99832044829263	-0.00737529440769459
XRCC5	0.781996312490901	-0.00591486758900027	0.99832044829263	-0.00591486758900027
ESRRG	0.782018297828223	-0.0103761617766205	0.99832044829263	-0.0103761617766205
ARHGEF3	0.782049278763543	0.0160444360364927	0.99832044829263	0.0160444360364927
LIMCH1	0.78211809069038	-0.00406626803431016	0.99832044829263	-0.00406626803431016
ARL2	0.782136881940509	-0.0151976302162044	0.99832044829263	-0.0151976302162044
KCNJ9	0.782196834182052	0.0225972805888521	0.99832044829263	0.0225972805888521
AC023787.2	0.782205410475147	0.0203337261821897	0.99832044829263	0.0203337261821897
ZNHIT3	0.782434275565693	-0.0198546356490425	0.99832044829263	-0.0198546356490425
HMGCS1	0.782523504457266	-0.0159952462851468	0.99832044829263	-0.0159952462851468
RBM26-AS1	0.782526815218996	0.0201770094012061	0.99832044829263	0.0201770094012061
ANO8	0.782729273383632	-0.0180490937361425	0.99832044829263	-0.0180490937361425
KPNB1	0.782787885271064	-0.00685677476982941	0.99832044829263	-0.00685677476982941
AC092329.4	0.782828422502495	-0.0170606304249745	0.99832044829263	-0.0170606304249745
AC004918.1	0.782888303822835	0.0170190146089374	0.99832044829263	0.0170190146089374
HAUS6	0.782901543882027	-0.0148967869003458	0.99832044829263	-0.0148967869003458
ACOX3	0.783035590822527	0.0121268344134841	0.99832044829263	0.0121268344134841
MVD	0.783114595853895	0.0130122911322445	0.99832044829263	0.0130122911322445
GPATCH3	0.783266759563109	0.0225894044956326	0.99832044829263	0.0225894044956326
PMS2	0.783274520401979	-0.0137208070572114	0.99832044829263	-0.0137208070572114
SEPTIN4	0.783422252645784	0.00843070786634116	0.99832044829263	0.00843070786634116
MDH1	0.783448541486411	0.026168232498851	0.99832044829263	0.026168232498851
ZMYM1	0.783466684125713	0.014148168835122	0.99832044829263	0.014148168835122
DNAJC6	0.783659939740845	-0.00386973654234993	0.99832044829263	-0.00386973654234993
PPFIA2	0.783914782796834	0.00725692811198818	0.99832044829263	0.00725692811198818
C3orf14	0.784189147624153	0.0240205045921872	0.99832044829263	0.0240205045921872
VAMP7	0.784376852940891	0.01655985932498	0.99832044829263	0.01655985932498
SRP54	0.784377825246001	-0.00970484390196943	0.99832044829263	-0.00970484390196943
AL683813.1	0.784403412075213	-0.0108428600016263	0.99832044829263	-0.0108428600016263
TRMT6	0.784458238944373	0.0252219513199638	0.99832044829263	0.0252219513199638
ERO1B	0.78448579779131	-0.0113579398672289	0.99832044829263	-0.0113579398672289
BSG	0.784549253876112	0.0156054175925628	0.99832044829263	0.0156054175925628
MOG	0.784604002712294	-0.00753508668660099	0.99832044829263	-0.00753508668660099
DNTTIP2	0.784808774168704	-0.022439898660938	0.99832044829263	-0.022439898660938
MTG2	0.784850925178694	-0.0107334542688585	0.99832044829263	-0.0107334542688585
POLE2	0.784935973405857	-0.0180157313605003	0.99832044829263	-0.0180157313605003
DSTYK	0.784986335895928	0.00812849388422805	0.99832044829263	0.00812849388422805
FPGS	0.785050871693666	0.0110453215244574	0.99832044829263	0.0110453215244574
AKIP1	0.785338990780518	-0.0218517070049152	0.99832044829263	-0.0218517070049152
CYB5B	0.785418175076954	-0.00952306402319076	0.99832044829263	-0.00952306402319076
SCLY	0.785599018725884	0.00941445019878553	0.99832044829263	0.00941445019878553
KLHL5	0.785711830115519	-0.00843226206120956	0.99832044829263	-0.00843226206120956
CD9	0.785884661208501	0.0117674371127107	0.99832044829263	0.0117674371127107
AK9	0.785954328828058	0.0096837199990993	0.99832044829263	0.0096837199990993
SPATA5	0.786118065140481	0.00747745469646979	0.99832044829263	0.00747745469646979
TMEM258	0.786137336420369	-0.0180583668826447	0.99832044829263	-0.0180583668826447
PPP6R1	0.786357249122003	0.0105130618567518	0.99832044829263	0.0105130618567518
JMJD6	0.786360078200415	-0.0189476390373378	0.99832044829263	-0.0189476390373378
PLPP3	0.786600797194369	0.00924571842174769	0.99832044829263	0.00924571842174769
CCDC85B	0.786688973664841	-0.0270088438236574	0.99832044829263	-0.0270088438236574
GUK1	0.786693512784343	0.0133915094138874	0.99832044829263	0.0133915094138874
SF3B2	0.786738234092002	-0.00998476062247944	0.99832044829263	-0.00998476062247944
MAPK3	0.786963986042323	-0.0160267855143993	0.99832044829263	-0.0160267855143993
TXNDC16	0.786967558319108	0.0100741118981047	0.99832044829263	0.0100741118981047
PTGES3	0.787037561023299	0.0104174508029426	0.99832044829263	0.0104174508029426
MTUS2	0.787280522143114	-0.0280703284089872	0.99832044829263	-0.0280703284089872
SSBP4	0.787316916033726	-0.0320845294422671	0.99832044829263	-0.0320845294422671
IFRD1	0.787338520558759	-0.0098554292354365	0.99832044829263	-0.0098554292354365
FGF17	0.787363694510366	-0.0425577133267304	0.99832044829263	-0.0425577133267304
ZNF350	0.787399727842343	0.0214494736993755	0.99832044829263	0.0214494736993755
MRFAP1	0.787411955125769	0.0180762517868445	0.99832044829263	0.0180762517868445
RABAC1	0.787422045145768	0.017548280492654	0.99832044829263	0.017548280492654
STARD10	0.787540907300204	0.0132752530394938	0.99832044829263	0.0132752530394938
ZGRF1	0.787570116798169	0.0102747679084616	0.99832044829263	0.0102747679084616
RNMT	0.78770718710919	0.00747864665188372	0.99832044829263	0.00747864665188372
WASL	0.787983457204128	0.0121695511767122	0.99832044829263	0.0121695511767122
ADA	0.788034865189103	-0.0137113683673819	0.99832044829263	-0.0137113683673819
WDR26	0.788238684419467	-0.00867418297971636	0.99832044829263	-0.00867418297971636
HSD11B1L	0.788320700863242	-0.0293590443958763	0.99832044829263	-0.0293590443958763
DGCR8	0.78864291856155	0.0110386131228992	0.99832044829263	0.0110386131228992
KMT2C	0.788700824005306	-0.00472072260330342	0.99832044829263	-0.00472072260330342
VIRMA	0.788920612195112	0.00803872995084469	0.99832044829263	0.00803872995084469
PTPRD	0.788941017683641	0.00407938936836645	0.99832044829263	0.00407938936836645
GNB2	0.788999062517755	-0.020497234007436	0.99832044829263	-0.020497234007436
TXNRD2	0.789314186284039	0.0153765479963355	0.99832044829263	0.0153765479963355
PRUNE1	0.789464509088588	0.014750750377675	0.99832044829263	0.014750750377675
TMCO3	0.78953700553519	0.00988366971540356	0.99832044829263	0.00988366971540356
CTU2	0.789645519426524	0.0273336502409608	0.99832044829263	0.0273336502409608
COPS6	0.789815719564699	0.0120347453208413	0.99832044829263	0.0120347453208413
MT-ATP6	0.789829910895473	-0.0101182480583996	0.99832044829263	-0.0101182480583996
AP002370.2	0.78989556970426	-0.0214693947391928	0.99832044829263	-0.0214693947391928
SLC43A2	0.789907708279927	0.0270178349958846	0.99832044829263	0.0270178349958846
ATP2B1	0.790130335068781	0.0217020920424462	0.99832044829263	0.0217020920424462
AOAH	0.790132077445836	-0.0129139595369205	0.99832044829263	-0.0129139595369205
EDC4	0.790166007343906	0.0134006668995036	0.99832044829263	0.0134006668995036
PSMF1	0.790204164410025	-0.00867383350753768	0.99832044829263	-0.00867383350753768
SLC20A2	0.790352522549246	0.00587043742221381	0.99832044829263	0.00587043742221381
PSTK	0.790421308076326	-0.0117025468837969	0.99832044829263	-0.0117025468837969
CGRRF1	0.790474840264473	-0.0187957608573567	0.99832044829263	-0.0187957608573567
MXI1	0.790505005156535	-0.00555790338944559	0.99832044829263	-0.00555790338944559
SENP7	0.790550144558611	0.00775889408451799	0.99832044829263	0.00775889408451799
AC025048.2	0.790833671990909	0.0220346856038607	0.99832044829263	0.0220346856038607
CREB3	0.790951004306698	-0.0267744358210541	0.99832044829263	-0.0267744358210541
STXBP5	0.791139200741534	-0.010215521659016	0.99832044829263	-0.010215521659016
MRPS18B	0.791187460684259	0.0137525500941621	0.99832044829263	0.0137525500941621
PLS3-AS1	0.791291796831047	0.0160422048301579	0.99832044829263	0.0160422048301579
TET3	0.791456883378987	-0.00794439455725946	0.99832044829263	-0.00794439455725946
NCOA4	0.791475665161063	-0.0157388140527195	0.99832044829263	-0.0157388140527195
EPC2	0.791493164476551	0.00822461741637078	0.99832044829263	0.00822461741637078
TERF2	0.79155237011006	0.0121396921055706	0.99832044829263	0.0121396921055706
SUPV3L1	0.791566030566997	0.0130770209140375	0.99832044829263	0.0130770209140375
PRDX1	0.791772376114216	-0.0170711063155668	0.99832044829263	-0.0170711063155668
RNPEP	0.791824998801031	-0.0184181350313725	0.99832044829263	-0.0184181350313725
STMP1	0.791867786539776	-0.0116025200923537	0.99832044829263	-0.0116025200923537
ABHD5	0.792040495471272	0.0120455046118048	0.99832044829263	0.0120455046118048
PDPR	0.792062856534067	0.0100363547352779	0.99832044829263	0.0100363547352779
DMPK	0.792066913044559	0.0139110826877676	0.99832044829263	0.0139110826877676
AC024597.1	0.792075482021315	0.0219527724878153	0.99832044829263	0.0219527724878153
AP3S1	0.792080055780588	0.0119845283539633	0.99832044829263	0.0119845283539633
ZFYVE1	0.792147521018077	-0.0108241519425261	0.99832044829263	-0.0108241519425261
SDHA	0.792154105864889	-0.00954433886826082	0.99832044829263	-0.00954433886826082
AGO4	0.792355274743411	-0.00841487876921032	0.99832044829263	-0.00841487876921032
SLC9A3R1	0.792422273065484	-0.0152250933940675	0.99832044829263	-0.0152250933940675
KSR2	0.792443053036789	-0.0275126693316994	0.99832044829263	-0.0275126693316994
TBC1D14	0.792567774910515	0.00848240547037463	0.99832044829263	0.00848240547037463
SERINC5	0.792795787556779	0.0058603471360344	0.99832044829263	0.0058603471360344
USP36	0.792858680281419	-0.00976927908530102	0.99832044829263	-0.00976927908530102
ZNF665	0.793131823265112	-0.0170776988226952	0.99832044829263	-0.0170776988226952
CASP3	0.793160095602218	0.0151353433678976	0.99832044829263	0.0151353433678976
ZNF236	0.793165683141666	-0.00950607071484772	0.99832044829263	-0.00950607071484772
MRPS31	0.793186195920674	0.00990741050966804	0.99832044829263	0.00990741050966804
WDR66	0.793221239538855	-0.017302298182863	0.99832044829263	-0.017302298182863
CCDC66	0.793274969039481	0.00612123810846623	0.99832044829263	0.00612123810846623
GDI1	0.79337542203869	-0.0126804002081798	0.99832044829263	-0.0126804002081798
NCBP3	0.793410067953128	-0.00925313477709691	0.99832044829263	-0.00925313477709691
SPTBN1	0.793446152447743	-0.00474707805393319	0.99832044829263	-0.00474707805393319
AL132857.1	0.79351399249653	0.0149801411984639	0.99832044829263	0.0149801411984639
EIF2D	0.793563923555712	0.0109999211668709	0.99832044829263	0.0109999211668709
FCHSD2	0.79357975668953	0.00615928690550763	0.99832044829263	0.00615928690550763
SLC38A7	0.793614501769083	-0.0146931392095066	0.99832044829263	-0.0146931392095066
NUDT2	0.79367275946536	0.0131831612611119	0.99832044829263	0.0131831612611119
EIF5B	0.793722871318489	0.007803339153779	0.99832044829263	0.007803339153779
AC009403.2	0.793725874543854	-0.0179734388448078	0.99832044829263	-0.0179734388448078
AC080162.1	0.793739282753144	0.0154577563282227	0.99832044829263	0.0154577563282227
NSMCE2	0.793935256464095	0.00491022499676785	0.99832044829263	0.00491022499676785
ZFPM1	0.794167015241889	-0.0204992955040129	0.99832044829263	-0.0204992955040129
PIAS1	0.794230821473766	0.00639622799274743	0.99832044829263	0.00639622799274743
BICD2	0.794357194410914	-0.0133684693756227	0.99832044829263	-0.0133684693756227
COX6B1	0.794509103269436	-0.0205728093615167	0.99832044829263	-0.0205728093615167
CLSTN3	0.794581278093868	-0.0404166076363098	0.99832044829263	-0.0404166076363098
BAG4	0.794798336107795	-0.01289003338675	0.99832044829263	-0.01289003338675
DIAPH2	0.794838669488282	0.0197544782428939	0.99832044829263	0.0197544782428939
PWP1	0.794839269066479	-0.0108510428141496	0.99832044829263	-0.0108510428141496
IKZF5	0.794873415328683	0.0103076883904099	0.99832044829263	0.0103076883904099
REXO4	0.795160524695214	0.0140553410384026	0.99832044829263	0.0140553410384026
SNX11	0.795161412180973	0.0179012699856083	0.99832044829263	0.0179012699856083
TXN	0.795222081292477	0.0278357300434547	0.99832044829263	0.0278357300434547
GIGYF1	0.795280338853307	0.00863270704877361	0.99832044829263	0.00863270704877361
OTUD1	0.795293136536723	0.0209712278050452	0.99832044829263	0.0209712278050452
SYNPR	0.795413195673307	-0.024911517521487	0.99832044829263	-0.024911517521487
TMEM127	0.795541133338161	-0.0201784148948245	0.99832044829263	-0.0201784148948245
CELF1	0.795669228067994	-0.00684504340612372	0.99832044829263	-0.00684504340612372
COX6C	0.795826860861414	-0.0242686437224138	0.99832044829263	-0.0242686437224138
TMEM33	0.795859379518062	0.0102828964499903	0.99832044829263	0.0102828964499903
PSMD13	0.795975511173333	0.0139141479372174	0.99832044829263	0.0139141479372174
LAMTOR5	0.796013211756427	-0.0194073711279094	0.99832044829263	-0.0194073711279094
RNF145	0.796147163179975	0.0158073244521053	0.99832044829263	0.0158073244521053
PIGH	0.796245586236005	-0.0202739931038014	0.99832044829263	-0.0202739931038014
ADCY6	0.796273426014375	0.0237019326767195	0.99832044829263	0.0237019326767195
MSMO1	0.796329705475262	0.0152192400749781	0.99832044829263	0.0152192400749781
PI4K2A	0.796399759975781	-0.0215639617432466	0.99832044829263	-0.0215639617432466
DTNA	0.796809520307233	-0.0133623840916873	0.99832044829263	-0.0133623840916873
AC097634.3	0.796904509188521	0.0158533359200617	0.99832044829263	0.0158533359200617
WDFY2	0.796904577186992	-0.00490024703169668	0.99832044829263	-0.00490024703169668
RASGEF1B	0.796987517129459	0.0104790692392518	0.99832044829263	0.0104790692392518
AL034405.1	0.797184547162646	-0.0112248494568447	0.99832044829263	-0.0112248494568447
MPRIP	0.797335348763839	-0.00540610091762353	0.99832044829263	-0.00540610091762353
ARRDC2	0.797346465037282	-0.0114770656508808	0.99832044829263	-0.0114770656508808
STUB1	0.79742103310387	0.0180546702024591	0.99832044829263	0.0180546702024591
BMP1	0.797607190659747	0.0129380880304033	0.99832044829263	0.0129380880304033
SNAP91	0.797654073921391	-0.021074126144715	0.99832044829263	-0.021074126144715
PPP1R9A	0.797654192498607	-0.00544206088860214	0.99832044829263	-0.00544206088860214
PDAP1	0.797699887706151	-0.0121329301121965	0.99832044829263	-0.0121329301121965
ZNF426	0.797808840141089	-0.017275317528478	0.99832044829263	-0.017275317528478
FZD5	0.797812698740308	-0.0196751202137169	0.99832044829263	-0.0196751202137169
RABL2A	0.797904316235698	0.0114747927239136	0.99832044829263	0.0114747927239136
CXXC1	0.798080098429273	0.0115076036674768	0.99832044829263	0.0115076036674768
DCP2	0.798144286389688	-0.011008567315451	0.99832044829263	-0.011008567315451
SNX22	0.79815791858821	0.0156051776444545	0.99832044829263	0.0156051776444545
PPP2R2D	0.798251963526066	0.0075438751747162	0.99832044829263	0.0075438751747162
ANKHD1	0.798288653997234	0.0054274312573042	0.99832044829263	0.0054274312573042
NUDT5	0.798296595156347	0.0108853470259558	0.99832044829263	0.0108853470259558
AIFM1	0.798328696367888	-0.0124307323535547	0.99832044829263	-0.0124307323535547
RTN4IP1	0.798407944883107	-0.0154697323582792	0.99832044829263	-0.0154697323582792
LARP1B	0.798600780534092	0.00966909176417063	0.99832044829263	0.00966909176417063
SDHAF1	0.798613874111874	0.0248988899714671	0.99832044829263	0.0248988899714671
WIZ	0.798706067436778	0.0205869161892236	0.99832044829263	0.0205869161892236
RRNAD1	0.798990928918239	-0.0125567800484912	0.99832044829263	-0.0125567800484912
RPL5	0.799068555992362	-0.013839316528611	0.99832044829263	-0.013839316528611
TOB2	0.799075291756173	0.00813104879172107	0.99832044829263	0.00813104879172107
LRATD2	0.799116908019186	-0.0175455565285849	0.99832044829263	-0.0175455565285849
AC115622.1	0.799142674127216	0.0109170952859528	0.99832044829263	0.0109170952859528
MIRLET7BHG	0.799167606213605	0.00785099449580189	0.99832044829263	0.00785099449580189
HSPB1	0.799372143497719	0.0402232853666134	0.99832044829263	0.0402232853666134
RPL23	0.799390142206618	-0.0202432666535455	0.99832044829263	-0.0202432666535455
ZCWPW2	0.799479889840804	-0.0121472135687008	0.99832044829263	-0.0121472135687008
SUB1	0.799511541779782	0.0142240710380872	0.99832044829263	0.0142240710380872
ACTR5	0.799526403564014	-0.0180677427181785	0.99832044829263	-0.0180677427181785
COX5A	0.799772010944101	0.0235368704178443	0.99832044829263	0.0235368704178443
TAB1	0.799846153841563	0.00872434629283654	0.99832044829263	0.00872434629283654
DENND5A	0.799926566926513	0.00579508032221366	0.99832044829263	0.00579508032221366
RNF170	0.799952359258812	0.00728813489525407	0.99832044829263	0.00728813489525407
DYNLL1	0.799956331876902	-0.0144241000015117	0.99832044829263	-0.0144241000015117
NRBF2	0.799960936976655	-0.0182893058685272	0.99832044829263	-0.0182893058685272
FH	0.799974540435641	-0.0221705228553929	0.99832044829263	-0.0221705228553929
TRIP11	0.800215180432673	-0.00750082299661967	0.99832044829263	-0.00750082299661967
CEP68	0.800257092619436	-0.0114703327145222	0.99832044829263	-0.0114703327145222
AC092691.1	0.800295080172457	-0.0188773582268028	0.99832044829263	-0.0188773582268028
DHX9	0.800434470068173	0.00787749654996393	0.99832044829263	0.00787749654996393
LINC02649	0.800455809471729	-0.0203188730873785	0.99832044829263	-0.0203188730873785
LZIC	0.800488673458818	0.00918678914884172	0.99832044829263	0.00918678914884172
RNF121	0.800506023510691	0.0128632172066529	0.99832044829263	0.0128632172066529
LCOR	0.800720846092072	0.00492776756938499	0.99832044829263	0.00492776756938499
ZNF490	0.800790052921554	0.0126484529232866	0.99832044829263	0.0126484529232866
C4orf47	0.800843415452418	-0.0198596280208495	0.99832044829263	-0.0198596280208495
AIMP2	0.801039907174687	0.0169575630059051	0.99832044829263	0.0169575630059051
AC008969.1	0.801046625322787	0.0116623645819001	0.99832044829263	0.0116623645819001
AC007262.2	0.801092873033539	0.0112228174786442	0.99832044829263	0.0112228174786442
AC087473.1	0.801270131159729	0.0140086204581737	0.99832044829263	0.0140086204581737
AC009063.2	0.801406431211196	-0.00888762088301079	0.99832044829263	-0.00888762088301079
TAOK3	0.801508946164539	-0.00463815891915929	0.99832044829263	-0.00463815891915929
YWHAH	0.801640959502571	-0.0240099432729609	0.99832044829263	-0.0240099432729609
CCNT2	0.801760905421111	-0.00761500371328096	0.99832044829263	-0.00761500371328096
TLL2	0.801822181753793	-0.0132493435435692	0.99832044829263	-0.0132493435435692
PLEKHG1	0.801962293703205	0.0165560636570056	0.99832044829263	0.0165560636570056
UBE2A	0.802128488847922	-0.0148032088327821	0.99832044829263	-0.0148032088327821
SHPK	0.802298661036024	-0.0134379352097562	0.99832044829263	-0.0134379352097562
SORL1	0.802301323710932	-0.0174041640030389	0.99832044829263	-0.0174041640030389
ZNF384	0.802350716102838	-0.0143469095389288	0.99832044829263	-0.0143469095389288
TCAF1	0.802377193661034	-0.00961297816516572	0.99832044829263	-0.00961297816516572
LRRC37B	0.802382759150801	0.0116867995268296	0.99832044829263	0.0116867995268296
SOGA3	0.802490397155635	0.0166921346623711	0.99832044829263	0.0166921346623711
SPOPL	0.802561823185057	0.00948128710264833	0.99832044829263	0.00948128710264833
MYH11	0.802755166225899	-0.0223483042162863	0.99832044829263	-0.0223483042162863
AC244131.2	0.802816809010956	-0.0152122400556667	0.99832044829263	-0.0152122400556667
MDM1	0.802951099603421	0.0165104272426816	0.99832044829263	0.0165104272426816
GSTO2	0.802978096932034	0.0112304047272929	0.99832044829263	0.0112304047272929
NUP50-DT	0.803160838181509	0.0091313452598951	0.99832044829263	0.0091313452598951
DVL3	0.803191737145304	-0.0136178287295109	0.99832044829263	-0.0136178287295109
MTF2	0.803246994244474	0.00955723505481247	0.99832044829263	0.00955723505481247
ACYP2	0.803308748616803	-0.00482369302557052	0.99832044829263	-0.00482369302557052
MOCS1	0.803381062615676	-0.017800358794781	0.99832044829263	-0.017800358794781
NBR1	0.803625396795219	-0.00641822861141153	0.99832044829263	-0.00641822861141153
LINC01278	0.803633955809139	0.00988303170694605	0.99832044829263	0.00988303170694605
STXBP5L	0.803667194022585	0.0244665662123017	0.99832044829263	0.0244665662123017
KIF21A	0.803801638137218	0.0085671037148231	0.99832044829263	0.0085671037148231
SLC45A1	0.803863373526883	-0.0208405680849711	0.99832044829263	-0.0208405680849711
AP000282.1	0.804111012975568	0.0120304344136938	0.99832044829263	0.0120304344136938
CA2	0.804144749354471	-0.00928325875073988	0.99832044829263	-0.00928325875073988
LAMTOR4	0.804383905316236	-0.0145261688462594	0.99832044829263	-0.0145261688462594
USP42	0.804469241878379	0.00895801747538555	0.99832044829263	0.00895801747538555
DCAF15	0.804523767046784	-0.0201619256529335	0.99832044829263	-0.0201619256529335
MAPKBP1	0.804578107193563	-0.00627824710845764	0.99832044829263	-0.00627824710845764
CYCS	0.80462509821109	0.0256187096216348	0.99832044829263	0.0256187096216348
GUF1	0.804652293828181	0.0141183627131726	0.99832044829263	0.0141183627131726
DHTKD1	0.804695112950996	-0.0103252755354038	0.99832044829263	-0.0103252755354038
ITGB1	0.804705899947268	0.00961846713155035	0.99832044829263	0.00961846713155035
CEP152	0.804861824554591	0.0154474767168898	0.99832044829263	0.0154474767168898
FYCO1	0.804904893114842	0.0122434382738228	0.99832044829263	0.0122434382738228
RACGAP1	0.804914973057713	0.0164357766163609	0.99832044829263	0.0164357766163609
CTBS	0.805088397393174	-0.0175650576801631	0.99832044829263	-0.0175650576801631
MEF2C	0.805119227028095	0.0233416394462567	0.99832044829263	0.0233416394462567
CBX4	0.805242185830058	0.0123595245084814	0.99832044829263	0.0123595245084814
SLC39A1	0.805330624958571	0.0220736225302592	0.99832044829263	0.0220736225302592
CEND1	0.805394820155297	-0.0307186368773587	0.99832044829263	-0.0307186368773587
JAGN1	0.805452507894234	-0.0247964730265619	0.99832044829263	-0.0247964730265619
CCDC18	0.80551253504617	0.0152395864813436	0.99832044829263	0.0152395864813436
TAF8	0.805519342564857	0.0116320912154962	0.99832044829263	0.0116320912154962
AL137140.1	0.805636225747138	-0.019320321602149	0.99832044829263	-0.019320321602149
NELFB	0.805641291958028	-0.0113151568388578	0.99832044829263	-0.0113151568388578
MBNL1	0.805643368236135	-0.00457597018413784	0.99832044829263	-0.00457597018413784
VAMP3	0.80612305483245	-0.0143898478638772	0.99832044829263	-0.0143898478638772
TMEM59L	0.806212654984072	0.0236312259554432	0.99832044829263	0.0236312259554432
NR3C2	0.80623820527233	0.00878035124633019	0.99832044829263	0.00878035124633019
PPP2R5A	0.806266631400862	-0.0063666187849954	0.99832044829263	-0.0063666187849954
COPS3	0.806303864436066	0.0156323104562525	0.99832044829263	0.0156323104562525
PA2G4	0.806326022460336	-0.0134318717034451	0.99832044829263	-0.0134318717034451
NDRG4	0.806338029635831	-0.0264250271180595	0.99832044829263	-0.0264250271180595
SNX27	0.806461437698709	0.00658709596294433	0.99832044829263	0.00658709596294433
EEF1D	0.806541268133719	-0.00739030222295388	0.99832044829263	-0.00739030222295388
BMPR1A	0.806583329421249	-0.00656462890717731	0.99832044829263	-0.00656462890717731
KDM5A	0.806585678959566	0.00691563473314343	0.99832044829263	0.00691563473314343
MAGOH	0.80661839136988	-0.0122843236037096	0.99832044829263	-0.0122843236037096
ZNF35	0.806671084349739	0.017412811252898	0.99832044829263	0.017412811252898
RBM25	0.806682992246798	-0.00706394998049282	0.99832044829263	-0.00706394998049282
DCTN2	0.806695584396608	-0.0113924339784384	0.99832044829263	-0.0113924339784384
OSTM1	0.806732035462161	0.0090229816729319	0.99832044829263	0.0090229816729319
LINC01266	0.806809004900512	0.0152262181185844	0.99832044829263	0.0152262181185844
LRP1	0.806834204983288	-0.0271044556638985	0.99832044829263	-0.0271044556638985
GFM1	0.806910822260544	0.0115120608949724	0.99832044829263	0.0115120608949724
GCC2	0.80707042264111	-0.00948684348531844	0.99832044829263	-0.00948684348531844
DDOST	0.807084136230112	0.0155900050124897	0.99832044829263	0.0155900050124897
JAM3	0.807130432384225	-0.00501244092383172	0.99832044829263	-0.00501244092383172
CDH9	0.807193879022262	0.0258911085576547	0.99832044829263	0.0258911085576547
SENP1	0.807198270819349	-0.012041612578387	0.99832044829263	-0.012041612578387
RRP15	0.807361131157138	-0.014957845313222	0.99832044829263	-0.014957845313222
MBNL3	0.807527652996062	-0.0167554515236056	0.99832044829263	-0.0167554515236056
ZFP36L2	0.8076125877792	-0.0096680063518646	0.99832044829263	-0.0096680063518646
KIF26B	0.807772168105976	-0.0152702411246582	0.99832044829263	-0.0152702411246582
COL9A2	0.807794637069207	-0.00999089235648703	0.99832044829263	-0.00999089235648703
SDCBP	0.807798253333087	0.018606874071015	0.99832044829263	0.018606874071015
GPR89B	0.807800434935659	0.0123274151569487	0.99832044829263	0.0123274151569487
RALGDS	0.807801123102929	0.00566483175125194	0.99832044829263	0.00566483175125194
GPR158	0.80786236856049	0.0261442824713366	0.99832044829263	0.0261442824713366
RPL23A	0.808032098121983	0.0157694181157923	0.99832044829263	0.0157694181157923
ORMDL1	0.808062811387173	0.013052473073683	0.99832044829263	0.013052473073683
REL	0.80806742041123	-0.0182813921022597	0.99832044829263	-0.0182813921022597
DNAJC24	0.808139121228891	-0.0108957452638631	0.99832044829263	-0.0108957452638631
AC098588.3	0.808163521838142	0.0144267144512547	0.99832044829263	0.0144267144512547
TRAPPC2	0.808185818505062	-0.0142555280081018	0.99832044829263	-0.0142555280081018
NDUFB1	0.808191675411278	-0.0189394502427288	0.99832044829263	-0.0189394502427288
RNF126	0.808207058936105	-0.0119808107757106	0.99832044829263	-0.0119808107757106
ZNF616	0.808358387216434	-0.0200324864822524	0.99832044829263	-0.0200324864822524
CASKIN2	0.808402854516596	-0.0132026199189981	0.99832044829263	-0.0132026199189981
ERF	0.808415454696132	-0.0114625084620346	0.99832044829263	-0.0114625084620346
DLAT	0.808488460938092	0.0131349861952265	0.99832044829263	0.0131349861952265
RRP1B	0.808649617849508	-0.0106201446826511	0.99832044829263	-0.0106201446826511
AGPAT3	0.80866506267984	0.00715863646155346	0.99832044829263	0.00715863646155346
SORBS2	0.808672980974139	-0.0244419953908298	0.99832044829263	-0.0244419953908298
SEMA7A	0.808825706410532	-0.0130676141849628	0.99832044829263	-0.0130676141849628
TAPT1	0.808872410423285	0.00626309852005862	0.99832044829263	0.00626309852005862
USP2	0.808896320787243	0.0106371124328199	0.99832044829263	0.0106371124328199
SRGAP1	0.809074620312231	-0.00620137330779287	0.99832044829263	-0.00620137330779287
KIF22	0.809126928927626	-0.015555755338574	0.99832044829263	-0.015555755338574
SRSF10	0.809152869310555	-0.00783672276870321	0.99832044829263	-0.00783672276870321
ZNF561-AS1	0.809170040786161	0.0134307800909625	0.99832044829263	0.0134307800909625
SRPRB	0.809175286049301	-0.0110886620937782	0.99832044829263	-0.0110886620937782
C12orf73	0.809211025014896	-0.0103323046580171	0.99832044829263	-0.0103323046580171
SMARCA1	0.809328405100652	-0.0187275502358038	0.99832044829263	-0.0187275502358038
PHLDB1	0.809356447989921	0.00583475453838297	0.99832044829263	0.00583475453838297
CDIPT	0.809462848475476	-0.0163309824801072	0.99832044829263	-0.0163309824801072
MBTPS2	0.809712598736309	0.0114650359073468	0.99832044829263	0.0114650359073468
ZNF397	0.809762347467574	0.00588745653156419	0.99832044829263	0.00588745653156419
TOX4	0.809828827742005	-0.0128110143891677	0.99832044829263	-0.0128110143891677
GLDN	0.809848137003873	-0.00743144546681915	0.99832044829263	-0.00743144546681915
RPS13	0.809952359333822	0.017829082517375	0.99832044829263	0.017829082517375
CENPJ	0.810021318287546	-0.0115818852019267	0.99832044829263	-0.0115818852019267
TNRC6C	0.810150812104325	0.00400413323838402	0.99832044829263	0.00400413323838402
PET100	0.810347610534464	0.0243555466907715	0.99832044829263	0.0243555466907715
CHERP	0.810415949764491	-0.0112611018984289	0.99832044829263	-0.0112611018984289
NDE1	0.81044231109607	-0.00714926513231707	0.99832044829263	-0.00714926513231707
STARD4	0.81045564710462	0.0214931146121948	0.99832044829263	0.0214931146121948
SEMA4D	0.810464445035549	-0.00501591831779622	0.99832044829263	-0.00501591831779622
COMT	0.810712262798084	0.00907816689587341	0.99832044829263	0.00907816689587341
SLC30A9	0.8108418693742	-0.00674032004162469	0.99832044829263	-0.00674032004162469
PNRC1	0.810908463971352	-0.0116337489137477	0.99832044829263	-0.0116337489137477
C2orf76	0.810987967628749	-0.0107016933375843	0.99832044829263	-0.0107016933375843
ANKRD23	0.811009976021368	-0.00772645619788838	0.99832044829263	-0.00772645619788838
PAQR3	0.811025555383574	0.0143799365541717	0.99832044829263	0.0143799365541717
KBTBD7	0.811243393295902	-0.0194629437902541	0.99832044829263	-0.0194629437902541
CAMK4	0.811665276389629	0.0336031329793538	0.99832044829263	0.0336031329793538
PAAF1	0.811856854754816	0.0074530007277586	0.99832044829263	0.0074530007277586
CNTN4	0.811978907802708	-0.0248547842589454	0.99832044829263	-0.0248547842589454
ZNF26	0.812075302291464	-0.0119788310973179	0.99832044829263	-0.0119788310973179
RAPGEF4	0.812126455866034	0.0208708050150523	0.99832044829263	0.0208708050150523
AL365295.1	0.812280916732018	-0.0127824722103668	0.99832044829263	-0.0127824722103668
ENTPD1-AS1	0.812299163905914	0.00720100644837742	0.99832044829263	0.00720100644837742
ZMIZ1	0.81241700584917	0.00853640196455264	0.99832044829263	0.00853640196455264
GATM	0.812509646483808	0.00627718487034134	0.99832044829263	0.00627718487034134
NCOA7	0.812569257906026	-0.0046985121493994	0.99832044829263	-0.0046985121493994
ZNF529	0.812744954851814	0.00775002721040369	0.99832044829263	0.00775002721040369
CFAP54	0.812769496346539	0.022742147388738	0.99832044829263	0.022742147388738
ATP6V1A	0.813168874910381	0.00984852263237929	0.99832044829263	0.00984852263237929
NQO2	0.813295090505783	0.0164218594009096	0.99832044829263	0.0164218594009096
AC109927.1	0.813382936390245	0.0101699856012231	0.99832044829263	0.0101699856012231
IRF2BP2	0.813447317330592	-0.00980168489707875	0.99832044829263	-0.00980168489707875
CYP2R1	0.813477466917643	0.0153435198502855	0.99832044829263	0.0153435198502855
RNF181	0.813503043016953	-0.0259991920720859	0.99832044829263	-0.0259991920720859
AASDHPPT	0.813538433178329	-0.0121118563170421	0.99832044829263	-0.0121118563170421
CDHR1	0.813593973426469	-0.022940072496752	0.99832044829263	-0.022940072496752
PIGS	0.813634896643623	-0.016966645883412	0.99832044829263	-0.016966645883412
LHFPL6	0.813815410144747	0.0106080690681845	0.99832044829263	0.0106080690681845
RPL27	0.813860215895034	0.019562950133923	0.99832044829263	0.019562950133923
TMX2	0.813895271272538	-0.00837507326584803	0.99832044829263	-0.00837507326584803
NR4A2	0.813897323322266	-0.0148348635645218	0.99832044829263	-0.0148348635645218
PITHD1	0.814097284724845	-0.0135902232519882	0.99832044829263	-0.0135902232519882
FER	0.814200194014138	-0.00496216631283335	0.99832044829263	-0.00496216631283335
IQGAP1	0.814375224087682	-0.00603043096746149	0.99832044829263	-0.00603043096746149
SMARCAD1	0.814409318772359	0.00632682303782883	0.99832044829263	0.00632682303782883
MRPL22	0.814467311661254	0.0134437933341859	0.99832044829263	0.0134437933341859
ATP2A2	0.814576744855832	0.00795203163927708	0.99832044829263	0.00795203163927708
C5orf24	0.814580177778232	-0.00955460221965068	0.99832044829263	-0.00955460221965068
OTUD7A	0.81476960385495	-0.00540522553314416	0.99832044829263	-0.00540522553314416
TPD52	0.814936930634839	-0.00485731690304436	0.99832044829263	-0.00485731690304436
CEP162	0.81498844129162	0.0073824619082998	0.99832044829263	0.0073824619082998
LIAS	0.81503061692969	0.00989120088685837	0.99832044829263	0.00989120088685837
MTMR9	0.815420087223631	-0.0092998095429725	0.99832044829263	-0.0092998095429725
MAGED1	0.815471368339381	-0.0103182534235706	0.99832044829263	-0.0103182534235706
PGAM1	0.815507683869207	0.0205306741392044	0.99832044829263	0.0205306741392044
SUGT1	0.815580169878848	0.00689650210705528	0.99832044829263	0.00689650210705528
EDIL3	0.815667952223056	0.00326726945624783	0.99832044829263	0.00326726945624783
OTUD7B	0.815822508107	0.00486194476233748	0.99832044829263	0.00486194476233748
AL359091.1	0.8158576770694	0.00779649052574772	0.99832044829263	0.00779649052574772
SCARB1	0.815954533262812	-0.00844498915431518	0.99832044829263	-0.00844498915431518
H3F3B	0.816137905656965	0.0103710797735571	0.99832044829263	0.0103710797735571
ITGA2B	0.816470009379212	0.015814809072913	0.99832044829263	0.015814809072913
RBPJ	0.816529105298471	-0.00497053301718786	0.99832044829263	-0.00497053301718786
SERINC3	0.816559759624414	-0.0111787876163864	0.99832044829263	-0.0111787876163864
SCPEP1	0.816666236208767	0.0109309228107947	0.99832044829263	0.0109309228107947
CANT1	0.816673800839214	0.0162223573211209	0.99832044829263	0.0162223573211209
MICALL2	0.816676307532845	0.012749318167649	0.99832044829263	0.012749318167649
AC009961.1	0.816928879782759	-0.0196530234947053	0.99832044829263	-0.0196530234947053
BBS9	0.816969994143032	0.00542456257281591	0.99832044829263	0.00542456257281591
CD2BP2	0.817156138299795	-0.014065719349776	0.99832044829263	-0.014065719349776
KIZ	0.817330726135756	0.005360783866078	0.99832044829263	0.005360783866078
NBEAL1	0.817506470728678	0.00621805107992053	0.99832044829263	0.00621805107992053
GABRG2	0.817522366086545	-0.0267265895330358	0.99832044829263	-0.0267265895330358
MRPS30	0.817863007932962	0.0185162911070536	0.99832044829263	0.0185162911070536
NPTX1	0.818008952103035	-0.0289504568542659	0.99832044829263	-0.0289504568542659
FARSA	0.818196282428645	-0.0185433754051207	0.99832044829263	-0.0185433754051207
AL160313.1	0.818242076063432	0.0180658061533872	0.99832044829263	0.0180658061533872
EXOC4	0.818244950761344	0.00433373042388531	0.99832044829263	0.00433373042388531
ZNF14	0.818411075468273	-0.0111225799885478	0.99832044829263	-0.0111225799885478
RNF213	0.818480997100639	0.00746282580251008	0.99832044829263	0.00746282580251008
TRIM44	0.818530252287715	-0.00558503018779486	0.99832044829263	-0.00558503018779486
FBXW4	0.81867391959949	-0.00718173006856885	0.99832044829263	-0.00718173006856885
ZNF521	0.818808113788422	0.00942482008220568	0.99832044829263	0.00942482008220568
SEPSECS	0.818920092666653	0.0131443051506349	0.99832044829263	0.0131443051506349
SLC6A6	0.819065683416349	-0.0127734350106994	0.99832044829263	-0.0127734350106994
RNF215	0.819279640152561	0.0130746395037706	0.99832044829263	0.0130746395037706
GCLC	0.819291251346573	-0.00622740705291111	0.99832044829263	-0.00622740705291111
AC023590.1	0.819397562388487	-0.0268480132839004	0.99832044829263	-0.0268480132839004
ATM	0.819546288258808	0.00506676145556032	0.99832044829263	0.00506676145556032
TRABD	0.819631875909178	0.011279440921521	0.99832044829263	0.011279440921521
MRFAP1L1	0.819645220592202	0.0163702480731907	0.99832044829263	0.0163702480731907
CANX	0.819686305114744	0.00768855946720636	0.99832044829263	0.00768855946720636
MRPS26	0.819951459562016	0.0174986343357086	0.99832044829263	0.0174986343357086
ZNF814	0.820092887303947	0.00890042736793639	0.99832044829263	0.00890042736793639
VAMP4	0.820157195350929	-0.0152485563809105	0.99832044829263	-0.0152485563809105
DYNLRB1	0.820160517104348	0.0156410583331183	0.99832044829263	0.0156410583331183
PTGES2	0.820327482371108	-0.0194105178788616	0.99832044829263	-0.0194105178788616
CYB5R2	0.820596087634807	0.0185819108928117	0.99832044829263	0.0185819108928117
ZNF287	0.820620320240526	0.0165883491931805	0.99832044829263	0.0165883491931805
TICAM2	0.820701316497425	-0.0151928489734045	0.99832044829263	-0.0151928489734045
TIGD7	0.820829020246077	0.0145472478480965	0.99832044829263	0.0145472478480965
TTC37	0.821083576773579	-0.00543266509859394	0.99832044829263	-0.00543266509859394
AC244033.2	0.821084164755768	-0.00832516766249944	0.99832044829263	-0.00832516766249944
EPDR1	0.821431602996033	0.0169999948437279	0.99832044829263	0.0169999948437279
AL139220.2	0.821542030810251	-0.0147508775286348	0.99832044829263	-0.0147508775286348
BCKDHA	0.821560393901506	-0.014440436309836	0.99832044829263	-0.014440436309836
PHTF1	0.821561926616418	0.0287721215428069	0.99832044829263	0.0287721215428069
SEC14L5	0.8216239001888	-0.00618626369746714	0.99832044829263	-0.00618626369746714
ZNF251	0.821655773815345	0.00647798913964492	0.99832044829263	0.00647798913964492
OAZ2	0.821782044694969	0.00888165913074777	0.99832044829263	0.00888165913074777
GRK2	0.821926813877465	0.0151650423612247	0.99832044829263	0.0151650423612247
CCDC136	0.822053397417388	-0.0159119014844838	0.99832044829263	-0.0159119014844838
PPWD1	0.822109946292409	-0.00794966509126151	0.99832044829263	-0.00794966509126151
SPIRE2	0.822171893673667	-0.0276736023737622	0.99832044829263	-0.0276736023737622
H1F0	0.822183754958462	-0.0207525923612987	0.99832044829263	-0.0207525923612987
MGAT5	0.822401561102015	0.00610005526150081	0.99832044829263	0.00610005526150081
DMXL2	0.822484586326788	-0.013003340076509	0.99832044829263	-0.013003340076509
HPS5	0.822520886465218	0.00943663141806104	0.99832044829263	0.00943663141806104
AL645465.1	0.822640413618093	-0.0107196302508998	0.99832044829263	-0.0107196302508998
AVL9	0.822731551846055	0.00550707335654411	0.99832044829263	0.00550707335654411
SUCO	0.823117676127897	0.00715242862906606	0.99832044829263	0.00715242862906606
MT-ND1	0.823504703947316	0.00832214115507901	0.99832044829263	0.00832214115507901
TRIM24	0.823545509401931	0.00689036634627619	0.99832044829263	0.00689036634627619
NECTIN3-AS1	0.823711957075117	-0.0175355604079237	0.99832044829263	-0.0175355604079237
FLNB	0.823872599504455	0.0112665618521288	0.99832044829263	0.0112665618521288
HEMK1	0.823944194974485	0.0129718476999276	0.99832044829263	0.0129718476999276
SERINC1	0.82404059571842	-0.0101050361791564	0.99832044829263	-0.0101050361791564
SLC25A13	0.824065417785285	0.005521202414218	0.99832044829263	0.005521202414218
ORC5	0.824072250807702	-0.00928221085200387	0.99832044829263	-0.00928221085200387
WSCD1	0.824162653242706	-0.00936649609623775	0.99832044829263	-0.00936649609623775
FTH1	0.824365795683605	0.00991732812669724	0.99832044829263	0.00991732812669724
C8orf76	0.824497924423318	-0.0125486846037597	0.99832044829263	-0.0125486846037597
INIP	0.82454025899648	-0.00758157840824385	0.99832044829263	-0.00758157840824385
GGA1	0.824579195242324	0.00689700248323106	0.99832044829263	0.00689700248323106
SEC24A	0.824609412185502	-0.00977714680179643	0.99832044829263	-0.00977714680179643
FBXO11	0.824677451583515	0.00382734166749325	0.99832044829263	0.00382734166749325
PXYLP1	0.824760631257577	-0.0163803661705533	0.99832044829263	-0.0163803661705533
OTUD3	0.824772902942671	-0.0147502406249694	0.99832044829263	-0.0147502406249694
PRH1	0.824837616959635	0.00605352521672832	0.99832044829263	0.00605352521672832
CD200	0.824905427905012	0.0102810359292254	0.99832044829263	0.0102810359292254
ZBTB2	0.824910618310817	-0.0140125433259943	0.99832044829263	-0.0140125433259943
CRYAB	0.825008314932844	-0.0106982139073186	0.99832044829263	-0.0106982139073186
NIPAL3	0.825075705050191	0.00513754945332105	0.99832044829263	0.00513754945332105
ABCA10	0.825122431649946	-0.0202884525679557	0.99832044829263	-0.0202884525679557
ZNF596	0.825172410270549	-0.0157508639693312	0.99832044829263	-0.0157508639693312
PCNT	0.825219519093821	-0.0102554024588351	0.99832044829263	-0.0102554024588351
B4GALT5	0.825258194485037	-0.00917140109171763	0.99832044829263	-0.00917140109171763
SNHG29	0.825297648194609	0.0083040184444076	0.99832044829263	0.0083040184444076
BLOC1S5	0.825300304786755	-0.0136154721803809	0.99832044829263	-0.0136154721803809
MARCH3	0.825344394361415	-0.0145234182745745	0.99832044829263	-0.0145234182745745
FDPS	0.825596435569542	-0.00745544302204062	0.99832044829263	-0.00745544302204062
TECR	0.825866461823966	0.00610009444985674	0.99832044829263	0.00610009444985674
PMPCB	0.826044917516948	-0.00871166073728154	0.99832044829263	-0.00871166073728154
SH3BGRL2	0.826091098734011	-0.0167166034347279	0.99832044829263	-0.0167166034347279
TCEANC	0.826107605935693	-0.0160377575499701	0.99832044829263	-0.0160377575499701
GPBP1L1	0.826141939661345	-0.00543213881465257	0.99832044829263	-0.00543213881465257
INPP5B	0.826273764377212	-0.00794699724862618	0.99832044829263	-0.00794699724862618
MCUR1	0.826296098600749	-0.0137005992886402	0.99832044829263	-0.0137005992886402
AL442067.3	0.826427420839362	-0.0164491627918281	0.99832044829263	-0.0164491627918281
ATG5	0.826785260285297	0.00921674373272417	0.99832044829263	0.00921674373272417
FEM1C	0.826790939470647	-0.0132522689278467	0.99832044829263	-0.0132522689278467
SRCAP	0.826914191761882	0.00924750146835793	0.99832044829263	0.00924750146835793
USP31	0.827001979904808	-0.00670553000172973	0.99832044829263	-0.00670553000172973
AC078909.1	0.82707356406848	0.021410713524421	0.99832044829263	0.021410713524421
SSNA1	0.827209529239725	0.0131689787195965	0.99832044829263	0.0131689787195965
DNAJC8	0.827692474270386	-0.0110840860705324	0.99832044829263	-0.0110840860705324
WDFY3	0.827694044759265	0.00355021972536939	0.99832044829263	0.00355021972536939
LMTK2	0.827731447330452	0.00937787232578558	0.99832044829263	0.00937787232578558
KDSR	0.827939508380742	-0.00910683643299638	0.99832044829263	-0.00910683643299638
MARCKS	0.828005525185091	-0.0243711735051549	0.99832044829263	-0.0243711735051549
PTCD2	0.828013693179587	-0.0103306385437465	0.99832044829263	-0.0103306385437465
CD27-AS1	0.828090086096504	0.00876200651304609	0.99832044829263	0.00876200651304609
TVP23C	0.828260381385171	-0.00843611587437895	0.99832044829263	-0.00843611587437895
LRRC69	0.828264542706855	0.00966600611990005	0.99832044829263	0.00966600611990005
TMEM222	0.828283204802036	0.00862210288431835	0.99832044829263	0.00862210288431835
TMEM205	0.828428060624215	-0.0148800799209341	0.99832044829263	-0.0148800799209341
MUTYH	0.828578003881257	0.00978786941859654	0.99832044829263	0.00978786941859654
TMEM45A	0.82858080409971	-0.0182673173359218	0.99832044829263	-0.0182673173359218
MFSD11	0.828786110648228	-0.00590392864790196	0.99832044829263	-0.00590392864790196
VLDLR-AS1	0.828789821554277	-0.00734733593635142	0.99832044829263	-0.00734733593635142
GREB1	0.82880420975497	0.0115428747408721	0.99832044829263	0.0115428747408721
SQSTM1	0.828804690058724	-0.00683025155099658	0.99832044829263	-0.00683025155099658
LINC00706	0.828806896198341	-0.0151738988427283	0.99832044829263	-0.0151738988427283
STXBP1	0.828810715556541	-0.0176810408860776	0.99832044829263	-0.0176810408860776
MRPL14	0.828894181449262	-0.0184361713582438	0.99832044829263	-0.0184361713582438
WBP2	0.829093839175101	-0.00826377133642377	0.99832044829263	-0.00826377133642377
CACNG7	0.829291230547746	-0.00858910823476556	0.99832044829263	-0.00858910823476556
ZNF484	0.829368528321387	-0.011567909094083	0.99832044829263	-0.011567909094083
HBP1	0.829516604434563	0.00664275991895296	0.99832044829263	0.00664275991895296
RFX3	0.829537147249465	0.00638963169605077	0.99832044829263	0.00638963169605077
RAB8B	0.82956149332668	-0.00635723484334234	0.99832044829263	-0.00635723484334234
HSPA5	0.82980878976471	-0.0135738049657885	0.99832044829263	-0.0135738049657885
CERCAM	0.829828206655186	-0.00563742114070499	0.99832044829263	-0.00563742114070499
RAB8A	0.829873170119596	0.015593457251442	0.99832044829263	0.015593457251442
KLHL26	0.829982886678212	0.0174548448361773	0.99832044829263	0.0174548448361773
AKAP8	0.82999840456372	0.00942215095448963	0.99832044829263	0.00942215095448963
FSCN1	0.830127137075519	0.00818548554074983	0.99832044829263	0.00818548554074983
GABRG3	0.830175350178118	-0.021915784454971	0.99832044829263	-0.021915784454971
RNPS1	0.830305982903015	0.00798191307582257	0.99832044829263	0.00798191307582257
PAXBP1-AS1	0.830373485088708	0.0133663713876041	0.99832044829263	0.0133663713876041
KATNAL1	0.830488613597062	-0.00791637471992393	0.99832044829263	-0.00791637471992393
SNAPC3	0.830691521565283	-0.00850048222237528	0.99832044829263	-0.00850048222237528
GPIHBP1	0.830728337723596	-0.0110722613957123	0.99832044829263	-0.0110722613957123
TRAF2	0.830743178771969	-0.0135339257913739	0.99832044829263	-0.0135339257913739
ZNF160	0.830912111343701	0.00852812134580562	0.99832044829263	0.00852812134580562
NINJ2	0.830988465320201	0.00586024021851376	0.99832044829263	0.00586024021851376
NFYC	0.831005354194362	-0.00685920655308258	0.99832044829263	-0.00685920655308258
DDX39A	0.831091900162054	0.0119369103396146	0.99832044829263	0.0119369103396146
ADAMTS4	0.83112422018903	0.00903862668692052	0.99832044829263	0.00903862668692052
CEBPZOS	0.831147413073461	0.00741173838350613	0.99832044829263	0.00741173838350613
SNORC	0.831167760900194	0.0116617574287226	0.99832044829263	0.0116617574287226
RPLP0	0.831202127281048	-0.0137472866501684	0.99832044829263	-0.0137472866501684
AC114956.3	0.831256891350678	0.0137035705314623	0.99832044829263	0.0137035705314623
METTL21A	0.831270101869411	-0.0116796164965077	0.99832044829263	-0.0116796164965077
POU6F2	0.831475597507348	0.0243165818527135	0.99832044829263	0.0243165818527135
SLC6A12	0.831755174245152	-0.0144692692493303	0.99832044829263	-0.0144692692493303
SIK2	0.831798962069027	0.00404021613200091	0.99832044829263	0.00404021613200091
CHMP1A	0.831851766307458	-0.00919147038843206	0.99832044829263	-0.00919147038843206
AHCYL2	0.831898659197375	-0.00642866093362842	0.99832044829263	-0.00642866093362842
CSTF2T	0.831911684652204	-0.0189578071931426	0.99832044829263	-0.0189578071931426
PTCH2	0.831912193059112	0.019525666279661	0.99832044829263	0.019525666279661
CSTF1	0.831948986782808	0.0174526780712761	0.99832044829263	0.0174526780712761
SMARCC2	0.832101450413787	0.00862243828893895	0.99832044829263	0.00862243828893895
ALG8	0.832158884344402	-0.00935010060364542	0.99832044829263	-0.00935010060364542
NDRG1	0.832269000777484	-0.00489405719002985	0.99832044829263	-0.00489405719002985
INPP1	0.83230715504118	0.00706561821744303	0.99832044829263	0.00706561821744303
NDUFAB1	0.832349781765137	0.021005160263403	0.99832044829263	0.021005160263403
PHYHIP	0.832352657568869	0.0266761039933289	0.99832044829263	0.0266761039933289
AFG1L	0.832353487416635	0.00823362146031959	0.99832044829263	0.00823362146031959
TMBIM1	0.832482748669847	-0.0104688037539507	0.99832044829263	-0.0104688037539507
ZNF529-AS1	0.832595890385826	0.0131465128166918	0.99832044829263	0.0131465128166918
BCAS1	0.832763407519959	-0.00419172413474806	0.99832044829263	-0.00419172413474806
LPGAT1	0.832950292775341	0.00444978692392725	0.99832044829263	0.00444978692392725
RRP8	0.832951187868725	-0.0147324319737238	0.99832044829263	-0.0147324319737238
AC113414.1	0.83303857886398	-0.00745789915665502	0.99832044829263	-0.00745789915665502
USP33	0.833071958469111	-0.00441188784348664	0.99832044829263	-0.00441188784348664
UQCRC1	0.833110985749154	-0.0162620083726355	0.99832044829263	-0.0162620083726355
HBS1L	0.833125531950793	-0.00469415784291919	0.99832044829263	-0.00469415784291919
B9D1	0.833139183073968	-0.0148126832946404	0.99832044829263	-0.0148126832946404
WWOX	0.833195855847598	-0.00348862212112925	0.99832044829263	-0.00348862212112925
AC091563.1	0.833292983781424	-0.0113337224932773	0.99832044829263	-0.0113337224932773
RALA	0.833445419287739	-0.00805710077536842	0.99832044829263	-0.00805710077536842
AP000688.2	0.833726039740131	0.011784085735293	0.99832044829263	0.011784085735293
COG7	0.833743745603595	0.00630052116361946	0.99832044829263	0.00630052116361946
SH3GLB1	0.833750329923481	-0.00679764822989707	0.99832044829263	-0.00679764822989707
TAF10	0.833910606400753	-0.0137584525069333	0.99832044829263	-0.0137584525069333
ETFRF1	0.833998670919155	-0.0141366798413233	0.99832044829263	-0.0141366798413233
TBC1D22A	0.834060720629475	0.00537638144392091	0.99832044829263	0.00537638144392091
RHOT1	0.834110067900338	0.0053492290204451	0.99832044829263	0.0053492290204451
MTDH	0.834392030313674	0.00452453028808457	0.99832044829263	0.00452453028808457
ZCCHC24	0.83442507989397	0.00403133445740623	0.99832044829263	0.00403133445740623
DTWD1	0.834610426663536	-0.00658905115543621	0.99832044829263	-0.00658905115543621
WDR7	0.834794210639927	0.0038300533046627	0.99832044829263	0.0038300533046627
ARHGAP1	0.834805395862811	-0.0054250316208498	0.99832044829263	-0.0054250316208498
CYREN	0.834925264955021	0.00720172047121167	0.99832044829263	0.00720172047121167
WBP11	0.8351317558535	-0.0106691464181528	0.99832044829263	-0.0106691464181528
FURIN	0.835162663538302	-0.0179558412868921	0.99832044829263	-0.0179558412868921
NUDCD2	0.83517675233576	-0.0137870786638189	0.99832044829263	-0.0137870786638189
CCDC107	0.835240344744849	-0.0170109129736835	0.99832044829263	-0.0170109129736835
ZFP41	0.835325415696982	0.0142006198735406	0.99832044829263	0.0142006198735406
COX17	0.835429825589278	-0.0177466687438959	0.99832044829263	-0.0177466687438959
PSME2	0.835438284305935	0.0146867203871623	0.99832044829263	0.0146867203871623
IQCN	0.83545298912382	-0.0199454468891941	0.99832044829263	-0.0199454468891941
KLHL7	0.835525460515707	0.00868612170669859	0.99832044829263	0.00868612170669859
GATAD2A	0.835546933059493	0.00889552103973078	0.99832044829263	0.00889552103973078
LAPTM4B	0.835574844618491	-0.0115690590092047	0.99832044829263	-0.0115690590092047
USP16	0.835669486659092	-0.00665890921614018	0.99832044829263	-0.00665890921614018
N4BP2L2	0.835718688824259	0.00338361778849509	0.99832044829263	0.00338361778849509
ELOC	0.835787004030374	0.0138229189115475	0.99832044829263	0.0138229189115475
TMEM14B	0.836013834812686	-0.00530050426885482	0.99832044829263	-0.00530050426885482
CHMP6	0.836175607847578	-0.0124796752295737	0.99832044829263	-0.0124796752295737
EIF4B	0.836217878602093	-0.00948640795699761	0.99832044829263	-0.00948640795699761
FAM168B	0.836487990731631	-0.00695851489442362	0.99832044829263	-0.00695851489442362
IPPK	0.836697166424859	-0.00971144453639789	0.99832044829263	-0.00971144453639789
AC007221.1	0.836744728456445	-0.0114025151540115	0.99832044829263	-0.0114025151540115
TMEM116	0.836788196288866	0.0103538506981587	0.99832044829263	0.0103538506981587
AC008050.1	0.837009451469868	0.0130829474596847	0.99832044829263	0.0130829474596847
MAPRE2	0.837132966996079	-0.00408054483246093	0.99832044829263	-0.00408054483246093
KMT2B	0.837156110180662	-0.0086450620323229	0.99832044829263	-0.0086450620323229
PIGM	0.837187223671657	0.00803604789509417	0.99832044829263	0.00803604789509417
YTHDF1	0.837188277531932	-0.00892476225545535	0.99832044829263	-0.00892476225545535
AZI2	0.837321273750787	0.0109780858548519	0.99832044829263	0.0109780858548519
PLAAT4	0.837336941676549	-0.0185968460022881	0.99832044829263	-0.0185968460022881
ITGB4	0.83742222543638	0.0144059507469615	0.99832044829263	0.0144059507469615
VPS13B	0.8374380686032	-0.00395559328064694	0.99832044829263	-0.00395559328064694
ADAM22	0.83748901979333	-0.00810253280649316	0.99832044829263	-0.00810253280649316
SEC24B-AS1	0.837540153175231	-0.0149294619366954	0.99832044829263	-0.0149294619366954
DLG1	0.837561688260096	0.00294246304320858	0.99832044829263	0.00294246304320858
PAG1	0.837571063246699	0.00652742019050592	0.99832044829263	0.00652742019050592
PPP3CB-AS1	0.837638691465008	0.020399857185211	0.99832044829263	0.020399857185211
URI1	0.837719852020705	0.00508488374009241	0.99832044829263	0.00508488374009241
ZFP37	0.837771412321833	-0.0118160614112723	0.99832044829263	-0.0118160614112723
HDX	0.837792283320192	0.00817049880748245	0.99832044829263	0.00817049880748245
SYT11	0.837866523099001	-0.00648129297169572	0.99832044829263	-0.00648129297169572
AC068707.1	0.837912731655176	-0.0152926582394416	0.99832044829263	-0.0152926582394416
SELENOK	0.838027884113217	-0.0162192315948081	0.99832044829263	-0.0162192315948081
RNF150	0.838185813960466	0.0228476447656811	0.99832044829263	0.0228476447656811
NDUFAF1	0.838319583804189	-0.0119257654946209	0.99832044829263	-0.0119257654946209
RBM18	0.838373141651447	-0.0124436531154142	0.99832044829263	-0.0124436531154142
MRPL48	0.838523778707935	0.00706317877934509	0.99832044829263	0.00706317877934509
EIF3J-DT	0.838595726091606	0.00784527955452784	0.99832044829263	0.00784527955452784
TOMM20	0.838651928199918	0.00986395660380722	0.99832044829263	0.00986395660380722
SYN3	0.83868571060693	-0.0205211637852878	0.99832044829263	-0.0205211637852878
IL17RB	0.838795683754915	-0.0168889740393931	0.99832044829263	-0.0168889740393931
LBR	0.838824829222543	0.00784813627787794	0.99832044829263	0.00784813627787794
INTS11	0.838978006397816	0.00737146715418592	0.99832044829263	0.00737146715418592
CMC1	0.839122202107957	0.00839723575539834	0.99832044829263	0.00839723575539834
SHKBP1	0.83919811387906	0.0126713363292195	0.99832044829263	0.0126713363292195
AGPAT1	0.839206078546344	0.0127291185695443	0.99832044829263	0.0127291185695443
MYCBP2-AS1	0.839255999639772	0.0106427593107223	0.99832044829263	0.0106427593107223
TMEM241	0.8394498404665	-0.0169013714788437	0.99832044829263	-0.0169013714788437
PAQR4	0.839699612997346	-0.00840696135504966	0.99832044829263	-0.00840696135504966
PDHX	0.839741847483275	0.00750081120441822	0.99832044829263	0.00750081120441822
MYO9B	0.840041007921021	-0.00559744244385519	0.99832044829263	-0.00559744244385519
STK11	0.840071466205636	0.0102943027452759	0.99832044829263	0.0102943027452759
SLC25A1	0.840224284112909	0.013318277298492	0.99832044829263	0.013318277298492
ZNF197	0.840459809700321	-0.00715671892638217	0.99832044829263	-0.00715671892638217
CYLD	0.840495376398812	-0.00487944891832025	0.99832044829263	-0.00487944891832025
PICALM	0.840766934933009	-0.00324902296334666	0.99832044829263	-0.00324902296334666
TNPO3	0.840888128984475	-0.006117640108532	0.99832044829263	-0.006117640108532
ACAP2	0.840981496220077	0.00486021718383998	0.99832044829263	0.00486021718383998
FBXO2	0.841059069958108	-0.0213695737930586	0.99832044829263	-0.0213695737930586
ANK2	0.841159411852774	-0.00323915131006382	0.99832044829263	-0.00323915131006382
TMEM123	0.841347561649074	0.00571854337934445	0.99832044829263	0.00571854337934445
EP300	0.841387968517799	0.00406868749917028	0.99832044829263	0.00406868749917028
NUP153	0.841391030974179	-0.00596262902534941	0.99832044829263	-0.00596262902534941
MED23	0.841423626860654	0.00855030606516015	0.99832044829263	0.00855030606516015
ARMC8	0.841432644001301	-0.00514654022275092	0.99832044829263	-0.00514654022275092
ZNF438	0.841578389999669	-0.00678215495647225	0.99832044829263	-0.00678215495647225
CSMD2	0.841603152620941	0.00659510507468384	0.99832044829263	0.00659510507468384
SACS	0.841775335194214	0.00707762473564273	0.99832044829263	0.00707762473564273
ATP1A3	0.8417894975131	0.0296459037585067	0.99832044829263	0.0296459037585067
SCHIP1	0.841917792784104	-0.00998628422754333	0.99832044829263	-0.00998628422754333
GRIN1	0.841945289394086	-0.019739532799482	0.99832044829263	-0.019739532799482
AFF3	0.841975560634592	-0.0158236651357935	0.99832044829263	-0.0158236651357935
TFE3	0.84197626571619	0.0111192279497976	0.99832044829263	0.0111192279497976
RIPK1	0.842006717723262	-0.0105136717932021	0.99832044829263	-0.0105136717932021
DIAPH1	0.842080272757307	0.0138959988343868	0.99832044829263	0.0138959988343868
CHST6	0.842370867637832	-0.0112974096964263	0.99832044829263	-0.0112974096964263
DAPK1	0.842430408492261	-0.031424695468251	0.99832044829263	-0.031424695468251
FUCA2	0.842515320215831	-0.0135990812702879	0.99832044829263	-0.0135990812702879
MAPKAPK2	0.842574037050045	0.00837448008228961	0.99832044829263	0.00837448008228961
DIDO1	0.842782340902135	0.00640286096180147	0.99832044829263	0.00640286096180147
ARGLU1	0.842923619798082	-0.00481534892700406	0.99832044829263	-0.00481534892700406
KDM7A	0.843007670411967	0.00986160595794567	0.99832044829263	0.00986160595794567
BSCL2	0.843128732505556	-0.0257118628822312	0.99832044829263	-0.0257118628822312
SPATS2L	0.843236016288054	-0.00618132893724822	0.99832044829263	-0.00618132893724822
CRTAP	0.8433544920217	0.0103166446158168	0.99832044829263	0.0103166446158168
ADAL	0.843592629893784	0.0116867627261733	0.99832044829263	0.0116867627261733
ZRANB3	0.84360083867096	-0.00615141405626171	0.99832044829263	-0.00615141405626171
ATXN7L3	0.843820930023301	0.0146734564584784	0.99832044829263	0.0146734564584784
ZDHHC8	0.843968730155821	-0.00863481723301824	0.99832044829263	-0.00863481723301824
CATSPERG	0.844076323292738	0.00906123999766139	0.99832044829263	0.00906123999766139
PATL1	0.844105514829665	0.010488530523511	0.99832044829263	0.010488530523511
ELN	0.844209867140649	-0.0109325743285664	0.99832044829263	-0.0109325743285664
DSTN	0.844220567968391	0.0122402691592363	0.99832044829263	0.0122402691592363
CCZ1	0.844257428286796	-0.00795336833613476	0.99832044829263	-0.00795336833613476
KMT2A	0.844441859503663	0.00457856808345734	0.99832044829263	0.00457856808345734
HNRNPL	0.844578974916346	0.00522575094173763	0.99832044829263	0.00522575094173763
ARMH4	0.844815286678352	0.00634738786158741	0.99832044829263	0.00634738786158741
XKR9	0.845086922342614	0.018043359961006	0.99832044829263	0.018043359961006
KPNA6	0.845112755992917	-0.00457792288059046	0.99832044829263	-0.00457792288059046
ABCA9	0.84513850322946	0.0164578293987796	0.99832044829263	0.0164578293987796
CEP76	0.845249247038555	0.0142404863979621	0.99832044829263	0.0142404863979621
GPM6A	0.845315974754033	-0.0185912313871297	0.99832044829263	-0.0185912313871297
INPP4A	0.845441548931587	-0.0154151630315604	0.99832044829263	-0.0154151630315604
MMUT	0.845545876756663	0.00970213266325534	0.99832044829263	0.00970213266325534
RPL17	0.845617350331862	0.0123707633732076	0.99832044829263	0.0123707633732076
TMEM25	0.845665708873163	-0.0205215296058253	0.99832044829263	-0.0205215296058253
EEF1B2	0.845666491203839	-0.0170926730923853	0.99832044829263	-0.0170926730923853
MAN2C1	0.845711897483954	-0.00765766035974438	0.99832044829263	-0.00765766035974438
MALT1	0.845874554049205	-0.0115629333199594	0.99832044829263	-0.0115629333199594
UNC5C	0.845922819360755	-0.00333957741045438	0.99832044829263	-0.00333957741045438
ACOT7	0.845924201948191	-0.0117270405060198	0.99832044829263	-0.0117270405060198
FARP1	0.845936483048237	0.0211935925387469	0.99832044829263	0.0211935925387469
TTN-AS1	0.846017039568171	-0.00898368892856457	0.99832044829263	-0.00898368892856457
SELENOH	0.846227989236697	-0.0136134559203143	0.99832044829263	-0.0136134559203143
C2CD2L	0.846270840589266	-0.0161509231471072	0.99832044829263	-0.0161509231471072
IMPAD1	0.846406847870496	0.00811021693580542	0.99832044829263	0.00811021693580542
ZNF746	0.846449669727753	0.0151132752840932	0.99832044829263	0.0151132752840932
COIL	0.846608475959059	0.0109338092229458	0.99832044829263	0.0109338092229458
APP	0.846682972626755	-0.00301407491793829	0.99832044829263	-0.00301407491793829
UBXN1	0.846694234720732	-0.0130064924681339	0.99832044829263	-0.0130064924681339
ZNF354C	0.846854154048037	0.0110832173901878	0.99832044829263	0.0110832173901878
MBD5	0.846902668961715	0.00336987322433145	0.99832044829263	0.00336987322433145
TBC1D2	0.846961922305032	-0.00710883697192458	0.99832044829263	-0.00710883697192458
POLR3A	0.847043815132306	0.00751833624844578	0.99832044829263	0.00751833624844578
RAD21	0.847058704775032	-0.00760573698425194	0.99832044829263	-0.00760573698425194
TMED5	0.847596531556847	0.0103557166052165	0.99832044829263	0.0103557166052165
FGF22	0.847659417243853	-0.0131694062123459	0.99832044829263	-0.0131694062123459
ADGRL1	0.847965479403042	-0.00690281510741721	0.99832044829263	-0.00690281510741721
TMEM87A	0.848035263161514	-0.00423293620954053	0.99832044829263	-0.00423293620954053
RPS6KA4	0.848096534807016	-0.0123168152072663	0.99832044829263	-0.0123168152072663
ANKRD50	0.84810654261489	-0.0125893101447505	0.99832044829263	-0.0125893101447505
BAP1	0.848197721183048	0.0126841675774137	0.99832044829263	0.0126841675774137
LRCH2	0.848255707536224	-0.00892628387632172	0.99832044829263	-0.00892628387632172
GALNT6	0.848345404249905	-0.0076202988126348	0.99832044829263	-0.0076202988126348
TBC1D19	0.848367743591757	-0.00771487746627926	0.99832044829263	-0.00771487746627926
CFAP20	0.848696068071468	0.00940505257242227	0.99832044829263	0.00940505257242227
MAP3K4	0.848787173091147	0.00506614431646234	0.99832044829263	0.00506614431646234
RABGGTB	0.848834110838709	0.0147310117552796	0.99832044829263	0.0147310117552796
FCHO2	0.848922410154978	0.00607688380144447	0.99832044829263	0.00607688380144447
PPIH	0.84917855844286	-0.0113382010582154	0.99832044829263	-0.0113382010582154
RPL29	0.84961771438208	-0.0115544631075516	0.99832044829263	-0.0115544631075516
FBXL13	0.849620900730674	-0.00988805843897418	0.99832044829263	-0.00988805843897418
LMNB2	0.849681299489032	-0.0132610677465616	0.99832044829263	-0.0132610677465616
MAP4K3	0.849710586625718	0.00472867601573324	0.99832044829263	0.00472867601573324
SIPA1L2	0.849756397302517	-0.0119846593833678	0.99832044829263	-0.0119846593833678
VPS35	0.84977193689362	-0.0102713041676671	0.99832044829263	-0.0102713041676671
LRRC63	0.849799891169515	0.00671502480305928	0.99832044829263	0.00671502480305928
SLC1A2	0.849833230711242	0.0228747337925235	0.99832044829263	0.0228747337925235
PLEKHJ1	0.849921456614016	0.0157031402494944	0.99832044829263	0.0157031402494944
ZNF207	0.849953682795694	0.00428387923466229	0.99832044829263	0.00428387923466229
EGLN2	0.850126707107996	0.00938171168270083	0.99832044829263	0.00938171168270083
NPTXR	0.850225833981514	0.0116492392819324	0.99832044829263	0.0116492392819324
ZNF28	0.850430112022887	0.0151070598020658	0.99832044829263	0.0151070598020658
TMEM131L	0.850473540005262	-0.00646330127912186	0.99832044829263	-0.00646330127912186
SCGB2B2	0.850499497359932	-0.00614322603610909	0.99832044829263	-0.00614322603610909
RNF41	0.850677215508632	0.00850316772969039	0.99832044829263	0.00850316772969039
GGT7	0.850801390105111	0.00717577526915554	0.99832044829263	0.00717577526915554
ARRDC3	0.850920045317638	-0.00869152804202236	0.99832044829263	-0.00869152804202236
WDR83OS	0.851130497621197	0.0131837513507952	0.99832044829263	0.0131837513507952
KPNA3	0.851154780713191	0.00568729113107578	0.99832044829263	0.00568729113107578
ISCU	0.851313561588698	0.0144524379957347	0.99832044829263	0.0144524379957347
SPSB1	0.851320166506758	-0.00648337165216849	0.99832044829263	-0.00648337165216849
PAXIP1	0.851506487319911	0.00746930567782524	0.99832044829263	0.00746930567782524
HDAC7	0.851527927387526	0.00783020434711495	0.99832044829263	0.00783020434711495
SCAP	0.851735197163561	-0.00705970036894714	0.99832044829263	-0.00705970036894714
MFSD12	0.851754143338643	0.00618079342580416	0.99832044829263	0.00618079342580416
PSMC5	0.851828744221043	-0.0128529383289686	0.99832044829263	-0.0128529383289686
KCNMA1	0.85202928671281	-0.016792342048414	0.99832044829263	-0.016792342048414
ABCA8	0.852051325620104	-0.00431074737254896	0.99832044829263	-0.00431074737254896
HOMER3	0.852073298408178	0.0114257250374803	0.99832044829263	0.0114257250374803
YY1AP1	0.852110076679519	0.00514457401823376	0.99832044829263	0.00514457401823376
PTPN18	0.852231006968706	0.0149919987284814	0.99832044829263	0.0149919987284814
GALNT18	0.852301757802655	0.0144942214764175	0.99832044829263	0.0144942214764175
MICAL1	0.852357378749559	0.0184653956124727	0.99832044829263	0.0184653956124727
ALG12	0.852448902828943	-0.0136878188500169	0.99832044829263	-0.0136878188500169
TMEM167A	0.852567110245498	-0.00898478312754021	0.99832044829263	-0.00898478312754021
ZNF69	0.852597806652917	0.012212799031203	0.99832044829263	0.012212799031203
DOCK11	0.852676627739263	-0.0089593906338414	0.99832044829263	-0.0089593906338414
PPP2R5E	0.85273494460325	0.00434725742041879	0.99832044829263	0.00434725742041879
RPS8	0.852881372269063	0.0108597950680413	0.99832044829263	0.0108597950680413
AC092910.3	0.853060616376666	-0.00963864792773865	0.99832044829263	-0.00963864792773865
AC020915.2	0.853115096380427	-0.0140826859481437	0.99832044829263	-0.0140826859481437
PLEKHH1	0.85311813744841	0.0041383044417769	0.99832044829263	0.0041383044417769
ZNF770	0.853161941260973	-0.0117800034891486	0.99832044829263	-0.0117800034891486
CHD9	0.853167031423664	0.00353625085677622	0.99832044829263	0.00353625085677622
TMEM235	0.853183311307512	-0.00586763809410738	0.99832044829263	-0.00586763809410738
ZSWIM8	0.853238676498393	-0.00776566889216915	0.99832044829263	-0.00776566889216915
IKZF2	0.853311613332959	0.00544482684568115	0.99832044829263	0.00544482684568115
TMEM129	0.853458392014917	-0.00956396529843549	0.99832044829263	-0.00956396529843549
AC009318.1	0.85347592983296	-0.0142564831869276	0.99832044829263	-0.0142564831869276
MAEA	0.853765200670049	-0.00753269293601556	0.99832044829263	-0.00753269293601556
DSCAM	0.853792426744377	0.0178701314818061	0.99832044829263	0.0178701314818061
NAA38	0.853974619221145	-0.0209286097549971	0.99832044829263	-0.0209286097549971
MAK	0.854123382065421	0.0182877797949157	0.99832044829263	0.0182877797949157
CTSB	0.854219108438611	0.0171588594784041	0.99832044829263	0.0171588594784041
TTC7B	0.854336593252116	-0.00528767972119174	0.99832044829263	-0.00528767972119174
USF2	0.854387491138585	-0.00667499012178659	0.99832044829263	-0.00667499012178659
TJP1	0.854464807499805	-0.00258789420191694	0.99832044829263	-0.00258789420191694
THY1	0.854640638227192	-0.019178135866242	0.99832044829263	-0.019178135866242
PSMC1	0.854869343777474	-0.00987403912986372	0.99832044829263	-0.00987403912986372
CREBBP	0.854872232499837	0.00406079290371197	0.99832044829263	0.00406079290371197
UGT8	0.854907168849466	0.00364066609274501	0.99832044829263	0.00364066609274501
COPG1	0.854935792391697	-0.0100750088426795	0.99832044829263	-0.0100750088426795
RANGAP1	0.854992543393589	0.00604845937439855	0.99832044829263	0.00604845937439855
CNKSR3	0.855061996724331	0.00485763622832214	0.99832044829263	0.00485763622832214
RGCC	0.855113160441645	0.00714241451034619	0.99832044829263	0.00714241451034619
IDI2-AS1	0.85511529293958	0.0103826381829026	0.99832044829263	0.0103826381829026
RAB7A	0.855116828226384	0.00461519130337063	0.99832044829263	0.00461519130337063
SHTN1	0.855124448333358	-0.0030166072854685	0.99832044829263	-0.0030166072854685
YJEFN3	0.855158602616694	-0.0163585238502735	0.99832044829263	-0.0163585238502735
VHL	0.855166173604428	-0.00928775043711165	0.99832044829263	-0.00928775043711165
ZNF394	0.855276263541102	-0.00894355829378468	0.99832044829263	-0.00894355829378468
PI4KA	0.855322846282148	0.00543954036258726	0.99832044829263	0.00543954036258726
FAM13B	0.855442151603153	0.00368062315117272	0.99832044829263	0.00368062315117272
FAM221A	0.855488152456873	0.0096246602974252	0.99832044829263	0.0096246602974252
CAST	0.855495440709681	-0.0057826773657938	0.99832044829263	-0.0057826773657938
C1orf43	0.855526409545216	0.00652307536794491	0.99832044829263	0.00652307536794491
CCAR2	0.8555356961064	-0.0129339064408435	0.99832044829263	-0.0129339064408435
LNPK	0.85555510382572	0.00720809164789048	0.99832044829263	0.00720809164789048
BASP1-AS1	0.855928682366119	-0.0216562069496842	0.99832044829263	-0.0216562069496842
YJU2	0.856043523277964	-0.0110985407255313	0.99832044829263	-0.0110985407255313
SETMAR	0.856088084497661	0.0118677161150096	0.99832044829263	0.0118677161150096
STX17	0.856104854048772	-0.00763175980438325	0.99832044829263	-0.00763175980438325
PRPF31	0.856131835273301	-0.00886511504574852	0.99832044829263	-0.00886511504574852
POP4	0.856176158347186	0.0157501063190542	0.99832044829263	0.0157501063190542
KLKB1	0.856209953450501	-0.0133221565708784	0.99832044829263	-0.0133221565708784
STXBP6	0.856508024379585	0.00442964671822806	0.99832044829263	0.00442964671822806
KIAA0930	0.856669209556784	-0.0044372642482968	0.99832044829263	-0.0044372642482968
SLC12A5	0.856741220911917	0.0237583317514259	0.99832044829263	0.0237583317514259
PRKCA	0.856799983589175	0.00585989869905059	0.99832044829263	0.00585989869905059
RPP38	0.856870583804846	0.00822992668424305	0.99832044829263	0.00822992668424305
PARL	0.857233904444382	-0.00599714897002321	0.99832044829263	-0.00599714897002321
PHLPP1	0.857245594340953	-0.00249561308020762	0.99832044829263	-0.00249561308020762
PIAS2	0.85727388361089	0.00545810524620382	0.99832044829263	0.00545810524620382
ADSL	0.857334167749995	-0.0081264305897712	0.99832044829263	-0.0081264305897712
DYNC2LI1	0.857371702140982	0.00907631395958303	0.99832044829263	0.00907631395958303
RAB5C	0.857508825292239	0.00781237993690887	0.99832044829263	0.00781237993690887
RACK1	0.857543371087279	0.0097601701718744	0.99832044829263	0.0097601701718744
TLE4	0.857604583686145	-0.00492071508765873	0.99832044829263	-0.00492071508765873
NOL8	0.857653156955464	0.00799416516546089	0.99832044829263	0.00799416516546089
SPP1	0.857721689494833	0.00640369458556131	0.99832044829263	0.00640369458556131
PDE10A	0.857779255820226	-0.0125092630415203	0.99832044829263	-0.0125092630415203
ZNF704	0.857800298644028	0.00352001739131196	0.99832044829263	0.00352001739131196
CCT5	0.857822441747939	-0.0108422574068123	0.99832044829263	-0.0108422574068123
AC005225.2	0.857839273957849	-0.0165669569789079	0.99832044829263	-0.0165669569789079
TAPBP	0.858059507733508	0.0120966735108146	0.99832044829263	0.0120966735108146
TMPRSS5	0.858091707068087	-0.0125576913955286	0.99832044829263	-0.0125576913955286
NLN	0.85815405488619	0.00809966819957366	0.99832044829263	0.00809966819957366
RSPRY1	0.858233807997229	-0.00631190741889515	0.99832044829263	-0.00631190741889515
MRPL51	0.858359006802772	0.0162666287846634	0.99832044829263	0.0162666287846634
JPH4	0.858397152815401	-0.0202663231169821	0.99832044829263	-0.0202663231169821
GAS5	0.858438772174094	-0.0121282401409408	0.99832044829263	-0.0121282401409408
ZNF709	0.858491414535687	0.0107434989185048	0.99832044829263	0.0107434989185048
PPME1	0.858544587120334	0.00698125501676193	0.99832044829263	0.00698125501676193
SFXN1	0.858619048190443	-0.00539431224482968	0.99832044829263	-0.00539431224482968
DNAJC3-DT	0.858624445246989	-0.0117412678566323	0.99832044829263	-0.0117412678566323
SELENOT	0.858654994845291	0.0080957705823283	0.99832044829263	0.0080957705823283
TRHDE	0.858727986638962	0.017540947999624	0.99832044829263	0.017540947999624
NDUFB2	0.858734890610701	0.0129571625934811	0.99832044829263	0.0129571625934811
SLC25A36	0.85874297725693	-0.0066486181881473	0.99832044829263	-0.0066486181881473
TCHP	0.85879713100556	0.00695012558273059	0.99832044829263	0.00695012558273059
PSMB7	0.858853520526911	-0.00756151974760617	0.99832044829263	-0.00756151974760617
TAF4	0.858860755143564	-0.00713354679516842	0.99832044829263	-0.00713354679516842
PEX3	0.858933604624342	0.00663227955872812	0.99832044829263	0.00663227955872812
DNAJC12	0.858937003644105	-0.0139767749379836	0.99832044829263	-0.0139767749379836
SNAP29	0.859162419175376	-0.00799063878833061	0.99832044829263	-0.00799063878833061
LRRFIP2	0.859166904216467	-0.00389694792080973	0.99832044829263	-0.00389694792080973
POLDIP2	0.859186436936136	-0.0114472875320527	0.99832044829263	-0.0114472875320527
PDCD7	0.859285932010955	0.00695401093899115	0.99832044829263	0.00695401093899115
IDH3G	0.85929154717744	-0.0148554644881699	0.99832044829263	-0.0148554644881699
IFT57	0.859397972216971	-0.0124968980491463	0.99832044829263	-0.0124968980491463
BTBD16	0.85946748357914	-0.0131111043919612	0.99832044829263	-0.0131111043919612
PHF21B	0.859731986580091	0.00999521371429389	0.99832044829263	0.00999521371429389
BUB3	0.85981293633373	0.00809196354288819	0.99832044829263	0.00809196354288819
TMEM120A	0.86004226637647	0.00930741773528475	0.99832044829263	0.00930741773528475
FAM120AOS	0.860044084626711	-0.00674685934329713	0.99832044829263	-0.00674685934329713
NCBP2AS2	0.860138663645707	-0.0193985768101907	0.99832044829263	-0.0193985768101907
HIGD1A	0.860218256567546	-0.0154116785613264	0.99832044829263	-0.0154116785613264
ITGAE	0.860237343506625	-0.00883036011933382	0.99832044829263	-0.00883036011933382
ATP11A	0.860341962598655	-0.00432478970721654	0.99832044829263	-0.00432478970721654
TXLNA	0.860410822690968	0.00838453640696277	0.99832044829263	0.00838453640696277
MRPL50	0.860521304873994	-0.0181937867205117	0.99832044829263	-0.0181937867205117
ZNF280D	0.860538153980882	0.00402144223476896	0.99832044829263	0.00402144223476896
ZNF500	0.86064400435532	-0.0092816022180152	0.99832044829263	-0.0092816022180152
SOX2-OT	0.860715822788246	0.00281932024475094	0.99832044829263	0.00281932024475094
BBX	0.860727871939457	-0.00289449286016252	0.99832044829263	-0.00289449286016252
BAZ2B	0.86079174039855	0.00418315096823557	0.99832044829263	0.00418315096823557
AC092164.1	0.86086467211112	-0.0112054461237341	0.99832044829263	-0.0112054461237341
UBXN4	0.860873257594349	0.00424197415546737	0.99832044829263	0.00424197415546737
MLF1	0.860937333837042	-0.0126385329801337	0.99832044829263	-0.0126385329801337
PGBD1	0.861131676471134	0.00908444053452113	0.99832044829263	0.00908444053452113
SELENOS	0.861172216145751	-0.0113145838397103	0.99832044829263	-0.0113145838397103
AHDC1	0.861209593436348	0.0122582848666201	0.99832044829263	0.0122582848666201
NUS1	0.861226207737367	0.00716440276982073	0.99832044829263	0.00716440276982073
MRPS15	0.861331379466686	-0.012813631733022	0.99832044829263	-0.012813631733022
HAUS2	0.861370810616001	-0.00953787451029619	0.99832044829263	-0.00953787451029619
ZMAT3	0.861528654042751	-0.0114353887376605	0.99832044829263	-0.0114353887376605
AL162231.2	0.861576915202795	-0.0148611048883347	0.99832044829263	-0.0148611048883347
RELA-DT	0.861726318182894	0.0128239773115138	0.99832044829263	0.0128239773115138
COL4A5	0.861805218900074	0.00391891977923552	0.99832044829263	0.00391891977923552
CZIB	0.862076010655857	0.00790114433951305	0.99832044829263	0.00790114433951305
RBBP4	0.862263444353061	-0.00485609061265813	0.99832044829263	-0.00485609061265813
LSM5	0.862264413894988	-0.0114090495543762	0.99832044829263	-0.0114090495543762
CALM1	0.862403336959237	0.00672210656531944	0.99832044829263	0.00672210656531944
UTP6	0.862721184249019	0.00764250321975477	0.99832044829263	0.00764250321975477
GPR137	0.862801924855178	0.00876572576999163	0.99832044829263	0.00876572576999163
DCUN1D5	0.862870614925117	0.0101578317014167	0.99832044829263	0.0101578317014167
TMED10	0.862875014878758	0.00520891040820951	0.99832044829263	0.00520891040820951
GINM1	0.862935191472329	0.00521586119557574	0.99832044829263	0.00521586119557574
ETHE1	0.862992036417071	-0.0114379634901393	0.99832044829263	-0.0114379634901393
MKS1	0.863048662124711	-0.0101112672972236	0.99832044829263	-0.0101112672972236
CAPN10	0.863091048522757	0.0139521456784559	0.99832044829263	0.0139521456784559
SUMF1	0.863255860843684	0.00466613314038736	0.99832044829263	0.00466613314038736
COX11	0.863262070470387	-0.0100498050813929	0.99832044829263	-0.0100498050813929
API5	0.863277989001014	0.0061516378312368	0.99832044829263	0.0061516378312368
NIN	0.863504150547079	-0.00573185024088724	0.99832044829263	-0.00573185024088724
CORO2B	0.863520949353975	0.00477714964441691	0.99832044829263	0.00477714964441691
OSTF1	0.8637625983542	-0.00670549704713402	0.99832044829263	-0.00670549704713402
SLC4A7	0.863809497022013	0.0112321878414726	0.99832044829263	0.0112321878414726
UBTD1	0.863888754447506	0.00827446006439766	0.99832044829263	0.00827446006439766
FAM53A	0.863911130413577	-0.0118720927275706	0.99832044829263	-0.0118720927275706
OGFOD1	0.863948120121562	-0.0106099701530848	0.99832044829263	-0.0106099701530848
CADPS	0.864214056090162	0.0171881993939586	0.99832044829263	0.0171881993939586
TLE1	0.864331117252921	-0.013246478823851	0.99832044829263	-0.013246478823851
YTHDF3	0.864397728589023	0.00628330511241407	0.99832044829263	0.00628330511241407
RBFA	0.86451598772353	-0.0111486093134632	0.99832044829263	-0.0111486093134632
ZMIZ2	0.864527132548008	0.00685600837085862	0.99832044829263	0.00685600837085862
AC104806.2	0.864657457632577	-0.0115852972219029	0.99832044829263	-0.0115852972219029
SLC37A3	0.864824534959127	0.00646219143219018	0.99832044829263	0.00646219143219018
DUBR	0.8649491560042	-0.00388219791322536	0.99832044829263	-0.00388219791322536
THOC5	0.865078564244654	0.0103302097805797	0.99832044829263	0.0103302097805797
HSD17B1	0.865104443223979	0.0109260245406028	0.99832044829263	0.0109260245406028
N4BP2L2-IT2	0.865171362172234	0.0123279419021224	0.99832044829263	0.0123279419021224
PI4KB	0.865289366922598	0.00487074953707701	0.99832044829263	0.00487074953707701
CIAO2B	0.865309968573864	-0.0094412308618829	0.99832044829263	-0.0094412308618829
GPSM1	0.86540142807396	0.00916331322903483	0.99832044829263	0.00916331322903483
GMDS-DT	0.865411581806008	-0.00548140928153885	0.99832044829263	-0.00548140928153885
CYB561A3	0.865546748962474	-0.012226919111911	0.99832044829263	-0.012226919111911
CDH18	0.86561833900536	-0.0182465762581343	0.99832044829263	-0.0182465762581343
BCL2L2	0.865622170027888	-0.010449310212176	0.99832044829263	-0.010449310212176
ACAT2	0.865766707217793	-0.0110115020159371	0.99832044829263	-0.0110115020159371
MTR	0.865845856207034	-0.00515712402992744	0.99832044829263	-0.00515712402992744
GBE1	0.865893414970287	-0.00701989561756546	0.99832044829263	-0.00701989561756546
B4GAT1	0.865938153839676	-0.0151503220584765	0.99832044829263	-0.0151503220584765
GRIA3	0.865964864491497	0.0128655826533465	0.99832044829263	0.0128655826533465
SBF2	0.866033126219312	-0.00362326063390722	0.99832044829263	-0.00362326063390722
GLMP	0.866134384744359	0.0125771297252633	0.99832044829263	0.0125771297252633
FAM13A-AS1	0.866171383013931	0.00664191077493409	0.99832044829263	0.00664191077493409
TGDS	0.866209712934795	0.0109711327006188	0.99832044829263	0.0109711327006188
UBE2R2	0.866238967908908	0.00373965889110742	0.99832044829263	0.00373965889110742
ARHGAP17	0.866338984887221	-0.00467341302129407	0.99832044829263	-0.00467341302129407
NDRG2	0.866388970326706	-0.00532977119066097	0.99832044829263	-0.00532977119066097
WDFY1	0.866816219084552	-0.00505714291839106	0.99832044829263	-0.00505714291839106
NFKB1	0.866857175157174	0.00385734718299679	0.99832044829263	0.00385734718299679
CWC25	0.866937419171975	0.0086467456355834	0.99832044829263	0.0086467456355834
TRRAP	0.86703840172298	0.00413170866220502	0.99832044829263	0.00413170866220502
PPP4C	0.867051790669341	0.00787961023254127	0.99832044829263	0.00787961023254127
C1orf198	0.867073954758782	0.00574730730767102	0.99832044829263	0.00574730730767102
ANKUB1	0.867269226115629	0.0152671853850221	0.99832044829263	0.0152671853850221
TRAF3IP1	0.867273286340521	0.00833543450973392	0.99832044829263	0.00833543450973392
AC008771.1	0.867310935091172	-0.0118003656841362	0.99832044829263	-0.0118003656841362
PSMC2	0.867312572123433	0.0090847102662265	0.99832044829263	0.0090847102662265
RINT1	0.867380739189342	0.0114137592723697	0.99832044829263	0.0114137592723697
TOMM7	0.867412811128681	0.0131361570704916	0.99832044829263	0.0131361570704916
LIMK2	0.867498537594627	-0.0138338938338545	0.99832044829263	-0.0138338938338545
CBLN2	0.867506203764742	-0.0225562248289463	0.99832044829263	-0.0225562248289463
ZC3H10	0.86796864715296	0.0122274746398242	0.99832044829263	0.0122274746398242
MAP2K7	0.868011938338296	0.00507671827508153	0.99832044829263	0.00507671827508153
VWA1	0.868032574097074	0.00802675636244038	0.99832044829263	0.00802675636244038
FAM104A	0.868098005997927	0.0128107342606018	0.99832044829263	0.0128107342606018
CXorf38	0.868176024531551	-0.00911570669096447	0.99832044829263	-0.00911570669096447
APMAP	0.868214588310897	0.0111420138438413	0.99832044829263	0.0111420138438413
ZNF649	0.868315551116431	0.0118902616011938	0.99832044829263	0.0118902616011938
CSNK1G3	0.868458447477675	-0.00748163492028963	0.99832044829263	-0.00748163492028963
RPS12	0.868505020878494	-0.0110506443985903	0.99832044829263	-0.0110506443985903
MGME1	0.868511484935838	-0.0116816371841816	0.99832044829263	-0.0116816371841816
RAD18	0.868616648069018	0.00740583080408364	0.99832044829263	0.00740583080408364
PBX3	0.868878899550741	-0.00481999087265626	0.99832044829263	-0.00481999087265626
VAMP1	0.868977934590256	0.00938822418498773	0.99832044829263	0.00938822418498773
POP5	0.868983991317743	0.014059802629533	0.99832044829263	0.014059802629533
AGTPBP1	0.86902881787076	0.00299418534329657	0.99832044829263	0.00299418534329657
LINC01411	0.869068595373296	0.00600323457818424	0.99832044829263	0.00600323457818424
PPP1R14B	0.86908940745916	-0.0130149876823152	0.99832044829263	-0.0130149876823152
MAP1S	0.86909063550837	-0.0131273227218455	0.99832044829263	-0.0131273227218455
ATP6V1H	0.869168727442039	0.00760946329198693	0.99832044829263	0.00760946329198693
STN1	0.869232702709166	-0.00930982091063435	0.99832044829263	-0.00930982091063435
PTPRE	0.869271130426941	0.00593072202389379	0.99832044829263	0.00593072202389379
LAMP2	0.869536237383104	-0.00417517905314545	0.99832044829263	-0.00417517905314545
EMC4	0.869597148350387	0.0135373672865562	0.99832044829263	0.0135373672865562
PURG	0.869661101274603	0.00860335160325693	0.99832044829263	0.00860335160325693
KLHL22	0.869793113290503	-0.00466197328044359	0.99832044829263	-0.00466197328044359
NDUFC1	0.870103214580953	-0.0126547520195592	0.99832044829263	-0.0126547520195592
NAP1L3	0.870394437822679	-0.021175785300993	0.99832044829263	-0.021175785300993
AC067852.3	0.870477546110563	0.0143653544441233	0.99832044829263	0.0143653544441233
DDT	0.870506439259837	0.0161666290261769	0.99832044829263	0.0161666290261769
MYOT	0.87083127444842	-0.0115669854958574	0.99832044829263	-0.0115669854958574
HACD3	0.870901293427987	-0.00562238611496258	0.99832044829263	-0.00562238611496258
IGSF8	0.870929664483206	0.0064509242859141	0.99832044829263	0.0064509242859141
MRPL19	0.870981897113109	-0.00677798473930631	0.99832044829263	-0.00677798473930631
ATP8A2	0.871009271523997	0.0110957303597542	0.99832044829263	0.0110957303597542
AL592183.1	0.87103977214392	-0.00676475330971169	0.99832044829263	-0.00676475330971169
HHIP-AS1	0.871122001672131	-0.0119788100388101	0.99832044829263	-0.0119788100388101
AC007364.1	0.871233215852684	-0.00687886944758191	0.99832044829263	-0.00687886944758191
ARL6IP4	0.871234842227005	0.00725018151805308	0.99832044829263	0.00725018151805308
TGFA	0.871323030690838	-0.00616702140684172	0.99832044829263	-0.00616702140684172
MTMR10	0.871483893130852	0.00384173760608057	0.99832044829263	0.00384173760608057
SLITRK5	0.871543172283014	-0.0186132412075118	0.99832044829263	-0.0186132412075118
BVES-AS1	0.87173877431034	-0.0104658628831832	0.99832044829263	-0.0104658628831832
TIMM17B	0.871803377795738	0.0167809826984806	0.99832044829263	0.0167809826984806
ILK	0.871808072537973	-0.00797143637416978	0.99832044829263	-0.00797143637416978
CERS1	0.87188629569461	-0.00933311347013911	0.99832044829263	-0.00933311347013911
ARMH1	0.871904421572981	0.0121810041324762	0.99832044829263	0.0121810041324762
CEP112	0.871912386803479	-0.0171153545425364	0.99832044829263	-0.0171153545425364
KANSL3	0.872323536977458	-0.00640767795432039	0.99832044829263	-0.00640767795432039
AMN1	0.872431190103919	-0.00461154270530088	0.99832044829263	-0.00461154270530088
MBIP	0.872433646299423	0.0100617639640667	0.99832044829263	0.0100617639640667
TMPO	0.872529246197199	0.00716276603226999	0.99832044829263	0.00716276603226999
TTLL9	0.87257125402809	-0.00780355034755222	0.99832044829263	-0.00780355034755222
CHD8	0.872719994243179	0.00551865962767084	0.99832044829263	0.00551865962767084
VEZF1	0.872814556645722	0.00524838567099444	0.99832044829263	0.00524838567099444
CDK16	0.872828635213131	-0.0102260342419381	0.99832044829263	-0.0102260342419381
CREM	0.872900365954425	-0.00610262529630794	0.99832044829263	-0.00610262529630794
DIXDC1	0.872910693283755	0.00409376388368879	0.99832044829263	0.00409376388368879
ANKRD26	0.872945763983671	0.00590867805509536	0.99832044829263	0.00590867805509536
RPF2	0.873016840028267	0.00761908296059824	0.99832044829263	0.00761908296059824
EEF2	0.873274849354658	0.00802910710602845	0.99832044829263	0.00802910710602845
RABEPK	0.873384715744324	-0.0065211945958394	0.99832044829263	-0.0065211945958394
DRAIC	0.873639527018135	0.0121818270390731	0.99832044829263	0.0121818270390731
EDC3	0.873879135705883	0.00793725099112676	0.99832044829263	0.00793725099112676
NDUFA8	0.873880651393657	-0.0176347450990253	0.99832044829263	-0.0176347450990253
KHDC4	0.874127450231788	-0.00667987265317035	0.99832044829263	-0.00667987265317035
AC104123.1	0.874205023417914	-0.00584199091174059	0.99832044829263	-0.00584199091174059
GOPC	0.874252230530276	0.00574401707593322	0.99832044829263	0.00574401707593322
SUZ12	0.874266659278528	0.00500650168077011	0.99832044829263	0.00500650168077011
PCBP1-AS1	0.87429804900171	0.00429947398029119	0.99832044829263	0.00429947398029119
TULP4	0.874404471864565	-0.00330469072805687	0.99832044829263	-0.00330469072805687
SMIM8	0.87440508019643	0.00868087043153911	0.99832044829263	0.00868087043153911
SPPL3	0.874476355664785	0.00286764784743719	0.99832044829263	0.00286764784743719
ANAPC4	0.874563420276804	0.00603625375787427	0.99832044829263	0.00603625375787427
ATP2B4	0.874707699841909	-0.00610318990980992	0.99832044829263	-0.00610318990980992
STAMBP	0.874792625608451	0.00494538904491616	0.99832044829263	0.00494538904491616
LGALS8	0.874875422645884	0.0126033682923286	0.99832044829263	0.0126033682923286
HNRNPH2	0.874903761786822	-0.01194181964973	0.99832044829263	-0.01194181964973
PACSIN3	0.874938899206624	0.0129334929376001	0.99832044829263	0.0129334929376001
FAT1	0.874958615555165	0.0135110004673862	0.99832044829263	0.0135110004673862
ARFGEF1	0.875090078867966	-0.00386167598685715	0.99832044829263	-0.00386167598685715
GUSB	0.875235213692524	-0.00651843897596099	0.99832044829263	-0.00651843897596099
ECH1	0.875325153463148	-0.00985822167421329	0.99832044829263	-0.00985822167421329
AC107223.1	0.87555375152292	-0.0117870238591432	0.99832044829263	-0.0117870238591432
CNTN2	0.875709248082605	-0.00267020735384617	0.99832044829263	-0.00267020735384617
GTPBP4	0.875835542485078	-0.00770177528670882	0.99832044829263	-0.00770177528670882
ODF2	0.876121620331471	0.00677012845660226	0.99832044829263	0.00677012845660226
GABARAPL1	0.876309189802302	0.0091445293073783	0.99832044829263	0.0091445293073783
NOL4L	0.876423040543838	0.00493119824688818	0.99832044829263	0.00493119824688818
RARS2	0.876529620723134	-0.00491982664347652	0.99832044829263	-0.00491982664347652
PTK2B	0.876650424551617	-0.0152521744452286	0.99832044829263	-0.0152521744452286
LINC01138	0.876694573791888	0.00734831248592091	0.99832044829263	0.00734831248592091
STK38	0.876801220639909	-0.00549443158446636	0.99832044829263	-0.00549443158446636
LINC02256	0.876922808426262	-0.0105799659297268	0.99832044829263	-0.0105799659297268
DDX52	0.876937852529674	-0.00637408229885252	0.99832044829263	-0.00637408229885252
ZBTB47	0.876943694658644	0.00750182126181236	0.99832044829263	0.00750182126181236
DCAF12	0.876976703619344	0.00866723169179049	0.99832044829263	0.00866723169179049
APBA2	0.876986560407059	0.0047450209518632	0.99832044829263	0.0047450209518632
MYO19	0.877317321124867	0.00610759979025411	0.99832044829263	0.00610759979025411
PKP4	0.877614588883242	-0.00294710399119538	0.99832044829263	-0.00294710399119538
EIF4A3	0.877634619529619	-0.0151423894859495	0.99832044829263	-0.0151423894859495
PAGR1	0.877647095348767	0.00947088253927471	0.99832044829263	0.00947088253927471
COMMD9	0.877694598241005	-0.0128371502412329	0.99832044829263	-0.0128371502412329
PCDH7	0.877779429613166	-0.0147704392807907	0.99832044829263	-0.0147704392807907
GRIA4	0.877832204286842	-0.00848277760841945	0.99832044829263	-0.00848277760841945
NSUN2	0.877919091275725	0.00724570587245825	0.99832044829263	0.00724570587245825
LSM6	0.877952267126461	0.00963481300865372	0.99832044829263	0.00963481300865372
AC116362.1	0.878021096326895	-0.00680530390159476	0.99832044829263	-0.00680530390159476
GIGYF2	0.878106226954731	-0.00367767516332015	0.99832044829263	-0.00367767516332015
SEPTIN11	0.878264536584846	0.0174194154159819	0.99832044829263	0.0174194154159819
AC018647.1	0.878309986116482	0.00776939309300909	0.99832044829263	0.00776939309300909
ZBTB26	0.878379688731942	0.00842530903682704	0.99832044829263	0.00842530903682704
TEX9	0.878400689549697	0.00945704214690261	0.99832044829263	0.00945704214690261
TMEM44-AS1	0.878487423838321	0.00964845035867232	0.99832044829263	0.00964845035867232
RO60	0.878620885710034	-0.0059351966472406	0.99832044829263	-0.0059351966472406
FBRS	0.8788207124205	-0.00792965860524217	0.99832044829263	-0.00792965860524217
AC006299.1	0.878880126933141	-0.00975224724186871	0.99832044829263	-0.00975224724186871
MED24	0.878924150795372	0.00669048378570411	0.99832044829263	0.00669048378570411
USP7	0.879093657540096	-0.00527385661981963	0.99832044829263	-0.00527385661981963
DAPK2	0.879210706462024	0.005495866268055	0.99832044829263	0.005495866268055
PILRA	0.879230119030624	-0.00786657027517207	0.99832044829263	-0.00786657027517207
CHCHD1	0.879267912000042	-0.0158208209278623	0.99832044829263	-0.0158208209278623
WDR91	0.879385816745941	0.00872829245927966	0.99832044829263	0.00872829245927966
UFSP2	0.879527176775276	0.00631733955080776	0.99832044829263	0.00631733955080776
DTHD1	0.87979267807872	0.0117751671505604	0.99832044829263	0.0117751671505604
ASB6	0.879851099615655	-0.0138847352592886	0.99832044829263	-0.0138847352592886
METTL23	0.880008010635168	0.00811571196261863	0.99832044829263	0.00811571196261863
TMEM126B	0.880070183399062	0.0109154546753613	0.99832044829263	0.0109154546753613
SCNN1D	0.880174511314812	-0.0115429445333394	0.99832044829263	-0.0115429445333394
SH3BGR	0.880393189847747	0.0090094768531279	0.99832044829263	0.0090094768531279
ADGRE2	0.880395243001581	-0.00794167591508132	0.99832044829263	-0.00794167591508132
CTTNBP2NL	0.880527957733701	0.00585334336529408	0.99832044829263	0.00585334336529408
AC079352.1	0.880700272365482	0.00458370760855984	0.99832044829263	0.00458370760855984
DTD2	0.880791721723386	-0.00567989624605892	0.99832044829263	-0.00567989624605892
ADAMTS17	0.880921521462691	-0.012256574174969	0.99832044829263	-0.012256574174969
CKB	0.880969213134573	-0.00771674330718919	0.99832044829263	-0.00771674330718919
AC005670.3	0.881199777866499	-0.00400600347902678	0.99832044829263	-0.00400600347902678
HEBP1	0.881234966239139	0.00977103045901029	0.99832044829263	0.00977103045901029
AC098484.4	0.881236545048089	0.0137565280565006	0.99832044829263	0.0137565280565006
CACYBP	0.881357962508727	-0.0119607050480434	0.99832044829263	-0.0119607050480434
AP1B1	0.881376090006847	-0.00712898534982009	0.99832044829263	-0.00712898534982009
TMEM126A	0.881450514650572	-0.0144334148209642	0.99832044829263	-0.0144334148209642
TANK	0.881817179406957	-0.00487422024648709	0.99832044829263	-0.00487422024648709
RAD50	0.881838118916503	-0.00382857340025784	0.99832044829263	-0.00382857340025784
AC090360.1	0.881950215276247	0.013720036256845	0.99832044829263	0.013720036256845
TUSC2	0.882054788719967	0.0104345651842116	0.99832044829263	0.0104345651842116
MPP2	0.882306724879026	0.00496625582449073	0.99832044829263	0.00496625582449073
TOMM22	0.882454816077284	-0.016436334872733	0.99832044829263	-0.016436334872733
TTC31	0.882501912530363	0.0087368475901883	0.99832044829263	0.0087368475901883
SPTBN4	0.882627618668197	-0.0128239409615794	0.99832044829263	-0.0128239409615794
SLC17A7	0.882802500497498	-0.0182171033987746	0.99832044829263	-0.0182171033987746
LYPLAL1-DT	0.882823326022019	-0.0106954688427794	0.99832044829263	-0.0106954688427794
DNMT1	0.882900551143227	0.0054395446040055	0.99832044829263	0.0054395446040055
MTRR	0.882937392078222	-0.00525827883502995	0.99832044829263	-0.00525827883502995
LINC02762	0.88295829490733	-0.00933216017717652	0.99832044829263	-0.00933216017717652
AIFM2	0.883045973402397	0.0109873626534777	0.99832044829263	0.0109873626534777
BEST1	0.883148301567593	0.00594648928011473	0.99832044829263	0.00594648928011473
LRIG1	0.883155987558453	0.0049031134762185	0.99832044829263	0.0049031134762185
MTIF3	0.88322265714963	-0.00443365901752521	0.99832044829263	-0.00443365901752521
AL035530.2	0.883302810306557	0.00725710445107494	0.99832044829263	0.00725710445107494
PSMG2	0.883338062569174	0.00561711508648929	0.99832044829263	0.00561711508648929
AC016597.1	0.883407794398352	0.00423704042496573	0.99832044829263	0.00423704042496573
EI24	0.883410443147467	-0.0083764630357057	0.99832044829263	-0.0083764630357057
UBA2	0.883431579443204	-0.00393055224462988	0.99832044829263	-0.00393055224462988
ABCG1	0.883541352998521	-0.00441787537291631	0.99832044829263	-0.00441787537291631
SCAMP4	0.883740373549627	0.00638312392737379	0.99832044829263	0.00638312392737379
FAM114A1	0.883747665405526	0.00572742787916042	0.99832044829263	0.00572742787916042
SLC8A2	0.883768090680859	-0.0139233310023993	0.99832044829263	-0.0139233310023993
PAK1IP1	0.883855110612601	-0.00771736844543778	0.99832044829263	-0.00771736844543778
ING5	0.883900270657006	0.0048652802420196	0.99832044829263	0.0048652802420196
FGF12	0.884119119269101	0.0141866865860704	0.99832044829263	0.0141866865860704
REV3L	0.884329100909283	-0.00365551984911164	0.99832044829263	-0.00365551984911164
PLPP7	0.884333783343286	-0.00768526912941706	0.99832044829263	-0.00768526912941706
CHST3	0.884468310624817	-0.00559177718525435	0.99832044829263	-0.00559177718525435
TRPC4AP	0.884484511792098	0.00318648199294627	0.99832044829263	0.00318648199294627
M6PR	0.88461328799622	-0.00909653524807186	0.99832044829263	-0.00909653524807186
NAF1	0.884754318467726	0.00731734231494035	0.99832044829263	0.00731734231494035
DGKH	0.88504712611675	-0.0109274405792856	0.99832044829263	-0.0109274405792856
IFFO1	0.885114219451843	-0.0110522356335204	0.99832044829263	-0.0110522356335204
CAPN7	0.88518606755364	-0.00344049531136859	0.99832044829263	-0.00344049531136859
CTNNB1	0.885374226697477	-0.00561397249450081	0.99832044829263	-0.00561397249450081
NDUFB11	0.885462663789857	0.0154283322333216	0.99832044829263	0.0154283322333216
VPS16	0.885561990979054	-0.00751320418902061	0.99832044829263	-0.00751320418902061
METTL5	0.885584111223622	0.00972791381835908	0.99832044829263	0.00972791381835908
AF165147.1	0.885732791701427	-0.00520529906329887	0.99832044829263	-0.00520529906329887
AL157392.3	0.88576389928138	0.00670521203604288	0.99832044829263	0.00670521203604288
GABPB1-AS1	0.885778105587311	-0.0043615873721616	0.99832044829263	-0.0043615873721616
DNAJC19	0.885864786963311	0.0109026515747231	0.99832044829263	0.0109026515747231
UMPS	0.885895224061922	0.00831285775680788	0.99832044829263	0.00831285775680788
TBC1D7	0.885961209537567	0.0113205378847607	0.99832044829263	0.0113205378847607
MYH3	0.885967782003418	0.00993510091648859	0.99832044829263	0.00993510091648859
ATP6V1E1	0.886153832062644	0.00780329149010365	0.99832044829263	0.00780329149010365
RNF187	0.88620100789508	0.010477701593322	0.99832044829263	0.010477701593322
RNF40	0.886230603028794	-0.0076212200848999	0.99832044829263	-0.0076212200848999
AAMP	0.886415058343642	-0.0102156577357741	0.99832044829263	-0.0102156577357741
FSD1	0.88648285530176	-0.00909653734945366	0.99832044829263	-0.00909653734945366
RETREG2	0.886497172125446	0.0084696405513331	0.99832044829263	0.0084696405513331
SH3YL1	0.886572448805971	0.00439980936154025	0.99832044829263	0.00439980936154025
CLTC	0.886616464323536	0.00493070598704482	0.99832044829263	0.00493070598704482
NBN	0.886671896961996	-0.00690141181871853	0.99832044829263	-0.00690141181871853
TSR3	0.886673690047391	0.0128199866120709	0.99832044829263	0.0128199866120709
CKAP5	0.886947466983356	0.00500588462243954	0.99832044829263	0.00500588462243954
ICE2	0.887075361303406	0.00410323926296625	0.99832044829263	0.00410323926296625
BACH2	0.887391775787925	0.00279993467778567	0.99832044829263	0.00279993467778567
THUMPD3	0.887456661185717	-0.00787525782908999	0.99832044829263	-0.00787525782908999
TAGLN3	0.887466014058179	0.0171896014540066	0.99832044829263	0.0171896014540066
GABRB1	0.887470513827041	-0.0133575115634169	0.99832044829263	-0.0133575115634169
ASB3	0.887504160870689	-0.00347102781178739	0.99832044829263	-0.00347102781178739
SENP2	0.887540309296604	-0.00433275325603182	0.99832044829263	-0.00433275325603182
TMED9	0.887596388014888	0.0118466564804847	0.99832044829263	0.0118466564804847
MPC1	0.887815643992758	-0.00505314564843241	0.99832044829263	-0.00505314564843241
SPOP	0.887885456618824	-0.00387044530813256	0.99832044829263	-0.00387044530813256
CRBN	0.887925038291526	0.00473734688898936	0.99832044829263	0.00473734688898936
ACTL6A	0.888065955885719	-0.00872242436344783	0.99832044829263	-0.00872242436344783
RXRB	0.888108905528941	0.00972847469558044	0.99832044829263	0.00972847469558044
ZNF846	0.888116020116671	0.00725455910734592	0.99832044829263	0.00725455910734592
MIS18BP1	0.888116539370774	-0.0132534867167635	0.99832044829263	-0.0132534867167635
TMEM9	0.888363839653927	-0.0120148747912045	0.99832044829263	-0.0120148747912045
SLU7	0.888404404510142	-0.00878050935019591	0.99832044829263	-0.00878050935019591
FN3K	0.888435980547028	-0.00686614639394119	0.99832044829263	-0.00686614639394119
MKRN3	0.888488774720795	-0.00368764050283031	0.99832044829263	-0.00368764050283031
RSRP1	0.888580940230498	-0.00322894881640674	0.99832044829263	-0.00322894881640674
MIR34AHG	0.888602010546351	0.0125755295237185	0.99832044829263	0.0125755295237185
KCTD17	0.888724780443481	-0.0106589591355127	0.99832044829263	-0.0106589591355127
C19orf53	0.888736646371511	-0.0132774708273532	0.99832044829263	-0.0132774708273532
FAM81A	0.888747741713151	0.00961957549543842	0.99832044829263	0.00961957549543842
THOC7	0.888826026186986	-0.00815508218752542	0.99832044829263	-0.00815508218752542
METTL4	0.88883212537224	0.00778933671706235	0.99832044829263	0.00778933671706235
PMS1	0.889024253838471	0.00474921065544569	0.99832044829263	0.00474921065544569
PDXK	0.889052745087369	0.00917385237920915	0.99832044829263	0.00917385237920915
TP53	0.889120732352497	-0.0100952661261857	0.99832044829263	-0.0100952661261857
PKD2L2	0.889168612677161	-0.0155589666631705	0.99832044829263	-0.0155589666631705
AIP	0.889396598015813	0.00993006166592735	0.99832044829263	0.00993006166592735
SOX10	0.889410536638797	0.0036764309278485	0.99832044829263	0.0036764309278485
PTMS	0.889656319653745	-0.0205277519836547	0.99832044829263	-0.0205277519836547
AP002812.2	0.889739645156292	0.00751627167531207	0.99832044829263	0.00751627167531207
ELAVL4	0.889866574527161	0.0153649572250603	0.99832044829263	0.0153649572250603
MTSS2	0.89012804927635	0.0102383851571742	0.99832044829263	0.0102383851571742
PPT1	0.890272272728741	0.00887049536921442	0.99832044829263	0.00887049536921442
PIGN	0.890309635596393	-0.00397338268265749	0.99832044829263	-0.00397338268265749
GCAT	0.89035475702883	0.010932093073882	0.99832044829263	0.010932093073882
MARCH1	0.890567781696918	-0.00205505663749643	0.99832044829263	-0.00205505663749643
TAF5L	0.890616116768979	0.00600946095297724	0.99832044829263	0.00600946095297724
CRELD2	0.890936370095032	-0.00834990942941303	0.99832044829263	-0.00834990942941303
MFSD6	0.890949409971293	0.00367125410061612	0.99832044829263	0.00367125410061612
RNF44	0.890985065861914	0.0100535365776859	0.99832044829263	0.0100535365776859
GPSM2	0.891006756998359	-0.00297922139778153	0.99832044829263	-0.00297922139778153
SARS2	0.891116609608845	-0.0128520779730665	0.99832044829263	-0.0128520779730665
DANCR	0.891159712322586	0.01151338116846	0.99832044829263	0.01151338116846
NEK4	0.891361493470438	-0.00603567683639161	0.99832044829263	-0.00603567683639161
SNHG9	0.891371544038462	0.0111924813315247	0.99832044829263	0.0111924813315247
RRAGA	0.891527171714898	0.0119657244511113	0.99832044829263	0.0119657244511113
KDELR2	0.891568803913037	-0.00996074215770928	0.99832044829263	-0.00996074215770928
RNF31	0.89158384165538	-0.00738155709216665	0.99832044829263	-0.00738155709216665
ZNF562	0.891619865639429	0.00535967945371082	0.99832044829263	0.00535967945371082
FAM234B	0.891751202980823	-0.0110690159269352	0.99832044829263	-0.0110690159269352
RPS27A	0.891757097797373	-0.00927882013200155	0.99832044829263	-0.00927882013200155
KLF15	0.89189207877797	0.00715548544742249	0.99832044829263	0.00715548544742249
AC108047.1	0.891993298181547	0.00476855207208653	0.99832044829263	0.00476855207208653
TMEM259	0.8919959994526	-0.00517106807446492	0.99832044829263	-0.00517106807446492
CBWD2	0.892009387834044	-0.00739697663854395	0.99832044829263	-0.00739697663854395
SSBP1	0.892078519408173	-0.00526243482123866	0.99832044829263	-0.00526243482123866
ZNF445	0.892085265568197	-0.00565076931092888	0.99832044829263	-0.00565076931092888
RPL4	0.892165494022026	0.00942370150445826	0.99832044829263	0.00942370150445826
UROD	0.892270990325596	-0.012056498535351	0.99832044829263	-0.012056498535351
MSI2	0.892516652407191	-0.0039629277746712	0.99832044829263	-0.0039629277746712
HRAS	0.892537487656422	0.0107194457387586	0.99832044829263	0.0107194457387586
MAGI2-AS3	0.892664798732979	0.00308622586269621	0.99832044829263	0.00308622586269621
ATP5PB	0.892729660429033	-0.0077883403802995	0.99832044829263	-0.0077883403802995
KCNK15-AS1	0.89274044912039	0.00768253722743779	0.99832044829263	0.00768253722743779
EMG1	0.89289286096907	0.0089429482652332	0.99832044829263	0.0089429482652332
ZC3H4	0.892979353465444	0.00564370532823879	0.99832044829263	0.00564370532823879
MYCBP2	0.893212753582817	0.00375570634325621	0.99832044829263	0.00375570634325621
CHP1	0.893242364666837	0.00557149436513126	0.99832044829263	0.00557149436513126
IFNAR1	0.893308737565029	-0.00511656568332816	0.99832044829263	-0.00511656568332816
MT-CYB	0.893371755899736	0.00482289271712554	0.99832044829263	0.00482289271712554
AC083870.1	0.893457654227656	-0.00684957093459541	0.99832044829263	-0.00684957093459541
MEGF8	0.893498682250936	0.0063512457445056	0.99832044829263	0.0063512457445056
PLCL1	0.89354341796468	0.00207356927608067	0.99832044829263	0.00207356927608067
NOP14	0.893692749196243	0.0108719024382768	0.99832044829263	0.0108719024382768
FAU	0.893829785252989	-0.00852861168224092	0.99832044829263	-0.00852861168224092
GPR107	0.893877149761594	0.0043000643246941	0.99832044829263	0.0043000643246941
CISD1	0.893886344799008	0.00873400148908002	0.99832044829263	0.00873400148908002
TPRG1L	0.893900869560073	0.0140011093420265	0.99832044829263	0.0140011093420265
MRPL20	0.893915794632113	0.00678898046129674	0.99832044829263	0.00678898046129674
KDM2B-DT	0.893945757229743	0.00630719104672103	0.99832044829263	0.00630719104672103
SETDB1	0.894128139138022	0.00472307699219347	0.99832044829263	0.00472307699219347
RAB1B	0.894169218680681	-0.00838605694383686	0.99832044829263	-0.00838605694383686
PRKAG2	0.894531574679497	0.0150108259256117	0.99832044829263	0.0150108259256117
TXNL1	0.894669387301091	0.00518698676922384	0.99832044829263	0.00518698676922384
FAAP100	0.894861489133378	0.0113115226114707	0.99832044829263	0.0113115226114707
GTF2F1	0.894867014543463	0.0105999310663502	0.99832044829263	0.0105999310663502
SRRM3	0.895133063443123	0.0130528832954069	0.99832044829263	0.0130528832954069
ALMS1	0.895400374267915	-0.00412844668098891	0.99832044829263	-0.00412844668098891
LDLRAP1	0.89545116843144	0.00500066637003322	0.99832044829263	0.00500066637003322
PROSER3	0.895554697240272	-0.0115943607471867	0.99832044829263	-0.0115943607471867
AP1AR	0.895559593629407	0.00817308891367311	0.99832044829263	0.00817308891367311
CNIH3	0.895600663953723	-0.00749459920198701	0.99832044829263	-0.00749459920198701
RTEL1	0.895747584497191	0.00863012719855922	0.99832044829263	0.00863012719855922
PAM16	0.895772198956931	0.00495786636195079	0.99832044829263	0.00495786636195079
ANKRD13D	0.895966286667142	-0.00521601608695595	0.99832044829263	-0.00521601608695595
AARS	0.896080754387551	0.00464404232653647	0.99832044829263	0.00464404232653647
AP004608.1	0.896093475551592	-0.00907679285013957	0.99832044829263	-0.00907679285013957
SLC16A1-AS1	0.896196697499819	-0.00376470491241057	0.99832044829263	-0.00376470491241057
AKR1B1	0.896220176016414	-0.00920106941450295	0.99832044829263	-0.00920106941450295
RPL8	0.896286760174659	-0.00837063402644824	0.99832044829263	-0.00837063402644824
TRIM65	0.89648611680009	-0.00707030415612992	0.99832044829263	-0.00707030415612992
SRRM2	0.896498176342717	0.00317181560454386	0.99832044829263	0.00317181560454386
ZNF30	0.896545797667079	0.00739955726074142	0.99832044829263	0.00739955726074142
ANKS6	0.896585554802237	0.00398155797158863	0.99832044829263	0.00398155797158863
ARHGAP12	0.896609430403393	-0.00682403767555377	0.99832044829263	-0.00682403767555377
RRAGC	0.896671693214869	0.00607948257336372	0.99832044829263	0.00607948257336372
GALC	0.896720319002186	-0.00570979351711081	0.99832044829263	-0.00570979351711081
EPHX2	0.896771418483102	-0.0084106749187514	0.99832044829263	-0.0084106749187514
DCTN1	0.896910893523126	0.00645289368291429	0.99832044829263	0.00645289368291429
VBP1	0.896925718204186	-0.00967368288655493	0.99832044829263	-0.00967368288655493
PDIA3	0.897135944587573	0.0044750417183687	0.99832044829263	0.0044750417183687
CABYR	0.897343237683685	0.00770586914187242	0.99832044829263	0.00770586914187242
SHMT1	0.897720866696183	0.00569654283309166	0.99832044829263	0.00569654283309166
CD82	0.897730740579475	-0.00492183352548532	0.99832044829263	-0.00492183352548532
LURAP1L	0.897779595503357	-0.00748959322548795	0.99832044829263	-0.00748959322548795
TLN2	0.897802328094868	0.00451803555562506	0.99832044829263	0.00451803555562506
ZNF431	0.898303548471677	-0.00424612469418641	0.99832044829263	-0.00424612469418641
TOB1	0.898333460966051	0.00647679834146518	0.99832044829263	0.00647679834146518
ST3GAL6-AS1	0.898346487249048	0.0107543946509775	0.99832044829263	0.0107543946509775
CCDC88A	0.898363388729673	-0.00267453298508654	0.99832044829263	-0.00267453298508654
MOB3B	0.898382578363748	-0.00246501072739413	0.99832044829263	-0.00246501072739413
GAB2	0.898508974760933	-0.00239070144380561	0.99832044829263	-0.00239070144380561
ATG2A	0.898588453709753	-0.0064423278105726	0.99832044829263	-0.0064423278105726
MT2A	0.89876652979319	-0.00925038570534592	0.99832044829263	-0.00925038570534592
WDR59	0.898766614615172	-0.00298599755046063	0.99832044829263	-0.00298599755046063
MCMBP	0.898896662725202	0.00548897355766225	0.99832044829263	0.00548897355766225
CFL1	0.898901802415778	-0.00704064696196762	0.99832044829263	-0.00704064696196762
VARS	0.899212655620501	-0.00964118951121896	0.99832044829263	-0.00964118951121896
PFDN6	0.899250160038525	-0.010553710112344	0.99832044829263	-0.010553710112344
PPIL4	0.89934588743383	0.00466625240147849	0.99832044829263	0.00466625240147849
FNDC3B	0.89936865310425	-0.00520558744362513	0.99832044829263	-0.00520558744362513
IRAK4	0.899474399874577	0.00833684829287918	0.99832044829263	0.00833684829287918
ITM2A	0.899539407121629	-0.010676162111225	0.99832044829263	-0.010676162111225
COMMD1	0.899614370557935	-0.002631863415014	0.99832044829263	-0.002631863415014
ZNF84	0.899712058699402	-0.00423142728350379	0.99832044829263	-0.00423142728350379
ERCC6L2	0.899801206405151	0.00361595957206901	0.99832044829263	0.00361595957206901
TPRG1	0.899809331053006	-0.00909767944023164	0.99832044829263	-0.00909767944023164
GACAT3	0.899862582689523	0.0111304366791709	0.99832044829263	0.0111304366791709
ZNF320	0.899902889793702	-0.00949136174889278	0.99832044829263	-0.00949136174889278
PAIP2	0.900224325896468	-0.00359078316140564	0.99832044829263	-0.00359078316140564
ZNF236-DT	0.900241481310823	0.00801779814546102	0.99832044829263	0.00801779814546102
LINC01128	0.900255844577877	-0.00939210464633076	0.99832044829263	-0.00939210464633076
AC034195.1	0.900434960842928	0.00566823821224003	0.99832044829263	0.00566823821224003
CNDP2	0.900578540590617	-0.00458595249090641	0.99832044829263	-0.00458595249090641
VPS13C	0.90059446525525	0.00260642817006753	0.99832044829263	0.00260642817006753
OLMALINC	0.900722849834853	0.00385991171536686	0.99832044829263	0.00385991171536686
ARL6IP1	0.900830368964277	0.00784202956311294	0.99832044829263	0.00784202956311294
KRBA1	0.900871073078346	0.00999887917815684	0.99832044829263	0.00999887917815684
RSF1	0.900978858381693	0.0026291772625724	0.99832044829263	0.0026291772625724
NABP2	0.901041473339796	0.0109469803219991	0.99832044829263	0.0109469803219991
NDUFAF5	0.901097039760695	-0.00681907486551397	0.99832044829263	-0.00681907486551397
CDS2	0.901115364574241	0.0030296793440301	0.99832044829263	0.0030296793440301
XPO6	0.901174639376593	-0.00334677728817963	0.99832044829263	-0.00334677728817963
CBX5	0.901265235385673	0.00479239018072792	0.99832044829263	0.00479239018072792
KLHL18	0.90131158719972	0.00529329787289914	0.99832044829263	0.00529329787289914
LYRM4	0.901910185263062	-0.00395259864322825	0.99832044829263	-0.00395259864322825
COG3	0.901992102458156	-0.00456103987827853	0.99832044829263	-0.00456103987827853
TTC3	0.90200831625671	0.00287926984881136	0.99832044829263	0.00287926984881136
UGDH	0.902234648210855	-0.00730695272588486	0.99832044829263	-0.00730695272588486
NBPF3	0.902259730177876	0.0116136575583731	0.99832044829263	0.0116136575583731
SSR1	0.902457106486528	-0.00463029130993312	0.99832044829263	-0.00463029130993312
PPARD	0.902500826175254	0.0042387485379663	0.99832044829263	0.0042387485379663
MLST8	0.902551624558304	-0.00979546916247447	0.99832044829263	-0.00979546916247447
INPP4B	0.902743256325023	-0.00917789687044046	0.99832044829263	-0.00917789687044046
TAF15	0.902795791607341	-0.00269714596029509	0.99832044829263	-0.00269714596029509
CRELD1	0.902855303561587	-0.00795829386492571	0.99832044829263	-0.00795829386492571
SLC6A15	0.902948827615204	0.00456833308692695	0.99832044829263	0.00456833308692695
LINC02284	0.902970864479304	-0.0100544871668237	0.99832044829263	-0.0100544871668237
ARNT2	0.902973503866882	-0.00356731329501092	0.99832044829263	-0.00356731329501092
TBP	0.903164665719544	-0.00774572688875221	0.99832044829263	-0.00774572688875221
ARAP2	0.903176336718206	-0.00176632052722767	0.99832044829263	-0.00176632052722767
ACADSB	0.903281480896505	0.00405860106201082	0.99832044829263	0.00405860106201082
SPATA6	0.90336408278161	-0.00336360474854259	0.99832044829263	-0.00336360474854259
LINC01170	0.903482427123537	0.00402330338188125	0.99832044829263	0.00402330338188125
OS9	0.903593282377417	0.0050393765829351	0.99832044829263	0.0050393765829351
GK5	0.903619612614625	0.00591627146548178	0.99832044829263	0.00591627146548178
UIMC1	0.903642515607888	-0.00467604143838308	0.99832044829263	-0.00467604143838308
TYK2	0.903745654926379	-0.00562290844166385	0.99832044829263	-0.00562290844166385
STAT2	0.904121773591187	-0.00414425946217653	0.99832044829263	-0.00414425946217653
CCSER1	0.904202839567328	-0.0111369683421124	0.99832044829263	-0.0111369683421124
HNRNPLL	0.904271126203949	0.00642400503831191	0.99832044829263	0.00642400503831191
FAM24B	0.904668999659968	0.0100193885371267	0.99832044829263	0.0100193885371267
FZD3	0.90477019331352	0.0158294690677532	0.99832044829263	0.0158294690677532
NDFIP1	0.904830592102872	0.0038395247231797	0.99832044829263	0.0038395247231797
ZNF354B	0.905151888284585	-0.00639889275759745	0.99832044829263	-0.00639889275759745
ZBTB3	0.905239779572406	0.00817454440778578	0.99832044829263	0.00817454440778578
ANKRD65	0.905281409514537	-0.00751949865396871	0.99832044829263	-0.00751949865396871
ANKRD36C	0.905284166272862	0.00328452944350509	0.99832044829263	0.00328452944350509
KIAA1328	0.905313982749845	0.0028290867488961	0.99832044829263	0.0028290867488961
CREB3L2	0.905334233511591	-0.00278208438140431	0.99832044829263	-0.00278208438140431
ZNF737	0.905633971149359	0.00526709821698544	0.99832044829263	0.00526709821698544
CELSR2	0.905689865189835	0.00359114388474614	0.99832044829263	0.00359114388474614
ACTR6	0.905758722500503	-0.00783204125031206	0.99832044829263	-0.00783204125031206
ABCF1	0.906177907382201	-0.00517883948036163	0.99832044829263	-0.00517883948036163
PRPF40A	0.906299633244045	-0.00308821304181614	0.99832044829263	-0.00308821304181614
EDEM2	0.906353662031608	-0.00745001010278545	0.99832044829263	-0.00745001010278545
TMC7	0.906432474625529	-0.00357569453602599	0.99832044829263	-0.00357569453602599
ZBTB37	0.906496825740249	0.00437509541209448	0.99832044829263	0.00437509541209448
TMEM43	0.906537048253912	-0.0052173912861088	0.99832044829263	-0.0052173912861088
MOCS2	0.906585862252387	-0.00952528068567687	0.99832044829263	-0.00952528068567687
ZNF622	0.906604607122242	-0.0116243431640303	0.99832044829263	-0.0116243431640303
ZNF736	0.90663082811405	0.00529149707865949	0.99832044829263	0.00529149707865949
SYN1	0.906639457591903	0.0197362588454883	0.99832044829263	0.0197362588454883
DGUOK	0.906788772524942	0.00516739394331694	0.99832044829263	0.00516739394331694
SOD1	0.906812310521136	0.00815619513321642	0.99832044829263	0.00815619513321642
AC118549.1	0.906815931103338	0.00218202402457249	0.99832044829263	0.00218202402457249
PMVK	0.906827651449868	0.00902673754708355	0.99832044829263	0.00902673754708355
FAM155A	0.907197824576723	0.0117908615062411	0.99832044829263	0.0117908615062411
NMRK1	0.907393548772349	-0.00652481081926288	0.99832044829263	-0.00652481081926288
IMPDH2	0.907436244661141	0.00983696529823934	0.99832044829263	0.00983696529823934
ZCWPW1	0.907482741302696	-0.0048328117048863	0.99832044829263	-0.0048328117048863
RPE	0.907501240538355	0.00584197745705735	0.99832044829263	0.00584197745705735
RSL24D1	0.907611624920599	-0.0115878029328277	0.99832044829263	-0.0115878029328277
AL354809.1	0.907640503817565	-0.00370876396262289	0.99832044829263	-0.00370876396262289
ABCE1	0.907707345253882	0.00504075818945967	0.99832044829263	0.00504075818945967
PCMTD1	0.90779913127887	0.00296628174905141	0.99832044829263	0.00296628174905141
LINC-PINT	0.907982899500929	0.00487087861731287	0.99832044829263	0.00487087861731287
DLL1	0.908166490116626	-0.00489719526725258	0.99832044829263	-0.00489719526725258
EBAG9	0.908217727634197	0.00809343817955144	0.99832044829263	0.00809343817955144
NOA1	0.908261865261671	-0.00764759129131273	0.99832044829263	-0.00764759129131273
NRF1	0.908461436137273	-0.0027130215338391	0.99832044829263	-0.0027130215338391
AL160269.1	0.908536570091854	0.00647749122198489	0.99832044829263	0.00647749122198489
FOCAD	0.908607532417851	-0.00846470798718189	0.99832044829263	-0.00846470798718189
CELF6	0.908966283072306	-0.00546197806176549	0.99832044829263	-0.00546197806176549
TRPS1	0.909043992840126	0.00244427130954078	0.99832044829263	0.00244427130954078
SCFD2	0.909243606360385	-0.00310135483863062	0.99832044829263	-0.00310135483863062
CLASRP	0.909356027923608	0.00274646596911913	0.99832044829263	0.00274646596911913
PCCB	0.909382415242291	0.00324286309065852	0.99832044829263	0.00324286309065852
KLF6	0.909599951167426	0.00870881412490217	0.99832044829263	0.00870881412490217
MTMR3	0.909718975891442	0.00361407155669357	0.99832044829263	0.00361407155669357
SRRM4	0.909732523024935	0.011936433755341	0.99832044829263	0.011936433755341
ZMAT4	0.910128226334536	-0.0134026456761434	0.99832044829263	-0.0134026456761434
PLEKHM2	0.910179726857762	0.00410376712276538	0.99832044829263	0.00410376712276538
DNPEP	0.910199677245115	0.0070135329806494	0.99832044829263	0.0070135329806494
RAP1B	0.910268655844402	-0.00373700602467287	0.99832044829263	-0.00373700602467287
TCEAL1	0.910286515231264	0.0107675046544454	0.99832044829263	0.0107675046544454
AC027644.3	0.910413192649363	-0.0106632893287196	0.99832044829263	-0.0106632893287196
DLG2	0.910488248708895	-0.00116416181178176	0.99832044829263	-0.00116416181178176
TMEM80	0.910539095774907	0.00900498829676497	0.99832044829263	0.00900498829676497
PLEKHA8	0.910539436058081	-0.00502345547494326	0.99832044829263	-0.00502345547494326
SLC35E2A	0.910567967326122	0.00523567403079092	0.99832044829263	0.00523567403079092
TTYH2	0.910640673557062	0.00209987768507539	0.99832044829263	0.00209987768507539
PEX5	0.91065658694988	0.00815020032569637	0.99832044829263	0.00815020032569637
MAP2K3	0.91066103686032	0.00885736661620177	0.99832044829263	0.00885736661620177
DTD1	0.910699310735673	0.00422312260885462	0.99832044829263	0.00422312260885462
BNIP3	0.910858050677333	-0.00724041059274415	0.99832044829263	-0.00724041059274415
SLC25A17	0.911128969965959	0.00431950481850969	0.99832044829263	0.00431950481850969
PTBP1	0.911193071285418	0.00533690524002976	0.99832044829263	0.00533690524002976
ACVR2B	0.91136570195636	-0.00440447367314166	0.99832044829263	-0.00440447367314166
PLD1	0.911421624217626	-0.00203671446925459	0.99832044829263	-0.00203671446925459
E2F4	0.911878314491696	-0.00718771453525798	0.99832044829263	-0.00718771453525798
MAGED2	0.911945633535702	-0.00771612196567721	0.99832044829263	-0.00771612196567721
TSNAX	0.912374257662922	-0.00403052252799117	0.99832044829263	-0.00403052252799117
TAX1BP1	0.912513241132153	0.00278589783307632	0.99832044829263	0.00278589783307632
ZNF417	0.912548897695261	-0.00564197197168798	0.99832044829263	-0.00564197197168798
PITPNC1	0.912623833716362	0.0090879392622688	0.99832044829263	0.0090879392622688
SH3KBP1	0.912725723949397	0.00258099170030806	0.99832044829263	0.00258099170030806
AK2	0.912775685628106	-0.00468537647937535	0.99832044829263	-0.00468537647937535
ZBTB25	0.912790167011227	-0.00467805773927585	0.99832044829263	-0.00467805773927585
KLF3	0.913161147219709	-0.00339347754627379	0.99832044829263	-0.00339347754627379
EBLN3P	0.913190716849314	-0.00616207268840941	0.99832044829263	-0.00616207268840941
DGKD	0.913395036884007	0.00337840273636231	0.99832044829263	0.00337840273636231
SIRPA	0.913498034219072	-0.00480260000782135	0.99832044829263	-0.00480260000782135
MAPRE3	0.913579302519689	0.00641218812030466	0.99832044829263	0.00641218812030466
ARL13B	0.913900199382408	-0.00422547491623631	0.99832044829263	-0.00422547491623631
NECTIN3	0.91394413920515	0.00541728052074908	0.99832044829263	0.00541728052074908
PRDX5	0.913978266567105	-0.0118984544378977	0.99832044829263	-0.0118984544378977
ZNF565	0.914027508438015	-0.00474258078721593	0.99832044829263	-0.00474258078721593
AC104162.2	0.914065336689295	-0.00909994406099501	0.99832044829263	-0.00909994406099501
PDE6D	0.914236137092996	-0.00405917832764283	0.99832044829263	-0.00405917832764283
HSPBP1	0.91434121323489	-0.0083301441174008	0.99832044829263	-0.0083301441174008
PUM3	0.914341549978791	0.00282113898421209	0.99832044829263	0.00282113898421209
C8orf33	0.91460710054918	0.00741935951865334	0.99832044829263	0.00741935951865334
ECD	0.914771511501393	0.00436991421388386	0.99832044829263	0.00436991421388386
ABHD13	0.9148610442391	-0.00698131364749757	0.99832044829263	-0.00698131364749757
PCMTD2	0.914889990215358	0.00416941617623099	0.99832044829263	0.00416941617623099
SLC16A2	0.914991143435934	0.00663960214173508	0.99832044829263	0.00663960214173508
EBF4	0.915025320684243	0.0039178346631552	0.99832044829263	0.0039178346631552
MEIS1	0.915114939227565	-0.00309543328670166	0.99832044829263	-0.00309543328670166
RARS	0.915303037582549	0.00441244652289015	0.99832044829263	0.00441244652289015
CNPPD1	0.915340023451188	0.00873441769831698	0.99832044829263	0.00873441769831698
SNUPN	0.915345852870589	-0.00632923913472074	0.99832044829263	-0.00632923913472074
COQ7	0.915364813881035	0.00588126316046893	0.99832044829263	0.00588126316046893
AGO1	0.915609363729114	-0.00459178528331697	0.99832044829263	-0.00459178528331697
ANKRD17	0.915636812206843	-0.0017739001083516	0.99832044829263	-0.0017739001083516
AC025171.1	0.915637158501392	-0.00449631805069666	0.99832044829263	-0.00449631805069666
AMT	0.915670576435828	0.00854349563701055	0.99832044829263	0.00854349563701055
MHENCR	0.915726562100379	-0.00566583848132766	0.99832044829263	-0.00566583848132766
PRR14	0.915762695303469	0.00620733254007271	0.99832044829263	0.00620733254007271
MIR3936HG	0.915822769601818	0.00727024046814778	0.99832044829263	0.00727024046814778
NPIPA1	0.915891307062384	-0.00680490919792541	0.99832044829263	-0.00680490919792541
RECQL	0.915902386431959	0.00553318514990922	0.99832044829263	0.00553318514990922
PLXDC2	0.916298887113604	-0.00194874263943763	0.99832044829263	-0.00194874263943763
SLC35B1	0.916458210706409	0.00739255257695009	0.99832044829263	0.00739255257695009
PIGP	0.916463818664338	-0.00572826298244511	0.99832044829263	-0.00572826298244511
SP2	0.916512160053831	-0.00640993829735334	0.99832044829263	-0.00640993829735334
KCTD4	0.916555218906633	0.0103101344421065	0.99832044829263	0.0103101344421065
ARL6IP5	0.916625212238756	0.00393275407421621	0.99832044829263	0.00393275407421621
CREBRF	0.916658419192966	0.00296175585555512	0.99832044829263	0.00296175585555512
SLC6A17	0.916672527068069	-0.0120758615390459	0.99832044829263	-0.0120758615390459
HDGF	0.91670331061657	0.00577060431980625	0.99832044829263	0.00577060431980625
WDR83	0.916822528026942	-0.00748262364215073	0.99832044829263	-0.00748262364215073
CWC22	0.916852305971704	0.00416674575102283	0.99832044829263	0.00416674575102283
CPB2	0.917109312302285	-0.0129328550076705	0.99832044829263	-0.0129328550076705
ZMYND11	0.917297362313443	0.0024340297661809	0.99832044829263	0.0024340297661809
EPB41L5	0.917394709170845	-0.00505991690239126	0.99832044829263	-0.00505991690239126
CMPK1	0.917408395760064	-0.00511599729386628	0.99832044829263	-0.00511599729386628
RNASE1	0.91744948206934	0.00570483482305221	0.99832044829263	0.00570483482305221
ZNF75A	0.917673267963509	0.00341223186495807	0.99832044829263	0.00341223186495807
TTYH1	0.917686275004769	-0.00271672106168501	0.99832044829263	-0.00271672106168501
G3BP1	0.917930325732049	0.00308397512406424	0.99832044829263	0.00308397512406424
FOXO3	0.918026745038243	-0.00223597999248217	0.99832044829263	-0.00223597999248217
ZHX3	0.918043964235674	-0.00234220720695163	0.99832044829263	-0.00234220720695163
MAPRE1	0.918208186308501	0.00721053687877292	0.99832044829263	0.00721053687877292
SLC7A14-AS1	0.918236244048713	-0.00266094535468526	0.99832044829263	-0.00266094535468526
DAP3	0.918295670255216	0.00275986618677186	0.99832044829263	0.00275986618677186
MOBP	0.918379763478945	0.00237106090310982	0.99832044829263	0.00237106090310982
RASA2	0.91838861662429	-0.00342713493542412	0.99832044829263	-0.00342713493542412
MICAL3	0.918405953364487	0.00209752691260884	0.99832044829263	0.00209752691260884
GXYLT2	0.918859702420877	0.00337525287290546	0.99832044829263	0.00337525287290546
RNF103	0.919027662477998	-0.00509472999551432	0.99832044829263	-0.00509472999551432
AP001029.2	0.919064417557903	0.00801440612593538	0.99832044829263	0.00801440612593538
SSR4	0.919142299253032	0.00721408901907591	0.99832044829263	0.00721408901907591
NLK	0.919147412216036	-0.00185338741126879	0.99832044829263	-0.00185338741126879
SNIP1	0.919280837927312	0.00797862845290678	0.99832044829263	0.00797862845290678
VPS29	0.919289081998312	0.00487089728192052	0.99832044829263	0.00487089728192052
PLEKHA3	0.919326962769002	0.0046682646422603	0.99832044829263	0.0046682646422603
RAB43	0.919656271925934	0.00814414935742766	0.99832044829263	0.00814414935742766
DHRS7B	0.91969128234197	0.00387547986146261	0.99832044829263	0.00387547986146261
TMSB10	0.919692025112524	0.0107834937030971	0.99832044829263	0.0107834937030971
LGI4	0.919772570311663	0.00773206654853511	0.99832044829263	0.00773206654853511
TMX4	0.919896485986757	0.00518737322721455	0.99832044829263	0.00518737322721455
EMC2	0.919907476854686	-0.00299422391386143	0.99832044829263	-0.00299422391386143
GIN1	0.920300586121471	0.00538674050558621	0.99832044829263	0.00538674050558621
KLHL32	0.92041680406769	0.00189433637362596	0.99832044829263	0.00189433637362596
RGS12	0.920617258155631	-0.00390369033047284	0.99832044829263	-0.00390369033047284
KCTD20	0.92073156587939	0.00412156717078641	0.99832044829263	0.00412156717078641
YIPF3	0.921065391542526	0.00713354181638531	0.99832044829263	0.00713354181638531
PARP16	0.921092386121485	0.00421589372854879	0.99832044829263	0.00421589372854879
C11orf49	0.921112210308992	0.00272297218066106	0.99832044829263	0.00272297218066106
TMEM135	0.92114467250686	-0.00286743537628832	0.99832044829263	-0.00286743537628832
IGIP	0.921217902630888	0.0052644135140452	0.99832044829263	0.0052644135140452
MT-CO1	0.921220348368765	0.00350158003964529	0.99832044829263	0.00350158003964529
ALDH1L2	0.921301529133404	0.00785576154020821	0.99832044829263	0.00785576154020821
HIPK2	0.921498390769031	0.00167383106399533	0.99832044829263	0.00167383106399533
AC005009.2	0.92152154899774	0.00658533523261174	0.99832044829263	0.00658533523261174
KIAA1755	0.921566115294059	0.00249481343291476	0.99832044829263	0.00249481343291476
TUT4	0.92177035024219	0.00195968960258005	0.99832044829263	0.00195968960258005
COMMD7	0.921782131166776	0.00515704543595159	0.99832044829263	0.00515704543595159
PCBD2	0.921804817910495	-0.00470359603342477	0.99832044829263	-0.00470359603342477
RPUSD3	0.92183996129247	-0.00706422722093194	0.99832044829263	-0.00706422722093194
TMEM208	0.92184065743363	-0.00963205099486291	0.99832044829263	-0.00963205099486291
SLC31A2	0.921957147449545	0.00255406875621177	0.99832044829263	0.00255406875621177
ARL2BP	0.922071618392492	-0.00524666888794252	0.99832044829263	-0.00524666888794252
ARSI	0.922167403059826	-0.0060462932745098	0.99832044829263	-0.0060462932745098
THUMPD2	0.922297409552057	0.00501977353006027	0.99832044829263	0.00501977353006027
SH3D19	0.922427311575169	-0.00181935366912218	0.99832044829263	-0.00181935366912218
USP39	0.922547932084196	0.00514471521232472	0.99832044829263	0.00514471521232472
RGS7	0.922796685518873	0.00882870308519779	0.99832044829263	0.00882870308519779
PIP4K2B	0.922856467475452	0.00406921456624931	0.99832044829263	0.00406921456624931
UBXN2B	0.923131743089841	-0.00389962311521329	0.99832044829263	-0.00389962311521329
ZNF514	0.923359813699502	0.00436349636101091	0.99832044829263	0.00436349636101091
SUGP2	0.923475595709689	-0.00359346171875366	0.99832044829263	-0.00359346171875366
RSAD1	0.923599099963983	0.00555721908593586	0.99832044829263	0.00555721908593586
LINC02073	0.923871045224718	0.00441269168835211	0.99832044829263	0.00441269168835211
MSN	0.923902217663626	0.00627978420091339	0.99832044829263	0.00627978420091339
MATN2	0.923976953857039	-0.00317911995131515	0.99832044829263	-0.00317911995131515
PDZRN4	0.924049728759753	-0.00977031295734753	0.99832044829263	-0.00977031295734753
AC090114.2	0.924088252380366	0.00523089028617771	0.99832044829263	0.00523089028617771
GATD1	0.924230051646278	0.00523624721152194	0.99832044829263	0.00523624721152194
SLC35F6	0.924276978777084	0.00683851688315186	0.99832044829263	0.00683851688315186
HERC2	0.924306275774157	0.00234718700079323	0.99832044829263	0.00234718700079323
UNC13C	0.924343732654124	0.0108339908514478	0.99832044829263	0.0108339908514478
DDX46	0.924374338152725	-0.00261634206993268	0.99832044829263	-0.00261634206993268
HLA-DMA	0.924503536517903	0.010671593395531	0.99832044829263	0.010671593395531
EXOSC10	0.92455164844949	0.00408569135392816	0.99832044829263	0.00408569135392816
KRTCAP2	0.92455905813545	0.00654135751471324	0.99832044829263	0.00654135751471324
AC063944.3	0.924752142832235	-0.00940768402092736	0.99832044829263	-0.00940768402092736
PAPSS1	0.924814424405169	-0.0025605590587177	0.99832044829263	-0.0025605590587177
WDR36	0.9248236317044	-0.00601692306220181	0.99832044829263	-0.00601692306220181
AC092835.1	0.924885919316458	0.00387269185938312	0.99832044829263	0.00387269185938312
ZFHX4-AS1	0.925045207863804	0.00738357981381694	0.99832044829263	0.00738357981381694
TRMT2B	0.92512147270452	0.0076559727690843	0.99832044829263	0.0076559727690843
VGLL4	0.925183991430158	0.00288942795741891	0.99832044829263	0.00288942795741891
LINC00960	0.925240047067846	-0.0112319018541872	0.99832044829263	-0.0112319018541872
PRKAA1	0.925282253529226	-0.00361329125047538	0.99832044829263	-0.00361329125047538
SNX18	0.925502619163447	-0.00582460010329895	0.99832044829263	-0.00582460010329895
MIR646HG	0.925532687849103	-0.0060497448657498	0.99832044829263	-0.0060497448657498
ATP6V0D2	0.925805387426198	0.0102851597056057	0.99832044829263	0.0102851597056057
CTDSPL2	0.925863450099519	0.00235595677889075	0.99832044829263	0.00235595677889075
ZNF720	0.925877072173413	0.00482481743439467	0.99832044829263	0.00482481743439467
SNCA	0.925977889038258	-0.0033109531046397	0.99832044829263	-0.0033109531046397
ZNF316	0.926036853685698	0.00431856183350273	0.99832044829263	0.00431856183350273
CACFD1	0.926219929689058	-0.00642539862424327	0.99832044829263	-0.00642539862424327
MAPKAPK5-AS1	0.926290706586437	0.00720449877387059	0.99832044829263	0.00720449877387059
HIVEP2	0.926295431145819	-0.00273180113366218	0.99832044829263	-0.00273180113366218
FLNC	0.926363317882912	0.00876229705117885	0.99832044829263	0.00876229705117885
ZKSCAN8	0.926372290774667	-0.00532026493547196	0.99832044829263	-0.00532026493547196
TRIM3	0.92647798170631	-0.00660619740498014	0.99832044829263	-0.00660619740498014
IQCK	0.926542262904043	0.00301166400302087	0.99832044829263	0.00301166400302087
FITM2	0.926617766236731	0.0071307755251874	0.99832044829263	0.0071307755251874
PARD6G-AS1	0.926722515700813	0.0102923510814829	0.99832044829263	0.0102923510814829
LONRF1	0.926737059913926	0.00528103535992384	0.99832044829263	0.00528103535992384
TOMM40	0.926858321128617	0.00436580477296288	0.99832044829263	0.00436580477296288
ATRX	0.92701468384405	0.00189779388075755	0.99832044829263	0.00189779388075755
DDHD2	0.927015325445781	-0.00418851855566984	0.99832044829263	-0.00418851855566984
SLC39A13	0.92715140460454	0.00639855282168717	0.99832044829263	0.00639855282168717
CTDP1	0.927329308056073	-0.00484560741825574	0.99832044829263	-0.00484560741825574
AC068724.3	0.927367963404997	-0.00529394327240447	0.99832044829263	-0.00529394327240447
TCEANC2	0.927388160265533	-0.00470624910028893	0.99832044829263	-0.00470624910028893
TMEM199	0.927471894332109	0.00763369680601694	0.99832044829263	0.00763369680601694
FSTL3	0.927506984099105	-0.0112941306691825	0.99832044829263	-0.0112941306691825
BTBD9	0.927515486864132	-0.00219184053628756	0.99832044829263	-0.00219184053628756
EHMT2	0.92773164684361	-0.00327278469143592	0.99832044829263	-0.00327278469143592
FAM200A	0.927913821822754	0.00468549862906569	0.99832044829263	0.00468549862906569
SYVN1	0.928036528335487	0.00526694663478992	0.99832044829263	0.00526694663478992
BAD	0.928184008498678	0.0069775888225513	0.99832044829263	0.0069775888225513
PCLO	0.928377134742463	0.00837044308290384	0.99832044829263	0.00837044308290384
RPL37	0.928379200430981	0.00417975312101589	0.99832044829263	0.00417975312101589
TBC1D9B	0.928554502718172	0.00374616975234179	0.99832044829263	0.00374616975234179
SVBP	0.928602199753447	-0.00866829523182155	0.99832044829263	-0.00866829523182155
MAST4	0.928665188597789	0.00493411635737105	0.99832044829263	0.00493411635737105
UGP2	0.92900394802632	-0.00340350338965457	0.99832044829263	-0.00340350338965457
MZT2A	0.929031046599133	0.00605038803038104	0.99832044829263	0.00605038803038104
ATP6V0B	0.929128124269795	-0.00472110185368789	0.99832044829263	-0.00472110185368789
AL035681.1	0.929133450222044	-0.00439720092156504	0.99832044829263	-0.00439720092156504
CPSF1	0.929391505035952	-0.00432359518863507	0.99832044829263	-0.00432359518863507
CHMP4A	0.929419778592153	0.00432792138973931	0.99832044829263	0.00432792138973931
AL589740.1	0.929433667581355	0.00290149352779405	0.99832044829263	0.00290149352779405
AAMDC	0.929480535475916	-0.00281933463657903	0.99832044829263	-0.00281933463657903
PBLD	0.929507067586045	0.00693516676666641	0.99832044829263	0.00693516676666641
LINC00513	0.929624082353516	-0.00787616007761716	0.99832044829263	-0.00787616007761716
P2RY11	0.929686714781222	0.00754757797528428	0.99832044829263	0.00754757797528428
TMCO1	0.929808509758819	-0.00489943574694446	0.99832044829263	-0.00489943574694446
RAPGEF2	0.929881153144891	0.00269215420460879	0.99832044829263	0.00269215420460879
GLUD1	0.9303133064437	0.00254542066855473	0.99832044829263	0.00254542066855473
PTPRF	0.930316143564937	0.00207316331241293	0.99832044829263	0.00207316331241293
AC023282.1	0.930363024908665	0.00530580281668134	0.99832044829263	0.00530580281668134
KCTD10	0.93051717692383	-0.005864244616491	0.99832044829263	-0.005864244616491
CST3	0.930649805753645	0.0108907415098269	0.99832044829263	0.0108907415098269
AKT2	0.93065990934421	0.00288512770343146	0.99832044829263	0.00288512770343146
PRR13	0.930707290457296	-0.00738466712512677	0.99832044829263	-0.00738466712512677
COP1	0.930720783344068	0.00206892283502725	0.99832044829263	0.00206892283502725
SEC62	0.930732247053388	-0.00330649590611785	0.99832044829263	-0.00330649590611785
ITPA	0.930732780060169	0.00443027011437206	0.99832044829263	0.00443027011437206
UBAP1L	0.930741329597636	0.00301175236195655	0.99832044829263	0.00301175236195655
LRRTM3	0.930910053241535	-0.00398722839360364	0.99832044829263	-0.00398722839360364
LGR4	0.931011086195838	-0.00337343190472048	0.99832044829263	-0.00337343190472048
KMT5A	0.931254582321733	-0.00415982006325465	0.99832044829263	-0.00415982006325465
NAPG	0.931372542581854	0.00270717834428948	0.99832044829263	0.00270717834428948
EEF1G	0.931517964113044	-0.00538986090432092	0.99832044829263	-0.00538986090432092
AURKAIP1	0.931573612997071	-0.00670106654658102	0.99832044829263	-0.00670106654658102
ZFAS1	0.931619128635344	-0.00530392511211747	0.99832044829263	-0.00530392511211747
BBS4	0.931687015361621	-0.00424495426043666	0.99832044829263	-0.00424495426043666
ZNF786	0.931771541143534	-0.00553508133070338	0.99832044829263	-0.00553508133070338
WDHD1	0.931801579496207	-0.00631027740675977	0.99832044829263	-0.00631027740675977
PDZRN3	0.931811899360049	-0.00893377970476084	0.99832044829263	-0.00893377970476084
SNX9	0.931848244458862	0.00194283743904271	0.99832044829263	0.00194283743904271
CYFIP2	0.932089790221307	-0.00474830039306367	0.99832044829263	-0.00474830039306367
RABL3	0.932286056105538	0.00520747887608773	0.99832044829263	0.00520747887608773
PSMD9	0.932290912097949	-0.00386986183401318	0.99832044829263	-0.00386986183401318
PTPDC1	0.932543936486157	0.00279348767232707	0.99832044829263	0.00279348767232707
RHOBTB3	0.932562789925548	0.00238319488157271	0.99832044829263	0.00238319488157271
NUP155	0.932601107904892	0.00441703679442441	0.99832044829263	0.00441703679442441
CHCHD3	0.932719754680251	-0.0020327589764507	0.99832044829263	-0.0020327589764507
HNRNPUL2	0.932781629399519	0.00393419067136855	0.99832044829263	0.00393419067136855
RAB21	0.932816774463357	-0.00264916133634302	0.99832044829263	-0.00264916133634302
FXYD6	0.932837163500802	0.00759258190210425	0.99832044829263	0.00759258190210425
WNK2	0.932866850910147	0.00962169841024778	0.99832044829263	0.00962169841024778
MAN2B1	0.932889497888385	0.00340167869527116	0.99832044829263	0.00340167869527116
AC007785.1	0.933112771403018	0.00474739679281832	0.99832044829263	0.00474739679281832
SERP2	0.933128815053637	-0.00410706176896852	0.99832044829263	-0.00410706176896852
DNAJA4	0.933219803067664	-0.00678143515768943	0.99832044829263	-0.00678143515768943
ACACB	0.933235222895567	0.0028186120475912	0.99832044829263	0.0028186120475912
PRKX	0.933283062125211	0.00518569976082028	0.99832044829263	0.00518569976082028
ABHD17A	0.933343683222617	0.00330687060502167	0.99832044829263	0.00330687060502167
COL9A3	0.93337390556909	-0.00452957440543744	0.99832044829263	-0.00452957440543744
RAB5IF	0.933484459387229	0.0073419217122899	0.99832044829263	0.0073419217122899
GTF2IRD2	0.933490019720912	-0.00316419224360066	0.99832044829263	-0.00316419224360066
ZNF675	0.933503546263383	-0.00470699714682786	0.99832044829263	-0.00470699714682786
ULK1	0.933546108086879	0.00375981920776634	0.99832044829263	0.00375981920776634
PCNA	0.933567127416285	-0.00728803531718502	0.99832044829263	-0.00728803531718502
RDH11	0.933623940722232	0.00364079639264139	0.99832044829263	0.00364079639264139
SOX6	0.933712110238639	0.00819098685716919	0.99832044829263	0.00819098685716919
PDIK1L	0.933737594049451	0.00489111023632302	0.99832044829263	0.00489111023632302
PHF21A	0.933793385529158	-0.00162464353272551	0.99832044829263	-0.00162464353272551
NSUN4	0.933821392936677	-0.00374867494688957	0.99832044829263	-0.00374867494688957
DFFB	0.933943910470324	0.00460169597411366	0.99832044829263	0.00460169597411366
LEPROT	0.933981196970507	-0.00523918639525805	0.99832044829263	-0.00523918639525805
CRKL	0.93399007083366	0.00353211189394502	0.99832044829263	0.00353211189394502
DCTN6	0.933999782358479	-0.00629767919670309	0.99832044829263	-0.00629767919670309
TMEM145	0.934002301780376	-0.00667957404179807	0.99832044829263	-0.00667957404179807
TMEM8A	0.934207989374561	-0.00627556959382241	0.99832044829263	-0.00627556959382241
CDH11	0.934590380000039	-0.00308654458474009	0.99832044829263	-0.00308654458474009
GPBP1	0.934708522100591	0.00164337516550514	0.99832044829263	0.00164337516550514
MFF	0.934748677303265	-0.00233227919729057	0.99832044829263	-0.00233227919729057
FAM8A1	0.934753590345844	-0.00539357233960938	0.99832044829263	-0.00539357233960938
MORF4L1	0.934756517479253	0.00287500403788702	0.99832044829263	0.00287500403788702
SMYD3	0.934807961391834	0.00354828601457148	0.99832044829263	0.00354828601457148
LURAP1L-AS1	0.934929061241761	0.00516145825314694	0.99832044829263	0.00516145825314694
UBXN6	0.934982402793094	0.00554016866362817	0.99832044829263	0.00554016866362817
FAM214A	0.935089996309743	-0.00254216192887496	0.99832044829263	-0.00254216192887496
CYHR1	0.935179831121219	-0.00341896397534048	0.99832044829263	-0.00341896397534048
ARHGEF2	0.935181573994478	-0.00204179751681785	0.99832044829263	-0.00204179751681785
C5	0.935200235026002	-0.00407411183283082	0.99832044829263	-0.00407411183283082
GOLIM4	0.935248190630125	0.00446907579477741	0.99832044829263	0.00446907579477741
AP005901.5	0.935273905907282	-0.00736509068192441	0.99832044829263	-0.00736509068192441
R3HDM1	0.935369697252716	-0.00365764983902603	0.99832044829263	-0.00365764983902603
ZC3H13	0.935527059835961	0.0022215904638684	0.99832044829263	0.0022215904638684
UCK1	0.935648428488921	-0.00644671377782543	0.99832044829263	-0.00644671377782543
ZNF460	0.935721453920722	-0.00718514607958746	0.99832044829263	-0.00718514607958746
EIF1AX	0.935749417458394	-0.00356100186992127	0.99832044829263	-0.00356100186992127
TMEM125	0.935938640377271	0.00517505648898235	0.99832044829263	0.00517505648898235
NCAM2	0.935951065494268	0.00123969884293969	0.99832044829263	0.00123969884293969
MMP24OS	0.936046352560163	0.00309254561595144	0.99832044829263	0.00309254561595144
LINC00609	0.936050902226256	0.00230312624456434	0.99832044829263	0.00230312624456434
PRELID1	0.936213546117549	0.00699213371362126	0.99832044829263	0.00699213371362126
TDRD7	0.93649005243932	0.00372146847078304	0.99832044829263	0.00372146847078304
POU3F3	0.93674689468227	0.00255136002505323	0.99832044829263	0.00255136002505323
FBXO25	0.936791656287632	0.00310211075989711	0.99832044829263	0.00310211075989711
CCNK	0.936826571197361	0.00391346021523387	0.99832044829263	0.00391346021523387
RBAK	0.936948241941865	0.0054426802449035	0.99832044829263	0.0054426802449035
APTR	0.937073234553561	0.0034199867287289	0.99832044829263	0.0034199867287289
PMP22	0.937087958358639	-0.00243967499525503	0.99832044829263	-0.00243967499525503
KNDC1	0.937210330429996	-0.00910616234727597	0.99832044829263	-0.00910616234727597
ERI2	0.937250362399085	0.0048020556022629	0.99832044829263	0.0048020556022629
SPACA6	0.937250594165059	0.00336132987575978	0.99832044829263	0.00336132987575978
RPS4X	0.937481413728885	0.00547916524410289	0.99832044829263	0.00547916524410289
SBDS	0.937561982965297	-0.0049021474751035	0.99832044829263	-0.0049021474751035
DUSP26	0.937572525909605	0.00743124997005304	0.99832044829263	0.00743124997005304
DHFR	0.937599166312233	-0.00524348854240167	0.99832044829263	-0.00524348854240167
ZNF710-AS1	0.937661084821936	0.00589753506633253	0.99832044829263	0.00589753506633253
LINC01416	0.937685530223491	-0.00551138723915452	0.99832044829263	-0.00551138723915452
KIF5A	0.937693919575905	0.0102648993499261	0.99832044829263	0.0102648993499261
TRNAU1AP	0.937835605265442	-0.0026897765770343	0.99832044829263	-0.0026897765770343
C18orf32	0.937851568496256	0.00444897155296331	0.99832044829263	0.00444897155296331
RPRD1A	0.937993381395122	-0.0019251502466677	0.99832044829263	-0.0019251502466677
GEMIN2	0.938169042824884	0.00587881540051438	0.99832044829263	0.00587881540051438
ZSWIM6	0.9382187763233	0.00135647021768997	0.99832044829263	0.00135647021768997
NDUFB7	0.938258275759708	0.00538543865085527	0.99832044829263	0.00538543865085527
AL162391.1	0.938297781570698	0.00550308876496702	0.99832044829263	0.00550308876496702
PYROXD2	0.938435009028579	0.00472137746159501	0.99832044829263	0.00472137746159501
NRAS	0.938449275381692	-0.0055138227781214	0.99832044829263	-0.0055138227781214
FAM104B	0.938474607097274	-0.00629546133756197	0.99832044829263	-0.00629546133756197
TMEM246	0.938619813711299	-0.00451672653857907	0.99832044829263	-0.00451672653857907
PSMD8	0.938839120814662	0.00452156794827785	0.99832044829263	0.00452156794827785
COQ10B	0.93891265616148	0.00395345090408922	0.99832044829263	0.00395345090408922
GTPBP1	0.938988549972461	-0.00303264492144074	0.99832044829263	-0.00303264492144074
FBXO9	0.939183622594661	0.00235059473774773	0.99832044829263	0.00235059473774773
STX18	0.939214466856828	-0.00261180518496143	0.99832044829263	-0.00261180518496143
DISC1	0.939315821780768	-0.00254501659967051	0.99832044829263	-0.00254501659967051
RALYL	0.939320328441213	-0.00816731425069526	0.99832044829263	-0.00816731425069526
CNOT10	0.939332475926899	-0.00232522959489043	0.99832044829263	-0.00232522959489043
RPS6KL1	0.939557285290177	-0.00448246882865669	0.99832044829263	-0.00448246882865669
FAM3A	0.939687294386641	0.00405692922244899	0.99832044829263	0.00405692922244899
ROBO3	0.939689597536846	0.00529539877358092	0.99832044829263	0.00529539877358092
NOC4L	0.939770242915598	0.00636151432800556	0.99832044829263	0.00636151432800556
TMEM59	0.939897784576708	0.00228171162755417	0.99832044829263	0.00228171162755417
PACRG-AS3	0.940164968907743	0.00319917642797466	0.99832044829263	0.00319917642797466
ZFAND2A	0.94026583846102	0.00659417285710857	0.99832044829263	0.00659417285710857
RRP12	0.940268875230511	0.00463801966065269	0.99832044829263	0.00463801966065269
NACAD	0.940502714072657	-0.0031378865069443	0.99832044829263	-0.0031378865069443
LRRC8C-DT	0.940714173164114	-0.00284942778137456	0.99832044829263	-0.00284942778137456
PAPOLG	0.940829765681017	0.00323711195080205	0.99832044829263	0.00323711195080205
GTF2F2	0.940846339481955	0.00221434708144303	0.99832044829263	0.00221434708144303
CPEB1	0.940849376288582	0.00205502037754428	0.99832044829263	0.00205502037754428
TYMS	0.941001719195578	-0.00498503283783146	0.99832044829263	-0.00498503283783146
NTAN1	0.941005387579909	0.00557560723335309	0.99832044829263	0.00557560723335309
MMGT1	0.941027229478294	0.00634384525040247	0.99832044829263	0.00634384525040247
STX7	0.941047159689081	0.00207617420435349	0.99832044829263	0.00207617420435349
SMARCD1	0.941168865839387	0.00351274922838076	0.99832044829263	0.00351274922838076
CLCA4	0.941323680668405	0.00364740782215253	0.99832044829263	0.00364740782215253
SRD5A3	0.941345304930829	-0.00333157282140073	0.99832044829263	-0.00333157282140073
CSRP1	0.941456094142125	0.00261645874195123	0.99832044829263	0.00261645874195123
DSEL	0.941485473077504	0.00228767617712501	0.99832044829263	0.00228767617712501
MAP2K1	0.941487161165343	-0.00342104446653928	0.99832044829263	-0.00342104446653928
CCDC102B	0.941550710238943	-0.00324840614159383	0.99832044829263	-0.00324840614159383
KPNA1	0.941722457853623	-0.00201061132062314	0.99832044829263	-0.00201061132062314
POLR2B	0.941748470152645	-0.00233453682944768	0.99832044829263	-0.00233453682944768
GMDS	0.941796094568015	0.0029546842998616	0.99832044829263	0.0029546842998616
FP565260.1	0.941896850443149	-0.0071472648227744	0.99832044829263	-0.0071472648227744
RBM15B	0.94195445111882	-0.00545341182450502	0.99832044829263	-0.00545341182450502
GSK3A	0.942021110025213	-0.0039927008034653	0.99832044829263	-0.0039927008034653
RALGAPA2	0.942101808108296	-0.0019420838589322	0.99832044829263	-0.0019420838589322
GNAI1	0.942170131490236	0.00154598135015599	0.99832044829263	0.00154598135015599
ISG20L2	0.942207953092814	0.00563190723760679	0.99832044829263	0.00563190723760679
P3H2	0.942342342319828	-0.00614807852093593	0.99832044829263	-0.00614807852093593
CHUK	0.94240541543223	0.00351619679076474	0.99832044829263	0.00351619679076474
POPDC3	0.942554366405839	-0.00565241755367553	0.99832044829263	-0.00565241755367553
ZNF701	0.942843441218303	0.00363441738123787	0.99832044829263	0.00363441738123787
PNPLA6	0.942886712659911	-0.00244032017640876	0.99832044829263	-0.00244032017640876
DNAJB14	0.94289189827084	0.00265239340217726	0.99832044829263	0.00265239340217726
MAGI1	0.942893546400282	0.00146476335194895	0.99832044829263	0.00146476335194895
CCNH	0.942895746182918	-0.00145505825598432	0.99832044829263	-0.00145505825598432
NDUFA3	0.943143909542499	0.0069927521766953	0.99832044829263	0.0069927521766953
ZNF415	0.943609770478794	0.00374922392901977	0.99832044829263	0.00374922392901977
TMBIM6	0.943644291132762	0.00286110187287747	0.99832044829263	0.00286110187287747
BORCS8	0.943912494072732	-0.00515169040862428	0.99832044829263	-0.00515169040862428
KLHDC3	0.944022557247611	0.00477798760613109	0.99832044829263	0.00477798760613109
BLOC1S2	0.944050642879238	0.00485364377592362	0.99832044829263	0.00485364377592362
MLH3	0.94418211051927	0.00187885440700689	0.99832044829263	0.00187885440700689
ZNF317	0.944191973518987	0.00451397660714614	0.99832044829263	0.00451397660714614
TAF1B	0.944194670197986	0.00369325581872839	0.99832044829263	0.00369325581872839
PNISR	0.944242749672801	-0.00183779024983547	0.99832044829263	-0.00183779024983547
TRIM16	0.944412765122237	-0.00295954950367569	0.99832044829263	-0.00295954950367569
SNRNP27	0.944416882061105	-0.0048549308437472	0.99832044829263	-0.0048549308437472
TMEM161A	0.944427825839065	0.00348508111952647	0.99832044829263	0.00348508111952647
FIS1	0.944432303142275	-0.00313270767836725	0.99832044829263	-0.00313270767836725
CCDC77	0.944509914189051	0.00404363326978928	0.99832044829263	0.00404363326978928
EEF1A2	0.944737852685219	-0.0112763490466003	0.99832044829263	-0.0112763490466003
NDUFA13	0.944768012808378	-0.00403724673906812	0.99832044829263	-0.00403724673906812
OSER1	0.944803585096368	-0.00515568265043458	0.99832044829263	-0.00515568265043458
MPHOSPH9	0.944861134712509	0.00242070770225176	0.99832044829263	0.00242070770225176
AHSA1	0.944869107699308	0.00400752945796834	0.99832044829263	0.00400752945796834
ZNF354A	0.944887386719129	0.00397502257842775	0.99832044829263	0.00397502257842775
TRAPPC10	0.944970122332851	-0.00176099747657356	0.99832044829263	-0.00176099747657356
FAM3C	0.945164633852331	0.00463881003218068	0.99832044829263	0.00463881003218068
ZNF790	0.94517910751041	-0.00365481077021247	0.99832044829263	-0.00365481077021247
LIN54	0.945303095770967	0.00249285517869865	0.99832044829263	0.00249285517869865
TMEM134	0.945345924770899	0.0046098558204102	0.99832044829263	0.0046098558204102
PLXNA3	0.945434310088511	-0.00431324466506412	0.99832044829263	-0.00431324466506412
DHDDS	0.945555175613923	0.00382025104819664	0.99832044829263	0.00382025104819664
IPO13	0.945648439244797	0.00249059273744139	0.99832044829263	0.00249059273744139
AC023509.6	0.946061181646407	-0.00646925939483908	0.99832044829263	-0.00646925939483908
RIF1	0.946078265939497	0.00156453701528555	0.99832044829263	0.00156453701528555
USP24	0.946079322233547	0.00183728179468288	0.99832044829263	0.00183728179468288
UHRF1	0.946081081783031	0.00553644491093686	0.99832044829263	0.00553644491093686
AP002336.2	0.946154341671711	0.00603213059858501	0.99832044829263	0.00603213059858501
LINC01578	0.946156725049434	-0.0017708724939424	0.99832044829263	-0.0017708724939424
ARF4	0.946391697828813	-0.00409807810942299	0.99832044829263	-0.00409807810942299
AAK1	0.946405243853388	-0.00160634103777623	0.99832044829263	-0.00160634103777623
ZNF510	0.946448501646993	0.00401999579728018	0.99832044829263	0.00401999579728018
VMA21	0.946661353159855	0.0039895537680125	0.99832044829263	0.0039895537680125
CDKL5	0.946760104903603	-0.00284528560416846	0.99832044829263	-0.00284528560416846
RPS18	0.946931231576255	0.00457594204010673	0.99832044829263	0.00457594204010673
COG2	0.947052152792162	-0.00252408516274464	0.99832044829263	-0.00252408516274464
OGA	0.947124307115307	-0.00204134382936365	0.99832044829263	-0.00204134382936365
RALGAPB	0.947321081727241	-0.00164187650628174	0.99832044829263	-0.00164187650628174
SLC38A6	0.94742241973376	0.00324701847760881	0.99832044829263	0.00324701847760881
SCAPER	0.947428653003363	-0.00145075607599745	0.99832044829263	-0.00145075607599745
MTMR14	0.947473396466887	0.00283856883415672	0.99832044829263	0.00283856883415672
TSGA10	0.947509867276025	-0.0022021753690533	0.99832044829263	-0.0022021753690533
MIF	0.947582651849868	-0.00634045552989883	0.99832044829263	-0.00634045552989883
SCAF1	0.947741427846374	-0.00396832569998873	0.99832044829263	-0.00396832569998873
KIAA0408	0.94786147568807	-0.00400319027347988	0.99832044829263	-0.00400319027347988
IARS2	0.947888715757307	0.00289200005633587	0.99832044829263	0.00289200005633587
AGL	0.947974082818309	0.00299474715943651	0.99832044829263	0.00299474715943651
NCOR1	0.947974306037349	-0.00105372584440002	0.99832044829263	-0.00105372584440002
SFPQ	0.948032196332479	-0.00159478306010838	0.99832044829263	-0.00159478306010838
C17orf49	0.948152512794438	0.00631566534259639	0.99832044829263	0.00631566534259639
UHMK1	0.948350696287053	-0.00309867741982125	0.99832044829263	-0.00309867741982125
PDXP	0.94846360696088	-0.00788094725103696	0.99832044829263	-0.00788094725103696
AC007614.1	0.948601787750629	0.00552205791553556	0.99832044829263	0.00552205791553556
GSK3B	0.948616187832897	-0.0015272150532749	0.99832044829263	-0.0015272150532749
YIPF1	0.948691787392647	-0.00355645861014237	0.99832044829263	-0.00355645861014237
LRRFIP1	0.948803665964773	-0.00864103010076617	0.99832044829263	-0.00864103010076617
TNS2	0.948817332695699	-0.00280089240726197	0.99832044829263	-0.00280089240726197
HSPA1A	0.948904466657742	0.0049838665754615	0.99832044829263	0.0049838665754615
DPF2	0.948970886938725	0.00229693942732963	0.99832044829263	0.00229693942732963
TMEM232	0.949140594696888	-0.00492953717028971	0.99832044829263	-0.00492953717028971
PACRG-AS1	0.949204857005665	0.00413595912886828	0.99832044829263	0.00413595912886828
RELCH	0.949387756287579	0.00132640027575386	0.99832044829263	0.00132640027575386
AARSD1	0.949429532961495	-0.00425998889350461	0.99832044829263	-0.00425998889350461
CIT	0.949434263072336	-0.00697521420037474	0.99832044829263	-0.00697521420037474
POLG	0.949448603167192	-0.00304203590409271	0.99832044829263	-0.00304203590409271
FBXO38	0.949636112399231	-0.00260618158805582	0.99832044829263	-0.00260618158805582
RAB6A	0.949656656341167	-0.00144484490545779	0.99832044829263	-0.00144484490545779
SORBS1	0.949712745000625	0.00475704302194439	0.99832044829263	0.00475704302194439
ZNF614	0.949727574843038	0.0044439907214315	0.99832044829263	0.0044439907214315
KATNBL1	0.94981992732264	0.00184617446227452	0.99832044829263	0.00184617446227452
ZNRF3	0.949947552487864	-0.00391811964229037	0.99832044829263	-0.00391811964229037
CLCN2	0.950287116106592	-0.00325648680151552	0.99832044829263	-0.00325648680151552
ZNF718	0.950460299688683	-0.00201359688851254	0.99832044829263	-0.00201359688851254
SNRNP70	0.950678202496687	-0.00138280294844829	0.99832044829263	-0.00138280294844829
LYSMD4	0.950853415894042	0.00288878810797301	0.99832044829263	0.00288878810797301
AP000787.1	0.95097781645761	0.00458397863939601	0.99832044829263	0.00458397863939601
INTS6L	0.951020351329529	0.00315226549482326	0.99832044829263	0.00315226549482326
TUT1	0.951323099978114	0.00412911320499146	0.99832044829263	0.00412911320499146
EMC3	0.951402745317643	0.00313375102337413	0.99832044829263	0.00313375102337413
STMN1	0.951502004931691	-0.00305122338048032	0.99832044829263	-0.00305122338048032
CEP57	0.951537492558717	-0.0019563877256584	0.99832044829263	-0.0019563877256584
IGBP1	0.951777785079259	-0.00250744498683245	0.99832044829263	-0.00250744498683245
PPP3R1	0.951975293459174	0.00243619307596618	0.99832044829263	0.00243619307596618
HIP1	0.952070793589621	-0.00124188624383957	0.99832044829263	-0.00124188624383957
VPS39	0.952099857837606	0.00181755343131155	0.99832044829263	0.00181755343131155
EFR3B	0.952204227578313	0.00247409795245461	0.99832044829263	0.00247409795245461
FADS3	0.952240140979994	0.00286551920968024	0.99832044829263	0.00286551920968024
AKAP11	0.952285006420967	-0.00206993660063757	0.99832044829263	-0.00206993660063757
NFYA	0.952471427034456	-0.00323671912877295	0.99832044829263	-0.00323671912877295
S100B	0.95250703908131	0.0025755906483466	0.99832044829263	0.0025755906483466
ZFAND5	0.952565396495539	0.00254633102702337	0.99832044829263	0.00254633102702337
MTRNR2L8	0.952582238053869	0.00627763129635119	0.99832044829263	0.00627763129635119
NOXA1	0.952626085746998	-0.00632436848952906	0.99832044829263	-0.00632436848952906
C21orf91	0.952733890346768	-0.00184573959484622	0.99832044829263	-0.00184573959484622
HNRNPUL1	0.952757328026405	0.00172434566881994	0.99832044829263	0.00172434566881994
TMF1	0.95279271051416	0.00191776163722633	0.99832044829263	0.00191776163722633
TP53I13	0.952854201017583	-0.00390490443126846	0.99832044829263	-0.00390490443126846
DBT	0.952877871270939	-0.00239571964965738	0.99832044829263	-0.00239571964965738
SPNS1	0.95289395875992	0.00348930127893811	0.99832044829263	0.00348930127893811
IGFL4	0.953215990145529	-0.00517990867571509	0.99832044829263	-0.00517990867571509
PGAP1	0.953320854845835	-0.00234477785932859	0.99832044829263	-0.00234477785932859
ZSCAN16-AS1	0.953682492294032	-0.00225372921616178	0.99832044829263	-0.00225372921616178
ACLY	0.953740580069306	0.00285371257286467	0.99832044829263	0.00285371257286467
HSD17B7	0.953773550543476	0.00265493737997597	0.99832044829263	0.00265493737997597
AC060780.1	0.953807065596885	0.00280810036686595	0.99832044829263	0.00280810036686595
WDR60	0.953824149916054	-0.00189360731772654	0.99832044829263	-0.00189360731772654
A1BG-AS1	0.953850179596035	-0.00339240517173133	0.99832044829263	-0.00339240517173133
NOL7	0.953975741391237	-0.00347373405789475	0.99832044829263	-0.00347373405789475
ZNF713	0.95407676748209	-0.00260132399723539	0.99832044829263	-0.00260132399723539
KLHL21	0.954085471894751	0.0023649661970846	0.99832044829263	0.0023649661970846
MIR99AHG	0.95409394392294	0.00125948515460814	0.99832044829263	0.00125948515460814
PHF1	0.954213528208185	0.00281788212242331	0.99832044829263	0.00281788212242331
ERC2	0.954215890091628	-0.00419459007147604	0.99832044829263	-0.00419459007147604
BEX4	0.954227518858685	-0.00330002619536408	0.99832044829263	-0.00330002619536408
TMEM68	0.954389359731247	0.00277896498372503	0.99832044829263	0.00277896498372503
SNX6	0.95445267178534	-0.00159973409958279	0.99832044829263	-0.00159973409958279
LINC02798	0.954588139702333	0.00368606585470806	0.99832044829263	0.00368606585470806
DDX17	0.954589495586252	-0.00104700606053778	0.99832044829263	-0.00104700606053778
OAF	0.954653018491211	0.00275360909201616	0.99832044829263	0.00275360909201616
DIPK2A	0.954720648598022	0.00167101183919037	0.99832044829263	0.00167101183919037
ITGB8	0.954786993847716	-0.00131310465493997	0.99832044829263	-0.00131310465493997
PHB	0.954791805781911	-0.00405663698413949	0.99832044829263	-0.00405663698413949
TCTE3	0.95492064901478	0.00549727360210005	0.99832044829263	0.00549727360210005
RPAP3	0.955149134882939	0.00297024421360146	0.99832044829263	0.00297024421360146
AC010145.1	0.955353511369931	0.00429669742671593	0.99832044829263	0.00429669742671593
THRB	0.955425092963706	0.00549728728094487	0.99832044829263	0.00549728728094487
ENO4	0.955434088234379	0.00421627137791766	0.99832044829263	0.00421627137791766
KIAA1191	0.955514905108129	-0.00338795910968482	0.99832044829263	-0.00338795910968482
DLG5	0.955585093443468	0.00229863104469321	0.99832044829263	0.00229863104469321
ZNF585A	0.955585451148025	0.00199536113422575	0.99832044829263	0.00199536113422575
C2orf68	0.955612078307661	-0.00247228163742094	0.99832044829263	-0.00247228163742094
RIC1	0.955721399769327	0.00233858634494946	0.99832044829263	0.00233858634494946
SNCB	0.955762790701103	0.00616835091901133	0.99832044829263	0.00616835091901133
KCNMB2	0.955779526130678	0.00581350777601106	0.99832044829263	0.00581350777601106
TSPAN7	0.955782419064823	0.00562008018375136	0.99832044829263	0.00562008018375136
EEF1AKMT2	0.95593260528446	-0.00228865681346522	0.99832044829263	-0.00228865681346522
ACOT13	0.955943273795797	-0.00302630814278407	0.99832044829263	-0.00302630814278407
CAMSAP2	0.956044904552721	0.00148152820099313	0.99832044829263	0.00148152820099313
CCDC159	0.956083961785759	0.00214205649886593	0.99832044829263	0.00214205649886593
MTRNR2L1	0.956189050230527	-0.0096271024761742	0.99832044829263	-0.0096271024761742
PAOX	0.956196652841608	0.00327867569611233	0.99832044829263	0.00327867569611233
GALNT8	0.956264935864897	0.0035264226317742	0.99832044829263	0.0035264226317742
PTPRA	0.956299464386626	-0.00115925577068133	0.99832044829263	-0.00115925577068133
ALDH16A1	0.956363789510208	0.00397163146913481	0.99832044829263	0.00397163146913481
MTX3	0.956450298376418	-0.00311154679587109	0.99832044829263	-0.00311154679587109
WWTR1	0.956493808518676	0.00261817517984485	0.99832044829263	0.00261817517984485
PTPN21	0.956879339542522	0.00254863756469674	0.99832044829263	0.00254863756469674
LYRM7	0.956883804856958	0.00205082246682772	0.99832044829263	0.00205082246682772
BLVRB	0.956936942297708	0.00452153650039671	0.99832044829263	0.00452153650039671
AC025580.3	0.956997040636388	-0.00375583150938269	0.99832044829263	-0.00375583150938269
FBRSL1	0.957074739619596	0.00204577862204408	0.99832044829263	0.00204577862204408
BRAF	0.957169372765791	0.00111813230549659	0.99832044829263	0.00111813230549659
CHST10	0.957213184352026	-0.00401489131893717	0.99832044829263	-0.00401489131893717
ERLIN2	0.95724467038684	0.00293627625702432	0.99832044829263	0.00293627625702432
SPTLC2	0.957390550868557	-0.00121949203341507	0.99832044829263	-0.00121949203341507
USF1	0.957501477679417	0.0042401143442813	0.99832044829263	0.0042401143442813
SLC27A1	0.957585604543221	0.00155637846735077	0.99832044829263	0.00155637846735077
FBXW7	0.957618473109066	0.00273518703934036	0.99832044829263	0.00273518703934036
ERICH1	0.957642471303677	0.00210631088989873	0.99832044829263	0.00210631088989873
SYBU	0.957648846689815	0.00839310752894914	0.99832044829263	0.00839310752894914
ATP1A1-AS1	0.957649208516482	0.00249850096511523	0.99832044829263	0.00249850096511523
PSG8	0.957749593582521	0.00420228945149237	0.99832044829263	0.00420228945149237
TAX1BP3	0.957806201780148	-0.00406835972397198	0.99832044829263	-0.00406835972397198
GOT1	0.958097582000853	0.00282028154213552	0.99832044829263	0.00282028154213552
HMBOX1	0.95820597189074	0.00132477399695764	0.99832044829263	0.00132477399695764
SNW1	0.958307856249739	-0.00186904914243867	0.99832044829263	-0.00186904914243867
PAXBP1	0.958391737452827	-0.00157722925278223	0.99832044829263	-0.00157722925278223
ADARB2	0.95839905748657	0.00172036050032685	0.99832044829263	0.00172036050032685
LINC01355	0.958473467927938	-0.00311092215662211	0.99832044829263	-0.00311092215662211
ZNF282	0.958474758391372	0.00271751551003114	0.99832044829263	0.00271751551003114
MTCH2	0.958555340247899	-0.001936980868844	0.99832044829263	-0.001936980868844
AC138150.1	0.95871228535356	-0.00281142244477818	0.99832044829263	-0.00281142244477818
USP21	0.95873770714806	-0.00439616971519583	0.99832044829263	-0.00439616971519583
RNASEH1	0.958778869112362	0.00282171784810446	0.99832044829263	0.00282171784810446
ABLIM1	0.958796905237642	0.00561235368992275	0.99832044829263	0.00561235368992275
WAC	0.958866860996556	0.000989043277542865	0.99832044829263	0.000989043277542865
SCRIB	0.958879742137174	0.00247920202294871	0.99832044829263	0.00247920202294871
CRAT	0.958888610013205	0.00425012886419838	0.99832044829263	0.00425012886419838
SAR1A	0.959127171778465	0.0025360732474464	0.99832044829263	0.0025360732474464
POLR1B	0.959356491099597	-0.0038029842857345	0.99832044829263	-0.0038029842857345
RAB2B	0.959364425738786	0.00231246789162705	0.99832044829263	0.00231246789162705
NUBP2	0.959379240723058	0.00328216786873535	0.99832044829263	0.00328216786873535
DMD	0.959796741583877	0.00111521243684455	0.99832044829263	0.00111521243684455
ZNF765	0.959891452245796	0.00216251511126014	0.99832044829263	0.00216251511126014
PPDPF	0.959949128392101	-0.00310318386143312	0.99832044829263	-0.00310318386143312
SURF6	0.959954369240149	0.00336634457798181	0.99832044829263	0.00336634457798181
USP34	0.960116487131532	0.000836691570459307	0.99832044829263	0.000836691570459307
RFC3	0.960184052717599	0.00250109823802391	0.99832044829263	0.00250109823802391
GNA13	0.960484480828851	0.0018939698425183	0.99832044829263	0.0018939698425183
MGAT1	0.960782918039059	0.00230879265535849	0.99832044829263	0.00230879265535849
CCDC90B	0.960798851082382	0.00230966536224648	0.99832044829263	0.00230966536224648
RAD51D	0.960853604984146	0.00211537766076207	0.99832044829263	0.00211537766076207
KAT6A	0.960950149608814	-0.00101471123771124	0.99832044829263	-0.00101471123771124
SEC11C	0.961250431134572	-0.00279988966449736	0.99832044829263	-0.00279988966449736
UBL7-AS1	0.961260723414999	0.00306681335787569	0.99832044829263	0.00306681335787569
DCAF17	0.961352494352338	-0.00153576001337118	0.99832044829263	-0.00153576001337118
ACBD6	0.961360156838653	0.00100869367340186	0.99832044829263	0.00100869367340186
ZNF558	0.96139688880224	-0.00293230607936827	0.99832044829263	-0.00293230607936827
MTHFR	0.961588348007672	0.00208169868450806	0.99832044829263	0.00208169868450806
ARL17B	0.961796669009599	0.00395622746814433	0.99832044829263	0.00395622746814433
RPAIN	0.961905565258287	-0.00187446672410841	0.99832044829263	-0.00187446672410841
MRPL55	0.961994828888841	0.00452167373524549	0.99832044829263	0.00452167373524549
MTRF1	0.962115246255336	0.00324128919742867	0.99832044829263	0.00324128919742867
REV1	0.962347411014283	-0.00128051915730407	0.99832044829263	-0.00128051915730407
SUPT20H	0.962354024862025	0.00153050885143985	0.99832044829263	0.00153050885143985
SH3BP5	0.962422795317478	-0.00188734105097874	0.99832044829263	-0.00188734105097874
SLC6A8	0.96272766248129	0.00147333046186508	0.99832044829263	0.00147333046186508
AC006480.2	0.962858090478694	0.00380586105207121	0.99832044829263	0.00380586105207121
DVL2	0.962887689118443	-0.00299686597200903	0.99832044829263	-0.00299686597200903
KREMEN1	0.962975416364691	0.00320231873759735	0.99832044829263	0.00320231873759735
ARPIN	0.963113445796762	0.00402301610735577	0.99832044829263	0.00402301610735577
FTSJ3	0.96318844402029	0.00361660199129228	0.99832044829263	0.00361660199129228
NDUFA12	0.963326171161434	0.00435161942378643	0.99832044829263	0.00435161942378643
NSUN5	0.963331312373316	-0.00279402946894616	0.99832044829263	-0.00279402946894616
KLHL3	0.963571472202951	-0.00124879173877112	0.99832044829263	-0.00124879173877112
MRVI1-AS1	0.96358606148716	-0.00347755800603366	0.99832044829263	-0.00347755800603366
PARP10	0.963592205052529	0.0040084121786149	0.99832044829263	0.0040084121786149
RING1	0.963602321117385	-0.0019248751242514	0.99832044829263	-0.0019248751242514
SRCIN1	0.963683289665513	0.000961914645695111	0.99832044829263	0.000961914645695111
PLCG2	0.963731768103557	0.00305009298547293	0.99832044829263	0.00305009298547293
PRRT1	0.963740379509482	0.0049767772611612	0.99832044829263	0.0049767772611612
DLC1	0.96387521983916	-0.00103964155489881	0.99832044829263	-0.00103964155489881
PELP1	0.963906185847862	-0.0017676492845845	0.99832044829263	-0.0017676492845845
BORCS7	0.963965504716905	-0.00249306727013787	0.99832044829263	-0.00249306727013787
EPG5	0.963982149442914	-0.00162215031092113	0.99832044829263	-0.00162215031092113
AC096677.1	0.964045083949315	0.00172365608808264	0.99832044829263	0.00172365608808264
TMEM165	0.964071758087037	-0.000731446287516916	0.99832044829263	-0.000731446287516916
SLC45A3	0.964305128216445	0.00196303847232976	0.99832044829263	0.00196303847232976
AL590550.1	0.964347736518099	0.00387887986427921	0.99832044829263	0.00387887986427921
ELOB	0.964357611310543	0.00349015975355972	0.99832044829263	0.00349015975355972
TENT4B	0.964508010350723	-0.00157633755315733	0.99832044829263	-0.00157633755315733
CSGALNACT1	0.964529947738812	-0.00473259721448152	0.99832044829263	-0.00473259721448152
PSMB2	0.964535809060694	0.00258587444555427	0.99832044829263	0.00258587444555427
NEDD8	0.964766318910895	-0.0026100526160688	0.99832044829263	-0.0026100526160688
FBXO33	0.964795980801331	-0.00182288724372772	0.99832044829263	-0.00182288724372772
BACE2	0.964838961590354	0.00351180673600892	0.99832044829263	0.00351180673600892
FGF14	0.964932264200209	-0.00405784759985922	0.99832044829263	-0.00405784759985922
PIR	0.96500095328217	-0.00160106644854584	0.99832044829263	-0.00160106644854584
CCDC117	0.965052211894436	-0.00256437746624936	0.99832044829263	-0.00256437746624936
AL354696.2	0.965076082060961	0.00218240008110706	0.99832044829263	0.00218240008110706
SLC6A1	0.965111115944265	0.00146126802212844	0.99832044829263	0.00146126802212844
NFU1	0.965153769045075	-0.001764825225075	0.99832044829263	-0.001764825225075
PRR5L	0.965156081329455	-0.00126333131243354	0.99832044829263	-0.00126333131243354
RPL11	0.965197513910925	0.00248454319141021	0.99832044829263	0.00248454319141021
CTSA	0.96519932168357	-0.00395408615435529	0.99832044829263	-0.00395408615435529
CSRNP2	0.965234494551419	0.00227314724213704	0.99832044829263	0.00227314724213704
INTS6	0.96530573228971	-0.00114723722969452	0.99832044829263	-0.00114723722969452
STAM	0.965333837753752	0.00130862536773743	0.99832044829263	0.00130862536773743
IFIT1	0.965335448706915	-0.00426389269915572	0.99832044829263	-0.00426389269915572
NRIP2	0.965367559493329	-0.00396927242052112	0.99832044829263	-0.00396927242052112
NSMCE1-DT	0.965576926654667	0.00316942186773719	0.99832044829263	0.00316942186773719
PPP1CC	0.965585024019198	0.00200126199178058	0.99832044829263	0.00200126199178058
DDX6	0.965585553330961	0.00101307323174019	0.99832044829263	0.00101307323174019
LINC01004	0.965711189545007	0.00134290016441725	0.99832044829263	0.00134290016441725
TSPAN5	0.965774513590338	0.000762572236353428	0.99832044829263	0.000762572236353428
MTREX	0.965794158925399	0.00121764559157681	0.99832044829263	0.00121764559157681
LINC00106	0.965830983819093	-0.00303122722273068	0.99832044829263	-0.00303122722273068
CPXM2	0.966016911860147	-0.00423404782238035	0.99832044829263	-0.00423404782238035
ADRM1	0.966070621576633	-0.00315374893622345	0.99832044829263	-0.00315374893622345
TMEM151A	0.966247530381516	-0.0019587417570109	0.99832044829263	-0.0019587417570109
AAR2	0.966281016599037	0.00247871070479166	0.99832044829263	0.00247871070479166
NRAD1	0.966622800655682	0.0023914285356538	0.99832044829263	0.0023914285356538
SIDT2	0.966725826754678	0.00188120622578884	0.99832044829263	0.00188120622578884
RPS11	0.967044562388339	-0.00260789840336809	0.99832044829263	-0.00260789840336809
D2HGDH	0.967152172196598	-0.00192456900809443	0.99832044829263	-0.00192456900809443
TIMMDC1	0.967307173528764	0.00152477217398572	0.99832044829263	0.00152477217398572
NUMB	0.967465152411063	-0.00134652833868682	0.99832044829263	-0.00134652833868682
SFMBT2	0.967650257717601	-0.00135362597689358	0.99832044829263	-0.00135362597689358
NFAT5	0.967661166876587	-0.000914421794416713	0.99832044829263	-0.000914421794416713
KCNK10	0.967728257621444	-0.00236801035171724	0.99832044829263	-0.00236801035171724
MRPS23	0.967793806019161	-0.0022948939585915	0.99832044829263	-0.0022948939585915
NMT2	0.968025952603386	-0.00276362657958079	0.99832044829263	-0.00276362657958079
DIS3L2	0.96803427263975	-0.00097167941612966	0.99832044829263	-0.00097167941612966
FZR1	0.968159134473675	-0.00161737450807557	0.99832044829263	-0.00161737450807557
ADCY5	0.968253464159293	0.000946047570033382	0.99832044829263	0.000946047570033382
MAP3K3	0.968300816801232	-0.00116564036366307	0.99832044829263	-0.00116564036366307
ADCY2	0.968421699652392	0.00420399642578677	0.99832044829263	0.00420399642578677
AC105916.1	0.968431881912483	0.0018407882845685	0.99832044829263	0.0018407882845685
NHLRC2	0.968530966030227	0.00112772486019382	0.99832044829263	0.00112772486019382
TNIP1	0.968537348642602	-0.00201079736885025	0.99832044829263	-0.00201079736885025
PRKAA2	0.968600793573729	0.00383311280691745	0.99832044829263	0.00383311280691745
RP9	0.968682029571209	0.00225723829018112	0.99832044829263	0.00225723829018112
MROH8	0.968738246130866	-0.00252234747591239	0.99832044829263	-0.00252234747591239
KIF13A	0.968951902925223	-0.000728698447131629	0.99832044829263	-0.000728698447131629
GTF2A2	0.969014420673505	-0.0021583062349259	0.99832044829263	-0.0021583062349259
GALNT1	0.969207269789722	-0.00139034178177526	0.99832044829263	-0.00139034178177526
MARK2	0.969365451759887	-0.00103550371598151	0.99832044829263	-0.00103550371598151
HECTD1	0.969477015066392	-0.000943781200575669	0.99832044829263	-0.000943781200575669
FKBP3	0.969570033338495	-0.00216160007923657	0.99832044829263	-0.00216160007923657
PAXX	0.969610214293495	0.00199669455836344	0.99832044829263	0.00199669455836344
UBA6-AS1	0.96979807864335	-0.00136638955003012	0.99832044829263	-0.00136638955003012
PXDNL	0.969882269503664	-0.00208957426049099	0.99832044829263	-0.00208957426049099
PIK3R1	0.969926720835933	0.00081346878001297	0.99832044829263	0.00081346878001297
FUT11	0.969939665637139	0.00179928339183878	0.99832044829263	0.00179928339183878
CD63	0.970152016467359	0.00264744414401789	0.99832044829263	0.00264744414401789
UNC13B	0.97019128620957	0.00144892812638436	0.99832044829263	0.00144892812638436
PRRC1	0.970207548566859	0.00192018467191851	0.99832044829263	0.00192018467191851
SYT4	0.970329237630958	0.00418665028392762	0.99832044829263	0.00418665028392762
UFM1	0.970331632762772	0.00167901556484784	0.99832044829263	0.00167901556484784
MTERF2	0.970370647554159	-0.0024086988999561	0.99832044829263	-0.0024086988999561
CEP128	0.970406023689285	0.00104441071621184	0.99832044829263	0.00104441071621184
CAVIN1	0.970493964741009	0.00223889868029963	0.99832044829263	0.00223889868029963
CAPZA2	0.970856533163418	0.00161714321829544	0.99832044829263	0.00161714321829544
ADIPOR1	0.970985226246039	-0.00201132311481	0.99832044829263	-0.00201132311481
LINC00662	0.971035530662912	0.00113249063046242	0.99832044829263	0.00113249063046242
ATPAF1	0.97104588301605	0.0014567225815777	0.99832044829263	0.0014567225815777
DCAF7	0.971056048068921	0.00110899054977325	0.99832044829263	0.00110899054977325
CPM	0.971100964194594	0.0009885870370694	0.99832044829263	0.0009885870370694
AGFG1	0.971170501638218	-0.000824346213902948	0.99832044829263	-0.000824346213902948
PPIB	0.971240744804821	0.00240470072862812	0.99832044829263	0.00240470072862812
TAOK1	0.971310688689994	-0.000736864351078776	0.99832044829263	-0.000736864351078776
LSM8	0.97141432505884	-0.00141072924368659	0.99832044829263	-0.00141072924368659
CNTN3	0.971604593149214	-0.00348439466755361	0.99832044829263	-0.00348439466755361
ERCC6	0.971718450988717	-0.00151572209706107	0.99832044829263	-0.00151572209706107
BTD	0.971859420558775	-0.00134596010178094	0.99832044829263	-0.00134596010178094
P2RX4	0.972172017951157	0.00173502603672028	0.99832044829263	0.00173502603672028
AFF1	0.972278586364434	-0.000988721613914123	0.99832044829263	-0.000988721613914123
PROX1-AS1	0.972300765102505	-0.00177970993621291	0.99832044829263	-0.00177970993621291
INTU	0.972318466798365	0.00210083226719853	0.99832044829263	0.00210083226719853
NUP210L	0.972350589446787	0.00283157812405027	0.99832044829263	0.00283157812405027
ZNF436-AS1	0.972443343289727	0.00329094944511032	0.99832044829263	0.00329094944511032
PSPH	0.972484597166958	-0.00161704538257856	0.99832044829263	-0.00161704538257856
RB1	0.97254207378179	-0.00077574840574767	0.99832044829263	-0.00077574840574767
CNPY3	0.972551992892632	0.00301715343431863	0.99832044829263	0.00301715343431863
C16orf72	0.972666422558362	-0.0016904009458213	0.99832044829263	-0.0016904009458213
HIRIP3	0.972683641957175	0.00234604190754217	0.99832044829263	0.00234604190754217
GK	0.972881721190023	-0.00195401256443957	0.99832044829263	-0.00195401256443957
CLN3	0.972913639107589	0.00143205678369067	0.99832044829263	0.00143205678369067
TTTY14	0.972978946776374	0.0018189701945011	0.99832044829263	0.0018189701945011
NCAPD2	0.973057476753362	0.00164441975139324	0.99832044829263	0.00164441975139324
LSM2	0.973709292920377	-0.00224598074257973	0.99832044829263	-0.00224598074257973
ARFGAP1	0.973806305587857	-0.00125479463489052	0.99832044829263	-0.00125479463489052
RNF208	0.973901833349865	-0.00348693709061077	0.99832044829263	-0.00348693709061077
AGAP3	0.973916681845097	0.000897018873712772	0.99832044829263	0.000897018873712772
RPS23	0.974083044130455	-0.0022314653010372	0.99832044829263	-0.0022314653010372
AC105383.1	0.97431038662082	-0.0011865789883612	0.99832044829263	-0.0011865789883612
RTRAF	0.97431627606091	0.00191474215949621	0.99832044829263	0.00191474215949621
LINC01473	0.974419554660558	-0.000826521779272741	0.99832044829263	-0.000826521779272741
DNTTIP1	0.974678449288426	0.00240594961718266	0.99832044829263	0.00240594961718266
ZNF606	0.974696801801534	0.00200711945698241	0.99832044829263	0.00200711945698241
CD46	0.974704225766139	-0.000969093004002708	0.99832044829263	-0.000969093004002708
RPL41	0.974815190097125	0.00225185005072267	0.99832044829263	0.00225185005072267
ZNF177	0.974888618714313	-0.00175791602555095	0.99832044829263	-0.00175791602555095
CCT8	0.97490520904039	0.00241735358323844	0.99832044829263	0.00241735358323844
MAP4K3-DT	0.974914344918512	-0.00239135166293152	0.99832044829263	-0.00239135166293152
PAFAH1B1	0.975172494267191	0.000630738741389702	0.99832044829263	0.000630738741389702
SLC22A23	0.975176410815619	0.000715797922460349	0.99832044829263	0.000715797922460349
POU2F1	0.975470167580929	0.000661782572387406	0.99832044829263	0.000661782572387406
IL17RA	0.975716280729056	-0.00160664637273361	0.99832044829263	-0.00160664637273361
LCLAT1	0.975734339576345	0.00185525604663119	0.99832044829263	0.00185525604663119
TSPYL4	0.975825906275717	-0.00299736947294237	0.99832044829263	-0.00299736947294237
CNEP1R1	0.975874259380719	0.0020732946313746	0.99832044829263	0.0020732946313746
RAC1	0.975940639001301	0.00124604923135229	0.99832044829263	0.00124604923135229
AVIL	0.975991802148911	0.00176916154683327	0.99832044829263	0.00176916154683327
DDIT3	0.976145001817489	-0.00242787138593334	0.99832044829263	-0.00242787138593334
CHCHD10	0.976392037019146	-0.00288819983305943	0.99832044829263	-0.00288819983305943
SLC9A6	0.976398231207732	0.00169117758411605	0.99832044829263	0.00169117758411605
ITGB1BP1	0.97641667684714	-0.00105070557523459	0.99832044829263	-0.00105070557523459
LRRC8D	0.976588260120161	0.000597031064254604	0.99832044829263	0.000597031064254604
GFOD1	0.97689960616374	0.00162087241352849	0.99832044829263	0.00162087241352849
NDUFB5	0.976906100357074	0.00240995590348627	0.99832044829263	0.00240995590348627
DCP1A	0.977035094962906	0.000762328944540477	0.99832044829263	0.000762328944540477
LINC00240	0.977132555353985	0.00156099361275398	0.99832044829263	0.00156099361275398
AC005070.3	0.977154069445365	0.00181734350189014	0.99832044829263	0.00181734350189014
OGFR	0.977205424271616	-0.00140912670073008	0.99832044829263	-0.00140912670073008
IL17D	0.977262272583215	0.00163937049744852	0.99832044829263	0.00163937049744852
NCOR2	0.977272600852456	0.000741795191844768	0.99832044829263	0.000741795191844768
ARMCX2	0.977311403255143	-0.0024471070210155	0.99832044829263	-0.0024471070210155
HAGH	0.977391996300753	-0.00084990126074342	0.99832044829263	-0.00084990126074342
DYNLL2	0.977489972921988	0.00143809651561529	0.99832044829263	0.00143809651561529
NPRL2	0.977547916742677	-0.00202741591206413	0.99832044829263	-0.00202741591206413
TOM1	0.977549831793917	-0.00133280330990667	0.99832044829263	-0.00133280330990667
STK4	0.977641501822275	0.00102911098692761	0.99832044829263	0.00102911098692761
CBLB	0.977660280556011	0.000840994033560405	0.99832044829263	0.000840994033560405
AF117829.1	0.977703343544513	0.00106615078255044	0.99832044829263	0.00106615078255044
AL049779.4	0.977756907031287	-0.00155502556811564	0.99832044829263	-0.00155502556811564
NAPB	0.977891965839945	0.00195731018527373	0.99832044829263	0.00195731018527373
ZHX2	0.97791130764929	-0.000652651929383131	0.99832044829263	-0.000652651929383131
PIK3C3	0.978054959262637	-0.000697901281146932	0.99832044829263	-0.000697901281146932
PDIA2	0.978104002545575	0.00240593340041935	0.99832044829263	0.00240593340041935
NRXN1	0.97818140980683	-0.00250329125502999	0.99832044829263	-0.00250329125502999
SMIM7	0.978339353945497	0.000808304853810647	0.99832044829263	0.000808304853810647
OXNAD1	0.978412193873265	-0.000914549409794435	0.99832044829263	-0.000914549409794435
PABPN1	0.978447245583421	0.000739010251769004	0.99832044829263	0.000739010251769004
TRIR	0.978455590296283	0.0015104496471532	0.99832044829263	0.0015104496471532
KLHDC10	0.978474168481616	0.000752407154417232	0.99832044829263	0.000752407154417232
MPG	0.978479810927755	-0.00170047810144675	0.99832044829263	-0.00170047810144675
KCND3	0.978730283496648	0.0024775114579739	0.99832044829263	0.0024775114579739
HTATIP2	0.978823457397861	-0.00114448936207717	0.99832044829263	-0.00114448936207717
MOB1A	0.978825477515009	-0.00150726370426453	0.99832044829263	-0.00150726370426453
AC022146.2	0.978860796880996	0.00266696290832243	0.99832044829263	0.00266696290832243
C2orf49	0.97887294614008	-0.00158068351874409	0.99832044829263	-0.00158068351874409
STIM2	0.978885400943215	0.000809578000348126	0.99832044829263	0.000809578000348126
ZNF358	0.978888952107072	-0.00101260936128303	0.99832044829263	-0.00101260936128303
ZNF449	0.978907897108398	0.00234558851562842	0.99832044829263	0.00234558851562842
GPC6	0.979272171677052	-0.00281174624750952	0.99832044829263	-0.00281174624750952
KCNIP4	0.979288933444189	-0.00254306316664952	0.99832044829263	-0.00254306316664952
AACS	0.979367653084742	-0.00179744511714156	0.99832044829263	-0.00179744511714156
HSD17B6	0.979409769901202	0.00155907006258276	0.99832044829263	0.00155907006258276
ZNF451-AS1	0.979468633265002	-0.00288453038328527	0.99832044829263	-0.00288453038328527
OMA1	0.979471763565028	-0.0015425400518371	0.99832044829263	-0.0015425400518371
HHLA3	0.979509592297909	0.00167136422049965	0.99832044829263	0.00167136422049965
TSPAN3	0.979529953549368	0.00140739834580727	0.99832044829263	0.00140739834580727
EML6	0.979574660134482	0.00247788490044796	0.99832044829263	0.00247788490044796
ANGEL1	0.97958905901631	-0.00107711542626732	0.99832044829263	-0.00107711542626732
FAM47E	0.979621939219549	0.00191828281187359	0.99832044829263	0.00191828281187359
TLNRD1	0.979897668340459	-0.00172082006787832	0.99832044829263	-0.00172082006787832
RHOG	0.980048430713299	0.00156460222509273	0.99832044829263	0.00156460222509273
AC007681.1	0.980101416256703	-0.00177269079832607	0.99832044829263	-0.00177269079832607
RAPGEFL1	0.980105433180929	0.00329228582236457	0.99832044829263	0.00329228582236457
TUBD1	0.980330639750297	-0.000997710981847511	0.99832044829263	-0.000997710981847511
ZDHHC11	0.980342552338939	-0.00142709281432751	0.99832044829263	-0.00142709281432751
MEAF6	0.980345526809906	0.00113116267965435	0.99832044829263	0.00113116267965435
C12orf43	0.980398311960901	-0.00171796154047063	0.99832044829263	-0.00171796154047063
NRGN	0.980514500541934	0.00291759542749362	0.99832044829263	0.00291759542749362
SCUBE2	0.980596842058658	0.00164080329608993	0.99832044829263	0.00164080329608993
EIF4A2	0.980652401532869	0.00144491722065412	0.99832044829263	0.00144491722065412
AL161457.2	0.980752559791207	0.00172967801349687	0.99832044829263	0.00172967801349687
SGSM1	0.980898409394463	-0.00164121895612227	0.99832044829263	-0.00164121895612227
MCF2L2	0.9809033788287	0.000988870779049207	0.99832044829263	0.000988870779049207
RFWD3	0.9809679011636	-0.00113829336917058	0.99832044829263	-0.00113829336917058
PCAT1	0.981297646553997	0.00180409596737068	0.99832044829263	0.00180409596737068
ANKRD36B	0.981519115510235	-0.000675045443791499	0.99832044829263	-0.000675045443791499
PHKA2	0.981560158757161	-0.000832921770163543	0.99832044829263	-0.000832921770163543
RAP1A	0.981575762969127	-0.000554536062375261	0.99832044829263	-0.000554536062375261
TALDO1	0.98160049944446	-0.000756788181456397	0.99832044829263	-0.000756788181456397
GALNT13	0.981717254000918	-0.000724353445055759	0.99832044829263	-0.000724353445055759
ZNF592	0.981753750629854	-0.000853839450989066	0.99832044829263	-0.000853839450989066
CHFR	0.982165079242391	-0.000719630189077212	0.99832044829263	-0.000719630189077212
UBE2N	0.98245192433794	-0.00101240776266842	0.99832044829263	-0.00101240776266842
ADCY3	0.982495301953388	0.000887891232565879	0.99832044829263	0.000887891232565879
ACSS2	0.982560933281095	-0.000638250492163688	0.99832044829263	-0.000638250492163688
INO80	0.982586656767508	0.000665935689722732	0.99832044829263	0.000665935689722732
SPARCL1	0.982776595179145	-0.00252013442972784	0.99832044829263	-0.00252013442972784
ASAP1	0.982952027178488	-0.000656269082815507	0.99832044829263	-0.000656269082815507
PTPRD-AS1	0.982954386803638	0.00194241268004472	0.99832044829263	0.00194241268004472
LINC00630	0.983008922690636	0.00128324909606087	0.99832044829263	0.00128324909606087
AL596244.1	0.983099036805795	0.00127142874395195	0.99832044829263	0.00127142874395195
AC245297.3	0.983133234934773	-0.000843619666618499	0.99832044829263	-0.000843619666618499
LINS1	0.983299086504656	0.00113774818175742	0.99832044829263	0.00113774818175742
LRRC40	0.983390252119159	-0.00118408632906538	0.99832044829263	-0.00118408632906538
TNS1	0.983391373944111	-0.000798812299244886	0.99832044829263	-0.000798812299244886
CHURC1	0.983441420717431	-0.000666334130723235	0.99832044829263	-0.000666334130723235
TERF1	0.983544615936829	0.000586226388035959	0.99832044829263	0.000586226388035959
AL392086.3	0.983596250961689	0.000923848896781967	0.99832044829263	0.000923848896781967
AL731577.2	0.983624526405861	0.000895681526412955	0.99832044829263	0.000895681526412955
GNL3	0.983778055161346	0.00141792870533255	0.99832044829263	0.00141792870533255
EIPR1	0.983962880422527	0.000971551067310483	0.99832044829263	0.000971551067310483
PFKL	0.983965916631769	0.000727613841889815	0.99832044829263	0.000727613841889815
CHMP3	0.983974256185966	0.00080770552985794	0.99832044829263	0.00080770552985794
ADAMTS8	0.984031526095009	-0.0012684231898856	0.99832044829263	-0.0012684231898856
TIAL1	0.984035554835212	-0.000543328548800094	0.99832044829263	-0.000543328548800094
LINC01378	0.98408055062143	-0.00271738848157421	0.99832044829263	-0.00271738848157421
FBXO30	0.984095101082251	-0.00119809596036555	0.99832044829263	-0.00119809596036555
TMEM147	0.984100912962525	0.00156198385680092	0.99832044829263	0.00156198385680092
AC011921.1	0.984175582053254	0.00145682862918751	0.99832044829263	0.00145682862918751
SERPINB6	0.984238550241892	-0.000593689673363828	0.99832044829263	-0.000593689673363828
GPAT4	0.984267075239502	0.000898741545024548	0.99832044829263	0.000898741545024548
AKIRIN1	0.984460134883397	-0.00060800179870746	0.99832044829263	-0.00060800179870746
AARS2	0.984721133931419	0.00143253818098775	0.99832044829263	0.00143253818098775
HNRNPM	0.984747059862123	-0.00051238922416088	0.99832044829263	-0.00051238922416088
CNKSR1	0.984769059647484	0.00121448271731359	0.99832044829263	0.00121448271731359
RBP7	0.984843262151602	-0.00118917909986607	0.99832044829263	-0.00118917909986607
NKIRAS1	0.98503845822184	0.00132977021086765	0.99832044829263	0.00132977021086765
GNPDA2	0.985098280268414	0.00137693397189528	0.99832044829263	0.00137693397189528
CDC40	0.98511181892857	0.000698924907837097	0.99832044829263	0.000698924907837097
CCDC97	0.985144423019227	0.00137509324887872	0.99832044829263	0.00137509324887872
NKAP	0.985243720939552	-0.000814008453517318	0.99832044829263	-0.000814008453517318
VAPA	0.985258512224121	-0.000487619804306717	0.99832044829263	-0.000487619804306717
FAF2	0.98530911145966	0.000625785493593866	0.99832044829263	0.000625785493593866
FAM133B	0.985405661667335	-0.00044298540797727	0.99832044829263	-0.00044298540797727
SURF4	0.985444681865775	0.000893762384781032	0.99832044829263	0.000893762384781032
EPB41L4A	0.985542625944135	-0.000953277920120923	0.99832044829263	-0.000953277920120923
CACUL1	0.985599490834268	-0.000548150208353572	0.99832044829263	-0.000548150208353572
BRD7	0.985643365909776	0.000588278418465393	0.99832044829263	0.000588278418465393
ZNF836	0.985644670259467	0.00144742444129044	0.99832044829263	0.00144742444129044
BAX	0.98573210783992	-0.00126093498029039	0.99832044829263	-0.00126093498029039
TMEM120B	0.985761169859842	0.00135762068091439	0.99832044829263	0.00135762068091439
LDB2	0.985822204687901	0.00179205800251333	0.99832044829263	0.00179205800251333
ACER2	0.985942384624197	-0.0014172035002382	0.99832044829263	-0.0014172035002382
DDX55	0.986007754818198	0.000808676229849904	0.99832044829263	0.000808676229849904
SLC16A7	0.986035898491078	0.000765268563238603	0.99832044829263	0.000765268563238603
RPS10	0.986093482817575	-0.00165489650201363	0.99832044829263	-0.00165489650201363
ALG3	0.986164000535085	0.00130591885601272	0.99832044829263	0.00130591885601272
AL583829.1	0.986323351854088	-0.0012367413687385	0.99832044829263	-0.0012367413687385
SLC25A28	0.986466608789357	0.000675780401128924	0.99832044829263	0.000675780401128924
PEBP1	0.986676551279574	0.000661919228219406	0.99832044829263	0.000661919228219406
MPHOSPH8	0.986811757943021	0.000367253899288838	0.99832044829263	0.000367253899288838
ZFHX4	0.986900458351975	0.000329280772781127	0.99832044829263	0.000329280772781127
DPY19L1	0.986931092972846	0.00117423416539274	0.99832044829263	0.00117423416539274
CNTNAP2	0.986971639726591	-0.000489228787668343	0.99832044829263	-0.000489228787668343
CEP170B	0.987029210659918	0.00154350476298242	0.99832044829263	0.00154350476298242
AC027682.4	0.987145041663431	-0.00138839243449268	0.99832044829263	-0.00138839243449268
MARCH8	0.987179938294451	0.000506286294425752	0.99832044829263	0.000506286294425752
PLAAT3	0.987230663385922	-0.000347208714072334	0.99832044829263	-0.000347208714072334
CDK9	0.987506371257143	0.000828207609363344	0.99832044829263	0.000828207609363344
ALKBH4	0.987539360213177	-0.00102897325682687	0.99832044829263	-0.00102897325682687
BRD8	0.987586543930589	0.000535939879648168	0.99832044829263	0.000535939879648168
ASH1L	0.987655397450541	-0.000280260855838477	0.99832044829263	-0.000280260855838477
TBCCD1	0.987714669398016	0.00109952529381816	0.99832044829263	0.00109952529381816
MAN1B1	0.987724119909521	-0.000846890383309088	0.99832044829263	-0.000846890383309088
ATG4B	0.98780322670665	-0.000541838450249856	0.99832044829263	-0.000541838450249856
MRPS16	0.987896088490739	-0.000899270675343129	0.99832044829263	-0.000899270675343129
RXYLT1	0.98792219949327	0.000833781677006042	0.99832044829263	0.000833781677006042
NSD1	0.988041949434009	-0.000331893500698417	0.99832044829263	-0.000331893500698417
SLC4A10	0.988045111393888	-0.00152826183357245	0.99832044829263	-0.00152826183357245
AL392023.2	0.988098280594232	-0.000590508468314103	0.99832044829263	-0.000590508468314103
TRIT1	0.988166954617266	0.000610132904128772	0.99832044829263	0.000610132904128772
CPT1B	0.988337992872864	-0.000742521141594475	0.99832044829263	-0.000742521141594475
ZNF624	0.988445165900952	-0.000861665041632858	0.99832044829263	-0.000861665041632858
PARP6	0.988461752777201	0.000430743156932476	0.99832044829263	0.000430743156932476
TFEB	0.988526591703755	-0.000332111507150471	0.99832044829263	-0.000332111507150471
OSBPL8	0.988737090837346	-0.000525707301432989	0.9983819359376	-0.000525707301432989
LGI3	0.988774037273527	0.000516891242886687	0.9983819359376	0.000516891242886687
AC245123.1	0.988952840178004	-0.0021210928628037	0.998468281145663	-0.0021210928628037
NDUFB3	0.989050754510399	0.00138691489211601	0.998472950907829	0.00138691489211601
IRF2	0.989544506404155	0.000368473459461919	0.998675624688537	0.000368473459461919
CAPN3	0.989625498290227	-0.000338447216353493	0.998675624688537	-0.000338447216353493
AL449403.2	0.989684747907641	-0.00104784241832167	0.998675624688537	-0.00104784241832167
NORAD	0.989704000780409	0.000595345930152338	0.998675624688537	0.000595345930152338
SLC9A3-AS1	0.989755267900102	0.00115178942022643	0.998675624688537	0.00115178942022643
ZNF557	0.989811363794824	-0.000775326270978668	0.998675624688537	-0.000775326270978668
SLC35D2	0.990010977072054	-0.000404844645515113	0.998683484229525	-0.000404844645515113
MAP3K11	0.990292926851754	0.000455083192188768	0.998683484229525	0.000455083192188768
PTN	0.990309102090829	0.000423603371743827	0.998683484229525	0.000423603371743827
KDELR1	0.990369172012733	0.00058898574545218	0.998683484229525	0.00058898574545218
ADI1	0.990378700753366	0.000820600171030892	0.998683484229525	0.000820600171030892
AC245060.5	0.990549225180559	-0.00071156112211728	0.998683484229525	-0.00071156112211728
RABGEF1	0.990662085718947	-0.000292542206706751	0.998683484229525	-0.000292542206706751
PFKFB3	0.990690982849343	0.000402170668905096	0.998683484229525	0.000402170668905096
RBM19	0.990727472188974	-0.0005171106591285	0.998683484229525	-0.0005171106591285
ZMYM5	0.990752241011781	0.000344819738388708	0.998683484229525	0.000344819738388708
C1QBP	0.9912534894863	0.00107906357396941	0.998728847026958	0.00107906357396941
ARHGEF10	0.991258697529849	0.00030764889611275	0.998728847026958	0.00030764889611275
RPS4Y1	0.991410477532118	0.00101578227799367	0.998728847026958	0.00101578227799367
KCNQ5	0.991422933175919	-0.00106069878187257	0.998728847026958	-0.00106069878187257
OTUD6B	0.991443234981784	0.000531695942382374	0.998728847026958	0.000531695942382374
AKNA	0.991474345483686	-0.000553461309308618	0.998728847026958	-0.000553461309308618
USP45	0.991482530297626	0.000456235446384401	0.998728847026958	0.000456235446384401
ZNF839	0.991577140465586	0.000547789251628267	0.998728847026958	0.000547789251628267
DHRS7	0.991645951787387	-0.00079434362595238	0.998728847026958	-0.00079434362595238
RAB3GAP2	0.992116153737773	-0.000297629204317511	0.998728847026958	-0.000297629204317511
KDM2B	0.992288474459583	-0.000329040170813641	0.998728847026958	-0.000329040170813641
MAP2	0.992316701713072	-0.000911827954060791	0.998728847026958	-0.000911827954060791
TMEM19	0.992402136583883	-0.000555015034048141	0.998728847026958	-0.000555015034048141
SLC22A17	0.992448943608547	0.000521966240391429	0.998728847026958	0.000521966240391429
MTSS1	0.992523302829751	-0.000243609265236269	0.998728847026958	-0.000243609265236269
PSMB10	0.992537161361187	-0.00101688367472931	0.998728847026958	-0.00101688367472931
DDX24	0.992557690795741	0.000515995688835796	0.998728847026958	0.000515995688835796
DCUN1D4	0.992568054867043	0.000220779185078546	0.998728847026958	0.000220779185078546
RNPEPL1	0.992648410735424	0.000520261208374901	0.998728847026958	0.000520261208374901
NUP85	0.992735914723867	0.000444657679314949	0.998728847026958	0.000444657679314949
DPYSL2	0.992981087800433	0.000176322827463715	0.998728847026958	0.000176322827463715
ENTR1	0.99306872840101	-0.000463987618686211	0.998728847026958	-0.000463987618686211
BNIP1	0.993082982737636	0.000697873041058463	0.998728847026958	0.000697873041058463
AF001548.2	0.993154303068481	-0.00072114079626293	0.998728847026958	-0.00072114079626293
RIOK1	0.993371298176129	-0.000555052916610124	0.998728847026958	-0.000555052916610124
AFDN	0.993463148356284	0.000204113091164833	0.998728847026958	0.000204113091164833
GTF2E2	0.993474982703866	-0.000408065012512596	0.998728847026958	-0.000408065012512596
PCSK5	0.99366611884446	0.000575102282501087	0.998728847026958	0.000575102282501087
FXN	0.993683577822752	0.000420144136663619	0.998728847026958	0.000420144136663619
C1orf122	0.993799186938857	-0.000396081739373498	0.998728847026958	-0.000396081739373498
FBXO7	0.993857664463782	-0.000274131452618575	0.998728847026958	-0.000274131452618575
NOL12	0.993962722783222	-0.00044197046097544	0.998728847026958	-0.00044197046097544
PLEKHA1	0.994026060606868	0.000166775026801357	0.998728847026958	0.000166775026801357
ABTB1	0.994244812358569	-0.000437364986507856	0.998728847026958	-0.000437364986507856
ARHGDIA	0.99429363121935	-0.000348723397878936	0.998728847026958	-0.000348723397878936
FAIM	0.994325943828524	0.000502416112691087	0.998728847026958	0.000502416112691087
C19orf12	0.99435992966593	0.000288845294911029	0.998728847026958	0.000288845294911029
MYLPF	0.9944419776201	0.000852362174716236	0.998728847026958	0.000852362174716236
AP2A2	0.994590464523204	-0.000272984233325837	0.998728847026958	-0.000272984233325837
DUSP10	0.994742282814444	0.00021921624331116	0.998728847026958	0.00021921624331116
PLP1	0.994769979884193	-0.000206591962110257	0.998728847026958	-0.000206591962110257
HM13	0.994876671570631	0.000206044213369463	0.998728847026958	0.000206044213369463
EXOSC3	0.994917392724755	-0.000254849832219544	0.998728847026958	-0.000254849832219544
ARL15	0.994932742221506	0.000247597513352945	0.998728847026958	0.000247597513352945
FMO4	0.995274560934485	-0.00034592985727479	0.998728847026958	-0.00034592985727479
GPATCH1	0.995280887587592	0.000328383244573213	0.998728847026958	0.000328383244573213
LURAP1	0.995330495916231	0.000301876390371379	0.998728847026958	0.000301876390371379
RBBP7	0.99537348500545	0.000323571872124995	0.998728847026958	0.000323571872124995
ANXA5	0.995469632291459	0.000360652302319288	0.998728847026958	0.000360652302319288
PDCL	0.99552087970871	-0.000290838994846855	0.998728847026958	-0.000290838994846855
GRINA	0.995556205636794	0.00048954287797465	0.998728847026958	0.00048954287797465
SLC35B3	0.995706743979122	-0.000212455679424551	0.998786249372872	-0.000212455679424551
PKN2-AS1	0.99584512663971	0.000452396330775212	0.998831448826241	0.000452396330775212
IPO5	0.996204946876058	-0.000218290226043612	0.998869314943392	-0.000218290226043612
MXD3	0.996220948991902	-0.000365128385550915	0.998869314943392	-0.000365128385550915
TNRC18	0.996358090389142	0.00019407447369667	0.998869314943392	0.00019407447369667
RPL36	0.996364475421769	-0.000325864788734982	0.998869314943392	-0.000325864788734982
KAT5	0.996654457752835	0.000234252180577926	0.998869314943392	0.000234252180577926
GNAI2	0.996669581635244	-0.000146605518322723	0.998869314943392	-0.000146605518322723
PSMA1	0.99670525293681	0.000325499960650169	0.998869314943392	0.000325499960650169
CTDSP1	0.996793321437786	-0.000227420582438597	0.998869314943392	-0.000227420582438597
PYURF	0.99680760481006	-0.000344346423247343	0.998869314943392	-0.000344346423247343
MINK1	0.996825563754343	0.00011935498671279	0.998869314943392	0.00011935498671279
C5orf30	0.996920264582305	0.00015317595970103	0.998869314943392	0.00015317595970103
FAM169A	0.99700279281886	0.000165333172176936	0.998869314943392	0.000165333172176936
AC020907.1	0.997121679603998	0.000264424550007883	0.998894921078397	0.000264424550007883
GFPT1	0.997417326543998	0.000129369511378635	0.999071460522915	0.000129369511378635
EPCAM-DT	0.99748459564121	0.000125349559656459	0.999071460522915	0.000125349559656459
NPLOC4	0.997777891517737	-8.71456117706936e-05	0.999271710762079	-8.71456117706936e-05
RAD51C	0.99795509334278	-9.99225189994336e-05	0.999286042021091	-9.99225189994336e-05
RCOR3	0.997978931436367	7.49013035711279e-05	0.999286042021091	7.49013035711279e-05
KDM1A	0.998291070476639	9.70692404646066e-05	0.999396759297976	9.70692404646066e-05
TRO	0.998405514946406	0.000139658825921679	0.999396759297976	0.000139658825921679
METRN	0.998438428409874	-8.00261991109652e-05	0.999396759297976	-8.00261991109652e-05
TOP1MT	0.998463005435229	-0.000146048155906469	0.999396759297976	-0.000146048155906469
UCHL1	0.998715687267479	0.000153260389503817	0.999556199815207	0.000153260389503817
S1PR5	0.99885360767636	8.892186844045e-05	0.999600763250124	8.892186844045e-05
GPS2	0.998947427604063	4.6037564148894e-05	0.999601189009563	4.6037564148894e-05
RAPH1	0.999206110107236	9.60939665439454e-05	0.999766569737098	9.60939665439454e-05
STIM1	0.999367942687131	-8.41619263613423e-05	0.999835024357858	-8.41619263613423e-05
NDUFAF6	0.999522197606362	1.79323021633231e-05	0.999836935232809	1.79323021633231e-05
HR	0.999576460303407	3.19478565500653e-05	0.999836935232809	3.19478565500653e-05
R3HDM4	0.999650102207446	-3.52662254262489e-05	0.999836935232809	-3.52662254262489e-05
YIPF6	0.999824122593466	1.05144515053806e-05	0.999884975813407	1.05144515053806e-05
LINC01470	0.999884975813407	1.45728158160914e-05	0.999884975813407	1.45728158160914e-05
