gene	p_bmi_lv	logFC_bmi_lv	FDR	log2FC
DHX15	6.96477122812583e-06	0.0224672097961776	0.0745439464546307	0.0224672097961776
ADORA1	2.31710623694807e-05	0.0239951054234146	0.123999940270276	0.0239951054234146
IRAK2	0.000131237703065065	-0.0340924201285489	0.468212378635132	-0.0340924201285489
PPP1R36	0.000372946569076705	0.047980428538116	0.670940506224462	0.047980428538116
TNKS2	0.000416566494137816	0.0215467906686063	0.670940506224462	0.0215467906686063
AC005740.5	0.000633465323751971	0.0611790376153929	0.670940506224462	0.0611790376153929
AL513217.1	0.000653035937616937	0.0483958393317756	0.670940506224462	0.0483958393317756
SPRED1	0.00076106747518711	-0.0200146539897617	0.670940506224462	-0.0200146539897617
MAMLD1	0.000768284398226259	-0.052505713284469	0.670940506224462	-0.052505713284469
UGGT1	0.000856443064961187	0.0195645677056271	0.670940506224462	0.0195645677056271
FAM216A	0.0009437929263452	-0.0607887614499447	0.670940506224462	-0.0607887614499447
CHMP4B	0.000955792046663616	0.030844104911816	0.670940506224462	0.030844104911816
DPM3	0.000968218155162717	0.0609480221714154	0.670940506224462	0.0609480221714154
SNHG17	0.00098023188902727	0.0468121342330399	0.670940506224462	0.0468121342330399
RAB11B-AS1	0.00099120384852823	0.032937244032788	0.670940506224462	0.032937244032788
UQCRB	0.0010644661910396	0.0627081553911899	0.670940506224462	0.0627081553911899
NAXD	0.0010939014124426	0.0382365194412501	0.670940506224462	0.0382365194412501
RUNX1	0.00112836859871441	-0.0414650463612234	0.670940506224462	-0.0414650463612234
HINT3	0.0012277230916604	-0.0271835707744005	0.686692271848178	-0.0271835707744005
HLTF	0.00128317718742068	0.0246851853380691	0.686692271848178	0.0246851853380691
BRSK1	0.001400601130876	0.0178886879543195	0.704337030512584	0.0178886879543195
MYO10	0.00144776368039586	0.0215788609467629	0.704337030512584	0.0215788609467629
JOSD2	0.0017862887544506	0.0303375780217434	0.808339357113688	0.0303375780217434
MFSD4A	0.00190550403362405	-0.0705197000701344	0.808339357113688	-0.0705197000701344
PGBD4	0.00205565972818221	0.0408865154276874	0.808339357113688	0.0408865154276874
AC026401.3	0.002072298061497	-0.046293959704774	0.808339357113688	-0.046293959704774
SIRT3	0.00211709545773457	0.0329319668052533	0.808339357113688	0.0329319668052533
WDR33	0.0021459093203211	-0.015544280769981	0.808339357113688	-0.015544280769981
CHST11	0.0021953236967099	-0.0662381433728182	0.808339357113688	-0.0662381433728182
C3orf62	0.00234600550392211	-0.0476923403144086	0.808339357113688	-0.0476923403144086
AP000873.2	0.00243549130027815	0.0260681192766307	0.808339357113688	0.0260681192766307
TMEM179	0.00243965696033233	0.058434593205199	0.808339357113688	0.058434593205199
MIS12	0.00253528914060724	0.036393618136177	0.808339357113688	0.036393618136177
LIPT1	0.00256790122577491	0.0475186107223417	0.808339357113688	0.0475186107223417
INPPL1	0.00270018502241858	-0.0453325089245869	0.808339357113688	-0.0453325089245869
PTCD3	0.00272113850061918	0.013593165115046	0.808339357113688	0.013593165115046
LINC01725	0.00279440869038648	0.0330888321009533	0.808339357113688	0.0330888321009533
MRGBP	0.00293455887662606	0.040243137232809	0.810065447946998	0.040243137232809
COMMD4	0.00298570183924105	0.0270808784820742	0.810065447946998	0.0270808784820742
ATP5F1E	0.00302743323534335	-0.04807824093872	0.810065447946998	-0.04807824093872
SNX1	0.00313095004944534	0.0111437418851461	0.817330692175939	0.0111437418851461
COL14A1	0.00347572502409466	-0.038640408390642	0.851194449387052	-0.038640408390642
PRDM2	0.00365081044860322	-0.0150244804421918	0.851194449387052	-0.0150244804421918
AC025810.1	0.00384459026154403	0.0415043331445843	0.851194449387052	0.0415043331445843
POLB	0.00395047871807545	-0.03149286995791	0.851194449387052	-0.03149286995791
RAP1GAP2	0.00396986964361116	-0.0640635948208472	0.851194449387052	-0.0640635948208472
PLXNA4	0.00398062797523888	-0.0634009165300921	0.851194449387052	-0.0634009165300921
SPATA22	0.00401252241851646	-0.0514326187853038	0.851194449387052	-0.0514326187853038
LINC02609	0.00403008829412859	-0.0417794719443279	0.851194449387052	-0.0417794719443279
SCN1B	0.00404663311814115	-0.0439537733086328	0.851194449387052	-0.0439537733086328
AC002460.2	0.00419042386134809	-0.0638263367615875	0.851194449387052	-0.0638263367615875
TCAIM	0.00423868386476394	-0.0249231424812166	0.851194449387052	-0.0249231424812166
POLR2D	0.00432576600349154	0.0299340969247478	0.851194449387052	0.0299340969247478
RUFY3	0.0044865753404168	-0.00962865381496817	0.851194449387052	-0.00962865381496817
ZBTB17	0.00460866431424912	0.0190208689898685	0.851194449387052	0.0190208689898685
NLRC5	0.00469906870681394	0.037634299224143	0.851194449387052	0.037634299224143
CCDC32	0.00474536070399952	-0.0260607720566515	0.851194449387052	-0.0260607720566515
IMP4	0.00484103592605972	0.0390674230698837	0.851194449387052	0.0390674230698837
TMEM260	0.00487106782584347	0.0149161379314689	0.851194449387052	0.0149161379314689
ESYT1	0.00487794272961922	-0.0586180699221265	0.851194449387052	-0.0586180699221265
B4GALT4	0.00501355200718813	0.0339537245861359	0.851194449387052	0.0339537245861359
MIER1	0.00508804279704136	0.0145033704150958	0.851194449387052	0.0145033704150958
AC002451.1	0.00515122516291042	0.0289428470747643	0.851194449387052	0.0289428470747643
RNF14	0.00520950798142741	0.0293924150008689	0.851194449387052	0.0293924150008689
GOSR2	0.00526748920430744	-0.0192011213085557	0.851194449387052	-0.0192011213085557
ESF1	0.0053387792070594	0.0199013771615444	0.851194449387052	0.0199013771615444
PAN2	0.00566422989586466	0.0222871792351574	0.851194449387052	0.0222871792351574
RHBDD3	0.00575647359122247	-0.0376462933010471	0.851194449387052	-0.0376462933010471
TMEM267	0.0058924832047417	0.021634676656352	0.851194449387052	0.021634676656352
INTS14	0.00594186115858996	0.0263321466036509	0.851194449387052	0.0263321466036509
AC104825.1	0.00597963801439144	0.0395666822453481	0.851194449387052	0.0395666822453481
ZNF605	0.00608268051334677	-0.0220456635647189	0.851194449387052	-0.0220456635647189
BCR	0.00609224984077889	-0.03080404379	0.851194449387052	-0.03080404379
ELF1	0.00614385252822928	-0.0123623823021065	0.851194449387052	-0.0123623823021065
DYRK2	0.00636002688651835	0.0396581349672233	0.851194449387052	0.0396581349672233
FAM106A	0.00638574293017806	0.0255760713832885	0.851194449387052	0.0255760713832885
RUNX2	0.00645691416740154	-0.0381617972155117	0.851194449387052	-0.0381617972155117
RNF157	0.00650981584352897	-0.0183243164453735	0.851194449387052	-0.0183243164453735
ASAP2	0.00659979596218082	-0.0221878135202024	0.851194449387052	-0.0221878135202024
AL390957.1	0.00661610329792037	-0.0531408939473303	0.851194449387052	-0.0531408939473303
SNX24	0.0067473048516896	-0.0237365128652647	0.851194449387052	-0.0237365128652647
STXBP4	0.00676677987100268	0.0227657903349187	0.851194449387052	0.0227657903349187
CMTM4	0.0067778572648204	-0.0160435664689885	0.851194449387052	-0.0160435664689885
ACTR1A	0.0067941674079307	0.0240501533058227	0.851194449387052	0.0240501533058227
CD226	0.00707136207549515	0.0257253250902318	0.851194449387052	0.0257253250902318
SLC35F3	0.00712064014708432	-0.0486499461188288	0.851194449387052	-0.0486499461188288
CLNS1A	0.00715272925026874	-0.0137868979635206	0.851194449387052	-0.0137868979635206
SNX13	0.00717563370111604	-0.01524391326385	0.851194449387052	-0.01524391326385
SLC4A2	0.00722938892053329	0.0295284493976729	0.851194449387052	0.0295284493976729
RYR3	0.007354532737332	0.0623864167798831	0.851194449387052	0.0623864167798831
AL355076.2	0.0074822008355928	0.0409257774832118	0.851194449387052	0.0409257774832118
POLE	0.00754120759064437	-0.0343519625433769	0.851194449387052	-0.0343519625433769
ERBB4	0.0076341606710639	0.0124523586030502	0.851194449387052	0.0124523586030502
BCL7C	0.00764803587539529	0.0208592019375793	0.851194449387052	0.0208592019375793
TAFA1	0.00765111071397831	-0.0635870770065534	0.851194449387052	-0.0635870770065534
AGO3	0.00775015610853282	-0.0114032314849046	0.851194449387052	-0.0114032314849046
AC091932.1	0.00786762345247572	0.0348115074581335	0.851194449387052	0.0348115074581335
AC026979.2	0.00792867367105689	0.0430430340046704	0.851194449387052	0.0430430340046704
ERP44	0.00802304264695301	-0.0166253770043565	0.851194449387052	-0.0166253770043565
BCL7B	0.00806917367524429	-0.0403469989288259	0.851194449387052	-0.0403469989288259
ASIC1	0.00818836866609169	0.026255656565603	0.851194449387052	0.026255656565603
HCG18	0.00826522540116515	-0.0176693227435591	0.851194449387052	-0.0176693227435591
SLC7A11	0.00836949342865972	-0.0582711672893691	0.851194449387052	-0.0582711672893691
AC005532.1	0.00843281233689787	-0.0388194767068047	0.851194449387052	-0.0388194767068047
RBM12	0.00847237021798321	-0.0368056683959651	0.851194449387052	-0.0368056683959651
SPTY2D1OS	0.00856311745778901	0.0377445309784143	0.851194449387052	0.0377445309784143
USF3	0.00861283904629227	-0.017510461984611	0.851194449387052	-0.017510461984611
HOMER1	0.00880469763488225	-0.0574775591273286	0.851194449387052	-0.0574775591273286
GNPDA1	0.00893437758880292	0.0277553217040678	0.851194449387052	0.0277553217040678
CDKN2D	0.00894111624793976	-0.0613490727697796	0.851194449387052	-0.0613490727697796
AC092924.2	0.00914949267370766	0.0202434847531641	0.851194449387052	0.0202434847531641
OSBPL1A	0.00916920788156084	-0.00960038533341714	0.851194449387052	-0.00960038533341714
SHROOM1	0.0091701527214347	0.0185907070288863	0.851194449387052	0.0185907070288863
ZDHHC17	0.00921368959609499	0.0124089703007511	0.851194449387052	0.0124089703007511
CROT	0.00925965095475277	0.0304624477473171	0.851194449387052	0.0304624477473171
TRMT13	0.00956406353583793	0.0145585883570305	0.851194449387052	0.0145585883570305
FAM53B	0.00964211086297354	-0.0132555443527603	0.851194449387052	-0.0132555443527603
SAMMSON	0.00994105977517569	-0.0353448579856075	0.851194449387052	-0.0353448579856075
LINC01222	0.00996137228162377	0.0429074182530211	0.851194449387052	0.0429074182530211
RNF220	0.00996638948905172	-0.00753927455652166	0.851194449387052	-0.00753927455652166
UBE2O	0.0100094342000082	-0.018204879788652	0.851194449387052	-0.018204879788652
DENR	0.010099511825015	0.0198864657412356	0.851194449387052	0.0198864657412356
LINC00899	0.0103406763434172	0.0356890474832283	0.851194449387052	0.0356890474832283
CCDC115	0.010344653787434	0.0310417617760998	0.851194449387052	0.0310417617760998
ST8SIA1	0.0103506746611727	-0.0589975997962667	0.851194449387052	-0.0589975997962667
ASH2L	0.0104165081012606	-0.0226326629098487	0.851194449387052	-0.0226326629098487
TXNDC11	0.0104704288234921	0.0202517737952568	0.851194449387052	0.0202517737952568
GMPR2	0.0105471855920199	0.0334283903465135	0.851194449387052	0.0334283903465135
EPCAM	0.0105798930568972	0.0376468015792671	0.851194449387052	0.0376468015792671
HAUS1	0.0106041351830098	-0.0356764169904021	0.851194449387052	-0.0356764169904021
XYLT2	0.0107751032064432	0.0369085679611907	0.851194449387052	0.0369085679611907
TTLL3	0.0108554850397916	0.0203669745397328	0.851194449387052	0.0203669745397328
ZNF3	0.010894425834538	0.0205533021268165	0.851194449387052	0.0205533021268165
CHST1	0.0109107348149393	-0.0521282662615517	0.851194449387052	-0.0521282662615517
BRCC3	0.0110266215561302	0.0217513238722236	0.851194449387052	0.0217513238722236
EVI2B	0.0111618506029893	0.0221995692794855	0.851194449387052	0.0221995692794855
NSMF	0.0111979767682062	-0.0522990615147589	0.851194449387052	-0.0522990615147589
FBXL4	0.0112104890059433	0.014537596464435	0.851194449387052	0.014537596464435
FANCC	0.0112656529611234	-0.0206096137269999	0.851194449387052	-0.0206096137269999
TAF13	0.0113769577504276	0.033651119193935	0.851194449387052	0.033651119193935
ELOVL1	0.0114468721650455	0.0249040901802681	0.851194449387052	0.0249040901802681
METTL3	0.0115494439765542	-0.0230044335939223	0.851194449387052	-0.0230044335939223
PRKRA	0.0116065311493575	-0.0222777141079646	0.851194449387052	-0.0222777141079646
CDV3	0.0117083583599586	-0.0329085060309773	0.851194449387052	-0.0329085060309773
SERPINB1	0.0117588984242866	0.0303194440073564	0.851194449387052	0.0303194440073564
RRP1	0.0118047500668705	0.0187095258464815	0.851194449387052	0.0187095258464815
DPY19L3	0.0118826209268278	-0.0219966951358028	0.851194449387052	-0.0219966951358028
CIPC	0.0120446431325547	0.0175529572947524	0.851194449387052	0.0175529572947524
KCNB1	0.0120542614448195	-0.0542775396200876	0.851194449387052	-0.0542775396200876
ZNF22	0.0121127207857657	-0.0309339033411393	0.851194449387052	-0.0309339033411393
PYROXD1	0.0121791757540645	0.0244388410031038	0.851194449387052	0.0244388410031038
ANKRD18B	0.0122743508084912	-0.0516236180633935	0.851194449387052	-0.0516236180633935
FNTA	0.0123340657158106	0.0161641746497281	0.851194449387052	0.0161641746497281
ABL2	0.012341042769603	0.0144577331135551	0.851194449387052	0.0144577331135551
ACSL4	0.0123655174973727	0.0139241384961285	0.851194449387052	0.0139241384961285
AC106793.1	0.0124348998942116	0.0278257232424557	0.851194449387052	0.0278257232424557
HSPB11	0.0124859879056122	0.0253285130953509	0.851194449387052	0.0253285130953509
NRBP2	0.0125913668844935	0.0204520021901938	0.852945568131224	0.0204520021901938
DNAJC27-AS1	0.0126998967464743	0.0200384477484163	0.853664752382788	0.0200384477484163
MCMDC2	0.0129185095426328	0.0389421953777242	0.853664752382788	0.0389421953777242
NXPH1	0.0130716747644187	0.0502266237388011	0.853664752382788	0.0502266237388011
CAVIN4	0.0130899104628851	0.0237767055842926	0.853664752382788	0.0237767055842926
EXOSC9	0.0131851315484043	0.0300828577640419	0.853664752382788	0.0300828577640419
DNAJB4	0.0132217016693745	0.037019346541865	0.853664752382788	0.037019346541865
CCDC174	0.013435702927846	-0.0208550952961948	0.853664752382788	-0.0208550952961948
ZNF493	0.0134665704127582	0.0135147900659107	0.853664752382788	0.0135147900659107
TRIM59	0.0135651742670352	0.0150263219527826	0.853664752382788	0.0150263219527826
NEDD4	0.0136214177392307	-0.0312161845625058	0.853664752382788	-0.0312161845625058
PANK4	0.0136368517348495	0.0360401501287581	0.853664752382788	0.0360401501287581
MT1E	0.0136667423375391	-0.0518380660339269	0.853664752382788	-0.0518380660339269
ZFY	0.0137227553652958	0.0330744944766512	0.853664752382788	0.0330744944766512
PHACTR4	0.013731693687519	0.0107428490743726	0.853664752382788	0.0107428490743726
NPIPB2	0.0138495036095388	0.048782347617169	0.853664752382788	0.048782347617169
SSX2IP	0.0139726516809701	-0.0352802908357547	0.853664752382788	-0.0352802908357547
PPHLN1	0.0139800807521446	-0.01391294091645	0.853664752382788	-0.01391294091645
LINC00174	0.0140548597694971	0.0177061541703276	0.853664752382788	0.0177061541703276
CPE	0.0141174120500564	-0.0578211637187527	0.853664752382788	-0.0578211637187527
TMOD2	0.01423765952658	-0.0172138958257503	0.85609926917408	-0.0172138958257503
PLA2G12A	0.0144154561394356	0.0202747954984192	0.86194763720882	0.0202747954984192
SPRY2	0.014672343913362	0.0430558821849551	0.872433871692854	0.0430558821849551
KRIT1	0.0148825133726749	0.0113317991382064	0.874645685816753	0.0113317991382064
ZNF684	0.0150171716793119	0.0307756992454742	0.874645685816753	0.0307756992454742
GPR173	0.0152188896707655	0.0140850794837112	0.874645685816753	0.0140850794837112
NEXN	0.0153344690019397	0.0391354696624973	0.874645685816753	0.0391354696624973
MAPT	0.0153700510810866	-0.00896915695242354	0.874645685816753	-0.00896915695242354
TRIM4	0.0154268968954706	-0.0191974981306116	0.874645685816753	-0.0191974981306116
TMEM38B	0.0155906498974869	-0.0217752473252913	0.874645685816753	-0.0217752473252913
SLIT2	0.0156303624092256	0.0208350242243979	0.874645685816753	0.0208350242243979
TRIM56	0.0156575010119156	-0.0226950380426891	0.874645685816753	-0.0226950380426891
GMPPA	0.0156620073240269	0.0303348216168067	0.874645685816753	0.0303348216168067
AC016705.2	0.0157123263755931	0.0218174493318218	0.874645685816753	0.0218174493318218
AC011447.3	0.015758507608285	-0.0298832096501152	0.874645685816753	-0.0298832096501152
LAT	0.0157968899746807	-0.0411221911504006	0.874645685816753	-0.0411221911504006
LIN9	0.0158549382629266	0.0372240348711751	0.874645685816753	0.0372240348711751
MRPS6	0.0160091230360452	-0.0470381909229554	0.874645685816753	-0.0470381909229554
AC023632.2	0.0163140730961238	-0.0321564567800228	0.874645685816753	-0.0321564567800228
CHIC1	0.0163549856551481	-0.0136110596493666	0.874645685816753	-0.0136110596493666
LINC02814	0.0163653985248873	0.0354737114882153	0.874645685816753	0.0354737114882153
LMF1	0.0163688805532221	-0.0166528024311349	0.874645685816753	-0.0166528024311349
ANKRD52	0.0166143180071629	-0.0227059476316192	0.874645685816753	-0.0227059476316192
MTHFSD	0.0166335503613207	-0.0370234980865043	0.874645685816753	-0.0370234980865043
SNHG25	0.0166681717643769	0.0258408397656172	0.874645685816753	0.0258408397656172
PLEKHH2	0.0166855892621618	-0.0281803063147584	0.874645685816753	-0.0281803063147584
FOPNL	0.0167511081412305	0.0212811082865943	0.874645685816753	0.0212811082865943
GNB5	0.016833035778271	-0.0467277175063995	0.874645685816753	-0.0467277175063995
CDC42SE1	0.0168958411141427	0.0207151311590235	0.874645685816753	0.0207151311590235
RNF114	0.0169159728080041	0.0167662108451872	0.874645685816753	0.0167662108451872
AC005562.1	0.0170696643785871	0.0181343458738916	0.878349124250087	0.0181343458738916
MRPL10	0.0176935286916898	0.037511920427514	0.890365516800482	0.037511920427514
MPHOSPH6	0.0177955230983942	-0.028745549849987	0.890365516800482	-0.028745549849987
TP53INP1	0.0178009570322836	-0.0311372789962337	0.890365516800482	-0.0311372789962337
ZNF277	0.0178701234539826	-0.0153706892496804	0.890365516800482	-0.0153706892496804
ZNF578	0.0178742781380311	0.0342883401078643	0.890365516800482	0.0342883401078643
RFXAP	0.0179952418764225	0.0225194560299916	0.890365516800482	0.0225194560299916
ATR	0.0181526051297998	0.0138494762151385	0.890365516800482	0.0138494762151385
OGDH	0.0181647786146313	-0.0145202175789119	0.890365516800482	-0.0145202175789119
AC005237.1	0.0182210240441029	-0.0536913503922998	0.890365516800482	-0.0536913503922998
SLC38A9	0.0183185425710666	0.0112233803604176	0.890365516800482	0.0112233803604176
GLS	0.0183202270629291	-0.0230534811933647	0.890365516800482	-0.0230534811933647
ZC3H8	0.0184465536888634	-0.0176143227531619	0.890365516800482	-0.0176143227531619
C1QTNF4	0.0184619196663436	-0.0536534850478781	0.890365516800482	-0.0536534850478781
LRRC39	0.0184838599136632	-0.0499183843308003	0.890365516800482	-0.0499183843308003
RNF213-AS1	0.0185510146918161	-0.0454861219298295	0.890365516800482	-0.0454861219298295
BCKDHB	0.0186949856411436	-0.0115560845536953	0.892002790367767	-0.0115560845536953
ST8SIA5	0.0187759856692421	-0.0395465457877293	0.892002790367767	-0.0395465457877293
GJC2	0.0189120003323033	0.0259399215332227	0.892002790367767	0.0259399215332227
TGFBR2	0.0189184932648307	0.0355860625522043	0.892002790367767	0.0355860625522043
PLS3	0.0192722917647017	0.0138286935806171	0.900168541722876	0.0138286935806171
ZNF777	0.0192819119562205	0.0327868691334751	0.900168541722876	0.0327868691334751
CMTM1	0.0193643256189836	-0.0365399761727503	0.900168541722876	-0.0365399761727503
CEP41	0.0194552997189595	-0.0326665730177384	0.900168541722876	-0.0326665730177384
USP3-AS1	0.0195122023432409	-0.0407017458707051	0.900168541722876	-0.0407017458707051
MPI	0.0197730030677402	0.0267024825309012	0.904867412188241	0.0267024825309012
ACER3	0.0198453572539523	-0.00971172391717502	0.904867412188241	-0.00971172391717502
ZNF692	0.0199263117588007	0.0155478509037183	0.904867412188241	0.0155478509037183
LINC00511	0.0199782134269015	-0.0425450332609328	0.904867412188241	-0.0425450332609328
CNOT6	0.0201198042755819	0.0169621929730375	0.904867412188241	0.0169621929730375
ZSCAN30	0.0201213159021584	0.0220754531847729	0.904867412188241	0.0220754531847729
TASOR2	0.0205451373770845	-0.0119644004235402	0.91243087490663	-0.0119644004235402
RBM3	0.0206683131459442	-0.0273405534724771	0.91243087490663	-0.0273405534724771
ERBIN	0.0207051061697264	-0.00857441668794087	0.91243087490663	-0.00857441668794087
CEMIP2	0.0207078682167754	-0.0260370840083479	0.91243087490663	-0.0260370840083479
OGG1	0.0207157528358695	-0.0207197736558426	0.91243087490663	-0.0207197736558426
TBC1D10B	0.0208218000930832	0.020193705235571	0.913343140968317	0.020193705235571
HDAC5	0.0209395795755613	0.0118470240832276	0.914760490600949	0.0118470240832276
SMIM19	0.0212806239959685	0.0242709171343173	0.92528627523703	0.0242709171343173
SSBP3	0.0214306476719059	-0.0139252585728543	0.92528627523703	-0.0139252585728543
LIMD1	0.0214932816222919	-0.0357889376550718	0.92528627523703	-0.0357889376550718
SSR2	0.0215263274347398	0.0281281799765052	0.92528627523703	0.0281281799765052
MCF2L	0.0218100736854278	-0.0232044086524948	0.926502806756733	-0.0232044086524948
OTUB1	0.0218376896346381	0.024811167013758	0.926502806756733	0.024811167013758
OCRL	0.0218842161894837	-0.0236782748901834	0.926502806756733	-0.0236782748901834
TMC8	0.0219184301119101	-0.027652187624476	0.926502806756733	-0.027652187624476
SLC22A5	0.0220851995826248	0.0375037993173122	0.926502806756733	0.0375037993173122
LINC00486	0.0221630149286593	0.0268701501938762	0.926502806756733	0.0268701501938762
METTL14	0.0221920223178295	0.0172469301998122	0.926502806756733	0.0172469301998122
PARP9	0.0222980210733678	-0.0332826444130414	0.926502806756733	-0.0332826444130414
REPS1	0.022349744329457	0.0163536125752703	0.926502806756733	0.0163536125752703
EXOG	0.0224202772073245	-0.0214091715342888	0.926502806756733	-0.0214091715342888
UGGT2	0.0227268834233423	0.0110987149771401	0.935560897230894	0.0110987149771401
SETD3	0.0230329387472391	-0.0178926264252133	0.939283127832123	-0.0178926264252133
DUSP12	0.0230568398324213	0.0285352867094531	0.939283127832123	0.0285352867094531
POLRMT	0.0231024893290621	0.0204816089940308	0.939283127832123	0.0204816089940308
EIF1AY	0.0232365714310241	0.0404067953342131	0.939283127832123	0.0404067953342131
DECR1	0.0232560991194537	-0.0207994819125732	0.939283127832123	-0.0207994819125732
LPIN1	0.023355464959186	0.013930724002766	0.939750155857773	0.013930724002766
FGFR1OP	0.0238206251436817	-0.0261055457977642	0.951243543010969	-0.0261055457977642
IFT88	0.0238663751981088	0.0101364394858881	0.951243543010969	0.0101364394858881
LINC00667	0.0239452600044731	-0.0134449429120927	0.951243543010969	-0.0134449429120927
SYNM	0.0243496691403166	0.0300005575010536	0.951243543010969	0.0300005575010536
LPIN2	0.0244211778857623	-0.0266640273686831	0.951243543010969	-0.0266640273686831
ZMYM2	0.0245111083363921	-0.00833372808895584	0.951243543010969	-0.00833372808895584
TBK1	0.0247320040868776	-0.014412691740928	0.951243543010969	-0.014412691740928
BRMS1L	0.024794099028241	-0.0200005991326888	0.951243543010969	-0.0200005991326888
SSH1	0.0248149848100143	-0.0184765879592522	0.951243543010969	-0.0184765879592522
RSBN1L	0.0248215334076572	-0.0113456009304227	0.951243543010969	-0.0113456009304227
RNF152	0.0249373052910812	0.0287502276250152	0.951243543010969	0.0287502276250152
ZKSCAN5	0.0249487001216897	-0.0253325135936758	0.951243543010969	-0.0253325135936758
METTL16	0.0252744985954988	-0.0135749188382199	0.951243543010969	-0.0135749188382199
C5orf22	0.0253257906724799	-0.0257576604232569	0.951243543010969	-0.0257576604232569
FNIP1	0.0253334044074082	-0.00770988823802176	0.951243543010969	-0.00770988823802176
USP53	0.0253597825427905	-0.0409645951159918	0.951243543010969	-0.0409645951159918
PPP2R5C	0.0257429845175094	-0.0113650200283752	0.951243543010969	-0.0113650200283752
ANP32E	0.0257467750681591	-0.0410418721694009	0.951243543010969	-0.0410418721694009
SEPTIN9	0.0263353592653099	0.0338979370782279	0.951243543010969	0.0338979370782279
SULT4A1	0.0263400110516201	-0.0562434517969142	0.951243543010969	-0.0562434517969142
HAGHL	0.0264419867059398	0.0325672024726757	0.951243543010969	0.0325672024726757
NKX2-2	0.0264532581193735	0.0176559670079398	0.951243543010969	0.0176559670079398
TMEM150C	0.0265503450764314	0.0262744347872676	0.951243543010969	0.0262744347872676
MGAT3	0.0265647158523413	0.0138667189089838	0.951243543010969	0.0138667189089838
SLC25A51	0.0266429175265625	-0.0187302538111956	0.951243543010969	-0.0187302538111956
CFAP36	0.0266822691583974	-0.0328797264748308	0.951243543010969	-0.0328797264748308
ZNF793	0.026837879950962	0.0184059645092521	0.951243543010969	0.0184059645092521
SLC2A11	0.0268521333751223	0.0210486114865767	0.951243543010969	0.0210486114865767
FAM118B	0.02687398702239	-0.0318301663297728	0.951243543010969	-0.0318301663297728
KCTD7	0.0268816829794549	-0.0173655898035796	0.951243543010969	-0.0173655898035796
NCKAP1	0.0269301321351293	0.0164232273421498	0.951243543010969	0.0164232273421498
KANTR	0.0269737535202152	-0.0113596573374044	0.951243543010969	-0.0113596573374044
SLC10A7	0.0269881706373902	0.0137295870572509	0.951243543010969	0.0137295870572509
AC007319.1	0.027019497045472	0.044262238707814	0.951243543010969	0.044262238707814
Z93930.2	0.0271156629154284	0.0196811178727128	0.951243543010969	0.0196811178727128
EVL	0.0272163707783005	-0.0185013645799507	0.951243543010969	-0.0185013645799507
SNRNP40	0.0272886854924928	0.016352843881678	0.951243543010969	0.016352843881678
ATP1A2	0.0272978354256569	-0.051039317562002	0.951243543010969	-0.051039317562002
CAV2	0.0273949264168611	-0.0431085709670983	0.951243543010969	-0.0431085709670983
ZNF570	0.0274098637749883	0.0293835644141206	0.951243543010969	0.0293835644141206
AL122035.1	0.0274683289680768	-0.0184776229053051	0.951243543010969	-0.0184776229053051
C22orf39	0.0275531981437428	-0.031325766392533	0.951243543010969	-0.031325766392533
ANO10	0.0276857707748084	-0.0149485715042018	0.951243543010969	-0.0149485715042018
ZNF583	0.0277787545235399	0.0215916026198757	0.951243543010969	0.0215916026198757
TCF7L2	0.0279838845454495	-0.0167204814987427	0.951243543010969	-0.0167204814987427
NELL1	0.0280303149961849	-0.0550571134742251	0.951243543010969	-0.0550571134742251
ZSWIM9	0.0280817362916564	0.0199306316250141	0.951243543010969	0.0199306316250141
DHX37	0.0281489218680018	-0.0255101473884704	0.951243543010969	-0.0255101473884704
TSHZ1	0.0282133752480742	-0.0276773375340199	0.951243543010969	-0.0276773375340199
CROCC	0.0282814746768635	0.0151494971500302	0.951243543010969	0.0151494971500302
LINC01619	0.0285057824351076	0.0388930260244922	0.951243543010969	0.0388930260244922
DIP2B	0.0286437476751201	-0.00767531144710646	0.951243543010969	-0.00767531144710646
MCM5	0.0287238993156891	0.0340892805612627	0.951243543010969	0.0340892805612627
IFT81	0.028766322717866	0.0247971860920657	0.951243543010969	0.0247971860920657
ATG101	0.0290056377309009	0.0412303043280308	0.951243543010969	0.0412303043280308
THAP4	0.0293386344182607	0.0200839773659311	0.951243543010969	0.0200839773659311
GHDC	0.0294344125256182	-0.0299467170260049	0.951243543010969	-0.0299467170260049
AL096803.2	0.0294478829258728	0.013774531887152	0.951243543010969	0.013774531887152
SCO1	0.0294748001921926	-0.0239205931067466	0.951243543010969	-0.0239205931067466
ZNF71	0.0295020492705247	0.0286753770486628	0.951243543010969	0.0286753770486628
CDC42EP1	0.0295054131585806	0.0161840455409003	0.951243543010969	0.0161840455409003
CAAP1	0.0296227238846143	0.0184487164417312	0.951243543010969	0.0184487164417312
BOK	0.0296802489544055	0.0158023272734733	0.951243543010969	0.0158023272734733
GNG10	0.0297233688633206	0.0252222322637566	0.951243543010969	0.0252222322637566
PLAC8L1	0.0297458837676476	0.0318396603442959	0.951243543010969	0.0318396603442959
FOXJ3	0.0299623103458865	-0.00871748955003471	0.951243543010969	-0.00871748955003471
AC073389.2	0.030156054857422	0.0345917990313385	0.951243543010969	0.0345917990313385
ZNF429	0.0301796336994249	0.0167733473936471	0.951243543010969	0.0167733473936471
NDUFAF3	0.0302504240314841	0.0369454172070417	0.951243543010969	0.0369454172070417
IPO8	0.0304591259423383	0.0148210662752143	0.951243543010969	0.0148210662752143
GPD2	0.030649733810899	0.0183816714871951	0.951243543010969	0.0183816714871951
GKAP1	0.0307300342102864	0.0121810731145885	0.951243543010969	0.0121810731145885
TRAF6	0.0307741632707834	-0.0202521554146442	0.951243543010969	-0.0202521554146442
ZNF524	0.0308658607297497	0.0316912883705528	0.951243543010969	0.0316912883705528
ZNF44	0.0309157384394833	0.0145291401755425	0.951243543010969	0.0145291401755425
CNTN1	0.0312106910616471	0.0376256656967584	0.951243543010969	0.0376256656967584
ACTR10	0.0312861544500317	0.0131527899798667	0.951243543010969	0.0131527899798667
ZNF781	0.0314262958691598	0.0324323609891741	0.951243543010969	0.0324323609891741
STS	0.0315306932000286	-0.0297087989997019	0.951243543010969	-0.0297087989997019
TRMT61B	0.0317451533349743	0.0156274739581654	0.951243543010969	0.0156274739581654
GABPB1	0.0319197012721249	-0.0203545195328797	0.951243543010969	-0.0203545195328797
MAP7	0.0320894656292615	-0.00594621162341086	0.951243543010969	-0.00594621162341086
CAMKMT	0.0321849509735473	-0.00965232440157428	0.951243543010969	-0.00965232440157428
LRPPRC	0.0323105535685215	0.0121588810487439	0.951243543010969	0.0121588810487439
GLRX5	0.0323176491225567	-0.040975336173979	0.951243543010969	-0.040975336173979
CBX3	0.0323176844638923	0.0188238523105312	0.951243543010969	0.0188238523105312
WDR89	0.0323316851746046	0.0216203863438203	0.951243543010969	0.0216203863438203
FRG1-DT	0.0323569830373648	-0.0253810378366345	0.951243543010969	-0.0253810378366345
IQCE	0.0326384419558399	0.0310774112237287	0.951243543010969	0.0310774112237287
C8orf37-AS1	0.0326617527279364	-0.0290022402579075	0.951243543010969	-0.0290022402579075
AC092068.3	0.0328389677622478	-0.0340810082455308	0.951243543010969	-0.0340810082455308
HAPLN2	0.0328743960477595	-0.0128928880787351	0.951243543010969	-0.0128928880787351
EXOSC7	0.032885451908712	0.0209488610589852	0.951243543010969	0.0209488610589852
THAP9-AS1	0.0328995173429331	0.0328162838049277	0.951243543010969	0.0328162838049277
SCRN3	0.0329860980416594	0.0238670022445546	0.951243543010969	0.0238670022445546
PLCL2	0.0331236782550367	0.0291424708539645	0.951243543010969	0.0291424708539645
EYA3	0.0331480731919664	0.0104758783904263	0.951243543010969	0.0104758783904263
ZC3H6	0.0335000949004273	0.0123091364049102	0.951243543010969	0.0123091364049102
SYNGAP1	0.0335167809295485	-0.0482947383723578	0.951243543010969	-0.0482947383723578
ZNF580	0.0335753334734563	-0.0296671749586122	0.951243543010969	-0.0296671749586122
CUL2	0.0336726582871455	-0.017734533538104	0.951243543010969	-0.017734533538104
LEO1	0.0337676847499539	-0.022969285611667	0.951243543010969	-0.022969285611667
RBBP5	0.0341368560206827	0.0182424159611759	0.951243543010969	0.0182424159611759
ZNF551	0.0341424670743238	0.0225124228229144	0.951243543010969	0.0225124228229144
ST7	0.0343451239937396	-0.0360657732805656	0.951243543010969	-0.0360657732805656
NUFIP1	0.0344301024105501	0.024962995324377	0.951243543010969	0.024962995324377
STX1B	0.0344510443941974	-0.0454960403111034	0.951243543010969	-0.0454960403111034
PECR	0.0346612395630089	0.0241211591689236	0.951243543010969	0.0241211591689236
RNF13	0.0346794559622821	-0.00914436911562501	0.951243543010969	-0.00914436911562501
HDAC11	0.0347104969739687	0.01310814461776	0.951243543010969	0.01310814461776
ECI2	0.0347904111808313	-0.0196855610660996	0.951243543010969	-0.0196855610660996
TUBB	0.0348470677422917	-0.0393829130801648	0.951243543010969	-0.0393829130801648
DYNC1I1	0.0350265256024661	-0.0125734271336604	0.951243543010969	-0.0125734271336604
TARDBP	0.0350544517466054	0.0134345001077608	0.951243543010969	0.0134345001077608
EXOSC1	0.0350916206953344	-0.0169167663645235	0.951243543010969	-0.0169167663645235
DGKA	0.035239604273235	-0.0365171666874211	0.951243543010969	-0.0365171666874211
HTRA1	0.0352549656383638	-0.00909589506534983	0.951243543010969	-0.00909589506534983
BNIP3L	0.03531666716981	-0.0110017708345083	0.951243543010969	-0.0110017708345083
XPO4	0.0354786502071247	0.0113882264073691	0.951243543010969	0.0113882264073691
KIAA1614	0.0355124124794283	0.0326426710148624	0.951243543010969	0.0326426710148624
MKRN1	0.0356835008411107	0.020238266608443	0.951243543010969	0.020238266608443
DVL1	0.0360000164660197	0.0180343456450405	0.951243543010969	0.0180343456450405
AL357153.2	0.0360186626396367	-0.0227963222222984	0.951243543010969	-0.0227963222222984
IAH1	0.0360243010276578	-0.0198110832112362	0.951243543010969	-0.0198110832112362
KIF19	0.036088083058398	-0.0189778652271622	0.951243543010969	-0.0189778652271622
ZNF45	0.0360988434057042	-0.0353566443450003	0.951243543010969	-0.0353566443450003
GAS1	0.0361366760577712	0.0325185269495435	0.951243543010969	0.0325185269495435
ZNF708	0.036157357224486	-0.012003600545475	0.951243543010969	-0.012003600545475
MIA2	0.0362351568268808	0.0155505311564682	0.951243543010969	0.0155505311564682
STAU2	0.0362565996677028	0.0119152350349346	0.951243543010969	0.0119152350349346
POLR3GL	0.0363191926896044	-0.0271989701817634	0.951243543010969	-0.0271989701817634
SPATA5L1	0.036390159666681	0.0240075956054652	0.951243543010969	0.0240075956054652
PCMT1	0.0364529624906735	-0.0163744941050537	0.951243543010969	-0.0163744941050537
CRTC1	0.036741726769069	-0.0143623915316767	0.951243543010969	-0.0143623915316767
PIGU	0.0368318686831355	0.011434980075558	0.951243543010969	0.011434980075558
ANGEL2	0.0368678726144639	-0.0144037240321746	0.951243543010969	-0.0144037240321746
CRPPA	0.0368986886014471	-0.0204720453465462	0.951243543010969	-0.0204720453465462
SUPT6H	0.0369583342744491	-0.0141199638400437	0.951243543010969	-0.0141199638400437
SZT2	0.0369711319229244	0.016392475180749	0.951243543010969	0.016392475180749
ANKRD11	0.037056040554874	-0.0111394042373608	0.951243543010969	-0.0111394042373608
SMIM5	0.0371105055212197	0.0245799116743805	0.951243543010969	0.0245799116743805
ATP1B3	0.0371376409854912	-0.0205438662729563	0.951243543010969	-0.0205438662729563
NTRK2	0.0371509677715866	0.0166017348820394	0.951243543010969	0.0166017348820394
GPN2	0.0372345457070319	0.02146198170788	0.951243543010969	0.02146198170788
DRAP1	0.0372949231836903	-0.0307309590930458	0.951243543010969	-0.0307309590930458
SOX9	0.0373235455788889	0.0275830041217321	0.951243543010969	0.0275830041217321
STAT1	0.0374351914969463	-0.0278814024372882	0.951243543010969	-0.0278814024372882
PIGF	0.0375825226396563	0.0172104375601278	0.951243543010969	0.0172104375601278
VPS8	0.0375919029378687	-0.00823414658098836	0.951243543010969	-0.00823414658098836
EIF4EBP2	0.0376047981208237	-0.0265221663404564	0.951243543010969	-0.0265221663404564
GABBR1	0.0376643352771924	-0.0279098699127242	0.951243543010969	-0.0279098699127242
CFLAR	0.0377516910838731	-0.0113582880736705	0.951243543010969	-0.0113582880736705
ZNF33A	0.0380392183699655	-0.0106018640003856	0.951243543010969	-0.0106018640003856
RPS10-NUDT3	0.0380537935157715	-0.0270030607329991	0.951243543010969	-0.0270030607329991
LRRC58	0.0380746122673464	-0.0135751467203031	0.951243543010969	-0.0135751467203031
ARSB	0.0381039055363217	-0.0133926022499299	0.951243543010969	-0.0133926022499299
UTP23	0.0381418827821537	-0.0163974561638669	0.951243543010969	-0.0163974561638669
NMNAT1	0.0381959493825853	0.021488599685942	0.951243543010969	0.021488599685942
LINC01310	0.0382979878520657	-0.0427363020834892	0.951243543010969	-0.0427363020834892
GOLGA1	0.0384557164264767	0.0152460846662513	0.951243543010969	0.0152460846662513
FRG1	0.0384723270997329	0.0203267985387281	0.951243543010969	0.0203267985387281
PDIA6	0.0385992268412204	0.0242602363954638	0.951243543010969	0.0242602363954638
CDC42BPA	0.0387487115911654	-0.0056163176528203	0.951243543010969	-0.0056163176528203
UBE2B	0.0387710192347647	-0.0111428106989174	0.951243543010969	-0.0111428106989174
NCOA1	0.0387958567525006	-0.00734493897956796	0.951243543010969	-0.00734493897956796
FMO5	0.0388247132664109	-0.0307482827311733	0.951243543010969	-0.0307482827311733
LINC01992	0.0388907861578623	-0.0304819172236296	0.951243543010969	-0.0304819172236296
FARS2	0.0390089228271977	-0.0116479267662656	0.951243543010969	-0.0116479267662656
SLBP	0.0390202546483831	-0.0223292451562682	0.951243543010969	-0.0223292451562682
LYPLA2	0.0393329217963493	-0.0294403503939025	0.951243543010969	-0.0294403503939025
AC008629.1	0.0393971453694692	0.0176078190839482	0.951243543010969	0.0176078190839482
RABL2B	0.0397464340647816	0.0205873156784698	0.951243543010969	0.0205873156784698
ADAMTSL3	0.0397525458892813	-0.0134748914894412	0.951243543010969	-0.0134748914894412
CYP7B1	0.0397800690152356	0.0147982111716505	0.951243543010969	0.0147982111716505
C5orf15	0.0398026401637999	0.0190712313214999	0.951243543010969	0.0190712313214999
ACP6	0.039917783239687	0.0249190917267681	0.951243543010969	0.0249190917267681
LINC00970	0.039926118597567	-0.0371373697614362	0.951243543010969	-0.0371373697614362
UXS1	0.0399351881300148	0.0254865890143233	0.951243543010969	0.0254865890143233
TSSC4	0.0400703035150172	0.0238457671151239	0.951243543010969	0.0238457671151239
TNFAIP1	0.0401802569904428	0.0251480859077741	0.951243543010969	0.0251480859077741
SMCR5	0.0401856606034003	0.039646208814288	0.951243543010969	0.039646208814288
CSK	0.0402359740127231	0.0209274027504959	0.951243543010969	0.0209274027504959
PIP4P2	0.0403716674600123	0.0164678728118641	0.951243543010969	0.0164678728118641
SRP72	0.0404043503607433	0.0155657123887119	0.951243543010969	0.0155657123887119
AC007376.2	0.0405249365876267	-0.022517467471739	0.951243543010969	-0.022517467471739
KLHL12	0.0405369405762524	0.0195434991168574	0.951243543010969	0.0195434991168574
DRG1	0.0405842555010267	-0.0145042181275097	0.951243543010969	-0.0145042181275097
GHITM	0.0407515768892588	-0.0325978321982644	0.951243543010969	-0.0325978321982644
NOL10	0.0407969890674226	0.0109900135662018	0.951243543010969	0.0109900135662018
RPS6KB1	0.0408380283578116	0.0114340650522892	0.951243543010969	0.0114340650522892
C11orf65	0.0409036877045615	0.0195182835704736	0.951243543010969	0.0195182835704736
MIGA2	0.0410423980273496	0.0203162897338265	0.951243543010969	0.0203162897338265
ZNF582	0.0410539703115257	-0.028892023415405	0.951243543010969	-0.028892023415405
CIB1	0.0411651681772312	0.0298420726410079	0.951243543010969	0.0298420726410079
LINC00665	0.0411777063751309	0.0221133989195863	0.951243543010969	0.0221133989195863
LLGL2	0.0411969175768063	0.0166798146208241	0.951243543010969	0.0166798146208241
GUCD1	0.0412630492524506	0.0295547557314552	0.951243543010969	0.0295547557314552
KCNAB1	0.0413062308878441	0.0230041707678259	0.951243543010969	0.0230041707678259
PRKAR2A	0.0414439260972382	0.00950249710041388	0.951243543010969	0.00950249710041388
OGFRL1	0.0416055070713552	-0.0417825646939135	0.951243543010969	-0.0417825646939135
HS1BP3	0.0416138414387114	-0.019737963570298	0.951243543010969	-0.019737963570298
ZNF211	0.0417944841066156	0.0302235931226492	0.951243543010969	0.0302235931226492
WDR61	0.0418226366918686	-0.0181796764338384	0.951243543010969	-0.0181796764338384
SLC25A25-AS1	0.0418954807554695	-0.0308349458999534	0.951243543010969	-0.0308349458999534
PPP1R35	0.0419183257543409	-0.0450214799820228	0.951243543010969	-0.0450214799820228
BX255925.3	0.0419496358311854	-0.0232910045825332	0.951243543010969	-0.0232910045825332
SWT1	0.0422181134803613	0.0120777060013111	0.955084982923319	0.0120777060013111
PTPRO	0.0423867357026572	-0.0474401101476496	0.955084982923319	-0.0474401101476496
USP4	0.0423867482844601	0.0148370491910103	0.955084982923319	0.0148370491910103
DISP1	0.0425705862142143	-0.0263580219156114	0.95721215178726	-0.0263580219156114
LMNA	0.0429328773553248	-0.0136727236221779	0.962340083497405	-0.0136727236221779
ZNF804A	0.0429784695797215	-0.0493252705143157	0.962340083497405	-0.0493252705143157
AL391684.1	0.0433291427901972	-0.0253666350929779	0.965957280285346	-0.0253666350929779
LINC00265	0.0433752159948465	0.0304323335098749	0.965957280285346	0.0304323335098749
SLC1A3	0.0434107681787584	0.0117884758459568	0.965957280285346	0.0117884758459568
PLPPR2	0.0438760707356118	-0.0310428408785773	0.969330679750006	-0.0310428408785773
AGGF1	0.043949972636312	0.0146422536766863	0.969330679750006	0.0146422536766863
TUBA1C	0.043965987308968	-0.0393288987353928	0.969330679750006	-0.0393288987353928
MRPS11	0.0440019821674025	-0.0183051828641795	0.969330679750006	-0.0183051828641795
AL731769.2	0.0441499217884312	-0.0358946226209168	0.969330679750006	-0.0358946226209168
ARHGEF12	0.0441970201721398	-0.019321109979647	0.969330679750006	-0.019321109979647
AL035587.1	0.0443165290792503	-0.0307957008151815	0.969330679750006	-0.0307957008151815
ISY1	0.0443172054756217	-0.023042473661263	0.969330679750006	-0.023042473661263
DNAJC13	0.0445741361157987	-0.0129666834839055	0.969330679750006	-0.0129666834839055
IRAK1BP1	0.0445932205103306	-0.0193732670392622	0.969330679750006	-0.0193732670392622
NCOA5	0.0446421193140385	0.0141976815581166	0.969330679750006	0.0141976815581166
UBXN2A	0.0451188521775331	0.0100025634020584	0.969330679750006	0.0100025634020584
PIP4K2C	0.0451898650966076	-0.0323932344471868	0.969330679750006	-0.0323932344471868
ELP2	0.045248543982027	-0.00993765834471476	0.969330679750006	-0.00993765834471476
SYNE2	0.0452611126430273	-0.0253429632835707	0.969330679750006	-0.0253429632835707
PHACTR3	0.045274314404608	-0.00795018820444981	0.969330679750006	-0.00795018820444981
FAM122B	0.0454775934954169	0.0213961018984424	0.969330679750006	0.0213961018984424
AC106881.1	0.0455468563958278	-0.03260817844148	0.969330679750006	-0.03260817844148
TENT4A	0.0457065307972016	-0.0146278519146804	0.969330679750006	-0.0146278519146804
SMCHD1	0.0458108864030985	0.00954165774665089	0.969330679750006	0.00954165774665089
LDAH	0.045826683023977	0.0200749572497033	0.969330679750006	0.0200749572497033
OSBPL2	0.0458275494143902	0.0168703320098457	0.969330679750006	0.0168703320098457
ROR1	0.0458332465592813	0.0176246680364924	0.969330679750006	0.0176246680364924
THEMIS	0.0458358846463521	-0.029073109077558	0.969330679750006	-0.029073109077558
TARBP1	0.0459175476278543	0.021094525421759	0.969330679750006	0.021094525421759
BTF3	0.0459590987991724	0.027237248838503	0.969330679750006	0.027237248838503
AC053527.2	0.046012180832787	0.013443435050935	0.969330679750006	0.013443435050935
MRPL37	0.04617996897591	0.0252688004182104	0.969330679750006	0.0252688004182104
RHBDL3	0.0461887925509206	-0.0280027515927274	0.969330679750006	-0.0280027515927274
PDP1	0.0463590014068455	-0.0470300316085493	0.969340833175274	-0.0470300316085493
ANKS1B	0.0463704107806914	0.00603267616117794	0.969340833175274	0.00603267616117794
POLR2H	0.0465727863784631	0.0235705331029634	0.970152982363182	0.0235705331029634
AC090945.1	0.0465905477842358	0.0163853922243538	0.970152982363182	0.0163853922243538
ACAT1	0.0470714541851824	0.015918698761891	0.973561042485135	0.015918698761891
FGFR1OP2	0.0472958661348675	0.0121963037278862	0.973561042485135	0.0121963037278862
XPR1	0.0473696061785896	-0.016062238500535	0.973561042485135	-0.016062238500535
AC110285.1	0.0473857272936487	-0.0131761498304027	0.973561042485135	-0.0131761498304027
GLRX3	0.0474019503197636	0.0146554204149436	0.973561042485135	0.0146554204149436
MBD2	0.0474179470961224	-0.0135378507831503	0.973561042485135	-0.0135378507831503
CPNE3	0.0474531188895614	0.0169071197057865	0.973561042485135	0.0169071197057865
ZNF821	0.0475697028395048	-0.0202405345814828	0.973561042485135	-0.0202405345814828
FAM182B	0.0476535415797917	0.0236517338989099	0.973561042485135	0.0236517338989099
SLCO1A2	0.047777602480129	0.00761670853672261	0.973561042485135	0.00761670853672261
DEXI	0.0477854540473847	0.0382235198255272	0.973561042485135	0.0382235198255272
ST7L	0.0478457543069402	-0.0114866835699604	0.973561042485135	-0.0114866835699604
NIM1K	0.0481111478623308	-0.0137667330821044	0.975470763874318	-0.0137667330821044
DMAP1	0.0481233134601878	0.0207666243566546	0.975470763874318	0.0207666243566546
AC092745.5	0.0482130275707292	-0.0245644416900318	0.975470763874318	-0.0245644416900318
SHC4	0.0485828738095608	0.0130906423664665	0.979333586084692	0.0130906423664665
ZNF790-AS1	0.0485869507811802	0.0240390031100716	0.979333586084692	0.0240390031100716
DCAF11	0.0487530991831686	-0.0196559249963504	0.980468834979423	-0.0196559249963504
FAM122C	0.0488590477197917	-0.027579647963585	0.980468834979423	-0.027579647963585
ZNF891	0.04909668699784	-0.0161485917406809	0.980468834979423	-0.0161485917406809
MED29	0.0491531020192381	-0.0203927272448587	0.980468834979423	-0.0203927272448587
CHAF1A	0.0492886848622694	0.0274932300173381	0.980468834979423	0.0274932300173381
AC099489.1	0.0496902475905547	-0.0251197039320327	0.980468834979423	-0.0251197039320327
KIF1B	0.0497032403360141	-0.00577504086289912	0.980468834979423	-0.00577504086289912
TRIM62	0.0498036764279834	-0.0129667322657461	0.980468834979423	-0.0129667322657461
AHCTF1	0.0498580852727508	0.0142255240097909	0.980468834979423	0.0142255240097909
POU3F2	0.0498817492044284	-0.0205524616759296	0.980468834979423	-0.0205524616759296
DDX58	0.0500305453011553	-0.0211722316480184	0.980468834979423	-0.0211722316480184
PPP1R2	0.0500410474530811	0.0212570501223456	0.980468834979423	0.0212570501223456
PFN2	0.0500417019421778	-0.0329404843829742	0.980468834979423	-0.0329404843829742
TMOD1	0.0500817703201855	-0.0282365587014987	0.980468834979423	-0.0282365587014987
PIAS4	0.0502788576515398	0.0137392295809535	0.980468834979423	0.0137392295809535
AZIN2	0.0503480277277123	0.0143115173846932	0.980468834979423	0.0143115173846932
AP1S1	0.0505404748729828	0.0450079327274905	0.980468834979423	0.0450079327274905
PPP3CB	0.0505908480314103	0.0165772548308946	0.980468834979423	0.0165772548308946
PHF6	0.0506927912164614	0.0150108470473587	0.980468834979423	0.0150108470473587
KCTD8	0.0507795339621935	-0.0115469290196826	0.980468834979423	-0.0115469290196826
TRIM41	0.0507904303790786	0.0238070306906779	0.980468834979423	0.0238070306906779
DPP6	0.0509067800367659	0.0143544526420958	0.980468834979423	0.0143544526420958
MITD1	0.050939396623335	0.0144493264802004	0.980468834979423	0.0144493264802004
TAFA4	0.0510366289419846	-0.0143382405275841	0.980468834979423	-0.0143382405275841
ZNF587B	0.0511852094347472	0.0189270624609797	0.980468834979423	0.0189270624609797
ACTR1B	0.0512482564768342	-0.0182572483803562	0.980468834979423	-0.0182572483803562
KIAA0556	0.051349721278235	-0.0133929444716956	0.980468834979423	-0.0133929444716956
CRIPAK	0.051352187809644	0.019778579532825	0.980468834979423	0.019778579532825
XPO5	0.0514335800716076	-0.0178329675484235	0.980468834979423	-0.0178329675484235
NOP9	0.0515737010680028	0.0298900202051439	0.980468834979423	0.0298900202051439
PRCP	0.0516723700076748	0.0293761675807536	0.980468834979423	0.0293761675807536
AC092939.1	0.0516999067574862	0.0216211594994993	0.980468834979423	0.0216211594994993
ARID1A	0.0517163700177486	0.00774248768600441	0.980468834979423	0.00774248768600441
DRG2	0.0518247647473462	-0.0195696624066817	0.980468834979423	-0.0195696624066817
BMP8A	0.0518943582325002	-0.0340019682583938	0.980468834979423	-0.0340019682583938
LINC01184	0.0519429268860595	0.00951664454846235	0.980468834979423	0.00951664454846235
ZFHX2-AS1	0.0520939053072967	-0.0172654419526617	0.980468834979423	-0.0172654419526617
BMT2	0.0522057183779862	-0.0262228452327523	0.980468834979423	-0.0262228452327523
SRP9	0.0522159428140027	-0.0215609096985898	0.980468834979423	-0.0215609096985898
WAC-AS1	0.0523280275794639	0.0174277350307291	0.980852678078813	0.0174277350307291
OSBPL11	0.0525195680167015	-0.0191725893160514	0.982721916927895	-0.0191725893160514
PANK3	0.0526669074829237	0.0156033027776331	0.983759006613844	0.0156033027776331
SIRT1	0.0533293918600263	-0.0132794672409691	0.985061606450391	-0.0132794672409691
SCOC-AS1	0.0533511892457308	0.0280366125511934	0.985061606450391	0.0280366125511934
TAB3	0.0535509047925592	0.0193821115862862	0.985061606450391	0.0193821115862862
LINC00877	0.0536236512424596	0.0137991936902335	0.985061606450391	0.0137991936902335
RHOQ	0.0536791434241698	-0.0150884626177441	0.985061606450391	-0.0150884626177441
GTPBP6	0.0537248035724073	0.0159846974546458	0.985061606450391	0.0159846974546458
WDR13	0.0537732125661393	-0.0172773098243402	0.985061606450391	-0.0172773098243402
DDX19B	0.0539002456510638	0.0162591503224751	0.985061606450391	0.0162591503224751
PPAT	0.0539243157132034	0.0302468459733985	0.985061606450391	0.0302468459733985
IDH3B	0.0539790760622874	0.0253340306066479	0.985061606450391	0.0253340306066479
NAPA	0.0539871578303621	0.0131770645292372	0.985061606450391	0.0131770645292372
CEP85L	0.0540236555231483	-0.0082078505420881	0.985061606450391	-0.0082078505420881
PRUNE2	0.0541812203909638	-0.0063423002837478	0.985061606450391	-0.0063423002837478
AL158077.2	0.0541958635245346	0.0135927278392412	0.985061606450391	0.0135927278392412
GPR137C	0.0542910029252743	-0.0108506112687708	0.985061606450391	-0.0108506112687708
FAM98C	0.0542957321121975	0.0216938959039698	0.985061606450391	0.0216938959039698
GPATCH11	0.0543364548098812	-0.0213456769577587	0.985061606450391	-0.0213456769577587
BCLAF3	0.0545426777458328	0.0137624928114293	0.985061606450391	0.0137624928114293
WDR12	0.0546236470929761	0.0237851560461427	0.985061606450391	0.0237851560461427
SUPT16H	0.0548865088177589	0.015190282065752	0.985061606450391	0.015190282065752
AC127502.2	0.0549715018968529	0.025719351939427	0.985061606450391	0.025719351939427
FBL	0.0549754267332437	0.0284139228016344	0.985061606450391	0.0284139228016344
MARCH6	0.0551659983774814	-0.00875202570801536	0.985061606450391	-0.00875202570801536
PROX1	0.0552695193396346	0.00997643769482235	0.985061606450391	0.00997643769482235
SLC39A11	0.0553166861013904	-0.00946611074433289	0.985061606450391	-0.00946611074433289
AP2A1	0.0553912599435939	0.013402303532804	0.985061606450391	0.013402303532804
TOX3	0.0553929155804724	-0.0255889209735458	0.985061606450391	-0.0255889209735458
LPXN	0.0554411764198343	0.0193040113820927	0.985061606450391	0.0193040113820927
AC068633.1	0.0556066812184077	-0.0288046798897741	0.985061606450391	-0.0288046798897741
GTF3C4	0.0556752039144686	-0.0276058331978808	0.985061606450391	-0.0276058331978808
ABCC5	0.0557062870227923	0.0116210717290671	0.985061606450391	0.0116210717290671
CETN3	0.0557355712955656	0.0213678222470035	0.985061606450391	0.0213678222470035
PPP1R37	0.0559773692597668	-0.0218086431204644	0.985061606450391	-0.0218086431204644
L3MBTL4	0.0560728304260673	-0.00837842821901265	0.985061606450391	-0.00837842821901265
NSF	0.056085685482199	-0.0286717368059045	0.985061606450391	-0.0286717368059045
TATDN3	0.0561063810162554	-0.0129192479833246	0.985061606450391	-0.0129192479833246
COX20	0.0562606795085838	-0.0158238679346092	0.985061606450391	-0.0158238679346092
PCBP2	0.0563147613816515	-0.00913109866442362	0.985061606450391	-0.00913109866442362
GARS-DT	0.0563702616245707	0.0100844859460978	0.985061606450391	0.0100844859460978
SKI	0.0564180850933467	-0.0122729008485124	0.985061606450391	-0.0122729008485124
HGS	0.0565233583169715	-0.015654851360837	0.985292351899911	-0.015654851360837
TMEM250	0.0568100738400592	0.0262828139830656	0.987115583466573	0.0262828139830656
ANKRD7	0.0568451311386919	-0.0317602176475636	0.987115583466573	-0.0317602176475636
NAT9	0.0569090885439275	0.0213489783612026	0.987115583466573	0.0213489783612026
AGA	0.0571692933888402	0.0199517284043571	0.987115583466573	0.0199517284043571
LRIG3	0.0572536788588517	0.0161244897642388	0.987115583466573	0.0161244897642388
PBX2	0.0572606602052927	0.0206143922030697	0.987115583466573	0.0206143922030697
DNAJC16	0.0574163546567971	0.0134259643962117	0.987115583466573	0.0134259643962117
ANKFY1	0.0574664701734716	-0.0115398363777179	0.987115583466573	-0.0115398363777179
IDNK	0.0575732594039962	0.0227050042566282	0.987115583466573	0.0227050042566282
TANGO6	0.0577681034300269	0.0101351427344937	0.987115583466573	0.0101351427344937
AL162390.1	0.058133250019719	0.027893794348034	0.987115583466573	0.027893794348034
FKBP1A	0.0583828489510118	-0.0278725768143437	0.987115583466573	-0.0278725768143437
ANGPTL2	0.0587276325496158	0.0225287735002298	0.987115583466573	0.0225287735002298
C19orf18	0.0587286038247212	-0.0261548644948364	0.987115583466573	-0.0261548644948364
TOMM5	0.058738744284322	-0.0396784862492066	0.987115583466573	-0.0396784862492066
FAM219A	0.0588026368810126	0.0122856774434278	0.987115583466573	0.0122856774434278
MIS18A	0.0588089143198226	0.0288139771175717	0.987115583466573	0.0288139771175717
TIMM10B	0.0589112714635091	0.0269659533836383	0.987115583466573	0.0269659533836383
SH3RF3	0.0590268562560781	-0.0443302546621739	0.987115583466573	-0.0443302546621739
SLC35F1	0.059132950857213	-0.0397931945607302	0.987115583466573	-0.0397931945607302
FAM126A	0.0593679398789762	0.0113957233473127	0.987115583466573	0.0113957233473127
ATP8A1	0.0593765393988576	0.00583217981845794	0.987115583466573	0.00583217981845794
TAGLN	0.0595573776442146	0.0196738404975437	0.987115583466573	0.0196738404975437
PPP1R14A	0.059577397510313	0.0171955214358399	0.987115583466573	0.0171955214358399
NTM-AS1	0.0596541706799667	0.0168698396007144	0.987115583466573	0.0168698396007144
CYTH3	0.0597569950104687	-0.024540250657401	0.987115583466573	-0.024540250657401
AL513550.1	0.0598101432862987	0.0235061399320606	0.987115583466573	0.0235061399320606
PTPRS	0.0599169280386821	0.00754967831988514	0.987115583466573	0.00754967831988514
RPL7L1	0.0600095409703251	-0.0213034166608306	0.987115583466573	-0.0213034166608306
ITGB5	0.0601120628351208	-0.0260935657822563	0.987115583466573	-0.0260935657822563
SMARCD3	0.060293507906831	-0.029647624361927	0.987115583466573	-0.029647624361927
MYO5B	0.0604040395188757	-0.0276542992140368	0.987115583466573	-0.0276542992140368
RAD23B	0.0604393778474106	-0.0123100809528636	0.987115583466573	-0.0123100809528636
BAIAP2	0.0605665096968895	-0.0429057656702267	0.987115583466573	-0.0429057656702267
INO80C	0.0606515237460982	0.0285082207222647	0.987115583466573	0.0285082207222647
ATCAY	0.0606831548809061	-0.0492040750078506	0.987115583466573	-0.0492040750078506
GSKIP	0.0607237922860654	0.0200213362502195	0.987115583466573	0.0200213362502195
FBXO4	0.0608735793329319	0.0240155433312776	0.987115583466573	0.0240155433312776
NDUFS8	0.0609229941753156	-0.0260510149178604	0.987115583466573	-0.0260510149178604
EBLN2	0.0610375468398568	0.0247124786264146	0.987115583466573	0.0247124786264146
SOX5	0.061105668701919	0.0365572193487151	0.987115583466573	0.0365572193487151
NUP160	0.0611823360958524	-0.0107206087384349	0.987115583466573	-0.0107206087384349
SNRK	0.0615356184802926	-0.0222335953699149	0.987115583466573	-0.0222335953699149
KLHL2	0.0615844955069095	-0.0106642060564726	0.987115583466573	-0.0106642060564726
STARD7-AS1	0.0618811959342439	-0.0242120836947864	0.987115583466573	-0.0242120836947864
SEC22A	0.0619575448009287	-0.0117115727596291	0.987115583466573	-0.0117115727596291
XKR6	0.0620599809754361	-0.0311598532621369	0.987115583466573	-0.0311598532621369
TPD52L1	0.0622746723504444	-0.0378996827648965	0.987115583466573	-0.0378996827648965
LINC00685	0.0622778519569924	0.0169349234740443	0.987115583466573	0.0169349234740443
IKBKB	0.0623182322090455	-0.0118697943407738	0.987115583466573	-0.0118697943407738
KNTC1	0.0625584698857257	0.0275498282621039	0.987115583466573	0.0275498282621039
PI16	0.062626577709555	0.0212072884383615	0.987115583466573	0.0212072884383615
CRB1	0.0626508133894902	0.0121467658924608	0.987115583466573	0.0121467658924608
DCTN5	0.0626949588487887	-0.0167076878001136	0.987115583466573	-0.0167076878001136
CPQ	0.0629972235509384	-0.00892111946832792	0.987115583466573	-0.00892111946832792
PPP2R3B	0.0630018667367264	-0.0178454039486757	0.987115583466573	-0.0178454039486757
AC025682.1	0.0631715935575258	0.0147578154473823	0.987115583466573	0.0147578154473823
TBC1D17	0.0632656843995541	-0.0117743924752847	0.987115583466573	-0.0117743924752847
CYTH2	0.0636268193014476	0.0182814969141841	0.987115583466573	0.0182814969141841
CTPS2	0.0636984194166868	-0.0149597547555253	0.987115583466573	-0.0149597547555253
CREG2	0.0638097508311951	-0.0264146743850024	0.987115583466573	-0.0264146743850024
MZT1	0.0638158275250701	-0.0349838708438872	0.987115583466573	-0.0349838708438872
ABCF3	0.063917374222369	-0.0303082476364376	0.987115583466573	-0.0303082476364376
SDC3	0.0639880840615343	-0.0416691160969855	0.987115583466573	-0.0416691160969855
PARK7	0.0641529118367723	-0.0250959768308441	0.987115583466573	-0.0250959768308441
KAZN	0.0642121583566221	-0.0103469928354208	0.987115583466573	-0.0103469928354208
ZNF337	0.0642640052919211	0.0151949820181435	0.987115583466573	0.0151949820181435
AC034102.5	0.0643706458118103	0.0293715224516829	0.987115583466573	0.0293715224516829
TULP3	0.0644716008036024	0.00954373363682696	0.987115583466573	0.00954373363682696
LINC00844	0.0645006804496154	0.0154913506113889	0.987115583466573	0.0154913506113889
C6orf226	0.0645408622478822	0.0339802816277314	0.987115583466573	0.0339802816277314
RAB11B	0.0645529776326987	0.0137467663531164	0.987115583466573	0.0137467663531164
LMAN2	0.0647831673574104	0.0229706415848966	0.987115583466573	0.0229706415848966
PSMD4	0.0649933875034917	-0.0148877847347663	0.987115583466573	-0.0148877847347663
RSU1	0.0651741345078428	0.0115675338118875	0.987115583466573	0.0115675338118875
TSTD2	0.0653982357711497	-0.0170958655996003	0.987115583466573	-0.0170958655996003
RAB22A	0.0654660467452372	0.0136110161983053	0.987115583466573	0.0136110161983053
PPIL3	0.0655818355272295	0.0217224378103939	0.987115583466573	0.0217224378103939
TMEM140	0.06573396218483	-0.0212130631873364	0.987115583466573	-0.0212130631873364
DMWD	0.0658083826246873	-0.0180360942106194	0.987115583466573	-0.0180360942106194
EXOC2	0.0658806866293651	-0.00956104412230016	0.987115583466573	-0.00956104412230016
MICU1	0.0658927298120451	0.00973069208627109	0.987115583466573	0.00973069208627109
MBTPS1	0.0659218552283758	0.0125150848145625	0.987115583466573	0.0125150848145625
FUNDC2	0.0659881634111716	-0.0260377984505262	0.987115583466573	-0.0260377984505262
POLD4	0.0660439407745151	0.0278290550592364	0.987115583466573	0.0278290550592364
NAA20	0.0660835374804442	0.0213083262819735	0.987115583466573	0.0213083262819735
MTPN	0.0662592867453519	-0.0231442520094321	0.987115583466573	-0.0231442520094321
TYW5	0.0662869407080389	0.0161288423080482	0.987115583466573	0.0161288423080482
ATXN1L	0.0664052995711253	-0.0259623033100801	0.987115583466573	-0.0259623033100801
MROH1	0.0664449293477822	-0.0367748326658555	0.987115583466573	-0.0367748326658555
ZSCAN9	0.0665053045682196	0.0262458663825712	0.987115583466573	0.0262458663825712
DOP1A	0.0665533621863104	0.0116476013780617	0.987115583466573	0.0116476013780617
GMEB1	0.0666008330598003	0.0186043915868489	0.987115583466573	0.0186043915868489
FUT10	0.0667139391979376	0.0199565485991479	0.987115583466573	0.0199565485991479
AAGAB	0.0667846849954299	-0.0191595116122618	0.987115583466573	-0.0191595116122618
CEP95	0.0667865013339901	-0.0124835714344954	0.987115583466573	-0.0124835714344954
TMEM130	0.0671294238596857	-0.0442260730385904	0.987115583466573	-0.0442260730385904
BRAP	0.0671387537889542	0.0135059739707254	0.987115583466573	0.0135059739707254
C11orf54	0.0671810423135247	0.0130593036504711	0.987115583466573	0.0130593036504711
TM7SF2	0.0672120241893942	0.0177024186862641	0.987115583466573	0.0177024186862641
MT-ND2	0.0674409645783798	0.01254837646648	0.987115583466573	0.01254837646648
AC005225.3	0.0675409257261904	-0.0226283741449865	0.987115583466573	-0.0226283741449865
AC010974.2	0.0675699351617713	-0.0416458164197604	0.987115583466573	-0.0416458164197604
POGZ	0.0675942334005926	0.0066302488034113	0.987115583466573	0.0066302488034113
POLI	0.0677021199726894	0.014706201275287	0.987115583466573	0.014706201275287
UFD1	0.0677418497559066	-0.0150843320148153	0.987115583466573	-0.0150843320148153
PAFAH1B2	0.0678312555876382	0.00982080559401671	0.987115583466573	0.00982080559401671
FAM66C	0.0678902375049182	0.0152341174486929	0.987115583466573	0.0152341174486929
TPRN	0.0679615138063223	0.0101562032340162	0.987115583466573	0.0101562032340162
LYG1	0.0680403130717316	-0.0247320171159742	0.987115583466573	-0.0247320171159742
C9orf153	0.0680759074034655	-0.0239058251306273	0.987115583466573	-0.0239058251306273
AL603839.3	0.0680972897301589	0.0166454679000028	0.987115583466573	0.0166454679000028
PARP11	0.068120179445953	0.0185860563704824	0.987115583466573	0.0185860563704824
GPATCH4	0.068234455129364	-0.0298685388924081	0.987115583466573	-0.0298685388924081
AL645568.1	0.0683072417888026	0.0122736752321294	0.987115583466573	0.0122736752321294
AASDH	0.0683634496549973	0.0136795799345402	0.987115583466573	0.0136795799345402
AC104417.2	0.068401227842227	0.0285873849937247	0.987115583466573	0.0285873849937247
ACSL6	0.0685093438727794	-0.0372362766640306	0.987115583466573	-0.0372362766640306
CARS	0.0685325426553498	-0.0139731868755448	0.987115583466573	-0.0139731868755448
MOB1B	0.0685445302844993	-0.0326581632212961	0.987115583466573	-0.0326581632212961
ARFGAP3	0.0687584505600606	-0.0112203840126042	0.987115583466573	-0.0112203840126042
KBTBD11	0.0687611753594496	-0.0234511203417261	0.987115583466573	-0.0234511203417261
NCLN	0.0687659823307444	0.0169462169367466	0.987115583466573	0.0169462169367466
YES1	0.0687687259852514	0.0164412392714567	0.987115583466573	0.0164412392714567
LSG1	0.0688076743349987	-0.0184007020333376	0.987115583466573	-0.0184007020333376
TM9SF1	0.0688252195364913	0.0247434128789452	0.987115583466573	0.0247434128789452
SPART	0.0689217205460155	0.00959851330537503	0.987115583466573	0.00959851330537503
HDAC3	0.0689519723721961	-0.0160046876005005	0.987115583466573	-0.0160046876005005
TMEM41A	0.0689715573764427	0.0267364695258838	0.987115583466573	0.0267364695258838
NEIL2	0.0690252368658372	0.0286672675992252	0.987115583466573	0.0286672675992252
RSL1D1	0.0690475138784444	0.0208831554389074	0.987115583466573	0.0208831554389074
THBS2	0.0690656457672776	0.0188675936711246	0.987115583466573	0.0188675936711246
NDOR1	0.0691301729527688	-0.0209667821238265	0.987115583466573	-0.0209667821238265
NECAP1	0.0691528677896517	-0.0226072988976646	0.987115583466573	-0.0226072988976646
UBE2M	0.0693003374662066	0.0301377854592215	0.987115583466573	0.0301377854592215
TAF6L	0.0696327667141787	0.0208784943112245	0.987115583466573	0.0208784943112245
LINC02112	0.0696879144781026	-0.0353524474763604	0.987115583466573	-0.0353524474763604
AC113383.1	0.0697155007227762	0.0186091412553527	0.987115583466573	0.0186091412553527
ZNF18	0.0697377371599868	0.0256833083657561	0.987115583466573	0.0256833083657561
ATAD3B	0.0699159747915578	0.0200988363622667	0.987115583466573	0.0200988363622667
AC019131.1	0.0699967039949665	0.0282452638838975	0.987115583466573	0.0282452638838975
PSMB3	0.0700670444993733	-0.0288908927954178	0.987115583466573	-0.0288908927954178
AK6	0.0700743300115807	0.0215085147335537	0.987115583466573	0.0215085147335537
RSBN1	0.0701128810171786	-0.0134926690229419	0.987115583466573	-0.0134926690229419
TARS	0.070287256482679	0.0212316081641458	0.987115583466573	0.0212316081641458
TRAPPC5	0.0703113045828799	-0.0342451558983147	0.987115583466573	-0.0342451558983147
AL117381.1	0.0704045525771525	-0.0472892334454382	0.987115583466573	-0.0472892334454382
SERGEF	0.0704213116560461	-0.0154914112907032	0.987115583466573	-0.0154914112907032
HAUS4	0.0704718551706457	0.0243144784549983	0.987115583466573	0.0243144784549983
IGF2R	0.0705639692225223	-0.0111747407678571	0.987115583466573	-0.0111747407678571
RCOR1	0.0706288745360529	-0.0181031117561761	0.987115583466573	-0.0181031117561761
FOXN2	0.07064659786372	0.00773955748848266	0.987115583466573	0.00773955748848266
TSEN54	0.0708251241439391	0.0190671531224061	0.987206607127616	0.0190671531224061
RPN1	0.0709843196121808	0.0169804983977453	0.987206607127616	0.0169804983977453
SLC66A2	0.0710187703700441	0.0153616972675741	0.987206607127616	0.0153616972675741
POFUT1	0.0710339411066681	-0.0209916434571621	0.987206607127616	-0.0209916434571621
SGO1-AS1	0.0711517515550226	0.0176954596081621	0.987206607127616	0.0176954596081621
ANKRD13A	0.0713089395266645	0.0115422668868416	0.987206607127616	0.0115422668868416
JAK2	0.0714154618570835	-0.0162599963676572	0.987206607127616	-0.0162599963676572
TSC22D3	0.0716646616538618	-0.00893078402419056	0.987206607127616	-0.00893078402419056
PALM	0.071828398057215	-0.0358668113579815	0.987206607127616	-0.0358668113579815
BSDC1	0.0718949382243934	-0.00956268392454768	0.987206607127616	-0.00956268392454768
KIF9-AS1	0.0719111234190338	0.012649902181467	0.987206607127616	0.012649902181467
ZBTB8OS	0.0719116162856288	0.0099075270549494	0.987206607127616	0.0099075270549494
SLC8A3	0.071954085169818	0.035136659576233	0.987206607127616	0.035136659576233
NIFK-AS1	0.0719691315318238	-0.0124119265171405	0.987206607127616	-0.0124119265171405
SNAPIN	0.0720366588962598	0.031646287813292	0.987206607127616	0.031646287813292
ZNF627	0.0721367669098559	0.0173673143982859	0.987314343013028	0.0173673143982859
DNAJC17	0.0724893806082571	-0.0132207357229138	0.988828121656988	-0.0132207357229138
AC051619.6	0.0725768484286535	-0.0243674414296402	0.988828121656988	-0.0243674414296402
GOLPH3	0.072669951531926	-0.0111036303169067	0.988828121656988	-0.0111036303169067
PTPN23	0.0728024688289235	0.0152884146749405	0.988828121656988	0.0152884146749405
PNMA1	0.0728094429189624	-0.0404504966835577	0.988828121656988	-0.0404504966835577
AP3S2	0.0728262538931448	0.0117163528063568	0.988828121656988	0.0117163528063568
ZSWIM7	0.0729281021077519	0.0125048051017345	0.988828121656988	0.0125048051017345
MRPL44	0.0730512082176431	0.0237745472696339	0.988828121656988	0.0237745472696339
AKIRIN2	0.0730788605279527	0.0218571905604273	0.988828121656988	0.0218571905604273
SLC25A32	0.0733781361022334	0.0151652231959225	0.989086777172463	0.0151652231959225
RPS28	0.0734921121572608	0.0213581246609462	0.989086777172463	0.0213581246609462
KRR1	0.0735125182627036	-0.0175717296086636	0.989086777172463	-0.0175717296086636
STARD3	0.0735377346116258	0.013253541937162	0.989086777172463	0.013253541937162
PTRH2	0.0736102017214156	0.0149598417251842	0.989086777172463	0.0149598417251842
AC073343.2	0.0740309241403829	-0.0253318554050393	0.989086777172463	-0.0253318554050393
AUH	0.0741343166300519	-0.00849462249766398	0.989086777172463	-0.00849462249766398
LZTS3	0.0741840670045848	-0.0332717323161166	0.989086777172463	-0.0332717323161166
C14orf93	0.0746027185545285	-0.0264653576323094	0.989086777172463	-0.0264653576323094
TBX6	0.07484001104844	0.028561113337219	0.989086777172463	0.028561113337219
ERN1	0.0749182941867097	-0.0261106971669214	0.989086777172463	-0.0261106971669214
EIF2S1	0.0749217537878691	0.0145625116850583	0.989086777172463	0.0145625116850583
GRIK1	0.0751304501117489	0.0335238066264199	0.989086777172463	0.0335238066264199
KCNIP3	0.0751550637905249	-0.0323348900318477	0.989086777172463	-0.0323348900318477
LRP12	0.0751554327121653	-0.0261405902893016	0.989086777172463	-0.0261405902893016
YOD1	0.0751756330412899	0.0211109994913609	0.989086777172463	0.0211109994913609
PCID2	0.0751758997915066	-0.0108146365698577	0.989086777172463	-0.0108146365698577
DTNBP1	0.0753800589685751	-0.0165558444314684	0.989086777172463	-0.0165558444314684
TDRKH	0.0753965183376279	-0.0257587031316306	0.989086777172463	-0.0257587031316306
SRPK2	0.0755044733034135	-0.00516702905442593	0.989086777172463	-0.00516702905442593
INO80D	0.0755290183291465	-0.0106612901761406	0.989086777172463	-0.0106612901761406
PDHB	0.0761146468529135	0.0256383031796514	0.989086777172463	0.0256383031796514
MTOR	0.0761528697443131	-0.0126073983881268	0.989086777172463	-0.0126073983881268
PPP1R10	0.076160836613069	-0.0129695292391224	0.989086777172463	-0.0129695292391224
ZNF213	0.0761809750939507	0.025317811841952	0.989086777172463	0.025317811841952
ZXDC	0.07633302431401	-0.00801359397145379	0.989086777172463	-0.00801359397145379
CRK	0.0763351259089693	0.0118673815719801	0.989086777172463	0.0118673815719801
BAG1	0.0763370816364031	0.0237133582855523	0.989086777172463	0.0237133582855523
ADAM15	0.0765617718649009	0.0166121298377516	0.989086777172463	0.0166121298377516
LINC02482	0.0766175567402334	0.0203598489217968	0.989086777172463	0.0203598489217968
KCNH1	0.0766475822379098	0.0187494325706506	0.989086777172463	0.0187494325706506
ATG14	0.0767132704433522	0.0128813077504851	0.989086777172463	0.0128813077504851
PALM2-AKAP2	0.0767211277090956	-0.00701607931462747	0.989086777172463	-0.00701607931462747
HPS4	0.0769068051691727	0.0122866859778542	0.989086777172463	0.0122866859778542
TMEM223	0.0770883219808863	-0.0278239907594474	0.989086777172463	-0.0278239907594474
RPH3A	0.0771647321712261	-0.0398027873484574	0.989086777172463	-0.0398027873484574
MFSD1	0.0772540938599481	-0.017804705059064	0.989086777172463	-0.017804705059064
SASH1	0.0774302647109447	-0.00635323120973166	0.989086777172463	-0.00635323120973166
ATPSCKMT	0.0775599224908771	0.0168322254686435	0.989086777172463	0.0168322254686435
PCNX1	0.0775826541193986	-0.00821633970265251	0.989086777172463	-0.00821633970265251
SDCBP2-AS1	0.0777427169461132	0.0177838238554542	0.989086777172463	0.0177838238554542
LINC02693	0.0780033894925864	-0.0322710009602161	0.989086777172463	-0.0322710009602161
NUDT16	0.0783407457178713	-0.0277574177667942	0.989086777172463	-0.0277574177667942
KCTD5	0.0783646762921916	0.0223753221183642	0.989086777172463	0.0223753221183642
ZNF699	0.0784263195766169	0.0273885988956642	0.989086777172463	0.0273885988956642
MSANTD4	0.0784961848319179	0.0156012609575292	0.989086777172463	0.0156012609575292
FMNL3	0.078556885069147	-0.0173054111974312	0.989086777172463	-0.0173054111974312
ATP5MG	0.0788607597082658	-0.0165551947653003	0.989086777172463	-0.0165551947653003
N6AMT1	0.0789429542070516	0.018589153005654	0.989086777172463	0.018589153005654
IFI16	0.0789733536945265	-0.0150600726736927	0.989086777172463	-0.0150600726736927
MFSD10	0.0789777259224939	0.0189319379256207	0.989086777172463	0.0189319379256207
DENND6A	0.0789860792120156	0.00918940354635683	0.989086777172463	0.00918940354635683
AC092650.1	0.0789953541207173	0.023516221500533	0.989086777172463	0.023516221500533
AP3B2	0.0790862813579705	-0.0341206526125895	0.989086777172463	-0.0341206526125895
PGM2L1	0.0791439580911914	-0.0390803108047418	0.989086777172463	-0.0390803108047418
RBSN	0.0794108143755208	0.0131658163323659	0.989086777172463	0.0131658163323659
ZNF639	0.079648905618822	0.0239974276852218	0.989086777172463	0.0239974276852218
ZNF862	0.0797049690391872	0.0121952694841434	0.989086777172463	0.0121952694841434
B3GALNT2	0.079977218361259	-0.016759346306099	0.989086777172463	-0.016759346306099
IFT74	0.0800863077351386	0.0136166959400198	0.989086777172463	0.0136166959400198
WDR92	0.0801411135209244	0.0167178870257593	0.989086777172463	0.0167178870257593
RPS3A	0.0801613250093541	-0.0254849918372847	0.989086777172463	-0.0254849918372847
ANP32A	0.0802481316857965	0.00983234528690335	0.989086777172463	0.00983234528690335
DOCK4	0.0802518273791201	-0.0049117844170774	0.989086777172463	-0.0049117844170774
ZNF470	0.0802570238776146	-0.0242389421279833	0.989086777172463	-0.0242389421279833
PSAT1	0.0803283157215404	0.0108336523976843	0.989086777172463	0.0108336523976843
TDP2	0.0803594711352665	-0.0180990868914719	0.989086777172463	-0.0180990868914719
TM9SF4	0.0803966922093455	0.0102959144047797	0.989086777172463	0.0102959144047797
MAST3	0.0805310189705804	-0.0102341257632191	0.989086777172463	-0.0102341257632191
CDH12	0.0806178819283089	0.0387985445807248	0.989086777172463	0.0387985445807248
GAS2	0.0806533350433324	0.0171959315282087	0.989086777172463	0.0171959315282087
WDR45	0.0807265223647233	0.014867707454599	0.989086777172463	0.014867707454599
NRG1	0.0808572983604038	-0.0366156602843825	0.989086777172463	-0.0366156602843825
ELOVL5	0.0808696727372739	0.0106597446131458	0.989086777172463	0.0106597446131458
ZNF398	0.0809755384507197	-0.0105875560281759	0.989086777172463	-0.0105875560281759
DOT1L	0.0810143338201014	0.0151072945181412	0.989086777172463	0.0151072945181412
ZNF420	0.0813817605208544	-0.0146118388627945	0.989086777172463	-0.0146118388627945
RDH14	0.0815034808359459	0.0239931385588276	0.989086777172463	0.0239931385588276
DNAJA3	0.0815187336792834	0.0135709531277157	0.989086777172463	0.0135709531277157
AC008505.1	0.0815253481602339	0.0217596063536508	0.989086777172463	0.0217596063536508
MCPH1-AS1	0.0815328669084188	0.0144715837751797	0.989086777172463	0.0144715837751797
SUCLG2-AS1	0.0817614654722743	0.0201628487939016	0.989086777172463	0.0201628487939016
CD81	0.0818378211416808	-0.0178031785404804	0.989086777172463	-0.0178031785404804
EIF3I	0.0818784360659772	-0.0326997991454037	0.989086777172463	-0.0326997991454037
CENPP	0.0819448028108376	-0.0131839780009925	0.989086777172463	-0.0131839780009925
MUC20	0.0819452640283017	-0.0207149739240203	0.989086777172463	-0.0207149739240203
VPS13B-DT	0.08212356476158	-0.0137695042686049	0.989086777172463	-0.0137695042686049
LRRTM2	0.0821406978064935	-0.0197488939025993	0.989086777172463	-0.0197488939025993
C9orf85	0.0823115473193327	0.00806791537598123	0.989086777172463	0.00806791537598123
ZNF146	0.0824095494141864	-0.00953364495902908	0.989086777172463	-0.00953364495902908
AC004690.2	0.0824386229060796	0.0157132149192603	0.989086777172463	0.0157132149192603
EFCAB5	0.0825778531020862	0.0186500528408124	0.989086777172463	0.0186500528408124
SLC8A1	0.0826690738588423	0.0308493570815406	0.989086777172463	0.0308493570815406
NUDT6	0.0827559706955564	0.0225847729516516	0.989086777172463	0.0225847729516516
PPFIBP2	0.0829585252875059	-0.0110649944893739	0.989086777172463	-0.0110649944893739
ARL16	0.0830506981018378	0.0242111430743981	0.989086777172463	0.0242111430743981
AC107214.1	0.0830652688442078	0.0211868858801762	0.989086777172463	0.0211868858801762
PNPLA2	0.0831168237714445	0.0214942932917761	0.989086777172463	0.0214942932917761
AC064829.1	0.0833007467266341	0.0240729256802209	0.989086777172463	0.0240729256802209
LARS	0.0835754676962104	0.00887615873956928	0.989086777172463	0.00887615873956928
H2AFY	0.0837079428475688	0.0116864955536283	0.989086777172463	0.0116864955536283
CDK2AP1	0.0837576204264136	0.0187443587834186	0.989086777172463	0.0187443587834186
RTL8C	0.0837893033913262	-0.0259198397515496	0.989086777172463	-0.0259198397515496
EIF3E	0.0838078131245172	0.0097557320223897	0.989086777172463	0.0097557320223897
ADD1	0.0839612002795684	-0.00778611627142502	0.989086777172463	-0.00778611627142502
TRAPPC4	0.0840232399479013	0.0254282625880912	0.989086777172463	0.0254282625880912
TMEM72-AS1	0.0841979625927833	0.0213443745990155	0.989086777172463	0.0213443745990155
ATP6AP1L	0.0844994189474648	0.0118708285490637	0.989086777172463	0.0118708285490637
DSE	0.084502357889849	0.0106480589556067	0.989086777172463	0.0106480589556067
SMARCA2	0.0846026480048394	-0.0109170351410242	0.989086777172463	-0.0109170351410242
AP5Z1	0.084607828123878	0.0145746404914263	0.989086777172463	0.0145746404914263
AL109811.2	0.0847647484544515	0.0211570071176789	0.989086777172463	0.0211570071176789
RIC8B	0.084859198263434	0.0116867524834476	0.989086777172463	0.0116867524834476
DIPK1A	0.0848850444333676	-0.00685139913497668	0.989086777172463	-0.00685139913497668
PITPNA	0.0849625916211083	0.0193898447052311	0.989086777172463	0.0193898447052311
PDCD4	0.0853532657916794	0.0113711279207787	0.989086777172463	0.0113711279207787
TTC17	0.0854316010130502	0.00594435004164115	0.989086777172463	0.00594435004164115
TIPIN	0.0854817202557327	0.0174320222910676	0.989086777172463	0.0174320222910676
CLDND1	0.0856740275162078	0.010108545687034	0.989086777172463	0.010108545687034
SNRPG	0.0857081909171023	0.0208250447326404	0.989086777172463	0.0208250447326404
BCL2L13	0.0857422884461595	0.0102717151895193	0.989086777172463	0.0102717151895193
ZBED3-AS1	0.0857435644961944	0.0114675594208934	0.989086777172463	0.0114675594208934
PGP	0.0858041758858459	-0.0163669848629221	0.989086777172463	-0.0163669848629221
PJVK	0.0858565593818788	0.0209985288143899	0.989086777172463	0.0209985288143899
GTF2H2C	0.0859195805242455	0.0283624786646659	0.989086777172463	0.0283624786646659
CHD7	0.085944418350425	-0.00882683623901836	0.989086777172463	-0.00882683623901836
FAM114A2	0.085976307572891	0.0251033991415498	0.989086777172463	0.0251033991415498
SREK1	0.0861739063016048	0.010288808158024	0.989086777172463	0.010288808158024
XPA	0.0862417504031172	0.00930918880381586	0.989086777172463	0.00930918880381586
RLF	0.0863178147777742	-0.00989245812165014	0.989086777172463	-0.00989245812165014
PQBP1	0.0863783696340242	-0.0299449957688391	0.989086777172463	-0.0299449957688391
ZNF418	0.0864354119580752	0.0252949166323171	0.989086777172463	0.0252949166323171
MORC4	0.0865744329869014	0.0179374071685705	0.989086777172463	0.0179374071685705
STK40	0.0865826999133077	-0.017613360876462	0.989086777172463	-0.017613360876462
LITAF	0.0867641447208823	0.00994447766507276	0.989086777172463	0.00994447766507276
UQCRH	0.0867883667659463	-0.0256919252602572	0.989086777172463	-0.0256919252602572
ZBTB38	0.0867977152383211	-0.00793491882610119	0.989086777172463	-0.00793491882610119
ATL3	0.0868695341254401	-0.0132803896901368	0.989086777172463	-0.0132803896901368
VPS53	0.0869114961134023	-0.00831117807482282	0.989086777172463	-0.00831117807482282
UCHL5	0.0870428856957527	-0.0194526017535355	0.989086777172463	-0.0194526017535355
ASMTL	0.0870857115283841	0.0231010935910134	0.989086777172463	0.0231010935910134
FAM204A	0.087152620105688	0.0157223483086643	0.989086777172463	0.0157223483086643
ANAPC2	0.0872224449178349	0.0185707796682175	0.989086777172463	0.0185707796682175
KIF5B	0.087282668442465	-0.00833614025181569	0.989086777172463	-0.00833614025181569
ZNF611	0.087283680323695	0.0113552424774211	0.989086777172463	0.0113552424774211
GALNT2	0.0873067980034085	-0.0114389616276637	0.989086777172463	-0.0114389616276637
NAA60	0.0876942762771456	0.0167902640067732	0.989086777172463	0.0167902640067732
RNF138	0.0878349185103939	-0.0132409479870077	0.989086777172463	-0.0132409479870077
NR1H2	0.0879857307284922	0.0127039454771293	0.989086777172463	0.0127039454771293
PIP4K2A	0.0880779856031113	-0.00478798834616714	0.989086777172463	-0.00478798834616714
SAMD8	0.0881198561648139	0.0111272226070827	0.989086777172463	0.0111272226070827
BICRAL	0.0882328039094827	0.0075818811188917	0.989086777172463	0.0075818811188917
AC068308.1	0.0884637304516587	-0.0281870213470678	0.989086777172463	-0.0281870213470678
RBMS2	0.088522662669791	-0.0189038291198026	0.989086777172463	-0.0189038291198026
TUBGCP5	0.0889275845646407	0.0131258727529151	0.989086777172463	0.0131258727529151
SALL1	0.0889466023911839	0.0159897236340076	0.989086777172463	0.0159897236340076
PIK3CB	0.0889623953147468	-0.00911639124696347	0.989086777172463	-0.00911639124696347
LSM14A	0.0890426898046191	0.00643981383506693	0.989086777172463	0.00643981383506693
AC124016.1	0.0890524050523899	0.0255289204359816	0.989086777172463	0.0255289204359816
DLG4	0.0891919255482992	-0.0424592471132091	0.989086777172463	-0.0424592471132091
CIRBP	0.0892706789794579	0.0111514649192972	0.989086777172463	0.0111514649192972
ANAPC5	0.0892947998298685	0.00800021136468032	0.989086777172463	0.00800021136468032
ZNF234	0.0897201632540921	-0.0186188715465484	0.989086777172463	-0.0186188715465484
FAM13C	0.0898415953755909	0.00725616743115665	0.989086777172463	0.00725616743115665
NUCKS1	0.0899875042522924	0.00603488625423759	0.989086777172463	0.00603488625423759
MT-ND3	0.0900025915375403	0.0139150044544213	0.989086777172463	0.0139150044544213
AC090517.5	0.090062442064411	0.00943383061001531	0.989086777172463	0.00943383061001531
KLHL23	0.0901984022935437	-0.0188855384570239	0.989086777172463	-0.0188855384570239
MTMR1	0.0903170148580332	-0.0177939216596676	0.989086777172463	-0.0177939216596676
TNPO2	0.0904132103464377	0.0105668664856616	0.989086777172463	0.0105668664856616
EIF3K	0.0904505463106119	0.0138916525589536	0.989086777172463	0.0138916525589536
LENG8	0.0904619719020508	0.0111688078523111	0.989086777172463	0.0111688078523111
TMEM170A	0.090604179384196	0.0143665989086771	0.989086777172463	0.0143665989086771
ATP7A	0.0906085022495109	0.0260115095717982	0.989086777172463	0.0260115095717982
TBXAS1	0.0907927432582047	-0.0296257473496936	0.989086777172463	-0.0296257473496936
PER2	0.0908592303802677	-0.0219103821879225	0.989086777172463	-0.0219103821879225
VPS26B	0.0908767376424862	-0.0150797753328854	0.989086777172463	-0.0150797753328854
DRD4	0.090977764683308	-0.0367694466050927	0.989086777172463	-0.0367694466050927
TPM4	0.0910810703817424	0.0119987685279155	0.989086777172463	0.0119987685279155
ZW10	0.0911010883823182	-0.0198911771399742	0.989086777172463	-0.0198911771399742
EPHA3	0.0912484743441817	0.0229248770826686	0.989086777172463	0.0229248770826686
SRPK3	0.091363280963256	-0.0175744660743566	0.989086777172463	-0.0175744660743566
CNNM3	0.0914203538485825	0.013105854061487	0.989086777172463	0.013105854061487
SAT1	0.0915402072795162	-0.0293403436869792	0.989086777172463	-0.0293403436869792
FIG4	0.0918290236266982	0.0134767899649552	0.989086777172463	0.0134767899649552
GABPB2	0.0919316809017454	0.0116189923301185	0.989086777172463	0.0116189923301185
ZMPSTE24	0.0920244693205539	0.0142900678181368	0.989086777172463	0.0142900678181368
GPANK1	0.0921503197764075	0.0230931190431761	0.989086777172463	0.0230931190431761
CELSR3	0.0924354950574699	-0.0357755528924842	0.989086777172463	-0.0357755528924842
NSG2	0.0924746110436976	0.0373782800132331	0.989086777172463	0.0373782800132331
SDHAF4	0.0925162816465014	-0.0262534491325715	0.989086777172463	-0.0262534491325715
BCLAF1	0.0925259050697445	-0.00815430813716878	0.989086777172463	-0.00815430813716878
SEH1L	0.0925595937410379	-0.0199242811540623	0.989086777172463	-0.0199242811540623
AL078590.2	0.0926793490673312	0.0125516378685761	0.989086777172463	0.0125516378685761
IQCH-AS1	0.0927552742692079	-0.0194911726254023	0.989086777172463	-0.0194911726254023
XRN2	0.0927877899351064	-0.00983039651824391	0.989086777172463	-0.00983039651824391
TMSB4X	0.0929592927580506	0.0225340065751908	0.989086777172463	0.0225340065751908
LIG3	0.0930911410883802	0.0223253928899098	0.989086777172463	0.0223253928899098
BCAT2	0.093222396132499	-0.012777634644733	0.989086777172463	-0.012777634644733
ANKRD39	0.0933365846788116	-0.020554418756925	0.989086777172463	-0.020554418756925
DCAF16	0.0934182004265621	0.0157486519781399	0.989086777172463	0.0157486519781399
MOB3A	0.0934617816972807	-0.0178414460636198	0.989086777172463	-0.0178414460636198
TSR1	0.0937147316399232	-0.0231738320640419	0.989086777172463	-0.0231738320640419
Z94721.1	0.0937268447184239	0.0200394339569584	0.989086777172463	0.0200394339569584
MED7	0.0937442319207573	-0.0351048881396823	0.989086777172463	-0.0351048881396823
AC004943.2	0.0939011747992007	-0.0219228011937805	0.989086777172463	-0.0219228011937805
LINC01277	0.0940715462566047	-0.0252130848935539	0.989086777172463	-0.0252130848935539
SCARB2	0.0942632361756767	0.00746163601590904	0.989086777172463	0.00746163601590904
MRPL16	0.0943240027891767	-0.0270706942028182	0.989086777172463	-0.0270706942028182
ZNF333	0.0945563770700374	0.012699679240181	0.989086777172463	0.012699679240181
RASSF2	0.0946237513998961	-0.00955974667041164	0.989086777172463	-0.00955974667041164
ENDOG	0.0946729470525825	-0.0347428548803446	0.989086777172463	-0.0347428548803446
GRB10	0.0947231972183144	-0.00815832044910345	0.989086777172463	-0.00815832044910345
YIPF5	0.0947284016908045	-0.0230462667697761	0.989086777172463	-0.0230462667697761
NUP50	0.0948374871669721	0.020605023828682	0.989086777172463	0.020605023828682
VDAC2	0.0948635915393513	0.0249135349794384	0.989086777172463	0.0249135349794384
LINC02193	0.094989457220933	0.0254193112171652	0.989086777172463	0.0254193112171652
ZNF608	0.0950491136310339	-0.00825515813001157	0.989086777172463	-0.00825515813001157
ENOPH1	0.0950943190781861	0.014548787402398	0.989086777172463	0.014548787402398
UCK2	0.0951487557640021	-0.0181376332664728	0.989086777172463	-0.0181376332664728
PRAM1	0.0952155045453833	-0.0278647007574152	0.989086777172463	-0.0278647007574152
UBE2L3	0.0952504162683743	-0.00932246421096407	0.989086777172463	-0.00932246421096407
WDR1	0.0953068531726633	-0.0231648135523064	0.989086777172463	-0.0231648135523064
PML	0.0953433341988336	-0.0238009507050951	0.989086777172463	-0.0238009507050951
RTCA	0.0953570198972525	-0.0176160592281549	0.989086777172463	-0.0176160592281549
PILRB	0.0955331823826854	0.0132746114354522	0.989086777172463	0.0132746114354522
GNA12	0.0958959840845092	0.0126766155984269	0.989086777172463	0.0126766155984269
GOT2	0.0959786827370483	0.0173742725466126	0.989086777172463	0.0173742725466126
AC046134.2	0.0959959169171662	0.00849885017495592	0.989086777172463	0.00849885017495592
IQCH	0.0960415533026851	0.0270261619900383	0.989086777172463	0.0270261619900383
PXN-AS1	0.0960940239803758	0.0179456933110959	0.989086777172463	0.0179456933110959
SMIM26	0.0968033582955977	0.0300485975078626	0.989086777172463	0.0300485975078626
ZNF680	0.0968480119913738	-0.0133257553713518	0.989086777172463	-0.0133257553713518
RPS6KB2	0.0970099462342694	0.0170111999710825	0.989086777172463	0.0170111999710825
PMF1	0.0970922452001205	0.0138016271967453	0.989086777172463	0.0138016271967453
STYXL1	0.0971913630369759	0.0116024207704331	0.989086777172463	0.0116024207704331
ARL17A	0.0971964314836031	-0.0184616984338998	0.989086777172463	-0.0184616984338998
ABHD18	0.0972272752060196	0.0109088062660333	0.989086777172463	0.0109088062660333
MCOLN1	0.0975706988780428	-0.0155848700044585	0.989086777172463	-0.0155848700044585
TARS2	0.0976651513194525	0.0191268723994051	0.989086777172463	0.0191268723994051
USE1	0.0977156047424783	0.0201249667559597	0.989086777172463	0.0201249667559597
CTNND1	0.0977412907307471	0.00893976773959091	0.989086777172463	0.00893976773959091
CTDSPL	0.0978126985195732	-0.0206206451442821	0.989086777172463	-0.0206206451442821
ATMIN	0.0978721686994516	0.0140593455632285	0.989086777172463	0.0140593455632285
KIAA0100	0.0980039411765456	-0.0161141333000074	0.989086777172463	-0.0161141333000074
CTDSP2	0.0981162253377199	0.010583701679575	0.989086777172463	0.010583701679575
LINC00539	0.0981344044433669	0.0248624684466141	0.989086777172463	0.0248624684466141
FBXL2	0.0981452667344275	-0.0305507952710519	0.989086777172463	-0.0305507952710519
PSME1	0.0982180710548757	-0.0329909890311433	0.989086777172463	-0.0329909890311433
BRPF3	0.0982644950514942	-0.0204646714353255	0.989086777172463	-0.0204646714353255
TIMM50	0.0984317607234045	0.0230578916769308	0.989086777172463	0.0230578916769308
AFG3L2	0.0985913915358749	-0.0164489065937601	0.989086777172463	-0.0164489065937601
NFIA	0.0986006919911069	-0.00528753211063511	0.989086777172463	-0.00528753211063511
YPEL4	0.0987762204923068	0.0163860905446305	0.989086777172463	0.0163860905446305
PSMD2	0.0989254585826057	0.0204975721890465	0.989086777172463	0.0204975721890465
NUDT3	0.0990978683231981	-0.0182731765158106	0.989086777172463	-0.0182731765158106
DIRAS2	0.0991625366424618	-0.0364744707258523	0.989086777172463	-0.0364744707258523
ZNRF2	0.099318168377808	-0.0132215190682827	0.989086777172463	-0.0132215190682827
DGLUCY	0.0993239552994002	-0.0109635296583017	0.989086777172463	-0.0109635296583017
NDUFAF2	0.0993495438433526	-0.00997592730682149	0.989086777172463	-0.00997592730682149
NARF	0.0993847437892509	-0.0125253488201404	0.989086777172463	-0.0125253488201404
RNF5	0.0994138330177028	-0.0332986269677957	0.989086777172463	-0.0332986269677957
NMRAL1	0.099413909608974	0.0131676239956375	0.989086777172463	0.0131676239956375
AC009163.1	0.0994157207524981	0.0432180945211252	0.989086777172463	0.0432180945211252
COA5	0.0999129019257135	0.0168264135545785	0.989086777172463	0.0168264135545785
PHF3	0.099977739202928	-0.00811155002920444	0.989086777172463	-0.00811155002920444
AGPS	0.100038500925969	-0.0105600473017627	0.989086777172463	-0.0105600473017627
EIF4G2	0.100064642476302	-0.0162324397550994	0.989086777172463	-0.0162324397550994
NOSIP	0.100112651685231	0.0142965414911356	0.989086777172463	0.0142965414911356
INTS13	0.100205668233634	0.0166581515632754	0.989086777172463	0.0166581515632754
BROX	0.100233606834443	-0.0153065970750563	0.989086777172463	-0.0153065970750563
SUMF2	0.100386488090098	0.0128423788114026	0.989086777172463	0.0128423788114026
AC093849.4	0.100505516417788	0.0184133930037351	0.989086777172463	0.0184133930037351
GYG1	0.100556549943456	-0.0244872756559944	0.989086777172463	-0.0244872756559944
PLEKHB2	0.100615171836513	0.0154698922113166	0.989086777172463	0.0154698922113166
NOMO2	0.100668880085845	0.0271884134275501	0.989086777172463	0.0271884134275501
GBA	0.100722530667368	0.0212765992412289	0.989086777172463	0.0212765992412289
SLTM	0.100803392069517	0.00732856901435504	0.989086777172463	0.00732856901435504
LRP1B	0.100804586866617	0.0142201266220176	0.989086777172463	0.0142201266220176
SGMS1	0.100858301050369	-0.00609986819898583	0.989086777172463	-0.00609986819898583
RPS17	0.100981996595415	0.026556796316512	0.989086777172463	0.026556796316512
STX2	0.101077327603632	-0.016426391943329	0.989086777172463	-0.016426391943329
DET1	0.101245503468796	0.0176537049291767	0.989086777172463	0.0176537049291767
SLFN5	0.101361604350662	0.0290570471553565	0.989086777172463	0.0290570471553565
STRAP	0.101409061637127	-0.0208943055738226	0.989086777172463	-0.0208943055738226
SEC13	0.101428719704812	-0.0160950863000129	0.989086777172463	-0.0160950863000129
TMEM184C	0.101616330149832	-0.0140800597075836	0.989086777172463	-0.0140800597075836
URB2	0.101638452160836	-0.0230865331661347	0.989086777172463	-0.0230865331661347
KIAA2026	0.101648190490158	-0.00637379404378681	0.989086777172463	-0.00637379404378681
AC073342.1	0.101661233261794	0.0157285859666457	0.989086777172463	0.0157285859666457
SH3BGRL	0.101939222083793	-0.0137761967170652	0.989086777172463	-0.0137761967170652
SH3BP5L	0.102048273008538	0.0181621781470053	0.989086777172463	0.0181621781470053
ZNF395	0.102094771919397	-0.0211400208875939	0.989086777172463	-0.0211400208875939
CACNA1C	0.102347347754021	-0.0302061724058538	0.989086777172463	-0.0302061724058538
TPMT	0.10268517122287	0.0225145827583501	0.989086777172463	0.0225145827583501
HMGN3	0.102692193743977	-0.0110809585623695	0.989086777172463	-0.0110809585623695
APPL1	0.102777281207179	-0.010759457102549	0.989086777172463	-0.010759457102549
THAP2	0.102850962366149	0.0162885339645247	0.989086777172463	0.0162885339645247
WDR41	0.102960130431074	-0.0108371922967066	0.989086777172463	-0.0108371922967066
TKT	0.103090493466764	0.0156285797265485	0.989086777172463	0.0156285797265485
VRK1	0.103299829045109	0.0143064636294843	0.989086777172463	0.0143064636294843
SNX8	0.10336527071005	0.0167979349732422	0.989086777172463	0.0167979349732422
TSG101	0.103578107551851	-0.0113809331040251	0.989086777172463	-0.0113809331040251
RNF141	0.103638191131932	0.0121917933214982	0.989086777172463	0.0121917933214982
ITM2C	0.103671613551287	-0.0333777395156678	0.989086777172463	-0.0333777395156678
RASSF8-AS1	0.103680666757636	0.0178394309696457	0.989086777172463	0.0178394309696457
RBM33	0.103694119497453	-0.00868652391998579	0.989086777172463	-0.00868652391998579
TCTEX1D2	0.104008468321063	-0.0237199773923915	0.989086777172463	-0.0237199773923915
AMDHD2	0.10401594759713	0.0179934739354047	0.989086777172463	0.0179934739354047
ZNF385D	0.104235366054489	0.0325788571676057	0.989086777172463	0.0325788571676057
GNPNAT1	0.104335913012066	0.0244317047949958	0.989086777172463	0.0244317047949958
GBF1	0.104393049092078	0.00782315412121954	0.989086777172463	0.00782315412121954
CATSPERE	0.104444018472353	0.0149119159894895	0.989086777172463	0.0149119159894895
JADE3	0.104481199045231	-0.015041347760309	0.989086777172463	-0.015041347760309
PPP3CA	0.10456243681999	0.0177515077144518	0.989086777172463	0.0177515077144518
ZBTB8A	0.104592768439397	0.0129179947375679	0.989086777172463	0.0129179947375679
NPFF	0.104617718857907	-0.0253025864869386	0.989086777172463	-0.0253025864869386
ABCB8	0.104620922434734	0.0162755272575922	0.989086777172463	0.0162755272575922
SF3A1	0.104675809176442	-0.0251309854833313	0.989086777172463	-0.0251309854833313
SF3A2	0.104680857357768	-0.0181694792582608	0.989086777172463	-0.0181694792582608
WDR78	0.104882467417786	-0.0173874922361743	0.989086777172463	-0.0173874922361743
TIA1	0.104959230216273	0.0123440476572382	0.989086777172463	0.0123440476572382
BECN1	0.105078129960334	-0.0174862591037543	0.989086777172463	-0.0174862591037543
IQCJ-SCHIP1	0.105161799623131	-0.0165989866932317	0.989086777172463	-0.0165989866932317
ZNF248	0.105267068110599	0.00952520907256905	0.989086777172463	0.00952520907256905
TRIM27	0.105293910483297	-0.0144796021880593	0.989086777172463	-0.0144796021880593
PPP1R12A	0.105501343308041	0.0105253927260668	0.989086777172463	0.0105253927260668
NPTX2	0.105634581379316	-0.0301140290680857	0.989086777172463	-0.0301140290680857
GRAMD1A	0.105818530473214	-0.0137106646674984	0.989086777172463	-0.0137106646674984
NEPRO	0.105932317876338	0.0175679082816038	0.989086777172463	0.0175679082816038
ANO2	0.10600901085869	-0.023719846268608	0.989086777172463	-0.023719846268608
TMUB2	0.1060367323907	0.0167301307770817	0.989086777172463	0.0167301307770817
AC107032.2	0.10632491144433	-0.024482614432534	0.989086777172463	-0.024482614432534
PWWP3B	0.106424255860728	0.0258397314720887	0.989086777172463	0.0258397314720887
PSMG4	0.10646435852398	-0.0168810528987109	0.989086777172463	-0.0168810528987109
AL022341.2	0.106567940989605	-0.031579703289932	0.989086777172463	-0.031579703289932
NHLH2	0.106733597459687	0.0255065001571051	0.989086777172463	0.0255065001571051
AC077690.1	0.106752880826676	0.0125088973463234	0.989086777172463	0.0125088973463234
ZBTB44-DT	0.106795816103079	-0.0233172488893057	0.989086777172463	-0.0233172488893057
ASAP3	0.106835468142356	-0.0212397885230284	0.989086777172463	-0.0212397885230284
PGD	0.106928469821411	0.0172517545481505	0.989086777172463	0.0172517545481505
C7orf26	0.107079204251432	-0.0190909080864451	0.989086777172463	-0.0190909080864451
LRMDA	0.107134238918156	-0.0278233516421418	0.989086777172463	-0.0278233516421418
CDK5RAP3	0.107148612187447	0.0134160079615721	0.989086777172463	0.0134160079615721
ATAT1	0.107208502090824	0.0153173774635065	0.989086777172463	0.0153173774635065
NT5C2	0.107316024618662	0.00777809553947729	0.989086777172463	0.00777809553947729
AC093249.2	0.107381996637487	0.0195708017440663	0.989086777172463	0.0195708017440663
AC135050.3	0.107436019885123	0.0157546997295763	0.989086777172463	0.0157546997295763
VPS13D	0.107456189959945	-0.00702366293091863	0.989086777172463	-0.00702366293091863
TK2	0.107583929038809	0.0125234031020716	0.989086777172463	0.0125234031020716
AL035458.2	0.107618948341517	-0.0181141404810644	0.989086777172463	-0.0181141404810644
CSF1	0.107636222925904	0.016911771400713	0.989086777172463	0.016911771400713
MTAP	0.107700798537782	-0.00892632293105871	0.989086777172463	-0.00892632293105871
MAFK	0.107820824646095	-0.0202526667757493	0.989086777172463	-0.0202526667757493
ADAM23	0.107926784710262	-0.0302587130432203	0.989086777172463	-0.0302587130432203
MAP2K2	0.10827524371984	-0.0120257180235886	0.989086777172463	-0.0120257180235886
CCS	0.108277354334758	0.0154713814907846	0.989086777172463	0.0154713814907846
AC138627.1	0.108579332850004	0.0126999223454391	0.989086777172463	0.0126999223454391
TEPSIN	0.1086164698802	0.0223966247029208	0.989086777172463	0.0223966247029208
ANKS1A	0.108622846417084	-0.00826621654957943	0.989086777172463	-0.00826621654957943
MAVS	0.108836715229979	0.0109649584235521	0.989086777172463	0.0109649584235521
RIN2	0.108972355184097	-0.00869804531349519	0.989086777172463	-0.00869804531349519
AC007220.1	0.109017613176946	-0.0240440209342724	0.989086777172463	-0.0240440209342724
NAA30	0.109073606113132	0.0199336229556039	0.989086777172463	0.0199336229556039
APAF1	0.109147063037413	-0.0200231021547344	0.989086777172463	-0.0200231021547344
CSKMT	0.109226413718494	0.0350719472213112	0.989086777172463	0.0350719472213112
TCEA1	0.109237275894393	-0.0108581646104337	0.989086777172463	-0.0108581646104337
MED31	0.109283509261109	0.0264457064926001	0.989086777172463	0.0264457064926001
PPP2R2A	0.109407830248708	-0.00647655363621423	0.989086777172463	-0.00647655363621423
CD59	0.109451907121216	-0.0307983423224061	0.989086777172463	-0.0307983423224061
EEF1E1	0.109522017903467	0.0154134062770162	0.989086777172463	0.0154134062770162
CSGALNACT2	0.109530952796968	0.0100653253360966	0.989086777172463	0.0100653253360966
PCDH9-AS2	0.109547130642751	0.025767249118985	0.989086777172463	0.025767249118985
ZNF260	0.109750394425519	0.0149601847222832	0.989086777172463	0.0149601847222832
PRDM15	0.1098044692875	0.0160826699946745	0.989086777172463	0.0160826699946745
B3GAT1	0.10981189240704	-0.00699284021617917	0.989086777172463	-0.00699284021617917
SEMA6D	0.109833842089585	0.00932826413302257	0.989086777172463	0.00932826413302257
GLO1	0.109930855127483	-0.0143101471883403	0.989086777172463	-0.0143101471883403
ELMO1	0.110064476807411	-0.00474098491806944	0.989086777172463	-0.00474098491806944
CGN	0.110137929674869	-0.0221338206382492	0.989086777172463	-0.0221338206382492
LINC01089	0.110255542898503	0.0130061422865591	0.989086777172463	0.0130061422865591
EPHX1	0.11042164726834	0.0128649028500564	0.989086777172463	0.0128649028500564
AC100786.1	0.110824370176895	0.0247733972318861	0.989086777172463	0.0247733972318861
TYW1	0.111080168165608	0.00951297658333628	0.989086777172463	0.00951297658333628
ZNF335	0.11115554011684	-0.016136620085069	0.989086777172463	-0.016136620085069
SH3BP4	0.111220967131081	0.00951213643188594	0.989086777172463	0.00951213643188594
POU6F1	0.111631976849644	-0.011364955963708	0.989086777172463	-0.011364955963708
USP46	0.111635374604812	-0.0278036127827456	0.989086777172463	-0.0278036127827456
MIR4458HG	0.111637218425218	0.0290354004514152	0.989086777172463	0.0290354004514152
GTF2H1	0.111748439784665	0.0118798701106539	0.989086777172463	0.0118798701106539
HIP1R	0.111777478213128	-0.00819473168773717	0.989086777172463	-0.00819473168773717
KLF13	0.111903916303982	-0.00728251455295388	0.989086777172463	-0.00728251455295388
FBXO8	0.111916640044632	0.0190996311869634	0.989086777172463	0.0190996311869634
KIF20B	0.11228529328894	0.0193954140280077	0.989086777172463	0.0193954140280077
UHRF1BP1	0.11232890691369	-0.0162297380469822	0.989086777172463	-0.0162297380469822
CBR4	0.112418892464613	-0.00696507586284108	0.989086777172463	-0.00696507586284108
GOLGA7	0.112447378277664	0.0111127286598142	0.989086777172463	0.0111127286598142
AL391840.1	0.112549665267547	0.018145012143904	0.989086777172463	0.018145012143904
EVI5L	0.112569874878225	-0.00839340696169233	0.989086777172463	-0.00839340696169233
CHPT1	0.112627268839669	0.023604832251129	0.989086777172463	0.023604832251129
SYCP2	0.112644246837539	-0.0300017147900375	0.989086777172463	-0.0300017147900375
THAP12	0.11265784786978	-0.0173039612846668	0.989086777172463	-0.0173039612846668
COPE	0.112762752891893	-0.0131159827590282	0.989086777172463	-0.0131159827590282
STARD13	0.112805334727073	-0.00631197012307682	0.989086777172463	-0.00631197012307682
ELMO2	0.113133539198891	-0.01310130981424	0.989086777172463	-0.01310130981424
IDE	0.113201559889404	0.013018172419806	0.989086777172463	0.013018172419806
KCTD2	0.11324634016526	0.0139905883270637	0.989086777172463	0.0139905883270637
CHIC2	0.113353253664394	-0.0164770120871121	0.989086777172463	-0.0164770120871121
TRIO	0.113359785388697	-0.0143883099794106	0.989086777172463	-0.0143883099794106
MAIP1	0.113387456825545	-0.0145971392509294	0.989086777172463	-0.0145971392509294
LUCAT1	0.113408520875854	-0.0274299489511319	0.989086777172463	-0.0274299489511319
LINC02614	0.113456954292875	0.0232834880064904	0.989086777172463	0.0232834880064904
PTPA	0.11352909359277	0.011635299907665	0.989086777172463	0.011635299907665
SLC6A9	0.113697370125958	0.0126439404458385	0.989086777172463	0.0126439404458385
KIAA0895L	0.113811449225456	0.0171333063724614	0.989086777172463	0.0171333063724614
MINDY2	0.113812253213547	-0.00758318888076808	0.989086777172463	-0.00758318888076808
HSP90B1	0.113868313677218	0.0155800821521563	0.989086777172463	0.0155800821521563
BLOC1S1	0.11387460800609	0.0202965662839	0.989086777172463	0.0202965662839
BIVM	0.114050481769282	0.0154714225654444	0.989086777172463	0.0154714225654444
AC132872.1	0.114099114988693	-0.0234123570218877	0.989086777172463	-0.0234123570218877
SHANK3	0.114433474125101	-0.0156771735415771	0.989086777172463	-0.0156771735415771
CLK4	0.114513540413531	0.0114480905679612	0.989086777172463	0.0114480905679612
MED8	0.114609637688514	0.0225752572138268	0.989086777172463	0.0225752572138268
HYI	0.114635656280259	0.0195346634517471	0.989086777172463	0.0195346634517471
DGCR2	0.114851755270113	0.0109039189441551	0.989086777172463	0.0109039189441551
PIGB	0.114901417472195	-0.0271383609584578	0.989086777172463	-0.0271383609584578
ITGA6	0.11505129555506	0.0308644868956738	0.989086777172463	0.0308644868956738
DPP10	0.11506888576492	0.0302281395983789	0.989086777172463	0.0302281395983789
NDRG3	0.115124263251097	-0.0131198178454098	0.989086777172463	-0.0131198178454098
LASP1	0.115322484844455	-0.0232094438489286	0.989086777172463	-0.0232094438489286
PARP2	0.115386974210866	-0.023479565636592	0.989086777172463	-0.023479565636592
HEXB	0.115399320073536	-0.0156054578955116	0.989086777172463	-0.0156054578955116
FANCB	0.115588998999255	-0.0143890813215362	0.989086777172463	-0.0143890813215362
LSM14B	0.115722150724604	0.0168477076278883	0.989086777172463	0.0168477076278883
NACC2	0.116083394374257	-0.0105220777655479	0.989086777172463	-0.0105220777655479
PTPN9	0.116140530143135	-0.0184795466031256	0.989086777172463	-0.0184795466031256
GEMIN5	0.116185995390868	-0.0136767413003287	0.989086777172463	-0.0136767413003287
PIEZO1	0.116200953621769	-0.028668841395743	0.989086777172463	-0.028668841395743
AL139383.1	0.116232638467867	0.0102680015572599	0.989086777172463	0.0102680015572599
GALNT4	0.116239400373198	-0.0297791036984219	0.989086777172463	-0.0297791036984219
STK19	0.116255821327467	-0.0232307046910101	0.989086777172463	-0.0232307046910101
TPT1-AS1	0.116449389723879	0.00821578376204557	0.989086777172463	0.00821578376204557
ZNF213-AS1	0.116506738790869	0.0171419475593156	0.989086777172463	0.0171419475593156
VPS26C	0.116560579229727	-0.0118911093637417	0.989086777172463	-0.0118911093637417
CAHM	0.116573356500006	0.020791673194181	0.989086777172463	0.020791673194181
C15orf40	0.116589654783122	-0.0157809185053458	0.989086777172463	-0.0157809185053458
FBXO32	0.116614112913662	-0.0107335120674618	0.989086777172463	-0.0107335120674618
C3orf35	0.116621203195349	-0.0202294487639115	0.989086777172463	-0.0202294487639115
PICK1	0.116626404143972	-0.0119250787186439	0.989086777172463	-0.0119250787186439
TBC1D23	0.11671625460497	0.00991969675865603	0.989086777172463	0.00991969675865603
MTERF4	0.116926879166261	-0.0104980692925205	0.989086777172463	-0.0104980692925205
LINC01182	0.117283238056181	0.0212333474618639	0.989086777172463	0.0212333474618639
ATP5MPL	0.117348404589586	-0.0228102488710475	0.989086777172463	-0.0228102488710475
SMIM10L1	0.117486669070745	-0.0253136599007861	0.989086777172463	-0.0253136599007861
IFT20	0.117633768497599	0.0136080403574817	0.989086777172463	0.0136080403574817
NACC1	0.117829799237931	0.0141884050006528	0.989086777172463	0.0141884050006528
NRG2	0.117869824187326	0.0164734271723681	0.989086777172463	0.0164734271723681
PDXDC1	0.118007321516399	0.0113841378395039	0.989086777172463	0.0113841378395039
DNAAF5	0.118082561844514	-0.0197528089383153	0.989086777172463	-0.0197528089383153
CSNK1E	0.118169091472074	0.00796076511136388	0.989086777172463	0.00796076511136388
ZNF561	0.118212361291618	0.0182617631411067	0.989086777172463	0.0182617631411067
LAMTOR3	0.118249869879047	0.0200615108486083	0.989086777172463	0.0200615108486083
PRICKLE2	0.118406607461404	-0.0283330902488413	0.989086777172463	-0.0283330902488413
CDK8	0.118438312085473	-0.00886339660974746	0.989086777172463	-0.00886339660974746
LLPH	0.118631207798937	0.0176499460896888	0.989086777172463	0.0176499460896888
TIMM13	0.118683491236658	0.0219331017450562	0.989086777172463	0.0219331017450562
TRPM6	0.118852345116783	0.0142385896993015	0.989086777172463	0.0142385896993015
TMEM138	0.118874239187983	0.0240936227991448	0.989086777172463	0.0240936227991448
ATF3	0.118879931684215	0.0203446689180724	0.989086777172463	0.0203446689180724
PCNX2	0.118921265094692	0.0198291441598299	0.989086777172463	0.0198291441598299
DUSP8	0.118923512537572	-0.0177350313166692	0.989086777172463	-0.0177350313166692
AC025283.2	0.118941491186709	0.0145394074468912	0.989086777172463	0.0145394074468912
NFKBIA	0.119009994112952	-0.0148336938646613	0.989086777172463	-0.0148336938646613
L3MBTL1	0.119184465288804	-0.00975093146163915	0.989086777172463	-0.00975093146163915
ZMYND8	0.119215176608775	-0.00642602642816231	0.989086777172463	-0.00642602642816231
TST	0.119254719506696	0.0181443836307667	0.989086777172463	0.0181443836307667
NCOA3	0.119338744909778	-0.0132760077363811	0.989086777172463	-0.0132760077363811
AC087564.1	0.119379802495525	0.00878538464481626	0.989086777172463	0.00878538464481626
RHCE	0.119394637788116	0.0256323822579223	0.989086777172463	0.0256323822579223
ACOT8	0.119630173619413	-0.0185236569241589	0.989086777172463	-0.0185236569241589
SATB2	0.11970233132289	-0.0290951406598755	0.989086777172463	-0.0290951406598755
AP000721.2	0.119726274693289	0.0132896630872967	0.989086777172463	0.0132896630872967
CENPV	0.119885235382439	0.0215309408160306	0.989086777172463	0.0215309408160306
TSC22D4	0.119938585950605	0.0131466777008033	0.989086777172463	0.0131466777008033
LIX1-AS1	0.119965645586084	0.0171401781433611	0.989086777172463	0.0171401781433611
AL118516.1	0.120245001031634	-0.0313517610705125	0.989086777172463	-0.0313517610705125
PTPRK	0.120470107667259	0.00450896207933694	0.989086777172463	0.00450896207933694
IGSF11	0.120689853635659	-0.00703429984963921	0.989086777172463	-0.00703429984963921
GGNBP2	0.120725027300404	0.00839411100774004	0.989086777172463	0.00839411100774004
TRAPPC3	0.120840503531983	0.0191419740468893	0.989086777172463	0.0191419740468893
SLC15A4	0.120844573162327	-0.0137400632008095	0.989086777172463	-0.0137400632008095
NUP98	0.120923904827459	-0.00917419924958401	0.989086777172463	-0.00917419924958401
AP1M1	0.120939895802765	0.0148330885998667	0.989086777172463	0.0148330885998667
LSMEM2	0.120951266283925	0.0203808732900548	0.989086777172463	0.0203808732900548
LINC00663	0.120979343464027	0.0179538130413443	0.989086777172463	0.0179538130413443
ZFP62	0.121038436620742	0.020375719642146	0.989086777172463	0.020375719642146
MVP	0.121301457962993	-0.0144396678617574	0.989086777172463	-0.0144396678617574
MTHFS	0.121452553337246	0.0207160668219637	0.989086777172463	0.0207160668219637
ZNF273	0.121614647954195	-0.0295885002327606	0.989086777172463	-0.0295885002327606
CLTB	0.121911210896246	-0.0226234174942835	0.989086777172463	-0.0226234174942835
JUN	0.121975304967902	-0.0203294249178986	0.989086777172463	-0.0203294249178986
COA6-AS1	0.122014772703216	0.0275092380027057	0.989086777172463	0.0275092380027057
TRPC5	0.122046798073162	-0.0284205354881191	0.989086777172463	-0.0284205354881191
HELB	0.122142148201774	0.0195270623273888	0.989086777172463	0.0195270623273888
BAG6	0.122409142969214	0.0152219666209948	0.989086777172463	0.0152219666209948
CLCN6	0.122517083956729	-0.0115876637120319	0.989086777172463	-0.0115876637120319
PSD2	0.122520190014111	-0.0222689903411075	0.989086777172463	-0.0222689903411075
ARHGEF11	0.122612857345911	-0.00936054324966131	0.989086777172463	-0.00936054324966131
METAP1D	0.122718885278913	0.0146924213478534	0.989086777172463	0.0146924213478534
RNF125	0.12291556146267	0.0107675854732665	0.989086777172463	0.0107675854732665
AC012494.1	0.122933883416882	0.011165040628471	0.989086777172463	0.011165040628471
TFCP2	0.122940734330007	0.00784958527970663	0.989086777172463	0.00784958527970663
OLFM1	0.123021939151592	-0.0348222697779302	0.989086777172463	-0.0348222697779302
LINC01608	0.123034497535807	0.00695827796592721	0.989086777172463	0.00695827796592721
RPL9	0.123299232185329	-0.0204936453183826	0.989086777172463	-0.0204936453183826
LYSMD3	0.123314953064925	-0.0226356478482426	0.989086777172463	-0.0226356478482426
ZNF766	0.123351644294247	-0.0154701821866325	0.989086777172463	-0.0154701821866325
CARF	0.123433365535949	0.00878651808940531	0.989086777172463	0.00878651808940531
ZCCHC10	0.123469144808338	0.0135563228568175	0.989086777172463	0.0135563228568175
ERCC1	0.123613934609073	0.0185491008181075	0.989086777172463	0.0185491008181075
BCL7A	0.123672432697869	0.0101223141465741	0.989086777172463	0.0101223141465741
PFDN4	0.12370577504039	0.0223060955547412	0.989086777172463	0.0223060955547412
HS6ST1	0.123786601283965	-0.014206116127102	0.989086777172463	-0.014206116127102
STT3A	0.123849684242054	-0.0187126817158435	0.989086777172463	-0.0187126817158435
ATG12	0.123937274494696	0.0121971069457817	0.989086777172463	0.0121971069457817
ACO1	0.123967932023921	-0.0130315943582697	0.989086777172463	-0.0130315943582697
ANKRD27	0.124243227376486	-0.0141267841504165	0.989086777172463	-0.0141267841504165
NFRKB	0.12428672495619	0.0168765441208064	0.989086777172463	0.0168765441208064
RBM48	0.124331275156842	-0.0126654589203683	0.989086777172463	-0.0126654589203683
RBM42	0.124332158109627	0.0201810731933762	0.989086777172463	0.0201810731933762
ZC3H14	0.124436020480702	0.0081530259181994	0.989086777172463	0.0081530259181994
TRADD	0.124544154828735	0.0201494999832876	0.989086777172463	0.0201494999832876
FARSB	0.124631099517569	-0.0122991533551784	0.989086777172463	-0.0122991533551784
ATXN3	0.124698646619074	-0.00746474876604528	0.989086777172463	-0.00746474876604528
EMC1-AS1	0.124776720516752	-0.0109515569028983	0.989086777172463	-0.0109515569028983
KCNIP2	0.125155286387926	0.0426678363273351	0.989086777172463	0.0426678363273351
MKLN1	0.125238455274211	-0.00524435112152664	0.989086777172463	-0.00524435112152664
ARHGAP24	0.12528214240367	0.0243446323586398	0.989086777172463	0.0243446323586398
AC082651.1	0.125345048243419	0.0135920875689078	0.989086777172463	0.0135920875689078
ZNF23	0.12535540188547	-0.0170819848289504	0.989086777172463	-0.0170819848289504
LINC01877	0.125598507879923	0.0145848928556973	0.989086777172463	0.0145848928556973
RANBP6	0.125643667160448	-0.0206419972548622	0.989086777172463	-0.0206419972548622
RGN	0.125674727897048	-0.0217570776243186	0.989086777172463	-0.0217570776243186
NMD3	0.125723446437857	0.0205707970235666	0.989086777172463	0.0205707970235666
AC017050.1	0.125763313599577	-0.0163007236043726	0.989086777172463	-0.0163007236043726
DNASE1	0.12580232407567	0.00880660773496123	0.989086777172463	0.00880660773496123
MANF	0.125856738196344	0.0235373130686563	0.989086777172463	0.0235373130686563
TCF20	0.125874519784299	0.00658219716954719	0.989086777172463	0.00658219716954719
RBMXL1	0.125945223219331	-0.0198295179140541	0.989086777172463	-0.0198295179140541
SREK1IP1	0.125956357199289	-0.0143700692215167	0.989086777172463	-0.0143700692215167
MAP3K14	0.126046850358345	-0.0194769696080804	0.989086777172463	-0.0194769696080804
ILDR2	0.126077632099733	-0.0175331151025758	0.989086777172463	-0.0175331151025758
ADD2	0.126118401686664	-0.0380361266386832	0.989086777172463	-0.0380361266386832
TTF1	0.12630124589083	-0.0131168699823056	0.989086777172463	-0.0131168699823056
SECISBP2L	0.126317015476547	-0.00571647281607623	0.989086777172463	-0.00571647281607623
DNAJC27	0.126508694702829	0.0121473261689241	0.989086777172463	0.0121473261689241
KDM1B	0.126686922424734	0.0125796006833563	0.989086777172463	0.0125796006833563
ZBTB24	0.126784125268008	-0.0210771822105598	0.989086777172463	-0.0210771822105598
ULK3	0.126805133383414	-0.0250969316105273	0.989086777172463	-0.0250969316105273
ZNF33B	0.126918978549125	0.020351095615158	0.989086777172463	0.020351095615158
RNF130	0.126984490907534	-0.00512293561485383	0.989086777172463	-0.00512293561485383
TOGARAM1	0.127032782593674	0.0062940307624227	0.989086777172463	0.0062940307624227
TBC1D32	0.127113408194818	0.00816203711155944	0.989086777172463	0.00816203711155944
DCUN1D1	0.127237590559128	0.00809798284858664	0.989086777172463	0.00809798284858664
ANKRD13C	0.127472269983787	-0.00731565767836071	0.989086777172463	-0.00731565767836071
STK10	0.127496777115249	0.0165403442558396	0.989086777172463	0.0165403442558396
EML3	0.12754108584047	-0.0172384637331094	0.989086777172463	-0.0172384637331094
RBX1	0.127614768577039	0.0102495480072202	0.989086777172463	0.0102495480072202
ZFYVE19	0.127706337204458	0.0162831151733947	0.989086777172463	0.0162831151733947
PCYT2	0.127877549220609	0.0174925244356939	0.989086777172463	0.0174925244356939
ADAMTS13	0.127886503831713	0.0260381826344745	0.989086777172463	0.0260381826344745
ATXN7L3B	0.127984971291778	0.0144283909687965	0.989086777172463	0.0144283909687965
TOPORS	0.128039322267124	0.0152238495952697	0.989086777172463	0.0152238495952697
USP15	0.128071712683984	-0.00763861546184645	0.989086777172463	-0.00763861546184645
INF2	0.128156056600104	0.0090282148978518	0.989086777172463	0.0090282148978518
PCDH1	0.128194919227324	0.0210667018163438	0.989086777172463	0.0210667018163438
DYNC1H1	0.128323382566745	0.00769307878698295	0.989086777172463	0.00769307878698295
ADAM19	0.128410110326017	-0.0125397896967751	0.989086777172463	-0.0125397896967751
AP3M1	0.128420315915239	-0.0167445041889106	0.989086777172463	-0.0167445041889106
CLK3	0.128661684903657	0.0135171752329608	0.989086777172463	0.0135171752329608
TCF12	0.128695242039768	-0.00441250958361063	0.989086777172463	-0.00441250958361063
GREB1L	0.128726028892741	0.0098819309659341	0.989086777172463	0.0098819309659341
TRIP12	0.128862611158266	0.00626755007929177	0.989086777172463	0.00626755007929177
EXTL3	0.128898117784919	-0.010851848282383	0.989086777172463	-0.010851848282383
ZNF43	0.128956876736187	-0.0137783346455357	0.989086777172463	-0.0137783346455357
TPT1	0.129013858532895	0.0191181517601192	0.989086777172463	0.0191181517601192
HPN	0.12908735459776	0.0120756510499211	0.989086777172463	0.0120756510499211
AC008571.2	0.129191581795148	0.00960897208422797	0.989086777172463	0.00960897208422797
NFIB	0.129316433868885	-0.00698850186174945	0.989086777172463	-0.00698850186174945
MRPL28	0.129538258644846	-0.0249678926167666	0.989086777172463	-0.0249678926167666
AC008438.1	0.129588416640192	0.0109981303364177	0.989086777172463	0.0109981303364177
EHD1	0.129602731131996	0.0151077064211147	0.989086777172463	0.0151077064211147
TRIM37	0.129792627428949	0.0178036376133266	0.989086777172463	0.0178036376133266
BCL2L11	0.129867987743811	-0.0201959851558947	0.989086777172463	-0.0201959851558947
EXOSC2	0.129978217669775	-0.0221610439674746	0.989086777172463	-0.0221610439674746
CCDC191	0.130035906540968	0.0146996212841614	0.989086777172463	0.0146996212841614
BABAM1	0.130045412199453	-0.0144948663596735	0.989086777172463	-0.0144948663596735
GRIA2	0.130146595279439	0.0136800771496133	0.989086777172463	0.0136800771496133
ZNF586	0.130156861792953	0.0103865851055797	0.989086777172463	0.0103865851055797
RAB39B	0.130284229299973	-0.023759232158969	0.989086777172463	-0.023759232158969
PAPOLA	0.13038329177283	-0.00950513970335415	0.989086777172463	-0.00950513970335415
PI4K2B	0.130405155389965	-0.0120546531792384	0.989086777172463	-0.0120546531792384
GREM1	0.130667542807909	-0.0103168109075571	0.989086777172463	-0.0103168109075571
AL355574.1	0.130712966303915	0.0172753377787339	0.989086777172463	0.0172753377787339
SSH2	0.130820623629927	-0.00526449601770992	0.989086777172463	-0.00526449601770992
UPK3BL1	0.130900546794524	0.0219023142674108	0.989086777172463	0.0219023142674108
UBAC1	0.130932769740239	-0.0161246134733533	0.989086777172463	-0.0161246134733533
TSPAN14	0.131010279015355	-0.0143499556087187	0.989086777172463	-0.0143499556087187
FPGT	0.131197029740624	-0.0116186616948342	0.989086777172463	-0.0116186616948342
TBC1D20	0.131371094372946	0.0137744451481335	0.989086777172463	0.0137744451481335
AC016821.1	0.131425379182626	-0.011683038779578	0.989086777172463	-0.011683038779578
WASHC4	0.131488374065548	0.0085952005993056	0.989086777172463	0.0085952005993056
CRLF3	0.131606338586961	0.0141573973352805	0.989086777172463	0.0141573973352805
MTX2	0.13160781636494	-0.0091571966628074	0.989086777172463	-0.0091571966628074
PDE8A	0.131632796091866	-0.00591475664447538	0.989086777172463	-0.00591475664447538
ARPC4	0.131886404205875	0.0159235765334606	0.989086777172463	0.0159235765334606
SLC12A9	0.132029464818616	0.0107009410147856	0.989086777172463	0.0107009410147856
CEP250	0.132054767097532	0.0142121189749777	0.989086777172463	0.0142121189749777
IMMP1L	0.132418909832752	0.010513117120975	0.989086777172463	0.010513117120975
CHMP2B	0.132576458662204	0.0150977564532939	0.989086777172463	0.0150977564532939
ACAD10	0.132619326783302	0.0120591742209644	0.989086777172463	0.0120591742209644
NPTN	0.132714794412273	-0.0192360267489049	0.989086777172463	-0.0192360267489049
RGL2	0.13283731475239	0.0189486014002045	0.989086777172463	0.0189486014002045
OLA1	0.132866454990231	0.0079878848117677	0.989086777172463	0.0079878848117677
GORASP2	0.132907980442871	0.0145948485156773	0.989086777172463	0.0145948485156773
AC138409.3	0.132917480044407	0.0200543626263741	0.989086777172463	0.0200543626263741
SRSF1	0.132980515705585	0.0111198310997014	0.989086777172463	0.0111198310997014
FKBP5	0.133074181381713	-0.0117726726230969	0.989086777172463	-0.0117726726230969
MARCH7	0.133082409225733	-0.00827296386077761	0.989086777172463	-0.00827296386077761
CPSF3	0.133084338062962	-0.0138678089750113	0.989086777172463	-0.0138678089750113
POLD2	0.13309989203452	-0.0156589777304963	0.989086777172463	-0.0156589777304963
AC021127.1	0.133225331816344	-0.0206802520824542	0.989086777172463	-0.0206802520824542
DMXL1	0.133291398494049	0.00689173393246086	0.989086777172463	0.00689173393246086
CYFIP1	0.133312257272847	-0.0169788539929308	0.989086777172463	-0.0169788539929308
PRKCSH	0.133347520711724	0.00975831623183671	0.989086777172463	0.00975831623183671
DHRS1	0.133471259269069	0.0177825837334072	0.989086777172463	0.0177825837334072
FAAP20	0.134065708074088	-0.0174516869249802	0.989086777172463	-0.0174516869249802
TRUB1	0.13408440652663	0.0182159195653254	0.989086777172463	0.0182159195653254
ADSS	0.134100706802189	-0.00821749982470537	0.989086777172463	-0.00821749982470537
TYW1B	0.13420729385892	0.00945705252334399	0.989086777172463	0.00945705252334399
POC5	0.134243746687283	0.0119645573303932	0.989086777172463	0.0119645573303932
SMC6	0.13427770384448	-0.00947837927532334	0.989086777172463	-0.00947837927532334
RABGAP1L	0.134432766071821	-0.00553314373337361	0.989086777172463	-0.00553314373337361
DPY30	0.134570912749443	0.0133279514603282	0.989086777172463	0.0133279514603282
PTOV1-AS1	0.134596544557887	0.022986999531974	0.989086777172463	0.022986999531974
DGCR6L	0.134638920206806	0.019760810759393	0.989086777172463	0.019760810759393
NENF	0.134786058122741	0.0135437727857501	0.989086777172463	0.0135437727857501
COQ4	0.134832328153095	0.0141780198388079	0.989086777172463	0.0141780198388079
MBLAC2	0.135147615835828	0.020266982386591	0.989086777172463	0.020266982386591
SMARCAL1	0.135206827255687	0.00932740813702735	0.989086777172463	0.00932740813702735
MOB4	0.135247942078977	0.0109370739619461	0.989086777172463	0.0109370739619461
PIGG	0.135339631500765	0.0107251644747016	0.989086777172463	0.0107251644747016
BDKRB2	0.135547835067364	0.0249518715185754	0.989086777172463	0.0249518715185754
SUPT3H	0.135581746290212	-0.00772647990391947	0.989086777172463	-0.00772647990391947
RBM15	0.135711030625664	-0.0204581909272147	0.989086777172463	-0.0204581909272147
LRPAP1	0.135839699526781	0.0185448533666985	0.989086777172463	0.0185448533666985
ZBTB44	0.135934309197925	-0.00648173642947378	0.989086777172463	-0.00648173642947378
SRSF8	0.136053220449811	-0.0187005593398413	0.989086777172463	-0.0187005593398413
WIPI2	0.13609517789759	-0.00939741111859464	0.989086777172463	-0.00939741111859464
NDST3	0.136186305564797	-0.0316482759797264	0.989086777172463	-0.0316482759797264
LRRC23	0.136225565293963	-0.0123715624714226	0.989086777172463	-0.0123715624714226
ULK4	0.136347829171722	0.0158771804007695	0.989086777172463	0.0158771804007695
GCA	0.136362620356174	-0.0102344567909561	0.989086777172463	-0.0102344567909561
ABHD10	0.13638939801741	0.017433783693016	0.989086777172463	0.017433783693016
CASC4	0.136632879857312	-0.00587628517823921	0.989086777172463	-0.00587628517823921
MRPL43	0.136666360008616	-0.0172361442405877	0.989086777172463	-0.0172361442405877
PRIMPOL	0.136672978913453	0.0128685772482819	0.989086777172463	0.0128685772482819
NAGLU	0.136706323650268	-0.0120995559083389	0.989086777172463	-0.0120995559083389
TMEM218	0.136791980694668	0.0240155399492022	0.989086777172463	0.0240155399492022
KAT8	0.136905710431456	-0.0128017006201161	0.989086777172463	-0.0128017006201161
NR3C1	0.136937932071688	-0.00601669769873895	0.989086777172463	-0.00601669769873895
SAP30	0.136968491901845	0.0213685951806868	0.989086777172463	0.0213685951806868
KAT2A	0.136985794819174	0.0113659194238188	0.989086777172463	0.0113659194238188
DIP2C	0.137019614197019	-0.00531602095570179	0.989086777172463	-0.00531602095570179
SARAF	0.137105435981646	0.0139981664930649	0.989086777172463	0.0139981664930649
MCL1	0.137186651214512	0.0184583342638964	0.989086777172463	0.0184583342638964
SNHG22	0.137236094652063	-0.0149503632005142	0.989086777172463	-0.0149503632005142
INSR	0.137273310034992	0.0065960918233745	0.989086777172463	0.0065960918233745
ADGRF3	0.137845140753953	-0.0263293515940641	0.989086777172463	-0.0263293515940641
UBE2K	0.138166956107038	0.00672579606132216	0.989086777172463	0.00672579606132216
WBP2NL	0.138198473089396	0.015560534983817	0.989086777172463	0.015560534983817
CYP2U1	0.138378508703975	-0.021792431100204	0.989086777172463	-0.021792431100204
PLD3	0.138439163898477	0.0101976392753656	0.989086777172463	0.0101976392753656
RCAN3	0.138563821410274	0.0130513397009768	0.989086777172463	0.0130513397009768
SUN1	0.138592282930027	0.00920402839671207	0.989086777172463	0.00920402839671207
ARHGAP21	0.138751724702469	-0.00440868728793902	0.989086777172463	-0.00440868728793902
DHFR2	0.138910311007993	0.0184488599533857	0.989086777172463	0.0184488599533857
AC068025.1	0.138925992482323	0.0165865091549532	0.989086777172463	0.0165865091549532
RPL39	0.138926246698194	-0.0245808978050553	0.989086777172463	-0.0245808978050553
SEC22B	0.138926761507822	-0.0152149271133248	0.989086777172463	-0.0152149271133248
NPHP3	0.138956856990226	0.0084844201801535	0.989086777172463	0.0084844201801535
CIAPIN1	0.139083184150366	-0.0143994879754255	0.989086777172463	-0.0143994879754255
MRPL21	0.139094108358282	-0.025672658046963	0.989086777172463	-0.025672658046963
AL021368.2	0.139104834372221	0.0103377634092655	0.989086777172463	0.0103377634092655
LINC01102	0.13929723827523	0.0149475663398664	0.989086777172463	0.0149475663398664
TCTN3	0.139330183644824	0.0156107496574211	0.989086777172463	0.0156107496574211
SRSF9	0.139338515275572	-0.0196241008107749	0.989086777172463	-0.0196241008107749
ZNF283	0.139440033869281	0.0155995110116239	0.989086777172463	0.0155995110116239
BUD23	0.139464498905198	-0.0136357326552636	0.989086777172463	-0.0136357326552636
MOGS	0.139569613384384	-0.0192401817861331	0.989086777172463	-0.0192401817861331
SFXN2	0.139593734648429	-0.0227156581595033	0.989086777172463	-0.0227156581595033
TBL1XR1	0.139625627335901	-0.00572701692529455	0.989086777172463	-0.00572701692529455
MAP3K1	0.139640186753025	-0.0183970182040253	0.989086777172463	-0.0183970182040253
TPRKB	0.13965025906736	0.0200584918644848	0.989086777172463	0.0200584918644848
VEZT	0.139658740347737	0.00825767808780102	0.989086777172463	0.00825767808780102
AC027279.1	0.13967052135335	-0.0142717896203522	0.989086777172463	-0.0142717896203522
NUDT21	0.139742090478866	-0.0134171559788347	0.989086777172463	-0.0134171559788347
DHX57	0.139797163039202	0.0131522467953977	0.989086777172463	0.0131522467953977
C12orf66	0.139847016476627	0.0195251040006285	0.989086777172463	0.0195251040006285
DGKZ	0.139859135481458	-0.0176090338575164	0.989086777172463	-0.0176090338575164
ADAMTSL2	0.139950917470029	-0.025887476492475	0.989086777172463	-0.025887476492475
ZNF589	0.140017222574028	-0.0121313957889159	0.989086777172463	-0.0121313957889159
UCN	0.140069075104623	-0.0165371382153957	0.989086777172463	-0.0165371382153957
DEPTOR	0.140342325421917	0.00824800572375522	0.989086777172463	0.00824800572375522
STAU1	0.140402624094572	0.00864442112625152	0.989086777172463	0.00864442112625152
LINC00342	0.140541438689958	0.0106390256179025	0.989086777172463	0.0106390256179025
PPM1H	0.140623729625428	-0.00615796778178193	0.989086777172463	-0.00615796778178193
GRAMD1B	0.140709238481327	-0.032769493704253	0.989086777172463	-0.032769493704253
CASP2	0.140837572447212	0.0163722213827999	0.989086777172463	0.0163722213827999
ZNF518A	0.140846345687896	0.0075662750021787	0.989086777172463	0.0075662750021787
SLC9A8	0.140851596978112	0.0120475812500102	0.989086777172463	0.0120475812500102
LINC00894	0.140938690873666	0.00825657073159862	0.989086777172463	0.00825657073159862
SEPTIN8	0.140942308188438	-0.0077047994173645	0.989086777172463	-0.0077047994173645
TNR	0.141105149865506	-0.032721260483852	0.989086777172463	-0.032721260483852
TRAPPC12	0.14127633384503	-0.00843701013248994	0.989086777172463	-0.00843701013248994
AGAP9	0.141301104705468	-0.0184070699891361	0.989086777172463	-0.0184070699891361
ING4	0.1414590221881	0.011974502018881	0.989086777172463	0.011974502018881
NAALADL2	0.141630218301676	0.00900123300018715	0.989086777172463	0.00900123300018715
MKKS	0.141635229074431	-0.0226275223981024	0.989086777172463	-0.0226275223981024
ATP11B	0.14168186351677	0.00757363087736033	0.989086777172463	0.00757363087736033
PSMA3	0.141801008988505	-0.017573523853761	0.989086777172463	-0.017573523853761
IFIT5	0.141992979592002	-0.0256691038502238	0.989086777172463	-0.0256691038502238
RTKN	0.142035023682019	-0.00806112484213721	0.989086777172463	-0.00806112484213721
TTC23	0.142208248515144	0.0181157019650722	0.989086777172463	0.0181157019650722
MACO1	0.142355711465089	0.00698801589140665	0.989086777172463	0.00698801589140665
MRRF	0.142541009735835	0.0118226652216541	0.989086777172463	0.0118226652216541
RPIA	0.14270358858218	0.0176698409640095	0.989086777172463	0.0176698409640095
SMC3	0.142727488739876	-0.00986745211514806	0.989086777172463	-0.00986745211514806
HARBI1	0.14297956959167	0.0175420113231613	0.989086777172463	0.0175420113231613
STX12	0.143200609186628	-0.00867155918522895	0.989086777172463	-0.00867155918522895
MDGA2	0.143219405126435	0.021428368442012	0.989086777172463	0.021428368442012
AC010884.1	0.143310266106317	0.0209587509668217	0.989086777172463	0.0209587509668217
TEX261	0.143312398637802	0.0144171604499397	0.989086777172463	0.0144171604499397
INTS3	0.143318226377982	0.00959938942761275	0.989086777172463	0.00959938942761275
FAM102A	0.143436471326268	-0.00718189835344172	0.989086777172463	-0.00718189835344172
TMEM39B	0.143445772383688	0.013503928088916	0.989086777172463	0.013503928088916
C2CD3	0.143451938160531	-0.00971024835738563	0.989086777172463	-0.00971024835738563
MYO15B	0.143695009930739	0.0106068355697224	0.989086777172463	0.0106068355697224
FAM241A	0.143769048915808	0.0118589817998478	0.989086777172463	0.0118589817998478
SATB1	0.143782245831201	-0.0305598014611996	0.989086777172463	-0.0305598014611996
AL158071.3	0.143786491828249	-0.0197773132963933	0.989086777172463	-0.0197773132963933
KLC4	0.143847126287366	0.0108401551855699	0.989086777172463	0.0108401551855699
LINC00463	0.143900472058782	-0.0149768821001012	0.989086777172463	-0.0149768821001012
BAIAP2L2	0.143965277040403	-0.0222498550159709	0.989086777172463	-0.0222498550159709
MEAK7	0.144025287144301	-0.0224180489282661	0.989086777172463	-0.0224180489282661
ARV1	0.144109774533913	0.0162198884660215	0.989086777172463	0.0162198884660215
TTYH3	0.144139308927026	-0.0241176730019326	0.989086777172463	-0.0241176730019326
RAB18	0.144249323285852	-0.0113790061716907	0.989086777172463	-0.0113790061716907
DUSP3	0.144256537939073	-0.0168606062634254	0.989086777172463	-0.0168606062634254
AP001442.1	0.14430972012959	0.0320932626552533	0.989086777172463	0.0320932626552533
LINC01299	0.144313428772743	0.0162574474543851	0.989086777172463	0.0162574474543851
RNF10	0.144455180450791	-0.00793109722007043	0.989086777172463	-0.00793109722007043
VPS11	0.144728260756059	0.0166916591189899	0.989086777172463	0.0166916591189899
RBM23	0.144827053270603	-0.0122664037291628	0.989086777172463	-0.0122664037291628
TANC2	0.144840425448421	-0.00865273601264402	0.989086777172463	-0.00865273601264402
RAB40B	0.144992117140102	0.00639686110729636	0.989086777172463	0.00639686110729636
AKAP13	0.145138691377857	-0.0313160575251657	0.989086777172463	-0.0313160575251657
PSMD10	0.145266327572538	0.0218634420066548	0.989086777172463	0.0218634420066548
C10orf88	0.145270590937167	-0.019920341127058	0.989086777172463	-0.019920341127058
MICOS10	0.145319533627517	0.0274333286590492	0.989086777172463	0.0274333286590492
ADIPOR2	0.145400044954105	-0.00562034577059983	0.989086777172463	-0.00562034577059983
QARS	0.145519657531545	0.0164335978134504	0.989086777172463	0.0164335978134504
AC100810.1	0.145551550948352	-0.0281345946575129	0.989086777172463	-0.0281345946575129
TMEM87B	0.145744291639907	0.0154851590378158	0.989086777172463	0.0154851590378158
SLC4A5	0.145798902188401	-0.0133602769144958	0.989086777172463	-0.0133602769144958
ATE1	0.145813504339649	-0.00598971661696562	0.989086777172463	-0.00598971661696562
ZSWIM5	0.145815845053429	-0.00678718882270256	0.989086777172463	-0.00678718882270256
ZNF823	0.145885212411672	0.0172375751882872	0.989086777172463	0.0172375751882872
ANAPC1	0.14616112294411	0.0111800517793165	0.989086777172463	0.0111800517793165
SNRPD1	0.146177703112356	0.0189460125870644	0.989086777172463	0.0189460125870644
ZNF212	0.1463702689926	0.0199374273902924	0.989086777172463	0.0199374273902924
GTF2IRD2B	0.146412001743683	0.00991316529126074	0.989086777172463	0.00991316529126074
LMLN	0.146428742822194	0.0248302051467381	0.989086777172463	0.0248302051467381
MET	0.146515390504395	-0.0185001074348417	0.989086777172463	-0.0185001074348417
AC010618.3	0.146587417340006	0.0119644914843733	0.989086777172463	0.0119644914843733
LINC01285	0.146629035880015	0.0123396566223418	0.989086777172463	0.0123396566223418
NAPEPLD	0.146796578165203	-0.00606653394818886	0.989086777172463	-0.00606653394818886
EPB41L4A-AS1	0.146819778112722	-0.0214158186904222	0.989086777172463	-0.0214158186904222
EIF4H	0.146927764414756	-0.0134980161033533	0.989086777172463	-0.0134980161033533
AC004158.1	0.147000014301052	0.00944239123360711	0.989086777172463	0.00944239123360711
TGFBR1	0.147028041232155	-0.0201170339768115	0.989086777172463	-0.0201170339768115
MYH14	0.147079246471022	0.0096079179070446	0.989086777172463	0.0096079179070446
CAPN13	0.147128128417615	0.0185497746430479	0.989086777172463	0.0185497746430479
ZNF444	0.147156468103334	0.0113455552647868	0.989086777172463	0.0113455552647868
TPK1	0.147159163709837	0.0139396323323581	0.989086777172463	0.0139396323323581
SPIN3	0.147201252119176	-0.0193126672857984	0.989086777172463	-0.0193126672857984
VPS36	0.14724949317229	0.0094407117766402	0.989086777172463	0.0094407117766402
TMEM143	0.147302932496432	0.0124793595144929	0.989086777172463	0.0124793595144929
CBFB	0.147414417155609	0.00660298024663547	0.989086777172463	0.00660298024663547
GRK3	0.147471236674242	-0.0179329176219327	0.989086777172463	-0.0179329176219327
CDKL1	0.147506512861682	-0.0115444535112966	0.989086777172463	-0.0115444535112966
AC018362.1	0.147512366901302	-0.0183400268394173	0.989086777172463	-0.0183400268394173
CPD	0.147578392018139	0.00756061713876814	0.989086777172463	0.00756061713876814
BIN3	0.147892413690411	-0.0140536255691217	0.989086777172463	-0.0140536255691217
AGBL5	0.147950295044358	0.0227048098053495	0.989086777172463	0.0227048098053495
ATG16L2	0.148165698488683	0.0145428953410108	0.989086777172463	0.0145428953410108
RFT1	0.148487850890815	0.0169404560051458	0.989086777172463	0.0169404560051458
DNAJB6	0.148648753630249	-0.0109396346972399	0.989086777172463	-0.0109396346972399
ANKRD16	0.148667400092801	-0.014682969103839	0.989086777172463	-0.014682969103839
RPS14	0.148702968226974	-0.0171984251917965	0.989086777172463	-0.0171984251917965
ABHD16A	0.148919871331626	0.0167391683515322	0.989086777172463	0.0167391683515322
NAP1L4	0.149023958120223	-0.00624879351972043	0.989086777172463	-0.00624879351972043
AC066613.2	0.149095454104984	-0.0131039524603166	0.989086777172463	-0.0131039524603166
LINC00909	0.149310954065648	0.0183216336468761	0.989086777172463	0.0183216336468761
RNF25	0.149493417320246	-0.0262725865294412	0.989086777172463	-0.0262725865294412
NT5M	0.149514750262185	0.0207573322050303	0.989086777172463	0.0207573322050303
MBOAT2	0.149529097701259	-0.00611020789885855	0.989086777172463	-0.00611020789885855
TAPT1-AS1	0.149706599668758	0.00702183989176536	0.989086777172463	0.00702183989176536
APOE	0.149886696742163	-0.0340464893684153	0.989086777172463	-0.0340464893684153
PCNX3	0.149902066532561	0.0181397475471782	0.989086777172463	0.0181397475471782
FASTKD2	0.149997444084959	0.0160817121918754	0.989086777172463	0.0160817121918754
EDF1	0.150005640557899	0.0179223454417577	0.989086777172463	0.0179223454417577
PPOX	0.150008581587429	0.0165213871180661	0.989086777172463	0.0165213871180661
AL157938.3	0.150128090472741	0.0405125441933586	0.989086777172463	0.0405125441933586
TET1	0.150145043420079	-0.012536765142985	0.989086777172463	-0.012536765142985
ETFDH	0.150263117893686	-0.0100631796573253	0.989086777172463	-0.0100631796573253
APC	0.150270163850222	-0.00675856785165535	0.989086777172463	-0.00675856785165535
PTP4A2	0.150300188338191	0.0064186912287759	0.989086777172463	0.0064186912287759
AC090015.1	0.150422314170341	0.00967282123536519	0.989086777172463	0.00967282123536519
ESD	0.15043228903687	0.0135234636737799	0.989086777172463	0.0135234636737799
UBAP2L	0.150509636979301	0.0108480715149181	0.989086777172463	0.0108480715149181
DNMT3A	0.150628531221805	0.00878942856014412	0.989086777172463	0.00878942856014412
CNTLN	0.150866785729097	0.0120584976662857	0.989086777172463	0.0120584976662857
PES1	0.151013017912102	0.0193457345746684	0.989086777172463	0.0193457345746684
ARL14EP	0.151128972711307	-0.0248215512375461	0.989086777172463	-0.0248215512375461
SLC27A4	0.15114763754699	-0.0101081537868528	0.989086777172463	-0.0101081537868528
EIF2B1	0.151173095689347	-0.0134520310043742	0.989086777172463	-0.0134520310043742
GSTZ1	0.151458949769051	-0.0216928383601698	0.989086777172463	-0.0216928383601698
AL357079.1	0.151500757636591	0.021272727080668	0.989086777172463	0.021272727080668
BLOC1S4	0.15166835718396	-0.0262678619539018	0.989086777172463	-0.0262678619539018
SHFL	0.151712734229303	-0.0231238061079969	0.989086777172463	-0.0231238061079969
URB1	0.151826800470655	0.0101336523619954	0.989086777172463	0.0101336523619954
ACIN1	0.151830950340711	0.00763992406238872	0.989086777172463	0.00763992406238872
NTRK3	0.151991053582204	-0.0295123091632546	0.989086777172463	-0.0295123091632546
HAGLR	0.152001894802869	0.0250008868127789	0.989086777172463	0.0250008868127789
GPATCH2	0.152036085299827	-0.0143651371916997	0.989086777172463	-0.0143651371916997
NOL11	0.152070326248745	-0.0151428612459975	0.989086777172463	-0.0151428612459975
MMAB	0.152360683292648	-0.00853429323110619	0.989086777172463	-0.00853429323110619
RNF2	0.152441577186414	0.0173190247360795	0.989086777172463	0.0173190247360795
YEATS2-AS1	0.152682518213799	0.0281788788681788	0.989086777172463	0.0281788788681788
ZNF519	0.152734428157532	-0.026374891288785	0.989086777172463	-0.026374891288785
IMMP2L	0.152893276363258	-0.00629611844407247	0.989086777172463	-0.00629611844407247
ROBO2	0.152982772766108	0.0264139747458829	0.989086777172463	0.0264139747458829
ZNF440	0.153128862694095	-0.0207753213092286	0.989086777172463	-0.0207753213092286
GTPBP8	0.153187063309483	0.0174301772260619	0.989086777172463	0.0174301772260619
CCDC18-AS1	0.153205839531777	0.00685773837083719	0.989086777172463	0.00685773837083719
BTBD8	0.15329609902928	0.00912296711278654	0.989086777172463	0.00912296711278654
KCTD6	0.153328816282837	0.0156742301955429	0.989086777172463	0.0156742301955429
MINPP1	0.153382677802599	0.0153784134583937	0.989086777172463	0.0153784134583937
ZNF451	0.153397371268977	-0.00598063592720682	0.989086777172463	-0.00598063592720682
KIAA0586	0.153735590193006	-0.00921013861367912	0.989086777172463	-0.00921013861367912
GIPC1	0.153771416016416	0.00991785743063995	0.989086777172463	0.00991785743063995
AC015845.2	0.153940908964782	-0.0254952674137314	0.989086777172463	-0.0254952674137314
USP22	0.154041133998086	-0.0079735800831233	0.989086777172463	-0.0079735800831233
UBXN7	0.15412204307136	0.00804152017712895	0.989086777172463	0.00804152017712895
INSIG1	0.154188019906503	0.0109488316989127	0.989086777172463	0.0109488316989127
PHF19	0.154467469825716	-0.0108882640491151	0.989086777172463	-0.0108882640491151
RYBP	0.154563031343599	-0.00600242194580892	0.989086777172463	-0.00600242194580892
DCBLD2	0.15460367695033	-0.00969496819364218	0.989086777172463	-0.00969496819364218
PIP5K1A	0.154737534685844	-0.0091074124606241	0.989086777172463	-0.0091074124606241
ZNF706	0.154750013096738	0.0063969525115195	0.989086777172463	0.0063969525115195
CHST12	0.154791767483943	-0.0116555312376658	0.989086777172463	-0.0116555312376658
SECISBP2	0.154844921642928	-0.00821747601105645	0.989086777172463	-0.00821747601105645
ANXA4	0.154904957035457	0.0076339133864263	0.989086777172463	0.0076339133864263
SLC7A6	0.155049502677093	-0.01936459496986	0.989086777172463	-0.01936459496986
PIGK	0.15507980912976	0.0107133033167567	0.989086777172463	0.0107133033167567
DZIP3	0.155231444722357	0.0107423944603673	0.989086777172463	0.0107423944603673
VPS54	0.155256490381216	-0.00760004394270485	0.989086777172463	-0.00760004394270485
PRPF6	0.155264982489954	0.00795232715838276	0.989086777172463	0.00795232715838276
Z84485.1	0.155268615432464	0.0134781461023529	0.989086777172463	0.0134781461023529
AKT3	0.155404276832263	-0.00500895222782687	0.989086777172463	-0.00500895222782687
TMEM30A	0.155435520110491	0.013203229401309	0.989086777172463	0.013203229401309
PITRM1	0.155437064016222	-0.0125985341403613	0.989086777172463	-0.0125985341403613
ARHGEF28	0.155446462264964	-0.0226243968249431	0.989086777172463	-0.0226243968249431
MRPL1	0.155496760609839	0.0105174121932215	0.989086777172463	0.0105174121932215
EXOC1	0.155544173793827	0.00713752667265545	0.989086777172463	0.00713752667265545
NIT1	0.155599143053412	0.0185340238055021	0.989086777172463	0.0185340238055021
KCTD9	0.155738262456712	0.0167561504853572	0.989086777172463	0.0167561504853572
TCTA	0.155766540543312	0.0148653527216618	0.989086777172463	0.0148653527216618
LINC02340	0.155866942802707	0.0187454775827027	0.989086777172463	0.0187454775827027
SHISA9	0.155912896464042	-0.0284769745993189	0.989086777172463	-0.0284769745993189
SPAG9	0.155960181226146	0.00541662079895467	0.989086777172463	0.00541662079895467
MINDY1	0.155974533396282	-0.0125383534316742	0.989086777172463	-0.0125383534316742
AC007216.4	0.156002461814995	0.0114704263335352	0.989086777172463	0.0114704263335352
KHNYN	0.156015571956202	-0.0249941014400392	0.989086777172463	-0.0249941014400392
DYNC1LI1	0.156084403701848	-0.0105317134827778	0.989086777172463	-0.0105317134827778
AC103770.1	0.156101158600672	0.0183669506138044	0.989086777172463	0.0183669506138044
UBE3A	0.156169626758284	0.00762315174127751	0.989086777172463	0.00762315174127751
MED1	0.156176460190737	-0.011172208194643	0.989086777172463	-0.011172208194643
ATXN2	0.156317083714558	0.00516467494115445	0.989229567587707	0.00516467494115445
BRD1	0.156640661360778	0.0113127472404199	0.989229567587707	0.0113127472404199
SORD	0.156692476410386	0.0156440470532871	0.989229567587707	0.0156440470532871
HDDC2	0.156818802639266	-0.022052569099221	0.989229567587707	-0.022052569099221
DYSF	0.15697035491909	0.0074581201791064	0.989229567587707	0.0074581201791064
SHISA5	0.157090107137112	0.0145102989273166	0.989229567587707	0.0145102989273166
ZNF226	0.157347386103279	0.0119728861777921	0.989229567587707	0.0119728861777921
DROSHA	0.157377900452354	-0.00962919217346128	0.989229567587707	-0.00962919217346128
IFNG-AS1	0.157464101318251	0.0203348921912987	0.989229567587707	0.0203348921912987
THRA	0.157499418137181	-0.00796215034666314	0.989229567587707	-0.00796215034666314
AL359921.1	0.157548733660466	-0.0208825296006752	0.989229567587707	-0.0208825296006752
SH2B1	0.157649275273605	0.00984079208946255	0.989229567587707	0.00984079208946255
WIPI1	0.15767820079839	-0.0124397986560785	0.989229567587707	-0.0124397986560785
UBR5	0.157747596566143	0.00627369835951049	0.989229567587707	0.00627369835951049
AC003659.1	0.157856450177414	0.0179622014056399	0.989229567587707	0.0179622014056399
MORN4	0.157883310918433	0.0199693358943991	0.989229567587707	0.0199693358943991
TRAK2	0.1579276049702	-0.0129648535469752	0.989229567587707	-0.0129648535469752
ADAMTS19	0.157945761803147	0.016000040534611	0.989229567587707	0.016000040534611
NAALAD2	0.157969154531027	0.0161618002986209	0.989229567587707	0.0161618002986209
CLN6	0.158211073305731	0.0103818771127646	0.989229567587707	0.0103818771127646
SLC31A1	0.158407234111212	-0.0178311840209657	0.989229567587707	-0.0178311840209657
CLEC11A	0.158409259683643	0.0255628463784738	0.989229567587707	0.0255628463784738
DIO2	0.158455555844961	-0.0251890739276902	0.989229567587707	-0.0251890739276902
SAP30BP	0.158465110372543	0.00802549866475602	0.989229567587707	0.00802549866475602
POMK	0.158543785426396	-0.020595380241024	0.989229567587707	-0.020595380241024
EFCAB7	0.158669841990399	0.0197190918466291	0.989229567587707	0.0197190918466291
VAMP8	0.158694493837998	0.0202304880555714	0.989229567587707	0.0202304880555714
BCAR1	0.158806466595361	0.00774252424563401	0.989307680373345	0.00774252424563401
ZNF462	0.158960508138367	0.00768421754691657	0.989307680373345	0.00768421754691657
PLXNA2	0.15898432310961	-0.0307016792601259	0.989307680373345	-0.0307016792601259
ZNF208	0.159260362586391	0.0142490108948592	0.990269153822479	0.0142490108948592
TM9SF3	0.159420985497329	-0.00785200088068529	0.990269153822479	-0.00785200088068529
IQSEC1	0.159654535311439	-0.00795952184249525	0.990269153822479	-0.00795952184249525
AC025180.1	0.159721083698473	0.0234914813886589	0.990269153822479	0.0234914813886589
AC008269.1	0.15988941547373	0.0212228390064029	0.990269153822479	0.0212228390064029
MTERF1	0.16005381131966	-0.00863888530730159	0.990269153822479	-0.00863888530730159
IFT52	0.16007491856189	0.0114023078261902	0.990269153822479	0.0114023078261902
VRK2	0.160122982095112	-0.00683139475038357	0.990269153822479	-0.00683139475038357
SGK3	0.160137712359623	-0.00544452054252781	0.990269153822479	-0.00544452054252781
GPS1	0.160165987797587	0.0166287570764974	0.990269153822479	0.0166287570764974
POLE4	0.160257939809542	0.0233597260475528	0.990269153822479	0.0233597260475528
KHDC1	0.16038156703535	0.0281738273159163	0.990269153822479	0.0281738273159163
ATAD1	0.160490212701166	-0.0155877464561987	0.990269153822479	-0.0155877464561987
CNKSR2	0.160515603088349	-0.0351769245343531	0.990269153822479	-0.0351769245343531
MAPK14	0.160526673071289	-0.00886682984337389	0.990269153822479	-0.00886682984337389
SRF	0.160637155186913	0.0249027081427366	0.990313774282971	0.0249027081427366
BRD4	0.160718959724331	0.0076060356026341	0.990313774282971	0.0076060356026341
CCDC47	0.160833398059458	-0.0147325702304757	0.990448710834511	-0.0147325702304757
ZBTB4	0.161243605011293	0.00753183372827002	0.991057272907035	0.00753183372827002
AC079305.3	0.161256498516	-0.02186424960176	0.991057272907035	-0.02186424960176
NIFK	0.161380761057951	-0.0208942326791078	0.991057272907035	-0.0208942326791078
TIMM29	0.161588987814634	-0.0165181584040899	0.991057272907035	-0.0165181584040899
BIRC6	0.161669983230256	0.00484212664194343	0.991057272907035	0.00484212664194343
IFT80	0.161697332078887	0.00694320190304981	0.991057272907035	0.00694320190304981
TM7SF3	0.161856634350378	-0.0121054406484806	0.991057272907035	-0.0121054406484806
AL139294.1	0.162025638509287	-0.0307054371375041	0.991057272907035	-0.0307054371375041
HNRNPD	0.162053712606014	-0.00703787623733559	0.991057272907035	-0.00703787623733559
PPP6R2	0.16207198339494	0.00747758226987544	0.991057272907035	0.00747758226987544
ZFP91	0.162333926154526	-0.00954266884311797	0.991057272907035	-0.00954266884311797
GABPB1-IT1	0.162365239665454	0.0147855468183824	0.991057272907035	0.0147855468183824
SMCR8	0.16245168299853	-0.0264923067823279	0.991057272907035	-0.0264923067823279
KCNMB2-AS1	0.162456875086099	-0.0265325203939599	0.991057272907035	-0.0265325203939599
PDIA4	0.162465533807666	0.0166789348632003	0.991057272907035	0.0166789348632003
DUS2	0.162514703699942	-0.0154568766463299	0.991057272907035	-0.0154568766463299
TEX22	0.162563090319411	0.0175530466373422	0.991057272907035	0.0175530466373422
AL359232.1	0.1625989508759	0.0182332351943843	0.991057272907035	0.0182332351943843
C9orf72	0.162889832777746	-0.0128286536923265	0.992160039999997	-0.0128286536923265
MICAL2	0.162965276120713	-0.0284287843088951	0.992160039999997	-0.0284287843088951
MAST2	0.163288606433144	-0.0110918563603016	0.993353098685287	-0.0110918563603016
BMS1	0.163346861037663	0.0112496939431179	0.993353098685287	0.0112496939431179
DPM2	0.163549911570111	0.0171785898361581	0.993458392636694	0.0171785898361581
FAM222A	0.163653174721662	0.00817068075656716	0.993458392636694	0.00817068075656716
GARS	0.16375121019423	0.0172251382145733	0.993458392636694	0.0172251382145733
ZNF620	0.163853283084155	-0.0195806692870692	0.993458392636694	-0.0195806692870692
CASTOR3	0.163863267916265	0.00790962909273404	0.993458392636694	0.00790962909273404
UQCC1	0.164041650699675	0.00779599904292896	0.993458392636694	0.00779599904292896
SCD5	0.164057894660866	-0.00483649246512191	0.993458392636694	-0.00483649246512191
NSFL1C	0.164201640273249	-0.00846072949968157	0.993458392636694	-0.00846072949968157
ESYT2	0.164447885925471	-0.00948081261305542	0.993458392636694	-0.00948081261305542
ATP1B1	0.164639538965103	0.00899234388498083	0.993458392636694	0.00899234388498083
TRIM23	0.164675154085292	-0.0144444544945956	0.993458392636694	-0.0144444544945956
ZCCHC7	0.16471507050637	0.00485666159621713	0.993458392636694	0.00485666159621713
PNCK	0.164738792728638	0.0178673378768438	0.993458392636694	0.0178673378768438
ZNF385B	0.164866685930957	0.0288341494666188	0.993458392636694	0.0288341494666188
FMC1	0.164914316082487	0.021879182426672	0.993458392636694	0.021879182426672
MCM7	0.164990185007224	-0.0179738397656047	0.993458392636694	-0.0179738397656047
ZSCAN26	0.164996207896261	0.0137205169689706	0.993458392636694	0.0137205169689706
LINC02666	0.165034945539385	-0.0226332552393203	0.993458392636694	-0.0226332552393203
CCNYL1	0.165279713401294	-0.0135206226356906	0.994101194092658	-0.0135206226356906
DYNC1LI2	0.165876669796723	-0.00579955987468836	0.994101194092658	-0.00579955987468836
PCED1A	0.165882088815898	0.0123710510357265	0.994101194092658	0.0123710510357265
MSANTD2	0.166018492347152	0.010760050353879	0.994101194092658	0.010760050353879
POT1-AS1	0.166113105070842	0.00994853955649709	0.994101194092658	0.00994853955649709
KEL	0.166139282276681	-0.014505041907251	0.994101194092658	-0.014505041907251
AMD1	0.166164607137617	0.0056290248595735	0.994101194092658	0.0056290248595735
TMEM104	0.166408867935889	0.0144644732988546	0.994101194092658	0.0144644732988546
ZNF618	0.166481455948167	-0.0170690821737169	0.994101194092658	-0.0170690821737169
TXLNG	0.166633214076843	0.0100536710907356	0.994101194092658	0.0100536710907356
APBB2	0.166707798278622	-0.00475696518188443	0.994101194092658	-0.00475696518188443
SUCLA2	0.1667182948318	-0.0112528808226934	0.994101194092658	-0.0112528808226934
SRRT	0.166804376132689	0.0116099813744158	0.994101194092658	0.0116099813744158
AC097662.1	0.166826360748258	0.0180641350245624	0.994101194092658	0.0180641350245624
AMOTL2	0.166843018183945	0.00917658651610491	0.994101194092658	0.00917658651610491
SMC5	0.166974942298946	-0.00713319717447873	0.994101194092658	-0.00713319717447873
PRKAR1A	0.167102023150766	0.0132596405323236	0.994101194092658	0.0132596405323236
MIDN	0.167319753840295	0.0140765252187568	0.994101194092658	0.0140765252187568
WDR11-AS1	0.167357437451713	0.0134740299174845	0.994101194092658	0.0134740299174845
LMAN1	0.167407775705626	0.0105647973796741	0.994101194092658	0.0105647973796741
PTMA	0.167872038048206	0.00808860106478186	0.994101194092658	0.00808860106478186
ZNF655	0.167990226740802	-0.00939181142527802	0.994101194092658	-0.00939181142527802
SLC5A11	0.168104507507984	-0.00860142063734806	0.994101194092658	-0.00860142063734806
RASA3	0.168115057744516	-0.0103691884815382	0.994101194092658	-0.0103691884815382
PAQR6	0.16829060990745	0.015695669640177	0.994101194092658	0.015695669640177
BASP1	0.168324955587933	0.0269659740294853	0.994101194092658	0.0269659740294853
FNDC3A	0.168591186961538	-0.0060930879118358	0.994101194092658	-0.0060930879118358
DCTN4	0.168637354425002	0.00835702321720988	0.994101194092658	0.00835702321720988
CEP164	0.16865882202887	0.00936299287245187	0.994101194092658	0.00936299287245187
UBALD2	0.168833488016026	0.0142351962106889	0.994101194092658	0.0142351962106889
RGPD8	0.169002098274271	0.0204477899241012	0.994101194092658	0.0204477899241012
TPM3	0.169106215058684	0.01729159009833	0.994101194092658	0.01729159009833
MAP3K10	0.169388309359607	-0.0123136710747847	0.994101194092658	-0.0123136710747847
CCSAP	0.169488114928594	-0.00847090559382365	0.994101194092658	-0.00847090559382365
DYRK1B	0.169506722962337	-0.0202567287886212	0.994101194092658	-0.0202567287886212
ALG9	0.169602329632017	0.0119688786058902	0.994101194092658	0.0119688786058902
PLA2G4B	0.169747304377376	0.0173497244078959	0.994101194092658	0.0173497244078959
RAB30	0.169953494061666	-0.00605286907602871	0.994101194092658	-0.00605286907602871
KDM4A	0.170004312990735	0.0136979730614968	0.994101194092658	0.0136979730614968
MYO1E	0.170078856524704	-0.00587306225272057	0.994101194092658	-0.00587306225272057
AC006460.2	0.170401518234239	0.00938052930352392	0.994101194092658	0.00938052930352392
CEP44	0.170807231499163	-0.0115074359357704	0.994101194092658	-0.0115074359357704
DDX11	0.170881723519605	0.0165080643043482	0.994101194092658	0.0165080643043482
BMPER	0.170990157872083	-0.032827021579742	0.994101194092658	-0.032827021579742
SMARCC1	0.170993651930633	0.00686688056614858	0.994101194092658	0.00686688056614858
ATXN7L1	0.17109077909622	0.00818064698769531	0.994101194092658	0.00818064698769531
NAT10	0.171134926115312	0.0117630450809758	0.994101194092658	0.0117630450809758
FAM177A1	0.171170084207475	0.0065388030800625	0.994101194092658	0.0065388030800625
RNF166	0.171377416157914	-0.0255123474559232	0.994101194092658	-0.0255123474559232
CLPB	0.171530182577287	0.0119120326088814	0.994101194092658	0.0119120326088814
WNK3	0.171803682960466	0.0123547318864141	0.994101194092658	0.0123547318864141
SLC30A7	0.171816083937907	-0.0091509330986301	0.994101194092658	-0.0091509330986301
FBXO36	0.171917690585674	0.0166949765723274	0.994101194092658	0.0166949765723274
MIR100HG	0.171945636960899	0.00487406828953418	0.994101194092658	0.00487406828953418
HCN1	0.172046388096729	-0.0288448590422215	0.994101194092658	-0.0288448590422215
RASGRF2	0.172058375751652	0.00960486797965746	0.994101194092658	0.00960486797965746
TBCB	0.1720883583081	0.0103267040134901	0.994101194092658	0.0103267040134901
KLHL36	0.172142282926276	-0.013638939104393	0.994101194092658	-0.013638939104393
ATL1	0.172153494943436	-0.00692289090122327	0.994101194092658	-0.00692289090122327
PKN1	0.17220187038203	0.0102215658470549	0.994101194092658	0.0102215658470549
SNX14	0.172251175461939	0.0076680749208776	0.994101194092658	0.0076680749208776
SMAD2	0.172539823711187	-0.00627399119396122	0.994101194092658	-0.00627399119396122
CTBP2	0.172638729000407	-0.00855008575043011	0.994101194092658	-0.00855008575043011
TUT7	0.172683912763035	-0.00811141150240165	0.994101194092658	-0.00811141150240165
ZRSR2	0.172730710097443	0.01128308567608	0.994101194092658	0.01128308567608
LIPA	0.172809725279146	0.00528373160045929	0.994101194092658	0.00528373160045929
PCDH9	0.172924912447846	0.00376525460936089	0.994101194092658	0.00376525460936089
AC026202.2	0.173322702739973	0.0269014418058831	0.994101194092658	0.0269014418058831
CD320	0.173377257449042	0.0158267887352187	0.994101194092658	0.0158267887352187
FAM234A	0.173562975656026	0.0111312509060353	0.994101194092658	0.0111312509060353
RBM5	0.173622174851787	0.00643111912198532	0.994101194092658	0.00643111912198532
UBE2S	0.173978628269241	-0.0279116014685641	0.994101194092658	-0.0279116014685641
FAM227B	0.174045151446096	-0.01176123155463	0.994101194092658	-0.01176123155463
WHAMM	0.174091786036086	-0.0104946238687609	0.994101194092658	-0.0104946238687609
PTEN	0.174113440507033	-0.00782790292993517	0.994101194092658	-0.00782790292993517
AKAP6	0.174171203225901	-0.00384737260422747	0.994101194092658	-0.00384737260422747
RUNDC3B	0.174284178409909	0.0311500617860973	0.994101194092658	0.0311500617860973
AC011815.2	0.174360757754351	-0.0185059556371787	0.994101194092658	-0.0185059556371787
AFTPH	0.174546796595071	0.00797972156353233	0.994101194092658	0.00797972156353233
LYAR	0.174631573365971	0.0171415226606189	0.994101194092658	0.0171415226606189
PPP2R2B	0.17479053552912	0.00542277525192435	0.994101194092658	0.00542277525192435
TMEM246-AS1	0.174797903930221	0.0158343033535851	0.994101194092658	0.0158343033535851
KCNQ2	0.174807508526724	-0.0326892516983392	0.994101194092658	-0.0326892516983392
CTBP1	0.174975222023628	-0.0113337695417803	0.994101194092658	-0.0113337695417803
PHYHIPL	0.175000299909181	-0.00630003333959212	0.994101194092658	-0.00630003333959212
EML2	0.175020521779382	0.00673768505216345	0.994101194092658	0.00673768505216345
HECA	0.175187342752822	-0.0162872436680986	0.994101194092658	-0.0162872436680986
UBC	0.175274741523033	0.0147249003828501	0.994101194092658	0.0147249003828501
ABCA7	0.175288208669894	0.0255143175990494	0.994101194092658	0.0255143175990494
CLK2	0.175477799660309	0.0154398777412279	0.994101194092658	0.0154398777412279
NDUFA4	0.175625265620867	0.025216903062429	0.994101194092658	0.025216903062429
HECTD4	0.175625566798864	0.00671917789284502	0.994101194092658	0.00671917789284502
MYH7B	0.175670643348286	0.0105905631696389	0.994101194092658	0.0105905631696389
RHOBTB1	0.175713522507709	0.00802246284409903	0.994101194092658	0.00802246284409903
FUT9	0.175763942648559	0.00907310738071992	0.994101194092658	0.00907310738071992
BCL6	0.175777599252751	-0.0129132746688923	0.994101194092658	-0.0129132746688923
SOAT1	0.175805185392852	-0.018456154525161	0.994101194092658	-0.018456154525161
ZNF264	0.175855686564074	-0.0115389674079917	0.994101194092658	-0.0115389674079917
TRAPPC6A	0.175861256941617	-0.013886131598696	0.994101194092658	-0.013886131598696
NDFIP2	0.176045488584651	0.00989347042081715	0.994101194092658	0.00989347042081715
PPP1R21	0.176164429938215	0.00500041104834215	0.994101194092658	0.00500041104834215
SLC35A3	0.176326394798994	0.0113378508854944	0.994101194092658	0.0113378508854944
DHX30	0.176389433813753	0.00843240400639386	0.994101194092658	0.00843240400639386
REEP5	0.17659301190166	-0.0129345060736461	0.994101194092658	-0.0129345060736461
CELF2	0.176631130297717	0.0248224294072404	0.994101194092658	0.0248224294072404
SLC2A1-AS1	0.176641619157472	0.0220242073849395	0.994101194092658	0.0220242073849395
LIMK1	0.176722419489693	-0.0323480927544508	0.994101194092658	-0.0323480927544508
SEC63	0.176770945187942	0.00729383939809827	0.994101194092658	0.00729383939809827
BLCAP	0.176783134757036	-0.0177057577492716	0.994101194092658	-0.0177057577492716
MARCH5	0.176844442214142	0.010222763884559	0.994101194092658	0.010222763884559
TMEM184B	0.176930318790451	-0.00561887735325153	0.994101194092658	-0.00561887735325153
THSD7A	0.176992975145015	-0.0316771111508074	0.994101194092658	-0.0316771111508074
MRPS22	0.177041055701035	0.0129765600776296	0.994101194092658	0.0129765600776296
CHADL	0.177111500587592	0.0101597130939072	0.994101194092658	0.0101597130939072
PDGFA	0.177144021505644	0.00896065761329103	0.994101194092658	0.00896065761329103
UBXN8	0.1771729072925	0.0171670070685665	0.994101194092658	0.0171670070685665
TXNDC15	0.177231912913852	-0.0124697738696787	0.994101194092658	-0.0124697738696787
DHCR7	0.177241339748929	0.0161801362925119	0.994101194092658	0.0161801362925119
KANSL2	0.1773881873415	0.0127145574801591	0.994101194092658	0.0127145574801591
TBC1D22B	0.177506089822981	0.0106979148612802	0.994101194092658	0.0106979148612802
INO80E	0.177664883372238	0.0124558101422252	0.994101194092658	0.0124558101422252
TTC19	0.177790144466739	0.00770845539322428	0.994101194092658	0.00770845539322428
CPNE1	0.177846668930238	-0.00981890472584831	0.994101194092658	-0.00981890472584831
NCOA2	0.177995461395287	-0.00516524370759049	0.994101194092658	-0.00516524370759049
RBCK1	0.178015664846718	-0.0118860238409678	0.994101194092658	-0.0118860238409678
RAB31	0.178114740749984	-0.0206766412579686	0.994101194092658	-0.0206766412579686
ALG10B	0.178520097043468	0.0203174574585535	0.994101194092658	0.0203174574585535
TENM3	0.178580282147647	-0.0172093915769173	0.994101194092658	-0.0172093915769173
KLHDC4	0.178593411868744	0.0118980473624346	0.994101194092658	0.0118980473624346
UTY	0.178681583965569	0.00988885083993655	0.994101194092658	0.00988885083993655
ABCF2	0.178927459334217	0.0175017682467112	0.994101194092658	0.0175017682467112
PLEKHM1	0.17899331160302	-0.0111125055793725	0.994101194092658	-0.0111125055793725
PEAK1	0.179068557858388	-0.00474030067596899	0.994101194092658	-0.00474030067596899
GPD1L	0.179146050762358	0.0174351825722234	0.994101194092658	0.0174351825722234
AC025043.1	0.179506536945528	0.0278905089235741	0.994101194092658	0.0278905089235741
TRAPPC13	0.179507450280808	0.00947956893222662	0.994101194092658	0.00947956893222662
VPS41	0.179613877369981	0.00785959849055552	0.994101194092658	0.00785959849055552
APBB1	0.179681302214566	0.00708383399145074	0.994101194092658	0.00708383399145074
CA5B	0.17980523580272	0.00986399893798571	0.994101194092658	0.00986399893798571
ETNK1	0.179963571514573	-0.00753729615585863	0.994101194092658	-0.00753729615585863
TLE5	0.180163188904284	-0.0114995975095545	0.994101194092658	-0.0114995975095545
LINC00847	0.180457373901418	0.0198794997196334	0.994101194092658	0.0198794997196334
PEX14	0.180629929322468	-0.00943283248769177	0.994101194092658	-0.00943283248769177
SETD5	0.180642311071699	-0.00472466878567339	0.994101194092658	-0.00472466878567339
SMAP2	0.180702265043884	-0.0169981956377157	0.994101194092658	-0.0169981956377157
LINC01505	0.180721236810272	0.0103786520894336	0.994101194092658	0.0103786520894336
TBRG1	0.180831764321485	0.0121016325024488	0.994101194092658	0.0121016325024488
ZNF439	0.180852878037121	-0.00898303424148324	0.994101194092658	-0.00898303424148324
C1orf174	0.1809206247595	-0.022293374408745	0.994101194092658	-0.022293374408745
AL138689.2	0.181187313897006	-0.016505474060291	0.994101194092658	-0.016505474060291
SORCS1	0.181417518484375	-0.0316944039014838	0.994101194092658	-0.0316944039014838
GTF3C2	0.18151022535688	0.0106029640678311	0.994101194092658	0.0106029640678311
C11orf68	0.18155257440649	-0.0209384069624722	0.994101194092658	-0.0209384069624722
YWHAZ	0.181628710810207	-0.0109425497294107	0.994101194092658	-0.0109425497294107
BRI3	0.181652900027965	-0.00823994932989665	0.994101194092658	-0.00823994932989665
POGLUT1	0.181672716936547	0.0132709312269593	0.994101194092658	0.0132709312269593
SERPINB9	0.181730848906056	-0.0229227549825296	0.994101194092658	-0.0229227549825296
TMEM214	0.181748211682532	0.0176676728104253	0.994101194092658	0.0176676728104253
RBBP6	0.18193845564242	-0.00816488919331949	0.994101194092658	-0.00816488919331949
ITPRID2	0.182360899089905	0.00915830302698317	0.994101194092658	0.00915830302698317
FGGY	0.18238025681177	0.0111679618044773	0.994101194092658	0.0111679618044773
GRN	0.182774473013119	0.0150185728502334	0.994101194092658	0.0150185728502334
ACOX1	0.18305210209688	0.011781738135006	0.994101194092658	0.011781738135006
DAB2IP	0.183136477730618	0.0177786800428321	0.994101194092658	0.0177786800428321
PRKCE	0.183223258956841	-0.00943184666209715	0.994101194092658	-0.00943184666209715
FYTTD1	0.183366606723356	-0.0134004585789353	0.994101194092658	-0.0134004585789353
ARMCX4	0.183383460177235	-0.00756388685755972	0.994101194092658	-0.00756388685755972
AC012368.1	0.183400819028731	0.0219190051864184	0.994101194092658	0.0219190051864184
GRIA1	0.183526046833734	0.0260376487726696	0.994101194092658	0.0260376487726696
ZNF461	0.183528036788238	0.0125879049507267	0.994101194092658	0.0125879049507267
BTBD7	0.183580049535248	0.00511721673142396	0.994101194092658	0.00511721673142396
DNAJC7	0.183586091905977	-0.00670081932818569	0.994101194092658	-0.00670081932818569
AP1S2	0.183631330000498	0.00926810074454093	0.994101194092658	0.00926810074454093
SPG11	0.183634147740905	0.00619879628730515	0.994101194092658	0.00619879628730515
PRRC2C	0.183673057740793	-0.00906764152695403	0.994101194092658	-0.00906764152695403
SIRT5	0.183695673259986	0.0120009331528756	0.994101194092658	0.0120009331528756
DERL2	0.18383240370367	-0.0144020697631259	0.994101194092658	-0.0144020697631259
CIR1	0.183882741765151	0.00874244764945439	0.994101194092658	0.00874244764945439
CEP131	0.18392530222689	-0.0225088637125658	0.994101194092658	-0.0225088637125658
AC009061.2	0.184058672113009	0.0125763375226937	0.994101194092658	0.0125763375226937
DANT2	0.184074394548792	0.0102322145725708	0.994101194092658	0.0102322145725708
EHD3	0.184075337962637	-0.0312445284298122	0.994101194092658	-0.0312445284298122
AADAT	0.184151201739484	0.0157709631244687	0.994101194092658	0.0157709631244687
ASAH1	0.184166188320202	0.0109140338647863	0.994101194092658	0.0109140338647863
POLE3	0.184180546866355	0.0233687636753745	0.994101194092658	0.0233687636753745
DAB1	0.184242600494642	-0.0155220293898966	0.994101194092658	-0.0155220293898966
GXYLT1	0.184516445892845	-0.0138147981283565	0.994101194092658	-0.0138147981283565
ENO2	0.184685653431583	-0.0195159010735822	0.994101194092658	-0.0195159010735822
LRP2BP	0.184697903873734	0.0109410466264565	0.994101194092658	0.0109410466264565
PPFIBP1	0.18488664807807	-0.00720030651470071	0.994101194092658	-0.00720030651470071
TAB2	0.18491681525391	0.00769026567397696	0.994101194092658	0.00769026567397696
ACD	0.185050587575676	-0.0256019220902397	0.994101194092658	-0.0256019220902397
LAMTOR5-AS1	0.185087247551868	-0.0121980196387791	0.994101194092658	-0.0121980196387791
LAPTM4A	0.185210523391881	0.0174423667790142	0.994101194092658	0.0174423667790142
NAA25	0.185233340555362	-0.00760420040590533	0.994101194092658	-0.00760420040590533
TMED2	0.185572839739499	0.0153011081245906	0.994101194092658	0.0153011081245906
MDC1	0.185630304325757	0.0143010656539237	0.994101194092658	0.0143010656539237
FGD4	0.185796453200382	-0.010125164686298	0.994101194092658	-0.010125164686298
GRHPR	0.18592647688104	0.00998461025379339	0.994101194092658	0.00998461025379339
DHODH	0.185936199082099	0.0202829183790718	0.994101194092658	0.0202829183790718
CPLX1	0.185946628595281	-0.0377015490451067	0.994101194092658	-0.0377015490451067
NINL	0.186013417515172	0.0149053791006667	0.994101194092658	0.0149053791006667
APPBP2	0.186025845805907	0.00536250760544882	0.994101194092658	0.00536250760544882
MSRA	0.186041909359595	-0.0225717289609491	0.994101194092658	-0.0225717289609491
SLC24A2	0.186058844641833	-0.00369723076833014	0.994101194092658	-0.00369723076833014
HERC4	0.186193080001566	0.00557311717951856	0.994101194092658	0.00557311717951856
GNL3L	0.186221531819603	0.0123239851569097	0.994101194092658	0.0123239851569097
AL627171.2	0.186421401313379	0.0213670086508647	0.994101194092658	0.0213670086508647
BRSK2	0.18647040223622	-0.0125264808847863	0.994101194092658	-0.0125264808847863
ARPC5L	0.186485120208848	-0.0257665419092979	0.994101194092658	-0.0257665419092979
OSTC	0.186749778634766	0.0143342036662796	0.994101194092658	0.0143342036662796
DEPDC5	0.186827995571036	0.00937792464279201	0.994101194092658	0.00937792464279201
ZFHX3	0.186837925682196	0.0121005290984595	0.994101194092658	0.0121005290984595
FAM200B	0.187014736341279	0.0125873486328376	0.994101194092658	0.0125873486328376
FAM98A	0.187109179394099	-0.0148732994716376	0.994101194092658	-0.0148732994716376
CERS2	0.187215544612348	0.0134563554670247	0.994101194092658	0.0134563554670247
SMIM29	0.187586987776921	0.0172517175431631	0.994101194092658	0.0172517175431631
SGPL1	0.187591958236269	0.0117284797473505	0.994101194092658	0.0117284797473505
UBE2V2	0.187649293833249	-0.0125939622866658	0.994101194092658	-0.0125939622866658
METAP2	0.187816761643062	0.0081688082695451	0.994101194092658	0.0081688082695451
CD99L2	0.187822964112253	0.00806420304118973	0.994101194092658	0.00806420304118973
RFX1	0.18784966941984	0.0147006624392015	0.994101194092658	0.0147006624392015
AL133325.3	0.187960144641075	-0.012906005590933	0.994101194092658	-0.012906005590933
RAB33B	0.188219204660985	0.0199907181544074	0.994101194092658	0.0199907181544074
EYA4	0.188412519797913	0.0116076982461379	0.994101194092658	0.0116076982461379
CAPRIN1	0.188560870951861	0.0090241750582299	0.994101194092658	0.0090241750582299
TMEM64	0.188786076358425	-0.00798313574000214	0.994101194092658	-0.00798313574000214
ATL2	0.188787406060558	-0.0148217435881009	0.994101194092658	-0.0148217435881009
PTPRM	0.188792750480368	-0.0117809841053351	0.994101194092658	-0.0117809841053351
AL078604.4	0.188931628840021	-0.0213939058674946	0.994101194092658	-0.0213939058674946
SLC35E1	0.18908090758028	0.0144969498765647	0.994101194092658	0.0144969498765647
POLH	0.189255183577228	-0.0163354686714912	0.994101194092658	-0.0163354686714912
SART3	0.189285094450544	0.00920018528353354	0.994101194092658	0.00920018528353354
RWDD3	0.189422353144425	-0.0126032579544634	0.994101194092658	-0.0126032579544634
DEDD	0.189547625807095	0.0174421935274119	0.994101194092658	0.0174421935274119
SLC20A1	0.189674799204481	0.0149446554221803	0.994101194092658	0.0149446554221803
TUBGCP6	0.189675940044235	0.0135396058637512	0.994101194092658	0.0135396058637512
ZNF525	0.189759888673294	-0.0196633740965396	0.994101194092658	-0.0196633740965396
ADAM9	0.18979078275047	0.0112472847747764	0.994101194092658	0.0112472847747764
PRCC	0.190090629407022	-0.0119318389383346	0.994101194092658	-0.0119318389383346
BTN2A1	0.190139938730988	-0.019422106867958	0.994101194092658	-0.019422106867958
PRKRIP1	0.190229795958627	0.00730799785748591	0.994101194092658	0.00730799785748591
TJP2	0.190258880897012	0.00624507916539957	0.994101194092658	0.00624507916539957
CNNM2	0.190354375421889	0.00560018617546516	0.994101194092658	0.00560018617546516
ATP11C	0.190380327422164	-0.00967024307379841	0.994101194092658	-0.00967024307379841
STX8	0.190387038469582	0.00669774460335759	0.994101194092658	0.00669774460335759
ABITRAM	0.190441261371388	0.0188243185175645	0.994101194092658	0.0188243185175645
MTO1	0.190443674622474	0.0100333235130805	0.994101194092658	0.0100333235130805
CERK	0.190477310367615	0.0177020719779768	0.994101194092658	0.0177020719779768
APH1A	0.190603470685843	0.0143918575512007	0.994101194092658	0.0143918575512007
NDP	0.190747862144232	0.0155012539072467	0.994101194092658	0.0155012539072467
STAG3	0.190878218440815	-0.0246155683307268	0.994101194092658	-0.0246155683307268
ELMOD3	0.190955631442339	0.00686911052348387	0.994101194092658	0.00686911052348387
SRGAP3	0.190981289712728	0.00887097290002311	0.994101194092658	0.00887097290002311
HCN2	0.191015888036742	0.011000773572482	0.994101194092658	0.011000773572482
METTL9	0.191065238377343	-0.0169973173299645	0.994101194092658	-0.0169973173299645
IQCG	0.191138602684333	-0.01533038459919	0.994101194092658	-0.01533038459919
UBE2I	0.191160333414934	-0.0088828428567085	0.994101194092658	-0.0088828428567085
ZFX	0.191274532498525	0.00732861456344417	0.994101194092658	0.00732861456344417
OTUD4	0.191351085404021	-0.00742594136072463	0.994101194092658	-0.00742594136072463
SH3BGRL3	0.191469844693857	-0.0171659372399365	0.994101194092658	-0.0171659372399365
ZNF195	0.191583210530321	-0.0110190862071372	0.994101194092658	-0.0110190862071372
MICU2	0.191798482066002	0.0052918249929438	0.994101194092658	0.0052918249929438
ZNF768	0.19187264258153	0.0169059514335408	0.994101194092658	0.0169059514335408
PSMD5	0.191972549661222	0.00952899085160378	0.994101194092658	0.00952899085160378
NAV2	0.191978479160426	0.00998760169170402	0.994101194092658	0.00998760169170402
ZC3H18	0.191986082204205	-0.0092339818989211	0.994101194092658	-0.0092339818989211
CYP2J2	0.192391311039894	-0.00953753282774614	0.994101194092658	-0.00953753282774614
TRIM2	0.192493426779529	-0.00453935925100746	0.994101194092658	-0.00453935925100746
SMIM14	0.1925049297712	0.00732862300879097	0.994101194092658	0.00732862300879097
MLKL	0.192539734392929	-0.0204767322094898	0.994101194092658	-0.0204767322094898
ZNF430	0.192605724994907	-0.0112572643833819	0.994101194092658	-0.0112572643833819
MDM2	0.19263398116201	-0.00807191236335439	0.994101194092658	-0.00807191236335439
TMEM94	0.192672290263428	0.00842622560038215	0.994101194092658	0.00842622560038215
ZNF471	0.192736158722207	0.0108747873698859	0.994101194092658	0.0108747873698859
POM121	0.19274463869638	0.00790301912192319	0.994101194092658	0.00790301912192319
DEAF1	0.192801376699423	-0.0119898561873582	0.994101194092658	-0.0119898561873582
RPLP2	0.192827397150941	0.0150290131069686	0.994101194092658	0.0150290131069686
SRA1	0.192950553017511	-0.0180093318448	0.994101194092658	-0.0180093318448
ALG14	0.193166404955353	-0.00963446685666041	0.994101194092658	-0.00963446685666041
BLMH	0.193331370752572	0.0130653185834537	0.994101194092658	0.0130653185834537
CERS5	0.193444634080858	0.0105522409261766	0.994101194092658	0.0105522409261766
MAPK6	0.19355161242994	0.00665375051497839	0.994101194092658	0.00665375051497839
LONP1	0.193589981903168	0.0102935931440069	0.994101194092658	0.0102935931440069
U2SURP	0.193606313887131	0.00529843012736179	0.994101194092658	0.00529843012736179
SEC14L2	0.193892789260711	-0.0126292931279134	0.994101194092658	-0.0126292931279134
RPL19	0.1939946842711	0.0166463990319852	0.994101194092658	0.0166463990319852
C3orf38	0.19405003085838	0.00918059671063714	0.994101194092658	0.00918059671063714
AP003086.1	0.194110561877206	0.021897333435189	0.994101194092658	0.021897333435189
ZC3H12C	0.194208305869209	-0.0091120286311551	0.994101194092658	-0.0091120286311551
AC090578.1	0.194254832247292	0.0301362217614813	0.994101194092658	0.0301362217614813
DHRS4L2	0.194512316004596	0.0246646012899563	0.994101194092658	0.0246646012899563
NUDCD3	0.194561679352426	0.0075739726714831	0.994101194092658	0.0075739726714831
HAUS3	0.194635930309645	-0.0172073505060545	0.994101194092658	-0.0172073505060545
LINC00159	0.194640699116099	-0.0125607506879868	0.994101194092658	-0.0125607506879868
NTNG2	0.194698433338776	0.0144369995115821	0.994101194092658	0.0144369995115821
ADAMTS2	0.194812900436814	-0.022618561696492	0.994101194092658	-0.022618561696492
POMT2	0.19484026445968	0.00777978152868857	0.994101194092658	0.00777978152868857
AC015712.1	0.194869325450167	0.0198980412171778	0.994101194092658	0.0198980412171778
PPP2R5D	0.194904346019713	0.0184795539930029	0.994101194092658	0.0184795539930029
LINC02362	0.194955785183149	-0.0208071504964957	0.994101194092658	-0.0208071504964957
RAB12	0.195040131981596	-0.00892143409129787	0.994101194092658	-0.00892143409129787
GASK1B	0.19551695996851	0.0175592561149754	0.994101194092658	0.0175592561149754
MTF1	0.195656914229873	-0.011327401769339	0.994101194092658	-0.011327401769339
CPSF4	0.195686457541511	0.0153046308399151	0.994101194092658	0.0153046308399151
OSBP	0.195948435825871	-0.00958363686929557	0.994101194092658	-0.00958363686929557
PCYT1B	0.19605120024127	0.00917065934229302	0.994101194092658	0.00917065934229302
HMGN2	0.196164994765382	-0.0134015165774113	0.994101194092658	-0.0134015165774113
MALAT1	0.196179474698563	0.00574426981536834	0.994101194092658	0.00574426981536834
NIPA2	0.196192458759122	-0.0123243029907487	0.994101194092658	-0.0123243029907487
WASF2	0.196291631755014	-0.00539447837374757	0.994101194092658	-0.00539447837374757
LINC00639	0.196339282221177	0.00609690972886446	0.994101194092658	0.00609690972886446
CDK17	0.196469017428532	-0.00514292555332376	0.994101194092658	-0.00514292555332376
STK39	0.196470943038019	-0.00542439521246349	0.994101194092658	-0.00542439521246349
GPR37	0.196485715557931	0.00832300472522407	0.994101194092658	0.00832300472522407
TXNIP	0.196550932186304	0.0109676853470437	0.994101194092658	0.0109676853470437
COPZ1	0.196586004563576	-0.0186289799349686	0.994101194092658	-0.0186289799349686
CCNG1	0.196746541908362	-0.0214581085093214	0.994101194092658	-0.0214581085093214
SOBP	0.196971502139019	-0.00536652547512436	0.994101194092658	-0.00536652547512436
MAPK9	0.19703491873832	-0.0131488975565818	0.994101194092658	-0.0131488975565818
DAAM1	0.197078104073525	0.017301241688414	0.994101194092658	0.017301241688414
FADS1	0.197101779898753	-0.0103701597741126	0.994101194092658	-0.0103701597741126
TMEM131	0.197173283031314	-0.00651615593293546	0.994101194092658	-0.00651615593293546
ZNFX1	0.197207945669703	-0.0113936002431831	0.994101194092658	-0.0113936002431831
HECW2	0.19733229761054	0.00418971652311225	0.994101194092658	0.00418971652311225
GM2A	0.197340369069399	0.0166778562798221	0.994101194092658	0.0166778562798221
CHD6	0.197356009658803	-0.00556693465453423	0.994101194092658	-0.00556693465453423
SLC44A2	0.197436599446018	0.0110626614970668	0.994101194092658	0.0110626614970668
KNOP1	0.197447693927108	-0.0100844426823995	0.994101194092658	-0.0100844426823995
AC025159.1	0.197493638893656	-0.00947934481448427	0.994101194092658	-0.00947934481448427
RFX7	0.197498803551958	0.00635854953435407	0.994101194092658	0.00635854953435407
STMN3	0.197514896741904	-0.0254706589537109	0.994101194092658	-0.0254706589537109
AC007389.1	0.197597219982255	-0.0257203513934072	0.994101194092658	-0.0257203513934072
TAF12	0.197622483848351	-0.0119021733796679	0.994101194092658	-0.0119021733796679
LTV1	0.197639814811498	-0.0156240349913997	0.994101194092658	-0.0156240349913997
ICOSLG	0.197874406704561	0.0108576051510845	0.994101194092658	0.0108576051510845
GAS8	0.197879419202316	-0.0201641034250754	0.994101194092658	-0.0201641034250754
FAM210B	0.198005173535103	0.0165825977831492	0.994101194092658	0.0165825977831492
NLGN4X	0.198218045823702	-0.0175160975794772	0.994101194092658	-0.0175160975794772
SNHG7	0.198290641440044	0.015922138302543	0.994101194092658	0.015922138302543
EIF2S3	0.198566713964754	-0.00953156358568355	0.994101194092658	-0.00953156358568355
ADK	0.198800673302307	-0.00656911787499639	0.994101194092658	-0.00656911787499639
PCF11	0.198926452993638	-0.00754617178871774	0.994101194092658	-0.00754617178871774
XPNPEP3	0.198938755991439	-0.00809684550994428	0.994101194092658	-0.00809684550994428
AC105052.4	0.199044305528496	-0.0135126743605687	0.994101194092658	-0.0135126743605687
HDAC4	0.199047364414141	-0.00653464625892563	0.994101194092658	-0.00653464625892563
SH3PXD2B	0.199098904640541	-0.00836428545153634	0.994101194092658	-0.00836428545153634
CSNK1A1	0.199162424646177	-0.00454702938148298	0.994101194092658	-0.00454702938148298
Z95118.2	0.199315497826495	-0.0153156633194671	0.994101194092658	-0.0153156633194671
PSD3	0.19949607192153	0.00598123983490761	0.994101194092658	0.00598123983490761
ING3	0.199525556361067	0.0122844979207976	0.994101194092658	0.0122844979207976
GPHN	0.199609675582277	-0.00461448490031769	0.994101194092658	-0.00461448490031769
NUDT16L1	0.199809951961006	0.0159112789702813	0.994101194092658	0.0159112789702813
PAQR8	0.199894896106164	0.010985857316599	0.994101194092658	0.010985857316599
MYL5	0.199933414131512	0.0232883897873123	0.994101194092658	0.0232883897873123
PRXL2A	0.199969823696036	-0.0248501017057529	0.994101194092658	-0.0248501017057529
CEP350	0.199992661241989	0.00612580381035898	0.994101194092658	0.00612580381035898
AP4E1	0.200034143101902	0.0092859008524268	0.994101194092658	0.0092859008524268
HADH	0.200094308987572	0.0139202353394201	0.994101194092658	0.0139202353394201
NFASC	0.200094559972512	-0.00445308710937422	0.994101194092658	-0.00445308710937422
EFTUD2	0.200108809539394	0.0116081984591684	0.994101194092658	0.0116081984591684
POLR2J3	0.200168771662201	0.00750065429551121	0.994101194092658	0.00750065429551121
HMGXB3	0.20024843500696	-0.0132101447379623	0.994101194092658	-0.0132101447379623
ZNF571	0.200282883497021	-0.0130684885521414	0.994101194092658	-0.0130684885521414
WDR17	0.200500802390567	-0.0226706029493533	0.994101194092658	-0.0226706029493533
LIN37	0.20061620273246	-0.0181901076744315	0.994101194092658	-0.0181901076744315
SLK	0.200802697467554	-0.00863407451815266	0.994101194092658	-0.00863407451815266
HS2ST1	0.200860852810443	-0.0123535733908141	0.994101194092658	-0.0123535733908141
UNC13A	0.200959447418237	-0.0290206080711457	0.994101194092658	-0.0290206080711457
IRS2	0.200988797821672	0.008569720846477	0.994101194092658	0.008569720846477
CT69	0.201042540635824	0.0121489672441427	0.994101194092658	0.0121489672441427
ZEB1	0.201148940954089	-0.0347590234770111	0.994101194092658	-0.0347590234770111
ANKS3	0.201270979722824	0.00918148632032991	0.994101194092658	0.00918148632032991
ARID4A	0.20134632847609	0.00668499090668685	0.994101194092658	0.00668499090668685
DNAJC10	0.201367611301661	0.0114588828744438	0.994101194092658	0.0114588828744438
SRP19	0.201568665459103	0.00805984689044654	0.994101194092658	0.00805984689044654
IZUMO4	0.201617449194939	-0.0130864135834415	0.994101194092658	-0.0130864135834415
SPHK2	0.20179810536323	-0.0140245153719165	0.994101194092658	-0.0140245153719165
SLC25A18	0.201879055350407	-0.0192889290280692	0.994101194092658	-0.0192889290280692
DNAJB1	0.2021476986533	0.0179295539988051	0.994101194092658	0.0179295539988051
JAK1	0.202294531081764	0.00648150364244869	0.994101194092658	0.00648150364244869
WDR44	0.202355186595561	0.00680866897949854	0.994101194092658	0.00680866897949854
KMT5B	0.202399832872293	0.00602949180941005	0.994101194092658	0.00602949180941005
AC096564.2	0.202492184948133	0.017767081513005	0.994101194092658	0.017767081513005
DCTN3	0.202583100272168	-0.0242500854187744	0.994101194092658	-0.0242500854187744
SSU72	0.202710270107392	-0.0152345651513546	0.994101194092658	-0.0152345651513546
TMEM9B-AS1	0.202742731667833	-0.0144449525706516	0.994101194092658	-0.0144449525706516
AC083798.2	0.202802795106788	-0.0159689839622155	0.994101194092658	-0.0159689839622155
EIF6	0.202848308435124	0.0226106423479437	0.994101194092658	0.0226106423479437
RALGPS1	0.202861170185628	-0.00569933331611898	0.994101194092658	-0.00569933331611898
BAALC	0.202861595170315	-0.0169782125259738	0.994101194092658	-0.0169782125259738
GATB	0.202889468420563	0.0109955017786593	0.994101194092658	0.0109955017786593
VPS45	0.203019174191443	0.00704145251020554	0.994101194092658	0.00704145251020554
NAV1	0.203184640810856	-0.00435135530508123	0.994101194092658	-0.00435135530508123
SELENOF	0.203307725733393	0.010421543551959	0.994101194092658	0.010421543551959
WDSUB1	0.20331498983969	0.0113665435947462	0.994101194092658	0.0113665435947462
TMLHE	0.203319631820692	-0.0166909376729656	0.994101194092658	-0.0166909376729656
EXTL2	0.203432923183208	0.0144906991452311	0.994101194092658	0.0144906991452311
CARMIL1	0.203617749675214	-0.0278485894582783	0.994101194092658	-0.0278485894582783
AC020909.2	0.203652823067808	0.0138202180643004	0.994101194092658	0.0138202180643004
WDR43	0.20381668114923	-0.0109088793513501	0.994101194092658	-0.0109088793513501
CUL5	0.204011715680262	-0.00651507996691446	0.994101194092658	-0.00651507996691446
TTC9C	0.204023363634611	0.0108704867237742	0.994101194092658	0.0108704867237742
TEF	0.204129660880834	-0.0103051803300142	0.994101194092658	-0.0103051803300142
MCU	0.20439576723102	0.00895231377661687	0.994101194092658	0.00895231377661687
CARD19	0.2046710921383	-0.0183141935573769	0.994101194092658	-0.0183141935573769
FBXW11	0.205139738615342	0.00645208069245114	0.994101194092658	0.00645208069245114
DDRGK1	0.205175942703894	-0.0122740866354593	0.994101194092658	-0.0122740866354593
ERI3	0.205192938087812	-0.00697058711499538	0.994101194092658	-0.00697058711499538
PHAX	0.205208889367956	-0.0132817542509229	0.994101194092658	-0.0132817542509229
SLC25A5	0.205294594410189	-0.0272664645628107	0.994101194092658	-0.0272664645628107
SETD1B	0.205307757627988	0.0169708923236153	0.994101194092658	0.0169708923236153
SNX17	0.205405063654703	0.020306184970147	0.994101194092658	0.020306184970147
UBE2E3	0.205430971924828	-0.00792379851439308	0.994101194092658	-0.00792379851439308
TRAF7	0.205686049917407	0.0180477775230932	0.994101194092658	0.0180477775230932
EEF2K	0.205687417862826	-0.0193246376636033	0.994101194092658	-0.0193246376636033
QKI	0.205788741672398	-0.00337114885866822	0.994101194092658	-0.00337114885866822
GPR137B	0.205842940416856	-0.0132873112899512	0.994101194092658	-0.0132873112899512
POC1B	0.205857779787731	0.00875798252826849	0.994101194092658	0.00875798252826849
POT1	0.205954611462224	0.00967770311529569	0.994101194092658	0.00967770311529569
BRINP1	0.205975012426719	-0.0293145761189845	0.994101194092658	-0.0293145761189845
KRBOX4	0.206123417188915	0.00822574534009292	0.994101194092658	0.00822574534009292
TSEN15	0.206232166146232	-0.00775012200133139	0.994101194092658	-0.00775012200133139
TIAM2	0.206522944753828	-0.00841310292957082	0.994101194092658	-0.00841310292957082
TCOF1	0.206543997952314	-0.0107934179390467	0.994101194092658	-0.0107934179390467
DYNC2H1	0.20665487472813	-0.0109245560764378	0.994101194092658	-0.0109245560764378
LINC00598	0.20681950868208	-0.0117670521625821	0.994101194092658	-0.0117670521625821
PPP1R9B	0.206837410753737	0.0232096475543363	0.994101194092658	0.0232096475543363
PRDM11	0.206847824696704	-0.0141469090980358	0.994101194092658	-0.0141469090980358
CYB5R3	0.206848035130059	0.00868747013967135	0.994101194092658	0.00868747013967135
UBAP1	0.206848425801538	0.00669251058007313	0.994101194092658	0.00669251058007313
DELE1	0.206920211476875	-0.0127813447364639	0.994101194092658	-0.0127813447364639
IDS	0.206939045066105	-0.0130581049281227	0.994101194092658	-0.0130581049281227
DDR1	0.206949137568823	-0.0114856844928896	0.994101194092658	-0.0114856844928896
PRKAB2	0.207156700834633	-0.0113359434897493	0.994101194092658	-0.0113359434897493
BBS1	0.207164827089811	-0.0173096376021248	0.994101194092658	-0.0173096376021248
LSS	0.207194894201072	-0.00650688380503203	0.994101194092658	-0.00650688380503203
AC016027.2	0.207316906361694	0.016019575025419	0.994101194092658	0.016019575025419
RBM39	0.207455820711179	0.00481160113987657	0.994101194092658	0.00481160113987657
UACA	0.207733664219331	-0.0114535029006835	0.994101194092658	-0.0114535029006835
AZGP1	0.207896136310146	-0.0174518742574101	0.994101194092658	-0.0174518742574101
CAV1	0.207916545787533	-0.0255407775209353	0.994101194092658	-0.0255407775209353
UBA1	0.207926922760943	0.00991798078354352	0.994101194092658	0.00991798078354352
WSB2	0.20796543010271	-0.0108843062187539	0.994101194092658	-0.0108843062187539
AP2B1	0.208044035415929	0.00785919506747434	0.994101194092658	0.00785919506747434
PEX16	0.208106520620415	-0.0124673438759953	0.994101194092658	-0.0124673438759953
MYOM1	0.208172267928883	-0.0155447275390728	0.994101194092658	-0.0155447275390728
RNH1	0.20825659308679	-0.0112314319179094	0.994101194092658	-0.0112314319179094
CTNS	0.208282033216725	0.0130473120948836	0.994101194092658	0.0130473120948836
SLC35A1	0.208400654804659	0.0154872282274007	0.994101194092658	0.0154872282274007
CAMK2G	0.20841556658486	-0.0174435980588485	0.994101194092658	-0.0174435980588485
ZNF235	0.208663104662919	0.0103358159670315	0.994101194092658	0.0103358159670315
AKTIP	0.208727508764671	-0.0151543504070828	0.994101194092658	-0.0151543504070828
SCFD1	0.208756538588315	-0.00622242021291562	0.994101194092658	-0.00622242021291562
PIKFYVE	0.208769097972979	-0.0060670624209667	0.994101194092658	-0.0060670624209667
AP001347.1	0.208943431574377	0.0162264948832795	0.994101194092658	0.0162264948832795
CCDC146	0.209000254261019	-0.00898066643664585	0.994101194092658	-0.00898066643664585
PPP6R3	0.209031251514776	0.00447714062995634	0.994101194092658	0.00447714062995634
C1orf35	0.209081140173953	-0.0119453452379742	0.994101194092658	-0.0119453452379742
SIAH1	0.209129480139226	-0.0121121119814091	0.994101194092658	-0.0121121119814091
MRTFB	0.209130373992616	0.0232734569131517	0.994101194092658	0.0232734569131517
IFT172	0.209337821065091	0.0066830166252839	0.994101194092658	0.0066830166252839
SGIP1	0.209410473961079	-0.00601135025318354	0.994101194092658	-0.00601135025318354
GNG7	0.209531274796105	-0.00599339284400552	0.994101194092658	-0.00599339284400552
ITPR1	0.209795796334381	-0.0209578278805398	0.994101194092658	-0.0209578278805398
NCAPD3	0.209973212620964	-0.0122097357814914	0.994101194092658	-0.0122097357814914
PDK4	0.210295461882256	-0.0104579770735103	0.994101194092658	-0.0104579770735103
EIF2B5	0.210322278213896	-0.013471230824419	0.994101194092658	-0.013471230824419
SAAL1	0.21036142017521	0.0162897370993703	0.994101194092658	0.0162897370993703
VSTM4	0.210512377325398	-0.0136909258703568	0.994101194092658	-0.0136909258703568
LETM1	0.210607221250793	0.0106428968172186	0.994101194092658	0.0106428968172186
ERLEC1	0.210755357758713	0.0127217807603068	0.994101194092658	0.0127217807603068
FASTKD1	0.210828105080778	0.0100859748003978	0.994101194092658	0.0100859748003978
CCNQ	0.211044746577141	-0.01772097696381	0.994101194092658	-0.01772097696381
PM20D2	0.21105992906742	0.0186664590145588	0.994101194092658	0.0186664590145588
ZNF383	0.211189690730135	0.0124218652320774	0.994101194092658	0.0124218652320774
CSTF3-DT	0.211260525817853	-0.0193032589873403	0.994101194092658	-0.0193032589873403
ST18	0.211405269145842	-0.00449756693109004	0.994101194092658	-0.00449756693109004
TRIP6	0.211556845658132	-0.0224879402673461	0.994101194092658	-0.0224879402673461
BPNT1	0.21164708213309	0.0166879086871149	0.994101194092658	0.0166879086871149
FCHO1	0.21169668693567	0.00707984609169564	0.994101194092658	0.00707984609169564
L3MBTL3	0.211799679490002	-0.020043038661272	0.994101194092658	-0.020043038661272
AC093827.4	0.211816819857493	0.0151727581091635	0.994101194092658	0.0151727581091635
COQ8A	0.211878428678372	0.00927614025572397	0.994101194092658	0.00927614025572397
CNTNAP4	0.211935217283829	0.00620272577926851	0.994101194092658	0.00620272577926851
KARS	0.212023596755608	0.0149367631991845	0.994101194092658	0.0149367631991845
UGDH-AS1	0.212035081712545	0.00803179122645521	0.994101194092658	0.00803179122645521
ADARB2-AS1	0.212138209774214	0.0245758928947792	0.994101194092658	0.0245758928947792
EFNB2	0.212175665773172	-0.013675826049002	0.994101194092658	-0.013675826049002
NKD1	0.212229617133227	-0.0125758039659744	0.994101194092658	-0.0125758039659744
ZNF432	0.212266851885262	-0.015763425183638	0.994101194092658	-0.015763425183638
SPARC	0.212272573604301	-0.0178498868269942	0.994101194092658	-0.0178498868269942
UTP20	0.212394832861853	0.00843111023868383	0.994101194092658	0.00843111023868383
NDUFV3	0.212587211389039	0.00806289587245099	0.994101194092658	0.00806289587245099
CDK13	0.212636338998072	-0.00426962917994666	0.994101194092658	-0.00426962917994666
NEMP1	0.212647855704564	0.0182646353705725	0.994101194092658	0.0182646353705725
NSMCE1	0.212699182979572	-0.0128452300567636	0.994101194092658	-0.0128452300567636
PTBP2	0.212785262742681	0.00434702354548857	0.994101194092658	0.00434702354548857
ARFRP1	0.212965091972082	0.012144385045217	0.994101194092658	0.012144385045217
FOXP1	0.213012654297083	0.00478136186372422	0.994101194092658	0.00478136186372422
ILF2	0.213188102080859	-0.0163147297713086	0.994101194092658	-0.0163147297713086
SCAF8	0.213235585998008	-0.00538496732741379	0.994101194092658	-0.00538496732741379
GGA2	0.213457983065383	0.0118196347007969	0.994101194092658	0.0118196347007969
WASF1	0.213461115173836	-0.0174110076534032	0.994101194092658	-0.0174110076534032
UBE2Q1	0.213496877911459	0.0157067763530681	0.994101194092658	0.0157067763530681
S100A6	0.213505708313657	-0.025536103729098	0.994101194092658	-0.025536103729098
MAT2A	0.213580168722769	-0.00740268587001557	0.994101194092658	-0.00740268587001557
FBXL3	0.213843754110432	-0.0102601322861668	0.994101194092658	-0.0102601322861668
SLC25A12	0.213886646152698	0.0147088503863464	0.994101194092658	0.0147088503863464
CLCC1	0.213888163626709	-0.0134444379531171	0.994101194092658	-0.0134444379531171
HACD1	0.214290514758247	-0.014095920582044	0.994101194092658	-0.014095920582044
AP001360.3	0.214298195990432	0.0195527766294765	0.994101194092658	0.0195527766294765
ZNF615	0.214412381248878	0.0145271667022694	0.994101194092658	0.0145271667022694
ZBED3	0.214562354884691	-0.0129445107490134	0.994101194092658	-0.0129445107490134
FBXO42	0.214685910768305	0.00777213779879675	0.994101194092658	0.00777213779879675
ZNF131	0.21472608139585	0.00652253884628468	0.994101194092658	0.00652253884628468
NFKBIB	0.214853146506513	-0.0155415528492942	0.994101194092658	-0.0155415528492942
C12orf65	0.214892402976181	-0.013141608517969	0.994101194092658	-0.013141608517969
TMEM50A	0.214924705263503	-0.0132936095742792	0.994101194092658	-0.0132936095742792
TOR1AIP1	0.214931135585378	0.00911921310102655	0.994101194092658	0.00911921310102655
AC064807.1	0.215051667717262	0.0161483099795665	0.994101194092658	0.0161483099795665
TUFM	0.215138486336892	0.0141198640799761	0.994101194092658	0.0141198640799761
MAP7D1	0.21523908648672	-0.00720659460497043	0.994101194092658	-0.00720659460497043
ACTN4	0.215284957158963	0.00529912639791289	0.994101194092658	0.00529912639791289
AIMP1	0.215675625313011	0.0102889230228808	0.994101194092658	0.0102889230228808
PPM1G	0.215760473644927	0.0111583909066889	0.994101194092658	0.0111583909066889
AJAP1	0.215861128619643	0.0126267236043961	0.994101194092658	0.0126267236043961
B3GLCT	0.215885567377007	0.0195654642061417	0.994101194092658	0.0195654642061417
PPP1R8	0.215965580346179	-0.0119672646185439	0.994101194092658	-0.0119672646185439
ALDH3A2	0.215999692783664	-0.00964398868497197	0.994101194092658	-0.00964398868497197
MPDZ	0.216052505490623	0.00552288204823268	0.994101194092658	0.00552288204823268
LHFPL2	0.216274596217645	-0.0161052064782997	0.994101194092658	-0.0161052064782997
ANKRD24	0.216289813509125	0.0248961934520525	0.994101194092658	0.0248961934520525
TMEM38A	0.216322980517686	-0.0313185810706961	0.994101194092658	-0.0313185810706961
SF3B6	0.216336292786778	0.0187854560604361	0.994101194092658	0.0187854560604361
CADPS2	0.216395674537073	0.0280671810582782	0.994101194092658	0.0280671810582782
BEX2	0.216549151612611	-0.0201287077950507	0.994101194092658	-0.0201287077950507
COG5	0.216792128104825	-0.00531479175362326	0.994101194092658	-0.00531479175362326
ZNF324	0.216804270842895	0.0148377353348908	0.994101194092658	0.0148377353348908
SCYL3	0.216852627759252	0.0133064527359643	0.994101194092658	0.0133064527359643
XYLT1	0.216996211832111	-0.0111496889755643	0.994101194092658	-0.0111496889755643
AL160314.2	0.217113245231268	0.00957175520124435	0.994101194092658	0.00957175520124435
GOLGA8A	0.217113704181297	-0.0211251375117249	0.994101194092658	-0.0211251375117249
NR1D2	0.2171550820961	-0.00725632303073817	0.994101194092658	-0.00725632303073817
RPS16	0.217292503921285	-0.0149425627856599	0.994101194092658	-0.0149425627856599
PSMC3	0.217361604842202	0.0221533367354111	0.994101194092658	0.0221533367354111
NEBL	0.217546332033802	-0.0247722820104945	0.994101194092658	-0.0247722820104945
CEP104	0.217580909897243	-0.00870321392593552	0.994101194092658	-0.00870321392593552
PIH1D1	0.217587568514405	0.012272214315713	0.994101194092658	0.012272214315713
AC093791.2	0.217609157121126	0.0187590134858815	0.994101194092658	0.0187590134858815
RAD52	0.21775448677283	0.00958135741919485	0.994101194092658	0.00958135741919485
DNAJB9	0.217761062670783	0.0258284336814019	0.994101194092658	0.0258284336814019
PRKCQ	0.218042775983141	0.0074999064470085	0.994101194092658	0.0074999064470085
TIPRL	0.218284889949696	-0.0157680088925841	0.994101194092658	-0.0157680088925841
SAFB	0.218324825835744	0.00733302979906491	0.994101194092658	0.00733302979906491
BRD2	0.218334601909926	0.00748559159643046	0.994101194092658	0.00748559159643046
TM2D1	0.218462711300275	0.00768730486546326	0.994101194092658	0.00768730486546326
PLXNC1	0.218739752785034	-0.0191456100217058	0.994101194092658	-0.0191456100217058
COG4	0.218833685508934	0.00909733772430802	0.994101194092658	0.00909733772430802
CMC2	0.218918177240753	0.00911746819507004	0.994101194092658	0.00911746819507004
MRPS33	0.219130292551727	0.015028643865222	0.994101194092658	0.015028643865222
ME2	0.219418796760209	-0.0084836959086601	0.994101194092658	-0.0084836959086601
MPPED1	0.219437275155681	-0.0258696055451765	0.994101194092658	-0.0258696055451765
CAB39L	0.219447261951551	0.00952872524172397	0.994101194092658	0.00952872524172397
RAD54L2	0.219551152361725	0.00856447682761743	0.994101194092658	0.00856447682761743
FBXW5	0.219624316257216	0.0111908592072318	0.994101194092658	0.0111908592072318
PDE8B	0.219991272891996	0.0141023423625359	0.994101194092658	0.0141023423625359
HEATR5A	0.220001459138534	0.00586662058715728	0.994101194092658	0.00586662058715728
ALKBH3	0.220111708783976	0.0108053871152686	0.994101194092658	0.0108053871152686
AQP4-AS1	0.220418655198813	-0.0249172948542444	0.994101194092658	-0.0249172948542444
MPST	0.220567703106959	0.0105885002688333	0.994101194092658	0.0105885002688333
MKRN2	0.22061300570661	-0.0199356885550479	0.994101194092658	-0.0199356885550479
LIG4	0.22066534449282	0.0187332244481886	0.994101194092658	0.0187332244481886
ATP6V0D1	0.22072786500734	-0.0113343641682089	0.994101194092658	-0.0113343641682089
SP2-AS1	0.220735977797076	0.0203540199394584	0.994101194092658	0.0203540199394584
RORB	0.220807936768285	0.0185763217272015	0.994101194092658	0.0185763217272015
CRYZL1	0.220832206338516	0.00639598035903302	0.994101194092658	0.00639598035903302
EPN1	0.220864921439081	0.0122154493318363	0.994101194092658	0.0122154493318363
ZNF345	0.221022586977801	-0.00819965704600937	0.994101194092658	-0.00819965704600937
INPP5K	0.221130616741165	0.0123100265738682	0.994101194092658	0.0123100265738682
PPTC7	0.221192966889164	0.0147867059612275	0.994101194092658	0.0147867059612275
CTSL	0.221226358860012	0.014484253032377	0.994101194092658	0.014484253032377
DCP1B	0.221279538015932	-0.0102926935238665	0.994101194092658	-0.0102926935238665
USP54	0.221375649041595	-0.00402034819772416	0.994101194092658	-0.00402034819772416
LIME1	0.221689715427415	0.012469179904147	0.994101194092658	0.012469179904147
HDGFL3	0.221711889939547	0.0077095773298858	0.994101194092658	0.0077095773298858
ZKSCAN7	0.221997609083654	0.0170395440913574	0.994101194092658	0.0170395440913574
PARP1	0.222053472952013	0.00873556496695758	0.994101194092658	0.00873556496695758
SEC11A	0.222191878227691	0.00808848602680707	0.994101194092658	0.00808848602680707
C17orf67	0.222375724011134	-0.014600245584474	0.994101194092658	-0.014600245584474
PDE6B	0.22243634116704	0.0112478469870679	0.994101194092658	0.0112478469870679
ZNF791	0.222497399783941	0.00738255749952989	0.994101194092658	0.00738255749952989
SGK2	0.222578621591247	-0.0125916741049281	0.994101194092658	-0.0125916741049281
SC5D	0.222779714156682	0.0123724329310665	0.994101194092658	0.0123724329310665
GTF3A	0.222882689908632	0.0137209081164483	0.994101194092658	0.0137209081164483
ACSL3	0.222891850595051	0.0067603193401816	0.994101194092658	0.0067603193401816
FAM49B	0.223020039094516	0.00481445334883394	0.994101194092658	0.00481445334883394
BAZ1A	0.223180846049249	0.00741822758599465	0.994101194092658	0.00741822758599465
MGMT	0.223324286991473	-0.00896347736535019	0.994101194092658	-0.00896347736535019
RUNDC1	0.223428621624315	-0.0217307334837636	0.994101194092658	-0.0217307334837636
PIN4	0.22343640415817	0.00914649144767314	0.994101194092658	0.00914649144767314
NPIPB6	0.223450535799662	0.0228072372755864	0.994101194092658	0.0228072372755864
LINC00467	0.223571971418866	-0.0175945660659173	0.994101194092658	-0.0175945660659173
FAM184A	0.223818177398991	-0.0194342883814087	0.994101194092658	-0.0194342883814087
CCDC84	0.223874843538008	0.0087915613257883	0.994101194092658	0.0087915613257883
ITGA9-AS1	0.22397899746181	-0.0211857999610755	0.994101194092658	-0.0211857999610755
PIP4P1	0.224257226861417	0.0154118702335305	0.994101194092658	0.0154118702335305
CHRNE	0.224342665493275	-0.0239082403927358	0.994101194092658	-0.0239082403927358
CNN3	0.22442609964853	0.012419360174822	0.994101194092658	0.012419360174822
TMTC1	0.224539396979345	-0.0224888182080937	0.994101194092658	-0.0224888182080937
COLGALT2	0.22454681368764	0.00471064501616846	0.994101194092658	0.00471064501616846
ARF5	0.224550002275123	-0.0276105939873054	0.994101194092658	-0.0276105939873054
TTLL11	0.224664079734137	-0.00696493981920148	0.994101194092658	-0.00696493981920148
DIP2A	0.224727674163728	0.00584347873294452	0.994101194092658	0.00584347873294452
KIAA0513	0.22477560449929	-0.0187123270760417	0.994101194092658	-0.0187123270760417
CCDC12	0.224900523302774	0.0106859728570459	0.994101194092658	0.0106859728570459
BSN	0.224974750922961	-0.0239663794471843	0.994101194092658	-0.0239663794471843
RBM26	0.225061681422859	0.00474897949410797	0.994101194092658	0.00474897949410797
GLOD4	0.225127055723751	0.0152622984112501	0.994101194092658	0.0152622984112501
IFNGR2	0.225184084441996	0.015819616085679	0.994101194092658	0.015819616085679
ZUP1	0.225406120744135	0.0121503621327282	0.994101194092658	0.0121503621327282
USP1	0.225450768027216	-0.012951645809219	0.994101194092658	-0.012951645809219
POLR3E	0.225615469787915	-0.0124758643408839	0.994101194092658	-0.0124758643408839
DPY19L4	0.225636812231096	0.00820492686965456	0.994101194092658	0.00820492686965456
EXOC6	0.225768588242366	0.00755495016030241	0.994101194092658	0.00755495016030241
GRAMD2B	0.225776462955884	0.00783172806046667	0.994101194092658	0.00783172806046667
FAM222B	0.225800275474225	0.00616045113928837	0.994101194092658	0.00616045113928837
PRMT1	0.225825142208779	-0.0110216687259114	0.994101194092658	-0.0110216687259114
STOML2	0.225883275328185	-0.0216547538018998	0.994101194092658	-0.0216547538018998
SPAG16	0.225925792111373	-0.0130369072265616	0.994101194092658	-0.0130369072265616
MED26	0.225981915301011	-0.0163926103591806	0.994101194092658	-0.0163926103591806
COG1	0.226000456632612	-0.021792559735803	0.994101194092658	-0.021792559735803
PLIN2	0.226142195741984	0.0175594024413548	0.994101194092658	0.0175594024413548
POP1	0.226201815982145	0.0165802773841385	0.994101194092658	0.0165802773841385
NOS1AP	0.226276599358382	-0.0122544578151161	0.994101194092658	-0.0122544578151161
AP3D1	0.226326164821532	-0.00872013021568025	0.994101194092658	-0.00872013021568025
AC119674.1	0.226458381086319	-0.0122022761331672	0.994101194092658	-0.0122022761331672
SPTLC1	0.226719235587124	0.00826687791502509	0.994101194092658	0.00826687791502509
MOSPD3	0.226814255787136	0.0189489544714154	0.994101194092658	0.0189489544714154
AC015871.1	0.226921082764512	-0.0181204196196494	0.994101194092658	-0.0181204196196494
RICTOR	0.227032520158501	-0.00466716443429034	0.994101194092658	-0.00466716443429034
QRICH1	0.2270361939498	0.00852537664438325	0.994101194092658	0.00852537664438325
SLC9A1	0.227121189373675	-0.0202831968768271	0.994101194092658	-0.0202831968768271
MGAT4C	0.227272378952614	0.0244128337108394	0.994101194092658	0.0244128337108394
HHAT	0.227321028395136	-0.0193765026512751	0.994101194092658	-0.0193765026512751
TUBE1	0.227332032900393	0.0103747265800237	0.994101194092658	0.0103747265800237
PFDN5	0.227350214693438	-0.0159697863618505	0.994101194092658	-0.0159697863618505
ZNF253	0.227411749897874	-0.00992248712034965	0.994101194092658	-0.00992248712034965
UBALD1	0.227648673699931	0.0131340703835466	0.994101194092658	0.0131340703835466
NUP35	0.227929859803653	0.0140563534517201	0.994101194092658	0.0140563534517201
DUXAP8	0.228056276072114	-0.0174718308999639	0.994101194092658	-0.0174718308999639
BRMS1	0.228114650324478	0.0182380114911978	0.994101194092658	0.0182380114911978
APIP	0.228154718467028	0.0105163626000948	0.994101194092658	0.0105163626000948
ZNF66	0.228225098619161	-0.0153567769181357	0.994101194092658	-0.0153567769181357
TLK1	0.228352920706087	-0.0118981032169902	0.994101194092658	-0.0118981032169902
RPP30	0.228380338839136	-0.0137832576096538	0.994101194092658	-0.0137832576096538
NOTCH1	0.228465379193349	0.00960683825070799	0.994101194092658	0.00960683825070799
LRRC47	0.228512857384646	-0.0142634668068149	0.994101194092658	-0.0142634668068149
AC105285.1	0.228527981091433	-0.0147707698460003	0.994101194092658	-0.0147707698460003
PPIP5K2	0.228532928191227	0.010089902175375	0.994101194092658	0.010089902175375
SNX4	0.228713134153551	0.00717827503275814	0.994101194092658	0.00717827503275814
GYS1	0.22889926542273	0.0115325754861338	0.994101194092658	0.0115325754861338
MEGF9	0.228902670972793	-0.00527710827311883	0.994101194092658	-0.00527710827311883
FBXO21	0.22891581614523	-0.00685975492785137	0.994101194092658	-0.00685975492785137
DIPK1C	0.22893844537771	-0.00895315038609757	0.994101194092658	-0.00895315038609757
UBE2J1	0.229017878367201	-0.0100393164524725	0.994101194092658	-0.0100393164524725
ZNF83	0.229039142922296	-0.00688686866808836	0.994101194092658	-0.00688686866808836
UBQLN4	0.229057618231549	0.0113047567030292	0.994101194092658	0.0113047567030292
LINC00320	0.229099725200992	0.00573177186606373	0.994101194092658	0.00573177186606373
CFAP97	0.229137448651709	0.00949960411908645	0.994101194092658	0.00949960411908645
HIRA	0.229139655198739	-0.0119995890435659	0.994101194092658	-0.0119995890435659
SDHAF2	0.229252988900622	0.00969186109062049	0.994101194092658	0.00969186109062049
PREB	0.229259062122159	0.0195836650603752	0.994101194092658	0.0195836650603752
ASPHD1	0.229586744084617	0.00768772207367639	0.994101194092658	0.00768772207367639
VPS33B	0.229642947833741	0.0143041090992041	0.994101194092658	0.0143041090992041
ZNF528-AS1	0.229741258037231	0.00854176030293636	0.994101194092658	0.00854176030293636
TMEM170B	0.22981906061555	0.0142806894426603	0.994101194092658	0.0142806894426603
COPS7A	0.229822389024203	0.0151903726278444	0.994101194092658	0.0151903726278444
PDGFD	0.230012545308456	0.0198970571260615	0.994101194092658	0.0198970571260615
N4BP2L1	0.230045409965835	0.00803621105189594	0.994101194092658	0.00803621105189594
TMTC4	0.230217730162724	-0.00700005231318582	0.994101194092658	-0.00700005231318582
KLRD1	0.230584644945101	0.0162383702413182	0.994101194092658	0.0162383702413182
MCAM	0.230798790268028	-0.00888580345211564	0.994101194092658	-0.00888580345211564
ZFAND2B	0.230871289938021	0.0151837933276582	0.994101194092658	0.0151837933276582
TMTC2	0.230922890882975	-0.00343811495937802	0.994101194092658	-0.00343811495937802
RBL2	0.231095509468534	-0.00615212126248012	0.994101194092658	-0.00615212126248012
STAT3	0.231192566845782	0.00744103791238731	0.994101194092658	0.00744103791238731
EIF4ENIF1	0.231223179680443	0.00927985493933137	0.994101194092658	0.00927985493933137
SHARPIN	0.231285515111399	0.0131337146776799	0.994101194092658	0.0131337146776799
NECAB3	0.231317232583033	0.0223533026916212	0.994101194092658	0.0223533026916212
LARP1	0.231379727248195	0.0064384119795905	0.994101194092658	0.0064384119795905
AMACR	0.231477160910839	0.0228251882575322	0.994101194092658	0.0228251882575322
LSAMP-AS1	0.231491192480258	0.0477811168426239	0.994101194092658	0.0477811168426239
XPO7	0.231572123307135	-0.00703444712080628	0.994101194092658	-0.00703444712080628
PRKAG1	0.231630070749772	-0.0109873895029941	0.994101194092658	-0.0109873895029941
CPS1	0.231769837394462	0.0179945880789447	0.994101194092658	0.0179945880789447
SLC4A8	0.231830914421532	-0.00746139726599813	0.994101194092658	-0.00746139726599813
MON1A	0.231870013884758	-0.0168949457822063	0.994101194092658	-0.0168949457822063
KDM4B	0.231945148500383	-0.0076149322320505	0.994101194092658	-0.0076149322320505
UBE2Q2	0.231987790800526	-0.0104319292230067	0.994101194092658	-0.0104319292230067
TAFA5	0.232216425905696	-0.00782252810676308	0.994101194092658	-0.00782252810676308
EIF5A2	0.232255704621142	-0.0210743698409644	0.994101194092658	-0.0210743698409644
DOCK10	0.232276072376175	0.00370915486548721	0.994101194092658	0.00370915486548721
UPF2	0.232336738630091	0.0069654605137475	0.994101194092658	0.0069654605137475
RNF19A	0.232549341802593	0.00999853712579647	0.994101194092658	0.00999853712579647
PPP6C	0.232633532033161	0.00692525483661063	0.994101194092658	0.00692525483661063
PEX19	0.232995394734607	0.0192685552782743	0.994101194092658	0.0192685552782743
TBPL1	0.233134520210873	-0.0147193443658698	0.994101194092658	-0.0147193443658698
BARD1	0.233142465635954	-0.0109130473803913	0.994101194092658	-0.0109130473803913
SFT2D2	0.233153862374959	-0.00924055264988962	0.994101194092658	-0.00924055264988962
PRDM8	0.233292192827612	0.0196592484336152	0.994101194092658	0.0196592484336152
RBM38	0.233358195704029	0.0178287584116967	0.994101194092658	0.0178287584116967
PTGDS	0.233386278480597	0.00566121577978278	0.994101194092658	0.00566121577978278
ATG3	0.233406679397598	0.0105565277105307	0.994101194092658	0.0105565277105307
RBM12B	0.233413961922405	-0.00991000852397736	0.994101194092658	-0.00991000852397736
FRK	0.233429589836746	-0.0117418148332615	0.994101194092658	-0.0117418148332615
PAFAH2	0.23347304784482	-0.0133375976842702	0.994101194092658	-0.0133375976842702
UBTF	0.233645576719638	-0.0103000922535699	0.994101194092658	-0.0103000922535699
PRKACB	0.233647651649471	-0.00449080754697222	0.994101194092658	-0.00449080754697222
RPL18	0.233718511365732	0.0122944260500192	0.994101194092658	0.0122944260500192
PANTR1	0.23375332394454	-0.00583578069023695	0.994101194092658	-0.00583578069023695
POLK	0.233823324656585	0.00510226160955279	0.994101194092658	0.00510226160955279
COPA	0.233847395403027	-0.00584568450273264	0.994101194092658	-0.00584568450273264
NPEPPS	0.233870796081257	-0.00605953451812519	0.994101194092658	-0.00605953451812519
CNOT4	0.233909577021175	-0.00497845954235143	0.994101194092658	-0.00497845954235143
FEZ1	0.233971943036065	0.00622420783612431	0.994101194092658	0.00622420783612431
MAPK8IP2	0.233972354494453	-0.026091729759401	0.994101194092658	-0.026091729759401
AL512422.1	0.234261802347225	0.0246962120369075	0.994101194092658	0.0246962120369075
MRPL42	0.234323723739628	0.00923045789460316	0.994101194092658	0.00923045789460316
DCAKD	0.234385058384487	-0.0121992723023168	0.994101194092658	-0.0121992723023168
PDZD8	0.234396081042931	-0.00871162759331073	0.994101194092658	-0.00871162759331073
DNER	0.234459692259381	0.00517821983433713	0.994101194092658	0.00517821983433713
GLCCI1	0.234497938472174	-0.0106235449467241	0.994101194092658	-0.0106235449467241
ANKRD31	0.234598278847833	0.0179621413950516	0.994101194092658	0.0179621413950516
RAD17	0.234693077393376	0.00969768441447859	0.994101194092658	0.00969768441447859
TFDP2	0.234725104116822	-0.00674552615673122	0.994101194092658	-0.00674552615673122
ANKRA2	0.234744569835596	0.0109309706046666	0.994101194092658	0.0109309706046666
PHTF2	0.234763956932578	-0.00642050031661369	0.994101194092658	-0.00642050031661369
MBD4	0.234820536210408	-0.0101493166893663	0.994101194092658	-0.0101493166893663
STIMATE	0.235102001008652	-0.0121591641714767	0.994101194092658	-0.0121591641714767
GPN3	0.23512894789536	0.017623174708993	0.994101194092658	0.017623174708993
KSR1	0.235277038583784	0.00700556601156108	0.994101194092658	0.00700556601156108
ADAMTS1	0.235629646139301	0.0113157795612715	0.994101194092658	0.0113157795612715
TMEM202-AS1	0.235687546675049	0.0110604579200949	0.994101194092658	0.0110604579200949
YBEY	0.235740732363553	0.0111276970589914	0.994101194092658	0.0111276970589914
AL139807.1	0.235810768832756	-0.0144972702691314	0.994101194092658	-0.0144972702691314
SELENOP	0.236014161482228	0.0106217376690215	0.994101194092658	0.0106217376690215
USP9X	0.236020565167256	-0.00623049315968682	0.994101194092658	-0.00623049315968682
PACS1	0.236032803979107	-0.00831355338612928	0.994101194092658	-0.00831355338612928
ZNF688	0.236070346492231	0.0114123972896697	0.994101194092658	0.0114123972896697
NAP1L1	0.236076874362765	0.00838508468177044	0.994101194092658	0.00838508468177044
TTPAL	0.236224329626421	-0.0177730781085721	0.994101194092658	-0.0177730781085721
PAK4	0.236242839491534	-0.0100662726882182	0.994101194092658	-0.0100662726882182
LSM4	0.236303470138323	0.0165089125394684	0.994101194092658	0.0165089125394684
LINC01098	0.236392295253469	-0.0235516222716958	0.994101194092658	-0.0235516222716958
FAM210A	0.236404417758673	0.0110124210892841	0.994101194092658	0.0110124210892841
CNOT3	0.236469277933111	0.0106094929907486	0.994101194092658	0.0106094929907486
SLC41A3	0.236595280011198	0.0198027454105359	0.994101194092658	0.0198027454105359
GSE1	0.236771514304948	-0.0263996397590796	0.994101194092658	-0.0263996397590796
HUS1	0.236808548023157	0.0159376916665313	0.994101194092658	0.0159376916665313
PSMA5	0.237016629119162	0.0147010837604852	0.994101194092658	0.0147010837604852
GEN1	0.237028674351895	-0.0205718932289033	0.994101194092658	-0.0205718932289033
VPS13A	0.237208097579996	0.0291090478788994	0.994101194092658	0.0291090478788994
AMZ2	0.237214772975043	0.0153855121995686	0.994101194092658	0.0153855121995686
RTL10	0.237297473167948	-0.0185731190094461	0.994101194092658	-0.0185731190094461
VCPKMT	0.237301382470864	0.012385821936788	0.994101194092658	0.012385821936788
FAM189B	0.237345681257026	0.0122546004744237	0.994101194092658	0.0122546004744237
GTF3C5	0.237356072223674	0.00874650484552004	0.994101194092658	0.00874650484552004
KIF5C	0.237671710078522	0.00590571355201439	0.994101194092658	0.00590571355201439
FANCL	0.237722360785423	-0.00653965343707749	0.994101194092658	-0.00653965343707749
NR2C1	0.23784549762951	0.00839621920319506	0.994101194092658	0.00839621920319506
ATP5PD	0.237891626683668	-0.0269899845838166	0.994101194092658	-0.0269899845838166
LRRC37A2	0.237967244279252	0.0111976397983143	0.994101194092658	0.0111976397983143
ELP6	0.238002520010672	0.01473277543918	0.994101194092658	0.01473277543918
RNF7	0.238148421518344	-0.0214767705366777	0.994101194092658	-0.0214767705366777
RNF216	0.238242542926491	-0.00601839197192377	0.994101194092658	-0.00601839197192377
POMGNT1	0.238272239032072	0.0104850881894659	0.994101194092658	0.0104850881894659
HNRNPK	0.238283584790847	0.00764071340806438	0.994101194092658	0.00764071340806438
ANKRD6	0.23831876576119	-0.0243267555348761	0.994101194092658	-0.0243267555348761
THEM4	0.238369510643005	0.00898445884105419	0.994101194092658	0.00898445884105419
TXNL4A	0.238392477668232	-0.0102186463654524	0.994101194092658	-0.0102186463654524
NCAM1	0.238479991278901	-0.00288050514889213	0.994101194092658	-0.00288050514889213
MEPCE	0.238496125672749	0.0179912473302052	0.994101194092658	0.0179912473302052
U73166.1	0.238530359108755	-0.0222906620539494	0.994101194092658	-0.0222906620539494
NUP214	0.238601183075816	0.00654063944613469	0.994101194092658	0.00654063944613469
PPP2R3A	0.238836438079058	0.00563784894342419	0.994101194092658	0.00563784894342419
MAN2A1	0.239054390168898	0.00378643640703223	0.994101194092658	0.00378643640703223
VPS72	0.239059530371203	0.0135554152546795	0.994101194092658	0.0135554152546795
PEPD	0.239116637315729	-0.00929730162540548	0.994101194092658	-0.00929730162540548
FAM89B	0.239295768409786	-0.019315923749577	0.994101194092658	-0.019315923749577
MANBA	0.239327920900723	-0.00907338979453704	0.994101194092658	-0.00907338979453704
AK7	0.239376806737009	-0.0203155402035026	0.994101194092658	-0.0203155402035026
ACP7	0.239517059003179	-0.0132748304077892	0.994101194092658	-0.0132748304077892
UBE2F	0.239552865549345	0.00898375158080185	0.994101194092658	0.00898375158080185
AC009404.1	0.239580358037202	-0.0191868261363167	0.994101194092658	-0.0191868261363167
PGM1	0.239633700601448	0.0186551808571239	0.994101194092658	0.0186551808571239
LINC01010	0.239733751759935	0.0122989404383536	0.994101194092658	0.0122989404383536
LINC01695	0.239823924508837	-0.01906868387868	0.994101194092658	-0.01906868387868
SHISA4	0.240305000990208	0.0135439777283909	0.994101194092658	0.0135439777283909
CACTIN	0.240357483198227	0.0149243584378161	0.994101194092658	0.0149243584378161
ANKMY1	0.24040513648242	-0.00961580129490383	0.994101194092658	-0.00961580129490383
FAM20C	0.240567153845647	-0.0102178266106146	0.994101194092658	-0.0102178266106146
COPS9	0.240673783024747	0.025820448409453	0.994101194092658	0.025820448409453
ENTPD5	0.240797758550657	-0.0161899747842717	0.994101194092658	-0.0161899747842717
GARNL3	0.240868365273955	0.00557550362004578	0.994101194092658	0.00557550362004578
AC099778.1	0.240986189513166	0.0155564233686656	0.994101194092658	0.0155564233686656
ZNF682	0.241001940649273	0.0100774983270921	0.994101194092658	0.0100774983270921
GON4L	0.241054403589297	-0.00810829910848394	0.994101194092658	-0.00810829910848394
PREP	0.241197116864472	0.0164701870081415	0.994101194092658	0.0164701870081415
GJB1	0.241213669507093	0.0134612873108462	0.994101194092658	0.0134612873108462
SREBF1	0.241343849916397	-0.00788642208482493	0.994101194092658	-0.00788642208482493
TXNDC12	0.241447600986191	0.0140268162655923	0.994101194092658	0.0140268162655923
SNRNP200	0.24177817785641	-0.00946566146483087	0.994101194092658	-0.00946566146483087
HSCB	0.241793027753246	0.0106230540738855	0.994101194092658	0.0106230540738855
NTN4	0.241793503891617	-0.0235338529188655	0.994101194092658	-0.0235338529188655
HTATSF1	0.241827656616276	0.0132785688230337	0.994101194092658	0.0132785688230337
DHX40	0.242023363479341	0.0126769222280994	0.994101194092658	0.0126769222280994
ZBTB18	0.242114316089923	-0.0177451053153231	0.994101194092658	-0.0177451053153231
RPGR	0.242161435815735	-0.0144722125713622	0.994101194092658	-0.0144722125713622
BRK1	0.242348189686453	0.0187318794836969	0.994101194092658	0.0187318794836969
YTHDC2	0.242393230755874	-0.00686887846284329	0.994101194092658	-0.00686887846284329
ABHD15-AS1	0.242457445939221	-0.0198150863410649	0.994101194092658	-0.0198150863410649
NVL	0.24255826295813	0.00788258338930909	0.994101194092658	0.00788258338930909
AC009126.1	0.242727610550631	0.00914697566043939	0.994101194092658	0.00914697566043939
CCNY	0.242967381516659	-0.00516245140469294	0.994101194092658	-0.00516245140469294
GCNT1	0.243060461267059	-0.0222546307148839	0.994101194092658	-0.0222546307148839
CCDC30	0.243183723521593	0.00976940539132404	0.994101194092658	0.00976940539132404
DNAAF2	0.243276752739209	0.0184503147576128	0.994101194092658	0.0184503147576128
LINC01122	0.243298556954971	-0.0108339878563665	0.994101194092658	-0.0108339878563665
NOC2L	0.243380194361902	0.0107351487739953	0.994101194092658	0.0107351487739953
MAPKAP1	0.243511020563847	0.006120482551864	0.994101194092658	0.006120482551864
MRI1	0.243633804107746	0.0133289704979822	0.994101194092658	0.0133289704979822
PHKG2	0.243999119481904	-0.0166266395003271	0.994101194092658	-0.0166266395003271
LINC00476	0.244104514849676	0.00733357931294748	0.994101194092658	0.00733357931294748
UBR1	0.244134565081664	0.0049420914601441	0.994101194092658	0.0049420914601441
DNM2	0.244145576549965	-0.00609932110659583	0.994101194092658	-0.00609932110659583
SLC25A33	0.244171818279073	-0.0126584228408853	0.994101194092658	-0.0126584228408853
PYCR2	0.244201745994421	0.0125415525084934	0.994101194092658	0.0125415525084934
BICC1	0.244390348143546	-0.0229872780988712	0.994101194092658	-0.0229872780988712
AC013287.1	0.244481950484392	-0.0290193515005084	0.994101194092658	-0.0290193515005084
BBOF1	0.244548748823698	0.0163791193871132	0.994101194092658	0.0163791193871132
TAF6	0.244558895908214	0.0191744965454276	0.994101194092658	0.0191744965454276
EIF1	0.244577788910416	0.00994879495767694	0.994101194092658	0.00994879495767694
FUZ	0.244654224827562	-0.0170965489597053	0.994101194092658	-0.0170965489597053
TMEM42	0.244801816243184	0.0131421130952549	0.994101194092658	0.0131421130952549
PATJ	0.245310940587173	0.0122349117080295	0.994101194092658	0.0122349117080295
SLC46A3	0.245319172564345	-0.01222111977599	0.994101194092658	-0.01222111977599
EIF5	0.245523126629809	-0.00848299890188416	0.994101194092658	-0.00848299890188416
DISC1FP1	0.245557399691524	0.0168469020331666	0.994101194092658	0.0168469020331666
ZNF318	0.245724937120859	0.00774449206654503	0.994101194092658	0.00774449206654503
METTL22	0.245757502970002	-0.0142809017080803	0.994101194092658	-0.0142809017080803
AC012184.3	0.245793766559292	-0.0154969337041087	0.994101194092658	-0.0154969337041087
ENDOD1	0.245819697611314	-0.0067538715082883	0.994101194092658	-0.0067538715082883
RESF1	0.245902987608172	-0.00887763429010933	0.994101194092658	-0.00887763429010933
AC078785.1	0.246000437215319	0.01177832762085	0.994101194092658	0.01177832762085
TRA2A	0.246664947497104	0.00416767387660657	0.994101194092658	0.00416767387660657
TTLL4	0.246693575974864	-0.0125901051365181	0.994101194092658	-0.0125901051365181
MEIS2	0.246730915555278	-0.0047163625228096	0.994101194092658	-0.0047163625228096
SEMA4C	0.246857382603103	-0.0103089768456728	0.994101194092658	-0.0103089768456728
TEDC1	0.247008011744401	0.0160791644225591	0.994101194092658	0.0160791644225591
NOM1	0.247101189903811	0.0135463891743248	0.994101194092658	0.0135463891743248
PTCH1	0.24716001113443	-0.0087847667183691	0.994101194092658	-0.0087847667183691
KPTN	0.247232816894333	0.0169615921938562	0.994101194092658	0.0169615921938562
AC084198.2	0.247256975659996	0.00914769824423329	0.994101194092658	0.00914769824423329
RAPGEF1	0.247361256236437	-0.00868353017274479	0.994101194092658	-0.00868353017274479
WRNIP1	0.247394431850599	-0.00861130020142947	0.994101194092658	-0.00861130020142947
MCTS1	0.247638995139959	0.0109466913625773	0.994101194092658	0.0109466913625773
TSPAN15	0.247957153961143	0.006758801503658	0.994101194092658	0.006758801503658
SLC35A4	0.24800158241843	0.0207205338504688	0.994101194092658	0.0207205338504688
CDAN1	0.248030993139501	0.0162456652857449	0.994101194092658	0.0162456652857449
ZBTB48	0.248210008368044	-0.0150795933552454	0.994101194092658	-0.0150795933552454
CES4A	0.248210136741812	0.00888461102988381	0.994101194092658	0.00888461102988381
STX16	0.248265465251555	0.00622894622337222	0.994101194092658	0.00622894622337222
MTMR4	0.248301836116391	0.00732523727652078	0.994101194092658	0.00732523727652078
AGAP4	0.24830560196231	0.0137578971509131	0.994101194092658	0.0137578971509131
S100A13	0.248332359448341	0.0235536696089917	0.994101194092658	0.0235536696089917
MIR193BHG	0.248423370106151	0.0158761582520068	0.994101194092658	0.0158761582520068
FSTL5	0.248448490292516	0.0237249183778283	0.994101194092658	0.0237249183778283
FMR1	0.248477740489728	0.0109913679875594	0.994101194092658	0.0109913679875594
CFAP43	0.24854205167788	0.0168279754153197	0.994101194092658	0.0168279754153197
NAT8L	0.248577659808384	0.0132311942973871	0.994101194092658	0.0132311942973871
CCDC85A	0.248634111033679	-0.0263165551926823	0.994101194092658	-0.0263165551926823
PIEZO2	0.248688186705188	-0.00578680848848033	0.994101194092658	-0.00578680848848033
MTUS1	0.248712512834302	0.00524576216395786	0.994101194092658	0.00524576216395786
MBD6	0.248911362469118	0.011805774748465	0.994101194092658	0.011805774748465
ZNF428	0.248928669077962	0.0141418532986596	0.994101194092658	0.0141418532986596
PRPF19	0.249064209300371	-0.0165420685712688	0.994101194092658	-0.0165420685712688
MED30	0.249141057614914	0.0128002571257703	0.994101194092658	0.0128002571257703
C6orf89	0.249252284515653	0.00594143820239379	0.994101194092658	0.00594143820239379
TMEM240	0.249261114301165	0.0240256966137516	0.994101194092658	0.0240256966137516
MARK4	0.249266903033653	0.00816121013094949	0.994101194092658	0.00816121013094949
CLIP2	0.249275702208977	0.00559187783237581	0.994101194092658	0.00559187783237581
IPMK	0.249313158006328	0.0109275195103134	0.994101194092658	0.0109275195103134
CARS2	0.249346683885602	0.00730099927760408	0.994101194092658	0.00730099927760408
AP000487.1	0.249359771466727	0.013062260521252	0.994101194092658	0.013062260521252
ZNF528	0.249401583034618	0.0128032716506832	0.994101194092658	0.0128032716506832
ENTPD6	0.249441232201211	-0.0159538432222889	0.994101194092658	-0.0159538432222889
KLC1	0.249518330822227	-0.00679686226765891	0.994101194092658	-0.00679686226765891
EAPP	0.249665391440277	-0.00676528409222246	0.994101194092658	-0.00676528409222246
MLH1	0.249767466018663	-0.00923347914269512	0.994101194092658	-0.00923347914269512
KCNH8	0.249882682204896	-0.00505968089167782	0.994101194092658	-0.00505968089167782
CHD1	0.249896891516438	-0.0059280909609661	0.994101194092658	-0.0059280909609661
NTHL1	0.249940273388683	0.0144083616229497	0.994101194092658	0.0144083616229497
TUBGCP2	0.250011303574661	-0.00898108926661121	0.994101194092658	-0.00898108926661121
NECTIN1	0.250115774521713	0.00650663347316525	0.994101194092658	0.00650663347316525
ANK3	0.250178527810709	-0.00311701702569742	0.994101194092658	-0.00311701702569742
NPIPB4	0.250514006099911	0.0139731115457743	0.994101194092658	0.0139731115457743
ISCA1	0.250651156373092	0.0142329331068078	0.994101194092658	0.0142329331068078
LRRCC1	0.250656576566985	0.0131764450674099	0.994101194092658	0.0131764450674099
SMG9	0.250735393911528	-0.00848010840473261	0.994101194092658	-0.00848010840473261
ERBB3	0.250833727528725	0.00499726575566505	0.994101194092658	0.00499726575566505
ERVK3-1	0.250942109313041	0.0130547648765982	0.994101194092658	0.0130547648765982
GORASP1	0.251079927507873	0.0165744069266063	0.994101194092658	0.0165744069266063
GABBR2	0.251307987651382	-0.0239484430326103	0.994101194092658	-0.0239484430326103
COX10-AS1	0.251398525897028	-0.0121697843047043	0.994101194092658	-0.0121697843047043
USP13	0.25155792928346	0.00852163319138236	0.994101194092658	0.00852163319138236
ARHGEF9	0.251596976876638	-0.0101652618200898	0.994101194092658	-0.0101652618200898
ATAD3C	0.251604356674372	0.0138978950227497	0.994101194092658	0.0138978950227497
AC074032.1	0.251687120865067	0.00711691016297674	0.994101194092658	0.00711691016297674
AC012360.3	0.251828305992012	-0.0197471288345179	0.994101194092658	-0.0197471288345179
P4HA1	0.25204959432813	-0.0123569665858525	0.994101194092658	-0.0123569665858525
FRRS1L	0.252092618872364	-0.0197075643497148	0.994101194092658	-0.0197075643497148
MINDY3	0.252332312168722	-0.0094126679835016	0.994101194092658	-0.0094126679835016
TTC1	0.252345740456808	-0.00865074198224698	0.994101194092658	-0.00865074198224698
KCTD1	0.25239377058309	-0.0123008104510316	0.994101194092658	-0.0123008104510316
AL353135.2	0.252417473370501	0.0359252997778799	0.994101194092658	0.0359252997778799
TAF1	0.252606279238564	0.00667941185582037	0.994101194092658	0.00667941185582037
VASH1	0.252652143445998	-0.0103000906641439	0.994101194092658	-0.0103000906641439
NLGN2	0.252739885988932	-0.011722255568149	0.994101194092658	-0.011722255568149
GABPA	0.252743554034701	0.0085513581261927	0.994101194092658	0.0085513581261927
KEAP1	0.252847965756962	0.00898396163167174	0.994101194092658	0.00898396163167174
ZNF644	0.25286766532726	-0.00470620265285824	0.994101194092658	-0.00470620265285824
ZBTB21	0.252879045790164	-0.0156635202243556	0.994101194092658	-0.0156635202243556
ENPP6	0.252886336350517	-0.0125882483971372	0.994101194092658	-0.0125882483971372
CSDE1	0.252906647476016	0.0079801470419969	0.994101194092658	0.0079801470419969
ZNF532	0.252944790236828	0.00531992257301634	0.994101194092658	0.00531992257301634
CRADD	0.252994554623488	-0.00550934608099796	0.994101194092658	-0.00550934608099796
NRBP1	0.253100561261757	-0.00866293166562325	0.994101194092658	-0.00866293166562325
APH1B	0.253215013012809	-0.0111475073377428	0.994101194092658	-0.0111475073377428
DPP3	0.253252389644653	-0.0165049352784798	0.994101194092658	-0.0165049352784798
LINC01515	0.253256982000747	-0.0364351321274009	0.994101194092658	-0.0364351321274009
HSPA14-1	0.253467493680151	0.0159060961711614	0.994101194092658	0.0159060961711614
MTFR1	0.253472531928374	-0.00768654116502611	0.994101194092658	-0.00768654116502611
MIER2	0.253516330827764	0.0126745780755779	0.994101194092658	0.0126745780755779
PSMD6	0.253584783451085	-0.0165635915082426	0.994101194092658	-0.0165635915082426
MND1	0.253824377340886	-0.0126075059750831	0.994101194092658	-0.0126075059750831
MAU2	0.253853397197547	-0.00699319183373651	0.994101194092658	-0.00699319183373651
WBP1	0.254122147561586	0.0133681069323329	0.994101194092658	0.0133681069323329
SCAF4	0.254254685448754	0.00812357852488322	0.994101194092658	0.00812357852488322
TTLL1	0.254284073025903	0.0146244065869236	0.994101194092658	0.0146244065869236
TRA2B	0.254438962187061	0.00661891153356144	0.994101194092658	0.00661891153356144
AUP1	0.254448372913797	0.0104091201117329	0.994101194092658	0.0104091201117329
DNAJC11	0.254502585745115	-0.00841219716351679	0.994101194092658	-0.00841219716351679
RNGTT	0.254626628239171	-0.00605174357268015	0.994101194092658	-0.00605174357268015
TUBA1B	0.254833867611688	-0.0172615636314231	0.994101194092658	-0.0172615636314231
CHCHD7	0.254896339424531	-0.019698180029786	0.994101194092658	-0.019698180029786
MSRB2	0.255015731597367	0.0114394249684135	0.994101194092658	0.0114394249684135
NEK9	0.255146777146593	-0.00584745001402122	0.994101194092658	-0.00584745001402122
ABCD4	0.255176827562011	0.00739702681312254	0.994101194092658	0.00739702681312254
STIP1	0.255233031106399	0.0115042007297699	0.994101194092658	0.0115042007297699
DESI1	0.255271241843694	-0.0115538826837717	0.994101194092658	-0.0115538826837717
TNRC6B	0.255337821667581	0.00318641146655395	0.994101194092658	0.00318641146655395
VLDLR	0.2554330143963	0.00989595512796166	0.994101194092658	0.00989595512796166
ALAS1	0.255462036187108	0.0198681667215492	0.994101194092658	0.0198681667215492
PISD	0.255512490532322	0.010391899589503	0.994101194092658	0.010391899589503
CHKA	0.255520245929708	-0.005374804924923	0.994101194092658	-0.005374804924923
BRIX1	0.255579726211914	-0.0157020983164318	0.994101194092658	-0.0157020983164318
PKD1	0.255737868671806	-0.0102093597413334	0.994101194092658	-0.0102093597413334
PSME3	0.255766550081099	0.0170746989291645	0.994101194092658	0.0170746989291645
SLC25A16	0.255802799656243	0.00836163169699617	0.994101194092658	0.00836163169699617
TPP1	0.256015136529436	0.0124953661898112	0.994101194092658	0.0124953661898112
RNF19B	0.256045391417355	0.0175975206029944	0.994101194092658	0.0175975206029944
KIFC3	0.256166231358597	0.00924508323252231	0.994101194092658	0.00924508323252231
HGSNAT	0.256228302544075	0.00857743374731046	0.994101194092658	0.00857743374731046
DTYMK	0.256267896848363	0.0143622572668721	0.994101194092658	0.0143622572668721
AC078881.1	0.256337563659389	-0.00744389111135292	0.994101194092658	-0.00744389111135292
RUVBL2	0.256394286135658	0.0130733877339178	0.994101194092658	0.0130733877339178
SUSD6	0.256433414339776	0.00879587707701024	0.994101194092658	0.00879587707701024
FAF1	0.256457718335304	0.00375676130076347	0.994101194092658	0.00375676130076347
FIBP	0.256491835462711	0.0227058865191445	0.994101194092658	0.0227058865191445
RC3H2	0.256606068014812	-0.00706812816954605	0.994101194092658	-0.00706812816954605
AC116552.1	0.25661652833977	-0.0194711208041453	0.994101194092658	-0.0194711208041453
RUNX1T1	0.256812971634258	0.0161320725429676	0.994101194092658	0.0161320725429676
ZSCAN29	0.256944183359713	0.0138230604447988	0.994101194092658	0.0138230604447988
CCNB1IP1	0.256958540861641	-0.0134239265165524	0.994101194092658	-0.0134239265165524
AL353743.2	0.257003002213123	-0.00994639598864928	0.994101194092658	-0.00994639598864928
NFE2L2	0.257100437048047	-0.00548418593442394	0.994101194092658	-0.00548418593442394
FAM174A	0.257277892910401	0.0159675844499858	0.994101194092658	0.0159675844499858
RPRD1B	0.257411640230541	0.00913692944755943	0.994101194092658	0.00913692944755943
RRM2B	0.257597987932249	0.0130978492304109	0.994101194092658	0.0130978492304109
IVD	0.257695791512716	0.00783323643599839	0.994101194092658	0.00783323643599839
TMEM14A	0.257745057825602	-0.027146075767214	0.994101194092658	-0.027146075767214
KCNJ6	0.257891104912622	0.0317085841377799	0.994101194092658	0.0317085841377799
FANCM	0.257999891002458	0.0129359724308176	0.994101194092658	0.0129359724308176
GRM3	0.258202601614161	0.00396899834207009	0.994101194092658	0.00396899834207009
PSMB5	0.258317144764148	-0.0118355303129213	0.994101194092658	-0.0118355303129213
BBS7	0.258429636456093	-0.0119519243248697	0.994101194092658	-0.0119519243248697
GPM6B	0.258600410838864	-0.00422330012962819	0.994101194092658	-0.00422330012962819
CALML4	0.25872184855829	0.0152820023509341	0.994101194092658	0.0152820023509341
FAIM2	0.25884946874405	0.00929606744356113	0.994101194092658	0.00929606744356113
TTC26	0.258892992146585	0.0177159731366327	0.994101194092658	0.0177159731366327
CC2D2A	0.259192558864121	0.0116870335977275	0.994101194092658	0.0116870335977275
CDK4	0.259212970452553	0.017512940022934	0.994101194092658	0.017512940022934
AC097534.2	0.259279301462278	0.0133346946836089	0.994101194092658	0.0133346946836089
DNAJC22	0.259279750064128	-0.0178938213849219	0.994101194092658	-0.0178938213849219
AC079921.1	0.25931142192605	0.0154549290238918	0.994101194092658	0.0154549290238918
PAN3	0.259386921272438	0.00457029933769768	0.994101194092658	0.00457029933769768
JMJD4	0.259486923362909	0.0177593735006971	0.994101194092658	0.0177593735006971
GTF2B	0.259490996469004	-0.00987305983842012	0.994101194092658	-0.00987305983842012
KIAA2013	0.259567847954026	0.0095975526218759	0.994101194092658	0.0095975526218759
ACAD11	0.259711234329542	0.00652644262420136	0.994101194092658	0.00652644262420136
NGFR	0.259762624702587	-0.0180445395065556	0.994101194092658	-0.0180445395065556
PEX1	0.259811353337435	-0.00825404784463171	0.994101194092658	-0.00825404784463171
KCMF1	0.259818128023629	-0.00825557738428141	0.994101194092658	-0.00825557738428141
PHF2	0.259834383845665	0.00880761674666832	0.994101194092658	0.00880761674666832
ANAPC10	0.259842649773411	-0.00676749278320652	0.994101194092658	-0.00676749278320652
YIF1A	0.259855529286519	0.0166878040234994	0.994101194092658	0.0166878040234994
FOXK2	0.259867466660236	-0.00538565615511057	0.994101194092658	-0.00538565615511057
Z95331.1	0.259899477298124	0.0143370579959347	0.994101194092658	0.0143370579959347
B4GALNT4	0.259947295389869	0.0120717826362757	0.994101194092658	0.0120717826362757
ZCRB1	0.259998748933253	0.0119854866869656	0.994101194092658	0.0119854866869656
TBC1D1	0.260065714608936	-0.0221231990655853	0.994101194092658	-0.0221231990655853
HECTD2	0.260388116060969	-0.0165443365749549	0.994978224277241	-0.0165443365749549
BIRC2	0.260878206429049	0.00834802443371034	0.99567947436588	0.00834802443371034
RALBP1	0.260952681837884	-0.00819529276675277	0.99567947436588	-0.00819529276675277
GOLGA8B	0.260983005896809	0.024150779793365	0.99567947436588	0.024150779793365
ADNP	0.261038873478585	0.00437207230459501	0.99567947436588	0.00437207230459501
AMPD3	0.261136939728643	0.00902836715246647	0.99567947436588	0.00902836715246647
UBE2D2	0.261189344491137	0.00585097343865905	0.99567947436588	0.00585097343865905
LINC00472	0.261222831357507	0.0135944800537321	0.99567947436588	0.0135944800537321
ZNF280C	0.261439336772339	0.0139716124887968	0.995730248898034	0.0139716124887968
DUSP22	0.261513156329739	-0.00996633107208466	0.995730248898034	-0.00996633107208466
RPL27A	0.261589233612043	0.0149290958349368	0.995730248898034	0.0149290958349368
CCNI	0.26170529597767	0.0093676166410469	0.995730248898034	0.0093676166410469
IDI1	0.261717347192306	-0.0110195726372082	0.995730248898034	-0.0110195726372082
HARS2	0.26179434928516	0.0117971083056635	0.995730248898034	0.0117971083056635
PLPBP	0.262132814935819	0.0121521791091553	0.996150009044594	0.0121521791091553
EIF4E2	0.262231252185282	0.00865735166736476	0.996150009044594	0.00865735166736476
SELENOO	0.262270692372628	0.00878526973775061	0.996150009044594	0.00878526973775061
WWP2	0.262276999484973	0.00596075033135042	0.996150009044594	0.00596075033135042
ANKRD12	0.262451476092228	-0.00444099120146558	0.996205853100514	-0.00444099120146558
TELO2	0.262576871364471	-0.0129293309827792	0.996205853100514	-0.0129293309827792
MOSPD2	0.26271438864666	0.00672779182023846	0.996205853100514	0.00672779182023846
ATRIP	0.262733563975521	0.0165981763023559	0.996205853100514	0.0165981763023559
AC137894.3	0.262771759777232	-0.0116624573570196	0.996205853100514	-0.0116624573570196
OLFM3	0.262850166229641	-0.0261258013487637	0.996205853100514	-0.0261258013487637
LRRC14	0.263136024738343	-0.0187734105926842	0.996463559335047	-0.0187734105926842
DMGDH	0.263162965467118	-0.0140776714201768	0.996463559335047	-0.0140776714201768
PBRM1	0.263197466340295	0.00434870238784142	0.996463559335047	0.00434870238784142
CHMP7	0.263580727330116	0.0144849376593951	0.996900245541652	0.0144849376593951
SUPT5H	0.263631205502888	0.00770840987375572	0.996900245541652	0.00770840987375572
SIVA1	0.263716737608147	0.014517006067092	0.996900245541652	0.014517006067092
THEMIS2	0.263750125652116	0.0159739067837924	0.996900245541652	0.0159739067837924
TRPM3	0.263778519608891	-0.022489568316556	0.996900245541652	-0.022489568316556
PKD1L1	0.264385777459771	-0.0165590969095193	0.998314188473375	-0.0165590969095193
LRP6	0.264477932252755	-0.00549770210658013	0.998314188473375	-0.00549770210658013
NPHP4	0.264560758206797	0.0115596473623289	0.998314188473375	0.0115596473623289
LSAMP	0.26466494833759	0.00565173547590086	0.998314188473375	0.00565173547590086
SLC22A15	0.264681453413312	0.00605669227560245	0.998314188473375	0.00605669227560245
SPRYD7	0.264729715126729	0.0100147599743549	0.998314188473375	0.0100147599743549
SOX8	0.264958681070078	0.00818375146242823	0.998314188473375	0.00818375146242823
TBCK	0.264984017881924	0.00592602357529606	0.998314188473375	0.00592602357529606
NDUFS7	0.265054266062768	-0.00816016743587107	0.998314188473375	-0.00816016743587107
AJM1	0.265106635680007	-0.01861092499352	0.998314188473375	-0.01861092499352
ZNF141	0.265229177833768	-0.0096049456359776	0.998314188473375	-0.0096049456359776
SASS6	0.265278873387097	0.0119983973856664	0.998314188473375	0.0119983973856664
RAB11FIP2	0.265434576250109	-0.00714152621156718	0.998314188473375	-0.00714152621156718
PIK3CA	0.265585585627512	0.00815552316823538	0.998314188473375	0.00815552316823538
STT3B	0.266005976849532	0.00673748034851534	0.998314188473375	0.00673748034851534
FAM66D	0.266056226273349	0.0145640354348311	0.998314188473375	0.0145640354348311
DHRS12	0.266270900341684	0.0129665135527413	0.998314188473375	0.0129665135527413
ZMYM6	0.266388787239068	0.00871633053754011	0.998314188473375	0.00871633053754011
SPINDOC	0.266483172808099	0.0120353683112093	0.998314188473375	0.0120353683112093
PDE4D	0.266484156638731	0.0128645353106009	0.998314188473375	0.0128645353106009
TRMT10B	0.26657995855885	0.0103423693125502	0.998314188473375	0.0103423693125502
DCAF1	0.266741946993307	0.00915519406066291	0.998314188473375	0.00915519406066291
ZDHHC5	0.266859024453664	-0.0104671750244169	0.998314188473375	-0.0104671750244169
TTI2	0.26719235931842	0.0115612250284953	0.998314188473375	0.0115612250284953
OST4	0.267338671736388	0.0206937353703488	0.998314188473375	0.0206937353703488
TFAM	0.267387000945405	-0.0159722089877313	0.998314188473375	-0.0159722089877313
GATD3B	0.267410716623118	0.0182264836631841	0.998314188473375	0.0182264836631841
CARD8	0.267442357888164	0.00988190140300451	0.998314188473375	0.00988190140300451
RHEB	0.267529098487365	-0.0109352481531686	0.998314188473375	-0.0109352481531686
TOR1B	0.267561959838226	-0.0115519009004106	0.998314188473375	-0.0115519009004106
BTF3L4	0.26769685645946	0.00770263040316491	0.998314188473375	0.00770263040316491
STX6	0.267704822300718	0.00769297080842675	0.998314188473375	0.00769297080842675
STYX	0.267732163861267	-0.0135489846195041	0.998314188473375	-0.0135489846195041
PSMC6	0.267820205489972	0.00886153526175958	0.998314188473375	0.00886153526175958
H2AFJ	0.267839580830024	0.0185605063075456	0.998314188473375	0.0185605063075456
CCDC7	0.267846929562099	0.0075093420640732	0.998314188473375	0.0075093420640732
LINC01099	0.267864425777546	-0.015453620496937	0.998314188473375	-0.015453620496937
PCCA	0.26787297765609	0.00501776597917	0.998314188473375	0.00501776597917
TUBB4A	0.267921858387451	-0.00824018925477041	0.998314188473375	-0.00824018925477041
ZNHIT1	0.268025270089966	-0.014140461045275	0.998314188473375	-0.014140461045275
GNL2	0.268060335064415	0.0153161630089784	0.998314188473375	0.0153161630089784
CBFA2T2	0.268194248120908	0.00466595530554972	0.998314188473375	0.00466595530554972
SEMA3B	0.268204626581416	-0.00634286703043519	0.998314188473375	-0.00634286703043519
AC016907.2	0.26825671363631	-0.0174583735118595	0.998314188473375	-0.0174583735118595
NADK	0.268619725882846	0.0118486355498604	0.998539131465646	0.0118486355498604
ZKSCAN2-DT	0.268694592790184	0.0149164177793233	0.998539131465646	0.0149164177793233
GNL1	0.268754351483162	-0.0135074837500421	0.998539131465646	-0.0135074837500421
ITFG1	0.268773242348605	-0.0043595121883766	0.998539131465646	-0.0043595121883766
SIRT7	0.268894981982968	-0.00951942141821744	0.998539131465646	-0.00951942141821744
FBXW8	0.268977233779935	0.0133078168608895	0.998539131465646	0.0133078168608895
PWRN1	0.269032471744709	-0.0135917342867157	0.998539131465646	-0.0135917342867157
AP2M1	0.269069153510414	-0.0130830559426356	0.998539131465646	-0.0130830559426356
CASC2	0.269445498495674	-0.0152665254632893	0.998539131465646	-0.0152665254632893
LRRN1	0.26949229301109	-0.0183309407972782	0.998539131465646	-0.0183309407972782
AC117386.2	0.269500357018178	0.0184491427454738	0.998539131465646	0.0184491427454738
AC026341.1	0.269505684368657	0.00951203052459005	0.998539131465646	0.00951203052459005
DUS3L	0.269529996337873	0.0151717609443788	0.998539131465646	0.0151717609443788
DNHD1	0.269642318647219	-0.0075180801256777	0.998609597398336	-0.0075180801256777
OAZ1	0.269886575115248	-0.0129877407794962	0.998792044948546	-0.0129877407794962
CAPZA1	0.269953323967335	-0.00553383282383896	0.998792044948546	-0.00553383282383896
LSM1	0.269971539384859	0.014739939175689	0.998792044948546	0.014739939175689
PDZD2	0.27010752503565	-0.00745667370351572	0.998949841208212	-0.00745667370351572
ANKIB1	0.270419405795023	-0.00351326121020004	0.999365034096035	-0.00351326121020004
ARPC1A	0.271034869063714	0.00667461051106041	0.999365034096035	0.00667461051106041
PPP2CB	0.271093885047155	0.0063138120559352	0.999365034096035	0.0063138120559352
METAP1	0.271220284602247	0.0118795404718486	0.999365034096035	0.0118795404718486
SCML2	0.271382954180124	0.0168488337904678	0.999365034096035	0.0168488337904678
LCMT1	0.271431272453897	0.00627715648112777	0.999365034096035	0.00627715648112777
FLYWCH1	0.271456363192611	0.00867041179305106	0.999365034096035	0.00867041179305106
AC009107.2	0.271584566580406	0.018949142747822	0.999365034096035	0.018949142747822
ENPP4	0.271705241219972	0.0091582706893668	0.999365034096035	0.0091582706893668
NRCAM	0.271719389962851	0.020552013249508	0.999365034096035	0.020552013249508
CXXC5	0.271749916995451	0.0062000473530844	0.999365034096035	0.0062000473530844
STOML1	0.27177455437944	-0.0190883636241039	0.999365034096035	-0.0190883636241039
ABAT	0.271945133335496	-0.0102181696571227	0.999365034096035	-0.0102181696571227
EMD	0.271995464302889	-0.015040206329879	0.999365034096035	-0.015040206329879
SUFU	0.272071714127252	-0.00816791435916637	0.999365034096035	-0.00816791435916637
CWF19L1	0.27209474056132	0.00909311227708995	0.999365034096035	0.00909311227708995
SLC35E3	0.27234409841203	-0.00606986719331161	0.999365034096035	-0.00606986719331161
CNIH1	0.272379698329044	0.0135831130891388	0.999365034096035	0.0135831130891388
SEZ6L	0.272403845945358	-0.0243956151622612	0.999365034096035	-0.0243956151622612
DUSP11	0.27252131415447	-0.0161172422710999	0.999365034096035	-0.0161172422710999
PPP1R12C	0.27254704010105	-0.00874957655349849	0.999365034096035	-0.00874957655349849
SGCZ	0.27256870545702	0.0184547545907725	0.999365034096035	0.0184547545907725
UNC45A	0.272622438534222	0.0108194659199295	0.999365034096035	0.0108194659199295
PIGA	0.272740151805385	0.0152873345312633	0.999365034096035	0.0152873345312633
ITGB3BP	0.272831649756124	0.00921406847795842	0.999365034096035	0.00921406847795842
ZC4H2	0.272881355729516	-0.00714947875893369	0.999365034096035	-0.00714947875893369
CLDN12	0.27304856654364	-0.0182950238112432	0.999365034096035	-0.0182950238112432
FUT8	0.273266445325147	0.00370555780357566	0.999365034096035	0.00370555780357566
CRLS1	0.273314704432342	0.00927887932533381	0.999365034096035	0.00927887932533381
BOD1L1	0.273333373534318	-0.00698251702718014	0.999365034096035	-0.00698251702718014
AC079950.1	0.273478218755499	-0.0186289827854776	0.999365034096035	-0.0186289827854776
MAPK1	0.273824185254596	-0.00673696771235004	0.999365034096035	-0.00673696771235004
SFXN5	0.273842157701153	-0.0118666950151812	0.999365034096035	-0.0118666950151812
EIF1AD	0.273886402394441	0.0174673802068126	0.999365034096035	0.0174673802068126
SPRTN	0.273918721475807	0.0173528506349293	0.999365034096035	0.0173528506349293
OARD1	0.273980499994008	0.00805055673697781	0.999365034096035	0.00805055673697781
HEG1	0.274035469557488	0.00909829756741163	0.999365034096035	0.00909829756741163
CNBP	0.274040337694718	-0.0102002882067513	0.999365034096035	-0.0102002882067513
SCYL1	0.274159134926377	-0.0110396783316256	0.999365034096035	-0.0110396783316256
CHPF	0.274206810355021	0.0184321333062372	0.999365034096035	0.0184321333062372
GGCX	0.274432323516606	-0.0143136336028252	0.999365034096035	-0.0143136336028252
DCC	0.274523664472631	-0.0123006446154379	0.999365034096035	-0.0123006446154379
ASCC3	0.274524230851799	-0.00603345859051074	0.999365034096035	-0.00603345859051074
MIPEP	0.274534741427621	-0.00888407758618987	0.999365034096035	-0.00888407758618987
CPB1	0.274676595262461	0.0117972828741075	0.999365034096035	0.0117972828741075
DHX34	0.274989170041179	0.00832648640957216	0.999365034096035	0.00832648640957216
BCDIN3D	0.27517492494156	-0.0173871022778504	0.999365034096035	-0.0173871022778504
SNX32	0.275489553896234	0.0157522235674164	0.999365034096035	0.0157522235674164
SMIM27	0.275651586493052	0.0201058286953049	0.999365034096035	0.0201058286953049
NAA50	0.275748803833306	0.00905709421546065	0.999365034096035	0.00905709421546065
RELT	0.275889551010671	0.0151218122641819	0.999365034096035	0.0151218122641819
MT3	0.275959490449629	-0.0146513983897722	0.999365034096035	-0.0146513983897722
NECAB1	0.275984404566144	-0.00595647117909483	0.999365034096035	-0.00595647117909483
ILKAP	0.276116797091034	-0.00598971507821262	0.999365034096035	-0.00598971507821262
IMPA1	0.276141848195911	0.0144339538675241	0.999365034096035	0.0144339538675241
GSTA4	0.276310862860151	0.00852412480212341	0.999365034096035	0.00852412480212341
COMMD6	0.276363035800312	0.0164671216253668	0.999365034096035	0.0164671216253668
AC021660.4	0.276441288983193	-0.0149130553568618	0.999365034096035	-0.0149130553568618
IDH3A	0.276477077447768	0.0140847831422695	0.999365034096035	0.0140847831422695
RIOK2	0.27654059974263	0.0155175092865035	0.999365034096035	0.0155175092865035
COL28A1	0.276570275378679	0.014136948462691	0.999365034096035	0.014136948462691
SLC36A1	0.276613689194038	-0.0132496102838269	0.999365034096035	-0.0132496102838269
HCFC2	0.276643973685802	0.00810927347627982	0.999365034096035	0.00810927347627982
SLC35E4	0.276677395996007	-0.00770715111054907	0.999365034096035	-0.00770715111054907
FAHD2B	0.276927086748341	0.0143605801591367	0.999365034096035	0.0143605801591367
TMEM189	0.277026822211595	0.00792945224314326	0.999365034096035	0.00792945224314326
PLGLB1	0.277260711177768	0.0186882598806171	0.999365034096035	0.0186882598806171
CAPS	0.277528810659849	0.0101161109889688	0.999365034096035	0.0101161109889688
SYS1	0.277662654482406	0.0165771163699404	0.999365034096035	0.0165771163699404
DDB1	0.277698027514929	0.00829919033062723	0.999365034096035	0.00829919033062723
AL157400.3	0.277746119381693	-0.0122519379263646	0.999365034096035	-0.0122519379263646
ZFP14	0.277815290324759	-0.00529116366314436	0.999365034096035	-0.00529116366314436
ZNF598	0.278235285275436	-0.0175339315640745	0.999365034096035	-0.0175339315640745
ZNF775	0.27838748036904	0.0120613945310546	0.999365034096035	0.0120613945310546
PRPF39	0.278514736612201	0.00683967384782108	0.999365034096035	0.00683967384782108
LIG1	0.278626856955675	0.0102757558950599	0.999365034096035	0.0102757558950599
SCD	0.278762716677327	0.00805425252028929	0.999365034096035	0.00805425252028929
GLI4	0.27883006077602	-0.0139924743312222	0.999365034096035	-0.0139924743312222
NUP88	0.279050802394076	0.00735169866029814	0.999365034096035	0.00735169866029814
H6PD	0.27906453993149	-0.0103203090590367	0.999365034096035	-0.0103203090590367
STRN	0.279276691379718	0.00469502827355542	0.999365034096035	0.00469502827355542
E2F6	0.279330830892	-0.0131568159367656	0.999365034096035	-0.0131568159367656
ARF3	0.279342727801455	-0.0204928465980411	0.999365034096035	-0.0204928465980411
FERMT2	0.279420951109214	0.0053582308288914	0.999365034096035	0.0053582308288914
AL442071.2	0.279428422294896	0.0139508855609931	0.999365034096035	0.0139508855609931
GNA11	0.279498829898488	0.00905147825737991	0.999365034096035	0.00905147825737991
PDP2	0.279623302448999	0.0144892188819928	0.999365034096035	0.0144892188819928
GUCY1A2	0.280079735752907	-0.0209209705145282	0.999365034096035	-0.0209209705145282
DMAC1	0.28019789547004	-0.0162642159791037	0.999365034096035	-0.0162642159791037
MRPL57	0.280336445132402	-0.0166512634997357	0.999365034096035	-0.0166512634997357
CSNK2A1	0.280382092620573	0.00572353394442853	0.999365034096035	0.00572353394442853
RHOT2	0.280402398296977	0.00977961387757819	0.999365034096035	0.00977961387757819
GALNT17	0.280412098680254	-0.0215361044140603	0.999365034096035	-0.0215361044140603
FAM193B	0.280446148056412	-0.00630769377787289	0.999365034096035	-0.00630769377787289
CHRM5	0.280484445642672	-0.0207708504801298	0.999365034096035	-0.0207708504801298
KDM5C	0.280818644197464	0.00750371187354764	0.999365034096035	0.00750371187354764
AC021851.2	0.280855462314289	-0.0148461783727409	0.999365034096035	-0.0148461783727409
PCSK2	0.280966936699256	-0.0236256302847093	0.999365034096035	-0.0236256302847093
RNF217	0.280986483507698	0.00843899930266929	0.999365034096035	0.00843899930266929
PTDSS2	0.281135128424886	-0.00619605414081108	0.999365034096035	-0.00619605414081108
FTCDNL1	0.281169645048568	0.00775887398572812	0.999365034096035	0.00775887398572812
HES6	0.281220933150448	0.0131013472270489	0.999365034096035	0.0131013472270489
PUS7L	0.281495350038592	0.00791432653498889	0.999365034096035	0.00791432653498889
CDCA7L	0.281628642095127	0.0146080970238933	0.999365034096035	0.0146080970238933
MTA2	0.281953383287278	0.0190489255369244	0.999365034096035	0.0190489255369244
MACROD2	0.281960379797654	-0.0129450336059064	0.999365034096035	-0.0129450336059064
PRRT3-AS1	0.282006096341082	0.0129088568726005	0.999365034096035	0.0129088568726005
PRPSAP2	0.282124177850242	0.00656676594000313	0.999365034096035	0.00656676594000313
UQCRQ	0.282198819769223	-0.0227322126057854	0.999365034096035	-0.0227322126057854
KLHL4	0.282427051880674	-0.00510422638223174	0.999365034096035	-0.00510422638223174
QRSL1	0.28259804380454	0.0081083468072566	0.999365034096035	0.0081083468072566
OSGEPL1	0.28267298221498	-0.0131065119356682	0.999365034096035	-0.0131065119356682
PTGR2	0.283060546387944	0.0104833608612256	0.999365034096035	0.0104833608612256
CENPT	0.283176502123864	-0.0146746870447687	0.999365034096035	-0.0146746870447687
P3H1	0.283178120237952	-0.0118654772757183	0.999365034096035	-0.0118654772757183
TRIM11	0.28333865685938	-0.0200651763183396	0.999365034096035	-0.0200651763183396
ARRDC1-AS1	0.283620035870079	0.0122512127091193	0.999365034096035	0.0122512127091193
MON2	0.283830561527475	-0.00417468127157848	0.999365034096035	-0.00417468127157848
RBKS	0.284080948884471	0.0162765838646588	0.999365034096035	0.0162765838646588
UHRF2	0.284081578401019	-0.00596860545349902	0.999365034096035	-0.00596860545349902
LDLRAD4	0.284110910083365	0.00529507481269282	0.999365034096035	0.00529507481269282
MTPAP	0.284172055038885	0.011742630923739	0.999365034096035	0.011742630923739
SLC26A2	0.284286564429557	0.0147994605221022	0.999365034096035	0.0147994605221022
RAB4A	0.284430188187853	0.00861273355059745	0.999365034096035	0.00861273355059745
EML4	0.284431977330726	0.011581499386612	0.999365034096035	0.011581499386612
CD247	0.284443804503585	-0.0151014620537915	0.999365034096035	-0.0151014620537915
TMEM175	0.284520905200674	0.00958664886695586	0.999365034096035	0.00958664886695586
FGD5-AS1	0.284533750012322	-0.00821496843583894	0.999365034096035	-0.00821496843583894
SON	0.284562033117012	-0.00505257892609592	0.999365034096035	-0.00505257892609592
AC005520.2	0.28462569740871	-0.0247794339408571	0.999365034096035	-0.0247794339408571
PLD2	0.284718340064575	-0.0161093804361608	0.999365034096035	-0.0161093804361608
SVEP1	0.284746698901507	0.00860906216554928	0.999365034096035	0.00860906216554928
VPS28	0.284760374820348	-0.0114774218079201	0.999365034096035	-0.0114774218079201
AC022182.1	0.284858440825661	0.0130742724337371	0.999365034096035	0.0130742724337371
GGA3	0.28491696138742	0.00907295441194431	0.999365034096035	0.00907295441194431
MICALL1	0.284953505736234	0.0109055443081685	0.999365034096035	0.0109055443081685
PTS	0.285002725777797	-0.00858165743623473	0.999365034096035	-0.00858165743623473
ALDH7A1	0.285394034099667	0.00767670376696117	0.999365034096035	0.00767670376696117
AP000866.1	0.285441061488794	0.0121015142996595	0.999365034096035	0.0121015142996595
VKORC1	0.285458567849696	0.0146172611217718	0.999365034096035	0.0146172611217718
USP20	0.285527239430515	-0.00891104347446359	0.999365034096035	-0.00891104347446359
AL513548.1	0.28554098414885	0.0163078773327845	0.999365034096035	0.0163078773327845
MRPL45	0.285573595305855	0.0116162254133537	0.999365034096035	0.0116162254133537
BAG5	0.285720918185461	-0.0129022255502706	0.999365034096035	-0.0129022255502706
MRPS5	0.285751366117121	0.00568999459553178	0.999365034096035	0.00568999459553178
ST5	0.285985953441447	-0.0171661036257597	0.999365034096035	-0.0171661036257597
JADE2	0.286124330210603	-0.00750822018612273	0.999365034096035	-0.00750822018612273
ABCA6	0.286409606062943	0.0118637465253063	0.999365034096035	0.0118637465253063
EML1	0.286497708161514	0.00926279777803015	0.999365034096035	0.00926279777803015
DNAJC21	0.286533884136872	-0.00827485717789183	0.999365034096035	-0.00827485717789183
COA8	0.286734323059625	0.0168180901305365	0.999365034096035	0.0168180901305365
SAP130	0.286820338081997	0.00689905432861616	0.999365034096035	0.00689905432861616
ZBTB41	0.286866172233661	-0.0097964619051533	0.999365034096035	-0.0097964619051533
HNRNPDL	0.28693340850621	-0.00528086823759304	0.999365034096035	-0.00528086823759304
PHKB	0.287270305763218	0.0061268286645863	0.999365034096035	0.0061268286645863
B3GAT3	0.287365239681597	0.00978045958599334	0.999365034096035	0.00978045958599334
RNF144A	0.287397652555173	-0.00394981260648274	0.999365034096035	-0.00394981260648274
INO80B	0.28742780892774	0.0174174406416435	0.999365034096035	0.0174174406416435
ZBTB34	0.287532299785874	-0.0136018387508978	0.999365034096035	-0.0136018387508978
ARHGAP5	0.287753124559361	-0.00377326004449048	0.999365034096035	-0.00377326004449048
SDK2	0.287803706504456	-0.0196880734290502	0.999365034096035	-0.0196880734290502
FLYWCH2	0.287827601595083	0.0151361041777587	0.999365034096035	0.0151361041777587
COX8A	0.287866155131817	0.0203710389961426	0.999365034096035	0.0203710389961426
MAP4K4	0.288102032046981	0.00307234997207746	0.999365034096035	0.00307234997207746
FOLH1	0.288119343326771	0.00594164040821184	0.999365034096035	0.00594164040821184
CLMN	0.288141884429917	-0.00422002361783137	0.999365034096035	-0.00422002361783137
UQCRFS1	0.288169129345265	0.0199794227523064	0.999365034096035	0.0199794227523064
HEATR1	0.288295186355401	0.00904235314203069	0.999365034096035	0.00904235314203069
C2orf92	0.288303989210314	-0.00993297471260467	0.999365034096035	-0.00993297471260467
MYPOP	0.288344414998026	0.0140785143565693	0.999365034096035	0.0140785143565693
AL589693.1	0.28846169414955	0.0145942577557222	0.999365034096035	0.0145942577557222
POU2AF1	0.28854287522271	0.0136958496079831	0.999365034096035	0.0136958496079831
TIMM17A	0.288794459668584	0.0156051559544687	0.999365034096035	0.0156051559544687
PMM2	0.289026576851318	0.00987083214966584	0.999365034096035	0.00987083214966584
RIC8A	0.28906903986077	-0.0140916930656271	0.999365034096035	-0.0140916930656271
SNHG19	0.289071812472577	0.0184371394322222	0.999365034096035	0.0184371394322222
PPP2R1B	0.28909600371083	-0.00692325139279831	0.999365034096035	-0.00692325139279831
CPNE2	0.289276414940147	-0.00530445266291926	0.999365034096035	-0.00530445266291926
CDRT4	0.289354523072807	-0.00757169464136747	0.999365034096035	-0.00757169464136747
MRPS35	0.289435508239441	-0.00867422413439342	0.999365034096035	-0.00867422413439342
RPS6KC1	0.28957823113469	0.00537764165640627	0.999365034096035	0.00537764165640627
POM121C	0.289669534076278	0.00621495673791241	0.999365034096035	0.00621495673791241
C17orf75	0.28971113435493	-0.0119244236553635	0.999365034096035	-0.0119244236553635
ANKRD30BL	0.289734226883008	0.0226824384984084	0.999365034096035	0.0226824384984084
C11orf24	0.289799576896966	0.0150048756112678	0.999365034096035	0.0150048756112678
NPM1	0.289827030082358	-0.0109547493036043	0.999365034096035	-0.0109547493036043
ZNF10	0.290032998948799	0.00913654365445166	0.999365034096035	0.00913654365445166
COLEC12	0.290033035332811	-0.01590548634541	0.999365034096035	-0.01590548634541
SFR1	0.290051999920057	0.0163116126374959	0.999365034096035	0.0163116126374959
TPPP	0.290084813653971	0.00563357065150648	0.999365034096035	0.00563357065150648
CNRIP1	0.290318179334186	-0.0183330822502873	0.999365034096035	-0.0183330822502873
OLIG2	0.290405426891904	0.0114328234202297	0.999365034096035	0.0114328234202297
IP6K3	0.290485497364617	-0.0104276616495159	0.999365034096035	-0.0104276616495159
TRIM13	0.290550174042344	0.00848342790031102	0.999365034096035	0.00848342790031102
XRRA1	0.290605022547589	-0.00770565508539277	0.999365034096035	-0.00770565508539277
MT-ND4	0.290721281389684	0.00732732812878371	0.999365034096035	0.00732732812878371
TTLL5	0.290751982805208	-0.00537987800319617	0.999365034096035	-0.00537987800319617
PEX2	0.290842174119279	-0.00909426214297298	0.999365034096035	-0.00909426214297298
ARHGEF7	0.290888491146485	-0.00399181286648059	0.999365034096035	-0.00399181286648059
POMT1	0.290973164255355	0.0120079185865992	0.999365034096035	0.0120079185865992
DOHH	0.291315907541427	0.00998714041294254	0.999365034096035	0.00998714041294254
MAP3K7	0.291420529378921	0.00669660033920935	0.999365034096035	0.00669660033920935
KIN	0.29142860351768	-0.00790966497192575	0.999365034096035	-0.00790966497192575
LTN1	0.291446245301875	-0.00638408342355187	0.999365034096035	-0.00638408342355187
CREB1	0.291465714112383	-0.00505777843357105	0.999365034096035	-0.00505777843357105
GRID1	0.291477614114037	-0.00461064676097878	0.999365034096035	-0.00461064676097878
MNAT1	0.291537757879184	0.00648874926571356	0.999365034096035	0.00648874926571356
MAP1A	0.291601461170181	-0.00778540328240087	0.999365034096035	-0.00778540328240087
CDK18	0.291632531895517	-0.0043392293980671	0.999365034096035	-0.0043392293980671
DNAJB12	0.291724077666321	0.00940762154537149	0.999365034096035	0.00940762154537149
TCEAL8	0.291726749565041	0.0211939613449072	0.999365034096035	0.0211939613449072
TPPP3	0.291739306181376	0.016524950148601	0.999365034096035	0.016524950148601
HLA-C	0.291789364995085	-0.0220816385691847	0.999365034096035	-0.0220816385691847
MTIF2	0.292072381838247	-0.0126827397579604	0.999365034096035	-0.0126827397579604
FEM1B	0.292193638644985	0.00990482102132187	0.999365034096035	0.00990482102132187
SYN2	0.292230385585131	0.0211618435062551	0.999365034096035	0.0211618435062551
GPC1	0.292244568750133	0.0188664137143883	0.999365034096035	0.0188664137143883
SLC44A5	0.292268801198499	0.0216355818624917	0.999365034096035	0.0216355818624917
FIGNL1	0.292300961709859	0.015672364196105	0.999365034096035	0.015672364196105
UBLCP1	0.292376255554603	0.0117369394760805	0.999365034096035	0.0117369394760805
MPHOSPH10	0.292495818230423	-0.00887842182449388	0.999365034096035	-0.00887842182449388
SP110	0.292528451642785	-0.0103775087707988	0.999365034096035	-0.0103775087707988
LGALS3BP	0.292536971772313	-0.0140306330595782	0.999365034096035	-0.0140306330595782
PSMA4	0.292602169083855	-0.0145099220517205	0.999365034096035	-0.0145099220517205
MTMR6	0.292738515311768	-0.00723029408105017	0.999365034096035	-0.00723029408105017
HSD17B4	0.292756787075434	0.00585490409314226	0.999365034096035	0.00585490409314226
LIN7C	0.292850174907833	-0.0142031274523723	0.999365034096035	-0.0142031274523723
PPP2R1A	0.292966381030415	-0.0116221219490465	0.999365034096035	-0.0116221219490465
NR6A1	0.29305913018663	0.00647099050555989	0.999365034096035	0.00647099050555989
CMIP	0.293102003967908	-0.00785775473152686	0.999365034096035	-0.00785775473152686
GEMIN8	0.293128114213869	-0.00929705348361274	0.999365034096035	-0.00929705348361274
SHB	0.293393031567757	0.00651256904361453	0.999365034096035	0.00651256904361453
SLC29A3	0.293556857368857	-0.0123476243302786	0.999365034096035	-0.0123476243302786
DNAJC30	0.293608576883613	0.0161026456829658	0.999365034096035	0.0161026456829658
KLF9	0.293709920368096	-0.00862804109707448	0.999365034096035	-0.00862804109707448
HIPK1	0.293719608402153	0.00907090060397267	0.999365034096035	0.00907090060397267
THAP5	0.293721293817385	-0.0124168340182392	0.999365034096035	-0.0124168340182392
SP4	0.293725086331252	0.00597511115865296	0.999365034096035	0.00597511115865296
RTL8A	0.294019213599038	0.0145675515053198	0.999365034096035	0.0145675515053198
ARMCX1	0.294208412671	-0.0174465240778165	0.999365034096035	-0.0174465240778165
RASGRF1	0.294234832499544	0.0119779374121163	0.999365034096035	0.0119779374121163
NUDC	0.294241539375361	-0.0113418159668498	0.999365034096035	-0.0113418159668498
JARID2	0.29430245481452	0.00477302642611899	0.999365034096035	0.00477302642611899
ANKRD28	0.294352936127379	-0.00455943183078869	0.999365034096035	-0.00455943183078869
SRP14	0.294756928697882	-0.0147343225649706	0.999365034096035	-0.0147343225649706
LRRC8B	0.294760165064535	-0.00557600317203482	0.999365034096035	-0.00557600317203482
UBR2	0.294760895411313	-0.00465256038262411	0.999365034096035	-0.00465256038262411
ZSCAN21	0.294826593665996	0.0125039162545697	0.999365034096035	0.0125039162545697
GTF3C6	0.294951921217782	0.0161212817831738	0.999365034096035	0.0161212817831738
PLGRKT	0.294962303932949	0.0102211018413447	0.999365034096035	0.0102211018413447
ARID5B	0.295097680821914	-0.0042734783691978	0.999365034096035	-0.0042734783691978
BORCS5	0.295112154936049	0.00613481713137828	0.999365034096035	0.00613481713137828
WDR74	0.295230375911855	0.0134440383267855	0.999365034096035	0.0134440383267855
ZNF564	0.295509204383647	0.0135557812081228	0.999365034096035	0.0135557812081228
TSR2	0.295529173860643	-0.0186239511648037	0.999365034096035	-0.0186239511648037
PRMT9	0.295729848569685	-0.0134927671607357	0.999365034096035	-0.0134927671607357
SYT1	0.295770285033473	0.0190803118923026	0.999365034096035	0.0190803118923026
ARMC9	0.29580182479175	-0.0281843233587843	0.999365034096035	-0.0281843233587843
ZNF607	0.295884184580866	-0.0141069882784254	0.999365034096035	-0.0141069882784254
FAM199X	0.29598184494783	-0.0127666489930338	0.999365034096035	-0.0127666489930338
MTURN	0.296046748342676	-0.00614589671272531	0.999365034096035	-0.00614589671272531
SHLD1	0.296159879415511	-0.00774058721857581	0.999365034096035	-0.00774058721857581
EED	0.296173272970681	0.0101339754038604	0.999365034096035	0.0101339754038604
TF	0.296474698845467	0.00336049313529658	0.999365034096035	0.00336049313529658
ERGIC3	0.296476884000231	0.00977275823634287	0.999365034096035	0.00977275823634287
LINC00599	0.296619787229254	0.0303983341519512	0.999365034096035	0.0303983341519512
KIAA1217	0.296740627543976	0.0201160202544926	0.999365034096035	0.0201160202544926
EIF5A	0.296829835910585	0.0164033283161795	0.999365034096035	0.0164033283161795
STK25	0.296995622716161	-0.00885394417504811	0.999365034096035	-0.00885394417504811
TWSG1	0.297009888444893	0.00822429734322148	0.999365034096035	0.00822429734322148
LEMD2	0.297182128117848	-0.00801079457871879	0.999365034096035	-0.00801079457871879
PEMT	0.297474705352538	0.0136451242022557	0.999365034096035	0.0136451242022557
RPL37A	0.297515055227881	-0.0104986289861185	0.999365034096035	-0.0104986289861185
CDC42	0.297633526510519	0.00744413252291745	0.999365034096035	0.00744413252291745
KIF25	0.297674192755734	-0.019811148110251	0.999365034096035	-0.019811148110251
SPICE1	0.297764314259285	-0.0136887081075554	0.999365034096035	-0.0136887081075554
OPA1	0.297910167305029	-0.00580847904644534	0.999365034096035	-0.00580847904644534
ASPSCR1	0.298060549744757	0.007403929643658	0.999365034096035	0.007403929643658
MED13	0.298148048747307	-0.00423367758695694	0.999365034096035	-0.00423367758695694
ZNF155	0.298169766792193	-0.00973337838538238	0.999365034096035	-0.00973337838538238
FAM53B-AS1	0.298182428433018	0.0149516364057616	0.999365034096035	0.0149516364057616
TRAPPC8	0.298190418638007	-0.00648683632276619	0.999365034096035	-0.00648683632276619
MGRN1	0.298395063440394	-0.00590068280739236	0.999365034096035	-0.00590068280739236
MIR29B2CHG	0.298400522476671	-0.00909232670643776	0.999365034096035	-0.00909232670643776
MAPK8IP1	0.298499668386377	0.00821560043973272	0.999365034096035	0.00821560043973272
TBC1D16	0.298615807624031	-0.0142505921364522	0.999365034096035	-0.0142505921364522
FAM13A	0.298650285019116	-0.0219467729153501	0.999365034096035	-0.0219467729153501
VARS2	0.298699351102108	-0.015421881742336	0.999365034096035	-0.015421881742336
AC005332.6	0.298753519184299	-0.0140211376033374	0.999365034096035	-0.0140211376033374
IGHMBP2	0.29887067617598	0.0127854337085949	0.999365034096035	0.0127854337085949
POLL	0.299058125035053	0.0110531644828958	0.999365034096035	0.0110531644828958
TTC28-AS1	0.29909858848773	0.00622048211128775	0.999365034096035	0.00622048211128775
DNAH6	0.299208790909992	-0.020936096536408	0.999365034096035	-0.020936096536408
SEZ6L2	0.29922499023239	0.0139860675679471	0.999365034096035	0.0139860675679471
CCHCR1	0.299392669280338	-0.0178972566290809	0.999365034096035	-0.0178972566290809
CA14	0.299508469595869	0.0171034104070175	0.999365034096035	0.0171034104070175
OPHN1	0.299530925834983	-0.00925010466225711	0.999365034096035	-0.00925010466225711
TMUB1	0.299828359904514	0.0129979977708469	0.999365034096035	0.0129979977708469
AC022098.1	0.299847890773019	0.0137950274232414	0.999365034096035	0.0137950274232414
MCM3AP-AS1	0.299875326555339	0.0116664024657493	0.999365034096035	0.0116664024657493
AAAS	0.299980568932989	0.0117815910436433	0.999365034096035	0.0117815910436433
MAGOHB	0.299981700905142	0.0180686534852599	0.999365034096035	0.0180686534852599
GALNT10	0.299997089825763	0.00710142843217942	0.999365034096035	0.00710142843217942
MAP4K5	0.300022162521485	-0.00378557987133509	0.999365034096035	-0.00378557987133509
PACSIN2	0.300061137732323	0.00809572180928169	0.999365034096035	0.00809572180928169
BUD13	0.30010962563213	0.0136265726942131	0.999365034096035	0.0136265726942131
HMOX2	0.300127938329097	0.00868403664115238	0.999365034096035	0.00868403664115238
MORC2	0.300215549586086	-0.0119550648759791	0.999365034096035	-0.0119550648759791
PREX1	0.300442355904002	0.00359672812958201	0.999365034096035	0.00359672812958201
DERL1	0.300560711294592	0.0100077496343513	0.999365034096035	0.0100077496343513
LINC02473	0.30067091045193	0.0100411043854252	0.999365034096035	0.0100411043854252
DENND1A	0.300769260587495	-0.00478810747889023	0.999365034096035	-0.00478810747889023
AC005261.1	0.301019324451856	-0.00644857705750215	0.999365034096035	-0.00644857705750215
SEC23A	0.301032613296364	-0.00839932756408571	0.999365034096035	-0.00839932756408571
HOMER2	0.301066340804089	0.0137575805852309	0.999365034096035	0.0137575805852309
JRK	0.301416305020147	0.0102908635467032	0.999365034096035	0.0102908635467032
PRKAR2B	0.301448090700517	0.0226827467350148	0.999365034096035	0.0226827467350148
NAE1	0.301583332049168	0.00702387640062682	0.999365034096035	0.00702387640062682
AL391807.1	0.302063472104619	0.0107616469844449	0.999365034096035	0.0107616469844449
SOX2	0.30208273314858	0.00700420545881313	0.999365034096035	0.00700420545881313
MRPL47	0.302105029685902	0.0148089065934502	0.999365034096035	0.0148089065934502
SH3RF1	0.30213205197746	-0.00584299790494665	0.999365034096035	-0.00584299790494665
RAD23A	0.302190581425086	-0.00928968701618811	0.999365034096035	-0.00928968701618811
DDX18	0.302215923617543	0.00813491272380071	0.999365034096035	0.00813491272380071
FAM66B	0.302232997040227	0.0110148967054099	0.999365034096035	0.0110148967054099
RMND1	0.302268148924778	0.0100992074529126	0.999365034096035	0.0100992074529126
SLAIN1	0.302370096289206	-0.00335382146365513	0.999365034096035	-0.00335382146365513
TNNI3K	0.302478765332996	0.00857123430996855	0.999365034096035	0.00857123430996855
CCDC28A	0.302494260272791	0.0161497535280716	0.999365034096035	0.0161497535280716
MXRA7	0.302576679389268	-0.0136775134528186	0.999365034096035	-0.0136775134528186
ERMN	0.302691756161164	0.00622450355351012	0.999365034096035	0.00622450355351012
NCBP2	0.302788493995674	0.0181191476803023	0.999365034096035	0.0181191476803023
SGF29	0.302830171097552	-0.00972752487874204	0.999365034096035	-0.00972752487874204
KCNK1	0.303260101633739	0.00917931451291367	0.999365034096035	0.00917931451291367
PLEKHF1	0.303446051850417	-0.0158275965327248	0.999365034096035	-0.0158275965327248
APOLD1	0.303545586615027	0.00753288659837314	0.999365034096035	0.00753288659837314
KIFC2	0.303556958036525	0.024959031845932	0.999365034096035	0.024959031845932
PHF20L1	0.303632453330865	0.00415162408634405	0.999365034096035	0.00415162408634405
CCDC9B	0.303648476075294	0.0134150857225899	0.999365034096035	0.0134150857225899
KIAA0753	0.303706719692817	-0.0145706202483229	0.999365034096035	-0.0145706202483229
VXN	0.303829490169243	0.00735651352676391	0.999365034096035	0.00735651352676391
SCART1	0.303870073290192	0.0180122196660294	0.999365034096035	0.0180122196660294
CCK	0.303875434657417	0.0207004553500204	0.999365034096035	0.0207004553500204
SFSWAP	0.304032094675453	0.00485002688226998	0.999365034096035	0.00485002688226998
PPIP5K1	0.304171528559282	0.014105198540071	0.999365034096035	0.014105198540071
GIPR	0.30437970057235	-0.0142260738064856	0.999365034096035	-0.0142260738064856
POLR2A	0.304429538427464	0.00755336571523667	0.999365034096035	0.00755336571523667
PHC2	0.30443044364908	0.00428680221895225	0.999365034096035	0.00428680221895225
GABRA1	0.304504885475031	-0.0282749349691071	0.999365034096035	-0.0282749349691071
HDLBP	0.304506158913596	0.00621412635832617	0.999365034096035	0.00621412635832617
AC016831.7	0.305199234446499	-0.00749428964264207	0.999365034096035	-0.00749428964264207
C2orf88	0.305256428414604	0.0100560082948692	0.999365034096035	0.0100560082948692
LAMTOR2	0.305314779593274	0.0172597632373499	0.999365034096035	0.0172597632373499
NUP107	0.30542019668516	-0.00703297790809375	0.999365034096035	-0.00703297790809375
SLC13A3	0.305447490281629	0.00603370348976523	0.999365034096035	0.00603370348976523
ZNF549	0.305617549385863	0.0125554403964276	0.999365034096035	0.0125554403964276
IRF9	0.305653508993226	-0.0149793664040243	0.999365034096035	-0.0149793664040243
ATP6V1D	0.305715791862422	-0.0122239456389675	0.999365034096035	-0.0122239456389675
GABRB2	0.305739805573396	-0.0206287451236078	0.999365034096035	-0.0206287451236078
EAF1	0.30600762564873	0.020188790643668	0.999365034096035	0.020188790643668
HTR4	0.306012524343859	-0.0177737344140028	0.999365034096035	-0.0177737344140028
SLC25A29	0.306040197042236	-0.00722383943624165	0.999365034096035	-0.00722383943624165
AC021231.1	0.306089145060859	0.0103816588039323	0.999365034096035	0.0103816588039323
SDHAF3	0.306185529881126	-0.0173676994344939	0.999365034096035	-0.0173676994344939
ABRAXAS2	0.306206861648357	0.00970503904174553	0.999365034096035	0.00970503904174553
MRPL34	0.306228078920871	-0.0249019636700606	0.999365034096035	-0.0249019636700606
PALB2	0.306289271338278	-0.0123675138041276	0.999365034096035	-0.0123675138041276
GOSR1	0.30666013933207	0.00590428074183942	0.999365034096035	0.00590428074183942
AC027097.2	0.306829990846084	0.012389663206161	0.999365034096035	0.012389663206161
ARHGAP26	0.306833548985888	-0.0187919119611357	0.999365034096035	-0.0187919119611357
USPL1	0.307045564256953	0.00899915200013796	0.999365034096035	0.00899915200013796
GPR180	0.307156553480969	-0.0148325855393982	0.999365034096035	-0.0148325855393982
GABRB3	0.307178714119941	0.0217133180366041	0.999365034096035	0.0217133180366041
DXO	0.307413533775556	-0.0181653630998595	0.999365034096035	-0.0181653630998595
IDH2	0.30743573692252	0.00725336387409232	0.999365034096035	0.00725336387409232
NRG3	0.307500535929081	0.01998078256641	0.999365034096035	0.01998078256641
DUSP15	0.307549904319537	0.015876400350406	0.999365034096035	0.015876400350406
AC123912.1	0.307763503322658	0.016748799932023	0.999365034096035	0.016748799932023
CXXC4-AS1	0.307799886161164	0.00994284241540734	0.999365034096035	0.00994284241540734
GIT1	0.307831812181467	-0.00568471374396065	0.999365034096035	-0.00568471374396065
ZNF696	0.308066208054555	-0.0161512840996955	0.999365034096035	-0.0161512840996955
TXNRD1	0.308401422873062	-0.0101795881065983	0.999365034096035	-0.0101795881065983
CCDC62	0.308495820615652	0.0133167789304405	0.999365034096035	0.0133167789304405
MTMR8	0.30865581838522	0.0131474542091939	0.999365034096035	0.0131474542091939
CFAP70	0.308940132146783	0.011254505462214	0.999365034096035	0.011254505462214
KAT14	0.309138744262686	0.0114912821692617	0.999365034096035	0.0114912821692617
BRWD3	0.309377068857162	0.00662997857760519	0.999365034096035	0.00662997857760519
NLGN4Y	0.309443677341702	0.00894935165829492	0.999365034096035	0.00894935165829492
DTWD2	0.309512973758789	0.0107070105391539	0.999365034096035	0.0107070105391539
CCNG2	0.309669196507044	0.0128361704842372	0.999365034096035	0.0128361704842372
DOCK1	0.309857594991173	-0.00431582415999589	0.999365034096035	-0.00431582415999589
CDK6	0.309898718862323	-0.00447439181073043	0.999365034096035	-0.00447439181073043
RRP7A	0.309984241325883	0.00990661021538192	0.999365034096035	0.00990661021538192
C2orf74	0.310014002970383	0.011229767316074	0.999365034096035	0.011229767316074
PPM1K-DT	0.31049057428042	-0.018995850377933	0.999365034096035	-0.018995850377933
NOP58	0.310513436063009	0.00777712014385082	0.999365034096035	0.00777712014385082
YPEL1	0.310623358686848	0.0133245116396453	0.999365034096035	0.0133245116396453
SMC2	0.31067620312179	-0.0113341601913031	0.999365034096035	-0.0113341601913031
CTDNEP1	0.310812450931465	0.0100054933627925	0.999365034096035	0.0100054933627925
GTPBP3	0.311063884373399	-0.0170780842195053	0.999365034096035	-0.0170780842195053
GPR37L1	0.311106655793531	-0.012571111035735	0.999365034096035	-0.012571111035735
CCDC138	0.311152261873869	-0.00699439324646959	0.999365034096035	-0.00699439324646959
AC026471.4	0.311301276148483	0.0105424251539622	0.999365034096035	0.0105424251539622
AC012459.1	0.311363293126645	0.00749189345929182	0.999365034096035	0.00749189345929182
B2M	0.31139517584615	-0.0111121175102087	0.999365034096035	-0.0111121175102087
TEX2	0.311415554001317	0.00562202617053731	0.999365034096035	0.00562202617053731
GPATCH2L	0.311885463490031	-0.00542510622003777	0.999365034096035	-0.00542510622003777
BTG3	0.312078221959218	-0.0130491508465424	0.999365034096035	-0.0130491508465424
AC011346.1	0.312106234482072	0.00518780390368727	0.999365034096035	0.00518780390368727
SPAG7	0.312160301472865	0.0124470413767528	0.999365034096035	0.0124470413767528
SH3PXD2A	0.312176309188348	-0.00617911954461517	0.999365034096035	-0.00617911954461517
CLASP2	0.312177994056807	-0.00298992629344962	0.999365034096035	-0.00298992629344962
AFF4	0.312186228534705	0.00497871256357818	0.999365034096035	0.00497871256357818
CDH3	0.312227751075954	-0.0186441624349151	0.999365034096035	-0.0186441624349151
LINC00672	0.31247264140423	-0.0183051850017765	0.999365034096035	-0.0183051850017765
CEP57L1	0.31253306561298	-0.00908606287228867	0.999365034096035	-0.00908606287228867
AC087294.1	0.312695318873016	0.0129975409644396	0.999365034096035	0.0129975409644396
ASB7	0.312768710748371	-0.00948094513592121	0.999365034096035	-0.00948094513592121
DERA	0.312832076219741	-0.0110957707269163	0.999365034096035	-0.0110957707269163
MRE11	0.312860335822287	-0.00907245179246268	0.999365034096035	-0.00907245179246268
SAV1	0.313120164141473	-0.00814267365152993	0.999365034096035	-0.00814267365152993
FAM192A	0.31324792473124	0.00667675888329035	0.999365034096035	0.00667675888329035
ART3	0.313301193318567	0.0175357499612526	0.999365034096035	0.0175357499612526
TAF3	0.31341680086197	-0.00548410856514425	0.999365034096035	-0.00548410856514425
NCAPH2	0.313486029851965	0.0115170157560685	0.999365034096035	0.0115170157560685
PLA2G6	0.313607331360864	0.00819436951239345	0.999365034096035	0.00819436951239345
ZNF32	0.313647073326483	0.00870411261839442	0.999365034096035	0.00870411261839442
SFI1	0.313682645707901	-0.010749124875584	0.999365034096035	-0.010749124875584
AC006148.1	0.313974981306614	-0.00596363998696141	0.999365034096035	-0.00596363998696141
HERPUD1	0.313978031754447	-0.0123635198526829	0.999365034096035	-0.0123635198526829
JTB	0.314041097416757	-0.01317534577223	0.999365034096035	-0.01317534577223
MEN1	0.314166198794397	0.0149725488819173	0.999365034096035	0.0149725488819173
AL162511.1	0.31420897273814	0.00975073191052848	0.999365034096035	0.00975073191052848
RPS27	0.314220192161731	0.0132107132343358	0.999365034096035	0.0132107132343358
ZNF844	0.31451616970387	0.0146881544242108	0.999365034096035	0.0146881544242108
GTDC1	0.314706931690923	0.00382383984582884	0.999365034096035	0.00382383984582884
LPCAT4	0.314744206430532	-0.0238697091336836	0.999365034096035	-0.0238697091336836
CDH23	0.314892667451183	0.0110233757655131	0.999365034096035	0.0110233757655131
UBP1	0.314923087170025	0.0108527109105585	0.999365034096035	0.0108527109105585
POLR3F	0.314980668235418	0.0145835087585855	0.999365034096035	0.0145835087585855
ZNF540	0.315023425171474	0.0102361388614367	0.999365034096035	0.0102361388614367
RMDN3	0.315172911038434	0.00840784488284635	0.999365034096035	0.00840784488284635
YPEL2	0.315253054263096	0.00432939304546507	0.999365034096035	0.00432939304546507
METTL7A	0.31550772921763	-0.00965088636639571	0.999365034096035	-0.00965088636639571
PSMA3-AS1	0.315809379066611	0.00647336931611579	0.999365034096035	0.00647336931611579
C15orf41	0.315895934051762	-0.00547724445232344	0.999365034096035	-0.00547724445232344
CNNM4	0.316039694557241	0.00895216936816057	0.999365034096035	0.00895216936816057
MRPL41	0.316206961445493	0.0124756317398794	0.999365034096035	0.0124756317398794
ADGRB2	0.316258748412975	-0.0141986925483204	0.999365034096035	-0.0141986925483204
LIN7B	0.316392213410195	-0.0199016677303506	0.999365034096035	-0.0199016677303506
UBE4B	0.31648182100218	-0.00391101484793085	0.999365034096035	-0.00391101484793085
FBXL18	0.316489124047225	-0.00795707340519898	0.999365034096035	-0.00795707340519898
THNSL2	0.316525609282562	0.0123217739492854	0.999365034096035	0.0123217739492854
ANKRD46	0.316541325640345	-0.0114474782610928	0.999365034096035	-0.0114474782610928
EDEM3	0.316636839860616	-0.00653298036180482	0.999365034096035	-0.00653298036180482
AHR	0.316738717513655	-0.00849777746289687	0.999365034096035	-0.00849777746289687
YME1L1	0.316739098420269	0.00652767610612852	0.999365034096035	0.00652767610612852
VASH1-AS1	0.316818329409987	0.0155242750251082	0.999365034096035	0.0155242750251082
MXD4	0.316888137007408	0.00883594290606954	0.999365034096035	0.00883594290606954
TMA7	0.31695234149873	-0.0152273043166365	0.999365034096035	-0.0152273043166365
DDX39B	0.316953317279697	0.00579378219642195	0.999365034096035	0.00579378219642195
SPATA7	0.31706492442232	-0.00818618001152063	0.999365034096035	-0.00818618001152063
BCAS3	0.317231964358425	0.00380207659672348	0.999365034096035	0.00380207659672348
RYR2	0.317343651049483	-0.0140419807951439	0.999365034096035	-0.0140419807951439
TPGS1	0.31738888603013	-0.00972911655937606	0.999365034096035	-0.00972911655937606
SRGAP2B	0.317603959448395	-0.0155415162783561	0.999365034096035	-0.0155415162783561
SLC25A3	0.317641573973223	-0.0154749316215378	0.999365034096035	-0.0154749316215378
FLRT2	0.317649076775791	-0.0228098799225088	0.999365034096035	-0.0228098799225088
ATP6V1B2	0.317739243257269	-0.0168780165880558	0.999365034096035	-0.0168780165880558
ZNF330	0.317801528195005	-0.0134551171543008	0.999365034096035	-0.0134551171543008
C9orf16	0.317825022672861	-0.0255469246561558	0.999365034096035	-0.0255469246561558
USP40	0.317888230914379	0.00514952604335726	0.999365034096035	0.00514952604335726
XIAP	0.318101052935934	-0.0053226578856084	0.999365034096035	-0.0053226578856084
ARID2	0.318119237718254	0.00402168955498314	0.999365034096035	0.00402168955498314
ARRB2	0.318275653491739	0.0151535846730399	0.999365034096035	0.0151535846730399
AC092171.4	0.318335175106098	-0.0169190274000654	0.999365034096035	-0.0169190274000654
MUS81	0.3183678591311	0.0111066796054724	0.999365034096035	0.0111066796054724
APCDD1	0.318405170497295	0.00851986302719744	0.999365034096035	0.00851986302719744
EPHA4	0.318501653499724	-0.0237385907153275	0.999365034096035	-0.0237385907153275
ILF3	0.318572267520918	-0.00604936852419745	0.999365034096035	-0.00604936852419745
FAM215B	0.318660784013355	-0.0189518618712696	0.999365034096035	-0.0189518618712696
PDCD6	0.318790579867959	-0.00604091448266608	0.999365034096035	-0.00604091448266608
ARID1B	0.319015219555857	-0.00323819776660712	0.999365034096035	-0.00323819776660712
GOLM1	0.31903251170556	-0.0152604675698035	0.999365034096035	-0.0152604675698035
C9orf147	0.319257593143175	0.0113615693200712	0.999365034096035	0.0113615693200712
CDK2AP2	0.319273392937916	0.0143127206415409	0.999365034096035	0.0143127206415409
H2AFX	0.319302386005777	0.0131463898574708	0.999365034096035	0.0131463898574708
CCDC91	0.319329253538719	-0.00528311639979626	0.999365034096035	-0.00528311639979626
DOCK2	0.319357546442817	-0.0202094329049956	0.999365034096035	-0.0202094329049956
AC011416.4	0.31944806679928	-0.0118932276846932	0.999365034096035	-0.0118932276846932
RAD1	0.319820433097529	0.0133849760375539	0.999365034096035	0.0133849760375539
TIMM23B-AGAP6	0.319861542037137	0.0150307702535998	0.999365034096035	0.0150307702535998
CCT2	0.320074160365897	-0.0115069343876479	0.999365034096035	-0.0115069343876479
ZNF140	0.320195430691887	-0.0119381689666186	0.999365034096035	-0.0119381689666186
GTF2A1	0.320427723905615	-0.0105723489002774	0.999365034096035	-0.0105723489002774
WDR25	0.320574128781225	-0.00924015809314358	0.999365034096035	-0.00924015809314358
NRIP1	0.320749190441231	-0.00826159248824253	0.999365034096035	-0.00826159248824253
RAN	0.320770014251271	0.0160396354946876	0.999365034096035	0.0160396354946876
LINC01554	0.320782423793732	-0.0159637728612378	0.999365034096035	-0.0159637728612378
FAM149B1	0.320845561887393	0.0091435105892393	0.999365034096035	0.0091435105892393
SPOCK2	0.321220278939764	-0.02190061132544	0.999365034096035	-0.02190061132544
AC130324.2	0.321383178660562	-0.0100405035831097	0.999365034096035	-0.0100405035831097
MGAT4A	0.321415357329474	-0.00671472691706238	0.999365034096035	-0.00671472691706238
SRP68	0.321474278192246	-0.0113702663845968	0.999365034096035	-0.0113702663845968
DSCAML1	0.321482704243239	-0.00439991035508932	0.999365034096035	-0.00439991035508932
DCLRE1C	0.321551955264153	0.0097844722283768	0.999365034096035	0.0097844722283768
FAM131B	0.321733905042428	0.010642334998885	0.999365034096035	0.010642334998885
LRP11	0.32176371646866	-0.00646022615595771	0.999365034096035	-0.00646022615595771
SLC35B4	0.32189385498441	-0.00834561721656935	0.999365034096035	-0.00834561721656935
CLDN11	0.321909368930983	0.00483712794372767	0.999365034096035	0.00483712794372767
NFXL1	0.322014575659332	-0.00911300427791403	0.999365034096035	-0.00911300427791403
ZNF585B	0.322037225749072	0.00616793330411246	0.999365034096035	0.00616793330411246
ZNF700	0.322083412379398	0.00962348001321125	0.999365034096035	0.00962348001321125
OCLN	0.322128875325115	0.0138932869849422	0.999365034096035	0.0138932869849422
FOXRED2	0.322229312984562	0.0138721489980797	0.999365034096035	0.0138721489980797
HPS1	0.322897983021874	0.00939292687921798	0.999365034096035	0.00939292687921798
MVK	0.322932038932411	-0.00812474994490145	0.999365034096035	-0.00812474994490145
TRAF3	0.322998586555387	-0.00988740787226941	0.999365034096035	-0.00988740787226941
DAPK3	0.323179590011813	-0.0124245553904528	0.999365034096035	-0.0124245553904528
CNTNAP1	0.323206634288589	-0.0299887116238496	0.999365034096035	-0.0299887116238496
TMEM273	0.323269017493474	0.0113419031900414	0.999365034096035	0.0113419031900414
WARS2	0.323369097566829	-0.0114947765233948	0.999365034096035	-0.0114947765233948
ASL	0.323460493293357	-0.0102814277722208	0.999365034096035	-0.0102814277722208
TMEM178B	0.323495046934435	-0.0150419378013974	0.999365034096035	-0.0150419378013974
ZMAT1	0.32373699066075	0.00638532266400993	0.999365034096035	0.00638532266400993
LRRC41	0.324135092225038	-0.00681151874324581	0.999365034096035	-0.00681151874324581
SIGIRR	0.324143830655079	0.0153972947902926	0.999365034096035	0.0153972947902926
AL117329.1	0.324225063456202	-0.0239776775094048	0.999365034096035	-0.0239776775094048
ZNF329	0.324326839512225	-0.0106836222867522	0.999365034096035	-0.0106836222867522
RPP21	0.324519702740376	0.0163013148765378	0.999365034096035	0.0163013148765378
CAND2	0.32452786156346	0.0108541157372558	0.999365034096035	0.0108541157372558
SGTB	0.32466392228537	-0.0171177182402143	0.999365034096035	-0.0171177182402143
HSPBAP1	0.324664245351276	0.00860781939716405	0.999365034096035	0.00860781939716405
AC036176.1	0.324767480279045	-0.0132023842790178	0.999365034096035	-0.0132023842790178
TSBP1-AS1	0.32494479525833	-0.00982343129369699	0.999365034096035	-0.00982343129369699
TTC7A	0.324950138325331	0.00530967775623338	0.999365034096035	0.00530967775623338
DLGAP2	0.32498368451474	0.0191845306632346	0.999365034096035	0.0191845306632346
TJAP1	0.325043396415409	0.00521965739836734	0.999365034096035	0.00521965739836734
LINC01250	0.325056614147399	-0.0244786044414808	0.999365034096035	-0.0244786044414808
MIR2052HG	0.325327477473653	-0.014256292068727	0.999365034096035	-0.014256292068727
USP6NL	0.325328496511493	-0.0136633503922754	0.999365034096035	-0.0136633503922754
BCCIP	0.325369703447695	-0.00745607553523108	0.999365034096035	-0.00745607553523108
ANKRD18A	0.325669477824639	-0.0116483410369813	0.999365034096035	-0.0116483410369813
SHQ1	0.325738737939745	0.00704987681326719	0.999365034096035	0.00704987681326719
AL139106.1	0.325789242750795	0.0100241822108574	0.999365034096035	0.0100241822108574
BCL2L14	0.32589017117197	0.0190826900782949	0.999365034096035	0.0190826900782949
SLX4	0.325929203588869	0.0131790617328665	0.999365034096035	0.0131790617328665
C10orf143	0.325974593879048	0.0125618244253841	0.999365034096035	0.0125618244253841
TMEM63B	0.326035333533127	-0.0110246633739059	0.999365034096035	-0.0110246633739059
IQCB1	0.326229949093371	0.00558108636540131	0.999365034096035	0.00558108636540131
RANBP2	0.326236536321653	-0.00714664001784784	0.999365034096035	-0.00714664001784784
ZNF34	0.32627475581045	-0.0169760450129736	0.999365034096035	-0.0169760450129736
HOGA1	0.326413038249255	0.0126191265806176	0.999365034096035	0.0126191265806176
CLN8	0.326441528424953	-0.0066911529607818	0.999365034096035	-0.0066911529607818
COL18A1	0.326592840110029	-0.0154737700485899	0.999365034096035	-0.0154737700485899
IST1	0.326603456676118	0.00507309562764387	0.999365034096035	0.00507309562764387
INPP5F	0.326639966202514	-0.0128527922555311	0.999365034096035	-0.0128527922555311
LSM3	0.326675966488642	0.0163371036831387	0.999365034096035	0.0163371036831387
UFL1-AS1	0.326718191744316	0.0112655713774497	0.999365034096035	0.0112655713774497
UBE4A	0.326856646321971	-0.00532605008854082	0.999365034096035	-0.00532605008854082
GAA	0.327071975666199	0.00894512565959165	0.999365034096035	0.00894512565959165
NDUFB6	0.327178458689207	-0.00934006332308496	0.999365034096035	-0.00934006332308496
OLIG1	0.327201169231557	0.00823003749940013	0.999365034096035	0.00823003749940013
TMEM254-AS1	0.327240442526278	0.0127038246203607	0.999365034096035	0.0127038246203607
CDC16	0.32736441201312	0.00617339980494789	0.999365034096035	0.00617339980494789
GATC	0.327368293525082	-0.0104981335818949	0.999365034096035	-0.0104981335818949
NFYB	0.327423624786737	-0.00974278824189148	0.999365034096035	-0.00974278824189148
DIS3	0.327477301047502	-0.008431627545773	0.999365034096035	-0.008431627545773
SF3B4	0.327682840996165	0.0155350287942028	0.999365034096035	0.0155350287942028
PFDN2	0.32777815402049	0.010980219201529	0.999365034096035	0.010980219201529
ERMP1	0.327820448429213	-0.00605711507967162	0.999365034096035	-0.00605711507967162
ZDHHC20	0.327905010172356	0.00507207924526488	0.999365034096035	0.00507207924526488
CNTNAP5	0.327934968711473	0.0192432404286234	0.999365034096035	0.0192432404286234
ZNF552	0.327945598058305	-0.0107236064629833	0.999365034096035	-0.0107236064629833
ICA1L	0.328004731654029	0.0107049906125929	0.999365034096035	0.0107049906125929
ATP13A2	0.328098813036778	0.0100675597358126	0.999365034096035	0.0100675597358126
EOGT	0.328343037994275	0.0131135134291258	0.999365034096035	0.0131135134291258
TMTC3	0.328354136778794	0.00770666402136655	0.999365034096035	0.00770666402136655
LRP4	0.328392572228603	-0.00670651744446756	0.999365034096035	-0.00670651744446756
ARMC10	0.328490801168655	-0.00792893894487642	0.999365034096035	-0.00792893894487642
SNTG1	0.328721339605604	0.0192032469382969	0.999365034096035	0.0192032469382969
BUD31	0.328753696651786	-0.0194506612823696	0.999365034096035	-0.0194506612823696
ATP13A1	0.328756464313176	-0.010515934949742	0.999365034096035	-0.010515934949742
AP003486.1	0.32886946503861	-0.0157864808289189	0.999365034096035	-0.0157864808289189
ABHD12	0.32893507544821	0.00499755527054293	0.999365034096035	0.00499755527054293
BCOR	0.328949520618261	0.00979073284993537	0.999365034096035	0.00979073284993537
NDC1	0.32908698683105	-0.00876411885691615	0.999365034096035	-0.00876411885691615
ZNF672	0.329108428183958	-0.0159095538146494	0.999365034096035	-0.0159095538146494
NARS	0.329144519332015	-0.0120381913235835	0.999365034096035	-0.0120381913235835
DNM1	0.329340013850413	-0.0207443138149221	0.999365034096035	-0.0207443138149221
RANBP1	0.329448204202811	0.013805665087482	0.999365034096035	0.013805665087482
CUX2	0.329555428225569	-0.0244755315868557	0.999365034096035	-0.0244755315868557
C12orf49	0.329583593482534	0.0134842184864621	0.999365034096035	0.0134842184864621
PDCD11	0.329627795686006	0.0110092879357551	0.999365034096035	0.0110092879357551
SAMD4A	0.32968536022983	-0.0123275242993211	0.999365034096035	-0.0123275242993211
SPATA2	0.329691782526207	0.0124430869758195	0.999365034096035	0.0124430869758195
CAMTA1	0.329870747042171	-0.00364039733390839	0.999365034096035	-0.00364039733390839
XRCC6	0.330067435670325	0.00772883902678973	0.999365034096035	0.00772883902678973
CDH19	0.330290437421182	-0.00512166297598404	0.999365034096035	-0.00512166297598404
TUBG2	0.330448065183153	-0.0093068485384649	0.999365034096035	-0.0093068485384649
MPV17L	0.330601281994244	0.0134340209525053	0.999365034096035	0.0134340209525053
TMEM201	0.330709038726764	0.015544492351397	0.999365034096035	0.015544492351397
DHX29	0.330909814142471	-0.00626726845445373	0.999365034096035	-0.00626726845445373
AC069228.1	0.331010524530273	0.00652357500166357	0.999365034096035	0.00652357500166357
AC073263.1	0.331038615704421	0.0129784416096286	0.999365034096035	0.0129784416096286
TMEM117	0.33118429591751	-0.00510081473283233	0.999365034096035	-0.00510081473283233
MRPS7	0.331209452763913	-0.0154725517791648	0.999365034096035	-0.0154725517791648
TAF1C	0.331340981546791	0.0112815307800291	0.999365034096035	0.0112815307800291
FLOT2	0.331460498174205	-0.00961590414436975	0.999365034096035	-0.00961590414436975
DDX21	0.331555247053672	-0.00836443605540263	0.999365034096035	-0.00836443605540263
CNOT2	0.33160971983814	0.00407765138623555	0.999365034096035	0.00407765138623555
ZNF738	0.331789133874308	-0.00869247825487442	0.999365034096035	-0.00869247825487442
PPP1R12B	0.331937243749926	-0.00360698533367954	0.999365034096035	-0.00360698533367954
RPL28	0.331959759429551	0.00852195588669574	0.999365034096035	0.00852195588669574
SHC3	0.331960480339209	-0.024720972213321	0.999365034096035	-0.024720972213321
DCLK1	0.332020729536451	-0.0190534561449549	0.999365034096035	-0.0190534561449549
AKAP1	0.332039006636984	-0.0111950779727847	0.999365034096035	-0.0111950779727847
PMPCA	0.332072310785538	0.0119978911263016	0.999365034096035	0.0119978911263016
PJA2	0.332078110159197	-0.00774934748834362	0.999365034096035	-0.00774934748834362
CELF4	0.332167093687346	0.0186786153016647	0.999365034096035	0.0186786153016647
HUWE1	0.332179382596021	-0.00507791016035426	0.999365034096035	-0.00507791016035426
ERVK13-1	0.332262813885724	0.00931747051290277	0.999365034096035	0.00931747051290277
SEPTIN7	0.332469070327187	0.00317525478766873	0.999365034096035	0.00317525478766873
KMT2E	0.332504905961334	0.00284698689974824	0.999365034096035	0.00284698689974824
RECK	0.332580710378823	-0.00535979112879043	0.999365034096035	-0.00535979112879043
MPLKIP	0.332588490614239	-0.00982992294353459	0.999365034096035	-0.00982992294353459
AL035071.1	0.332760315004037	-0.0161826291491786	0.999365034096035	-0.0161826291491786
CRYL1	0.332859901135734	-0.00566984700435749	0.999365034096035	-0.00566984700435749
TRAFD1	0.333078947940624	-0.00835297515896368	0.999365034096035	-0.00835297515896368
RNF38	0.333199517412219	0.00494560232117164	0.999365034096035	0.00494560232117164
ZZEF1	0.333302895829085	-0.00591651935881144	0.999365034096035	-0.00591651935881144
SS18L2	0.333395996451904	0.0097798242084263	0.999365034096035	0.0097798242084263
CD2AP	0.333438698157736	0.00985657516409694	0.999365034096035	0.00985657516409694
FNBP1	0.333598989640183	-0.00363439437963806	0.999365034096035	-0.00363439437963806
PPFIA1	0.333749468455146	0.00608249003744687	0.999365034096035	0.00608249003744687
ZNF652	0.333750061681195	-0.00473212550279528	0.999365034096035	-0.00473212550279528
UNKL	0.33377092044269	-0.00822224726309853	0.999365034096035	-0.00822224726309853
HDHD5-AS1	0.333914354688987	0.0106278797150686	0.999365034096035	0.0106278797150686
LRRC8C	0.333924770144232	0.00671738946980298	0.999365034096035	0.00671738946980298
ZNF883	0.334037101379351	-0.0137329776070483	0.999365034096035	-0.0137329776070483
CIZ1	0.334166874726141	0.00608733027212738	0.999365034096035	0.00608733027212738
CHCHD2	0.334193584718788	-0.012354628420593	0.999365034096035	-0.012354628420593
AC125613.1	0.334251868404621	-0.0116350080277991	0.999365034096035	-0.0116350080277991
LINC00886	0.334276855588234	-0.0147611149343467	0.999365034096035	-0.0147611149343467
KLHL9	0.334577933494171	0.00974355423399502	0.999365034096035	0.00974355423399502
LMCD1-AS1	0.33468253463876	0.00564695750590533	0.999365034096035	0.00564695750590533
NUFIP2	0.334925203153514	-0.00560055004051791	0.999365034096035	-0.00560055004051791
AL050341.2	0.33492800682144	0.0159804909018907	0.999365034096035	0.0159804909018907
BDNF-AS	0.335010828676048	0.00668873686134632	0.999365034096035	0.00668873686134632
LYRM9	0.335033214277607	0.0108919980016952	0.999365034096035	0.0108919980016952
PDE5A	0.335043051505069	0.0217690089188955	0.999365034096035	0.0217690089188955
MTMR7	0.33510661753254	0.00531832622946638	0.999365034096035	0.00531832622946638
GPALPP1	0.335257049627706	-0.00541712390178327	0.999365034096035	-0.00541712390178327
SLX4IP	0.335509093047186	0.00652082933380063	0.999365034096035	0.00652082933380063
CYBRD1	0.335547005539259	0.00856965053120507	0.999365034096035	0.00856965053120507
TTC32	0.33574359642158	0.00865535649963248	0.999365034096035	0.00865535649963248
LPCAT2	0.335800061965514	0.00974280381828414	0.999365034096035	0.00974280381828414
GPR155	0.335812430877758	0.0141260755638446	0.999365034096035	0.0141260755638446
SAP18	0.335815299680226	0.0147860463919508	0.999365034096035	0.0147860463919508
LCNL1	0.336008060095933	-0.0112829057356109	0.999365034096035	-0.0112829057356109
COL16A1	0.33614816388005	0.00695559015068663	0.999365034096035	0.00695559015068663
CUEDC1	0.336165002204906	0.00484610356003568	0.999365034096035	0.00484610356003568
AUTS2	0.33619475978647	0.002879422495211	0.999365034096035	0.002879422495211
SEC16A	0.3362189150155	0.00909235777697677	0.999365034096035	0.00909235777697677
CKAP4	0.336314690074413	-0.0198161863505692	0.999365034096035	-0.0198161863505692
FADS2	0.336457618514669	0.00933504709951917	0.999365034096035	0.00933504709951917
SSB	0.336679203997967	0.0109039495806178	0.999365034096035	0.0109039495806178
PTDSS1	0.337029449792138	-0.0158173782696867	0.999365034096035	-0.0158173782696867
TRAPPC9	0.3371102669692	-0.00435753301444306	0.999365034096035	-0.00435753301444306
TMEM265	0.337138333043417	0.0107231592920219	0.999365034096035	0.0107231592920219
RIMS3	0.337174336562284	-0.0243440687169145	0.999365034096035	-0.0243440687169145
ASTN1	0.337200446463232	0.0172337677456896	0.999365034096035	0.0172337677456896
CPSF2	0.337391506975582	0.00646946859283182	0.999365034096035	0.00646946859283182
NUBP1	0.337511492707341	0.0126534388905584	0.999365034096035	0.0126534388905584
AC005037.1	0.337584552572486	-0.0115788075013228	0.999365034096035	-0.0115788075013228
JADE1	0.337596075230065	0.00827111150710732	0.999365034096035	0.00827111150710732
FMN1	0.337628197620607	-0.0256740982032887	0.999365034096035	-0.0256740982032887
ASTE1	0.337656914070678	0.0124337335783883	0.999365034096035	0.0124337335783883
FOXO1	0.337763143269829	-0.00498921155670161	0.999365034096035	-0.00498921155670161
CBWD5	0.337897349873123	-0.0125341039775844	0.999365034096035	-0.0125341039775844
CHCHD6	0.338006731556878	-0.00823837280393291	0.999365034096035	-0.00823837280393291
CMTR2	0.338156769492145	0.012038250683002	0.999365034096035	0.012038250683002
ACAD8	0.338289312705652	0.0113390713930305	0.999365034096035	0.0113390713930305
ZFP82	0.33837496027502	-0.00826131505856826	0.999365034096035	-0.00826131505856826
VEGFB	0.338679194762561	-0.0126033737211913	0.999365034096035	-0.0126033737211913
AEBP2	0.338791417670346	-0.00704205983198723	0.999365034096035	-0.00704205983198723
FAM162A	0.338977146334603	-0.0118369886050067	0.999365034096035	-0.0118369886050067
DDB2	0.338985427072074	-0.0079871536936988	0.999365034096035	-0.0079871536936988
SNAPC5	0.3390148602119	-0.0163508671489348	0.999365034096035	-0.0163508671489348
NUP42	0.339022171031336	0.0100705305432274	0.999365034096035	0.0100705305432274
PHRF1	0.339130987727893	-0.00878784159429252	0.999365034096035	-0.00878784159429252
C16orf46	0.339135613285639	0.00903433153691542	0.999365034096035	0.00903433153691542
RBIS	0.339190370585182	0.014835285844706	0.999365034096035	0.014835285844706
CCDC57	0.339241352185856	0.0113174985856583	0.999365034096035	0.0113174985856583
FAAH	0.339256117703994	0.00782456976074927	0.999365034096035	0.00782456976074927
FAM107A	0.339379214583661	0.0190246956973724	0.999365034096035	0.0190246956973724
PRKAB1	0.339489695062306	-0.0128601622756955	0.999365034096035	-0.0128601622756955
NOVA2	0.339814308973806	-0.00979409549308247	0.999365034096035	-0.00979409549308247
VEGFD	0.339934717500435	-0.0132619473490769	0.999365034096035	-0.0132619473490769
RBM45	0.339968762178253	0.00954874287824939	0.999365034096035	0.00954874287824939
LRRC1	0.34012328678168	-0.00533923983053546	0.999365034096035	-0.00533923983053546
VTA1	0.340126216114147	-0.00797840476702332	0.999365034096035	-0.00797840476702332
SOX12	0.340165228791601	0.00881508449287408	0.999365034096035	0.00881508449287408
PSRC1	0.340166347103477	0.00782064012086695	0.999365034096035	0.00782064012086695
IK	0.34020988169519	0.0102581016694832	0.999365034096035	0.0102581016694832
FBXO3	0.340243196260357	0.00804519921379123	0.999365034096035	0.00804519921379123
AKAP8L	0.34026559802326	-0.00708892126835812	0.999365034096035	-0.00708892126835812
ZNF205	0.340287573397038	-0.0122696270656905	0.999365034096035	-0.0122696270656905
AIF1L	0.340324839107927	0.00670910319936066	0.999365034096035	0.00670910319936066
PFDN1	0.340325127976823	0.00817465249768309	0.999365034096035	0.00817465249768309
AC004951.1	0.340332866126276	0.00834327207058001	0.999365034096035	0.00834327207058001
PKNOX1	0.340393746737881	0.00607053881954267	0.999365034096035	0.00607053881954267
AC027117.2	0.340415305684007	0.0139949509158991	0.999365034096035	0.0139949509158991
WASHC2A	0.340433431346185	0.00984128419023843	0.999365034096035	0.00984128419023843
ARHGAP44	0.340489983670381	0.0185481051013995	0.999365034096035	0.0185481051013995
PPM1D	0.340650607230086	0.00505965768194281	0.999365034096035	0.00505965768194281
SMIM4	0.340696104115593	0.00793152340409391	0.999365034096035	0.00793152340409391
AL450384.2	0.34084127339859	-0.00928376214581995	0.999365034096035	-0.00928376214581995
LAMP1	0.341349432123417	0.00799551864038337	0.999365034096035	0.00799551864038337
ZFYVE21	0.341557057362738	0.0100444092105764	0.999365034096035	0.0100444092105764
PTPN1	0.341608970023537	-0.00718121947878953	0.999365034096035	-0.00718121947878953
KDM3A	0.341631486234252	-0.00886617416674026	0.999365034096035	-0.00886617416674026
SNHG6	0.341924635931163	0.0106865518219548	0.999365034096035	0.0106865518219548
NEMF	0.342060464612453	0.00389731527805922	0.999365034096035	0.00389731527805922
TOMM70	0.342080523583446	-0.00874555521116079	0.999365034096035	-0.00874555521116079
LINC01978	0.342197253485695	0.0135400264422261	0.999365034096035	0.0135400264422261
ST3GAL4	0.342202554118781	-0.00632426037086358	0.999365034096035	-0.00632426037086358
RAB40C	0.342404509808339	-0.00709665650939923	0.999365034096035	-0.00709665650939923
RADX	0.342427808417216	-0.0118548791322869	0.999365034096035	-0.0118548791322869
HLCS	0.34248501807108	0.0056013719485665	0.999365034096035	0.0056013719485665
AC011287.1	0.342628082591304	-0.0242768680989401	0.999365034096035	-0.0242768680989401
GTF3C3	0.342704701837514	-0.00825574403864688	0.999365034096035	-0.00825574403864688
HSPA13	0.342746495341867	0.0116787057113017	0.999365034096035	0.0116787057113017
SEC23B	0.342770902725959	0.00885680006423314	0.999365034096035	0.00885680006423314
CCPG1	0.342845218748645	0.00865336076129578	0.999365034096035	0.00865336076129578
TRAPPC1	0.342903709835503	0.0189589058122639	0.999365034096035	0.0189589058122639
SYNJ1	0.343176192917431	-0.0093885530846502	0.999365034096035	-0.0093885530846502
CASC15	0.343191006937898	0.0215335772046301	0.999365034096035	0.0215335772046301
PXN	0.343316555687516	0.00969920191712632	0.999365034096035	0.00969920191712632
AC073332.1	0.343466506684325	0.0154541799995571	0.999365034096035	0.0154541799995571
CCDC150	0.343599133361398	-0.00919916125283343	0.999365034096035	-0.00919916125283343
PAK5	0.343773452518517	0.0148261392983975	0.999365034096035	0.0148261392983975
MEG8	0.343886839638781	-0.021159719125292	0.999365034096035	-0.021159719125292
GFOD2	0.343953936540841	0.0141647658169955	0.999365034096035	0.0141647658169955
SPECC1L	0.344031583249602	-0.0050569291375524	0.999365034096035	-0.0050569291375524
ELAC2	0.344054451063979	0.0105418074847206	0.999365034096035	0.0105418074847206
FBXO10	0.344221511522404	0.0117999278488394	0.999365034096035	0.0117999278488394
AFMID	0.344378179222594	0.00566762414622783	0.999365034096035	0.00566762414622783
STRIP1	0.344478785105413	0.00880732654542831	0.999365034096035	0.00880732654542831
SCAMP3	0.34459374664251	0.00875663167030429	0.999365034096035	0.00875663167030429
ROCK2	0.344602012363306	-0.00988967986149131	0.999365034096035	-0.00988967986149131
RBM22	0.344662307048618	0.0105007165303193	0.999365034096035	0.0105007165303193
FAR1	0.344776402208139	0.00417052278724482	0.999365034096035	0.00417052278724482
CFTR	0.344878650193112	0.0143877353368594	0.999365034096035	0.0143877353368594
AL589669.1	0.344884473047965	-0.0118881030267733	0.999365034096035	-0.0118881030267733
AGMO	0.344959137705616	0.00890181525382069	0.999365034096035	0.00890181525382069
HDAC1	0.345301615926448	0.00845628762393958	0.999365034096035	0.00845628762393958
UMAD1	0.345310871718859	0.00466220131307296	0.999365034096035	0.00466220131307296
SRGAP2C	0.345379657558185	0.00787157911289004	0.999365034096035	0.00787157911289004
SLC36A4	0.345624034958662	-0.00606938792404062	0.999365034096035	-0.00606938792404062
CXXC4	0.345669627062743	0.0087439154717743	0.999365034096035	0.0087439154717743
UNC5B	0.345674489651136	-0.00565347728145593	0.999365034096035	-0.00565347728145593
MYO5A	0.345711956177086	-0.00383943904296364	0.999365034096035	-0.00383943904296364
FAM76B	0.345770694052076	-0.00858044492578964	0.999365034096035	-0.00858044492578964
PRPF4B	0.3457886179145	-0.00648482835236589	0.999365034096035	-0.00648482835236589
SLC25A11	0.345888024917674	0.0138702154377445	0.999365034096035	0.0138702154377445
ZHX1	0.346329229612423	-0.00766281728001015	0.999365034096035	-0.00766281728001015
THUMPD1	0.346503302149545	0.00735453570841272	0.999365034096035	0.00735453570841272
WWC3	0.346630757669961	-0.00591186681463869	0.999365034096035	-0.00591186681463869
UBA3	0.346664939956388	0.00553861090211548	0.999365034096035	0.00553861090211548
ATP5MC3	0.346679028854917	-0.02318400950273	0.999365034096035	-0.02318400950273
MTG1	0.346795978038146	-0.00595202955961828	0.999365034096035	-0.00595202955961828
BABAM2	0.346953372651485	0.00596419837908611	0.999365034096035	0.00596419837908611
TGS1	0.346985291136548	-0.00682480389458353	0.999365034096035	-0.00682480389458353
NELL2	0.34698639577225	-0.0205001344981074	0.999365034096035	-0.0205001344981074
EFCAB6	0.347032030648376	0.0150016494916222	0.999365034096035	0.0150016494916222
MEF2D	0.347154979855753	-0.0055518129356827	0.999365034096035	-0.0055518129356827
SDF2	0.347275871068149	0.0121939793095098	0.999365034096035	0.0121939793095098
NBAS	0.347377805600662	-0.00476932544794894	0.999365034096035	-0.00476932544794894
SPIRE1	0.347383335727134	0.00511478387792405	0.999365034096035	0.00511478387792405
LYPLA1	0.347659431690475	-0.013941074965896	0.999365034096035	-0.013941074965896
TMEM108	0.347730873268808	0.0167858743292624	0.999365034096035	0.0167858743292624
LYST	0.347768016279124	0.00531096199650867	0.999365034096035	0.00531096199650867
IGDCC3	0.34785260617583	0.0118852502265613	0.999365034096035	0.0118852502265613
NDUFC2	0.347858661438791	-0.015005940981776	0.999365034096035	-0.015005940981776
DYNC1I2	0.347882691514197	0.00477507467793163	0.999365034096035	0.00477507467793163
SLC35B2	0.347961875098839	0.013154047620884	0.999365034096035	0.013154047620884
FAM171B	0.347966643254658	0.0103358567323444	0.999365034096035	0.0103358567323444
NDUFAF8	0.348035410929247	0.0130783698445305	0.999365034096035	0.0130783698445305
SLC25A4	0.348095620101903	-0.0153018353647898	0.999365034096035	-0.0153018353647898
KLHDC2	0.34835168765254	0.00729142499186816	0.999365034096035	0.00729142499186816
ARL10	0.34841021490253	-0.00784516973538656	0.999365034096035	-0.00784516973538656
ADD3	0.348539488947462	0.00299021220504469	0.999365034096035	0.00299021220504469
SDHB	0.34856228594104	-0.00622821090490964	0.999365034096035	-0.00622821090490964
PPP1R16B	0.348782085062653	0.00391397062940566	0.999365034096035	0.00391397062940566
JAKMIP2	0.348820127195608	-0.00401006479228409	0.999365034096035	-0.00401006479228409
TCP10L	0.348942601325981	-0.0146823109379761	0.999365034096035	-0.0146823109379761
C11orf58	0.34895143036193	0.00646365062068836	0.999365034096035	0.00646365062068836
ELP4	0.349078400935942	-0.00444219098538843	0.999365034096035	-0.00444219098538843
APC2	0.349106075692563	-0.0106429256902873	0.999365034096035	-0.0106429256902873
PAF1	0.349163793634464	-0.0133524424174721	0.999365034096035	-0.0133524424174721
MTFMT	0.349204599796167	0.0104250203469499	0.999365034096035	0.0104250203469499
AP5M1	0.349346932709597	0.00992907520765839	0.999365034096035	0.00992907520765839
ZNF480	0.349393316583728	-0.0107211642628922	0.999365034096035	-0.0107211642628922
HBEGF	0.349438778174665	0.0131510687679457	0.999365034096035	0.0131510687679457
POFUT2	0.349492534134172	0.0122382996567533	0.999365034096035	0.0122382996567533
ARL4A	0.349502385909127	-0.0219982648579257	0.999365034096035	-0.0219982648579257
CAPNS1	0.349523095069105	0.010790475764233	0.999365034096035	0.010790475764233
LARGE1	0.349579644403674	-0.00596669013641149	0.999365034096035	-0.00596669013641149
COX7A2L	0.349797097897473	-0.0106624103474699	0.999365034096035	-0.0106624103474699
RUVBL1	0.349869072033116	0.0121894019408948	0.999365034096035	0.0121894019408948
DGKQ	0.350319771309416	-0.0181506809767517	0.999365034096035	-0.0181506809767517
GSTK1	0.350332740449497	-0.0120193154635479	0.999365034096035	-0.0120193154635479
SIAH2	0.350356838864226	-0.0109079173693921	0.999365034096035	-0.0109079173693921
OXSR1	0.350411368938499	-0.00674253194683207	0.999365034096035	-0.00674253194683207
MATN1-AS1	0.350483953060323	0.0124940366449209	0.999365034096035	0.0124940366449209
PPM1A	0.350512614039672	-0.0075781516620479	0.999365034096035	-0.0075781516620479
MDM4	0.350736482321149	0.00433692842953177	0.999365034096035	0.00433692842953177
TMEM50B	0.350737631246923	0.00635063417603681	0.999365034096035	0.00635063417603681
NNT	0.350814687340917	-0.00809107802493573	0.999365034096035	-0.00809107802493573
NUTM2A-AS1	0.350818678938676	-0.00477036626915613	0.999365034096035	-0.00477036626915613
AHCY	0.350846628182329	-0.0142395511063496	0.999365034096035	-0.0142395511063496
TRMT1	0.35087866764344	0.00968410305443933	0.999365034096035	0.00968410305443933
ANKZF1	0.350939752686682	0.00703453947717912	0.999365034096035	0.00703453947717912
ZFAND1	0.350989745892297	-0.0139245573009538	0.999365034096035	-0.0139245573009538
TCEAL9	0.351139444567095	0.0147094806102677	0.999365034096035	0.0147094806102677
EYS	0.351228041683141	0.0170733413037624	0.999365034096035	0.0170733413037624
CAP1	0.351414481868341	-0.00910229210506241	0.999365034096035	-0.00910229210506241
CPB2-AS1	0.351414739251682	0.00464431540856041	0.999365034096035	0.00464431540856041
HIF1AN	0.351654443125165	-0.00968327565929255	0.999365034096035	-0.00968327565929255
THAP3	0.35179844024853	0.0109967219647026	0.999365034096035	0.0109967219647026
MT-ATP8	0.351834237197049	0.0109540315928962	0.999365034096035	0.0109540315928962
ELMSAN1	0.351906577447372	0.00565389613120398	0.999365034096035	0.00565389613120398
PLD6	0.35191662750981	-0.0144269564839545	0.999365034096035	-0.0144269564839545
CDH26	0.35200637452436	0.00909437475782406	0.999365034096035	0.00909437475782406
PKNOX2	0.352111062877387	-0.0210141025479533	0.999365034096035	-0.0210141025479533
CALM3	0.352145024722174	-0.0162965827411655	0.999365034096035	-0.0162965827411655
GAB1	0.352152908686345	-0.00310782968075872	0.999365034096035	-0.00310782968075872
YY1	0.352227219649304	-0.00478161770753403	0.999365034096035	-0.00478161770753403
IDH1	0.352286380697971	0.00903286503059278	0.999365034096035	0.00903286503059278
NDST1	0.352505445187362	-0.00568725892375641	0.999365034096035	-0.00568725892375641
NT5DC1	0.352665678230626	0.00409029141092982	0.999365034096035	0.00409029141092982
MRPS9	0.352756742543007	0.00598663325301527	0.999365034096035	0.00598663325301527
ZFP90	0.352801019108922	-0.00621810114394646	0.999365034096035	-0.00621810114394646
PPCDC	0.353099555655499	0.0062551615607277	0.999365034096035	0.0062551615607277
DAG1	0.353171367903843	-0.00997953054641572	0.999365034096035	-0.00997953054641572
OTUD6B-AS1	0.353180203419082	-0.0111452698437035	0.999365034096035	-0.0111452698437035
REEP1	0.353248467552748	0.0178596520695956	0.999365034096035	0.0178596520695956
HIST1H2BD	0.353272942362453	-0.0144055233776126	0.999365034096035	-0.0144055233776126
EPB41L4B	0.353354017269473	0.0262227975779498	0.999365034096035	0.0262227975779498
LARP4	0.353540947042419	-0.00645730938797612	0.999365034096035	-0.00645730938797612
ZNF136	0.353713507452316	0.0114665638053772	0.999365034096035	0.0114665638053772
TSEN2	0.353721286335298	0.00729849711997056	0.999365034096035	0.00729849711997056
LUC7L2	0.35377347356436	-0.00488584710641362	0.999365034096035	-0.00488584710641362
CNTN5	0.353820338223001	0.0175700610230326	0.999365034096035	0.0175700610230326
RASSF8	0.354019482165061	-0.0060664895233487	0.999365034096035	-0.0060664895233487
MGST3	0.354064629686834	0.00795652247686658	0.999365034096035	0.00795652247686658
PUS1	0.35426690169819	0.00998599129509887	0.999365034096035	0.00998599129509887
UVSSA	0.35438429794909	0.0103689849238625	0.999365034096035	0.0103689849238625
CCDC82	0.354411923985511	0.00583835250188794	0.999365034096035	0.00583835250188794
JPT2	0.354482670459326	-0.0101463146590978	0.999365034096035	-0.0101463146590978
SUN2	0.354489249509937	0.00567736927652491	0.999365034096035	0.00567736927652491
PHC3	0.354558469202059	-0.00419666392682177	0.999365034096035	-0.00419666392682177
UHRF1BP1L	0.354648944402203	0.00727696111871002	0.999365034096035	0.00727696111871002
RAB11FIP4	0.354736686600633	0.00491763310132101	0.999365034096035	0.00491763310132101
AC079447.1	0.355242549999028	0.00489092890365855	0.999365034096035	0.00489092890365855
SCMH1	0.35540084489019	-0.00675349218765753	0.999365034096035	-0.00675349218765753
UBA52	0.355520140699459	0.0111406117520646	0.999365034096035	0.0111406117520646
AC016727.1	0.355539666471809	0.0139955588691861	0.999365034096035	0.0139955588691861
ZRANB1	0.355570381907947	0.00611727318815672	0.999365034096035	0.00611727318815672
FBXO28	0.35563063143019	-0.00526824115441325	0.999365034096035	-0.00526824115441325
EGFL8	0.355734377111575	-0.0114386957964589	0.999365034096035	-0.0114386957964589
SMARCA4	0.355838942492454	0.00632734288044296	0.999365034096035	0.00632734288044296
ANKAR	0.355860346195069	0.00512830008939302	0.999365034096035	0.00512830008939302
NDUFA5	0.356068339094398	0.0131447379014753	0.999365034096035	0.0131447379014753
VDAC1	0.356070942375095	-0.0137816203934519	0.999365034096035	-0.0137816203934519
SMNDC1	0.356116684301768	0.0114698197426732	0.999365034096035	0.0114698197426732
TRMT11	0.356137663384073	0.00582560801429166	0.999365034096035	0.00582560801429166
KDM2A	0.356372960049759	0.00408947891773675	0.999365034096035	0.00408947891773675
CNOT11	0.356638047677621	0.00756270675363529	0.999365034096035	0.00756270675363529
MPV17	0.35667930021251	0.00798482596276901	0.999365034096035	0.00798482596276901
SLC35D1	0.356901308546213	0.00654158373994216	0.999365034096035	0.00654158373994216
TRMU	0.356922301719096	0.00672126225126854	0.999365034096035	0.00672126225126854
ACADS	0.357050179291476	0.0128392148495611	0.999365034096035	0.0128392148495611
FAM76A	0.357081884908504	0.00920244801207122	0.999365034096035	0.00920244801207122
LCORL	0.357095572687241	-0.00487836635421237	0.999365034096035	-0.00487836635421237
GPRC5B	0.357366571096465	0.00427830118010268	0.999365034096035	0.00427830118010268
HDAC9	0.357750797897321	0.00603460950966618	0.999365034096035	0.00603460950966618
SRSF3	0.358030884303281	0.00733210615312405	0.999365034096035	0.00733210615312405
RTN4	0.358091756178211	-0.00260967902793828	0.999365034096035	-0.00260967902793828
NCDN	0.358110344745195	-0.016529727949679	0.999365034096035	-0.016529727949679
USP9Y	0.358161803927421	0.0139534299975157	0.999365034096035	0.0139534299975157
RHBDL2	0.35823990548264	0.00715303566843627	0.999365034096035	0.00715303566843627
FUS	0.358261147961071	-0.00464968986799756	0.999365034096035	-0.00464968986799756
AC008667.1	0.358312225325563	-0.0135940354018509	0.999365034096035	-0.0135940354018509
ATP6V0E2	0.358353848511856	0.00755590534473105	0.999365034096035	0.00755590534473105
C7orf50	0.358383387319303	-0.0095805047636296	0.999365034096035	-0.0095805047636296
LGMN	0.358393775419258	-0.00977451897232641	0.999365034096035	-0.00977451897232641
CRIM1	0.358467296197559	-0.00864709186276982	0.999365034096035	-0.00864709186276982
AC100793.2	0.358506669660867	0.0102980375824406	0.999365034096035	0.0102980375824406
ZNF559	0.358561584479424	0.00770716088421334	0.999365034096035	0.00770716088421334
YPEL5	0.358648943483309	0.0107868547972888	0.999365034096035	0.0107868547972888
RPS6	0.358716968384013	0.0110398053519479	0.999365034096035	0.0110398053519479
CALR	0.358716984453987	0.0114280999783635	0.999365034096035	0.0114280999783635
COL11A2	0.358748583568681	0.0143060771433505	0.999365034096035	0.0143060771433505
EVI2A	0.358930791172726	-0.00829069077045673	0.999365034096035	-0.00829069077045673
GLG1	0.359030503917401	-0.00339329107770351	0.999365034096035	-0.00339329107770351
ZNF322	0.359258443792783	-0.00938258353158315	0.999365034096035	-0.00938258353158315
AC093865.1	0.359282524000397	-0.00775369211801225	0.999365034096035	-0.00775369211801225
MEG3	0.359450546268327	0.0165873306928395	0.999365034096035	0.0165873306928395
ASCC1	0.359570842428815	0.00477710363251308	0.999365034096035	0.00477710363251308
BEND6	0.359740664056986	-0.0103853707344489	0.999365034096035	-0.0103853707344489
TRIM66	0.359801111216792	0.0102220028483883	0.999365034096035	0.0102220028483883
ZBTB7B	0.359861395393393	0.0116288630130918	0.999365034096035	0.0116288630130918
PYGO2	0.359910960951741	0.0113723991850628	0.999365034096035	0.0113723991850628
ATP5PO	0.36002518083507	-0.0146378209867444	0.999365034096035	-0.0146378209867444
ACVR1B	0.360065025071856	-0.0112333010862517	0.999365034096035	-0.0112333010862517
SEC24C	0.36015368601809	-0.00696709666134672	0.999365034096035	-0.00696709666134672
RAB1A	0.36066496219405	0.0038585346251213	0.999365034096035	0.0038585346251213
FAAH2	0.360744725974859	-0.0112768770139146	0.999365034096035	-0.0112768770139146
AC022893.1	0.360751426199281	-0.0121728410123829	0.999365034096035	-0.0121728410123829
SV2A	0.360781208395865	-0.0164289299950317	0.999365034096035	-0.0164289299950317
WFS1	0.360909952693797	0.0180180479111191	0.999365034096035	0.0180180479111191
CCDC167	0.360975603229554	0.0134184951240153	0.999365034096035	0.0134184951240153
SLC49A4	0.361198571022171	-0.011005220953093	0.999365034096035	-0.011005220953093
EPS15	0.361211628360017	0.0033663796252866	0.999365034096035	0.0033663796252866
CHN1	0.361212068112762	0.0210798683142846	0.999365034096035	0.0210798683142846
ZNF331	0.361418399869371	0.00641641934278007	0.999365034096035	0.00641641934278007
CCDC148	0.361526934899778	0.0125814689199504	0.999365034096035	0.0125814689199504
ATP5ME	0.36154640306298	-0.00945948185306053	0.999365034096035	-0.00945948185306053
TNFRSF21	0.361551390901359	-0.0204165527339168	0.999365034096035	-0.0204165527339168
CD22	0.361662660102851	-0.00426295348970468	0.999365034096035	-0.00426295348970468
PRPF38B	0.361690290960977	-0.00605193865897498	0.999365034096035	-0.00605193865897498
VPS35L	0.361750857683134	0.00387010388740807	0.999365034096035	0.00387010388740807
AC009041.2	0.361831214387788	0.00483529615176654	0.999365034096035	0.00483529615176654
NSL1	0.361940937497822	-0.00508928147986961	0.999365034096035	-0.00508928147986961
KDM3B	0.361949298453714	0.00563524263901855	0.999365034096035	0.00563524263901855
AK3	0.36208382038031	0.00576169822034326	0.999365034096035	0.00576169822034326
SAE1	0.362133116639697	0.0078667593859792	0.999365034096035	0.0078667593859792
ABCA1	0.362156391672993	0.00935943492459328	0.999365034096035	0.00935943492459328
RHOU	0.362177355676647	-0.00474451457988961	0.999365034096035	-0.00474451457988961
AC092944.1	0.362206244983843	0.011917704914869	0.999365034096035	0.011917704914869
ADAM10	0.362221878659317	-0.00334316766624872	0.999365034096035	-0.00334316766624872
SLC39A10	0.362378725878452	-0.00903731177492101	0.999365034096035	-0.00903731177492101
SLC25A39	0.362477707677735	0.0121116597903407	0.999365034096035	0.0121116597903407
MIAT	0.36268337359171	0.0192946246278731	0.999365034096035	0.0192946246278731
ATXN1	0.362761064911304	-0.0031357187083376	0.999365034096035	-0.0031357187083376
CDKN1B	0.362927402699623	0.0103697694954659	0.999365034096035	0.0103697694954659
FBXL6	0.363182338218344	0.0198902258295295	0.999365034096035	0.0198902258295295
PRIMA1	0.363203399928343	0.00627255374569744	0.999365034096035	0.00627255374569744
MRPL32	0.363233216571851	0.0190408792935951	0.999365034096035	0.0190408792935951
USP19	0.363267061796611	0.0182051804660532	0.999365034096035	0.0182051804660532
SH3GL1	0.363300094888023	0.00839702546057126	0.999365034096035	0.00839702546057126
SIKE1	0.363474072362718	0.010836352789094	0.999365034096035	0.010836352789094
SNX3	0.363474211224926	0.00783714417894572	0.999365034096035	0.00783714417894572
KLHL20	0.363544492101462	0.00594998428524702	0.999365034096035	0.00594998428524702
G2E3	0.363654293204719	0.00740827767826545	0.999365034096035	0.00740827767826545
BTAF1	0.363851339431977	-0.00538044852498978	0.999365034096035	-0.00538044852498978
SMARCE1	0.36385353515911	0.00647627764569939	0.999365034096035	0.00647627764569939
RFNG	0.363880722347419	0.0119556339258844	0.999365034096035	0.0119556339258844
LINC00205	0.364024339736335	0.0136859189630313	0.999365034096035	0.0136859189630313
ATP6V0A2	0.364065711915889	0.0090475868409191	0.999365034096035	0.0090475868409191
MECP2	0.364076208467355	-0.00371976758897103	0.999365034096035	-0.00371976758897103
ECI1	0.364098426733712	-0.00941113036519897	0.999365034096035	-0.00941113036519897
NPC2	0.364281069472719	0.0127826127906184	0.999365034096035	0.0127826127906184
ZFAND3	0.364371907883554	-0.00303414492514427	0.999365034096035	-0.00303414492514427
ATF6	0.364381480772981	-0.00422862465207105	0.999365034096035	-0.00422862465207105
PPIG	0.364388314795933	0.00421686611011524	0.999365034096035	0.00421686611011524
TRIM33	0.364443897776849	0.00478965822409285	0.999365034096035	0.00478965822409285
UBE2V1	0.364483387496851	-0.00629823850311335	0.999365034096035	-0.00629823850311335
STAG2	0.364553500921725	-0.00389314441239569	0.999365034096035	-0.00389314441239569
AP4S1	0.364766784932571	0.00583416643403888	0.999365034096035	0.00583416643403888
SMAD4	0.36501332301779	-0.00490862111525008	0.999365034096035	-0.00490862111525008
LARP4B	0.365106026869822	-0.00470394507133566	0.999365034096035	-0.00470394507133566
GPR62	0.365233868722029	0.0141674866203335	0.999365034096035	0.0141674866203335
ABCB9	0.365268918644981	0.00910648642926795	0.999365034096035	0.00910648642926795
FBXO46	0.365334406755321	-0.00974179046694668	0.999365034096035	-0.00974179046694668
MFN2	0.365622643356677	0.00764816437407872	0.999365034096035	0.00764816437407872
FOXRED1	0.365791108503869	-0.0082764376020031	0.999365034096035	-0.0082764376020031
GNPTG	0.365921064332767	0.00617506152931245	0.999365034096035	0.00617506152931245
PGPEP1	0.365930155938194	-0.0139298941133537	0.999365034096035	-0.0139298941133537
WDR5	0.365947985479441	0.00733856661902204	0.999365034096035	0.00733856661902204
ZNF507	0.366046456084323	-0.00581985388619577	0.999365034096035	-0.00581985388619577
HNRNPH1	0.366242841444833	-0.00696981823060411	0.999365034096035	-0.00696981823060411
QTRT1	0.366270101690429	0.00691195874560858	0.999365034096035	0.00691195874560858
TVP23B	0.366309933925807	-0.0116369101705877	0.999365034096035	-0.0116369101705877
CARNMT1	0.366312836323474	0.00797426936126319	0.999365034096035	0.00797426936126319
GRK4	0.36643671229672	-0.0057240665477869	0.999365034096035	-0.0057240665477869
PHLDA3	0.366530178459338	0.00741487628499547	0.999365034096035	0.00741487628499547
UXT	0.366542845573192	0.0139518171433182	0.999365034096035	0.0139518171433182
PTPRJ	0.367114179431515	0.0037170485898564	0.999365034096035	0.0037170485898564
SGTA	0.367115997655889	0.00650466959643364	0.999365034096035	0.00650466959643364
TADA3	0.367171600925605	0.00903207102823649	0.999365034096035	0.00903207102823649
DCAF13	0.367414302123342	0.0121993429263915	0.999365034096035	0.0121993429263915
UBR4	0.367455303915637	-0.00673016637768048	0.999365034096035	-0.00673016637768048
VPS4B	0.367531022192212	0.00506803758043554	0.999365034096035	0.00506803758043554
ASRGL1	0.367645190929349	-0.00745016877630287	0.999365034096035	-0.00745016877630287
RPS19BP1	0.367695153762796	-0.0130028147761009	0.999365034096035	-0.0130028147761009
CABP1	0.367704181169895	0.0205865520180898	0.999365034096035	0.0205865520180898
AGO2	0.367866571798454	-0.00431227606362733	0.999365034096035	-0.00431227606362733
FAM126B	0.367880650913607	0.00590236150227446	0.999365034096035	0.00590236150227446
ECHDC2	0.367919144027176	0.0166255898727552	0.999365034096035	0.0166255898727552
SELENOI	0.367919211067855	-0.00728407077574494	0.999365034096035	-0.00728407077574494
TADA1	0.368183063400942	-0.0103953390664912	0.999365034096035	-0.0103953390664912
MED14	0.368205554998373	-0.00686219833075961	0.999365034096035	-0.00686219833075961
TADA2B	0.36842456497345	0.0136299333267798	0.999365034096035	0.0136299333267798
PNPLA7	0.368495749241994	-0.00853712960116571	0.999365034096035	-0.00853712960116571
ADGRB3	0.368570157704568	0.00558163416328538	0.999365034096035	0.00558163416328538
ARL5A	0.368591456591231	0.00781350299914782	0.999365034096035	0.00781350299914782
SEMA6A-AS1	0.368623804787782	0.0104332171103677	0.999365034096035	0.0104332171103677
PPP3CC	0.368698708001883	-0.00513821595482625	0.999365034096035	-0.00513821595482625
SURF1	0.368774181319503	0.0131904063037935	0.999365034096035	0.0131904063037935
ACAD9	0.368783200126716	-0.00706941477748797	0.999365034096035	-0.00706941477748797
ARMH3	0.368813045857896	0.00505846349337735	0.999365034096035	0.00505846349337735
SETBP1	0.36885148069784	-0.0131986551928581	0.999365034096035	-0.0131986551928581
LIFR	0.368937078817859	0.00354770834733349	0.999365034096035	0.00354770834733349
RBM28	0.368981265102061	-0.00648824546947187	0.999365034096035	-0.00648824546947187
PKN2	0.368989185299375	0.00381620164440868	0.999365034096035	0.00381620164440868
VPS4A	0.369273065179749	0.00838920633438654	0.999365034096035	0.00838920633438654
CCDC127	0.369388098353887	0.0124166900224155	0.999365034096035	0.0124166900224155
EIF4A1	0.369429555784584	0.0074651403525028	0.999365034096035	0.0074651403525028
TMEM109	0.369482763766141	0.0133830266301455	0.999365034096035	0.0133830266301455
KRT10	0.369522474718991	-0.0147073470901243	0.999365034096035	-0.0147073470901243
CDH4	0.369704632146137	-0.0136986907355312	0.999365034096035	-0.0136986907355312
ZNF224	0.369713978271101	-0.0078579751832423	0.999365034096035	-0.0078579751832423
PHF12	0.36988603701267	0.00548808560549852	0.999365034096035	0.00548808560549852
PPP5D1	0.370000985693175	0.0107868775411626	0.999365034096035	0.0107868775411626
UPRT	0.370019898070107	-0.0121811202381792	0.999365034096035	-0.0121811202381792
DHX32	0.370051090397115	0.00620730798329234	0.999365034096035	0.00620730798329234
SILC1	0.370169754009388	-0.0041570806611658	0.999365034096035	-0.0041570806611658
ACO2	0.370252638442802	-0.00594736167142549	0.999365034096035	-0.00594736167142549
SNHG10	0.370270865921492	0.00952861603921024	0.999365034096035	0.00952861603921024
BTG1	0.370371268686485	-0.0126551237464009	0.999365034096035	-0.0126551237464009
C5orf51	0.370515336768419	0.00846659696427572	0.999365034096035	0.00846659696427572
TTC5	0.370596589413302	0.0105035879291653	0.999365034096035	0.0105035879291653
HDAC8	0.370606311905557	0.00369609116873232	0.999365034096035	0.00369609116873232
TMEM183A	0.370672156019167	0.0126173018577273	0.999365034096035	0.0126173018577273
BCAN	0.370811586342622	0.0176518266020216	0.999365034096035	0.0176518266020216
CTSF	0.371210033326154	-0.00862040340046029	0.999365034096035	-0.00862040340046029
WTAP	0.371298731056599	-0.00573511977960506	0.999365034096035	-0.00573511977960506
CDKN2AIPNL	0.371325082490112	0.013173172926014	0.999365034096035	0.013173172926014
NDUFA11	0.371328382942416	0.0118115547919549	0.999365034096035	0.0118115547919549
AL109615.4	0.371344951208432	0.0123623093236457	0.999365034096035	0.0123623093236457
DNAJB11	0.371429156305291	0.00906577594221254	0.999365034096035	0.00906577594221254
RSKR	0.371461794757328	-0.0134090090055249	0.999365034096035	-0.0134090090055249
DOCK9	0.37153952189751	-0.00307039608225181	0.999365034096035	-0.00307039608225181
LINC01588	0.371557441813786	-0.0133860739002714	0.999365034096035	-0.0133860739002714
TMEM121	0.371559977116591	0.012941943752938	0.999365034096035	0.012941943752938
CDC27	0.371750813418031	0.00464319028693788	0.999365034096035	0.00464319028693788
TRIM9	0.371781713443266	-0.00459079094657255	0.999365034096035	-0.00459079094657255
ZBTB20	0.371817549757597	0.00227339773228234	0.999365034096035	0.00227339773228234
BOK-AS1	0.371939615081749	-0.0124781348594756	0.999365034096035	-0.0124781348594756
KHDRBS1	0.371980642288666	0.00427234467788561	0.999365034096035	0.00427234467788561
RHBDD2	0.371988761165415	-0.0145477109378948	0.999365034096035	-0.0145477109378948
BET1L	0.371991865274694	0.0111763816335261	0.999365034096035	0.0111763816335261
CACNB2	0.372006595778427	0.0167396651094246	0.999365034096035	0.0167396651094246
HSD11B1	0.372019833714899	-0.011886806024812	0.999365034096035	-0.011886806024812
NECAP2	0.372113685564402	0.0112742505999781	0.999365034096035	0.0112742505999781
SIRT6	0.372125633034019	0.0120338923992521	0.999365034096035	0.0120338923992521
AC025442.2	0.372183060453981	0.011988693145823	0.999365034096035	0.011988693145823
TNKS	0.372202494749389	-0.00334874636866182	0.999365034096035	-0.00334874636866182
PTPN11	0.372254061337397	-0.00455840616999142	0.999365034096035	-0.00455840616999142
CSPP1	0.372427708508293	-0.00456378059961596	0.999365034096035	-0.00456378059961596
MTLN	0.37255656152211	-0.0210646023973099	0.999365034096035	-0.0210646023973099
ARNT	0.372572636734878	0.0064237240501254	0.999365034096035	0.0064237240501254
DYRK1A	0.372652769959108	-0.00426615124804475	0.999365034096035	-0.00426615124804475
FIRRE	0.372675792742462	0.0101231923878202	0.999365034096035	0.0101231923878202
PKM	0.373131921944813	0.0160945137838311	0.999365034096035	0.0160945137838311
AQR	0.373194134072903	0.00560463051990609	0.999365034096035	0.00560463051990609
SWAP70	0.373228687724612	-0.00787698204319622	0.999365034096035	-0.00787698204319622
ATRAID	0.3733626129365	-0.0137887865946657	0.999365034096035	-0.0137887865946657
RAP2A	0.373445060264507	0.010262295792156	0.999365034096035	0.010262295792156
PIK3R4	0.373499889122787	-0.00787093965324525	0.999365034096035	-0.00787093965324525
TECPR1	0.373597472790673	-0.00776413787229953	0.999365034096035	-0.00776413787229953
AC004784.1	0.373726333404689	0.0125875979089333	0.999365034096035	0.0125875979089333
BACH1	0.373734477618409	-0.0059773337749905	0.999365034096035	-0.0059773337749905
HTT	0.374332188363933	-0.00524557486759653	0.999365034096035	-0.00524557486759653
CDKL3	0.374367492772248	-0.00523475282471754	0.999365034096035	-0.00523475282471754
SAMHD1	0.37438233677422	-0.00963938176289323	0.999365034096035	-0.00963938176289323
MYNN	0.374426365777461	0.013665013128546	0.999365034096035	0.013665013128546
MAPK10	0.374494961221336	-0.00865899453528978	0.999365034096035	-0.00865899453528978
ZNF362	0.374535425351902	-0.00954989312094632	0.999365034096035	-0.00954989312094632
PGS1	0.374602948451354	0.00648622508621089	0.999365034096035	0.00648622508621089
ADPGK	0.374616385250365	0.00723446712977499	0.999365034096035	0.00723446712977499
NBDY	0.374667126602573	-0.00546717564318791	0.999365034096035	-0.00546717564318791
MRPL58	0.374668265437134	-0.0159552979099496	0.999365034096035	-0.0159552979099496
NPIPB15	0.374713021373429	0.016179878690505	0.999365034096035	0.016179878690505
LRFN5	0.375229338128251	0.0189342376668972	0.999365034096035	0.0189342376668972
MBD1	0.375243968164753	-0.00858167138033603	0.999365034096035	-0.00858167138033603
PHF20	0.375348853556328	-0.00448599950522986	0.999365034096035	-0.00448599950522986
RBM10	0.375367051211584	-0.00589785671094204	0.999365034096035	-0.00589785671094204
NFATC3	0.375425273183058	0.00456964829610822	0.999365034096035	0.00456964829610822
AC099850.1	0.375427067197647	0.0116302203831274	0.999365034096035	0.0116302203831274
FAM91A1	0.375609176092103	0.00651992444675935	0.999365034096035	0.00651992444675935
ANKRD49	0.375657549292334	0.0124614631693027	0.999365034096035	0.0124614631693027
RPL30	0.375883759105047	0.010491498711299	0.999365034096035	0.010491498711299
FAM120C	0.375961171533557	-0.00688601853022085	0.999365034096035	-0.00688601853022085
AL355881.1	0.376143175060922	-0.0202413556903829	0.999365034096035	-0.0202413556903829
ZNF710	0.376407197618221	0.00698886746073716	0.999365034096035	0.00698886746073716
ARAF	0.376536402488666	-0.0122386548027493	0.999365034096035	-0.0122386548027493
SF1	0.376767167031637	0.00408731052174533	0.999365034096035	0.00408731052174533
DEPDC1B	0.376885635055235	-0.0154145839825768	0.999365034096035	-0.0154145839825768
ZCCHC17	0.376942677425293	-0.00827193124134031	0.999365034096035	-0.00827193124134031
CDC42BPB	0.376984758052814	-0.00500369923351925	0.999365034096035	-0.00500369923351925
MGLL	0.377021096294555	0.00989366093377583	0.999365034096035	0.00989366093377583
PRRG1	0.377049814516018	0.00378849636146207	0.999365034096035	0.00378849636146207
KCNJ2	0.377173992463003	0.0062686318239974	0.999365034096035	0.0062686318239974
AC006270.1	0.377257049121836	0.0173474206787808	0.999365034096035	0.0173474206787808
CINP	0.377366260153932	-0.00642152571314207	0.999365034096035	-0.00642152571314207
CCDC180	0.377439650812456	0.00992084300399406	0.999365034096035	0.00992084300399406
SLC2A4RG	0.377453359524767	0.0110191013926572	0.999365034096035	0.0110191013926572
CCDC130	0.377595508922325	0.00604096794904669	0.999365034096035	0.00604096794904669
SMAP1	0.377674397185601	-0.00707677371439753	0.999365034096035	-0.00707677371439753
BICRA	0.377806906148295	-0.0118341262718735	0.999365034096035	-0.0118341262718735
OSGEP	0.377884820531636	0.00780728188729175	0.999365034096035	0.00780728188729175
ZBED8	0.378216443233493	-0.0114584732269493	0.999365034096035	-0.0114584732269493
CCNC	0.378224667277894	-0.0106102048076723	0.999365034096035	-0.0106102048076723
KIF3A	0.378234179969427	0.00616612092429324	0.999365034096035	0.00616612092429324
TIGAR	0.378288161615214	-0.00885110196232024	0.999365034096035	-0.00885110196232024
COX19	0.378292167812059	0.00675930501560583	0.999365034096035	0.00675930501560583
ABCB7	0.378402160925483	0.00599085895230965	0.999365034096035	0.00599085895230965
VDAC3	0.378504593294735	-0.0107355674560985	0.999365034096035	-0.0107355674560985
CCDC122	0.378790126977149	-0.00619909507325674	0.999365034096035	-0.00619909507325674
CPEB4	0.378867663334067	0.00341781459967204	0.999365034096035	0.00341781459967204
DNAJC2	0.379074601332146	0.00746392625123746	0.999365034096035	0.00746392625123746
RTCA-AS1	0.379084987295343	-0.0106261071173146	0.999365034096035	-0.0106261071173146
RPA1	0.379223278217526	-0.0066423733327486	0.999365034096035	-0.0066423733327486
THYN1	0.379426298040079	0.0167376666667959	0.999365034096035	0.0167376666667959
HPF1	0.379442487873084	-0.00787310176146206	0.999365034096035	-0.00787310176146206
CD47	0.379486863554979	0.00529799321564118	0.999365034096035	0.00529799321564118
C1orf159	0.379521319847829	0.00692528393325854	0.999365034096035	0.00692528393325854
CRY2	0.379600839352687	-0.00819139895579745	0.999365034096035	-0.00819139895579745
KIAA1958	0.379746829615266	-0.00334394574991824	0.999365034096035	-0.00334394574991824
PPIE	0.379904055329823	0.00911418001558228	0.999365034096035	0.00911418001558228
NR2C2	0.379905625570965	0.00423809601547261	0.999365034096035	0.00423809601547261
SNAP23	0.380912666488099	0.00595274831631427	0.999365034096035	0.00595274831631427
RPL13	0.380927840404365	0.00804374124645697	0.999365034096035	0.00804374124645697
ZRANB2-AS2	0.381409691103651	-0.00758851458110876	0.999365034096035	-0.00758851458110876
CATSPER2	0.381610956579657	0.00824399123701339	0.999365034096035	0.00824399123701339
FBXO34	0.381725339523199	-0.0102352494256251	0.999365034096035	-0.0102352494256251
KBTBD3	0.381733259278543	0.00695559352658873	0.999365034096035	0.00695559352658873
SGCB	0.381749013953112	0.00858735601750253	0.999365034096035	0.00858735601750253
HMBS	0.381812062539783	0.012597630736709	0.999365034096035	0.012597630736709
LIX1L	0.381949104798067	0.0099469483207968	0.999365034096035	0.0099469483207968
GCNA	0.382081245844126	-0.0109480716103555	0.999365034096035	-0.0109480716103555
ZDHHC13	0.382151851702425	0.00839410443696418	0.999365034096035	0.00839410443696418
ATG13	0.38235455533726	-0.00437794084668625	0.999365034096035	-0.00437794084668625
RPS29	0.382471825719042	0.00961529389308309	0.999365034096035	0.00961529389308309
EARS2	0.382507700719433	-0.0108035455867548	0.999365034096035	-0.0108035455867548
GLIPR1L2	0.382594052387846	0.00911947849459599	0.999365034096035	0.00911947849459599
UBOX5	0.382620115611274	0.00776665776743667	0.999365034096035	0.00776665776743667
CDK12	0.382747376148735	-0.0056064838225757	0.999365034096035	-0.0056064838225757
PIGT	0.382767470299591	0.00706840372758902	0.999365034096035	0.00706840372758902
C19orf47	0.38309220334277	0.0124825159335913	0.999365034096035	0.0124825159335913
BMP2K	0.383174175628971	0.0063321676305656	0.999365034096035	0.0063321676305656
ODF2L	0.383496658121569	0.0071501677042121	0.999365034096035	0.0071501677042121
TSC22D1	0.383518575258983	-0.00735482718212901	0.999365034096035	-0.00735482718212901
PIN1	0.383523466463397	-0.0123421616346443	0.999365034096035	-0.0123421616346443
SCN3B	0.383597309931644	-0.0209300572838111	0.999365034096035	-0.0209300572838111
TMED3	0.38377066880902	0.00937650119071693	0.999365034096035	0.00937650119071693
USP3	0.383798016533551	0.00646994433077674	0.999365034096035	0.00646994433077674
UBA6	0.383945982088853	0.00511628267814762	0.999365034096035	0.00511628267814762
PPM1B	0.383948618027735	-0.00356163356199531	0.999365034096035	-0.00356163356199531
C4orf48	0.38403648948094	0.0095589389152709	0.999365034096035	0.0095589389152709
URM1	0.384174174496784	-0.00785030634279849	0.999365034096035	-0.00785030634279849
PIK3R2	0.384223724503113	0.0114946889793692	0.999365034096035	0.0114946889793692
PARP4	0.384442436986639	0.00675501152669241	0.999365034096035	0.00675501152669241
CAP2	0.384565938200956	-0.0195615244066195	0.999365034096035	-0.0195615244066195
AC019205.1	0.384660691735386	0.0112486020891288	0.999365034096035	0.0112486020891288
KTN1-AS1	0.384704072579148	0.0105954708624508	0.999365034096035	0.0105954708624508
AL050309.1	0.384722969757828	0.00695900887152922	0.999365034096035	0.00695900887152922
MRPL24	0.384729522892981	0.0130327194061927	0.999365034096035	0.0130327194061927
ARL5B	0.384872614989908	0.0107102841044881	0.999365034096035	0.0107102841044881
WNK1	0.385010486021895	0.00283556358873939	0.999365034096035	0.00283556358873939
DMAC2L	0.385095850563329	0.00739550612013	0.999365034096035	0.00739550612013
SPAG1	0.385244389685709	-0.0159027362661144	0.999365034096035	-0.0159027362661144
TP53INP2	0.385436922251364	0.0103047881443334	0.999365034096035	0.0103047881443334
CPSF6	0.385529930116924	-0.00492857966684594	0.999365034096035	-0.00492857966684594
SLC25A37	0.385623579676957	-0.00687844017189592	0.999365034096035	-0.00687844017189592
EDA	0.385678539259613	0.00628584137303941	0.999365034096035	0.00628584137303941
LMO7	0.385843115057161	-0.00995030128391368	0.999365034096035	-0.00995030128391368
METTL2B	0.385843380626612	0.0083952063037919	0.999365034096035	0.0083952063037919
CDC42SE2	0.385967419691633	0.00332822526030193	0.999365034096035	0.00332822526030193
WSB1	0.385997356769604	0.0040893971995072	0.999365034096035	0.0040893971995072
FAM160B2	0.386106707178311	0.00830809027809481	0.999365034096035	0.00830809027809481
PIK3C2A	0.386147077915732	-0.00559979909627663	0.999365034096035	-0.00559979909627663
COX5B	0.386245579624132	-0.0144955710223802	0.999365034096035	-0.0144955710223802
SLC25A53	0.386272747769052	0.00693546148823931	0.999365034096035	0.00693546148823931
EIF2B4	0.38633014325545	0.00877415055481716	0.999365034096035	0.00877415055481716
IFFO2	0.386853027167675	-0.00951686038800106	0.999365034096035	-0.00951686038800106
AP4M1	0.386864024842603	0.0131603272090822	0.999365034096035	0.0131603272090822
DARS2	0.386954790732728	-0.0138808829893167	0.999365034096035	-0.0138808829893167
THBS4	0.387017647955423	0.00801971324467571	0.999365034096035	0.00801971324467571
DNAJC9	0.387023228273791	0.0053140014634077	0.999365034096035	0.0053140014634077
LINC01252	0.387360230867932	-0.0142443409957779	0.999365034096035	-0.0142443409957779
ENSA	0.387414349546681	-0.00820512428803722	0.999365034096035	-0.00820512428803722
DGAT1	0.387453545978355	-0.0136862900863536	0.999365034096035	-0.0136862900863536
NCKAP5L	0.387467427724734	0.00727016135107639	0.999365034096035	0.00727016135107639
NFATC2IP	0.387483591354781	-0.00543228457250283	0.999365034096035	-0.00543228457250283
CTNNBL1	0.387643446053784	-0.00569057077226913	0.999365034096035	-0.00569057077226913
ALDH1A2	0.387762399037667	-0.0142003623583003	0.999365034096035	-0.0142003623583003
HMGXB4	0.387916992864071	-0.00490078505955257	0.999365034096035	-0.00490078505955257
NIPBL	0.388018331113763	-0.0027118658884456	0.999365034096035	-0.0027118658884456
GNA14	0.38802299317826	-0.0144861267907558	0.999365034096035	-0.0144861267907558
SKIL	0.388110171554697	-0.00926743334168735	0.999365034096035	-0.00926743334168735
LZTR1	0.388153168643215	0.00772490713678767	0.999365034096035	0.00772490713678767
ACVR1	0.388213586883701	-0.00854217102578138	0.999365034096035	-0.00854217102578138
SPESP1	0.388314793705133	0.00756252278750541	0.999365034096035	0.00756252278750541
SS18L1	0.388361053279119	0.00743588593505322	0.999365034096035	0.00743588593505322
COA4	0.388662181914059	0.00935956849529292	0.999365034096035	0.00935956849529292
ENOX2	0.38877735315832	-0.00478765815671192	0.999365034096035	-0.00478765815671192
CDK3	0.388780805575462	-0.0133265534045555	0.999365034096035	-0.0133265534045555
LLGL1	0.388866506888385	0.0115927663783542	0.999365034096035	0.0115927663783542
RSRC1	0.388890930767574	0.00473822246325234	0.999365034096035	0.00473822246325234
CCZ1B	0.388986228609265	0.0078513567974691	0.999365034096035	0.0078513567974691
TRIM35	0.389005528374365	0.0105623359748101	0.999365034096035	0.0105623359748101
TIMM8B	0.389035314651106	0.0144282589520143	0.999365034096035	0.0144282589520143
SLC39A9	0.389040596621369	-0.00606165895164615	0.999365034096035	-0.00606165895164615
UBR7	0.389322869819638	-0.00804946844125059	0.999365034096035	-0.00804946844125059
PCDH17	0.389506739154902	0.00497772559906679	0.999365034096035	0.00497772559906679
LMTK3	0.389697567799295	-0.0114580592030084	0.999365034096035	-0.0114580592030084
PMP2	0.389715676001663	0.00873821393432223	0.999365034096035	0.00873821393432223
PRKCB	0.389721862771601	-0.00993586291789009	0.999365034096035	-0.00993586291789009
BTBD1	0.389889815154827	-0.00752057842897765	0.999365034096035	-0.00752057842897765
C2orf72	0.389970422970616	0.00805536627538269	0.999365034096035	0.00805536627538269
KTN1	0.389975787442382	-0.00370314397442523	0.999365034096035	-0.00370314397442523
SET	0.389996861203524	-0.0088246815751829	0.999365034096035	-0.0088246815751829
ZBTB49	0.390047952076991	-0.0125500962738363	0.999365034096035	-0.0125500962738363
RBFOX2	0.39009456086849	0.00643572004876724	0.999365034096035	0.00643572004876724
TRAF3IP2-AS1	0.390159839266359	0.00437656663833856	0.999365034096035	0.00437656663833856
NHLRC3	0.390182601504931	-0.00595987375395191	0.999365034096035	-0.00595987375395191
RPAP1	0.390230084255767	0.00897957036251406	0.999365034096035	0.00897957036251406
TPM1	0.390251849436067	-0.0144890683150987	0.999365034096035	-0.0144890683150987
MED9	0.390304437356172	-0.0121213336537593	0.999365034096035	-0.0121213336537593
PGGT1B	0.390407186598291	-0.00765170795545976	0.999365034096035	-0.00765170795545976
EXOC7	0.390412362664172	0.00588735489787246	0.999365034096035	0.00588735489787246
COPRS	0.39094691710253	-0.018151007480431	0.999365034096035	-0.018151007480431
DBNL	0.391005259226484	0.007637454358119	0.999365034096035	0.007637454358119
CYB5A	0.391086561952345	-0.0116484408804375	0.999365034096035	-0.0116484408804375
ALG5	0.391119110976234	0.00765218514739938	0.999365034096035	0.00765218514739938
WDR55	0.391328480243997	-0.0140504467297614	0.999365034096035	-0.0140504467297614
CRTC3	0.391405051271461	-0.00411163235385325	0.999365034096035	-0.00411163235385325
KBTBD2	0.391446566125712	0.00846344199844559	0.999365034096035	0.00846344199844559
ZNF75D	0.39148525198599	-0.00898684224451482	0.999365034096035	-0.00898684224451482
UCKL1	0.391560261832421	0.00888427657078449	0.999365034096035	0.00888427657078449
TSPAN17	0.391793901439212	-0.0188417645496842	0.999365034096035	-0.0188417645496842
UBE2G2	0.391801815035144	-0.00600021917387022	0.999365034096035	-0.00600021917387022
ATP5F1A	0.391827852735434	0.0125934112157645	0.999365034096035	0.0125934112157645
KIF2A	0.391861007705724	0.00338952190767219	0.999365034096035	0.00338952190767219
MMP16	0.392074809867648	-0.0197967062051467	0.999365034096035	-0.0197967062051467
NUDT22	0.392130669605531	0.0120721151818579	0.999365034096035	0.0120721151818579
NBPF11	0.392148091698186	0.00803557841666503	0.999365034096035	0.00803557841666503
HIST1H2BC	0.392162708674973	0.011865613127422	0.999365034096035	0.011865613127422
IFT46	0.392224762785701	-0.0102241587304632	0.999365034096035	-0.0102241587304632
ETFB	0.392317353318624	0.00824139722546573	0.999365034096035	0.00824139722546573
AKR1A1	0.392327035051134	-0.0102470753896413	0.999365034096035	-0.0102470753896413
KMT2D	0.392404910971604	-0.00622843599603116	0.999365034096035	-0.00622843599603116
DST	0.39261489967218	-0.00418902239002902	0.999365034096035	-0.00418902239002902
TRDMT1	0.392718028398749	-0.0101964314283775	0.999365034096035	-0.0101964314283775
AL590807.1	0.39296834338905	-0.0155220888415442	0.999365034096035	-0.0155220888415442
UAP1L1	0.392979915497385	0.00924183646160351	0.999365034096035	0.00924183646160351
ARL3	0.393003758595237	0.00798410157035662	0.999365034096035	0.00798410157035662
MT-CO2	0.39323746972146	0.0056494635148469	0.999365034096035	0.0056494635148469
MTBP	0.393328466472982	-0.010931520010271	0.999365034096035	-0.010931520010271
IMMT	0.393764802088217	-0.00673633100173452	0.999365034096035	-0.00673633100173452
C2orf27A	0.39388942760083	-0.0132159242621096	0.999365034096035	-0.0132159242621096
LINC00571	0.393917676983801	0.0117013421215369	0.999365034096035	0.0117013421215369
SETD1A	0.394068846141825	0.00918450170477244	0.999365034096035	0.00918450170477244
N4BP1	0.394086125266934	-0.00513477557812636	0.999365034096035	-0.00513477557812636
ZFP28	0.394103747019733	0.0112466727282737	0.999365034096035	0.0112466727282737
ASTN2	0.394160818810867	-0.00406900775380444	0.999365034096035	-0.00406900775380444
MAF1	0.394325319127218	-0.0108862412183529	0.999365034096035	-0.0108862412183529
C1orf52	0.394356162745963	-0.00687019444083475	0.999365034096035	-0.00687019444083475
SPANXA2-OT1	0.394427391492667	0.0066465246249257	0.999365034096035	0.0066465246249257
MMS22L	0.394496876797536	-0.00716424214447615	0.999365034096035	-0.00716424214447615
SNAI3-AS1	0.394687349809139	0.0131520503342068	0.999365034096035	0.0131520503342068
CAB39	0.394828666034327	-0.00484813016145848	0.999365034096035	-0.00484813016145848
APBB3	0.394834156818293	0.0112759939980814	0.999365034096035	0.0112759939980814
TWF1	0.394874163589986	0.00907941290297628	0.999365034096035	0.00907941290297628
VPS18	0.394883227804973	0.0133983328175593	0.999365034096035	0.0133983328175593
GTF2H2	0.394891469647053	0.00933326169516601	0.999365034096035	0.00933326169516601
C2CD2	0.394935617766993	-0.0129311123890186	0.999365034096035	-0.0129311123890186
DAZAP1	0.39520220871839	-0.0054305390816416	0.999365034096035	-0.0054305390816416
BVES	0.395311762589268	-0.0106682358927505	0.999365034096035	-0.0106682358927505
TPRA1	0.395313960246903	-0.0103275869404678	0.999365034096035	-0.0103275869404678
GAN	0.395372789071398	-0.0084070895072377	0.999365034096035	-0.0084070895072377
COMMD10	0.395376441851406	-0.00446792552378727	0.999365034096035	-0.00446792552378727
SMC4	0.395445960830683	0.00760376571448095	0.999365034096035	0.00760376571448095
ST6GALNAC6	0.395458805770749	-0.0135755397328355	0.999365034096035	-0.0135755397328355
FN1	0.395550727092928	0.0140596323595202	0.999365034096035	0.0140596323595202
GALK1	0.395558010840728	0.0155078875325755	0.999365034096035	0.0155078875325755
CTC1	0.395565488253718	0.00929080327389465	0.999365034096035	0.00929080327389465
SLC25A42	0.395621832640493	-0.008196136868021	0.999365034096035	-0.008196136868021
CNOT8	0.39578098173685	-0.00851240518614093	0.999365034096035	-0.00851240518614093
WIPF1	0.395926636773571	0.00404509167847967	0.999365034096035	0.00404509167847967
PUM1	0.396040583920206	-0.00333586520509019	0.999365034096035	-0.00333586520509019
TMEM248	0.396101124996236	0.00568858971875898	0.999365034096035	0.00568858971875898
SNHG5	0.39613703615939	0.0051448412091062	0.999365034096035	0.0051448412091062
RC3H1	0.396226677520889	0.00437036514902284	0.999365034096035	0.00437036514902284
ZNF740	0.396226900315148	0.0102040813736049	0.999365034096035	0.0102040813736049
SCARA3	0.396287913594568	-0.0149859599789198	0.999365034096035	-0.0149859599789198
TLE2	0.396320927953856	0.0131354999168071	0.999365034096035	0.0131354999168071
SLC35A5	0.396340226417303	0.00770206591748956	0.999365034096035	0.00770206591748956
HEATR6	0.396398062251829	0.00856378373218819	0.999365034096035	0.00856378373218819
VWA8	0.396567979529553	0.00481876368924176	0.999365034096035	0.00481876368924176
NIPA1	0.396569749904022	-0.00460171205946311	0.999365034096035	-0.00460171205946311
SRFBP1	0.396574736866168	-0.00697547567976658	0.999365034096035	-0.00697547567976658
DTX2	0.396722787582646	0.0121874438725729	0.999365034096035	0.0121874438725729
ECHDC1	0.396967682396239	0.00696247527901874	0.999365034096035	0.00696247527901874
TBC1D8	0.396980082700306	-0.00750226836959687	0.999365034096035	-0.00750226836959687
ZDHHC18	0.396998860044037	0.0101634237484327	0.999365034096035	0.0101634237484327
PRNP	0.397110961509519	0.00731697077442605	0.999365034096035	0.00731697077442605
AC041005.1	0.397162796169834	-0.0119318023684177	0.999365034096035	-0.0119318023684177
DNAJC25	0.397227029614199	-0.0116097302891781	0.999365034096035	-0.0116097302891781
TP53TG5	0.397250309154878	-0.00582039358013988	0.999365034096035	-0.00582039358013988
PEX10	0.397401134203874	0.0140308715345179	0.999365034096035	0.0140308715345179
NKX6-2	0.397517332628711	-0.00543349156801205	0.999365034096035	-0.00543349156801205
DDX1	0.397630869310498	0.00790512358085309	0.999365034096035	0.00790512358085309
POLR2C	0.397885681011368	-0.0137585435099221	0.999365034096035	-0.0137585435099221
NEK7	0.397892662575247	-0.00376044460436546	0.999365034096035	-0.00376044460436546
HPRT1	0.397960249521101	-0.00887039723770301	0.999365034096035	-0.00887039723770301
KHDRBS3	0.397971369699629	-0.0141869580084036	0.999365034096035	-0.0141869580084036
ITPK1	0.398218114099376	-0.00426557467245091	0.999365034096035	-0.00426557467245091
BEX1	0.39834250836234	-0.0167544991359162	0.999365034096035	-0.0167544991359162
S100A1	0.398384781060228	0.0160997983291887	0.999365034096035	0.0160997983291887
WDR19	0.398398824215304	0.00901580436819452	0.999365034096035	0.00901580436819452
ABLIM3	0.3983996953673	0.014073514867088	0.999365034096035	0.014073514867088
C3orf33	0.398560151944622	0.00988470733947282	0.999365034096035	0.00988470733947282
NPIPB5	0.398607946587423	0.00734955961739192	0.999365034096035	0.00734955961739192
CSNK2A2	0.398722229733108	0.0071293574850543	0.999365034096035	0.0071293574850543
RAB30-DT	0.39906346710909	0.00463739457188991	0.999365034096035	0.00463739457188991
UBL3	0.399080268380784	-0.00352283116307017	0.999365034096035	-0.00352283116307017
EMC8	0.399331318220664	0.00832542607395781	0.999365034096035	0.00832542607395781
AC090844.2	0.399626840570869	0.0084287513930054	0.999365034096035	0.0084287513930054
CDH2	0.39967833998024	0.00663549660626668	0.999365034096035	0.00663549660626668
TMEM229A	0.39970636240607	-0.0135480230027746	0.999365034096035	-0.0135480230027746
ZNF7	0.399709054095791	0.0101802942675094	0.999365034096035	0.0101802942675094
AC008124.1	0.399818093014209	0.00659290802667607	0.999365034096035	0.00659290802667607
PPIF	0.399868919526791	0.0148483106229845	0.999365034096035	0.0148483106229845
HOMEZ	0.399891325864174	0.011950943746222	0.999365034096035	0.011950943746222
CAMSAP1	0.399895343194641	-0.00546981059024228	0.999365034096035	-0.00546981059024228
LINC01322	0.399920873376288	0.0167635927450908	0.999365034096035	0.0167635927450908
CACNA1D	0.399965986555831	-0.0167068468936091	0.999365034096035	-0.0167068468936091
SCCPDH	0.39999216274133	-0.0089289212529894	0.999365034096035	-0.0089289212529894
PRKCI	0.400181523190464	-0.0071731822134669	0.999365034096035	-0.0071731822134669
AC012442.2	0.400198336976297	-0.00966916042326065	0.999365034096035	-0.00966916042326065
SIPA1L1	0.400306228185983	0.00388608327608813	0.999365034096035	0.00388608327608813
CSNK1G1	0.400451266065008	-0.00602295364417356	0.999365034096035	-0.00602295364417356
IL1RAPL1	0.400650585590319	0.00226486269542562	0.999365034096035	0.00226486269542562
UBE2Z	0.401024064293906	0.00565659349609136	0.999365034096035	0.00565659349609136
B4GALT3	0.401065241274417	-0.017490125877418	0.999365034096035	-0.017490125877418
TEFM	0.401407943332288	0.00835754237239158	0.999365034096035	0.00835754237239158
CALD1	0.401424243978518	-0.00475729323713448	0.999365034096035	-0.00475729323713448
AL136038.5	0.401531225255561	0.00745360321954532	0.999365034096035	0.00745360321954532
C21orf91-OT1	0.401900782082884	-0.0094591966690093	0.999365034096035	-0.0094591966690093
SART1	0.40199309994255	0.00689101861771787	0.999365034096035	0.00689101861771787
ZBTB1	0.402243824170887	0.00512084948947435	0.999365034096035	0.00512084948947435
NDUFB10	0.402269891900565	-0.0154750123420657	0.999365034096035	-0.0154750123420657
RPS26	0.402358790701077	-0.0138862204255816	0.999365034096035	-0.0138862204255816
ATP6V0A1	0.402445655765326	-0.00538029277640481	0.999365034096035	-0.00538029277640481
OXR1	0.402486034494162	0.014153057717814	0.999365034096035	0.014153057717814
NFX1	0.402666367355167	-0.00481876091198707	0.999365034096035	-0.00481876091198707
ANP32B	0.402725511096138	-0.00630057606503966	0.999365034096035	-0.00630057606503966
TLCD4	0.402730274540485	-0.0122804815646839	0.999365034096035	-0.0122804815646839
DDX49	0.402880029888703	0.00941085612579342	0.999365034096035	0.00941085612579342
WIPF2	0.402884527034336	-0.00480296107252181	0.999365034096035	-0.00480296107252181
RGS5	0.402907524191906	-0.0140355059413915	0.999365034096035	-0.0140355059413915
UFC1	0.403028643082381	0.0131624596067085	0.999365034096035	0.0131624596067085
HIBADH	0.403136660173325	0.00467196006828755	0.999365034096035	0.00467196006828755
OSBPL9	0.403201480600781	-0.00338030333887518	0.999365034096035	-0.00338030333887518
RBM41	0.40330339005631	-0.00592415853119759	0.999365034096035	-0.00592415853119759
PEX6	0.403323890389306	-0.00707235349861578	0.999365034096035	-0.00707235349861578
RPS6KA1	0.403393552368414	0.00810329683133554	0.999365034096035	0.00810329683133554
H1FX	0.403536082831268	-0.0130783186632507	0.999365034096035	-0.0130783186632507
TSHZ2	0.403574451752236	-0.0182124146270618	0.999365034096035	-0.0182124146270618
LINC02352	0.40364094786536	0.0109544773342948	0.999365034096035	0.0109544773342948
AC104170.1	0.40368484648258	-0.0124608583540933	0.999365034096035	-0.0124608583540933
TLK2	0.403993249406366	0.00475303152763079	0.999365034096035	0.00475303152763079
TYSND1	0.403999287512331	0.00925445648355606	0.999365034096035	0.00925445648355606
IP6K1	0.404353983685906	0.00474479956280608	0.999365034096035	0.00474479956280608
USB1	0.404450661240513	-0.0129453505053596	0.999365034096035	-0.0129453505053596
TRAK1	0.404774798989789	0.00844136695335703	0.999365034096035	0.00844136695335703
TTBK2	0.404809267376993	-0.00371247223448638	0.999365034096035	-0.00371247223448638
DDX5	0.404841475590792	-0.00386086700435109	0.999365034096035	-0.00386086700435109
CLSTN1	0.404842787223002	-0.00750532830399698	0.999365034096035	-0.00750532830399698
ZNF292	0.404850525962899	-0.00317678728549435	0.999365034096035	-0.00317678728549435
LATS2	0.40491082313429	0.00900483858988081	0.999365034096035	0.00900483858988081
GTF2IRD1	0.405005529213151	-0.0085243977834586	0.999365034096035	-0.0085243977834586
TMEM65	0.405154405099316	-0.00733229623339518	0.999365034096035	-0.00733229623339518
PER1	0.40539787816424	-0.00693216052827279	0.999365034096035	-0.00693216052827279
C1orf56	0.405462347903169	0.0137914156486563	0.999365034096035	0.0137914156486563
ARFGAP2	0.405636113641153	0.00644906964724812	0.999365034096035	0.00644906964724812
PNKP	0.405671901780371	0.0105770336914383	0.999365034096035	0.0105770336914383
TTC12	0.405855033271464	0.00994729721156078	0.999365034096035	0.00994729721156078
ARL8B	0.405881887372982	0.00501123854490892	0.999365034096035	0.00501123854490892
ATN1	0.405906291753105	-0.00744407357699085	0.999365034096035	-0.00744407357699085
INVS	0.406008684756872	-0.00381809887647709	0.999365034096035	-0.00381809887647709
CCDC43	0.40611900124002	-0.0142851438066755	0.999365034096035	-0.0142851438066755
ATP1A1	0.406252300676351	-0.00865027051039646	0.999365034096035	-0.00865027051039646
EPRS	0.406308699514024	0.00517667078447388	0.999365034096035	0.00517667078447388
ZNF714	0.406325017529707	0.00914898414424472	0.999365034096035	0.00914898414424472
FDFT1	0.406544664274177	-0.00496234340517774	0.999365034096035	-0.00496234340517774
RBFOX3	0.406622195600172	-0.016235601890414	0.999365034096035	-0.016235601890414
CNPY2	0.406666287587039	-0.00740773378726535	0.999365034096035	-0.00740773378726535
WRN	0.406675347229701	0.00487382100744367	0.999365034096035	0.00487382100744367
PPIL6	0.406701754046849	0.0131483042932171	0.999365034096035	0.0131483042932171
AC107204.1	0.406728012712337	-0.012064746608099	0.999365034096035	-0.012064746608099
SF3B1	0.406755630369211	0.00356806509272599	0.999365034096035	0.00356806509272599
NDUFS5	0.406808745137773	-0.0149272571874871	0.999365034096035	-0.0149272571874871
DENND5B	0.406820207760907	-0.00405319845338116	0.999365034096035	-0.00405319845338116
PHF10	0.406869514304488	-0.00792494539869867	0.999365034096035	-0.00792494539869867
DUSP1	0.406970248531936	-0.0161737503126438	0.999365034096035	-0.0161737503126438
CEP89	0.407059549298175	0.00698720493762688	0.999365034096035	0.00698720493762688
XBP1	0.40715842353722	0.0146131288537537	0.999365034096035	0.0146131288537537
HSP90AB1	0.407248222888203	0.00871458569097545	0.999365034096035	0.00871458569097545
TMEM53	0.407413311746136	-0.0116465263648999	0.999365034096035	-0.0116465263648999
ZNF721	0.407501453863671	0.00455366581932348	0.999365034096035	0.00455366581932348
OPTN	0.407566792641644	-0.00920571558078563	0.999365034096035	-0.00920571558078563
AP002813.1	0.407580418633665	0.0135540250593628	0.999365034096035	0.0135540250593628
FAM181B	0.407595755634713	-0.0121754897090941	0.999365034096035	-0.0121754897090941
PREPL	0.407615488520175	-0.00697431004327191	0.999365034096035	-0.00697431004327191
DRAM2	0.407657274783775	-0.00757397064793523	0.999365034096035	-0.00757397064793523
DEPDC7	0.407756792515593	-0.0135245818152589	0.999365034096035	-0.0135245818152589
POLR3B	0.407799136213096	0.00691653674298617	0.999365034096035	0.00691653674298617
DDX31	0.407847729887537	0.00855973772202509	0.999365034096035	0.00855973772202509
AC097532.3	0.40793345897226	-0.0131475084339679	0.999365034096035	-0.0131475084339679
SGSM3	0.407946260640009	-0.00970555847169887	0.999365034096035	-0.00970555847169887
MRPS28	0.407956673855243	0.00549681055137188	0.999365034096035	0.00549681055137188
TXNDC9	0.408047237893364	-0.0104373884287023	0.999365034096035	-0.0104373884287023
SPRYD3	0.408138110316618	-0.0159416638787632	0.999365034096035	-0.0159416638787632
SEC31A	0.408368290100327	-0.00444323485649779	0.999365034096035	-0.00444323485649779
AC245187.2	0.408625290364118	-0.0230446497146664	0.999365034096035	-0.0230446497146664
SLC39A7	0.408631856827826	-0.0121303669774686	0.999365034096035	-0.0121303669774686
IBTK	0.408996106541765	-0.00468837669617053	0.999365034096035	-0.00468837669617053
ALG1	0.409036777079144	-0.00909589587567814	0.999365034096035	-0.00909589587567814
ANKRD40	0.40908892817391	0.00817408820780987	0.999365034096035	0.00817408820780987
GATAD2B	0.409100173872785	0.00366125612496741	0.999365034096035	0.00366125612496741
AC090518.1	0.409141106852044	0.0126474837477801	0.999365034096035	0.0126474837477801
AL031651.2	0.409415783207024	0.0130644914713018	0.999365034096035	0.0130644914713018
AC006141.1	0.409434093195393	-0.0100067729104097	0.999365034096035	-0.0100067729104097
RPL7	0.40946168659353	0.0138675012307314	0.999365034096035	0.0138675012307314
LRIG2-DT	0.409495715587721	0.00922026641726494	0.999365034096035	0.00922026641726494
SMOX	0.40956269363908	0.011429114735928	0.999365034096035	0.011429114735928
FAM151B	0.409600572955174	0.0115022231011826	0.999365034096035	0.0115022231011826
LNPEP	0.409641136313128	0.00419891827079769	0.999365034096035	0.00419891827079769
CHKB	0.409682218738013	-0.00865886914285291	0.999365034096035	-0.00865886914285291
LINC00863	0.409926165644303	0.0122721446500249	0.999365034096035	0.0122721446500249
FKBP4	0.409928906293002	-0.0114030883262121	0.999365034096035	-0.0114030883262121
GNE	0.409956010719463	-0.00666989022569582	0.999365034096035	-0.00666989022569582
DOCK5	0.409986671666098	-0.00278315307244215	0.999365034096035	-0.00278315307244215
MTCH1	0.409987656688075	0.00593969743148003	0.999365034096035	0.00593969743148003
HSD17B11	0.410086007416795	0.00891846216779834	0.999365034096035	0.00891846216779834
NOP56	0.410221115716212	0.00646286923280995	0.999365034096035	0.00646286923280995
NXPE3	0.410335736241415	0.00360066872897221	0.999365034096035	0.00360066872897221
CCNDBP1	0.41041979849968	-0.00893545322960343	0.999365034096035	-0.00893545322960343
LACTB2	0.410535454946031	0.0102417985799712	0.999365034096035	0.0102417985799712
EFHC1	0.410586349385721	-0.00740931817782387	0.999365034096035	-0.00740931817782387
KIAA1109	0.410617794054755	0.00371201427402071	0.999365034096035	0.00371201427402071
TMEM231	0.410857734725978	-0.0145116759635292	0.999365034096035	-0.0145116759635292
AC008462.1	0.41094786866805	0.0135586439954726	0.999365034096035	0.0135586439954726
ARL6IP6	0.411138570091241	0.00612877048077226	0.999365034096035	0.00612877048077226
ARHGAP32	0.411210018355905	-0.00823006396874004	0.999365034096035	-0.00823006396874004
ALDH8A1	0.411246855603568	-0.0106044667344228	0.999365034096035	-0.0106044667344228
ATAD3A	0.411339832380765	-0.00913961446193799	0.999365034096035	-0.00913961446193799
GNAZ	0.411343094320276	0.00760606393115971	0.999365034096035	0.00760606393115971
CADM3	0.411400156658385	-0.020454625093161	0.999365034096035	-0.020454625093161
HPS3	0.411476107348744	0.00705783626634253	0.999365034096035	0.00705783626634253
HCFC1	0.411563909983783	-0.00998995919109157	0.999365034096035	-0.00998995919109157
RPL34-AS1	0.411858206846903	0.00827517958552587	0.999365034096035	0.00827517958552587
GRIN2B	0.412113391715193	-0.0164006897058425	0.999365034096035	-0.0164006897058425
CCP110	0.412553282696307	-0.00341392094287593	0.999365034096035	-0.00341392094287593
ECPAS	0.412599307668874	0.00332363533020869	0.999365034096035	0.00332363533020869
MANBAL	0.412609075892493	-0.0135351664347839	0.999365034096035	-0.0135351664347839
CNOT6L	0.412702233323299	-0.00523206007650352	0.999365034096035	-0.00523206007650352
SETD7	0.412708893199469	-0.00745658567208992	0.999365034096035	-0.00745658567208992
TBC1D13	0.412859871205327	0.00663273713888022	0.999365034096035	0.00663273713888022
ZFP64	0.412881046600182	0.00617436692491924	0.999365034096035	0.00617436692491924
TCEA2	0.413215070373517	0.00989057948960676	0.999365034096035	0.00989057948960676
GALNT7	0.413320246212292	0.00621729781733053	0.999365034096035	0.00621729781733053
AC011997.1	0.41367691945916	-0.00782461477668898	0.999365034096035	-0.00782461477668898
RETREG1	0.413680858344613	0.00332920564161842	0.999365034096035	0.00332920564161842
RAE1	0.413683341751748	-0.00961111184656821	0.999365034096035	-0.00961111184656821
MTA3	0.414195474364587	-0.00587818616836026	0.999365034096035	-0.00587818616836026
DNA2	0.414222330006879	-0.00840495468493215	0.999365034096035	-0.00840495468493215
STXBP5-AS1	0.414269370129925	-0.018032034786912	0.999365034096035	-0.018032034786912
PEF1	0.414343898808519	-0.010017781907184	0.999365034096035	-0.010017781907184
PADI2	0.41456056892144	0.0053429650518448	0.999365034096035	0.0053429650518448
IRF2BPL	0.414735914985522	-0.0122578222731405	0.999365034096035	-0.0122578222731405
MAGI2	0.414984589960056	0.0018325083764347	0.999365034096035	0.0018325083764347
ERGIC2	0.415094514993183	0.00649019233108895	0.999365034096035	0.00649019233108895
CCDC152	0.415326089743791	-0.0114751528495985	0.999365034096035	-0.0114751528495985
KRI1	0.415483274760588	0.00634287169305167	0.999365034096035	0.00634287169305167
POLG2	0.415554381931744	0.00946255668842462	0.999365034096035	0.00946255668842462
AC009120.2	0.415810387704068	0.00525930098451399	0.999365034096035	0.00525930098451399
INTS8	0.415906141890751	0.00582522982706276	0.999365034096035	0.00582522982706276
ATXN10	0.415909374065255	-0.00368740718727846	0.999365034096035	-0.00368740718727846
TBCA	0.415936525390456	0.00439714987254121	0.999365034096035	0.00439714987254121
BCO2	0.416249020134353	0.00834032612951237	0.999365034096035	0.00834032612951237
AC015983.2	0.416354378092805	-0.00786889244698333	0.999365034096035	-0.00786889244698333
PDE7A	0.416375010034645	0.00420583889977349	0.999365034096035	0.00420583889977349
CRAMP1	0.416513512762307	0.00585383195755921	0.999365034096035	0.00585383195755921
SLC44A1	0.416543933861755	-0.00213211052114767	0.999365034096035	-0.00213211052114767
ZNF337-AS1	0.416620399893308	0.00849434977333384	0.999365034096035	0.00849434977333384
U2AF1L4	0.416640168703867	0.00997983271927468	0.999365034096035	0.00997983271927468
RILPL2	0.416729890175017	0.0131172477190045	0.999365034096035	0.0131172477190045
AL157911.1	0.416840605791125	0.0132407227301021	0.999365034096035	0.0132407227301021
BCORL1	0.416872819911653	-0.00995284385683989	0.999365034096035	-0.00995284385683989
MRPL12	0.416915792018383	-0.0175097574418535	0.999365034096035	-0.0175097574418535
ATP6V1G1	0.417014683715736	-0.0126384760524084	0.999365034096035	-0.0126384760524084
GABARAPL2	0.417180893237681	-0.00977196252397932	0.999365034096035	-0.00977196252397932
CLUAP1	0.417247482164173	0.00895929078558669	0.999365034096035	0.00895929078558669
ABCB10	0.417347498655755	-0.00629781429165614	0.999365034096035	-0.00629781429165614
AKT1S1	0.417380764009154	0.0108075490708931	0.999365034096035	0.0108075490708931
PXMP4	0.417409971164165	0.00780825869564392	0.999365034096035	0.00780825869564392
PLPP1	0.417485358512661	-0.00346035731787167	0.999365034096035	-0.00346035731787167
TSSK3	0.417652222802135	0.0122646761728403	0.999365034096035	0.0122646761728403
MRPS36	0.417708778867072	0.00840923030398525	0.999365034096035	0.00840923030398525
ZNF787	0.417902671737111	-0.009492945642682	0.999365034096035	-0.009492945642682
PSMA7	0.418040673538698	-0.00779211747735558	0.999365034096035	-0.00779211747735558
SETDB2	0.418134219321851	-0.00809774061733469	0.999365034096035	-0.00809774061733469
NMNAT2	0.418360821851472	0.0157718091339646	0.999365034096035	0.0157718091339646
NDUFA2	0.418403635298003	-0.014864163826022	0.999365034096035	-0.014864163826022
RRM1	0.418516346098926	-0.00925871615512559	0.999365034096035	-0.00925871615512559
NSUN6	0.418564633382606	0.00452144399343492	0.999365034096035	0.00452144399343492
NONO	0.418570177645797	0.00726102323211791	0.999365034096035	0.00726102323211791
SMURF2	0.41890867272056	0.00490848895250728	0.999365034096035	0.00490848895250728
GSR	0.419006511923934	0.0111323418186919	0.999365034096035	0.0111323418186919
RPL36AL	0.419043161521815	-0.0144577716250502	0.999365034096035	-0.0144577716250502
ATF2	0.419121779638152	-0.00538924423763352	0.999365034096035	-0.00538924423763352
SRSF11	0.419160410689245	-0.00358339973820962	0.999365034096035	-0.00358339973820962
GRSF1	0.419266285192363	0.00804437174265664	0.999365034096035	0.00804437174265664
PDCD10	0.419311933155644	0.00628361505667254	0.999365034096035	0.00628361505667254
PKD2	0.419321745566217	-0.00359555960867696	0.999365034096035	-0.00359555960867696
MCM3AP	0.419342259906919	-0.00640671987048974	0.999365034096035	-0.00640671987048974
AC108721.2	0.419462140157847	0.00534359610424224	0.999365034096035	0.00534359610424224
SPAST	0.419676105490345	0.00514718061658026	0.999365034096035	0.00514718061658026
PAM	0.419744008126147	0.021966013854629	0.999365034096035	0.021966013854629
PABPC1	0.419816613085818	0.0066012598564302	0.999365034096035	0.0066012598564302
LAMTOR1	0.419961249451308	0.00967506238773989	0.999365034096035	0.00967506238773989
SMC1A	0.420066820431708	-0.00507382217679536	0.999365034096035	-0.00507382217679536
KIDINS220	0.420176618209469	0.00291767746906198	0.999365034096035	0.00291767746906198
DESI2	0.420299095483352	-0.00693289561576221	0.999365034096035	-0.00693289561576221
AL133243.3	0.420345717044031	0.0136329295230237	0.999365034096035	0.0136329295230237
BHLHE41	0.420373088939527	0.00683232313278147	0.999365034096035	0.00683232313278147
TMEM62	0.420434449391139	0.00634308915466468	0.999365034096035	0.00634308915466468
VSTM2B	0.420449981687669	0.00553061310393846	0.999365034096035	0.00553061310393846
SYNGR1	0.420513943010261	-0.0104596559356452	0.999365034096035	-0.0104596559356452
PTOV1	0.420552523972119	0.00669332128458287	0.999365034096035	0.00669332128458287
PIGX	0.420592274654656	-0.00942180583100715	0.999365034096035	-0.00942180583100715
MANEA	0.420608117760974	0.0115581138349477	0.999365034096035	0.0115581138349477
UBE3D	0.420630998433699	0.0052596661465363	0.999365034096035	0.0052596661465363
DBF4B	0.420798473784832	0.00739949900526557	0.999365034096035	0.00739949900526557
NEU3	0.42084587675739	0.00934613615360575	0.999365034096035	0.00934613615360575
BTBD10	0.420890361799903	0.00830599282163599	0.999365034096035	0.00830599282163599
ITSN2	0.421038139201938	0.00339151195116926	0.999365034096035	0.00339151195116926
DBR1	0.421097333013374	-0.0120985658771793	0.999365034096035	-0.0120985658771793
PRPF38A	0.421098405065895	-0.00890871170623098	0.999365034096035	-0.00890871170623098
LINC00461	0.421113788013284	0.00546626038411258	0.999365034096035	0.00546626038411258
AL512343.2	0.42121446181624	-0.0107504834098722	0.999365034096035	-0.0107504834098722
FBH1	0.421383396231109	0.0056747607824136	0.999365034096035	0.0056747607824136
LHFPL3	0.421383423535726	-0.012768253228785	0.999365034096035	-0.012768253228785
RALY	0.42144832435539	-0.00402690505520165	0.999365034096035	-0.00402690505520165
KCNN3	0.421465991086688	0.0119398407094605	0.999365034096035	0.0119398407094605
NSDHL	0.421473472676022	0.0120576829938348	0.999365034096035	0.0120576829938348
PLRG1	0.421575547784143	0.00893114997832719	0.999365034096035	0.00893114997832719
TCTN1	0.421638006408899	-0.0102139097349626	0.999365034096035	-0.0102139097349626
COQ9	0.421679310444374	-0.0084804010044826	0.999365034096035	-0.0084804010044826
ABI2	0.421712436059182	0.00466604436586439	0.999365034096035	0.00466604436586439
HSP90AA1	0.421867088041311	0.00518983505125374	0.999365034096035	0.00518983505125374
GFAP	0.422049971286621	0.0184498382177703	0.999365034096035	0.0184498382177703
RAB4B	0.422217434894723	0.00483683620375107	0.999365034096035	0.00483683620375107
SLC1A4	0.422281679981042	-0.0172489546201553	0.999365034096035	-0.0172489546201553
AL365259.1	0.422310521725625	-0.0105369269422645	0.999365034096035	-0.0105369269422645
AC098829.1	0.422584240623863	0.00890984376716817	0.999365034096035	0.00890984376716817
TUG1	0.422620092789786	0.00512771126342915	0.999365034096035	0.00512771126342915
SLC25A40	0.422976731591256	-0.00868319376037283	0.999365034096035	-0.00868319376037283
NDUFV1	0.422984775956743	-0.00575101625557042	0.999365034096035	-0.00575101625557042
CYP46A1	0.42308112294814	-0.0129374886295902	0.999365034096035	-0.0129374886295902
SYNDIG1	0.423100611032444	0.00387486216765241	0.999365034096035	0.00387486216765241
AL591895.1	0.423395403483705	0.00681123375340233	0.999365034096035	0.00681123375340233
SNHG1	0.423426890938361	0.0106910802045188	0.999365034096035	0.0106910802045188
GFPT2	0.423655614667656	-0.011400491452273	0.999365034096035	-0.011400491452273
CCDC124	0.423750991631279	0.0116379488051689	0.999365034096035	0.0116379488051689
INTS10	0.42382502148532	0.00389068359829802	0.999365034096035	0.00389068359829802
KXD1	0.423931721639968	0.00768970166192725	0.999365034096035	0.00768970166192725
UNC79	0.423932290338217	0.00580542814888572	0.999365034096035	0.00580542814888572
GAS6	0.423997498306906	-0.012031919302248	0.999365034096035	-0.012031919302248
BEX3	0.424020525020935	0.0110845411520193	0.999365034096035	0.0110845411520193
RTF1	0.424120650732693	-0.00652287248058334	0.999365034096035	-0.00652287248058334
AC073050.1	0.424139205919272	0.0145946347355558	0.999365034096035	0.0145946347355558
SMPD1	0.424156544138264	0.00910321365794219	0.999365034096035	0.00910321365794219
LINC01137	0.424160661997596	-0.00906775651469491	0.999365034096035	-0.00906775651469491
ATP2C1	0.424179406774104	0.00527225547852202	0.999365034096035	0.00527225547852202
TTC21B	0.42418182974622	-0.00505002082400734	0.999365034096035	-0.00505002082400734
AP2S1	0.424389294029535	0.0147899902911569	0.999365034096035	0.0147899902911569
SCAI	0.424538746964783	0.00674858948169955	0.999365034096035	0.00674858948169955
NNT-AS1	0.424582508994577	0.00591171560259484	0.999365034096035	0.00591171560259484
NDUFB8	0.424643920399747	-0.0089277090092177	0.999365034096035	-0.0089277090092177
MSH2	0.424719156004649	0.0052608786417703	0.999365034096035	0.0052608786417703
PEA15	0.424749725805897	0.00831651291219178	0.999365034096035	0.00831651291219178
LDLRAD3	0.424797872750471	-0.00659524706076252	0.999365034096035	-0.00659524706076252
CEP120	0.425166126905362	0.00686663358650726	0.999365034096035	0.00686663358650726
LRRC8A	0.425181946929838	0.00739896315069019	0.999365034096035	0.00739896315069019
FGFR1	0.425472417128703	0.0122469932122419	0.999365034096035	0.0122469932122419
SEC22C	0.42548479158557	0.0059272532114136	0.999365034096035	0.0059272532114136
CASP8AP2	0.42565964599096	0.00583042935899293	0.999365034096035	0.00583042935899293
MICOS13	0.426134122906254	0.0130355896916668	0.999365034096035	0.0130355896916668
EIF2B3	0.426347517030945	0.00457443118757144	0.999365034096035	0.00457443118757144
P2RX7	0.426392946461061	-0.00309533020876657	0.999365034096035	-0.00309533020876657
TRAM1	0.426637720085364	0.0066221015154928	0.999365034096035	0.0066221015154928
CRYGS	0.426639898939517	-0.0129749987282917	0.999365034096035	-0.0129749987282917
PDHA1	0.426736580332516	-0.01093041967333	0.999365034096035	-0.01093041967333
KIAA1324	0.426766243875693	-0.00931287281240019	0.999365034096035	-0.00931287281240019
BCL9	0.426770572857368	-0.0073890291218962	0.999365034096035	-0.0073890291218962
PLEKHA6	0.426842110682606	-0.012322585841936	0.999365034096035	-0.012322585841936
AC105345.1	0.42705040363928	-0.0133567232633911	0.999365034096035	-0.0133567232633911
PUM2	0.427411693419385	-0.00285458196774734	0.999365034096035	-0.00285458196774734
NUP93	0.427474393825272	-0.00654325243983631	0.999365034096035	-0.00654325243983631
NPDC1	0.427845736567885	-0.00993077541088844	0.999365034096035	-0.00993077541088844
CDC5L	0.428005108063651	-0.00630033947867966	0.999365034096035	-0.00630033947867966
MCRS1	0.42817146318444	0.00985600281382971	0.999365034096035	0.00985600281382971
RTN3	0.428360466886436	-0.00517914752353346	0.999365034096035	-0.00517914752353346
AC015712.4	0.428376677739376	0.00821198721221231	0.999365034096035	0.00821198721221231
EPC1	0.42839680663343	0.00286320835030795	0.999365034096035	0.00286320835030795
KBTBD6	0.428489902618924	0.00820341146185388	0.999365034096035	0.00820341146185388
THOC2	0.428498485578907	-0.003435891351646	0.999365034096035	-0.003435891351646
RIOK3	0.428542426435018	-0.00490938161710229	0.999365034096035	-0.00490938161710229
SH3GL3	0.428543230816423	-0.00281365954995476	0.999365034096035	-0.00281365954995476
GET3	0.428915307726124	0.0136135305041908	0.999365034096035	0.0136135305041908
GSN	0.429046351290849	0.00373031371920747	0.999365034096035	0.00373031371920747
DNAJC5	0.42923107587824	0.00487398533812837	0.999365034096035	0.00487398533812837
SEC31B	0.429276798496235	-0.00708414739029301	0.999365034096035	-0.00708414739029301
BIN1	0.429372189821659	0.00248826799941307	0.999365034096035	0.00248826799941307
PLOD1	0.429655078693377	0.00757785284975365	0.999365034096035	0.00757785284975365
ATXN7	0.429659681870068	-0.00607197102113494	0.999365034096035	-0.00607197102113494
KLHL8	0.429860416351536	0.00690873006229592	0.999365034096035	0.00690873006229592
HAVCR2	0.429924592905997	0.00564280692095763	0.999365034096035	0.00564280692095763
ALKBH5	0.430151139616871	-0.00564628316463029	0.999365034096035	-0.00564628316463029
NALCN	0.43032464226262	-0.00257409834997424	0.999365034096035	-0.00257409834997424
RBM7	0.430349493042582	0.0124637566998969	0.999365034096035	0.0124637566998969
SFTPC	0.430366292064033	0.00973386392893286	0.999365034096035	0.00973386392893286
COX7C	0.430411057358887	0.013681804108858	0.999365034096035	0.013681804108858
GALNS	0.430541734241782	0.00825297359236577	0.999365034096035	0.00825297359236577
WHRN	0.430761593656456	0.00456430188812862	0.999365034096035	0.00456430188812862
PSKH1	0.430818520587073	-0.00750715530837956	0.999365034096035	-0.00750715530837956
KCNJ10	0.43082008259309	0.00547025990946864	0.999365034096035	0.00547025990946864
ZSCAN31	0.431148507054009	0.015148547624876	0.999365034096035	0.015148547624876
GRM5	0.431403045923728	0.0150296146202125	0.999365034096035	0.0150296146202125
ELP1	0.431420251880485	0.00612179344181745	0.999365034096035	0.00612179344181745
TAMM41	0.431468196621008	-0.00523799872271882	0.999365034096035	-0.00523799872271882
LINC01563	0.431558289962178	0.0103600528337915	0.999365034096035	0.0103600528337915
MCCC2	0.43166381647242	-0.00713858843270944	0.999365034096035	-0.00713858843270944
ACACA	0.431970404901397	0.00329656337875755	0.999365034096035	0.00329656337875755
ARSA	0.432106090977965	0.00962665159883782	0.999365034096035	0.00962665159883782
ST3GAL2	0.432122022248548	0.00797675036580304	0.999365034096035	0.00797675036580304
UBL5	0.432151870327758	0.0129193676795743	0.999365034096035	0.0129193676795743
DLEU1	0.432336055823484	-0.00681820817486299	0.999365034096035	-0.00681820817486299
OSBPL7	0.432355134107117	-0.0078689695874318	0.999365034096035	-0.0078689695874318
ATG4A	0.432357363551749	-0.0103635005167538	0.999365034096035	-0.0103635005167538
CAMTA2	0.432386376364709	0.00861803477002587	0.999365034096035	0.00861803477002587
PCYT1A	0.432542509898884	-0.00640664292004198	0.999365034096035	-0.00640664292004198
TNK2	0.432546871250762	-0.00500950729363718	0.999365034096035	-0.00500950729363718
CACNB4	0.432562413631467	-0.0147992800462235	0.999365034096035	-0.0147992800462235
DYM	0.432619116622362	-0.00296666701671533	0.999365034096035	-0.00296666701671533
ERCC5	0.432710016100035	-0.00609421557376767	0.999365034096035	-0.00609421557376767
FECH	0.432799446737176	0.00500253290523651	0.999365034096035	0.00500253290523651
PRKD3	0.432847438177234	0.00851162466497494	0.999365034096035	0.00851162466497494
PSME4	0.432851888442503	-0.00357758235448707	0.999365034096035	-0.00357758235448707
AC068282.1	0.4328952563649	0.0175105904497192	0.999365034096035	0.0175105904497192
NEIL1	0.432918155461794	0.0138006721884459	0.999365034096035	0.0138006721884459
KRCC1	0.433134615027313	0.00456792220290979	0.999365034096035	0.00456792220290979
SDE2	0.43316316971863	-0.0112793267168359	0.999365034096035	-0.0112793267168359
ZFAND6	0.433204363872767	-0.00452759322976951	0.999365034096035	-0.00452759322976951
ZNF134	0.43323678428737	0.0121937310035905	0.999365034096035	0.0121937310035905
ZNF569	0.433411106155862	0.00640506000398413	0.999365034096035	0.00640506000398413
IARS	0.433440834224481	-0.00523525622663631	0.999365034096035	-0.00523525622663631
AL049840.5	0.433500743330046	0.0104104783982425	0.999365034096035	0.0104104783982425
AL160254.1	0.433525552280274	-0.0148314119838315	0.999365034096035	-0.0148314119838315
SLC8B1	0.433548257817274	0.00729945790637792	0.999365034096035	0.00729945790637792
PRPF18	0.433777040907279	-0.00618368858243607	0.999365034096035	-0.00618368858243607
RCL1	0.433883643151787	0.0058885629965625	0.999365034096035	0.0058885629965625
FXYD7	0.433885685130558	-0.0188461121826004	0.999365034096035	-0.0188461121826004
MLF2	0.433888871358342	0.0120963448767464	0.999365034096035	0.0120963448767464
STMN4	0.433948184573366	0.00784121291881975	0.999365034096035	0.00784121291881975
AC092802.1	0.433952537690573	0.0109721001429294	0.999365034096035	0.0109721001429294
FKBP14	0.433954245652091	-0.01356510633293	0.999365034096035	-0.01356510633293
CYP4V2	0.434257934965203	0.00690887802408837	0.999365034096035	0.00690887802408837
DLEU2	0.434258748896281	0.00284823746436985	0.999365034096035	0.00284823746436985
RNASEH2B	0.434265470482359	0.00484262110850312	0.999365034096035	0.00484262110850312
CNST	0.434380113776222	-0.00740416311523404	0.999365034096035	-0.00740416311523404
PCSK1N	0.434406060801952	0.0157493891376954	0.999365034096035	0.0157493891376954
TMED4	0.434413062575737	-0.00664664703657013	0.999365034096035	-0.00664664703657013
TRPM7	0.434414872924874	0.00329992800332828	0.999365034096035	0.00329992800332828
ICMT	0.434509679578328	0.0119930280912687	0.999365034096035	0.0119930280912687
SYTL2	0.434547237736396	0.00523055894519908	0.999365034096035	0.00523055894519908
ATF7IP	0.434633524556755	0.0036650060877495	0.999365034096035	0.0036650060877495
SMG5	0.434657918703773	-0.00446673859125858	0.999365034096035	-0.00446673859125858
SPCS1	0.434677885406452	0.00874015578980469	0.999365034096035	0.00874015578980469
ARHGAP23	0.434681779015651	0.00414328244718896	0.999365034096035	0.00414328244718896
RTTN	0.434893123158123	-0.00403810903320101	0.999365034096035	-0.00403810903320101
MARF1	0.435196151462702	-0.00483740313472146	0.999365034096035	-0.00483740313472146
GTF2H3	0.435236633142103	0.0065617016499101	0.999365034096035	0.0065617016499101
FBXL12	0.435423515663957	0.00860838302491585	0.999365034096035	0.00860838302491585
GCSH	0.435946480595561	-0.00830268132925653	0.999365034096035	-0.00830268132925653
CACNA1A	0.435950185592229	-0.0146856771198214	0.999365034096035	-0.0146856771198214
ZNF594	0.435973553230377	-0.00809418269307282	0.999365034096035	-0.00809418269307282
ZFAND4	0.43604421825313	0.00746566441808211	0.999365034096035	0.00746566441808211
TRIOBP	0.436123694264659	0.00702364972220094	0.999365034096035	0.00702364972220094
SDHC	0.436195782033813	-0.00490724264747512	0.999365034096035	-0.00490724264747512
SLC4A1AP	0.436209882331246	0.00821655921898862	0.999365034096035	0.00821655921898862
CYBC1	0.436264830150495	0.00636845309263525	0.999365034096035	0.00636845309263525
AC005520.5	0.4366707669469	0.0141761079226234	0.999365034096035	0.0141761079226234
SYP	0.436764758265287	0.0111918400690231	0.999365034096035	0.0111918400690231
NFKBIL1	0.436818378202753	0.0138937273387025	0.999365034096035	0.0138937273387025
MAP9	0.436897077884922	-0.0125843274039189	0.999365034096035	-0.0125843274039189
PRKACA	0.436909855547714	-0.00815627101644415	0.999365034096035	-0.00815627101644415
MTCL1	0.436945787751826	-0.0104008788875194	0.999365034096035	-0.0104008788875194
PPP1R7	0.437084379749631	-0.00706756752941995	0.999365034096035	-0.00706756752941995
THAP7	0.437197772724592	-0.0143639367964827	0.999365034096035	-0.0143639367964827
ZNF124	0.437375151171477	-0.00889952788525994	0.999365034096035	-0.00889952788525994
C16orf70	0.437662492786472	0.00478553472600901	0.999365034096035	0.00478553472600901
ISG20	0.437676889982311	0.0102899482053564	0.999365034096035	0.0102899482053564
ZDHHC24	0.43780720284621	-0.00904107388874721	0.999365034096035	-0.00904107388874721
GCFC2	0.437818089127599	0.00527129089691183	0.999365034096035	0.00527129089691183
CDIP1	0.437840356258713	0.00952588784065482	0.999365034096035	0.00952588784065482
CFAP161	0.437896456102064	0.0125357036330092	0.999365034096035	0.0125357036330092
RAB3IP	0.437904671321242	-0.00557664320868245	0.999365034096035	-0.00557664320868245
PACS2	0.437946961550384	-0.003340847478319	0.999365034096035	-0.003340847478319
NUMA1	0.437952366316567	0.00364356504411208	0.999365034096035	0.00364356504411208
POLR2I	0.438119457392988	-0.0104609668950211	0.999365034096035	-0.0104609668950211
PHGDH	0.438326334389115	0.00814439808625644	0.999365034096035	0.00814439808625644
MTMR12	0.438384787013881	0.00660534491480283	0.999365034096035	0.00660534491480283
SLAIN2	0.438463963044309	0.00650278046362748	0.999365034096035	0.00650278046362748
JMJD8	0.43884651742072	-0.0149845475350748	0.999365034096035	-0.0149845475350748
PLPPR1	0.438875673732414	0.00393154256087351	0.999365034096035	0.00393154256087351
HEPN1	0.438998124108568	-0.0123397546487509	0.999365034096035	-0.0123397546487509
ERV3-1	0.439068133068635	0.0117124831016572	0.999365034096035	0.0117124831016572
PLEC	0.439242255450132	-0.0210674352955594	0.999365034096035	-0.0210674352955594
SUCLG1	0.439249940927066	0.00603278625842702	0.999365034096035	0.00603278625842702
CREBL2	0.439281224373603	0.00663076495654932	0.999365034096035	0.00663076495654932
LIFR-AS1	0.439311509092492	-0.00983765367023355	0.999365034096035	-0.00983765367023355
CHSY1	0.439408928359724	-0.00631712531712276	0.999365034096035	-0.00631712531712276
ACAP3	0.439422112439551	0.00452501089189455	0.999365034096035	0.00452501089189455
SSRP1	0.439424101507633	-0.00840639700523173	0.999365034096035	-0.00840639700523173
PIM3	0.439429938092943	0.00825494436147094	0.999365034096035	0.00825494436147094
IFI27L2	0.43952459839894	0.0121031841483942	0.999365034096035	0.0121031841483942
MGA	0.439692383136987	0.00429097852662473	0.999365034096035	0.00429097852662473
SDCCAG8	0.43994138338958	-0.00278610453023588	0.999365034096035	-0.00278610453023588
ZNF483	0.440273944967074	-0.00629628116224083	0.999365034096035	-0.00629628116224083
GPRASP1	0.440429405888202	-0.0134746146026877	0.999365034096035	-0.0134746146026877
FILIP1L	0.440485993885202	-0.012915455483319	0.999365034096035	-0.012915455483319
CTNNA1	0.440555147351886	0.00370589841819482	0.999365034096035	0.00370589841819482
CEP290	0.440603693246907	-0.00463259029096739	0.999365034096035	-0.00463259029096739
CAMKV	0.44066024628797	0.0233948079713996	0.999365034096035	0.0233948079713996
MFSD14B	0.440829919158282	0.0058678924923763	0.999365034096035	0.0058678924923763
SNTB2	0.440893114524613	-0.00921937794069527	0.999365034096035	-0.00921937794069527
RWDD1	0.440959737187239	0.00817994989661596	0.999365034096035	0.00817994989661596
RPL7A	0.441066252696094	-0.0100259538343718	0.999365034096035	-0.0100259538343718
ZNF407	0.441182441090679	-0.00433044413815155	0.999365034096035	-0.00433044413815155
SPEF2	0.441195153648972	-0.0150999434714247	0.999365034096035	-0.0150999434714247
TAF7	0.441197229491052	-0.0069078590378261	0.999365034096035	-0.0069078590378261
PRDX4	0.441622203418712	-0.0127642584471305	0.999365034096035	-0.0127642584471305
SYNE1	0.441627954487277	0.0081560573533401	0.999365034096035	0.0081560573533401
MYL6	0.441642190388938	0.00810472956327947	0.999365034096035	0.00810472956327947
SMAD9	0.441697135121213	-0.00919023659306144	0.999365034096035	-0.00919023659306144
NR2F6	0.441706231894524	0.0117400748039682	0.999365034096035	0.0117400748039682
LRRC29	0.441981379642358	-0.00844625106684167	0.999365034096035	-0.00844625106684167
GALNT12	0.442135512112793	-0.011619708140222	0.999365034096035	-0.011619708140222
RPS15A	0.442142304667436	-0.0103888031280377	0.999365034096035	-0.0103888031280377
HERC5	0.442297353554838	0.0119985535458618	0.999365034096035	0.0119985535458618
LINC01409	0.442352098256375	0.0101359821852127	0.999365034096035	0.0101359821852127
COG6	0.442440824104925	0.00497104798783437	0.999365034096035	0.00497104798783437
AC021851.1	0.442473928211364	-0.0103307661063005	0.999365034096035	-0.0103307661063005
TSN	0.442484697548783	-0.00656656063818811	0.999365034096035	-0.00656656063818811
TMEM63A	0.442629874541679	-0.00354013280418715	0.999365034096035	-0.00354013280418715
RAB29	0.44268221713973	0.0111173410564829	0.999365034096035	0.0111173410564829
TGOLN2	0.442705546109587	-0.00562755753600761	0.999365034096035	-0.00562755753600761
NIPSNAP2	0.442746074483238	0.00435661042494038	0.999365034096035	0.00435661042494038
GTF2I	0.442901465086925	-0.00220659151489465	0.999365034096035	-0.00220659151489465
TXNDC5	0.442986782226566	0.00719271172176839	0.999365034096035	0.00719271172176839
HSPA8	0.443044339958164	-0.0118980451752221	0.999365034096035	-0.0118980451752221
RPS5	0.443066191035735	0.00985834127351373	0.999365034096035	0.00985834127351373
DACT3-AS1	0.44313391399407	0.0128207985802959	0.999365034096035	0.0128207985802959
CSMD3	0.443195837294806	0.0117933366930968	0.999365034096035	0.0117933366930968
WDR4	0.44322622395576	0.00923158092194575	0.999365034096035	0.00923158092194575
RUBCN	0.443265307979917	-0.00634548503013632	0.999365034096035	-0.00634548503013632
LINC02199	0.443270693901531	-0.00771614428229519	0.999365034096035	-0.00771614428229519
DHX36	0.443282147610855	0.00483919092692181	0.999365034096035	0.00483919092692181
FAM135B	0.443436002154262	-0.011612692034647	0.999365034096035	-0.011612692034647
GRIN2A	0.443579697572992	-0.0103519675027379	0.999365034096035	-0.0103519675027379
MYSM1	0.443693003203692	0.00591474272663488	0.999365034096035	0.00591474272663488
RNF139	0.443700382529537	0.00932490202121693	0.999365034096035	0.00932490202121693
LZTS2	0.444154501047358	0.0055724325374056	0.999365034096035	0.0055724325374056
ZFPL1	0.444222408006266	0.00761322532856492	0.999365034096035	0.00761322532856492
CGGBP1	0.444241767486787	0.00535565339157759	0.999365034096035	0.00535565339157759
TTC4	0.444339724272914	0.00978012170941534	0.999365034096035	0.00978012170941534
PNPLA8	0.444728805066104	-0.00592967160313812	0.999365034096035	-0.00592967160313812
MRPS30-DT	0.444789074849497	0.00940794172741947	0.999365034096035	0.00940794172741947
PPRC1	0.444793721562954	0.00957629493441897	0.999365034096035	0.00957629493441897
PLEKHM3	0.444838815481953	0.00439083763258749	0.999365034096035	0.00439083763258749
PLEKHG3	0.444928540019907	-0.00431272906889426	0.999365034096035	-0.00431272906889426
CELF5	0.445057179270158	0.015068183776653	0.999365034096035	0.015068183776653
DYRK4	0.445185240791127	0.0106394400440089	0.999365034096035	0.0106394400440089
EIF3D	0.445221547329971	-0.00875967623085613	0.999365034096035	-0.00875967623085613
LDB1	0.445226543570708	-0.0137170964548759	0.999365034096035	-0.0137170964548759
C9orf24	0.445241679302877	-0.0138253030797191	0.999365034096035	-0.0138253030797191
DAGLB	0.445329779611814	-0.00922285362021851	0.999365034096035	-0.00922285362021851
INSYN2A	0.445458914203425	-0.0123610149145733	0.999365034096035	-0.0123610149145733
AKAP7	0.445670346106374	0.00513108440972671	0.999365034096035	0.00513108440972671
APTX	0.445932979572834	0.00485115922288456	0.999365034096035	0.00485115922288456
RBM4B	0.445935662153768	-0.00850206708594622	0.999365034096035	-0.00850206708594622
CMAS	0.445972266232829	-0.00885248448453	0.999365034096035	-0.00885248448453
AGPAT5	0.446006629609274	0.00629436567328588	0.999365034096035	0.00629436567328588
CENPC	0.446111468448764	0.00476177862671143	0.999365034096035	0.00476177862671143
ENDOV	0.446124184928994	-0.00724166978793638	0.999365034096035	-0.00724166978793638
COX14	0.446221186996109	0.0130254199673701	0.999365034096035	0.0130254199673701
SUCLG2	0.446416200107006	-0.00531751715410466	0.999365034096035	-0.00531751715410466
KANSL1	0.44647021289444	-0.0035497208849878	0.999365034096035	-0.0035497208849878
KIF16B	0.446507655308825	-0.0046094261818127	0.999365034096035	-0.0046094261818127
ARHGAP35	0.44653674902003	0.0035591770366891	0.999365034096035	0.0035591770366891
CHD2	0.446563411755553	-0.0036312646844267	0.999365034096035	-0.0036312646844267
ST3GAL5	0.44657952016142	-0.00452182784901513	0.999365034096035	-0.00452182784901513
ARID3A	0.446801797472442	-0.0121301431007992	0.999365034096035	-0.0121301431007992
ZFHX2	0.447021155095843	-0.00602935001296217	0.999365034096035	-0.00602935001296217
AL139815.1	0.447069711957757	0.0112779171118112	0.999365034096035	0.0112779171118112
NDUFAF7	0.447096137928522	0.00855944274929892	0.999365034096035	0.00855944274929892
NFKBIZ	0.447113775800964	-0.00674165482609432	0.999365034096035	-0.00674165482609432
ZNF135	0.447123089464979	0.00536023992831481	0.999365034096035	0.00536023992831481
SLC66A3	0.447519432212322	0.00954452255880987	0.999365034096035	0.00954452255880987
ATP6V1F	0.447551612228809	-0.013246986559022	0.999365034096035	-0.013246986559022
SLC27A5	0.447802451471202	-0.00791512505451711	0.999365034096035	-0.00791512505451711
CFAP53	0.447811277387705	0.00946882669417331	0.999365034096035	0.00946882669417331
HMG20B	0.44783706451702	0.00783456609510865	0.999365034096035	0.00783456609510865
GNAI3	0.44795962155665	0.00652797681096029	0.999365034096035	0.00652797681096029
TASOR	0.448077307237084	0.0038346586365961	0.999365034096035	0.0038346586365961
AREL1	0.448274965032168	0.00562193816579396	0.999365034096035	0.00562193816579396
PAIP1	0.448495821472796	-0.0083561946930189	0.999365034096035	-0.0083561946930189
CHD4	0.448517013750148	0.00334302810451605	0.999365034096035	0.00334302810451605
DMTN	0.448551994332891	-0.0176395461970262	0.999365034096035	-0.0176395461970262
BZW1	0.448554917931688	-0.010352776885169	0.999365034096035	-0.010352776885169
LINC02511	0.448689150960799	0.0118026366894185	0.999365034096035	0.0118026366894185
MRAS	0.448797328529091	-0.0115044073716895	0.999365034096035	-0.0115044073716895
AL080250.1	0.448915405775516	0.00846657200234059	0.999365034096035	0.00846657200234059
FRY	0.449022540933138	0.00748668615000755	0.999365034096035	0.00748668615000755
UBIAD1	0.449034403616752	-0.00761454286497167	0.999365034096035	-0.00761454286497167
TENM2	0.449119043342859	0.0147855252620925	0.999365034096035	0.0147855252620925
TBC1D12	0.449179065353804	-0.00366693216936799	0.999365034096035	-0.00366693216936799
UBQLN2	0.449306432732594	0.00854159140736116	0.999365034096035	0.00854159140736116
KRBA2	0.449331973986356	0.00572878224439562	0.999365034096035	0.00572878224439562
LINGO1	0.449377608031301	-0.0137449091164839	0.999365034096035	-0.0137449091164839
NARS2	0.449410775456811	0.00456666957175005	0.999365034096035	0.00456666957175005
NDUFS2	0.449469617159566	-0.00506616805299646	0.999365034096035	-0.00506616805299646
HINFP	0.449611374704411	0.00914413196009524	0.999365034096035	0.00914413196009524
ZNF365	0.449640213495473	-0.00476397929501664	0.999365034096035	-0.00476397929501664
BBIP1	0.449655194515656	-0.00623140469705081	0.999365034096035	-0.00623140469705081
TTLL7	0.449693965299308	0.00217241563777847	0.999365034096035	0.00217241563777847
RNF123	0.449870448127361	-0.0126036364862587	0.999365034096035	-0.0126036364862587
ST6GALNAC5	0.449950665420284	-0.0161019691680288	0.999365034096035	-0.0161019691680288
TMOD3	0.449999060099899	-0.00672664841919742	0.999365034096035	-0.00672664841919742
WDR45B	0.45005140404757	0.00500975588098457	0.999365034096035	0.00500975588098457
SAP25	0.450294770179813	-0.00844868021997051	0.999365034096035	-0.00844868021997051
AL139260.1	0.450330048386845	0.00459316922424536	0.999365034096035	0.00459316922424536
ENPP2	0.450482250218469	0.00288234149894592	0.999365034096035	0.00288234149894592
AMMECR1L	0.450676288154791	0.0086089420686324	0.999365034096035	0.0086089420686324
RNF217-AS1	0.450687086437018	0.0085215301785715	0.999365034096035	0.0085215301785715
ROCK1	0.450900957237654	0.00367733117630985	0.999365034096035	0.00367733117630985
TNFSF13B	0.451101571587057	-0.0165077746384976	0.999365034096035	-0.0165077746384976
PROSER1	0.451178177083792	0.00817560833018369	0.999365034096035	0.00817560833018369
RPA2	0.451210207876652	-0.00631637931019806	0.999365034096035	-0.00631637931019806
FSD1L	0.451253348735993	-0.00656913051011689	0.999365034096035	-0.00656913051011689
AL358216.1	0.451432217316737	0.00877724157755218	0.999365034096035	0.00877724157755218
TPD52L2	0.451540025228105	-0.00594125595318255	0.999365034096035	-0.00594125595318255
RAB5A	0.451569746516471	-0.00608381076458007	0.999365034096035	-0.00608381076458007
HID1	0.451619849092571	-0.00441559844421113	0.999365034096035	-0.00441559844421113
AC242426.2	0.451648719101165	0.00564479148941445	0.999365034096035	0.00564479148941445
SNRPB2	0.451723117998127	0.00996657958200641	0.999365034096035	0.00996657958200641
PPM1K	0.451808279276864	0.00561258968324735	0.999365034096035	0.00561258968324735
HAT1	0.451995574564074	0.00587316411619408	0.999365034096035	0.00587316411619408
NKAIN2	0.452193421659905	-0.00268959498942193	0.999365034096035	-0.00268959498942193
ALKBH6	0.452265601516889	-0.0110239268255461	0.999365034096035	-0.0110239268255461
USP8	0.452308748777388	-0.00413181650584026	0.999365034096035	-0.00413181650584026
HCG17	0.452453495243445	-0.00487186726062151	0.999365034096035	-0.00487186726062151
TCF25	0.452471490332848	-0.00375846592802654	0.999365034096035	-0.00375846592802654
ORC2	0.452500203622179	-0.00418314898398201	0.999365034096035	-0.00418314898398201
AC005498.3	0.452598798305381	0.00878875861325591	0.999365034096035	0.00878875861325591
ZNF676	0.452646567429638	0.00751076129257135	0.999365034096035	0.00751076129257135
PSMA6	0.452743070689443	0.00581796629968573	0.999365034096035	0.00581796629968573
TACC1	0.452794726316027	0.0026972390101923	0.999365034096035	0.0026972390101923
GSS	0.452815526974449	0.00989293112846926	0.999365034096035	0.00989293112846926
PRKD2	0.452824092170093	0.0112624694102071	0.999365034096035	0.0112624694102071
LINC01376	0.452836245161569	0.00843005691172933	0.999365034096035	0.00843005691172933
ZNF343	0.452955067593585	-0.0102188517399737	0.999365034096035	-0.0102188517399737
WAPL	0.452981038913754	-0.0038750257486966	0.999365034096035	-0.0038750257486966
ADCY1	0.453005521161166	-0.0196763454964426	0.999365034096035	-0.0196763454964426
BFAR	0.453256843571519	0.00727091077409936	0.999365034096035	0.00727091077409936
LINC02177	0.453471579463406	-0.0116179720711792	0.999365034096035	-0.0116179720711792
TUBB2A	0.453511831383975	-0.0174538066991316	0.999365034096035	-0.0174538066991316
ECHS1	0.453782720445873	0.00752129971489768	0.999365034096035	0.00752129971489768
WRAP73	0.453879094392261	0.00987617334341957	0.999365034096035	0.00987617334341957
ANKRD36	0.453909730433476	0.00362624753663061	0.999365034096035	0.00362624753663061
PCCA-DT	0.453925782338224	-0.00908735058541934	0.999365034096035	-0.00908735058541934
ATF7	0.454004293637236	0.0034984449081241	0.999365034096035	0.0034984449081241
ZC3H12B	0.454111777789243	-0.00515675058641259	0.999365034096035	-0.00515675058641259
AMPD2	0.454164264881258	-0.0118929605741529	0.999365034096035	-0.0118929605741529
EMC7	0.454217372953534	0.00964418015977086	0.999365034096035	0.00964418015977086
AC083862.3	0.454392582059956	0.0107336331291264	0.999365034096035	0.0107336331291264
GPR89A	0.454395810816395	-0.00908767683397007	0.999365034096035	-0.00908767683397007
CUEDC2	0.454622045636645	-0.0110249271430945	0.999365034096035	-0.0110249271430945
UNC5D	0.454815537499428	-0.0168408183980273	0.999365034096035	-0.0168408183980273
DDX27	0.454835183025918	0.00769289987045748	0.999365034096035	0.00769289987045748
TRIM69	0.454870688450012	0.0167327982060246	0.999365034096035	0.0167327982060246
PAK1	0.455039915213057	0.00696224663646111	0.999365034096035	0.00696224663646111
MSH3	0.455064012519855	0.00415298519150097	0.999365034096035	0.00415298519150097
FAM214B	0.455140088112164	0.0111089884358145	0.999365034096035	0.0111089884358145
NUPR1	0.455320665541255	-0.0113179343695297	0.999365034096035	-0.0113179343695297
KIRREL3	0.45535872675628	-0.00325623212598021	0.999365034096035	-0.00325623212598021
MTRNR2L12	0.455450886021166	0.00876861612339623	0.999365034096035	0.00876861612339623
DEGS1	0.455667767747238	-0.0101060747555246	0.999365034096035	-0.0101060747555246
KPNA4	0.455844684309211	0.00473184189357462	0.999365034096035	0.00473184189357462
CCDC112	0.456246238491253	0.00539292868126004	0.999365034096035	0.00539292868126004
FAM229A	0.456356177527013	-0.0104976080750176	0.999365034096035	-0.0104976080750176
USP44	0.456561223884479	0.0106793856972896	0.999365034096035	0.0106793856972896
ZNF263	0.456634871458186	0.00891456964654535	0.999365034096035	0.00891456964654535
HADHA	0.456649071120088	-0.00462389924340894	0.999365034096035	-0.00462389924340894
CLPP	0.456747505510042	0.00815624750822347	0.999365034096035	0.00815624750822347
VMP1	0.45720235808163	0.0034045223992322	0.999365034096035	0.0034045223992322
TMEM245	0.457352744902598	0.00345315171342472	0.999365034096035	0.00345315171342472
RSRC2	0.457457691172131	-0.00482827926024443	0.999365034096035	-0.00482827926024443
CKLF	0.457472279407076	-0.00642834555176483	0.999365034096035	-0.00642834555176483
BLZF1	0.457491619746274	0.00535008927373269	0.999365034096035	0.00535008927373269
SH2D6	0.457542437173579	0.012211559906265	0.999365034096035	0.012211559906265
FAM71F2	0.457689395630022	0.0112188292711656	0.999365034096035	0.0112188292711656
BRF1	0.457703104936551	-0.0049925205820341	0.999365034096035	-0.0049925205820341
AC106729.1	0.457732106883214	-0.0121293380635081	0.999365034096035	-0.0121293380635081
CHDH	0.458081954125022	-0.00918651964390855	0.999365034096035	-0.00918651964390855
MECR	0.458098450960686	0.00723698701035883	0.999365034096035	0.00723698701035883
C3orf20	0.458120915626164	-0.00961817479640496	0.999365034096035	-0.00961817479640496
NKAIN1	0.458148217056202	-0.00660451280672256	0.999365034096035	-0.00660451280672256
UNK	0.458367808435708	0.0051043282165435	0.999365034096035	0.0051043282165435
CD72	0.458406398098073	0.0102689244810595	0.999365034096035	0.0102689244810595
CHAMP1	0.45843040630363	-0.00963826821381251	0.999365034096035	-0.00963826821381251
SKA2	0.458539999109952	-0.00535930265261046	0.999365034096035	-0.00535930265261046
ABLIM2	0.458588872898917	0.00958271145012352	0.999365034096035	0.00958271145012352
RCC1	0.458792959854795	-0.0110838621315549	0.999365034096035	-0.0110838621315549
RPSA	0.4587993927932	-0.00833316844108885	0.999365034096035	-0.00833316844108885
HSPH1	0.458898680069868	0.0123028198567606	0.999365034096035	0.0123028198567606
ZNF281	0.459123107531042	0.00617645723072215	0.999365034096035	0.00617645723072215
ATXN2L	0.459148441651383	0.00510262877681989	0.999365034096035	0.00510262877681989
LAS1L	0.459351162581624	0.00717615580075749	0.999365034096035	0.00717615580075749
CDC26	0.459413727186671	0.0104149693938049	0.999365034096035	0.0104149693938049
RMND5A	0.459506228516665	0.00520906573006901	0.999365034096035	0.00520906573006901
LSM10	0.459570025561354	-0.0152600168407272	0.999365034096035	-0.0152600168407272
TMEM230	0.459576158662393	0.00446568012422627	0.999365034096035	0.00446568012422627
HHIP	0.459637823255481	0.00302788706248145	0.999365034096035	0.00302788706248145
CSNK1D	0.459878469212907	0.00508349773435332	0.999365034096035	0.00508349773435332
ZNF783	0.459985601683034	0.00740254038044972	0.999365034096035	0.00740254038044972
JPX	0.460182284099717	-0.00240837712274332	0.999365034096035	-0.00240837712274332
SMG7	0.460450730943819	-0.00389763436343344	0.999365034096035	-0.00389763436343344
SLC30A4	0.460475382166169	0.00522188414759385	0.999365034096035	0.00522188414759385
ADAR	0.46065259078442	0.00433107481341851	0.999365034096035	0.00433107481341851
IFT43	0.460904917153318	0.00520508923086704	0.999365034096035	0.00520508923086704
IER3IP1	0.461055585986393	0.00794650562822488	0.999365034096035	0.00794650562822488
CADM1	0.461227588148922	0.00214723202730282	0.999365034096035	0.00214723202730282
IRGQ	0.461347766330512	0.00901654479905113	0.999365034096035	0.00901654479905113
FGF1	0.461446919353148	-0.00350019405685398	0.999365034096035	-0.00350019405685398
TCFL5	0.461463763941103	-0.00555839816111573	0.999365034096035	-0.00555839816111573
ACSL1	0.461560426725753	-0.00511929053965482	0.999365034096035	-0.00511929053965482
PHF11	0.461601383370595	-0.00699643549209951	0.999365034096035	-0.00699643549209951
SOCS6	0.461855865522888	-0.00578254036890784	0.999365034096035	-0.00578254036890784
DNAJC18	0.461921948981825	0.00512336127406212	0.999365034096035	0.00512336127406212
SGCE	0.462180462547676	-0.00442830167383329	0.999365034096035	-0.00442830167383329
NAGK	0.462245666420149	0.00598251344979802	0.999365034096035	0.00598251344979802
CDK5R1	0.462279736145998	-0.0126797959245472	0.999365034096035	-0.0126797959245472
MIEF1	0.462305866634276	-0.00988368271011496	0.999365034096035	-0.00988368271011496
AC018730.1	0.462316799651806	0.00586226625293722	0.999365034096035	0.00586226625293722
GAS7	0.462394867209298	-0.00332782499776478	0.999365034096035	-0.00332782499776478
PELI1	0.462467043923889	-0.00480542758694165	0.999365034096035	-0.00480542758694165
FANCI	0.462542370517915	-0.0144989550791882	0.999365034096035	-0.0144989550791882
ZDHHC14	0.462546196942871	0.00393936605811248	0.999365034096035	0.00393936605811248
YIPF4	0.462579650695329	0.00360168638046617	0.999365034096035	0.00360168638046617
CHSY3	0.46272184844252	-0.011617562171827	0.999365034096035	-0.011617562171827
ATIC	0.462765906483361	0.00684906120146204	0.999365034096035	0.00684906120146204
HADHB	0.462907124844076	-0.00505563878861191	0.999365034096035	-0.00505563878861191
APOOL	0.463311266558139	-0.0076446691690746	0.999365034096035	-0.0076446691690746
KATNAL2	0.463368199822501	0.00693274428221538	0.999365034096035	0.00693274428221538
BANF1	0.463474970473036	-0.0124271742600838	0.999365034096035	-0.0124271742600838
A1BG	0.463570036447639	0.0123610803225376	0.999365034096035	0.0123610803225376
CISD2	0.463709760416278	-0.00867464819563214	0.999365034096035	-0.00867464819563214
BDH2	0.463731159830205	-0.00981544928865766	0.999365034096035	-0.00981544928865766
SBNO2	0.463761426509312	-0.00803363658815179	0.999365034096035	-0.00803363658815179
EZH1	0.463821775755207	0.00375657489580002	0.999365034096035	0.00375657489580002
YAF2	0.46383894444515	-0.00496201681232134	0.999365034096035	-0.00496201681232134
KCNQ3	0.463851747995718	-0.0119360301406055	0.999365034096035	-0.0119360301406055
OXLD1	0.463890481916379	0.0119275759891958	0.999365034096035	0.0119275759891958
SNX30	0.46394613134502	0.00361836267739718	0.999365034096035	0.00361836267739718
CNDP1	0.463995945094506	-0.0039861516911777	0.999365034096035	-0.0039861516911777
ZNF865	0.464010828962027	-0.00968519872749253	0.999365034096035	-0.00968519872749253
SNRPD3	0.464193344529882	0.00920921070560388	0.999365034096035	0.00920921070560388
MED27	0.464206267145832	-0.00378786391191795	0.999365034096035	-0.00378786391191795
SF3B3	0.464341771999037	0.00495091682078924	0.999365034096035	0.00495091682078924
ST3GAL6	0.464410658703753	-0.00690765576436811	0.999365034096035	-0.00690765576436811
MRPL27	0.46442359150872	0.0134339579862326	0.999365034096035	0.0134339579862326
C19orf81	0.464431454337717	0.0149185380115004	0.999365034096035	0.0149185380115004
ABTB2	0.464555425825567	0.00599961279300331	0.999365034096035	0.00599961279300331
ZNF568	0.464736052853483	-0.00579180846135841	0.999365034096035	-0.00579180846135841
KIF1C	0.464863065312725	-0.0101293789853566	0.999365034096035	-0.0101293789853566
PRR7-AS1	0.464916496376439	-0.0126127143186005	0.999365034096035	-0.0126127143186005
TESK1	0.464949239036214	0.0102793597918446	0.999365034096035	0.0102793597918446
SOWAHA	0.465060883396047	0.00992922000644529	0.999365034096035	0.00992922000644529
OIP5-AS1	0.46519401335949	-0.00598248977288461	0.999365034096035	-0.00598248977288461
KLF7	0.465275776321222	0.00367504651604184	0.999365034096035	0.00367504651604184
MON1B	0.465561129796939	-0.00665206784448985	0.999365034096035	-0.00665206784448985
EGLN1	0.465571263340835	0.00423046966241407	0.999365034096035	0.00423046966241407
CES2	0.465615474678749	0.00755305057832708	0.999365034096035	0.00755305057832708
AC091180.2	0.465631478067683	-0.0121157836543412	0.999365034096035	-0.0121157836543412
ELOVL7	0.465673784265149	0.00522778225634182	0.999365034096035	0.00522778225634182
ZNF175	0.465774141411418	-0.00898399234303793	0.999365034096035	-0.00898399234303793
PRKAR1B	0.465865360726582	-0.0161573120312991	0.999365034096035	-0.0161573120312991
RELN	0.46588186799727	0.00914654282908698	0.999365034096035	0.00914654282908698
CDC34	0.465990205087892	0.00949785334985553	0.999365034096035	0.00949785334985553
PINX1	0.466005197112976	-0.00885598922660245	0.999365034096035	-0.00885598922660245
MPP3	0.466009180602221	0.00889545995447904	0.999365034096035	0.00889545995447904
TXN2	0.46605511960673	-0.00906141307693098	0.999365034096035	-0.00906141307693098
AC239809.3	0.466061160610818	-0.00831071587753741	0.999365034096035	-0.00831071587753741
SMYD5	0.466135523420578	-0.0128356824657316	0.999365034096035	-0.0128356824657316
SMAD1	0.466205650881915	-0.00838510432156488	0.999365034096035	-0.00838510432156488
TATDN1	0.4663625864426	0.00452748696345403	0.999365034096035	0.00452748696345403
ANKMY2	0.466420958942941	0.0121542840305141	0.999365034096035	0.0121542840305141
MTRES1	0.466491892819459	-0.00845074723489919	0.999365034096035	-0.00845074723489919
MAGI3	0.466589293869244	-0.0163381011889091	0.999365034096035	-0.0163381011889091
SNAPC1	0.466789096012927	-0.00997436334855206	0.999365034096035	-0.00997436334855206
TOLLIP	0.466796560912886	0.0102383882461914	0.999365034096035	0.0102383882461914
MKNK1	0.466863583409873	-0.0162216852826804	0.999365034096035	-0.0162216852826804
HS3ST5	0.466986995455827	0.00401909116096538	0.999365034096035	0.00401909116096538
HNRNPF	0.467046580562339	-0.00543082586300144	0.999365034096035	-0.00543082586300144
EVA1C	0.467048594750272	-0.00390388269071404	0.999365034096035	-0.00390388269071404
IFRD2	0.467073104457146	0.0110475922431421	0.999365034096035	0.0110475922431421
ATP6AP2	0.467209862585935	-0.00836487375692403	0.999365034096035	-0.00836487375692403
GRIP1	0.467218905053306	0.0139267455651172	0.999365034096035	0.0139267455651172
XYLB	0.467220808564319	0.00820812270444253	0.999365034096035	0.00820812270444253
DNAJC4	0.467299401160589	0.0105974282310246	0.999365034096035	0.0105974282310246
GDF11	0.467334623639497	-0.0131190776722263	0.999365034096035	-0.0131190776722263
CRNKL1	0.467452123813278	0.00881691223968148	0.999365034096035	0.00881691223968148
UST	0.467655262776697	0.012875227741692	0.999365034096035	0.012875227741692
LMF2	0.467672079297766	0.00924870499323496	0.999365034096035	0.00924870499323496
PDSS2	0.467957870237154	0.00400714259305914	0.999365034096035	0.00400714259305914
CDADC1	0.468080294104615	0.00858014556876497	0.999365034096035	0.00858014556876497
CWC15	0.468131215393334	-0.00829311614354934	0.999365034096035	-0.00829311614354934
KIAA0232	0.468148634122963	0.00328154646581401	0.999365034096035	0.00328154646581401
FAM184B	0.468165568138335	-0.00859213782433794	0.999365034096035	-0.00859213782433794
ADNP2	0.468493652248337	-0.00541936253527768	0.999365034096035	-0.00541936253527768
EIF2AK3	0.468545997703659	0.00603438001630378	0.999365034096035	0.00603438001630378
ST3GAL3	0.468591211300888	0.00406167166898041	0.999365034096035	0.00406167166898041
C11orf71	0.468652472921618	0.0101379991935714	0.999365034096035	0.0101379991935714
BOD1	0.468662947403493	-0.00998054683339911	0.999365034096035	-0.00998054683339911
AC087500.1	0.468692837000576	0.00664017870188556	0.999365034096035	0.00664017870188556
CORO7	0.468874876964062	0.00430430145846347	0.999365034096035	0.00430430145846347
POLA2	0.468938864273069	0.00634504907606689	0.999365034096035	0.00634504907606689
TRPV1	0.469010655494845	0.00631040008234396	0.999365034096035	0.00631040008234396
LRCH4	0.469101454950772	-0.00874367850670417	0.999365034096035	-0.00874367850670417
PEG10	0.469113918666026	-0.012195799264064	0.999365034096035	-0.012195799264064
ATP10D	0.469206749639935	-0.00666284295286717	0.999365034096035	-0.00666284295286717
HINT1	0.46928074309906	-0.00977911927300995	0.999365034096035	-0.00977911927300995
NT5C	0.469295801789785	-0.011374476952818	0.999365034096035	-0.011374476952818
PPP2CA	0.469477830727958	0.00572947458066853	0.999365034096035	0.00572947458066853
MREG	0.469498064471027	0.0102659204286532	0.999365034096035	0.0102659204286532
SFMBT1	0.469513502078007	0.00540518119912428	0.999365034096035	0.00540518119912428
CHL1	0.469552853733209	-0.0158927708529858	0.999365034096035	-0.0158927708529858
HMCES	0.469563196040175	0.00705405920980182	0.999365034096035	0.00705405920980182
FBXL19	0.469591888199391	-0.009425302382463	0.999365034096035	-0.009425302382463
PSMB6	0.469666801883247	-0.0137095407222757	0.999365034096035	-0.0137095407222757
EDEM1	0.469698800077682	0.0104259760011598	0.999365034096035	0.0104259760011598
DAD1	0.469756857650029	0.010278119563176	0.999365034096035	0.010278119563176
HMGN4	0.469928618046729	-0.0104417995890214	0.999365034096035	-0.0104417995890214
SMU1	0.470019520405899	-0.00554180597710445	0.999365034096035	-0.00554180597710445
PWWP3A	0.470088979314563	0.00355506723197483	0.999365034096035	0.00355506723197483
ATP5MC1	0.470201657619707	-0.0147587008808107	0.999365034096035	-0.0147587008808107
ZNF626	0.470336924102626	0.00460347679052222	0.999365034096035	0.00460347679052222
HIF1A	0.470375938866185	0.00638234181134524	0.999365034096035	0.00638234181134524
EIF3F	0.470520679306802	0.00619739605615953	0.999365034096035	0.00619739605615953
PLCB1	0.470930574094066	0.0128728177572989	0.999365034096035	0.0128728177572989
ZSCAN25	0.471304099733245	0.00949478592521727	0.999365034096035	0.00949478592521727
MUL1	0.471312092584089	0.0101095801804051	0.999365034096035	0.0101095801804051
GDE1	0.471377714070937	-0.00649476195802418	0.999365034096035	-0.00649476195802418
SOCS7	0.471407034856298	0.00556136347676204	0.999365034096035	0.00556136347676204
RAPGEF6	0.471451769551787	-0.0030615236337418	0.999365034096035	-0.0030615236337418
NCK1	0.471482025038614	0.00564596567789566	0.999365034096035	0.00564596567789566
FDX1	0.471555361856835	0.00724602137154152	0.999365034096035	0.00724602137154152
CDC25B	0.47187575680855	-0.00719249374260996	0.999365034096035	-0.00719249374260996
AL356599.1	0.471886438897129	0.00696008825474376	0.999365034096035	0.00696008825474376
ZNF566	0.471950115006199	0.00557824070458334	0.999365034096035	0.00557824070458334
ZNF567	0.471989950940017	-0.00798064147817523	0.999365034096035	-0.00798064147817523
TSNARE1	0.471997926000762	-0.00568333069226558	0.999365034096035	-0.00568333069226558
VPS52	0.472065901457352	0.00649317688343668	0.999365034096035	0.00649317688343668
HNRNPC	0.472089132351744	-0.00307616448888698	0.999365034096035	-0.00307616448888698
MMS19	0.472138752020071	0.00442402595104554	0.999365034096035	0.00442402595104554
SKP2	0.472200618079876	0.0079726684571351	0.999365034096035	0.0079726684571351
MED19	0.472209409628007	0.0123804556938186	0.999365034096035	0.0123804556938186
SRM	0.472344327794918	0.00869097733749443	0.999365034096035	0.00869097733749443
ST6GALNAC3	0.472367018902202	0.0031763994177151	0.999365034096035	0.0031763994177151
TRIM26	0.472474186012926	0.00594344601736676	0.999365034096035	0.00594344601736676
MTM1	0.472542922564903	-0.0052815992012825	0.999365034096035	-0.0052815992012825
RLIM	0.472553735339071	0.00817346454767789	0.999365034096035	0.00817346454767789
AC063944.1	0.472586640179206	-0.00580764590413915	0.999365034096035	-0.00580764590413915
OXA1L	0.472597749922915	0.00667386369520942	0.999365034096035	0.00667386369520942
KCNH7	0.472610482880245	0.0156203222643811	0.999365034096035	0.0156203222643811
HLA-A	0.47264648764847	-0.0115425622498168	0.999365034096035	-0.0115425622498168
TARSL2	0.472659830676679	0.00250567968056011	0.999365034096035	0.00250567968056011
RIPOR1	0.472669815168117	-0.0136929382552407	0.999365034096035	-0.0136929382552407
WDR20	0.472680506262627	-0.00307862642222757	0.999365034096035	-0.00307862642222757
TMEM192	0.472735868903684	0.00379584356451706	0.999365034096035	0.00379584356451706
ABCA2	0.472757289347817	-0.00259527250902007	0.999365034096035	-0.00259527250902007
JAKMIP3	0.472798512756506	-0.00579396531644292	0.999365034096035	-0.00579396531644292
DZANK1	0.472830871529689	0.00828310993430506	0.999365034096035	0.00828310993430506
AC119673.2	0.472888173510918	-0.0121310058436451	0.999365034096035	-0.0121310058436451
SCNM1	0.472895219194416	-0.0106534781039168	0.999365034096035	-0.0106534781039168
VPS26A	0.473190351437164	0.00495735320315299	0.999365034096035	0.00495735320315299
SNRPD2	0.473336335144937	-0.0130183102841379	0.999365034096035	-0.0130183102841379
NUP133	0.473422869198139	0.00397798228661608	0.999365034096035	0.00397798228661608
CARNS1	0.473630424619885	0.00501602062683502	0.999365034096035	0.00501602062683502
ZNF573	0.473676179048775	-0.00574964803171042	0.999365034096035	-0.00574964803171042
GDPD1	0.473878414162311	0.0054284606933591	0.999365034096035	0.0054284606933591
FBXL20	0.4741739744092	-0.00353303350317827	0.999365034096035	-0.00353303350317827
DNAL1	0.474204893854127	-0.0106249652102354	0.999365034096035	-0.0106249652102354
PRAF2	0.47421331925397	0.00944218699457848	0.999365034096035	0.00944218699457848
ELL2	0.474439302149993	-0.00268130681926551	0.999365034096035	-0.00268130681926551
AC007566.1	0.474494621396769	-0.00415446766808675	0.999365034096035	-0.00415446766808675
ZNF106	0.474503924060415	-0.00656045977749816	0.999365034096035	-0.00656045977749816
RNF8	0.474548186460259	0.00615284061876034	0.999365034096035	0.00615284061876034
UCHL3	0.474556017756894	0.0069034330558036	0.999365034096035	0.0069034330558036
LMO4	0.474615962698374	0.0125278389343171	0.999365034096035	0.0125278389343171
HMGB1	0.474872796613457	0.00302997194892772	0.999365034096035	0.00302997194892772
ATP5F1C	0.475423905091796	-0.00695238369547597	0.999365034096035	-0.00695238369547597
NGRN	0.475461242337909	0.0115358906574735	0.999365034096035	0.0115358906574735
AC009522.1	0.475521058090914	-0.012226002416178	0.999365034096035	-0.012226002416178
MED12L	0.475548779424333	-0.01667874886584	0.999365034096035	-0.01667874886584
COL7A1	0.475719740768709	-0.0103684178309692	0.999365034096035	-0.0103684178309692
AP003100.2	0.475731833309893	0.00749122198225977	0.999365034096035	0.00749122198225977
RPP14	0.475734041944987	0.00958364316660373	0.999365034096035	0.00958364316660373
TM9SF2	0.475763736814246	-0.00523824286878048	0.999365034096035	-0.00523824286878048
PCSK6	0.47577178289923	-0.00297847785555322	0.999365034096035	-0.00297847785555322
FAM98B	0.475791145769522	0.00661720396390613	0.999365034096035	0.00661720396390613
AC087854.1	0.475805084971768	-0.00893342896315023	0.999365034096035	-0.00893342896315023
EWSR1	0.475861338274536	0.00469211927247098	0.999365034096035	0.00469211927247098
HNRNPR	0.475980191417798	0.00403981837213356	0.999365034096035	0.00403981837213356
HNRNPA2B1	0.475984696381096	-0.00288241997736118	0.999365034096035	-0.00288241997736118
EXD3	0.476046526627793	0.00633140086021796	0.999365034096035	0.00633140086021796
CA10	0.476113852377508	-0.0160991409281889	0.999365034096035	-0.0160991409281889
RFX3-AS1	0.47634668865206	-0.00601180737898534	0.999365034096035	-0.00601180737898534
PGAP2	0.476359049893361	0.00641991908987847	0.999365034096035	0.00641991908987847
RPL38	0.476405814017269	0.0114102537416878	0.999365034096035	0.0114102537416878
MYO18A	0.476555617473303	0.00561295741220981	0.999365034096035	0.00561295741220981
MYH15	0.476591786441239	0.0116866986532185	0.999365034096035	0.0116866986532185
COLQ	0.476619457105367	0.00649344360585024	0.999365034096035	0.00649344360585024
SGCD	0.476726718715896	-0.00499124120342161	0.999365034096035	-0.00499124120342161
ZBED5-AS1	0.476873493103107	-0.00908222925788757	0.999365034096035	-0.00908222925788757
PHF14	0.476996484145912	0.0029147485407767	0.999365034096035	0.0029147485407767
CNOT7	0.477163548944587	0.00847853299568923	0.999365034096035	0.00847853299568923
JMJD1C	0.477342972271539	0.00240109704455921	0.999365034096035	0.00240109704455921
VPS51	0.477455366548715	-0.00455093780492081	0.999365034096035	-0.00455093780492081
RETSAT	0.477682106869565	-0.00918454144035052	0.999365034096035	-0.00918454144035052
ZBTB11	0.47770746183985	-0.00590863951001829	0.999365034096035	-0.00590863951001829
FAM229B	0.477771103204666	-0.00669206677733741	0.999365034096035	-0.00669206677733741
CFAP298	0.478082795129566	-0.00705150524958735	0.999365034096035	-0.00705150524958735
PRPF40B	0.478227464993284	0.00522097399198543	0.999365034096035	0.00522097399198543
GPT2	0.47824901439313	-0.0054502358029593	0.999365034096035	-0.0054502358029593
AC022075.1	0.478280704398968	-0.0087677800848021	0.999365034096035	-0.0087677800848021
TTC27	0.478334565102982	-0.00447266152356069	0.999365034096035	-0.00447266152356069
DENND10	0.478495840263844	0.00730033254404683	0.999365034096035	0.00730033254404683
POMZP3	0.478544552507601	0.00936389790500993	0.999365034096035	0.00936389790500993
RNF11	0.478619670267295	0.00752183491730879	0.999365034096035	0.00752183491730879
ATP5F1D	0.478914628671844	-0.0102513656524444	0.999365034096035	-0.0102513656524444
FAM217B	0.47922838288748	0.00467182576060205	0.999365034096035	0.00467182576060205
COPS8	0.479279619638091	0.00954446531169672	0.999365034096035	0.00954446531169672
MLYCD	0.47935451783175	-0.00737077681358089	0.999365034096035	-0.00737077681358089
NUDT19	0.479513014348249	0.0112627079716061	0.999365034096035	0.0112627079716061
MCM8	0.479553968055246	0.00772674241998791	0.999365034096035	0.00772674241998791
TMEM41B	0.479915082938359	0.0042282432369651	0.999365034096035	0.0042282432369651
LINC02018	0.479922680967626	0.00646524659110761	0.999365034096035	0.00646524659110761
IFNGR1	0.480002261207174	0.00685232308167614	0.999365034096035	0.00685232308167614
CEP63	0.480095962577774	0.00385824563713289	0.999365034096035	0.00385824563713289
MLEC	0.480168907734086	0.00580652462505773	0.999365034096035	0.00580652462505773
PTPRN2	0.480256034402048	-0.0130097804148156	0.999365034096035	-0.0130097804148156
ZFP1	0.480277604510536	0.00945895857601393	0.999365034096035	0.00945895857601393
GIT2	0.480290225917326	0.00457571910419082	0.999365034096035	0.00457571910419082
NDUFA7	0.480332898537775	-0.0123013169038959	0.999365034096035	-0.0123013169038959
ATG9A	0.480350809939662	0.0070560250419941	0.999365034096035	0.0070560250419941
ELOVL6	0.480752371826219	0.00561457603501906	0.999365034096035	0.00561457603501906
PNMA2	0.480871985122937	-0.0156759332856397	0.999365034096035	-0.0156759332856397
MCPH1	0.480888467562586	-0.00352764929991943	0.999365034096035	-0.00352764929991943
TRIQK	0.480979000712515	0.00596630048005591	0.999365034096035	0.00596630048005591
DDX41	0.481021511784339	0.0120869236920528	0.999365034096035	0.0120869236920528
SESTD1	0.48103660761316	0.00315509474411539	0.999365034096035	0.00315509474411539
SLCO3A1	0.481076634108066	-0.00228996773902615	0.999365034096035	-0.00228996773902615
HSDL1	0.481081580168065	-0.00853021916644382	0.999365034096035	-0.00853021916644382
EPHB1	0.481084664188006	-0.0122406057387289	0.999365034096035	-0.0122406057387289
PRR7	0.481147734355742	0.0133329961944269	0.999365034096035	0.0133329961944269
CEP70	0.481301946556082	-0.0055668575850296	0.999365034096035	-0.0055668575850296
NEK11	0.481336619387025	-0.00605866384109756	0.999365034096035	-0.00605866384109756
ARPC2	0.481369594630148	0.00633744056956387	0.999365034096035	0.00633744056956387
AS3MT	0.481512796549669	0.00775022116426964	0.999365034096035	0.00775022116426964
DNAJC15	0.481586013328081	0.00779998484815261	0.999365034096035	0.00779998484815261
FOXJ2	0.481622172843455	-0.00935114415403358	0.999365034096035	-0.00935114415403358
LYPLAL1	0.481778658121645	0.00405527328649816	0.999365034096035	0.00405527328649816
KDM5B	0.481965899228713	-0.00632811754897199	0.999365034096035	-0.00632811754897199
ZNF41	0.482344047778206	-0.00766594668524565	0.999365034096035	-0.00766594668524565
NSD2	0.482405859112928	0.00381054291804691	0.999365034096035	0.00381054291804691
TENT2	0.482679349240385	0.00326636169661878	0.999365034096035	0.00326636169661878
CHORDC1	0.482754845307139	-0.00697226746541521	0.999365034096035	-0.00697226746541521
RPTOR	0.482796402619777	-0.00397960569897312	0.999365034096035	-0.00397960569897312
RPS27L	0.482854465056031	-0.00671404392060162	0.999365034096035	-0.00671404392060162
WARS2-AS1	0.482873321375942	0.00462217959593689	0.999365034096035	0.00462217959593689
INTS12	0.482962544298086	-0.00749671302475496	0.999365034096035	-0.00749671302475496
TMEM161B-AS1	0.483057896550044	-0.00250247041293192	0.999365034096035	-0.00250247041293192
SVIP	0.483317565426519	0.00479783199688787	0.999365034096035	0.00479783199688787
AC002558.3	0.483339660749855	0.00873616383104564	0.999365034096035	0.00873616383104564
NGLY1	0.483352635040228	0.00484416839696577	0.999365034096035	0.00484416839696577
AL160272.1	0.483369252879433	0.0124031424069362	0.999365034096035	0.0124031424069362
DDX42	0.483490513470931	0.00614028507749734	0.999365034096035	0.00614028507749734
GAP43	0.483515705108405	-0.0175347230205698	0.999365034096035	-0.0175347230205698
SIRT2	0.48352048092432	0.00321988899463972	0.999365034096035	0.00321988899463972
AL137009.1	0.483524034193504	0.0104188739281543	0.999365034096035	0.0104188739281543
AC110285.2	0.483606344246741	-0.00699694198032663	0.999365034096035	-0.00699694198032663
BMP7	0.48361922706906	0.0109785612984576	0.999365034096035	0.0109785612984576
SLC9B1	0.483717955963097	0.00757795399912629	0.999365034096035	0.00757795399912629
RPL10A	0.483721988693228	-0.0109124820384124	0.999365034096035	-0.0109124820384124
ALG13	0.483783102920741	-0.00387133444253922	0.999365034096035	-0.00387133444253922
ADGRV1	0.484189594380687	-0.0143029992164212	0.999365034096035	-0.0143029992164212
ZC3H15	0.484230177401846	0.00661976410837793	0.999365034096035	0.00661976410837793
TIAM1	0.484403513034512	-0.00371636344357153	0.999365034096035	-0.00371636344357153
MRPS27	0.484597379287424	0.00462074153874883	0.999365034096035	0.00462074153874883
APEX1	0.484743533673784	0.011636531462855	0.999365034096035	0.011636531462855
AC091946.1	0.484778507445737	-0.0121021568170439	0.999365034096035	-0.0121021568170439
PLAG1	0.484814781641682	-0.00908330911921627	0.999365034096035	-0.00908330911921627
CALM2	0.484970316934703	-0.0048406545616465	0.999365034096035	-0.0048406545616465
RAPGEF5	0.485008972166267	-0.00230942248448408	0.999365034096035	-0.00230942248448408
ELOA-AS1	0.485092327844661	0.00391517126334401	0.999365034096035	0.00391517126334401
SIGMAR1	0.485185622125123	-0.0125092874271707	0.999365034096035	-0.0125092874271707
LTBP1	0.485407785255744	0.00572874510112755	0.999365034096035	0.00572874510112755
RGS3	0.485432180284069	0.00532874176808985	0.999365034096035	0.00532874176808985
SNRNP35	0.485451713362519	0.00519614504030683	0.999365034096035	0.00519614504030683
NME7	0.485780166985301	0.00512384430373591	0.999365034096035	0.00512384430373591
DHCR24	0.48578511879591	-0.00675973850826852	0.999365034096035	-0.00675973850826852
FBXO22	0.486006013982338	0.00516049682114021	0.999365034096035	0.00516049682114021
SEC14L1	0.486062445658249	-0.00452982176885132	0.999365034096035	-0.00452982176885132
ZBED4	0.486296386817579	-0.00723231398515536	0.999365034096035	-0.00723231398515536
HERC1	0.486300092122185	0.00317730420031451	0.999365034096035	0.00317730420031451
TTC28	0.486347437726186	-0.00346759418143622	0.999365034096035	-0.00346759418143622
CALCOCO2	0.4863839576318	0.00390093605751841	0.999365034096035	0.00390093605751841
PNN	0.486493988683175	0.00444887863291182	0.999365034096035	0.00444887863291182
FEZ2	0.486499985565301	0.00423524820595907	0.999365034096035	0.00423524820595907
E4F1	0.486522520692896	0.0101582912322322	0.999365034096035	0.0101582912322322
NSMAF	0.486864426892904	-0.0053419097685325	0.999365034096035	-0.0053419097685325
TRIM52	0.486952779040614	-0.00721621690196802	0.999365034096035	-0.00721621690196802
TEX264	0.486959025087815	-0.00994745682217541	0.999365034096035	-0.00994745682217541
TPP2	0.487130291348302	0.00420824616802674	0.999365034096035	0.00420824616802674
MED17	0.487149606151477	-0.00713414658843107	0.999365034096035	-0.00713414658843107
ATOX1	0.487195029188729	0.00629120350788403	0.999365034096035	0.00629120350788403
CPEB3	0.487265218282473	-0.00409146804884123	0.999365034096035	-0.00409146804884123
GDI2	0.487285701456827	-0.00426444978992105	0.999365034096035	-0.00426444978992105
SCN8A	0.487357323292379	-0.0145134756306441	0.999365034096035	-0.0145134756306441
CDK7	0.487422585465239	0.00920763573961398	0.999365034096035	0.00920763573961398
CIAO3	0.487560532070232	0.00822657202539895	0.999365034096035	0.00822657202539895
MYLIP	0.487737190389965	0.00537540044038068	0.999365034096035	0.00537540044038068
GCN1	0.487751659096284	0.00589500825458288	0.999365034096035	0.00589500825458288
MYRF	0.48791732024527	0.00304113296135858	0.999365034096035	0.00304113296135858
PDE2A	0.488041558179784	-0.0119126514837176	0.999365034096035	-0.0119126514837176
PPP1R13B	0.488341491157785	-0.00747819486186604	0.999365034096035	-0.00747819486186604
SH2B3	0.488456135444667	-0.0113694946105723	0.999365034096035	-0.0113694946105723
SEPTIN1	0.488502205354113	-0.0138579774982503	0.999365034096035	-0.0138579774982503
DLGAP1	0.489026830421821	0.0124153609132275	0.999365034096035	0.0124153609132275
PTPN13	0.489131493036177	0.00418074841291481	0.999365034096035	0.00418074841291481
AC027130.1	0.489237167457893	0.0132649819866495	0.999365034096035	0.0132649819866495
PIK3IP1-AS1	0.48942533937853	-0.00772063461639576	0.999365034096035	-0.00772063461639576
GMCL1	0.489471621008159	0.00499048282188827	0.999365034096035	0.00499048282188827
AL117335.1	0.489604785695148	0.0116894907439848	0.999365034096035	0.0116894907439848
AC097376.3	0.489827113071644	-0.00368323509486389	0.999365034096035	-0.00368323509486389
FNBP4	0.489855147628343	0.00349667254719975	0.999365034096035	0.00349667254719975
SAMM50	0.489925831890141	-0.00896778740907064	0.999365034096035	-0.00896778740907064
ASXL3	0.489993705308991	0.00506371607039244	0.999365034096035	0.00506371607039244
ITPKC	0.49010113747933	0.00935428267977099	0.999365034096035	0.00935428267977099
ELAVL1	0.490688791368139	-0.00412573099977249	0.999365034096035	-0.00412573099977249
SMG1	0.490779790033764	0.00373500811589325	0.999365034096035	0.00373500811589325
ZNF544	0.49082067202828	0.00527867161008534	0.999365034096035	0.00527867161008534
OGT	0.490888186077028	-0.00471787631927	0.999365034096035	-0.00471787631927
ARHGAP39	0.49116116565052	-0.0114566571548264	0.999365034096035	-0.0114566571548264
SLF1	0.491181755520161	-0.010263848603276	0.999365034096035	-0.010263848603276
PDK3	0.491272416756947	0.0113414218221654	0.999365034096035	0.0113414218221654
SAMD1	0.491433835643198	-0.00641519099323628	0.999365034096035	-0.00641519099323628
TAOK2	0.491445736670298	0.00541442059245755	0.999365034096035	0.00541442059245755
ZNF761	0.49156258488298	-0.00875067024789478	0.999365034096035	-0.00875067024789478
TMIGD3	0.491636163133989	-0.0139092504428493	0.999365034096035	-0.0139092504428493
FAM178B	0.491656993492325	0.00505908317189223	0.999365034096035	0.00505908317189223
HDAC6	0.49177631292449	0.00545263634388672	0.999365034096035	0.00545263634388672
EIF3G	0.491848520084597	0.00682631356101113	0.999365034096035	0.00682631356101113
WASHC5	0.491889608327841	-0.00341914014517317	0.999365034096035	-0.00341914014517317
BCL2L2-PABPN1	0.492087561202237	0.00814690451232099	0.999365034096035	0.00814690451232099
SHANK2	0.492094746946975	-0.0108769948074508	0.999365034096035	-0.0108769948074508
DENND11	0.492096927090273	0.00367844405323871	0.999365034096035	0.00367844405323871
MTHFD1L	0.492139022182707	-0.0107626630525184	0.999365034096035	-0.0107626630525184
AC068587.4	0.492162550113931	0.0153298595134642	0.999365034096035	0.0153298595134642
DDHD1	0.492413604409655	-0.00399102079703696	0.999365034096035	-0.00399102079703696
CREG1	0.49254645649593	0.00661019069429227	0.999365034096035	0.00661019069429227
PPP4R1	0.492597406569965	-0.00418026887525241	0.999365034096035	-0.00418026887525241
PTPRU	0.492692207456522	-0.0161304855775306	0.999365034096035	-0.0161304855775306
NEURL1B	0.492710269795251	-0.00720865063376532	0.999365034096035	-0.00720865063376532
PDK2	0.492726385902371	-0.0121780975725398	0.999365034096035	-0.0121780975725398
TTC23L	0.492789630107076	0.0103367622126253	0.999365034096035	0.0103367622126253
ZNF181	0.492942870834901	0.00877224294903574	0.999365034096035	0.00877224294903574
LINC02821	0.492968892750817	-0.00780508385868636	0.999365034096035	-0.00780508385868636
RHOB	0.493125525859976	0.00617244190271308	0.999365034096035	0.00617244190271308
AL591043.2	0.493129760088076	0.00615220404401765	0.999365034096035	0.00615220404401765
CHTOP	0.493144034386373	0.00438507415891547	0.999365034096035	0.00438507415891547
ARF6	0.493233333959655	0.0118046734814972	0.999365034096035	0.0118046734814972
MRPS34	0.493236607526028	0.0120778012818122	0.999365034096035	0.0120778012818122
ASB16-AS1	0.493398096566902	-0.0100783649730842	0.999365034096035	-0.0100783649730842
MCEE	0.493579842382733	-0.00672586698299639	0.999365034096035	-0.00672586698299639
PSMD1	0.493678657557634	-0.00440426180973693	0.999365034096035	-0.00440426180973693
CDC37	0.493729859710645	0.006509081536469	0.999365034096035	0.006509081536469
TRPV5	0.493773734602895	-0.00946899678050184	0.999365034096035	-0.00946899678050184
MIA3	0.493827749243919	0.00596926129391702	0.999365034096035	0.00596926129391702
AP002495.1	0.494051977696552	0.00611564657866382	0.999365034096035	0.00611564657866382
CUTC	0.494229854982727	0.00569618638917693	0.999365034096035	0.00569618638917693
UNC50	0.494628028923765	-0.00862193093040759	0.999365034096035	-0.00862193093040759
FAM135A	0.494774268238834	-0.00361296520482113	0.999365034096035	-0.00361296520482113
RALGAPA1	0.494779744890896	0.00247965470114417	0.999365034096035	0.00247965470114417
NOS1	0.494837312258503	0.00827896317129908	0.999365034096035	0.00827896317129908
CEP83	0.495341628184331	-0.00546703515607338	0.999365034096035	-0.00546703515607338
RPUSD4	0.495371897469789	-0.0110837258335458	0.999365034096035	-0.0110837258335458
RABEP2	0.49551133129023	-0.00683989999479355	0.999365034096035	-0.00683989999479355
FAM174C	0.495613502008782	-0.00902435179066092	0.999365034096035	-0.00902435179066092
DNAH12	0.495711658236529	0.00722994267264416	0.999365034096035	0.00722994267264416
C10orf90	0.495821417335922	-0.00215162863274401	0.999365034096035	-0.00215162863274401
TSPAN31	0.495838692529701	-0.00767017656302607	0.999365034096035	-0.00767017656302607
HSPA12A	0.495838873825133	-0.00475704070432026	0.999365034096035	-0.00475704070432026
RASSF1	0.495952364170985	-0.0082446464616534	0.999365034096035	-0.0082446464616534
ZFC3H1	0.495991804609495	-0.00432985002636755	0.999365034096035	-0.00432985002636755
JRKL	0.496112092034694	0.0101942011262953	0.999365034096035	0.0101942011262953
LRRC59	0.496128116595919	0.00935309117408895	0.999365034096035	0.00935309117408895
PIP5K1C	0.49614745978275	0.00820610416384244	0.999365034096035	0.00820610416384244
FAM50A	0.49623732131487	-0.00429256360174146	0.999365034096035	-0.00429256360174146
SEC61G	0.496441078760797	-0.0138973920607955	0.999365034096035	-0.0138973920607955
TOP2B	0.496466488875	-0.00395428116524125	0.999365034096035	-0.00395428116524125
AC079382.2	0.496470818044345	-0.0112854108430426	0.999365034096035	-0.0112854108430426
BCL2L1	0.496514731965034	-0.00368042553225459	0.999365034096035	-0.00368042553225459
KLRG1	0.496528454520202	-0.00733771586559213	0.999365034096035	-0.00733771586559213
AC107884.1	0.496904186885876	-0.00780487645873794	0.999365034096035	-0.00780487645873794
AC092296.2	0.496931697664324	0.00896877026806705	0.999365034096035	0.00896877026806705
NEDD1	0.496932156280608	0.00734968859058085	0.999365034096035	0.00734968859058085
CLOCK	0.496963678814906	0.00438143899622185	0.999365034096035	0.00438143899622185
NEGR1	0.49701007367404	0.00834812259268975	0.999365034096035	0.00834812259268975
CCDC149	0.497660101392448	0.00613110891091886	0.999365034096035	0.00613110891091886
EFCAB13	0.4976864572431	-0.0118900423399784	0.999365034096035	-0.0118900423399784
MARK1	0.497767097340877	-0.0108569365156351	0.999365034096035	-0.0108569365156351
BAALC-AS1	0.497779119245795	-0.0104183136777045	0.999365034096035	-0.0104183136777045
CUX1	0.497846602012304	-0.00286510083926888	0.999365034096035	-0.00286510083926888
CRYBG3	0.497992150470582	0.00512561054873724	0.999365034096035	0.00512561054873724
CYP20A1	0.498082502482576	0.00380508455256045	0.999365034096035	0.00380508455256045
EXD2	0.498268803926234	0.00730648240415952	0.999365034096035	0.00730648240415952
SYT9	0.498276213861869	-0.00357981425876909	0.999365034096035	-0.00357981425876909
CLTA	0.498382570123056	-0.00405711929030549	0.999365034096035	-0.00405711929030549
AC137494.1	0.498398339334159	-0.0079453001334978	0.999365034096035	-0.0079453001334978
ARFIP2	0.498456457533649	-0.0105226918689309	0.999365034096035	-0.0105226918689309
PRRC2B	0.498512972584795	0.00313658006701326	0.999365034096035	0.00313658006701326
TRPT1	0.498549209333268	0.0111437748016794	0.999365034096035	0.0111437748016794
GPAA1	0.49859087830293	0.0080670781478781	0.999365034096035	0.0080670781478781
RAB35	0.49862957421977	-0.00718613570020252	0.999365034096035	-0.00718613570020252
CLIP3	0.498648548088955	-0.00974106961159918	0.999365034096035	-0.00974106961159918
RTF2	0.498779150984436	0.00562737913221304	0.999365034096035	0.00562737913221304
AC012291.3	0.498810528129304	0.00483126504566098	0.999365034096035	0.00483126504566098
FAM32A	0.498843833830545	-0.0143465575354103	0.999365034096035	-0.0143465575354103
DHX33	0.498951215796566	-0.0071456955285163	0.999365034096035	-0.0071456955285163
UTP14A	0.498956613660893	-0.00943176199674146	0.999365034096035	-0.00943176199674146
GNAS	0.499048740959744	0.0104482861478144	0.999365034096035	0.0104482861478144
AL732509.1	0.499119352663728	-0.00866573290091245	0.999365034096035	-0.00866573290091245
AC005821.1	0.499132296960969	-0.0100512784116901	0.999365034096035	-0.0100512784116901
NIPBL-DT	0.499516797907663	-0.00756545796964969	0.999365034096035	-0.00756545796964969
ORMDL3	0.499544254256126	0.0148095359742197	0.999365034096035	0.0148095359742197
ITCH	0.499638091822081	0.00280788279851457	0.999365034096035	0.00280788279851457
IER2	0.499668794029238	-0.0102197012333322	0.999365034096035	-0.0102197012333322
ATF4	0.499904621463098	0.00645726417210812	0.999365034096035	0.00645726417210812
NOL3	0.499906184973788	-0.0066731030219749	0.999365034096035	-0.0066731030219749
HSPE1	0.499943389190146	-0.00820793478963282	0.999365034096035	-0.00820793478963282
TMEM141	0.500142447221658	0.0131815847254781	0.999365034096035	0.0131815847254781
ZCCHC3	0.500200450615366	0.00893836823890589	0.999365034096035	0.00893836823890589
FRA10AC1	0.500252838869491	-0.00428205066460976	0.999365034096035	-0.00428205066460976
ASIC2	0.500430314157194	-0.014118872530572	0.999365034096035	-0.014118872530572
HEXIM1	0.500519520862086	-0.0127197265929853	0.999365034096035	-0.0127197265929853
C4orf3	0.500590215387938	0.00975258423778962	0.999365034096035	0.00975258423778962
SUMO3	0.500614952901184	-0.0135942343375994	0.999365034096035	-0.0135942343375994
LRRC28	0.500754808920683	0.00552320304262514	0.999365034096035	0.00552320304262514
RAD51-AS1	0.50102733987753	0.00496817469916882	0.999365034096035	0.00496817469916882
SMARCD2	0.501181684997792	0.00591260409779231	0.999365034096035	0.00591260409779231
CCDC137	0.501259717097165	-0.0083138606720847	0.999365034096035	-0.0083138606720847
DARS	0.50136469467753	0.00472628238377477	0.999365034096035	0.00472628238377477
CCDC144A	0.501400472183825	0.00475874878597977	0.999365034096035	0.00475874878597977
IRF3	0.50152235809604	-0.00612986642065449	0.999365034096035	-0.00612986642065449
PPP2R2C	0.501614235312563	-0.00650867424644136	0.999365034096035	-0.00650867424644136
NOP53	0.501670191562288	-0.00906220755085655	0.999365034096035	-0.00906220755085655
MED15	0.501735845872256	0.00349583043089285	0.999365034096035	0.00349583043089285
CUL1	0.501743028626551	0.00322838759749361	0.999365034096035	0.00322838759749361
NUAK1	0.501804584633781	0.00411658329471963	0.999365034096035	0.00411658329471963
SLIRP	0.501806889160642	0.00493984189004737	0.999365034096035	0.00493984189004737
SLC16A1	0.501816607785366	0.00813262827421513	0.999365034096035	0.00813262827421513
ERGIC1	0.501849082857901	-0.0043070541780502	0.999365034096035	-0.0043070541780502
AC138649.1	0.502011702108206	-0.012540807195348	0.999365034096035	-0.012540807195348
TDRD3	0.502336240180414	-0.00319269074974508	0.999365034096035	-0.00319269074974508
SCOC	0.502461151157779	0.00739552969390617	0.999365034096035	0.00739552969390617
PAIP2B	0.502702117837636	-0.00518719590306465	0.999365034096035	-0.00518719590306465
SEPTIN2	0.502780000953986	0.00336048200904862	0.999365034096035	0.00336048200904862
MBD3	0.502806284740205	0.00478144644114038	0.999365034096035	0.00478144644114038
SMARCB1	0.502849838167852	0.00473497941001142	0.999365034096035	0.00473497941001142
RNFT2	0.503080749127262	0.00853015789793042	0.999365034096035	0.00853015789793042
USO1	0.50323263027051	0.00403692092495529	0.999365034096035	0.00403692092495529
TRIM39	0.503376541455352	0.0102186262718692	0.999365034096035	0.0102186262718692
DAXX	0.503403407338753	0.00914904515228931	0.999365034096035	0.00914904515228931
POLR2J	0.50353805170926	0.0107207429085297	0.999365034096035	0.0107207429085297
WDR73	0.50385183984736	-0.00660252664124861	0.999365034096035	-0.00660252664124861
COA1	0.503903076520135	-0.0039658264713719	0.999365034096035	-0.0039658264713719
USP25	0.504205343943932	-0.00535617818358316	0.999365034096035	-0.00535617818358316
RORA-AS1	0.504218880151268	-0.0063055684103898	0.999365034096035	-0.0063055684103898
AC006001.2	0.504425361158009	0.00427022898344001	0.999365034096035	0.00427022898344001
STARD9	0.504454539553724	-0.0033825222208874	0.999365034096035	-0.0033825222208874
NTMT1	0.504638821619794	-0.00885011691094074	0.999365034096035	-0.00885011691094074
PRDX3	0.504795418486605	0.00885966786735813	0.999365034096035	0.00885966786735813
PRR14L	0.50479989650354	-0.0047133549505315	0.999365034096035	-0.0047133549505315
CEP170	0.505023815277107	0.00294194807867927	0.999365034096035	0.00294194807867927
SLC25A38	0.505053915711103	-0.0114947476591175	0.999365034096035	-0.0114947476591175
APBA3	0.50532824582518	-0.00835850198410137	0.999365034096035	-0.00835850198410137
LARS2	0.505329970293632	0.00521184359875056	0.999365034096035	0.00521184359875056
STK32C	0.505449528080603	0.00801547298768339	0.999365034096035	0.00801547298768339
CEP85	0.505536055557558	-0.00526414097718459	0.999365034096035	-0.00526414097718459
C18orf54	0.505718032421864	0.00845755798093441	0.999365034096035	0.00845755798093441
ZNF496	0.505806782548441	0.00656357432074036	0.999365034096035	0.00656357432074036
STPG4	0.505995830729745	0.00912247783355374	0.999365034096035	0.00912247783355374
FLII	0.506013282513542	0.00540010782673898	0.999365034096035	0.00540010782673898
DIS3L	0.50603897023987	0.00475106740748067	0.999365034096035	0.00475106740748067
MAST1	0.506089901153492	-0.0198110240562516	0.999365034096035	-0.0198110240562516
FAM219B	0.506245484262828	0.00820023225799045	0.999365034096035	0.00820023225799045
MIB1	0.506289736750105	0.00392100685779294	0.999365034096035	0.00392100685779294
KIAA0895	0.506300962569051	-0.00967276117871402	0.999365034096035	-0.00967276117871402
PHACTR2	0.506319524597139	0.0075588020358072	0.999365034096035	0.0075588020358072
PYGB	0.506329053564943	0.00680829713604117	0.999365034096035	0.00680829713604117
USP47	0.506369314156039	-0.00254433524081738	0.999365034096035	-0.00254433524081738
CRTC3-AS1	0.506369610748801	-0.0103751838185791	0.999365034096035	-0.0103751838185791
EFHD1	0.506403319076067	0.00322310833896552	0.999365034096035	0.00322310833896552
RPS6KA3	0.506405241211632	-0.00700096026506613	0.999365034096035	-0.00700096026506613
ATP13A3	0.506466403003207	-0.00494166181718127	0.999365034096035	-0.00494166181718127
RASSF4	0.506537345840718	-0.00430541594370334	0.999365034096035	-0.00430541594370334
MRPS18C	0.50655169997571	0.00812214522686049	0.999365034096035	0.00812214522686049
AC093297.2	0.506721720282243	-0.0117102642572509	0.999365034096035	-0.0117102642572509
AC107375.1	0.506743741111196	-0.0058084701416653	0.999365034096035	-0.0058084701416653
ANKDD1A	0.507185388835597	-0.00903524790901809	0.999365034096035	-0.00903524790901809
SEPSECS-AS1	0.507219269959985	-0.0108922652486129	0.999365034096035	-0.0108922652486129
KIF13B	0.507501699979526	-0.00267298921094388	0.999365034096035	-0.00267298921094388
ORC3	0.507660725851401	-0.00497859553404744	0.999365034096035	-0.00497859553404744
ATG10	0.507691378416096	-0.00535782827635478	0.999365034096035	-0.00535782827635478
PPID	0.507782747805311	0.00842458857081143	0.999365034096035	0.00842458857081143
SPATC1L	0.507964685919238	0.0105511629465782	0.999365034096035	0.0105511629465782
TSPYL2	0.508008065659734	-0.0126352700317089	0.999365034096035	-0.0126352700317089
SPNS2	0.508152751070902	0.00335215029662305	0.999365034096035	0.00335215029662305
REST	0.508239313073501	-0.00603517758545196	0.999365034096035	-0.00603517758545196
SRSF6	0.508325807141151	0.00557225494283851	0.999365034096035	0.00557225494283851
PIK3C2B	0.508353583147134	-0.00360861721854243	0.999365034096035	-0.00360861721854243
OFD1	0.508359901657455	-0.00395275510384493	0.999365034096035	-0.00395275510384493
EXOC3	0.508407536398761	0.0057109855126391	0.999365034096035	0.0057109855126391
TRIM28	0.508465084497424	0.00663542559743573	0.999365034096035	0.00663542559743573
GPATCH8	0.50846788021788	-0.00248691854203172	0.999365034096035	-0.00248691854203172
DHX38	0.508496054276586	0.00623040486251742	0.999365034096035	0.00623040486251742
DNAH17	0.508794279898797	-0.00652548117496465	0.999365034096035	-0.00652548117496465
MIGA1	0.508833251923738	-0.00259713329544291	0.999365034096035	-0.00259713329544291
ALG1L9P	0.508906911144973	-0.00706471860819424	0.999365034096035	-0.00706471860819424
MEGF10	0.508958100402809	-0.00278623046056717	0.999365034096035	-0.00278623046056717
TMEM164	0.50899062879466	-0.00982516844698729	0.999365034096035	-0.00982516844698729
MAP4K2	0.508995786602098	-0.00601203088823152	0.999365034096035	-0.00601203088823152
GANAB	0.509045718845438	0.00519524655056943	0.999365034096035	0.00519524655056943
TIMM9	0.509224922272038	-0.00726930367750882	0.999365034096035	-0.00726930367750882
ARL8A	0.509262632674527	0.00462756034965858	0.999365034096035	0.00462756034965858
SLC25A48	0.509266083728266	-0.00827777695871553	0.999365034096035	-0.00827777695871553
ABHD3	0.509367552087161	-0.0080038522903603	0.999365034096035	-0.0080038522903603
COG8	0.509432862200796	0.00707752665871945	0.999365034096035	0.00707752665871945
LAMA2	0.509518353777907	0.00473300100448557	0.999365034096035	0.00473300100448557
AC114971.1	0.509522668261636	0.00652308008015851	0.999365034096035	0.00652308008015851
FAM161A	0.509726366564151	0.0056508457675713	0.999365034096035	0.0056508457675713
EFNA1	0.509770621911199	-0.00639259372695347	0.999365034096035	-0.00639259372695347
SRBD1	0.509795285586463	0.00485146965352657	0.999365034096035	0.00485146965352657
DLD	0.509923391459908	0.00733388616227298	0.999365034096035	0.00733388616227298
MXD1	0.509935895070936	0.00591526046745441	0.999365034096035	0.00591526046745441
BAZ1B	0.510022614537937	-0.00415027448465541	0.999365034096035	-0.00415027448465541
RPL18A	0.510040298580581	0.00861384442628737	0.999365034096035	0.00861384442628737
ADGRL2	0.510118081438712	0.0138907241000536	0.999365034096035	0.0138907241000536
SYPL1	0.510193872634994	0.00627910343685864	0.999365034096035	0.00627910343685864
AC079336.4	0.510319668597437	0.017196690053922	0.999365034096035	0.017196690053922
AL133346.1	0.510327677654617	-0.00862311639343599	0.999365034096035	-0.00862311639343599
SLC26A6	0.510363890937506	0.0111077624787862	0.999365034096035	0.0111077624787862
EIF4G1	0.510377767073345	-0.00587900584117196	0.999365034096035	-0.00587900584117196
SZRD1	0.51056340864161	0.00560002604678347	0.999365034096035	0.00560002604678347
USP12	0.510618821797471	0.00421324356033154	0.999365034096035	0.00421324356033154
AUXG01000058.1	0.510713285174893	-0.0143642330358864	0.999365034096035	-0.0143642330358864
TANGO2	0.510743817170406	-0.00409820045096611	0.999365034096035	-0.00409820045096611
QSOX1	0.510781672877755	-0.00635989602323728	0.999365034096035	-0.00635989602323728
TBCD	0.510956857139495	-0.00442626537685477	0.999365034096035	-0.00442626537685477
CREBZF	0.51097696644059	-0.00476483297884169	0.999365034096035	-0.00476483297884169
CIC	0.511047771377849	-0.00721569089345637	0.999365034096035	-0.00721569089345637
PLIN3	0.511049546337177	-0.00573524151254872	0.999365034096035	-0.00573524151254872
PRKCQ-AS1	0.51106869376388	0.00608489151804633	0.999365034096035	0.00608489151804633
MDH2	0.5111240960637	0.0119206025375552	0.999365034096035	0.0119206025375552
RTCB	0.511130646022297	-0.00505001836444306	0.999365034096035	-0.00505001836444306
STK24	0.511298599447387	-0.00811694582431285	0.999365034096035	-0.00811694582431285
RNF168	0.511412590080433	-0.00442006133658941	0.999365034096035	-0.00442006133658941
ZNF8	0.511503287617453	-0.007929981527533	0.999365034096035	-0.007929981527533
POLR1D	0.511523525985773	0.00684491532518316	0.999365034096035	0.00684491532518316
IPP	0.511827482825861	-0.00674593155300912	0.999365034096035	-0.00674593155300912
JUP	0.511881707930381	0.00574703747357965	0.999365034096035	0.00574703747357965
GMFB	0.511949873702733	-0.00957530939228989	0.999365034096035	-0.00957530939228989
PDCD2	0.511958337274954	-0.00899893898788928	0.999365034096035	-0.00899893898788928
DAZAP2	0.512168686706229	0.00592627557836217	0.999365034096035	0.00592627557836217
ABCD3	0.512180293844175	-0.00410597646814333	0.999365034096035	-0.00410597646814333
HIKESHI	0.512320914480167	0.00504551696423919	0.999365034096035	0.00504551696423919
POLA1	0.512416146549629	0.00383542177159678	0.999365034096035	0.00383542177159678
TNPO1	0.512491672258913	-0.00363243758033619	0.999365034096035	-0.00363243758033619
RAB3GAP1	0.512637038281534	0.00337423908507993	0.999365034096035	0.00337423908507993
CABCOCO1	0.512657736910838	-0.00870008169298845	0.999365034096035	-0.00870008169298845
CSE1L	0.512666525966157	-0.00505208191300657	0.999365034096035	-0.00505208191300657
AC092958.1	0.512895108077198	-0.00431370255013845	0.999365034096035	-0.00431370255013845
KCTD18	0.512948742971303	0.00803134676670512	0.999365034096035	0.00803134676670512
FRMD5	0.513034443327661	-0.00161873795590291	0.999365034096035	-0.00161873795590291
C12orf29	0.513155690746665	0.0118782949632874	0.999365034096035	0.0118782949632874
COMMD2	0.5131636906528	0.00716002363697554	0.999365034096035	0.00716002363697554
ZNF512B	0.513190690583161	0.00852945267217961	0.999365034096035	0.00852945267217961
AC006994.2	0.513264855608022	0.0127184968213979	0.999365034096035	0.0127184968213979
TFRC	0.513404074374074	-0.0104339900179617	0.999365034096035	-0.0104339900179617
KIAA0319L	0.513408478928499	0.00343107647002301	0.999365034096035	0.00343107647002301
PUS7	0.513448815495037	0.00541532387323869	0.999365034096035	0.00541532387323869
FXR2	0.513515232277388	0.00686710869138137	0.999365034096035	0.00686710869138137
MSANTD3	0.513532201452095	-0.00657627627379853	0.999365034096035	-0.00657627627379853
CIAO1	0.513616533549348	-0.00514358589451303	0.999365034096035	-0.00514358589451303
LZTFL1	0.51366294626374	0.00822381364342562	0.999365034096035	0.00822381364342562
ARG2	0.513684248055522	-0.0162172278130365	0.999365034096035	-0.0162172278130365
CLIP4	0.513897357912027	0.00303778671811006	0.999365034096035	0.00303778671811006
ABR	0.513902703499543	0.0113837205899956	0.999365034096035	0.0113837205899956
KCNK12	0.513970361878233	-0.0121901313860818	0.999365034096035	-0.0121901313860818
TIMP2	0.51403040779718	0.00329434259552807	0.999365034096035	0.00329434259552807
FUBP3	0.514038357813933	0.0031748145441063	0.999365034096035	0.0031748145441063
COX18	0.514105524308183	0.00814404750564256	0.999365034096035	0.00814404750564256
MRPL52	0.514238785516561	-0.00925632065086925	0.999365034096035	-0.00925632065086925
AL135784.1	0.51446242419736	0.0103477725606508	0.999365034096035	0.0103477725606508
METTL2A	0.514595373254279	0.0107653826767554	0.999365034096035	0.0107653826767554
CCDC93	0.514741966757385	0.0042775700493161	0.999365034096035	0.0042775700493161
PKDCC	0.514744487149264	-0.0148390444444395	0.999365034096035	-0.0148390444444395
INTS6-AS1	0.514845021403245	0.0068194501468568	0.999365034096035	0.0068194501468568
NIPAL4	0.514877112194655	-0.0100936522471555	0.999365034096035	-0.0100936522471555
FBXO44	0.514945153871235	-0.011638656731955	0.999365034096035	-0.011638656731955
ITGAV	0.515062179328246	0.00537024148162131	0.999365034096035	0.00537024148162131
FKRP	0.515199395667858	-0.0071762358710332	0.999365034096035	-0.0071762358710332
CMTM6	0.515227861608935	0.0104151374625679	0.999365034096035	0.0104151374625679
ZNF830	0.515299912634179	0.00835754233886193	0.999365034096035	0.00835754233886193
PHACTR1	0.515319349689415	-0.00775316996603818	0.999365034096035	-0.00775316996603818
NUCB1	0.515431332746924	0.00610706841175003	0.999365034096035	0.00610706841175003
INTS7	0.515437939136683	-0.00492681230205552	0.999365034096035	-0.00492681230205552
CCNE2	0.515460404372104	0.00764533167488843	0.999365034096035	0.00764533167488843
CPEB1-AS1	0.515474513175754	0.0058156596601956	0.999365034096035	0.0058156596601956
TCEAL7	0.515528949318675	0.00831145979172261	0.999365034096035	0.00831145979172261
HDHD5	0.515605115876026	0.00625214532434672	0.999365034096035	0.00625214532434672
CSNK1G2	0.515625009530235	-0.00595938183570148	0.999365034096035	-0.00595938183570148
CCDC85C	0.515767767927729	-0.00719260550351222	0.999365034096035	-0.00719260550351222
AKAP9	0.515784143408348	0.00342572192641869	0.999365034096035	0.00342572192641869
CCDC3	0.515865401440731	-0.00839535066689847	0.999365034096035	-0.00839535066689847
MED25	0.516013762137658	0.00585406788624658	0.999365034096035	0.00585406788624658
RNF185	0.516162084390939	-0.00476903378850031	0.999365034096035	-0.00476903378850031
TLCD5	0.516180199564612	-0.00807293621907079	0.999365034096035	-0.00807293621907079
XXYLT1	0.516325927297916	-0.00655379181459107	0.999365034096035	-0.00655379181459107
ZYG11B	0.51633586304845	0.00455437157094391	0.999365034096035	0.00455437157094391
CARM1	0.516380378169927	-0.00541546675273505	0.999365034096035	-0.00541546675273505
SOCS5	0.516408114985676	-0.00961142894090778	0.999365034096035	-0.00961142894090778
CORO1B	0.51641764985156	-0.0107597400412285	0.999365034096035	-0.0107597400412285
EEF1AKMT1	0.516443357785333	0.00700969705455245	0.999365034096035	0.00700969705455245
RMI1	0.516501405503521	0.0084887912382823	0.999365034096035	0.0084887912382823
ZFYVE16	0.516571295361028	0.003522772326407	0.999365034096035	0.003522772326407
PIGQ	0.516983803064804	-0.0103063841391955	0.999365034096035	-0.0103063841391955
EPHB2	0.517404417610369	0.00562955770861969	0.999365034096035	0.00562955770861969
AC073475.1	0.517419863638311	0.00512809836221462	0.999365034096035	0.00512809836221462
ARIH2	0.517588353720592	-0.00283982980122019	0.999365034096035	-0.00283982980122019
AL022322.1	0.517589122492997	-0.0119584501605974	0.999365034096035	-0.0119584501605974
INSIG2	0.517613885840991	-0.00796120793706421	0.999365034096035	-0.00796120793706421
RBP1	0.517669704960135	0.00876933840175263	0.999365034096035	0.00876933840175263
NPL	0.517693444346894	-0.00821133188524784	0.999365034096035	-0.00821133188524784
MORF4L2	0.517849132313925	0.00588961506462432	0.999365034096035	0.00588961506462432
PDSS1	0.517892888637346	0.00940240042862976	0.999365034096035	0.00940240042862976
CEP126	0.517911472148967	0.00690605460226505	0.999365034096035	0.00690605460226505
ZFP30	0.517996101594842	0.00477267584899088	0.999365034096035	0.00477267584899088
FNIP2	0.5181189643105	-0.00245533821867175	0.999365034096035	-0.00245533821867175
RAB6B	0.51833130876867	-0.0139726849748592	0.999365034096035	-0.0139726849748592
HMGB2	0.51859834286994	-0.0102945347044122	0.999365034096035	-0.0102945347044122
AC005786.3	0.51867582976654	-0.0105871922724924	0.999365034096035	-0.0105871922724924
CMTR1	0.518738446191884	-0.00658352153168176	0.999365034096035	-0.00658352153168176
AC132192.2	0.518746777555718	0.011468377303264	0.999365034096035	0.011468377303264
ZNF785	0.518775617289562	-0.00586253060742698	0.999365034096035	-0.00586253060742698
SNX25	0.518799041242048	-0.00565637213156543	0.999365034096035	-0.00565637213156543
FBXO31	0.518839347781158	-0.00629058718301186	0.999365034096035	-0.00629058718301186
MARK3	0.518848897676537	0.0026611988853015	0.999365034096035	0.0026611988853015
GULP1	0.519058840529492	-0.0195177817032374	0.999365034096035	-0.0195177817032374
TAFA2	0.519120834113507	-0.0130846424126227	0.999365034096035	-0.0130846424126227
MSTO1	0.519164501998828	-0.0108087182673294	0.999365034096035	-0.0108087182673294
MAP6D1	0.51935847192003	-0.00523499084150332	0.999365034096035	-0.00523499084150332
AC119403.1	0.519498035822444	0.00976131684005922	0.999365034096035	0.00976131684005922
CDR2	0.519600038677945	-0.00623955638157806	0.999365034096035	-0.00623955638157806
UTP3	0.519714101993446	-0.0090167776564256	0.999365034096035	-0.0090167776564256
WDYHV1	0.519867788171414	-0.00630211827124563	0.999365034096035	-0.00630211827124563
NDEL1	0.51987422925431	-0.00583567815751519	0.999365034096035	-0.00583567815751519
SS18	0.520089919874659	0.0037239123926833	0.999365034096035	0.0037239123926833
WDR18	0.520114139580193	-0.00844961252022327	0.999365034096035	-0.00844961252022327
ZBTB16	0.520217974008923	-0.00335034021976927	0.999365034096035	-0.00335034021976927
ZRANB2	0.520436442884065	0.00356098199048447	0.999365034096035	0.00356098199048447
PCGF3	0.520472006604027	0.00533666788424531	0.999365034096035	0.00533666788424531
CBX1	0.520806869020128	0.00558863688451348	0.999365034096035	0.00558863688451348
UBE2J2	0.520948219059062	0.00481307656821624	0.999365034096035	0.00481307656821624
RAB11FIP3	0.521120257546604	0.0035326292165433	0.999365034096035	0.0035326292165433
MORC3	0.521235374516697	0.00446680365580107	0.999365034096035	0.00446680365580107
GLCE	0.521281603490066	0.00405155802784275	0.999365034096035	0.00405155802784275
ZNF717	0.521305908896301	-0.00401782789200277	0.999365034096035	-0.00401782789200277
ATP6V1E2	0.521818455385125	0.00955848899354334	0.999365034096035	0.00955848899354334
RPS7	0.521846272886559	0.00852269158466732	0.999365034096035	0.00852269158466732
LTO1	0.521907408360298	-0.0049229584637335	0.999365034096035	-0.0049229584637335
AC012363.1	0.522050244001067	0.00831812805790782	0.999365034096035	0.00831812805790782
ENOSF1	0.522128618340213	0.00430617785173546	0.999365034096035	0.00430617785173546
TAF4B	0.522268227620948	-0.00872379542828042	0.999365034096035	-0.00872379542828042
CLCN7	0.522332515844167	-0.00497960407561552	0.999365034096035	-0.00497960407561552
ZER1	0.522387321183398	0.0031850370057967	0.999365034096035	0.0031850370057967
SLC38A10	0.522695960732496	0.00466291170258887	0.999365034096035	0.00466291170258887
ALG6	0.522702911461358	-0.00729302338851276	0.999365034096035	-0.00729302338851276
USP49	0.52277196869229	-0.00425967511559248	0.999365034096035	-0.00425967511559248
TMEM9B	0.522861225361572	0.00767064319578129	0.999365034096035	0.00767064319578129
IPO9	0.522939827785762	-0.00384546055182661	0.999365034096035	-0.00384546055182661
SMAD5	0.522967433638882	0.00361802271581787	0.999365034096035	0.00361802271581787
PHC1	0.523113809275083	0.0074160962214648	0.999365034096035	0.0074160962214648
ACAA1	0.523316131692959	0.00647115269681402	0.999365034096035	0.00647115269681402
SF3A3	0.523574645387093	0.00681794992846477	0.999365034096035	0.00681794992846477
EIF2AK4	0.523682328021738	-0.00412186680468807	0.999365034096035	-0.00412186680468807
CDK19	0.523843508462357	0.00215682842738032	0.999365034096035	0.00215682842738032
G6PC3	0.523878311652755	0.00949944391985701	0.999365034096035	0.00949944391985701
MFSD13A	0.523884731202003	-0.0086993773420824	0.999365034096035	-0.0086993773420824
LINGO2	0.523942503426756	0.0117433516691388	0.999365034096035	0.0117433516691388
ARMC6	0.523945209771537	0.00844655968533171	0.999365034096035	0.00844655968533171
GOLGA4	0.524111935832942	-0.00341990437943314	0.999365034096035	-0.00341990437943314
HHATL	0.524174259124518	0.00403426930201362	0.999365034096035	0.00403426930201362
CAPN2	0.524194662596629	0.00493475460452633	0.999365034096035	0.00493475460452633
MACROD1	0.52423558070792	0.00631190896117096	0.999365034096035	0.00631190896117096
PARG	0.524567873540774	-0.00464115236823546	0.999365034096035	-0.00464115236823546
PAPPA2	0.524588712861019	0.00857547219220378	0.999365034096035	0.00857547219220378
SCG5	0.524663670203547	-0.00745979649779009	0.999365034096035	-0.00745979649779009
ST13	0.52488451691921	0.00553795376150354	0.999365034096035	0.00553795376150354
PON2	0.525026195036126	0.00381990234731693	0.999365034096035	0.00381990234731693
NHP2	0.52503860686332	0.0110254180714192	0.999365034096035	0.0110254180714192
CRIPT	0.525096142449251	0.0067765614191189	0.999365034096035	0.0067765614191189
STRN4	0.525153207703831	-0.00623559638322802	0.999365034096035	-0.00623559638322802
DDX51	0.525243618167939	0.00652372558205445	0.999365034096035	0.00652372558205445
CDC42EP2	0.525243651356415	0.00833395035256835	0.999365034096035	0.00833395035256835
MADD	0.525271772495921	0.00529430988652867	0.999365034096035	0.00529430988652867
RIMKLB	0.525275416480428	0.0101741724942948	0.999365034096035	0.0101741724942948
ORC4	0.525323682811689	0.0048047566681581	0.999365034096035	0.0048047566681581
MYBBP1A	0.525331467842166	-0.0102631773892569	0.999365034096035	-0.0102631773892569
ZNF827	0.525552085545967	0.00333609272907363	0.999365034096035	0.00333609272907363
TOX	0.525586924125084	-0.013537815328388	0.999365034096035	-0.013537815328388
WWP1	0.525678058399419	0.00298172713660734	0.999365034096035	0.00298172713660734
ANTKMT	0.525742146331001	-0.00955124421317911	0.999365034096035	-0.00955124421317911
INPP5E	0.52581388771923	-0.00883055681342146	0.999365034096035	-0.00883055681342146
CSRNP3	0.525873589047485	0.00920446490634135	0.999365034096035	0.00920446490634135
BNIP2	0.526087322614301	0.00523519946228763	0.999365034096035	0.00523519946228763
LANCL2	0.526112863470787	0.00389020080651036	0.999365034096035	0.00389020080651036
LONP2	0.526228316878676	-0.00262603449862607	0.999365034096035	-0.00262603449862607
OR2L3	0.526246148679669	0.0116043766660569	0.999365034096035	0.0116043766660569
AC004083.1	0.526252766635009	0.0063808208738995	0.999365034096035	0.0063808208738995
NHEJ1	0.526257615089875	-0.00831040833867147	0.999365034096035	-0.00831040833867147
FAM53C	0.526566615900718	-0.00533708277303596	0.999365034096035	-0.00533708277303596
AL162253.2	0.526626937670974	-0.00401488710749226	0.999365034096035	-0.00401488710749226
EFL1	0.526880704068133	-0.0057938475641747	0.999365034096035	-0.0057938475641747
AL691432.2	0.527082933577762	0.0097550662432461	0.999365034096035	0.0097550662432461
RUFY2	0.527171350534959	0.00346150620527675	0.999365034096035	0.00346150620527675
TSFM	0.527232288870496	0.00962646802782351	0.999365034096035	0.00962646802782351
ARMC2	0.527327151806873	0.00910607199861761	0.999365034096035	0.00910607199861761
GRB2	0.527408765938565	-0.003795419925984	0.999365034096035	-0.003795419925984
FA2H	0.527416867158516	0.00261835950046142	0.999365034096035	0.00261835950046142
AC100801.1	0.527433057606859	0.00915423810447403	0.999365034096035	0.00915423810447403
RAP1GAP	0.527444444339841	-0.00834365852436115	0.999365034096035	-0.00834365852436115
MED10	0.527530101972336	-0.00867143675475496	0.999365034096035	-0.00867143675475496
RNF149	0.527587820779434	0.00351375452485204	0.999365034096035	0.00351375452485204
TMEM106A	0.527710850108674	-0.00756407725503699	0.999365034096035	-0.00756407725503699
ZSWIM3	0.527714412185149	0.00880854487787817	0.999365034096035	0.00880854487787817
ZBTB20-AS5	0.52774313492011	0.01413164184248	0.999365034096035	0.01413164184248
HSPA2	0.527795927954312	-0.00625465628304665	0.999365034096035	-0.00625465628304665
C20orf194	0.527873191666634	-0.00263955200509171	0.999365034096035	-0.00263955200509171
IFT122	0.527881384712203	-0.00615192733030577	0.999365034096035	-0.00615192733030577
ZNF286A	0.528092447835749	0.00525325037286652	0.999365034096035	0.00525325037286652
LRCH3	0.528205446879842	0.0023015328958545	0.999365034096035	0.0023015328958545
METTL8	0.528293858689173	-0.0047608717794271	0.999365034096035	-0.0047608717794271
MFAP3	0.528546308762109	0.00695775349634328	0.999365034096035	0.00695775349634328
GRK6	0.528805913564568	0.00901686135725033	0.999365034096035	0.00901686135725033
ACSF3	0.528825493072978	0.00636542140980435	0.999365034096035	0.00636542140980435
NAA16	0.529074402551507	-0.00381690750981064	0.999365034096035	-0.00381690750981064
UPF3A	0.529110501164423	-0.00333753861795107	0.999365034096035	-0.00333753861795107
UBE2D4	0.529254644442772	0.00868623441188498	0.999365034096035	0.00868623441188498
GALNTL6	0.529288297724208	0.0125044010927913	0.999365034096035	0.0125044010927913
FEM1A	0.529473232730366	0.00602200134540502	0.999365034096035	0.00602200134540502
AC091912.3	0.529670694958538	0.00695063645164139	0.999365034096035	0.00695063645164139
BACE1	0.529766298112004	0.00372843487747774	0.999365034096035	0.00372843487747774
RCBTB2	0.529777771087061	-0.00870671773050061	0.999365034096035	-0.00870671773050061
TTC33	0.529893070165371	-0.00495178271031725	0.999365034096035	-0.00495178271031725
HEPH	0.530125147315601	0.00655975232499454	0.999365034096035	0.00655975232499454
ALDH6A1	0.530206656856982	0.00494092930341447	0.999365034096035	0.00494092930341447
PRELID3A	0.530257680875734	0.00696868944270265	0.999365034096035	0.00696868944270265
EIF3H	0.530271683927766	-0.00380396871045179	0.999365034096035	-0.00380396871045179
MADCAM1	0.530532191668641	0.00729490739428129	0.999365034096035	0.00729490739428129
RORA	0.530578072285148	0.00670303411009305	0.999365034096035	0.00670303411009305
PRPSAP1	0.530591465897033	0.00500531666998884	0.999365034096035	0.00500531666998884
PDE1A	0.530608188681348	0.00644024917025433	0.999365034096035	0.00644024917025433
AL139317.5	0.530632849624959	0.00478495530124966	0.999365034096035	0.00478495530124966
PLCG1	0.5307158125719	0.00457059117861119	0.999365034096035	0.00457059117861119
CA11	0.53090395503858	-0.0143898127546086	0.999365034096035	-0.0143898127546086
PSEN1	0.530986423260099	0.00272088864613863	0.999365034096035	0.00272088864613863
CD164	0.531058427648988	0.00441527728874794	0.999365034096035	0.00441527728874794
HACD2	0.531176800628844	0.00356522037717548	0.999365034096035	0.00356522037717548
FAM182A	0.53124631773118	-0.0115808025284088	0.999365034096035	-0.0115808025284088
RUSC2	0.531248228097422	0.00336725219375153	0.999365034096035	0.00336725219375153
BRI3BP	0.531319555214908	-0.00572077224018606	0.999365034096035	-0.00572077224018606
MCM9	0.531419042780102	-0.00497401999788226	0.999365034096035	-0.00497401999788226
STX5	0.531680183980775	0.00445368994335085	0.999365034096035	0.00445368994335085
MFAP3L	0.531720055742593	0.00368759070253335	0.999365034096035	0.00368759070253335
NELFCD	0.531908583488126	-0.00559334909527532	0.999365034096035	-0.00559334909527532
TNFRSF6B	0.531983501728723	0.011200708755413	0.999365034096035	0.011200708755413
SMYD4	0.532306141891391	0.00637272297811712	0.999365034096035	0.00637272297811712
SOS2	0.532422034133198	0.00276725855253363	0.999365034096035	0.00276725855253363
SAP30L-AS1	0.532426291898085	0.00754550103601688	0.999365034096035	0.00754550103601688
AP002381.2	0.532467878093308	0.00635229100894366	0.999365034096035	0.00635229100894366
CTTN	0.532499554365122	0.00271508103915261	0.999365034096035	0.00271508103915261
SYT7	0.532590350016141	-0.0145831712259128	0.999365034096035	-0.0145831712259128
AKNAD1	0.532675227511877	-0.0065322845584235	0.999365034096035	-0.0065322845584235
PTPRG	0.532680116137899	-0.0113705666123578	0.999365034096035	-0.0113705666123578
ZNF621	0.532708420326762	0.00504773345579149	0.999365034096035	0.00504773345579149
HOOK2	0.532776225886516	-0.00646333440745448	0.999365034096035	-0.00646333440745448
HPCAL1	0.532825450998977	-0.00887775859260568	0.999365034096035	-0.00887775859260568
ATG16L1	0.532848860255667	-0.00590941811688165	0.999365034096035	-0.00590941811688165
PRIM1	0.53291290490143	-0.00681076169747316	0.999365034096035	-0.00681076169747316
SLC35F5	0.532965937983961	-0.00369736996361781	0.999365034096035	-0.00369736996361781
EFCAB2	0.533140365038925	-0.00291167313570395	0.999365034096035	-0.00291167313570395
TAF1D	0.533144193261305	-0.00349758064538335	0.999365034096035	-0.00349758064538335
OSBPL6	0.533270472051295	0.0132724718215503	0.999365034096035	0.0132724718215503
SYAP1	0.533483433851308	0.00474516688348402	0.999365034096035	0.00474516688348402
AC091978.1	0.533534121971572	-0.00695797352024616	0.999365034096035	-0.00695797352024616
EIF3A	0.533547752504561	-0.00439156962967322	0.999365034096035	-0.00439156962967322
MARS	0.533556910946219	-0.00503009470336628	0.999365034096035	-0.00503009470336628
GMEB2	0.533581262663951	0.00789593611874291	0.999365034096035	0.00789593611874291
TMX3	0.533648375354308	0.00524433251719662	0.999365034096035	0.00524433251719662
NDUFV2	0.533949622154821	-0.00652687823726945	0.999365034096035	-0.00652687823726945
TAS2R4	0.533975091109811	-0.009216344269731	0.999365034096035	-0.009216344269731
XRCC4	0.534006906805217	-0.00465758392773466	0.999365034096035	-0.00465758392773466
BDH1	0.534008911417717	-0.00786495532835804	0.999365034096035	-0.00786495532835804
C6orf62	0.53427784444315	-0.00494119065140729	0.999365034096035	-0.00494119065140729
MAPK8	0.534309890342639	-0.00324768397687512	0.999365034096035	-0.00324768397687512
LINC02241	0.53432103751956	-0.00971826357589828	0.999365034096035	-0.00971826357589828
FTX	0.534377302580726	-0.002013955809528	0.999365034096035	-0.002013955809528
CLYBL	0.534411594894676	0.0078236239952787	0.999365034096035	0.0078236239952787
NRP2	0.534557728259972	-0.0095367026391563	0.999365034096035	-0.0095367026391563
AGAP5	0.534571802500346	-0.00845221837194365	0.999365034096035	-0.00845221837194365
DYNLT1	0.534691694148732	-0.00973517754339963	0.999365034096035	-0.00973517754339963
MTRF1L	0.534737421956941	-0.00807761108430391	0.999365034096035	-0.00807761108430391
ZNF778	0.534775362002846	-0.00817856049330635	0.999365034096035	-0.00817856049330635
ECE1	0.534822796315349	-0.00357622527574766	0.999365034096035	-0.00357622527574766
ZNF202	0.534878502408457	-0.0089001711122536	0.999365034096035	-0.0089001711122536
CAMK2N1	0.534941496133166	-0.00426728408614503	0.999365034096035	-0.00426728408614503
AGT	0.535288047933674	-0.0104714167482805	0.999365034096035	-0.0104714167482805
MOSMO	0.535300745902195	0.00342514685357155	0.999365034096035	0.00342514685357155
PURB	0.535446089436346	-0.00430587433174216	0.999365034096035	-0.00430587433174216
TMEM101	0.535664882329018	0.00923648436747329	0.999365034096035	0.00923648436747329
ENO1	0.535666855501887	-0.0090898624718632	0.999365034096035	-0.0090898624718632
TMEM14C	0.535685421867154	0.0108416229686051	0.999365034096035	0.0108416229686051
ZCCHC4	0.53575413844434	-0.00754679304404383	0.999365034096035	-0.00754679304404383
TRMT12	0.535838232016765	0.00972252538415394	0.999365034096035	0.00972252538415394
COQ5	0.536039674899976	0.00543420961386637	0.999365034096035	0.00543420961386637
CNTROB	0.536202966209628	0.00853882870280746	0.999365034096035	0.00853882870280746
COPB2	0.536274018958873	-0.00472703545212225	0.999365034096035	-0.00472703545212225
AVEN	0.536334178945255	-0.00610827816313493	0.999365034096035	-0.00610827816313493
EIF3B	0.536352485839887	0.00445754173878934	0.999365034096035	0.00445754173878934
RNF169	0.536407805909251	-0.00332775292652469	0.999365034096035	-0.00332775292652469
MRPL9	0.536577811326703	0.00924815786722158	0.999365034096035	0.00924815786722158
PREX2	0.536580453218369	0.00431587271186063	0.999365034096035	0.00431587271186063
IFNAR2	0.536609460582648	-0.00421318537736504	0.999365034096035	-0.00421318537736504
POLR2E	0.537017279928176	0.00797311696869859	0.999365034096035	0.00797311696869859
AC092115.3	0.537025421177483	0.00913075330242397	0.999365034096035	0.00913075330242397
CTSD	0.537064067679667	0.00541861148829796	0.999365034096035	0.00541861148829796
LINC00882	0.537074803467813	0.00333500160170565	0.999365034096035	0.00333500160170565
SHPRH	0.53708186812728	-0.00237114280494788	0.999365034096035	-0.00237114280494788
IFIT2	0.537242073612955	0.00825674439204271	0.999365034096035	0.00825674439204271
FAM117B	0.537248877532451	-0.00524778209852771	0.999365034096035	-0.00524778209852771
ADGRE5	0.537268841302857	-0.00737352995231858	0.999365034096035	-0.00737352995231858
TCP11L2	0.537481392690618	0.00384126607968738	0.999365034096035	0.00384126607968738
POC1B-AS1	0.537509802934248	-0.00513540949582188	0.999365034096035	-0.00513540949582188
CIAO2A	0.537606201221379	0.00531686913549017	0.999365034096035	0.00531686913549017
NPEPL1	0.537611203396922	-0.00791760461812374	0.999365034096035	-0.00791760461812374
ZNF148	0.53786162899449	0.00277924056481112	0.999365034096035	0.00277924056481112
LARP7	0.537896561997435	0.00420025532143789	0.999365034096035	0.00420025532143789
CPLX2	0.537924060566673	-0.0135418080227221	0.999365034096035	-0.0135418080227221
FAM131A	0.537947941738487	-0.00698097557317828	0.999365034096035	-0.00698097557317828
RPLP1	0.53794812117542	0.00709108785612902	0.999365034096035	0.00709108785612902
LUC7L	0.53798459416307	-0.00437215384029763	0.999365034096035	-0.00437215384029763
DENND4B	0.538016718854531	0.00382040892844419	0.999365034096035	0.00382040892844419
MCCC1	0.538023452544456	-0.00301284785751477	0.999365034096035	-0.00301284785751477
NAMPT	0.538141434346907	0.00718471734943727	0.999365034096035	0.00718471734943727
FAM185A	0.538184974610597	-0.00528048747039598	0.999365034096035	-0.00528048747039598
DDX3Y	0.538264283525696	-0.00982359290897678	0.999365034096035	-0.00982359290897678
AGAP1	0.538425945381499	-0.00189195714421168	0.999365034096035	-0.00189195714421168
LRRC7	0.538442484757136	0.00353173952146697	0.999365034096035	0.00353173952146697
ITPR2	0.538498967313071	0.00672372747569117	0.999365034096035	0.00672372747569117
UQCRC2	0.538803928215821	0.0050389786463694	0.999365034096035	0.0050389786463694
CLIC4	0.538996621826799	0.00296845750174674	0.999365034096035	0.00296845750174674
MLLT10	0.539128665845049	-0.0024501722193295	0.999365034096035	-0.0024501722193295
NT5C3B	0.539207086300217	-0.00865424804430692	0.999365034096035	-0.00865424804430692
NDUFS4	0.539269579750544	0.00425449135951325	0.999365034096035	0.00425449135951325
TOM1L2	0.539538907585149	0.00239087883740268	0.999365034096035	0.00239087883740268
ZBTB5	0.539655440659553	0.00580125270632155	0.999365034096035	0.00580125270632155
MBNL2	0.539704253661896	0.00170175998123729	0.999365034096035	0.00170175998123729
BRD9	0.540027641509912	0.00490682636584583	0.999365034096035	0.00490682636584583
MAGT1	0.540087344514695	-0.00494417067056074	0.999365034096035	-0.00494417067056074
CACNA2D3	0.540443207863461	0.011615158349622	0.999365034096035	0.011615158349622
RER1	0.540452893285192	0.00488980213281213	0.999365034096035	0.00488980213281213
SSH3	0.540501143203156	-0.00705540286416622	0.999365034096035	-0.00705540286416622
SEC24B	0.540531812336519	-0.00321810023436395	0.999365034096035	-0.00321810023436395
JKAMP	0.541000219787972	0.00710553785832085	0.999365034096035	0.00710553785832085
SNX15	0.541100256653097	0.00964609523420166	0.999365034096035	0.00964609523420166
SEPTIN7-AS1	0.541103681021216	0.0060572629405876	0.999365034096035	0.0060572629405876
ERC1	0.541134124258452	0.00315062543231425	0.999365034096035	0.00315062543231425
MAP3K13	0.541233375280613	-0.00580642000664614	0.999365034096035	-0.00580642000664614
POLD1	0.541439516952728	-0.010590934536203	0.999365034096035	-0.010590934536203
ERP29	0.541481839144768	-0.00936517064889989	0.999365034096035	-0.00936517064889989
PLEKHB1	0.541590532585934	0.00397892429771614	0.999365034096035	0.00397892429771614
OTULIN	0.541590840610483	0.00546075215979787	0.999365034096035	0.00546075215979787
SERHL2	0.541891893345861	-0.00813661858082511	0.999365034096035	-0.00813661858082511
MTHFD2L	0.541920739906975	-0.00366285029554357	0.999365034096035	-0.00366285029554357
VAMP2	0.542009797453399	-0.00460208228080461	0.999365034096035	-0.00460208228080461
ERI1	0.542013938595522	0.00548136124258384	0.999365034096035	0.00548136124258384
ZNF276	0.542148230931704	-0.00421375592200001	0.999365034096035	-0.00421375592200001
THAP6	0.542242258087307	-0.00464339425439393	0.999365034096035	-0.00464339425439393
HSPA4L	0.542245124466706	-0.0129187119549842	0.999365034096035	-0.0129187119549842
STOX2	0.542391433974887	-0.00266883386305405	0.999365034096035	-0.00266883386305405
DHRS4-AS1	0.542420038007157	-0.00844729703535167	0.999365034096035	-0.00844729703535167
EPN2-AS1	0.542425717357024	0.00903856886672766	0.999365034096035	0.00903856886672766
CTNNA3	0.542468026311066	0.00192855905611709	0.999365034096035	0.00192855905611709
TOPBP1	0.542508972559191	-0.00601388283648303	0.999365034096035	-0.00601388283648303
ASNSD1	0.542581741857228	-0.0105804034331607	0.999365034096035	-0.0105804034331607
SKIV2L	0.542630308004504	0.0090795332324723	0.999365034096035	0.0090795332324723
ZNF266	0.542642259948362	0.00584663199131701	0.999365034096035	0.00584663199131701
NDN	0.543047643968246	-0.0136093190914509	0.999365034096035	-0.0136093190914509
NUB1	0.543099189795122	-0.00460259423984101	0.999365034096035	-0.00460259423984101
SENP5	0.543145838651002	-0.00353556850136462	0.999365034096035	-0.00353556850136462
SEPHS1	0.543184230658383	0.00751881952059058	0.999365034096035	0.00751881952059058
TGFB3	0.543366377817557	0.00838177669239456	0.999365034096035	0.00838177669239456
TTI1	0.543391059843811	-0.00484496290241375	0.999365034096035	-0.00484496290241375
CACNG8	0.543435306386306	-0.0131976894730344	0.999365034096035	-0.0131976894730344
AL450998.2	0.543622895510895	0.00731434555412669	0.999365034096035	0.00731434555412669
SHC2	0.54379585862581	0.007994286413227	0.999365034096035	0.007994286413227
DUSP18	0.544129193504083	0.00538466323827472	0.999365034096035	0.00538466323827472
ARHGAP19	0.544204805806546	-0.00715712996450006	0.999365034096035	-0.00715712996450006
TMEM132B	0.544329469531019	-0.0109493741660605	0.999365034096035	-0.0109493741660605
AZIN1	0.544343479923564	-0.00647697579339011	0.999365034096035	-0.00647697579339011
ENOX1	0.544531906408989	-0.00210541254999342	0.999365034096035	-0.00210541254999342
AL360091.3	0.544533037193242	0.00757302807605103	0.999365034096035	0.00757302807605103
COASY	0.544586838157718	0.00762852419776834	0.999365034096035	0.00762852419776834
NOMO1	0.544830908109837	0.00509540733755376	0.999365034096035	0.00509540733755376
CEP192	0.545027761077642	0.00323486745924052	0.999365034096035	0.00323486745924052
POLR2M	0.545039697016553	0.00645448954216559	0.999365034096035	0.00645448954216559
RIMS2	0.545168814087611	0.0111810582923965	0.999365034096035	0.0111810582923965
NCALD	0.545172093146595	-0.0121286180288869	0.999365034096035	-0.0121286180288869
USP30	0.54531433248031	0.00398747483364627	0.999365034096035	0.00398747483364627
ZFYVE28	0.545586916603337	-0.00624121728489142	0.999365034096035	-0.00624121728489142
NOC3L	0.545684036674012	0.0065134043460644	0.999365034096035	0.0065134043460644
TRMT44	0.545889652141781	0.00564126824774225	0.999365034096035	0.00564126824774225
SEMA3C	0.545943757269168	0.00429767956718973	0.999365034096035	0.00429767956718973
KLF3-AS1	0.546314017020689	0.00461867034726435	0.999365034096035	0.00461867034726435
MAD2L2	0.546350303438747	-0.0104714115127698	0.999365034096035	-0.0104714115127698
PRCD	0.546483825121031	-0.00779377726705228	0.999365034096035	-0.00779377726705228
INSYN2B	0.546529178429635	0.00310369598590177	0.999365034096035	0.00310369598590177
GUCA1B	0.54661717943151	-0.00642074502008605	0.999365034096035	-0.00642074502008605
ERCC4	0.546670656241909	-0.00494615759228184	0.999365034096035	-0.00494615759228184
COX6A1	0.546786117645619	0.00977252877568674	0.999365034096035	0.00977252877568674
RGS11	0.547009077839083	0.00852756002918927	0.999365034096035	0.00852756002918927
GSTO1	0.547046312469641	-0.00719964710758113	0.999365034096035	-0.00719964710758113
MT-ND4L	0.547087104988242	0.00593340334597513	0.999365034096035	0.00593340334597513
ASXL1	0.547175273150291	0.00247812926616096	0.999365034096035	0.00247812926616096
FRYL	0.54742603864861	-0.00172225872995346	0.999365034096035	-0.00172225872995346
MYLK	0.547550354571083	-0.00652971821867525	0.999365034096035	-0.00652971821867525
DDA1	0.547790029660955	0.00834685789883451	0.999365034096035	0.00834685789883451
C12orf57	0.547866346186793	0.0121574375507306	0.999365034096035	0.0121574375507306
KIAA1549L	0.547885645477068	0.0137062055190698	0.999365034096035	0.0137062055190698
ZNF326	0.547911963786123	-0.00365063055731233	0.999365034096035	-0.00365063055731233
LENG8-AS1	0.548134671280865	-0.0090609169254061	0.999365034096035	-0.0090609169254061
RNASEH1-AS1	0.548274067885334	0.0065436586914749	0.999365034096035	0.0065436586914749
ZKSCAN7-AS1	0.54827433028251	0.00587330255796166	0.999365034096035	0.00587330255796166
H2AFZ	0.548443299530224	0.0119781968815884	0.999365034096035	0.0119781968815884
C1orf112	0.548514963956114	0.0064052543068204	0.999365034096035	0.0064052543068204
EXOSC8	0.54862485204953	0.00570153721016944	0.999365034096035	0.00570153721016944
ABRAXAS1	0.548897122542311	-0.00887048327234017	0.999365034096035	-0.00887048327234017
MASTL	0.549012897731879	0.008785381715237	0.999365034096035	0.008785381715237
GABARAP	0.54906291057884	-0.00763791064765546	0.999365034096035	-0.00763791064765546
AMER2	0.54909293389566	-0.00243633688590004	0.999365034096035	-0.00243633688590004
CDK5RAP2	0.549245184019591	0.00322875251453862	0.999365034096035	0.00322875251453862
ZNF555	0.54932086605201	-0.00728147208419496	0.999365034096035	-0.00728147208419496
ATF6B	0.549339666712407	0.00465346998041316	0.999365034096035	0.00465346998041316
ESCO1	0.549367686653786	0.00467682218824404	0.999365034096035	0.00467682218824404
RPS24	0.549386957236527	0.00649219090055218	0.999365034096035	0.00649219090055218
CCDC14	0.549447071502072	0.00471850802500142	0.999365034096035	0.00471850802500142
NOP14-AS1	0.549606832627692	-0.00957090208532402	0.999365034096035	-0.00957090208532402
LINC02175	0.54965201837765	0.00492505698667275	0.999365034096035	0.00492505698667275
SETD4	0.549738762658424	-0.00590186658018413	0.999365034096035	-0.00590186658018413
RPS20	0.549834345968636	-0.00815850435465201	0.999365034096035	-0.00815850435465201
ZC3HC1	0.549918819325973	0.00553235040017245	0.999365034096035	0.00553235040017245
HPN-AS1	0.550090250744344	0.0036840978355059	0.999365034096035	0.0036840978355059
AC093879.1	0.550113370507187	-0.0139836310409647	0.999365034096035	-0.0139836310409647
UBN2	0.550149730154609	-0.00321086182878487	0.999365034096035	-0.00321086182878487
HDHD2	0.550285797420407	0.00365065687917259	0.999365034096035	0.00365065687917259
NOMO3	0.550350060199998	0.0051417111111128	0.999365034096035	0.0051417111111128
RILPL1	0.55043611240293	-0.00360077664217351	0.999365034096035	-0.00360077664217351
BANP	0.550498218142228	0.00431518701009898	0.999365034096035	0.00431518701009898
RAB14	0.550507240313573	0.00438989384081179	0.999365034096035	0.00438989384081179
HERC3	0.550519905789414	-0.00290502354244245	0.999365034096035	-0.00290502354244245
KCNT1	0.55069715161565	0.0225998960257247	0.999365034096035	0.0225998960257247
MNT	0.55070556645969	-0.00738531493730105	0.999365034096035	-0.00738531493730105
BCAP29	0.550798251895432	0.00673814852698845	0.999365034096035	0.00673814852698845
ROBO1	0.550821832036562	-0.00196527547668847	0.999365034096035	-0.00196527547668847
CDH1	0.551089723112454	-0.0047166537798555	0.999365034096035	-0.0047166537798555
YIF1B	0.551162089664632	0.0054277228681771	0.999365034096035	0.0054277228681771
CYB561D1	0.551188369107579	-0.00902235990831274	0.999365034096035	-0.00902235990831274
RDH5	0.551212415084352	-0.00970578232306535	0.999365034096035	-0.00970578232306535
TSC2	0.551307692904801	-0.00380577030325199	0.999365034096035	-0.00380577030325199
LINC02610	0.551316380139263	-0.0106563418501718	0.999365034096035	-0.0106563418501718
ZNF488	0.551352897235297	0.00754471266033285	0.999365034096035	0.00754471266033285
SLC30A6	0.551380217409041	-0.00453414291369795	0.999365034096035	-0.00453414291369795
STRADA	0.551578777675979	0.00354537968840158	0.999365034096035	0.00354537968840158
CLEC16A	0.551597411660776	-0.00323141813854919	0.999365034096035	-0.00323141813854919
RCC1L	0.551608742083891	-0.00521708829963412	0.999365034096035	-0.00521708829963412
NF1	0.551676595351879	-0.00203879532228994	0.999365034096035	-0.00203879532228994
PPP5C	0.551697504546657	-0.00625779644710222	0.999365034096035	-0.00625779644710222
CASC3	0.551762960577257	0.0037478014264435	0.999365034096035	0.0037478014264435
RNF111	0.552144871287914	0.00353514206532854	0.999365034096035	0.00353514206532854
GNAO1	0.552166636651023	-0.00210944671013864	0.999365034096035	-0.00210944671013864
NUMBL	0.552185341115773	0.0105286990639329	0.999365034096035	0.0105286990639329
CTR9	0.552307943064302	-0.00584846909488718	0.999365034096035	-0.00584846909488718
AC090115.1	0.552415082872828	-0.00892197973552365	0.999365034096035	-0.00892197973552365
FAM107B	0.552540018586981	0.00193586477082237	0.999365034096035	0.00193586477082237
XPC	0.552574137287111	0.00416664933524202	0.999365034096035	0.00416664933524202
SLC39A6	0.552590897572591	0.00643806118301788	0.999365034096035	0.00643806118301788
NMNAT3	0.552660338520905	-0.00643853762698801	0.999365034096035	-0.00643853762698801
STAG1	0.552684213900276	0.00220831674899384	0.999365034096035	0.00220831674899384
ZNF600	0.552708594000334	0.00968746293467784	0.999365034096035	0.00968746293467784
MATR3-1	0.552789583711163	-0.0107002616052834	0.999365034096035	-0.0107002616052834
PRMT3	0.552869774263196	0.00396923659847156	0.999365034096035	0.00396923659847156
PRKCZ	0.552901389832476	-0.00413531207845314	0.999365034096035	-0.00413531207845314
ZDHHC21	0.553276225352419	-0.00464476515007913	0.999365034096035	-0.00464476515007913
TYW3	0.553414298280223	0.00575285805235061	0.999365034096035	0.00575285805235061
PLPP2	0.553421373642446	0.00502955628011254	0.999365034096035	0.00502955628011254
KHDRBS2	0.553565503434829	-0.0131938526127511	0.999365034096035	-0.0131938526127511
ZBTB40	0.553809359740326	0.00521837436329629	0.999365034096035	0.00521837436329629
VCPIP1	0.553818876754464	0.00582083383606966	0.999365034096035	0.00582083383606966
SEPTIN3	0.553941545334664	-0.0132091282702989	0.999365034096035	-0.0132091282702989
SELENOW	0.554192265540876	-0.0044657843350715	0.999365034096035	-0.0044657843350715
ERMARD	0.554396534538773	0.00624671637271117	0.999365034096035	0.00624671637271117
CDKL2	0.554457479232132	0.00590405781774981	0.999365034096035	0.00590405781774981
TBC1D24	0.554639938443631	0.00945733168100647	0.999365034096035	0.00945733168100647
MKNK2	0.55465033912641	0.00765964920873842	0.999365034096035	0.00765964920873842
DCAF6	0.554676380728467	0.00539669355541995	0.999365034096035	0.00539669355541995
POLR3G	0.554736590611195	0.0052380668938668	0.999365034096035	0.0052380668938668
SEC61A2	0.555108434509944	0.00501008328330836	0.999365034096035	0.00501008328330836
WASF3	0.555219529736954	-0.00564051510035378	0.999365034096035	-0.00564051510035378
LMBRD2	0.555413424284947	-0.00589453432272576	0.999365034096035	-0.00589453432272576
SESN1	0.555517809096407	-0.00316864454613757	0.999365034096035	-0.00316864454613757
ZNF142	0.556103747378997	-0.00824780723456532	0.999365034096035	-0.00824780723456532
C2CD6	0.556139941559253	-0.00883474453932435	0.999365034096035	-0.00883474453932435
GLUL	0.556221506689036	-0.00452496924780012	0.999365034096035	-0.00452496924780012
AL008633.1	0.55636088205123	-0.0127556072465111	0.999365034096035	-0.0127556072465111
USP48	0.55654034027174	0.00290109920212316	0.999365034096035	0.00290109920212316
AL110114.1	0.556748189177921	0.00527545571708828	0.999365034096035	0.00527545571708828
TBC1D15	0.556886917759928	0.00274253333650667	0.999365034096035	0.00274253333650667
CORO1C	0.556968106598288	-0.00351427788481536	0.999365034096035	-0.00351427788481536
EGLN3	0.55697220512736	-0.00440968919533915	0.999365034096035	-0.00440968919533915
ZFYVE26	0.557030925896721	0.00590203297633453	0.999365034096035	0.00590203297633453
EIF4E	0.557238473167894	0.0038863531122161	0.999365034096035	0.0038863531122161
SGK1	0.557265664934852	-0.00198079777322357	0.999365034096035	-0.00198079777322357
USP11	0.557431298432552	-0.00651382257937169	0.999365034096035	-0.00651382257937169
ASF1A	0.557576744873275	-0.00941472872158779	0.999365034096035	-0.00941472872158779
CARHSP1	0.557776604040909	0.00368664817417353	0.999365034096035	0.00368664817417353
TTC14	0.557867118048645	-0.00394191324069484	0.999365034096035	-0.00394191324069484
COBL	0.557872756550395	-0.00213170393713567	0.999365034096035	-0.00213170393713567
MYDGF	0.557921218314406	-0.00691337170518259	0.999365034096035	-0.00691337170518259
NUTF2	0.557928296432336	0.00686038539651156	0.999365034096035	0.00686038539651156
NEK3	0.558049761880415	0.00451030900287179	0.999365034096035	0.00451030900287179
RPS3	0.558257653647843	-0.00598494596480062	0.999365034096035	-0.00598494596480062
UGCG	0.558291870382297	0.0079292369332046	0.999365034096035	0.0079292369332046
WDTC1	0.558611992590143	0.00382992659489657	0.999365034096035	0.00382992659489657
APOO	0.558822418602816	-0.00846888323700894	0.999365034096035	-0.00846888323700894
DCAF4	0.559120364976078	0.00904002803964639	0.999365034096035	0.00904002803964639
ATP10B	0.559201739907308	0.00270122118996927	0.999365034096035	0.00270122118996927
DR1	0.559227778556538	-0.00724009845853041	0.999365034096035	-0.00724009845853041
CCDC6	0.559502409665201	-0.00613214407841223	0.999365034096035	-0.00613214407841223
PABPC4	0.559618432598881	0.00704261258442431	0.999365034096035	0.00704261258442431
ZNF143	0.559827734387605	0.00565706773904855	0.999365034096035	0.00565706773904855
AC108519.1	0.559835293376699	0.00500500723125813	0.999365034096035	0.00500500723125813
TPI1	0.559863109098167	-0.0118121920958341	0.999365034096035	-0.0118121920958341
OTUD5	0.559885570903277	0.00416416552273271	0.999365034096035	0.00416416552273271
ARMC5	0.560170985376226	0.0106307867058481	0.999365034096035	0.0106307867058481
AC008945.2	0.560193537130206	0.00605606071490614	0.999365034096035	0.00605606071490614
NKRF	0.560196757247822	0.00962656301462436	0.999365034096035	0.00962656301462436
SAMD13	0.56020976071898	-0.0059671192211903	0.999365034096035	-0.0059671192211903
RNF4	0.560369152869913	-0.00471121785334631	0.999365034096035	-0.00471121785334631
MIB2	0.560397170167973	0.00585263665826715	0.999365034096035	0.00585263665826715
GASK1A	0.56040527663658	0.00677131566150952	0.999365034096035	0.00677131566150952
COQ6	0.560424117133574	0.0101592372384068	0.999365034096035	0.0101592372384068
LRP5	0.560522958243065	-0.00978273465740593	0.999365034096035	-0.00978273465740593
USP37	0.560596091836826	0.00357442542582286	0.999365034096035	0.00357442542582286
SRD5A3-AS1	0.560668051479854	-0.00940864181780085	0.999365034096035	-0.00940864181780085
SERPINE2	0.560749480608677	-0.0129228720638023	0.999365034096035	-0.0129228720638023
MRPL4	0.560757630104122	0.00678987194290524	0.999365034096035	0.00678987194290524
HMGA1	0.560799086932074	-0.0101897127674184	0.999365034096035	-0.0101897127674184
CDH13	0.561004624446969	0.00628429052928005	0.999365034096035	0.00628429052928005
ITPKB	0.561004861996079	0.00311762713714755	0.999365034096035	0.00311762713714755
TFIP11	0.561061455441519	0.00829507412381558	0.999365034096035	0.00829507412381558
MED28	0.561087595011489	-0.00391399363025342	0.999365034096035	-0.00391399363025342
TNRC6A	0.56109140563831	0.00257481739453734	0.999365034096035	0.00257481739453734
LINC01135	0.56131214481732	-0.00394079517162952	0.999365034096035	-0.00394079517162952
ALDH2	0.561487643086124	-0.0055507664871728	0.999365034096035	-0.0055507664871728
AC025171.2	0.561583609054377	-0.00605420434431248	0.999365034096035	-0.00605420434431248
MTA1	0.56159664741766	-0.00465704989270811	0.999365034096035	-0.00465704989270811
KLK6	0.561750067118911	0.00496833384448239	0.999365034096035	0.00496833384448239
ASPH	0.561851730792938	-0.00485366166282684	0.999365034096035	-0.00485366166282684
CUL4B	0.561878894956854	0.00646478753868451	0.999365034096035	0.00646478753868451
CNTRL	0.562021504885629	-0.00353011693125701	0.999365034096035	-0.00353011693125701
STX3	0.562053706450627	-0.00622400318833881	0.999365034096035	-0.00622400318833881
CADM2	0.562211684715612	-0.00219535020358134	0.999365034096035	-0.00219535020358134
RPF1	0.562296774456095	0.00820669073056956	0.999365034096035	0.00820669073056956
IL10RB	0.562296887889523	-0.00479074159805465	0.999365034096035	-0.00479074159805465
EPM2A	0.562338634759921	-0.00421368776480097	0.999365034096035	-0.00421368776480097
ZNF182	0.562399750846184	-0.00942799146209728	0.999365034096035	-0.00942799146209728
BRWD1	0.562445213296075	-0.002485677664846	0.999365034096035	-0.002485677664846
CCT4	0.562607611456427	0.00502549069807158	0.999365034096035	0.00502549069807158
FAM228B	0.562671887459507	-0.00369861611218863	0.999365034096035	-0.00369861611218863
DCUN1D2	0.562810421287645	0.00393951408623866	0.999365034096035	0.00393951408623866
DGCR9	0.562839987391261	-0.0129017703202592	0.999365034096035	-0.0129017703202592
LINC02245	0.56285507660116	-0.007148876817117	0.999365034096035	-0.007148876817117
MLX	0.563109418284516	-0.0103777902431739	0.999365034096035	-0.0103777902431739
MAP1LC3A	0.563164299721504	0.0057220755622021	0.999365034096035	0.0057220755622021
SPSB3	0.563179302109183	0.00607999007483095	0.999365034096035	0.00607999007483095
MFHAS1	0.563196786983364	-0.00979715717567523	0.999365034096035	-0.00979715717567523
DDX3X	0.563220423419437	-0.00444740993769874	0.999365034096035	-0.00444740993769874
ZNF169	0.563289431541875	-0.00514502096728126	0.999365034096035	-0.00514502096728126
DPM1	0.563377856612699	0.00434925884473262	0.999365034096035	0.00434925884473262
SETX	0.56338118140199	0.00286368227892416	0.999365034096035	0.00286368227892416
FLCN	0.563456557095702	-0.00433638938899186	0.999365034096035	-0.00433638938899186
DUT	0.563592716360736	0.00400841243347163	0.999365034096035	0.00400841243347163
FBXL17	0.56366526624181	-0.00412256477693646	0.999365034096035	-0.00412256477693646
YEATS4	0.563767105731779	-0.00925055074177349	0.999365034096035	-0.00925055074177349
L3HYPDH	0.563852840326144	-0.00830228414561316	0.999365034096035	-0.00830228414561316
SLC2A1	0.563855877305582	0.00694152044086142	0.999365034096035	0.00694152044086142
SLC30A5	0.564063106926869	-0.0049613230870533	0.999365034096035	-0.0049613230870533
SNRPA	0.564093629107866	-0.00652660067127437	0.999365034096035	-0.00652660067127437
GNPTAB	0.564333061767638	-0.00827637904505719	0.999365034096035	-0.00827637904505719
MMACHC	0.564645759559793	0.00993144761399581	0.999365034096035	0.00993144761399581
DTX3	0.564791535761225	0.00692845091025932	0.999365034096035	0.00692845091025932
AC009093.2	0.56512513444587	-0.00487651915782812	0.999365034096035	-0.00487651915782812
VPS37A	0.565168237025832	-0.00504137653155989	0.999365034096035	-0.00504137653155989
SNHG3	0.565256287613762	0.00953474054750381	0.999365034096035	0.00953474054750381
RAP1GDS1	0.565309061999366	0.00220577597826453	0.999365034096035	0.00220577597826453
TMEM167B	0.565478557642593	0.00747001103955451	0.999365034096035	0.00747001103955451
GVQW3	0.565550628325307	0.00641717498441224	0.999365034096035	0.00641717498441224
NADSYN1	0.565614508307455	0.00359009969648805	0.999365034096035	0.00359009969648805
KDM5D	0.565745334805246	-0.00724775151101003	0.999365034096035	-0.00724775151101003
LMBRD1	0.565783041499554	0.00329477725267344	0.999365034096035	0.00329477725267344
AP000446.1	0.565908360223335	-0.00748034723504257	0.999365034096035	-0.00748034723504257
ETAA1	0.565918358221545	0.00714243507223581	0.999365034096035	0.00714243507223581
C1QTNF6	0.565932261447505	-0.00797278908480593	0.999365034096035	-0.00797278908480593
CWF19L2	0.565970526797338	-0.00312714220359352	0.999365034096035	-0.00312714220359352
ILVBL	0.565994308357994	-0.00654734736343824	0.999365034096035	-0.00654734736343824
ARPC3	0.566063069336848	0.00528438316192853	0.999365034096035	0.00528438316192853
PDK1	0.56609861773897	-0.00739601692384017	0.999365034096035	-0.00739601692384017
SNX19	0.566192823200681	0.00512374392339135	0.999365034096035	0.00512374392339135
XKR4	0.566255021835372	0.0103306563719309	0.999365034096035	0.0103306563719309
CLK1	0.566281298382047	0.00344686322586591	0.999365034096035	0.00344686322586591
APLP1	0.566351447328371	0.00369747805566284	0.999365034096035	0.00369747805566284
HEXA	0.566573438727074	0.0037084579161264	0.999365034096035	0.0037084579161264
SNAPC4	0.566829220833908	-0.00792613248192959	0.999365034096035	-0.00792613248192959
PTAR1	0.567068750658502	0.00381467188515779	0.999365034096035	0.00381467188515779
TPR	0.567079901397392	0.00343347654755045	0.999365034096035	0.00343347654755045
ZBTB10	0.56717551771176	0.0070944977018586	0.999365034096035	0.0070944977018586
ADAP2	0.567249408336455	-0.00783230999973056	0.999365034096035	-0.00783230999973056
WWC2	0.567318410935752	0.00521396966705383	0.999365034096035	0.00521396966705383
WDFY3-AS2	0.567425923343714	0.00730672116292796	0.999365034096035	0.00730672116292796
MRPS10	0.567893223239085	0.0061393270362101	0.999365034096035	0.0061393270362101
QRICH2	0.56793549919709	-0.00783015527485727	0.999365034096035	-0.00783015527485727
ASB13	0.568081341063762	-0.00745765651852365	0.999365034096035	-0.00745765651852365
UQCR11	0.568122390222147	0.00765436271226796	0.999365034096035	0.00765436271226796
HNRNPA3	0.568253442373557	0.00280148733154263	0.999365034096035	0.00280148733154263
MED21	0.568326885193172	-0.00781519005621391	0.999365034096035	-0.00781519005621391
CEP78	0.568420897032826	0.00386413527856674	0.999365034096035	0.00386413527856674
GNB1	0.568434775223825	0.0024323346776569	0.999365034096035	0.0024323346776569
LYPD5	0.568436439340595	0.0075577367021351	0.999365034096035	0.0075577367021351
ZSCAN5A	0.568877680166792	0.00486334331674739	0.999365034096035	0.00486334331674739
SPOCK1	0.569288298037786	-0.00187211112939632	0.999365034096035	-0.00187211112939632
MYL6B	0.569651001041054	0.0116853680292097	0.999365034096035	0.0116853680292097
SUMO2	0.569701356352975	0.00631271728674713	0.999365034096035	0.00631271728674713
DIMT1	0.569724643414072	0.00558042599386849	0.999365034096035	0.00558042599386849
KDM4C	0.569743001980357	0.00210711102394998	0.999365034096035	0.00210711102394998
BTBD3	0.569763244582393	0.00278367632265278	0.999365034096035	0.00278367632265278
FAM133A	0.569766507709578	0.00761124112419257	0.999365034096035	0.00761124112419257
MEX3D	0.569790595770881	0.00835480665648363	0.999365034096035	0.00835480665648363
RABL6	0.569882080937106	0.00337703310288438	0.999365034096035	0.00337703310288438
TOM1L1	0.56998596905547	0.0127052112048728	0.999365034096035	0.0127052112048728
IREB2	0.57014647336376	-0.00352594581518983	0.999365034096035	-0.00352594581518983
CAMK2D	0.570228922490133	-0.00337604977477464	0.999365034096035	-0.00337604977477464
RASAL1	0.570285635204674	0.00468960412376936	0.999365034096035	0.00468960412376936
FCHSD1	0.570453951843261	0.0077325111139781	0.999365034096035	0.0077325111139781
GOLGB1	0.570497968632079	-0.00438679570970274	0.999365034096035	-0.00438679570970274
CC2D1A	0.570532576108786	0.00333550405931531	0.999365034096035	0.00333550405931531
LRRC37A3	0.570587516617057	-0.00595758310958327	0.999365034096035	-0.00595758310958327
SREBF2	0.570940763313128	0.00253141730619401	0.999365034096035	0.00253141730619401
WDR3	0.570949701833401	0.00827950604917269	0.999365034096035	0.00827950604917269
ARHGEF1	0.570973918572544	0.00482679353519051	0.999365034096035	0.00482679353519051
SNHG15	0.570980686586659	-0.00943849611573488	0.999365034096035	-0.00943849611573488
ARHGEF10L	0.571156675105014	0.00726545887216229	0.999365034096035	0.00726545887216229
LARP6	0.571174477288857	-0.00418347328095996	0.999365034096035	-0.00418347328095996
CRB2	0.571231052944679	0.00516649360884164	0.999365034096035	0.00516649360884164
SLC7A1	0.571232521597012	-0.00770813968494434	0.999365034096035	-0.00770813968494434
MRPS25	0.571262355202542	-0.00504492366056095	0.999365034096035	-0.00504492366056095
DDX23	0.571390545603413	0.00608183357987067	0.999365034096035	0.00608183357987067
RAPGEF3	0.571587071819579	0.00403138972416991	0.999365034096035	0.00403138972416991
NBPF1	0.571669459369673	0.00679077211540156	0.999365034096035	0.00679077211540156
RUNDC3A	0.571693078585295	0.0126553101914828	0.999365034096035	0.0126553101914828
SUPT7L	0.57171090310969	-0.00626813823598885	0.999365034096035	-0.00626813823598885
RNASEK	0.571756953253778	0.00886954296336469	0.999365034096035	0.00886954296336469
TP53BP1	0.571959181075329	0.00390218910257386	0.999365034096035	0.00390218910257386
NBPF12	0.572232655211953	0.00438609128632278	0.999365034096035	0.00438609128632278
AC104596.1	0.57233691457746	0.00402331864279208	0.999365034096035	0.00402331864279208
MAGEC3	0.572441972938934	0.00588187325750774	0.999365034096035	0.00588187325750774
CENPB	0.572601099350849	0.0071226606422011	0.999365034096035	0.0071226606422011
C17orf80	0.572663142200687	-0.00881793450548085	0.999365034096035	-0.00881793450548085
AC079781.5	0.572669338375861	0.00385960670959885	0.999365034096035	0.00385960670959885
NUBPL	0.572671553945559	-0.00287481643386711	0.999365034096035	-0.00287481643386711
MRPL35	0.572699928306384	0.00806081260381278	0.999365034096035	0.00806081260381278
YTHDF2	0.572815648381749	0.00445553712745749	0.999365034096035	0.00445553712745749
CDKN2B-AS1	0.573126844824674	-0.00693694544086191	0.999365034096035	-0.00693694544086191
UPP2	0.573184808532757	-0.00966602528620229	0.999365034096035	-0.00966602528620229
IPO7	0.573189089310133	-0.00409816869192004	0.999365034096035	-0.00409816869192004
SAC3D1	0.573313954463471	0.0085713725534851	0.999365034096035	0.0085713725534851
FLAD1	0.573314695464206	0.00619034220549286	0.999365034096035	0.00619034220549286
EIF1B	0.573345022667791	-0.00754838199108348	0.999365034096035	-0.00754838199108348
CHMP5	0.573389665062954	0.00604529545920885	0.999365034096035	0.00604529545920885
ARHGAP33	0.57347505375295	0.00527450286277283	0.999365034096035	0.00527450286277283
CUL3	0.57363786235422	-0.00283513912741506	0.999365034096035	-0.00283513912741506
MT-ND5	0.573789249118275	0.00411912814088744	0.999365034096035	0.00411912814088744
PRDM10	0.573914914246835	0.00472705294061611	0.999365034096035	0.00472705294061611
ACBD3	0.574002449779252	-0.00407182780280642	0.999365034096035	-0.00407182780280642
C1orf131	0.574012219610766	-0.00613516018297348	0.999365034096035	-0.00613516018297348
AGPAT4	0.574252524302072	0.00289760044775974	0.999365034096035	0.00289760044775974
AC098679.5	0.574415229385696	-0.00552403408521318	0.999365034096035	-0.00552403408521318
ZNF727	0.574451657445096	0.00498491392034702	0.999365034096035	0.00498491392034702
UBE2D3	0.574597821736656	0.00266967016885112	0.999365034096035	0.00266967016885112
AC139887.2	0.574781865519099	0.0044018526878816	0.999365034096035	0.0044018526878816
PPP2R3C	0.574802818204165	0.00295339354573017	0.999365034096035	0.00295339354573017
MDN1	0.574847376072538	0.00389000465640385	0.999365034096035	0.00389000465640385
EXT2	0.574865722164953	-0.00402550292724344	0.999365034096035	-0.00402550292724344
CCT6A	0.575075853185035	-0.00731142401952832	0.999365034096035	-0.00731142401952832
RANBP17	0.575273572189589	-0.00932635289356708	0.999365034096035	-0.00932635289356708
ARHGAP22	0.575321767536655	-0.00372930571372733	0.999365034096035	-0.00372930571372733
COPS2	0.575335642828017	-0.00439848963713496	0.999365034096035	-0.00439848963713496
UBE2G1	0.575462589391773	0.00334066151321424	0.999365034096035	0.00334066151321424
ISOC2	0.575481921052724	-0.00732088527785798	0.999365034096035	-0.00732088527785798
PLXNB1	0.575486637929361	0.00353857911568868	0.999365034096035	0.00353857911568868
TMEM178A	0.575686768036776	-0.0155011751258659	0.999365034096035	-0.0155011751258659
MEMO1	0.575745941093162	0.00886880389159171	0.999365034096035	0.00886880389159171
ESRRA	0.575781655876113	0.00669754150034186	0.999365034096035	0.00669754150034186
FTCD	0.575828101714163	-0.00842212493225248	0.999365034096035	-0.00842212493225248
UBE3B	0.575856571095661	0.00297202058654684	0.999365034096035	0.00297202058654684
C5orf56	0.57591209342446	-0.00390551575831152	0.999365034096035	-0.00390551575831152
SLC17A5	0.576002997686878	-0.00574745618315173	0.999365034096035	-0.00574745618315173
CYB561D2	0.576037090395529	0.00705693463198261	0.999365034096035	0.00705693463198261
MIATNB	0.576093635634529	-0.00581569819311121	0.999365034096035	-0.00581569819311121
MESD	0.576258467954387	0.0041362626235141	0.999365034096035	0.0041362626235141
SIN3A	0.576398970191125	0.00457428805160186	0.999365034096035	0.00457428805160186
RNF24	0.576591509425244	-0.00582051800480916	0.999365034096035	-0.00582051800480916
IPO9-AS1	0.576604978163471	0.00843907375724582	0.999365034096035	0.00843907375724582
EXOC5	0.57666690114352	0.00327056600078539	0.999365034096035	0.00327056600078539
FNTB	0.576718923244043	0.00350064567388651	0.999365034096035	0.00350064567388651
ZDHHC6	0.576815422674173	0.00669556889872755	0.999365034096035	0.00669556889872755
U2AF2	0.576938410874013	-0.00568816496995733	0.999365034096035	-0.00568816496995733
RCAN2	0.576978854859512	-0.00248709341329833	0.999365034096035	-0.00248709341329833
C1orf50	0.576990756613178	-0.00747682866091474	0.999365034096035	-0.00747682866091474
LTBP4	0.577197744958356	0.00859733494757838	0.999365034096035	0.00859733494757838
MAP1LC3B	0.577367463649977	0.00614776608201103	0.999365034096035	0.00614776608201103
PDCD5	0.577426116034866	-0.00797923023534567	0.999365034096035	-0.00797923023534567
EFCAB14	0.577494791247065	0.00458316343492726	0.999365034096035	0.00458316343492726
SH3BP5-AS1	0.57760494412428	0.00914065339498738	0.999365034096035	0.00914065339498738
AC099343.4	0.577609687796703	0.00916548166782285	0.999365034096035	0.00916548166782285
NSMCE4A	0.577794617102673	-0.00587703571453653	0.999365034096035	-0.00587703571453653
TAF9	0.577813699694955	-0.0106394799160337	0.999365034096035	-0.0106394799160337
ALKBH1	0.577859138595725	0.004946113346712	0.999365034096035	0.004946113346712
TRIM46	0.577915936171949	-0.00865858913722867	0.999365034096035	-0.00865858913722867
CPOX	0.577917197050971	0.00312833030471381	0.999365034096035	0.00312833030471381
SCN2A	0.57803554747556	-0.0112285965159039	0.999365034096035	-0.0112285965159039
MLLT1	0.578204135739059	-0.00462413335420413	0.999365034096035	-0.00462413335420413
ACTN1	0.57835941961042	0.0127177893013989	0.999365034096035	0.0127177893013989
FRMD4A	0.578455616756707	0.0065477677032914	0.999365034096035	0.0065477677032914
AL033523.1	0.578556147244827	0.00546087947372934	0.999365034096035	0.00546087947372934
AC073957.3	0.578605086364241	0.00909160370073772	0.999365034096035	0.00909160370073772
BTBD2	0.578636133273267	-0.00430104881738245	0.999365034096035	-0.00430104881738245
ARHGEF18	0.578684131669904	-0.00364634553117655	0.999365034096035	-0.00364634553117655
CTCF	0.578782108006068	0.00361254771356578	0.999365034096035	0.00361254771356578
AC092683.1	0.57902992692575	0.0107134643624595	0.999365034096035	0.0107134643624595
SLC2A8	0.579053489995785	0.0083451323422134	0.999365034096035	0.0083451323422134
L2HGDH	0.579194284902342	-0.0047141680956431	0.999365034096035	-0.0047141680956431
XAB2	0.579285532211346	0.0060427426856886	0.999365034096035	0.0060427426856886
TGFBRAP1	0.579349417216054	0.00558468609337765	0.999365034096035	0.00558468609337765
PNPT1	0.579573656817214	-0.0029463169027762	0.999365034096035	-0.0029463169027762
PGLS	0.579645325560751	0.00550794989891853	0.999365034096035	0.00550794989891853
COPS5	0.580136371117035	-0.0061780729845259	0.999365034096035	-0.0061780729845259
MAML1	0.580192347043892	0.00454007743071215	0.999365034096035	0.00454007743071215
LEMD3	0.580228220789469	-0.00416238554724099	0.999365034096035	-0.00416238554724099
PPP4R3A	0.580248603707574	-0.00313439000393296	0.999365034096035	-0.00313439000393296
PCA3	0.58033185800824	-0.0086020641684583	0.999365034096035	-0.0086020641684583
FOXP4	0.580521537072173	-0.00816442625852262	0.999365034096035	-0.00816442625852262
SYNJ2BP	0.580549016822003	0.00712487363231736	0.999365034096035	0.00712487363231736
COX10	0.580699573883558	0.00564663832511299	0.999365034096035	0.00564663832511299
RAB11A	0.580789016719159	-0.00615079028579037	0.999365034096035	-0.00615079028579037
MZF1	0.58083626585853	0.00399190114824359	0.999365034096035	0.00399190114824359
AC009063.3	0.580962097246458	-0.00802921588100478	0.999365034096035	-0.00802921588100478
TMEM161B	0.581093817380365	0.0044918989330793	0.999365034096035	0.0044918989330793
MSL2	0.581111819450197	-0.0031718497493772	0.999365034096035	-0.0031718497493772
SNHG30	0.581233772971266	-0.00544613029745615	0.999365034096035	-0.00544613029745615
SOCS4	0.581270140308046	-0.00558537272359639	0.999365034096035	-0.00558537272359639
AMPH	0.581353848508957	-0.0122596506118301	0.999365034096035	-0.0122596506118301
KLHL24	0.581389072241389	0.00221391718596269	0.999365034096035	0.00221391718596269
SNRPC	0.581505262957162	0.00844614815778585	0.999365034096035	0.00844614815778585
SMURF1	0.58155093357161	-0.00263470760827716	0.999365034096035	-0.00263470760827716
AC092279.1	0.581564329309889	-0.00608169055161977	0.999365034096035	-0.00608169055161977
ZNF37A	0.581761741988533	-0.00255763444422314	0.999365034096035	-0.00255763444422314
GPX4	0.581812315021094	0.00647771902194644	0.999365034096035	0.00647771902194644
CCAR1	0.581870320567208	0.00258847542468832	0.999365034096035	0.00258847542468832
MAT2B	0.581950776550387	-0.00861133335645959	0.999365034096035	-0.00861133335645959
AMMECR1	0.581973533658546	-0.00818198544309632	0.999365034096035	-0.00818198544309632
HS6ST3	0.5820054519591	-0.012324552176575	0.999365034096035	-0.012324552176575
ABHD17B	0.58202271878185	0.00268410265117263	0.999365034096035	0.00268410265117263
HNRNPU	0.582037917740781	-0.00230335662315325	0.999365034096035	-0.00230335662315325
PCYOX1	0.582065933660374	0.00738786020309955	0.999365034096035	0.00738786020309955
MRS2	0.582145999131665	-0.00651437369677378	0.999365034096035	-0.00651437369677378
METTL26	0.582533929143511	0.00729917744088414	0.999365034096035	0.00729917744088414
BBS2	0.582579578678968	-0.00244853210840265	0.999365034096035	-0.00244853210840265
ATP5PF	0.582636493534346	-0.0079677377100008	0.999365034096035	-0.0079677377100008
TBRG4	0.582690343680022	0.00597679568373143	0.999365034096035	0.00597679568373143
RPL26	0.582892738346469	-0.00900985209844169	0.999365034096035	-0.00900985209844169
BAHCC1	0.583021197705044	-0.00363067486683012	0.999365034096035	-0.00363067486683012
EID1	0.58304992407332	-0.00530824926916304	0.999365034096035	-0.00530824926916304
ZNF382	0.583092230293446	-0.00727850716460252	0.999365034096035	-0.00727850716460252
ZNF92	0.583247437700018	-0.00818050001106871	0.999365034096035	-0.00818050001106871
GAPVD1	0.583391376818634	0.00308747870990614	0.999365034096035	0.00308747870990614
GSTP1	0.583432320949933	0.00677269492006926	0.999365034096035	0.00677269492006926
DPF1	0.583478984570565	-0.010480297272547	0.999365034096035	-0.010480297272547
MRTO4	0.583525449757763	0.00891783981114019	0.999365034096035	0.00891783981114019
ZNF460-AS1	0.5835962070086	-0.00596464708853728	0.999365034096035	-0.00596464708853728
MAPKAPK5	0.583611020928496	0.00411651600024398	0.999365034096035	0.00411651600024398
TDP1	0.583855749168719	-0.00615753888043348	0.999365034096035	-0.00615753888043348
GTPBP10	0.583868307652148	0.00448720775523656	0.999365034096035	0.00448720775523656
C21orf58	0.583927581919909	0.00736019772730023	0.999365034096035	0.00736019772730023
PDS5A	0.584070357336781	0.00228214799729624	0.999365034096035	0.00228214799729624
PHF5A	0.584080986673488	0.00752232088768358	0.999365034096035	0.00752232088768358
STRADB	0.584092006062668	0.00583071855506385	0.999365034096035	0.00583071855506385
STK11IP	0.584113599120862	0.00887828989090751	0.999365034096035	0.00887828989090751
SLC11A2	0.584204675055427	0.0028706931763309	0.999365034096035	0.0028706931763309
ELL	0.584208701546139	0.00569662664509247	0.999365034096035	0.00569662664509247
ANKRD13B	0.584212221781823	0.00579207078483713	0.999365034096035	0.00579207078483713
LDLR	0.584280047599964	-0.0070052570963468	0.999365034096035	-0.0070052570963468
LINC02615	0.584373584881646	0.00465411996924409	0.999365034096035	0.00465411996924409
KLHL13	0.584507742018441	0.00583573864549761	0.999365034096035	0.00583573864549761
GNG8	0.584680201127877	0.00904825723695773	0.999365034096035	0.00904825723695773
MBTD1	0.584708202059139	0.0025669909896319	0.999365034096035	0.0025669909896319
CRCP	0.584786174453718	-0.00460729721208865	0.999365034096035	-0.00460729721208865
CDC73	0.585235419914408	-0.00274218899036616	0.999365034096035	-0.00274218899036616
ZNF347	0.58523694341387	-0.00504405004377421	0.999365034096035	-0.00504405004377421
PLXND1	0.585276057708831	-0.00445455505250551	0.999365034096035	-0.00445455505250551
MCTP1	0.585321451184676	-0.0113364824579448	0.999365034096035	-0.0113364824579448
LUZP2	0.585595039419554	-0.0113535935778482	0.999365034096035	-0.0113535935778482
GLE1	0.586042230934907	-0.00476115634796921	0.999365034096035	-0.00476115634796921
GAL3ST1	0.586135572177994	-0.00416726426004703	0.999365034096035	-0.00416726426004703
LIPE-AS1	0.586336581741534	0.00410845414828421	0.999365034096035	0.00410845414828421
GNS	0.586477945366967	-0.00458004353183461	0.999365034096035	-0.00458004353183461
STK3	0.58649241110304	0.00277894779715279	0.999365034096035	0.00277894779715279
PLOD3	0.586492720736319	-0.00469285475746323	0.999365034096035	-0.00469285475746323
PATZ1	0.58649431614929	-0.00560216032248425	0.999365034096035	-0.00560216032248425
ACSS1	0.586576983977527	-0.00383008838464294	0.999365034096035	-0.00383008838464294
MEX3C	0.586578014621097	-0.00793134386035573	0.999365034096035	-0.00793134386035573
DBI	0.586587390090043	-0.00706635242389649	0.999365034096035	-0.00706635242389649
ZNF536	0.586589619823963	-0.00185914406538115	0.999365034096035	-0.00185914406538115
AL158152.1	0.586592768609504	-0.00510764841098354	0.999365034096035	-0.00510764841098354
RASAL2	0.586661202083733	-0.00834986883641316	0.999365034096035	-0.00834986883641316
MED6	0.586676790414901	0.00608791040727276	0.999365034096035	0.00608791040727276
MAF	0.586771325354355	0.0109720921367385	0.999365034096035	0.0109720921367385
MYADM	0.586888766630482	-0.00758606547238821	0.999365034096035	-0.00758606547238821
AP002026.1	0.586943829165318	0.00915152616507802	0.999365034096035	0.00915152616507802
HSF4	0.587014198058435	0.0058284522645592	0.999365034096035	0.0058284522645592
EFR3A	0.587034055922631	0.00504199760406192	0.999365034096035	0.00504199760406192
SMDT1	0.587173466486233	-0.00811863852319657	0.999365034096035	-0.00811863852319657
ACOT11	0.58717828602225	0.00919894063804261	0.999365034096035	0.00919894063804261
CNOT9	0.587219619018525	-0.0051805907854973	0.999365034096035	-0.0051805907854973
POLR3H	0.587222378907283	-0.00714524527599642	0.999365034096035	-0.00714524527599642
ACADM	0.587334338416033	-0.00487179247463191	0.999365034096035	-0.00487179247463191
MFSD14C	0.587337603969736	0.00320554109894086	0.999365034096035	0.00320554109894086
CAMKK2	0.587417646434501	0.0076441467956024	0.999365034096035	0.0076441467956024
ZNF227	0.587517925967628	0.0059034813250574	0.999365034096035	0.0059034813250574
WDR35	0.587623451884408	0.00506758311272206	0.999365034096035	0.00506758311272206
PRTFDC1	0.587844688021021	0.00299438664236933	0.999365034096035	0.00299438664236933
MEF2A	0.58789214806813	-0.00253638247360061	0.999365034096035	-0.00253638247360061
GAMT	0.587928807795391	-0.00434425152808958	0.999365034096035	-0.00434425152808958
TRMT2A	0.587959005158421	0.00670396050071899	0.999365034096035	0.00670396050071899
PPP1R11	0.588164601909125	-0.0100927907608326	0.999365034096035	-0.0100927907608326
ARFGEF2	0.588172286560001	0.0033165554419807	0.999365034096035	0.0033165554419807
AC114763.1	0.588235455283075	-0.00586229143814137	0.999365034096035	-0.00586229143814137
AP1G1	0.588299188292694	0.0028950377181698	0.999365034096035	0.0028950377181698
SLC25A6	0.58846110827294	-0.00797876540949464	0.999365034096035	-0.00797876540949464
PLEKHA7	0.588596919862665	-0.00555894041381406	0.999365034096035	-0.00555894041381406
PACC1	0.588997952905931	-0.00418975510895842	0.999365034096035	-0.00418975510895842
MT-CO3	0.588998893435572	0.0038378508544184	0.999365034096035	0.0038378508544184
MAG	0.589211958638237	0.00334008146710959	0.999365034096035	0.00334008146710959
AIDA	0.589248395790751	0.00378397486024773	0.999365034096035	0.00378397486024773
SCYL2	0.589253116197922	-0.00397673529839156	0.999365034096035	-0.00397673529839156
TMEM181	0.589285758353311	-0.00273911641176572	0.999365034096035	-0.00273911641176572
SLC12A6	0.589314039878347	-0.00301318614025284	0.999365034096035	-0.00301318614025284
ATP8B2	0.589334014997055	-0.0063207407947999	0.999365034096035	-0.0063207407947999
CBX6	0.589381463906155	-0.00432725353853465	0.999365034096035	-0.00432725353853465
FRMD3	0.589580592168507	-0.00548871185116356	0.999365034096035	-0.00548871185116356
ATG2B	0.58963642022696	-0.00343937037603775	0.999365034096035	-0.00343937037603775
POLR2G	0.589653096917615	-0.00861905540483037	0.999365034096035	-0.00861905540483037
EEF1A1	0.589706921669941	0.00536173809497457	0.999365034096035	0.00536173809497457
GRM7	0.589804766368741	0.0109691868210373	0.999365034096035	0.0109691868210373
WDR81	0.58981575217435	0.005938918170015	0.999365034096035	0.005938918170015
CLPTM1	0.589835676869064	-0.00426613783957574	0.999365034096035	-0.00426613783957574
ATF1	0.589878143383815	-0.00381370542228422	0.999365034096035	-0.00381370542228422
AP000547.3	0.590084054666424	0.00820669977115659	0.999365034096035	0.00820669977115659
GTF2H5	0.590097363044644	0.00541628140373958	0.999365034096035	0.00541628140373958
UBAC2	0.590175356751806	0.00366573668208541	0.999365034096035	0.00366573668208541
LINC01535	0.590323350366833	0.00746617880143413	0.999365034096035	0.00746617880143413
GFM2	0.590496783906147	-0.00484004762094002	0.999365034096035	-0.00484004762094002
TTTY10	0.590564990973841	-0.00781774874237725	0.999365034096035	-0.00781774874237725
RPL32	0.590669364706382	-0.00735912908338939	0.999365034096035	-0.00735912908338939
ZADH2	0.590707213410429	-0.00701955185810529	0.999365034096035	-0.00701955185810529
VCP	0.590733585951911	-0.00438349447138672	0.999365034096035	-0.00438349447138672
CECR2	0.590867020142536	0.00290504180566655	0.999365034096035	0.00290504180566655
AP4B1	0.590948147825856	0.00803238376368267	0.999365034096035	0.00803238376368267
MIR181A1HG	0.59099105388332	0.00242545195783357	0.999365034096035	0.00242545195783357
PRPF4	0.591076246310966	0.00954446007326676	0.999365034096035	0.00954446007326676
NAIP	0.591126743382331	0.00431981497709756	0.999365034096035	0.00431981497709756
ZSCAN18	0.591128355320802	-0.00375387753995648	0.999365034096035	-0.00375387753995648
AC016831.5	0.591184942231129	0.00599271713272992	0.999365034096035	0.00599271713272992
DCAF10	0.591451890793365	-0.00302395469116997	0.999365034096035	-0.00302395469116997
NFIX	0.591759130198213	0.00217243246633533	0.999365034096035	0.00217243246633533
SEC61B	0.591867509541262	-0.00635985852738815	0.999365034096035	-0.00635985852738815
PGM3	0.592140928045093	0.00547322243457808	0.999365034096035	0.00547322243457808
EFS	0.5922035690094	0.00492130245559553	0.999365034096035	0.00492130245559553
PPT2	0.592294864001928	-0.00798516889277141	0.999365034096035	-0.00798516889277141
NEDD4L	0.592519322065418	-0.00816785074492549	0.999365034096035	-0.00816785074492549
ZCCHC8	0.592551183312547	0.00428812082584691	0.999365034096035	0.00428812082584691
AMFR	0.592663548562772	-0.00460325406668129	0.999365034096035	-0.00460325406668129
ZNF670	0.592746378814059	0.00702109589172179	0.999365034096035	0.00702109589172179
TRMT10C	0.593029015382447	-0.0106765941926522	0.999365034096035	-0.0106765941926522
MTERF3	0.593030256207667	-0.00706103587180265	0.999365034096035	-0.00706103587180265
SRPK1	0.593043268015659	-0.00505911079367078	0.999365034096035	-0.00505911079367078
SRGAP2	0.593059145370369	0.0033348753593905	0.999365034096035	0.0033348753593905
CLCN4	0.593073197384558	0.00359549926953849	0.999365034096035	0.00359549926953849
AP3B1	0.593332917404374	0.00219989466086958	0.999365034096035	0.00219989466086958
AC073529.1	0.59359886154575	0.00499657149462581	0.999365034096035	0.00499657149462581
RCC2	0.593739285352192	-0.00504767041139579	0.999365034096035	-0.00504767041139579
DGKE	0.593758183430267	-0.00690512647722624	0.999365034096035	-0.00690512647722624
KRAS	0.593872898290103	0.00680024865272215	0.999365034096035	0.00680024865272215
SDHD	0.593917686872238	0.00653137418360644	0.999365034096035	0.00653137418360644
PCDH10	0.594023774997022	-0.00433739471731865	0.999365034096035	-0.00433739471731865
LINC00294	0.594175233760297	0.00748381820427942	0.999365034096035	0.00748381820427942
NRXN3	0.594225288634232	0.00221123833668431	0.999365034096035	0.00221123833668431
PANK2	0.594299432874839	-0.00512673332899994	0.999365034096035	-0.00512673332899994
PSMD12	0.594343274271318	0.0053357968487029	0.999365034096035	0.0053357968487029
GOLGA5	0.594413633261652	-0.00463766518721993	0.999365034096035	-0.00463766518721993
YWHAG	0.594479712527898	-0.0056897934248108	0.999365034096035	-0.0056897934248108
TFB1M	0.594662098876284	-0.00481545622496779	0.999365034096035	-0.00481545622496779
NOLC1	0.59478541625203	-0.00757989945952134	0.999365034096035	-0.00757989945952134
CALN1	0.594827189818354	-0.00513132364264576	0.999365034096035	-0.00513132364264576
AC113370.1	0.595072937956336	-0.00633933558900774	0.999365034096035	-0.00633933558900774
POLD3	0.595118604749241	-0.00418741599684834	0.999365034096035	-0.00418741599684834
TTC38	0.595333105319832	-0.00639270136999065	0.999365034096035	-0.00639270136999065
TMCC3	0.595545286378989	-0.0027936363581235	0.999365034096035	-0.0027936363581235
FAT4	0.595583538677938	-0.00363891824278992	0.999365034096035	-0.00363891824278992
SFRP1	0.595705126673758	-0.00522808753429981	0.999365034096035	-0.00522808753429981
CLINT1	0.595747725431022	-0.00442345524671044	0.999365034096035	-0.00442345524671044
AL132780.1	0.595911907998003	-0.00887843258808284	0.999365034096035	-0.00887843258808284
MPP5	0.596000120285404	-0.00259020174358252	0.999365034096035	-0.00259020174358252
PSIP1	0.596002933336515	-0.00323565068397552	0.999365034096035	-0.00323565068397552
FBXO45	0.596136653766253	0.00865969565567347	0.999365034096035	0.00865969565567347
TSC22D2	0.596139004623657	-0.00334699602848512	0.999365034096035	-0.00334699602848512
QDPR	0.596199853555248	-0.00274589115789086	0.999365034096035	-0.00274589115789086
VTI1A	0.596376720484667	0.00248708876520799	0.999365034096035	0.00248708876520799
TMC6	0.596387204809457	0.00308910489567301	0.999365034096035	0.00308910489567301
PCDH11X	0.596673755216764	0.0117884329755497	0.999365034096035	0.0117884329755497
ZFAT	0.596691059972986	0.0054034392040709	0.999365034096035	0.0054034392040709
LSM12	0.596739669313509	-0.00477848285878236	0.999365034096035	-0.00477848285878236
RHOA	0.596745868977555	0.00428020154845548	0.999365034096035	0.00428020154845548
MRPL13	0.596846750147379	0.00803231567605101	0.999365034096035	0.00803231567605101
KALRN	0.596855306564105	-0.0103307679286703	0.999365034096035	-0.0103307679286703
PDZD4	0.596865414154465	-0.0182963976440171	0.999365034096035	-0.0182963976440171
ERAP1	0.597041433210107	-0.00680862453233077	0.999365034096035	-0.00680862453233077
HYOU1	0.597083807446945	0.00828596389098371	0.999365034096035	0.00828596389098371
JMY	0.597434091712745	0.0036210518152003	0.999365034096035	0.0036210518152003
ZNF16	0.597572980443249	-0.00816376464506554	0.999365034096035	-0.00816376464506554
AZIN1-AS1	0.597622106829843	0.00460961010161012	0.999365034096035	0.00460961010161012
CENPX	0.597745125406683	0.0100377349531846	0.999365034096035	0.0100377349531846
LERFS	0.597834521263335	0.0125522941751806	0.999365034096035	0.0125522941751806
RANBP3	0.597902699496108	-0.00410233809529215	0.999365034096035	-0.00410233809529215
ADCK1	0.597930503491565	-0.00446529543733063	0.999365034096035	-0.00446529543733063
DPYSL4	0.598078913816334	-0.00655738654484011	0.999365034096035	-0.00655738654484011
LINC00271	0.598079040812035	0.00607445410247755	0.999365034096035	0.00607445410247755
SIPA1	0.598152372194194	0.00783836036775578	0.999365034096035	0.00783836036775578
NELFA	0.598195866589418	0.00351516813721398	0.999365034096035	0.00351516813721398
ZNF12	0.598248997698566	0.00518935356288788	0.999365034096035	0.00518935356288788
FBXL14	0.598257834884429	-0.00533525650141015	0.999365034096035	-0.00533525650141015
TXNL4B	0.598435388652673	-0.00478839459347482	0.999365034096035	-0.00478839459347482
ZNF512	0.598497315085391	0.00456835031502878	0.999365034096035	0.00456835031502878
CCDC125	0.598517554831918	-0.00533873391763823	0.999365034096035	-0.00533873391763823
RASGEF1C	0.598884136509742	0.00763073851424319	0.999365034096035	0.00763073851424319
DLGAP4	0.598901499950404	-0.0079615163387395	0.999365034096035	-0.0079615163387395
CCDC134	0.599127707697815	0.00818566022475522	0.999365034096035	0.00818566022475522
NPRL3	0.599210475532476	-0.00304137780437958	0.999365034096035	-0.00304137780437958
SKAP2	0.599225352387137	-0.00912859721096828	0.999365034096035	-0.00912859721096828
PSPC1	0.599265255265503	-0.00280449079553716	0.999365034096035	-0.00280449079553716
MAGEH1	0.5992874546957	0.00890721311015831	0.999365034096035	0.00890721311015831
VAPB	0.599308080451407	-0.00375087593546364	0.999365034096035	-0.00375087593546364
CSNK2B	0.599310987043413	-0.00653877550568466	0.999365034096035	-0.00653877550568466
ARPC5	0.599326105556731	-0.00401145490733443	0.999365034096035	-0.00401145490733443
RABGAP1	0.599437221378877	-0.00236344041111491	0.999365034096035	-0.00236344041111491
ZNF527	0.599528341200138	-0.0083326159038123	0.999365034096035	-0.0083326159038123
PIGC	0.599566290398489	-0.00613247399330209	0.999365034096035	-0.00613247399330209
KANK1	0.599636672704011	-0.00229124212803148	0.999365034096035	-0.00229124212803148
MAN2B2	0.599651058443978	-0.00500198209972946	0.999365034096035	-0.00500198209972946
CDH10	0.599767231511706	-0.0114841619381993	0.999365034096035	-0.0114841619381993
CACNG3	0.599868126338935	-0.0108000620684506	0.999365034096035	-0.0108000620684506
SLC25A24	0.59998812610653	-0.00748721795178817	0.999365034096035	-0.00748721795178817
ZNF107	0.600122144190247	0.00567793007802921	0.999365034096035	0.00567793007802921
KDM6B	0.600243168533747	-0.00980731741926196	0.999365034096035	-0.00980731741926196
MEF2B	0.600353726629685	0.00511709338178048	0.999365034096035	0.00511709338178048
KPNA2	0.600449616351251	0.0100967578275889	0.999365034096035	0.0100967578275889
POLDIP3	0.600516327229346	-0.00410249168145809	0.999365034096035	-0.00410249168145809
SP1	0.600560145186689	0.00449835963994553	0.999365034096035	0.00449835963994553
IWS1	0.60068406718925	-0.00331364227351876	0.999365034096035	-0.00331364227351876
RNF167	0.600733320605458	0.00598602043467492	0.999365034096035	0.00598602043467492
AL589843.1	0.600885077466712	-0.00609761199843777	0.999365034096035	-0.00609761199843777
TTC8	0.600894024776443	0.0100396350837097	0.999365034096035	0.0100396350837097
ZGPAT	0.600969370066962	-0.00619485145970737	0.999365034096035	-0.00619485145970737
NDUFB4	0.601042138151794	-0.00887633820732459	0.999365034096035	-0.00887633820732459
LINC01949	0.601045737455152	0.00905192394653342	0.999365034096035	0.00905192394653342
AC096564.1	0.601162583063973	-0.00275422717052695	0.999365034096035	-0.00275422717052695
GPAM	0.601222541624283	-0.00794717878730132	0.999365034096035	-0.00794717878730132
PMEPA1	0.601304303340875	-0.00655325383123708	0.999365034096035	-0.00655325383123708
APLP2	0.601325477834194	0.0073219215398156	0.999365034096035	0.0073219215398156
COQ8B	0.601363868254213	-0.00688194787441727	0.999365034096035	-0.00688194787441727
RCBTB1	0.601459097415311	0.00378314674608	0.999365034096035	0.00378314674608
MRPL33	0.601502988606904	0.00463260126927015	0.999365034096035	0.00463260126927015
BRCA1	0.601885690079836	-0.00459646127593355	0.999365034096035	-0.00459646127593355
ARID3B	0.601960509909474	-0.00661293883928471	0.999365034096035	-0.00661293883928471
MAP2K5	0.601995099393751	-0.00223235636318471	0.999365034096035	-0.00223235636318471
P4HB	0.602045857815835	0.00370350592018489	0.999365034096035	0.00370350592018489
ZNF112	0.602262582512235	0.00664686082445665	0.999365034096035	0.00664686082445665
MT-ND6	0.602273718626812	0.00914927567236816	0.999365034096035	0.00914927567236816
OMG	0.602277075489192	-0.00446138083546875	0.999365034096035	-0.00446138083546875
ALCAM	0.602323603990454	0.00160179106038903	0.999365034096035	0.00160179106038903
WDR47	0.602395754821089	0.00558204541401683	0.999365034096035	0.00558204541401683
ADAM32	0.602441002607603	-0.00772831217212633	0.999365034096035	-0.00772831217212633
SSPN	0.602482075181212	-0.00550405918083153	0.999365034096035	-0.00550405918083153
PTBP3	0.60250106687229	-0.0051778530905169	0.999365034096035	-0.0051778530905169
IGF1R	0.602533722619945	-0.0025668051556745	0.999365034096035	-0.0025668051556745
PHLPP2	0.60265959804749	-0.00483595074190285	0.999365034096035	-0.00483595074190285
MRPL11	0.602663446170663	0.00871938937342674	0.999365034096035	0.00871938937342674
HAX1	0.60271180764124	0.00861070222361444	0.999365034096035	0.00861070222361444
DENND4A	0.602767479185767	0.00208020544099734	0.999365034096035	0.00208020544099734
DPH6-DT	0.602772059684623	0.00346709115532587	0.999365034096035	0.00346709115532587
ZCCHC2	0.602983535401255	-0.00372297965293718	0.999365034096035	-0.00372297965293718
DGKB	0.602992888201658	-0.0121711810510169	0.999365034096035	-0.0121711810510169
SHLD2	0.603064623514135	0.00366324240362163	0.999365034096035	0.00366324240362163
HSPA4	0.603083611846583	0.00456295634958355	0.999365034096035	0.00456295634958355
AL139289.2	0.603173115791501	-0.00644171209731177	0.999365034096035	-0.00644171209731177
CADM4	0.603401850806663	0.0035946935555847	0.999365034096035	0.0035946935555847
ILF3-DT	0.603430798826488	0.0042377424848986	0.999365034096035	0.0042377424848986
TIPARP	0.603446556227039	0.0051098273610758	0.999365034096035	0.0051098273610758
RPL3	0.603461103092589	-0.00689462707490086	0.999365034096035	-0.00689462707490086
ZNF76	0.603500157140494	0.00406710127943564	0.999365034096035	0.00406710127943564
ARAP1	0.603756387020173	-0.00352934789519162	0.999365034096035	-0.00352934789519162
HEXD	0.603820187982293	-0.00387891791517835	0.999365034096035	-0.00387891791517835
CERS6	0.603847271306847	0.0126644009986468	0.999365034096035	0.0126644009986468
SEC23IP	0.603890324895308	-0.00375685685489591	0.999365034096035	-0.00375685685489591
C1orf61	0.603909082527659	-0.00664361653292545	0.999365034096035	-0.00664361653292545
UROS	0.603909490425261	-0.0041031784533835	0.999365034096035	-0.0041031784533835
NBEA	0.603966678117071	0.00447016232266506	0.999365034096035	0.00447016232266506
TCF3	0.604154715951555	-0.00642748220761025	0.999365034096035	-0.00642748220761025
ABCB6	0.604214001346228	-0.00757818890653562	0.999365034096035	-0.00757818890653562
SHOC2	0.604274437567422	0.00357041806945091	0.999365034096035	0.00357041806945091
ATAD2B	0.604432687193592	0.00282995726144106	0.999365034096035	0.00282995726144106
TUBB4B	0.604559622012383	0.0119436432530737	0.999365034096035	0.0119436432530737
BRICD5	0.604633187366831	-0.00731298598859668	0.999365034096035	-0.00731298598859668
RAB5B	0.604687223569896	0.00389091781713774	0.999365034096035	0.00389091781713774
PCM1	0.604706777523125	0.00212974728425581	0.999365034096035	0.00212974728425581
CDKN2AIP	0.604711868652446	-0.00952556753683305	0.999365034096035	-0.00952556753683305
GAK	0.604842361470332	-0.00367024359130938	0.999365034096035	-0.00367024359130938
AC132153.1	0.604887395061876	0.00571430967319452	0.999365034096035	0.00571430967319452
PSMB1	0.60495314662339	0.00478745755177682	0.999365034096035	0.00478745755177682
TTL	0.605235762090985	0.00298024231503027	0.999365034096035	0.00298024231503027
PRPF3	0.605296735924147	0.00445569936198652	0.999365034096035	0.00445569936198652
C14orf119	0.605411818564709	0.00927175341718711	0.999365034096035	0.00927175341718711
CCDC50	0.605560572991169	0.00604410294805611	0.999365034096035	0.00604410294805611
KCTD16	0.605613843279022	0.010440022096199	0.999365034096035	0.010440022096199
SPTSSA	0.605679633016512	-0.00657412022729919	0.999365034096035	-0.00657412022729919
C1D	0.605705309674369	-0.0049836045123167	0.999365034096035	-0.0049836045123167
NASP	0.60572173569723	0.00272624157283865	0.999365034096035	0.00272624157283865
EXOC6B	0.605733323890434	-0.00157322707678492	0.999365034096035	-0.00157322707678492
TBCEL	0.605808456999342	0.00462391742570954	0.999365034096035	0.00462391742570954
LGR5	0.605832279038407	-0.00375282541162704	0.999365034096035	-0.00375282541162704
AP001372.2	0.605879771438357	0.00767644807008277	0.999365034096035	0.00767644807008277
SNX12	0.605946148952887	0.00739684466279903	0.999365034096035	0.00739684466279903
GALNT15	0.60628359447172	-0.00490233534125062	0.999365034096035	-0.00490233534125062
RMDN1	0.606536600942407	0.00378953339817225	0.999365034096035	0.00378953339817225
NR1H3	0.606538974767694	0.00485737746537297	0.999365034096035	0.00485737746537297
HERPUD2	0.606604430491749	0.00388742245475234	0.999365034096035	0.00388742245475234
CDK14	0.606616589011869	-0.00909172026289906	0.999365034096035	-0.00909172026289906
CALCOCO1	0.606639353870961	0.00415607513021854	0.999365034096035	0.00415607513021854
RPS9	0.60681463014335	-0.00524118034372079	0.999365034096035	-0.00524118034372079
TRNT1	0.607034737051036	0.00673550298984542	0.999365034096035	0.00673550298984542
GLIDR	0.607061636230171	0.00768010693514909	0.999365034096035	0.00768010693514909
LACTB	0.607067526710523	0.00610533650458773	0.999365034096035	0.00610533650458773
SOGA1	0.607332109497251	0.00280939445575127	0.999365034096035	0.00280939445575127
RECQL5	0.607438269146748	0.00453166492566376	0.999365034096035	0.00453166492566376
ZNF667-AS1	0.607487997207963	0.00682347457896434	0.999365034096035	0.00682347457896434
RBM4	0.607548188369557	0.00387753586363199	0.999365034096035	0.00387753586363199
PRKDC	0.607590816256194	-0.00258030910604875	0.999365034096035	-0.00258030910604875
MCRIP1	0.607667354848285	0.00498460206225222	0.999365034096035	0.00498460206225222
CTNNBIP1	0.607818624414866	0.0041085196003462	0.999365034096035	0.0041085196003462
AL353688.1	0.607889143104104	-0.0062527051686527	0.999365034096035	-0.0062527051686527
RPL31	0.607890050826496	0.00720765772031672	0.999365034096035	0.00720765772031672
ADGRL3	0.607903936920863	0.00338851620530625	0.999365034096035	0.00338851620530625
WDR48	0.607938998513408	0.00394579550879801	0.999365034096035	0.00394579550879801
PHPT1	0.607960650319695	0.00771495494275218	0.999365034096035	0.00771495494275218
CALY	0.607987044121589	-0.0113552202762701	0.999365034096035	-0.0113552202762701
SYF2	0.608007505478756	0.00589974529962958	0.999365034096035	0.00589974529962958
NSRP1	0.60801502865428	0.00293111597554774	0.999365034096035	0.00293111597554774
HULC	0.608068791700082	0.00275398598883177	0.999365034096035	0.00275398598883177
FCF1	0.608110883805611	0.00455745203238922	0.999365034096035	0.00455745203238922
SLF2	0.608419743524653	-0.00280925324340954	0.999365034096035	-0.00280925324340954
TTBK1	0.608482953489083	0.00401655284965323	0.999365034096035	0.00401655284965323
METTL17	0.608631116480832	0.00503510997040079	0.999365034096035	0.00503510997040079
FN3KRP	0.60865750767926	0.00500877464207072	0.999365034096035	0.00500877464207072
CBLL1	0.608831386545066	0.00671872123667322	0.999365034096035	0.00671872123667322
RAI1	0.608951658065576	-0.00392824100767798	0.999365034096035	-0.00392824100767798
TRIM47	0.609014059566107	-0.00921674459454849	0.999365034096035	-0.00921674459454849
NSMCE3	0.609103920809927	0.00885978906275021	0.999365034096035	0.00885978906275021
NDUFS6	0.609135740330188	-0.00734463225316722	0.999365034096035	-0.00734463225316722
TBC1D31	0.609148741522709	-0.00581427051166857	0.999365034096035	-0.00581427051166857
AC135507.1	0.60916553541851	-0.00701790693231823	0.999365034096035	-0.00701790693231823
MZT2B	0.609175008820934	-0.0062471628314907	0.999365034096035	-0.0062471628314907
MANSC1	0.609217901564057	0.0069069365915341	0.999365034096035	0.0069069365915341
FASTK	0.609242979872459	0.00454737167208189	0.999365034096035	0.00454737167208189
FAM193A	0.609288610061582	0.00288461148106449	0.999365034096035	0.00288461148106449
GCDH	0.609436348803792	-0.0036093258017256	0.999365034096035	-0.0036093258017256
CCT7	0.609685227683657	-0.0080821372537278	0.999365034096035	-0.0080821372537278
MAN1A2	0.610244271261785	0.00315742149433481	0.999365034096035	0.00315742149433481
LINC00870	0.610288867478895	0.00897222894655926	0.999365034096035	0.00897222894655926
ZNRF1	0.610360889554235	-0.0041386217220479	0.999365034096035	-0.0041386217220479
AL021707.1	0.610386662264483	-0.0104411932797954	0.999365034096035	-0.0104411932797954
MAP2K4	0.610438103233964	-0.00281505673006822	0.999365034096035	-0.00281505673006822
LINC01301	0.61048892670033	0.00740404935815977	0.999365034096035	0.00740404935815977
TYRO3	0.610546298934831	0.00231040601972472	0.999365034096035	0.00231040601972472
SGSM2	0.610561420582628	-0.00690836453254773	0.999365034096035	-0.00690836453254773
SLC25A44	0.610611302400943	0.00609596851384681	0.999365034096035	0.00609596851384681
TMEM11	0.610712831556589	0.00826235898312015	0.999365034096035	0.00826235898312015
MFSD4B	0.610716453481589	-0.00458912769300139	0.999365034096035	-0.00458912769300139
CD55	0.610856922240831	0.00356387885049348	0.999365034096035	0.00356387885049348
ZNF789	0.610866654968357	-0.00484275083520575	0.999365034096035	-0.00484275083520575
NXF1	0.610984192902732	0.00688883852920024	0.999365034096035	0.00688883852920024
EPHB6	0.611007996190615	0.0160288208261242	0.999365034096035	0.0160288208261242
BBS5	0.611409776705166	0.00660335884510933	0.999365034096035	0.00660335884510933
TWISTNB	0.611746251563144	-0.00745838953842136	0.999365034096035	-0.00745838953842136
KIF3C	0.611769662504219	-0.00595518348361884	0.999365034096035	-0.00595518348361884
SYNJ2	0.611867828489958	-0.00186102929857769	0.999365034096035	-0.00186102929857769
MYLK-AS1	0.611893453292585	-0.00549193771736998	0.999365034096035	-0.00549193771736998
SUGCT	0.611918425052633	0.00493894201756551	0.999365034096035	0.00493894201756551
TIAF1	0.611955888796096	-0.00964246972194491	0.999365034096035	-0.00964246972194491
YIPF2	0.612027461985049	0.00683441236914151	0.999365034096035	0.00683441236914151
SIN3B	0.612074257151843	0.00401965193112138	0.999365034096035	0.00401965193112138
CC2D1B	0.61207592234153	-0.00592329098167506	0.999365034096035	-0.00592329098167506
NKTR	0.612255993571983	0.00249903563683179	0.999365034096035	0.00249903563683179
NTM	0.612387864287772	0.00239172819163695	0.999365034096035	0.00239172819163695
ARSK	0.612445020521719	0.00704984308611309	0.999365034096035	0.00704984308611309
NRDC	0.612467969784388	-0.00224343218360268	0.999365034096035	-0.00224343218360268
CMTM5	0.612730459677996	0.0056892532949554	0.999365034096035	0.0056892532949554
XPO1	0.612804001310039	-0.00293711296003232	0.999365034096035	-0.00293711296003232
SV2B	0.612833991553803	-0.00711327009054384	0.999365034096035	-0.00711327009054384
CLASP1	0.612949895928858	-0.00186755936941655	0.999365034096035	-0.00186755936941655
EPS15L1	0.612981515912351	0.00287844177882496	0.999365034096035	0.00287844177882496
TASP1	0.613195864003011	0.00509072198282326	0.999365034096035	0.00509072198282326
P4HTM	0.613353342996821	-0.00608619255159902	0.999365034096035	-0.00608619255159902
CYSTM1	0.613484805839028	0.00711300461754684	0.999365034096035	0.00711300461754684
SCLT1	0.613572040167681	-0.00310598309313058	0.999365034096035	-0.00310598309313058
SLITRK1	0.613658480234364	0.00578675419450355	0.999365034096035	0.00578675419450355
WDPCP	0.613717071043554	-0.00206757351872445	0.999365034096035	-0.00206757351872445
FOXN3	0.613745130024059	-0.00258010411594593	0.999365034096035	-0.00258010411594593
BAZ2A	0.613810837771313	-0.00292556609519112	0.999365034096035	-0.00292556609519112
ASB8	0.613851367224828	-0.00555777375040608	0.999365034096035	-0.00555777375040608
MN1	0.613953854038591	-0.00633306808929707	0.999365034096035	-0.00633306808929707
AL022311.1	0.614004017199014	-0.00772094923204459	0.999365034096035	-0.00772094923204459
RNF20	0.614167380277917	-0.00473373627430045	0.999365034096035	-0.00473373627430045
HMG20A	0.614240978336745	-0.0033548411076254	0.999365034096035	-0.0033548411076254
STRBP	0.614245174887742	0.00659854531060332	0.999365034096035	0.00659854531060332
WDR70	0.614250743983142	0.00217229489802143	0.999365034096035	0.00217229489802143
AC027601.6	0.614258158714511	-0.00776000788888081	0.999365034096035	-0.00776000788888081
TET2	0.614284496271446	0.0025422167612252	0.999365034096035	0.0025422167612252
SCP2	0.614302393613806	-0.00414635289733526	0.999365034096035	-0.00414635289733526
ECSIT	0.614461084122907	-0.00470783916994973	0.999365034096035	-0.00470783916994973
SLC2A13	0.61453821875915	0.00989071126033982	0.999365034096035	0.00989071126033982
SIL1	0.614843692549438	0.00256533861287367	0.999365034096035	0.00256533861287367
SAP30L	0.614863904201017	-0.00639834426247794	0.999365034096035	-0.00639834426247794
HIVEP3	0.615121309218797	0.00368988002137285	0.999365034096035	0.00368988002137285
SMPD4	0.615203671887409	0.00307847018515244	0.999365034096035	0.00307847018515244
CALU	0.615246100348249	0.00444746794158162	0.999365034096035	0.00444746794158162
RBMX	0.615314318453097	0.0027616783225978	0.999365034096035	0.0027616783225978
CCDC25	0.61535723095181	0.00503259702768641	0.999365034096035	0.00503259702768641
PHF7	0.615475414717638	0.00460472751098114	0.999365034096035	0.00460472751098114
AC021752.1	0.615590452833392	0.00437733427510462	0.999365034096035	0.00437733427510462
ZNF2	0.615702800389721	-0.00771709027711385	0.999365034096035	-0.00771709027711385
RNF34	0.615975474875077	0.00357427775952505	0.999365034096035	0.00357427775952505
PRORP	0.616130022318101	0.00366100149642101	0.999365034096035	0.00366100149642101
PACRG	0.61623374477828	0.00864085236986824	0.999365034096035	0.00864085236986824
CXorf56	0.616266905376491	-0.00888339470661296	0.999365034096035	-0.00888339470661296
TMEM242	0.616342201464679	-0.00556427797443308	0.999365034096035	-0.00556427797443308
PRDM4	0.616457788832785	-0.00484403259650521	0.999365034096035	-0.00484403259650521
PUS10	0.616467804916559	0.00555081690603561	0.999365034096035	0.00555081690603561
MIPOL1	0.616522878930985	0.00653681458914788	0.999365034096035	0.00653681458914788
ATP6V0C	0.61666147622831	0.00655231273680057	0.999365034096035	0.00655231273680057
DMTF1	0.616728419686106	0.002514833778103	0.999365034096035	0.002514833778103
PEX11G	0.616764089506994	-0.00578815905563916	0.999365034096035	-0.00578815905563916
NKIRAS2	0.616888971823296	0.00775120947205786	0.999365034096035	0.00775120947205786
EMSY	0.617068881585954	-0.00254938765338309	0.999365034096035	-0.00254938765338309
PBX1	0.617246677263403	-0.00215832975543163	0.999365034096035	-0.00215832975543163
IL3RA	0.617277456656161	0.00764355434159031	0.999365034096035	0.00764355434159031
ZSCAN32	0.6173110479947	0.00843409168802037	0.999365034096035	0.00843409168802037
MNS1	0.617531485572675	-0.00910299724303228	0.999365034096035	-0.00910299724303228
DUSP16	0.617541826364676	-0.00273668996749101	0.999365034096035	-0.00273668996749101
AGBL3	0.617552278969951	-0.00479213481725848	0.999365034096035	-0.00479213481725848
C19orf38	0.617919911300823	0.00819616950027502	0.999365034096035	0.00819616950027502
ALAD	0.617964017207679	0.00457637288592314	0.999365034096035	0.00457637288592314
Z83843.1	0.617986659402443	-0.00604771118979124	0.999365034096035	-0.00604771118979124
TAZ	0.618049908483127	0.00328007052218973	0.999365034096035	0.00328007052218973
CLVS1	0.618075017486289	0.00637661173415892	0.999365034096035	0.00637661173415892
ATAD5	0.618095580581737	0.00565495861824711	0.999365034096035	0.00565495861824711
CEP295	0.618191104491857	-0.00387411796782532	0.999365034096035	-0.00387411796782532
NSA2	0.618299647396418	0.00539051344346598	0.999365034096035	0.00539051344346598
SEL1L	0.618403654311201	-0.00278963867754772	0.999365034096035	-0.00278963867754772
TMBIM4	0.618495232423761	-0.00402787852425912	0.999365034096035	-0.00402787852425912
CCDC126	0.618816291225077	-0.0044179776618286	0.999365034096035	-0.0044179776618286
CCNL1	0.61888350448938	-0.00264641510062234	0.999365034096035	-0.00264641510062234
PPP1CA	0.618911543125641	0.00521863142938569	0.999365034096035	0.00521863142938569
ZC2HC1A	0.619010962880922	0.00585065008784566	0.999365034096035	0.00585065008784566
ZNF180	0.619017424988613	-0.0073094180465518	0.999365034096035	-0.0073094180465518
TFDP1	0.619085880257916	0.00829230487488614	0.999365034096035	0.00829230487488614
DDIT4	0.619581556644663	0.00606379328366642	0.999365034096035	0.00606379328366642
ZNF638	0.619658005135681	0.00161269816630398	0.999365034096035	0.00161269816630398
GPC5	0.619699199049356	0.00731440620218663	0.999365034096035	0.00731440620218663
SERP1	0.619884906666446	0.00359921722514901	0.999365034096035	0.00359921722514901
ZNF875	0.62002945458001	-0.00381427454597125	0.999365034096035	-0.00381427454597125
MRNIP	0.620065524904309	0.00421965898734077	0.999365034096035	0.00421965898734077
PEX5L	0.620075077558156	-0.00170989101615737	0.999365034096035	-0.00170989101615737
SQLE	0.620108328100428	0.00432465930217765	0.999365034096035	0.00432465930217765
EML5	0.620118685590188	0.0052966817699707	0.999365034096035	0.0052966817699707
MIEN1	0.620220082070422	0.00924263864566356	0.999365034096035	0.00924263864566356
FIGN	0.620335370950477	0.00275200786757241	0.999365034096035	0.00275200786757241
PIGL	0.620375125958282	-0.00356997147839054	0.999365034096035	-0.00356997147839054
LMBR1L	0.620406252597205	-0.00480971624238602	0.999365034096035	-0.00480971624238602
PAXIP1-AS1	0.620455548344709	0.0059582139070167	0.999365034096035	0.0059582139070167
PNRC2	0.620521279411529	-0.0066172657313307	0.999365034096035	-0.0066172657313307
AL080276.2	0.620524385575529	0.00836288007410255	0.999365034096035	0.00836288007410255
RCAN1	0.620684331648823	0.0029754138908649	0.999365034096035	0.0029754138908649
AC066613.1	0.620833322805954	-0.00825735514907887	0.999365034096035	-0.00825735514907887
POLR3C	0.620849268749735	-0.00492975810400639	0.999365034096035	-0.00492975810400639
SRPRA	0.620945949555458	0.00750405407563658	0.999365034096035	0.00750405407563658
RAP2C-AS1	0.621145320778147	0.00523954763292194	0.999365034096035	0.00523954763292194
AC021054.1	0.621186441133335	0.00942987887382701	0.999365034096035	0.00942987887382701
ZNF630	0.621309111022066	0.0061053045672774	0.999365034096035	0.0061053045672774
ANXA7	0.621365365198048	0.00327033765460311	0.999365034096035	0.00327033765460311
FOXK1	0.621477266974346	0.0023004926221363	0.999365034096035	0.0023004926221363
TCEAL3	0.621622568972614	0.00793310441219929	0.999365034096035	0.00793310441219929
HECTD3	0.621660512692172	-0.00796159257036407	0.999365034096035	-0.00796159257036407
DNM3	0.621741903829965	-0.00128457260693465	0.999365034096035	-0.00128457260693465
YPEL3	0.621867633730219	-0.00348846435041011	0.999365034096035	-0.00348846435041011
NME2	0.622057220492567	-0.0103656442845283	0.999365034096035	-0.0103656442845283
CYP27A1	0.622072689048716	0.00249255460882746	0.999365034096035	0.00249255460882746
ALK	0.622101763547022	-0.00676021498401337	0.999365034096035	-0.00676021498401337
UPF3B	0.622119130193605	-0.00276865309040113	0.999365034096035	-0.00276865309040113
BTG2	0.622141128647022	-0.0065252737635389	0.999365034096035	-0.0065252737635389
TMED7	0.622245316695009	0.00449311599590131	0.999365034096035	0.00449311599590131
AGTRAP	0.622313324368569	0.00817102357371793	0.999365034096035	0.00817102357371793
NEK1	0.622346047878248	0.00256911870598447	0.999365034096035	0.00256911870598447
YLPM1	0.622368843698641	0.0024904318622827	0.999365034096035	0.0024904318622827
ELK1	0.622448363919289	-0.0128232742561506	0.999365034096035	-0.0128232742561506
FLVCR1	0.622720574091964	0.00382062870681243	0.999365034096035	0.00382062870681243
NDUFS1	0.622751278240155	-0.00256022377358976	0.999365034096035	-0.00256022377358976
DBNDD2	0.622924228610304	0.00409223593314311	0.999365034096035	0.00409223593314311
EVI5	0.622943058524321	0.00211695004622944	0.999365034096035	0.00211695004622944
MMP17	0.622968435359416	-0.00991244793516886	0.999365034096035	-0.00991244793516886
SPATS2	0.623004605786263	0.0067075817276021	0.999365034096035	0.0067075817276021
CSTF3	0.623024229218609	0.00347295727847049	0.999365034096035	0.00347295727847049
CDH20	0.623151954752498	-0.00180281180603321	0.999365034096035	-0.00180281180603321
PRDX6	0.623192352893889	0.00692082767598056	0.999365034096035	0.00692082767598056
TOB1-AS1	0.62326157483937	-0.00563504395558802	0.999365034096035	-0.00563504395558802
SF3B5	0.623588796166187	0.00835107529467907	0.999365034096035	0.00835107529467907
VRK3	0.623595722250559	-0.00388066081237882	0.999365034096035	-0.00388066081237882
GSTCD	0.623661527064934	0.00418450736198444	0.999365034096035	0.00418450736198444
EHMT1	0.623819496085253	0.00235290585946035	0.999365034096035	0.00235290585946035
CMSS1	0.623913823409314	0.00251271196283459	0.999365034096035	0.00251271196283459
SYNGR2	0.624070640653598	0.00532363418473628	0.999365034096035	0.00532363418473628
MIR4300HG	0.624091791019317	0.00840938684845027	0.999365034096035	0.00840938684845027
CASTOR2	0.624334802996557	0.0035817645155088	0.999365034096035	0.0035817645155088
TCF4	0.624394245172073	-0.001440930054665	0.999365034096035	-0.001440930054665
MYO9A	0.624412569335416	-0.00209252106830107	0.999365034096035	-0.00209252106830107
RRBP1	0.624422514607325	0.00313956902340439	0.999365034096035	0.00313956902340439
STX18-AS1	0.624488842698776	-0.00344196042460346	0.999365034096035	-0.00344196042460346
VKORC1L1	0.624553424447449	0.00316017650127306	0.999365034096035	0.00316017650127306
NCAPG2	0.624683073707981	0.00586822782023798	0.999365034096035	0.00586822782023798
HMGN1	0.624959036018223	-0.00401498702875001	0.999365034096035	-0.00401498702875001
SOD2	0.624966138246069	-0.00351244696136086	0.999365034096035	-0.00351244696136086
TFAP4	0.624982914825479	0.00741545671485144	0.999365034096035	0.00741545671485144
VSNL1	0.625041917944419	0.0104555126271608	0.999365034096035	0.0104555126271608
AC055855.2	0.62508664089021	-0.00875851551308721	0.999365034096035	-0.00875851551308721
ABCC10	0.62508863672435	0.00556254562746715	0.999365034096035	0.00556254562746715
AKR7A2	0.625221565378616	0.00855484970288042	0.999365034096035	0.00855484970288042
NELFE	0.625253162624769	0.00485558031756158	0.999365034096035	0.00485558031756158
RBFOX1	0.625368606623939	0.00803216215290792	0.999365034096035	0.00803216215290792
GFER	0.625434718392897	-0.00892936762542437	0.999365034096035	-0.00892936762542437
HELQ	0.625443994147556	0.0058516683029413	0.999365034096035	0.0058516683029413
TOMM6	0.625447084480024	-0.007406982067219	0.999365034096035	-0.007406982067219
PFKFB2	0.625499937590397	-0.00632129508634306	0.999365034096035	-0.00632129508634306
HMGCL	0.625643072057021	0.00429816566271379	0.999365034096035	0.00429816566271379
SH3GL2	0.625982894472519	-0.0115114629229856	0.999365034096035	-0.0115114629229856
NFS1	0.626045911454363	0.00678500975960158	0.999365034096035	0.00678500975960158
CPLANE1	0.626059310497286	-0.00282406664782709	0.999365034096035	-0.00282406664782709
MAML2	0.626251430681611	0.00342346475594979	0.999365034096035	0.00342346475594979
SCAMP5	0.62646188591027	0.00526294935285568	0.999365034096035	0.00526294935285568
SBF1	0.626563923482083	-0.0038066621497973	0.999365034096035	-0.0038066621497973
PTPRT	0.626565670913163	0.00889935163264029	0.999365034096035	0.00889935163264029
UNC80	0.626617290702812	-0.0103552784840836	0.999365034096035	-0.0103552784840836
TRAF1	0.626985560652036	-0.00595850625363681	0.999365034096035	-0.00595850625363681
STAT5A	0.627019768628795	0.00674379663759783	0.999365034096035	0.00674379663759783
SCN1A	0.627325934590654	-0.0142211421187007	0.999365034096035	-0.0142211421187007
THADA	0.627341340531068	0.00212348459747009	0.999365034096035	0.00212348459747009
NT5C3A	0.627430723097708	-0.00398410203259374	0.999365034096035	-0.00398410203259374
ZFYVE9	0.627472274318171	0.00411615900674123	0.999365034096035	0.00411615900674123
AC136489.1	0.627478274587267	-0.00898475682712047	0.999365034096035	-0.00898475682712047
MAN1C1	0.627593074540883	-0.00631964377228043	0.999365034096035	-0.00631964377228043
ZNF138	0.62783454027164	-0.00375380156945902	0.999365034096035	-0.00375380156945902
DDX59	0.628022608540189	0.00584642054516431	0.999365034096035	0.00584642054516431
ICE1	0.628226699765041	-0.00293650387183576	0.999365034096035	-0.00293650387183576
C9orf78	0.628232532263359	0.00536236563371508	0.999365034096035	0.00536236563371508
POLR1C	0.62828804687288	-0.0053004475989933	0.999365034096035	-0.0053004475989933
KCNMB4	0.628325215318167	0.00255738051066309	0.999365034096035	0.00255738051066309
POLR1A	0.628411520837297	-0.00375558245796212	0.999365034096035	-0.00375558245796212
NUP210	0.628431702685186	0.00366125306708522	0.999365034096035	0.00366125306708522
SPECC1	0.628463005994193	-0.00289790726579577	0.999365034096035	-0.00289790726579577
TMEM18	0.62849620279015	0.00751449715412186	0.999365034096035	0.00751449715412186
FAN1	0.628518545986892	-0.00281885966055346	0.999365034096035	-0.00281885966055346
AP000462.1	0.628586983286623	-0.0105974870062608	0.999365034096035	-0.0105974870062608
SNRPF	0.62879274740632	-0.00522857586015315	0.999365034096035	-0.00522857586015315
AC025034.1	0.628825499986905	0.00669723526854661	0.999365034096035	0.00669723526854661
COX15	0.628914818414826	0.00496285130856562	0.999365034096035	0.00496285130856562
WBP1L	0.628924043717317	0.00346444206116374	0.999365034096035	0.00346444206116374
UTP18	0.628971034414443	0.00442142408704871	0.999365034096035	0.00442142408704871
PLBD2	0.629129762622027	-0.0039550400173335	0.999365034096035	-0.0039550400173335
UTP25	0.62926468647261	-0.00576392666648207	0.999365034096035	-0.00576392666648207
SEMA4B	0.629269463072528	0.00579884251379551	0.999365034096035	0.00579884251379551
FYN	0.6292909488147	-0.00182981636649983	0.999365034096035	-0.00182981636649983
SAR1B	0.629307246304439	0.00359926536652071	0.999365034096035	0.00359926536652071
STARD7	0.629334060636897	0.00328197897214509	0.999365034096035	0.00328197897214509
MTMR2	0.629416703567695	-0.00231233106651801	0.999365034096035	-0.00231233106651801
MRTFA	0.629472236155895	-0.00242900840955087	0.999365034096035	-0.00242900840955087
DICER1-AS1	0.629587563935148	0.00410903120839924	0.999365034096035	0.00410903120839924
AC010359.3	0.629806241310306	-0.00438097956475454	0.999365034096035	-0.00438097956475454
CDC42EP4	0.62982755151457	-0.00705547640108727	0.999365034096035	-0.00705547640108727
RDX	0.62989969224056	-0.00190723386232966	0.999365034096035	-0.00190723386232966
SOX13	0.629920232170726	-0.00522568326948163	0.999365034096035	-0.00522568326948163
FAM174B	0.630097811577095	0.00319176466114435	0.999365034096035	0.00319176466114435
GNPAT	0.630298776111084	0.0039915427217393	0.999365034096035	0.0039915427217393
SACM1L	0.630395107736287	0.0041336200918951	0.999365034096035	0.0041336200918951
AL445250.1	0.630524403675439	-0.00572687904700979	0.999365034096035	-0.00572687904700979
KIAA1324L	0.630526028591617	-0.00235843598091174	0.999365034096035	-0.00235843598091174
KAT2B	0.630571403854725	0.00195252355139909	0.999365034096035	0.00195252355139909
REX1BD	0.630648833174545	0.00770368329567856	0.999365034096035	0.00770368329567856
FBXL15	0.630742501923136	-0.0108086748019553	0.999365034096035	-0.0108086748019553
FAM171A1	0.630777137704132	-0.00231052317572162	0.999365034096035	-0.00231052317572162
ZNF579	0.630867451952872	-0.00692796533908074	0.999365034096035	-0.00692796533908074
TMEM168	0.630881942230004	0.00348760747189349	0.999365034096035	0.00348760747189349
AMY2B	0.630923036667936	0.00471560788187751	0.999365034096035	0.00471560788187751
MARCKSL1	0.630934961958248	-0.00450616656819168	0.999365034096035	-0.00450616656819168
FLRT1	0.631138615488488	0.00617367538495834	0.999365034096035	0.00617367538495834
SNX5	0.631246602508918	-0.00495084353642467	0.999365034096035	-0.00495084353642467
NIT2	0.6312481143349	-0.00791721721006814	0.999365034096035	-0.00791721721006814
TCP1	0.631373442978612	-0.00601562383795461	0.999365034096035	-0.00601562383795461
AC079760.1	0.631398539552695	-0.00613119478444712	0.999365034096035	-0.00613119478444712
GART	0.631420445843226	0.00460299027911882	0.999365034096035	0.00460299027911882
SHISA7	0.631424269937955	-0.00392628465739548	0.999365034096035	-0.00392628465739548
AP000688.1	0.631524460055137	0.0060768014809336	0.999365034096035	0.0060768014809336
YKT6	0.631697101796127	-0.00557679669448187	0.999365034096035	-0.00557679669448187
KIF6	0.631934059624867	0.00235520090439327	0.999365034096035	0.00235520090439327
HDAC2-AS2	0.632200957962224	0.00199224342741432	0.999365034096035	0.00199224342741432
AC023389.1	0.632276506108884	0.0103312645855863	0.999365034096035	0.0103312645855863
TRMT10A	0.632345111805815	0.00685968997184959	0.999365034096035	0.00685968997184959
RPL36A	0.632457303335703	-0.00828416317768477	0.999365034096035	-0.00828416317768477
ZMYM4	0.632482242641755	0.00271275355122581	0.999365034096035	0.00271275355122581
NDUFA10	0.632611662444802	-0.0024002144950739	0.999365034096035	-0.0024002144950739
ARF1	0.63280019601784	0.0044952455458771	0.999365034096035	0.0044952455458771
PDE1C	0.63300692719062	-0.00167176569015352	0.999365034096035	-0.00167176569015352
KYAT1	0.633028475063254	0.00407667555075193	0.999365034096035	0.00407667555075193
AL162586.1	0.633247985628668	-0.00896843896674604	0.999365034096035	-0.00896843896674604
GPR135	0.633408662880518	-0.00386041177117029	0.999365034096035	-0.00386041177117029
CDR2L	0.633537044406901	0.00465740197417999	0.999365034096035	0.00465740197417999
MSH4	0.6338193618003	0.00614480757176368	0.999365034096035	0.00614480757176368
ZIC1	0.633966328802125	0.00293448588056668	0.999365034096035	0.00293448588056668
ZNF667	0.63400935250601	-0.00540691565161586	0.999365034096035	-0.00540691565161586
BLOC1S6	0.634149943829662	0.00437686945453314	0.999365034096035	0.00437686945453314
TMED8	0.634185669052682	0.00543464108547337	0.999365034096035	0.00543464108547337
RNASEH2C	0.634226016739874	-0.00584009239279198	0.999365034096035	-0.00584009239279198
ARL6	0.634246781498691	-0.00554171114303484	0.999365034096035	-0.00554171114303484
PPM1E	0.634316111774602	-0.00831394091540024	0.999365034096035	-0.00831394091540024
GRIPAP1	0.634387525291208	0.00454362695693582	0.999365034096035	0.00454362695693582
DDX19A	0.63439292202443	0.00477580974191585	0.999365034096035	0.00477580974191585
TMEM171	0.634509188644215	0.00871558761002517	0.999365034096035	0.00871558761002517
KIFAP3	0.634537626793253	-0.00567121228928932	0.999365034096035	-0.00567121228928932
PHF8	0.634621642148416	-0.00341474435620332	0.999365034096035	-0.00341474435620332
UBQLN1	0.634659181701232	-0.00341849228865546	0.999365034096035	-0.00341849228865546
PIDD1	0.634698650795803	-0.0029931358584151	0.999365034096035	-0.0029931358584151
UVRAG	0.634792770175265	-0.00199231215594219	0.999365034096035	-0.00199231215594219
GPCPD1	0.63502728585249	0.00820692535572031	0.999365034096035	0.00820692535572031
HSPA9	0.635076238219787	0.00306048451403733	0.999365034096035	0.00306048451403733
TM2D3	0.635155418602488	-0.00399339122681214	0.999365034096035	-0.00399339122681214
MARCH9	0.63520391389899	-0.00658124109173084	0.999365034096035	-0.00658124109173084
NUDT9	0.635317875201116	-0.00567064748061986	0.999365034096035	-0.00567064748061986
FSTL4	0.635424047583625	-0.0111904821849639	0.999365034096035	-0.0111904821849639
CEP97	0.635432739363757	-0.00242311147441192	0.999365034096035	-0.00242311147441192
CHD5	0.635574370909835	-0.00931548050078017	0.999365034096035	-0.00931548050078017
GJA9	0.63570759016512	0.00682003520603813	0.999365034096035	0.00682003520603813
SNHG21	0.635885342728026	0.00756299222765194	0.999365034096035	0.00756299222765194
MFSD8	0.635896729038824	-0.00471940458771501	0.999365034096035	-0.00471940458771501
EXOSC6	0.635957500793214	0.00486332882923943	0.999365034096035	0.00486332882923943
VPS37B	0.636081454220365	-0.00443145205879568	0.999365034096035	-0.00443145205879568
CRHBP	0.636266916340936	0.00706046254985524	0.999365034096035	0.00706046254985524
SORT1	0.636279615151178	-0.00166351375267128	0.999365034096035	-0.00166351375267128
VSIG10	0.636327250487095	0.00402710112652185	0.999365034096035	0.00402710112652185
CHMP2A	0.636610033579315	-0.00735275395918037	0.999365034096035	-0.00735275395918037
DICER1	0.636657575830888	-0.0018197141068031	0.999365034096035	-0.0018197141068031
ALKBH8	0.636831809059178	-0.00568428381690179	0.999365034096035	-0.00568428381690179
AC068389.1	0.636950299696464	0.00889304237303051	0.999365034096035	0.00889304237303051
ZNF250	0.637086228561951	-0.00668010949771573	0.999365034096035	-0.00668010949771573
RAVER1	0.637300206587783	0.00576250401592314	0.999365034096035	0.00576250401592314
DDX54	0.637415101453687	-0.00660807169427178	0.999365034096035	-0.00660807169427178
PSAP	0.637505435998477	0.003612479733907	0.999365034096035	0.003612479733907
CACNA2D1	0.637685147398672	-0.00151630071977377	0.999365034096035	-0.00151630071977377
ADAMTS18	0.637727680878349	0.00842450899439452	0.999365034096035	0.00842450899439452
NDUFV2-AS1	0.637863570321175	-0.00607197092544691	0.999365034096035	-0.00607197092544691
CDK5RAP1	0.637950544747144	-0.0035186895804299	0.999365034096035	-0.0035186895804299
STX10	0.637977210456237	-0.0059628915556331	0.999365034096035	-0.0059628915556331
ADH5	0.638112896690382	0.00615596799549475	0.999365034096035	0.00615596799549475
MEF2C-AS1	0.63817495457977	-0.0105991605185156	0.999365034096035	-0.0105991605185156
RIPK2	0.638175227096696	-0.0058316168127242	0.999365034096035	-0.0058316168127242
SERPINI1	0.638182557331164	0.00391319057150898	0.999365034096035	0.00391319057150898
CDC37L1	0.638197898953516	0.00468297150476325	0.999365034096035	0.00468297150476325
PPCS	0.638214644086025	-0.00815059673495751	0.999365034096035	-0.00815059673495751
GANC	0.638394056179522	0.00231544519227506	0.999365034096035	0.00231544519227506
MYRIP	0.638521700438374	0.00650761387742368	0.999365034096035	0.00650761387742368
SPIN1	0.638564008509907	0.00206037991792443	0.999365034096035	0.00206037991792443
NSUN3	0.638667532930484	-0.00554769164361276	0.999365034096035	-0.00554769164361276
ADAP1	0.638804635961594	0.00409952243032155	0.999365034096035	0.00409952243032155
EDRF1	0.638905730670755	-0.00381865258173036	0.999365034096035	-0.00381865258173036
DACT3	0.638941004974965	0.00408039566606052	0.999365034096035	0.00408039566606052
CASP9	0.639025577154046	0.0058791393467277	0.999365034096035	0.0058791393467277
PHYKPL	0.639040363809645	0.00341949305505787	0.999365034096035	0.00341949305505787
TACR3	0.639106520436011	-0.00639638153945577	0.999365034096035	-0.00639638153945577
AC048382.5	0.639420274658163	0.00508867723972852	0.999365034096035	0.00508867723972852
RASGRP3	0.639449581721593	-0.00265164627655094	0.999365034096035	-0.00265164627655094
CDKN2A	0.639572596178979	0.0065089364821365	0.999365034096035	0.0065089364821365
ARMCX3	0.639591834171135	0.00595767598985778	0.999365034096035	0.00595767598985778
AC006504.5	0.639642044479511	0.00625323929772785	0.999365034096035	0.00625323929772785
AC008610.1	0.639879510240058	-0.00990438736410033	0.999365034096035	-0.00990438736410033
DPYSL5	0.640013261685509	0.0031393470409169	0.999365034096035	0.0031393470409169
MRPS21	0.64004907364419	-0.00551618081737149	0.999365034096035	-0.00551618081737149
ZNF780B	0.640120081591262	-0.00348214017856135	0.999365034096035	-0.00348214017856135
RPL10	0.640156855453034	0.00440044758094953	0.999365034096035	0.00440044758094953
AC009113.1	0.640203943431063	0.00694351358882418	0.999365034096035	0.00694351358882418
NUP43	0.640258135302381	0.00429766262316024	0.999365034096035	0.00429766262316024
EPS8	0.640306954992989	0.00360685944611672	0.999365034096035	0.00360685944611672
CAPZB	0.640310518073755	-0.00220879002015584	0.999365034096035	-0.00220879002015584
ZNF268	0.640406764301755	0.00518651495972437	0.999365034096035	0.00518651495972437
AK5	0.640434008584761	0.00179007045907919	0.999365034096035	0.00179007045907919
LAP3	0.640488475341428	-0.004893451077785	0.999365034096035	-0.004893451077785
UPF1	0.640523035425486	-0.00446429221027381	0.999365034096035	-0.00446429221027381
IFIT3	0.640563332996485	-0.00733447813607783	0.999365034096035	-0.00733447813607783
PDE12	0.64057382848315	-0.00586413149898928	0.999365034096035	-0.00586413149898928
ASB1	0.640659682661491	0.00578065199019589	0.999365034096035	0.00578065199019589
RPS25	0.640742453356031	-0.00659243059441923	0.999365034096035	-0.00659243059441923
ERCC3	0.640758782932526	0.00326647441480643	0.999365034096035	0.00326647441480643
PPP1R15B	0.640773620192668	0.00519595548183463	0.999365034096035	0.00519595548183463
PGBD5	0.640795877132026	-0.00293985109873538	0.999365034096035	-0.00293985109873538
PACRGL	0.640852464013812	-0.0031057723851375	0.999365034096035	-0.0031057723851375
ENC1	0.640865610434747	-0.0114516024655772	0.999365034096035	-0.0114516024655772
CPSF7	0.641252702335185	-0.00303529759492369	0.999365034096035	-0.00303529759492369
LY6G5B	0.641296724716301	-0.00713282268238461	0.999365034096035	-0.00713282268238461
GLRX2	0.641396410608003	0.00789441794939476	0.999365034096035	0.00789441794939476
ELOF1	0.641447855388401	0.00816008265133293	0.999365034096035	0.00816008265133293
PHKG1	0.641664161340584	-0.00715374578325461	0.999365034096035	-0.00715374578325461
RNF6	0.64169537806557	0.00463393778491988	0.999365034096035	0.00463393778491988
MED4	0.641876999939105	-0.00282165774009118	0.999365034096035	-0.00282165774009118
ZMAT2	0.642035534915972	0.0072136233397739	0.999365034096035	0.0072136233397739
AC004466.1	0.642214716878221	0.00813252178472558	0.999365034096035	0.00813252178472558
CYP51A1	0.642251914216867	-0.00500799890266392	0.999365034096035	-0.00500799890266392
SLC9A9	0.642356188186537	-0.00184167270830826	0.999365034096035	-0.00184167270830826
LONRF2	0.642463637466993	-0.00771703018856068	0.999365034096035	-0.00771703018856068
FLNA	0.642606884684499	-0.00926826057088689	0.999365034096035	-0.00926826057088689
ABI1	0.64282589241319	0.00537474893782604	0.999365034096035	0.00537474893782604
TAF5	0.642828497655215	0.00667255678777391	0.999365034096035	0.00667255678777391
ARFIP1	0.643016875574092	-0.00254486140194673	0.999365034096035	-0.00254486140194673
ZBED5	0.643069445051605	-0.00253348620465613	0.999365034096035	-0.00253348620465613
LMF1-AS1	0.643071400350274	-0.0081899428000124	0.999365034096035	-0.0081899428000124
SMIM15-AS1	0.64314187561039	-0.00634907382443921	0.999365034096035	-0.00634907382443921
SDAD1	0.643328925207861	-0.00316089735182805	0.999365034096035	-0.00316089735182805
SLC25A46	0.643438556519325	-0.0032517869179831	0.999365034096035	-0.0032517869179831
H3F3A	0.643729939619851	0.00397092233785027	0.999365034096035	0.00397092233785027
PPA2	0.643865604693763	0.00228533892423466	0.999365034096035	0.00228533892423466
SLC26A11	0.644001545350256	0.005131547755028	0.999365034096035	0.005131547755028
ZNF346	0.644285044405265	0.00370415969919833	0.999365034096035	0.00370415969919833
KIAA1841	0.644674451831236	-0.00342817875827843	0.999365034096035	-0.00342817875827843
TERF2IP	0.644690576775144	-0.00268930422183763	0.999365034096035	-0.00268930422183763
ZNF587	0.644696106285264	-0.00440485131764265	0.999365034096035	-0.00440485131764265
SLC2A12	0.644771632445222	0.00488374280304427	0.999365034096035	0.00488374280304427
SNAP47	0.644815746537958	-0.00749253555593276	0.999365034096035	-0.00749253555593276
ZNF664	0.644832544325208	0.00478691878708679	0.999365034096035	0.00478691878708679
ALG2	0.644988530462043	-0.00643171662078671	0.999365034096035	-0.00643171662078671
HOOK3	0.645094434608291	0.00214855111744306	0.999365034096035	0.00214855111744306
LRIF1	0.645131070103337	0.00559693562613524	0.999365034096035	0.00559693562613524
LMAN2L	0.645149742228688	0.0049515764722406	0.999365034096035	0.0049515764722406
EIF3L	0.645175602830911	0.00473066201906219	0.999365034096035	0.00473066201906219
ADAM12	0.645188969325567	-0.00376132721158375	0.999365034096035	-0.00376132721158375
HSD17B12	0.645200886783738	0.00423600499640854	0.999365034096035	0.00423600499640854
ISOC1	0.645296403626421	0.00646714223173523	0.999365034096035	0.00646714223173523
DUOX1	0.64529643018922	-0.0076125478544421	0.999365034096035	-0.0076125478544421
RAD9A	0.64538649038735	-0.0049698584471134	0.999365034096035	-0.0049698584471134
ABL1	0.645728022834576	-0.00207426113095201	0.999365034096035	-0.00207426113095201
ULK2	0.645748010686149	-0.00275678170554973	0.999365034096035	-0.00275678170554973
AP3M2	0.645822116219347	0.00707069673204394	0.999365034096035	0.00707069673204394
FARP2	0.645934002602323	-0.00235533124168772	0.999365034096035	-0.00235533124168772
MB21D2	0.6461200971388	-0.00377491043844895	0.999365034096035	-0.00377491043844895
CLUH	0.646140095196035	0.00697231672046347	0.999365034096035	0.00697231672046347
ZNF24	0.646145349370987	0.00302846885069427	0.999365034096035	0.00302846885069427
OAT	0.646382962281737	0.00477780399894533	0.999365034096035	0.00477780399894533
LRP2	0.646455984388102	-0.0024231492039757	0.999365034096035	-0.0024231492039757
AHCYL1	0.646789254051167	0.00346182939609112	0.999365034096035	0.00346182939609112
ALDOC	0.646936173045754	0.0100030871821426	0.999365034096035	0.0100030871821426
ZNF782	0.646971875091548	-0.00262772029445424	0.999365034096035	-0.00262772029445424
RXRA	0.647140318009167	0.00647386966393299	0.999365034096035	0.00647386966393299
CBR1	0.647350850910615	-0.00376185202117841	0.999365034096035	-0.00376185202117841
PCGF6	0.647412654021534	0.00475401738425992	0.999365034096035	0.00475401738425992
TBCE	0.647429928868726	0.00476718595270578	0.999365034096035	0.00476718595270578
CLPX	0.647524496217702	0.00331915612458871	0.999365034096035	0.00331915612458871
GALNT11	0.647537602254042	-0.00524598996696933	0.999365034096035	-0.00524598996696933
ZNF121	0.647639641681253	-0.00504283677509461	0.999365034096035	-0.00504283677509461
RRN3	0.647639900060506	0.00503638437899178	0.999365034096035	0.00503638437899178
CDKN1C	0.647709687377577	-0.00370096317558429	0.999365034096035	-0.00370096317558429
LPAR1	0.64774543367993	-0.00200387140088681	0.999365034096035	-0.00200387140088681
UTP11	0.647826997839225	-0.00744336405685967	0.999365034096035	-0.00744336405685967
PSMB4	0.647857242858567	-0.00585768695742741	0.999365034096035	-0.00585768695742741
UNC13D	0.647979106946791	0.00550360542996927	0.999365034096035	0.00550360542996927
RBMS3	0.647983132115065	-0.00670602979372585	0.999365034096035	-0.00670602979372585
PHF13	0.648074752435812	0.00615644905571243	0.999365034096035	0.00615644905571243
TRAPPC2L	0.648299235498449	0.00646418242910714	0.999365034096035	0.00646418242910714
RAB10	0.648326604401444	-0.00154911827272309	0.999365034096035	-0.00154911827272309
PARN	0.64834403289129	0.00276065499543647	0.999365034096035	0.00276065499543647
UBAP2	0.648358073952318	0.0026572261539565	0.999365034096035	0.0026572261539565
CDKAL1	0.648501645006323	0.001701496519539	0.999365034096035	0.001701496519539
TMEM98	0.648508816005778	-0.00266639966650317	0.999365034096035	-0.00266639966650317
SNHG14	0.648509060364592	-0.00521332270934656	0.999365034096035	-0.00521332270934656
MID1IP1	0.648514207073483	-0.00534585659453578	0.999365034096035	-0.00534585659453578
COX4I1	0.648529860780182	-0.00666213611588173	0.999365034096035	-0.00666213611588173
SUDS3	0.648554009961693	0.00372845984772325	0.999365034096035	0.00372845984772325
SWI5	0.648577291111649	-0.00362447555735552	0.999365034096035	-0.00362447555735552
RAB27A	0.648603927632178	0.00580586773522868	0.999365034096035	0.00580586773522868
ABCA5	0.648693550549384	0.0041142220840928	0.999365034096035	0.0041142220840928
SEC61A1	0.648784229447728	0.00413933741417006	0.999365034096035	0.00413933741417006
ATOH8	0.648799459642945	-0.00554057183072841	0.999365034096035	-0.00554057183072841
ADCK2	0.648813618153696	0.00531954039700177	0.999365034096035	0.00531954039700177
ICK	0.648837855755331	-0.00268445091639218	0.999365034096035	-0.00268445091639218
DENND6A-AS1	0.648936651460084	0.0057533127230058	0.999365034096035	0.0057533127230058
CKMT2-AS1	0.649015997031852	0.00305170133427608	0.999365034096035	0.00305170133427608
TYMSOS	0.649058229819592	0.00381359055900064	0.999365034096035	0.00381359055900064
MPDU1	0.649217976655268	0.00544164335085712	0.999365034096035	0.00544164335085712
PDE4B	0.649238376349124	-0.00131742891835726	0.999365034096035	-0.00131742891835726
AC010894.3	0.64926031782317	-0.00932698128608748	0.999365034096035	-0.00932698128608748
TMEFF1	0.649288348856364	-0.00266521064388884	0.999365034096035	-0.00266521064388884
FRMD8	0.649407482243877	0.00439895177986652	0.999365034096035	0.00439895177986652
GID4	0.649457547131934	-0.00500953248086129	0.999365034096035	-0.00500953248086129
TIMM23	0.649605382254536	0.00477427676209457	0.999365034096035	0.00477427676209457
ACYP1	0.649757526954061	0.00425618151195547	0.999365034096035	0.00425618151195547
TSPYL1	0.649775144648314	0.00889134790409702	0.999365034096035	0.00889134790409702
IPO11	0.649903371792507	0.00349027757498371	0.999365034096035	0.00349027757498371
C1GALT1	0.650021553837028	-0.00281739258668113	0.999365034096035	-0.00281739258668113
RNLS	0.650068340091754	-0.00319417670585753	0.999365034096035	-0.00319417670585753
ENY2	0.650082318999549	-0.00529231803487553	0.999365034096035	-0.00529231803487553
SCAF11	0.650087548297804	-0.00201943796418473	0.999365034096035	-0.00201943796418473
GNB1L	0.650327897602094	0.00722410628402608	0.999365034096035	0.00722410628402608
ZCCHC14	0.650372992131953	-0.00273423011199762	0.999365034096035	-0.00273423011199762
SYT16	0.650410718988533	0.00890780468826029	0.999365034096035	0.00890780468826029
AC012063.1	0.650419318752256	0.0053606347760532	0.999365034096035	0.0053606347760532
CLTCL1	0.650826475712404	0.00517020264532477	0.999365034096035	0.00517020264532477
EEFSEC	0.650975261727243	-0.00391732550014424	0.999365034096035	-0.00391732550014424
RFLNA	0.650990850964476	0.00499565779757834	0.999365034096035	0.00499565779757834
KCTD3	0.651039180004351	0.00224112357629888	0.999365034096035	0.00224112357629888
LRIG2	0.651059938390486	-0.00273513866654949	0.999365034096035	-0.00273513866654949
H2AFY2	0.651110819815563	0.00560589683970072	0.999365034096035	0.00560589683970072
OPALIN	0.65123591618094	-0.00301263628632305	0.999365034096035	-0.00301263628632305
NUTM2B-AS1	0.651441740648648	-0.0031235581724435	0.999365034096035	-0.0031235581724435
TUBA1A	0.651459341460339	-0.00354619344203295	0.999365034096035	-0.00354619344203295
UQCC2	0.65154186222429	-0.00546081521398927	0.999365034096035	-0.00546081521398927
RBM6	0.651755088417441	0.00163876481068354	0.999365034096035	0.00163876481068354
PTPN2	0.65200321328779	0.0036048701070921	0.999365034096035	0.0036048701070921
C1QTNF3	0.652052234447817	-0.00417023139407279	0.999365034096035	-0.00417023139407279
HIST1H2AC	0.652122146258476	0.00375988924982505	0.999365034096035	0.00375988924982505
NDUFA6-DT	0.652249291265393	-0.00561868821981288	0.999365034096035	-0.00561868821981288
RENBP	0.652392906665535	0.00529592312549493	0.999365034096035	0.00529592312549493
DDX10	0.652554982597214	0.00256627146348482	0.999365034096035	0.00256627146348482
AC008443.1	0.652634890936397	0.00416015102977788	0.999365034096035	0.00416015102977788
ESS2	0.652714608996447	0.00829095384258871	0.999365034096035	0.00829095384258871
ZDHHC9	0.652761645196678	-0.00307149106387825	0.999365034096035	-0.00307149106387825
KIAA1586	0.652793558731473	0.00620679797853433	0.999365034096035	0.00620679797853433
CNTNAP3	0.652984172727374	-0.00863247381884808	0.999365034096035	-0.00863247381884808
ZEB2	0.653056432133755	0.00131687414378907	0.999365034096035	0.00131687414378907
NOL9	0.653113634658421	-0.00438963601084342	0.999365034096035	-0.00438963601084342
KIAA1143	0.653232306749589	-0.00551609407116189	0.999365034096035	-0.00551609407116189
ZNF595	0.653398211096733	-0.00430659747642113	0.999365034096035	-0.00430659747642113
COX16	0.65343803241714	0.00476253971960839	0.999365034096035	0.00476253971960839
EPM2AIP1	0.653585749175887	-0.003116480623006	0.999365034096035	-0.003116480623006
SETD2	0.653654531064585	0.00221183515775748	0.999365034096035	0.00221183515775748
CCDC92	0.653776039458768	-0.00293920092626888	0.999365034096035	-0.00293920092626888
MRPL18	0.653822806665036	-0.00605340172485347	0.999365034096035	-0.00605340172485347
NOCT	0.653909456289108	-0.00755106350533937	0.999365034096035	-0.00755106350533937
CHODL	0.653913315362411	-0.00401925970738264	0.999365034096035	-0.00401925970738264
CCDC142	0.653943854053293	-0.00605328970648368	0.999365034096035	-0.00605328970648368
RFFL	0.654008604289233	0.00222129687840934	0.999365034096035	0.00222129687840934
CCNT1	0.65401134574598	0.0034798279762966	0.999365034096035	0.0034798279762966
MLLT6	0.654021528455442	0.00258871371098481	0.999365034096035	0.00258871371098481
METTL25	0.654254693399247	0.00251576273726018	0.999365034096035	0.00251576273726018
WDR11	0.654267113682894	-0.00254190973140882	0.999365034096035	-0.00254190973140882
RPL22	0.654307671063442	0.00575663855789198	0.999365034096035	0.00575663855789198
CHKB-DT	0.654390797662205	0.00535678151311041	0.999365034096035	0.00535678151311041
ZBTB43	0.654441307735493	0.00347551316071966	0.999365034096035	0.00347551316071966
ELP5	0.654452465541731	-0.00679429894545309	0.999365034096035	-0.00679429894545309
SYNRG	0.654471994419561	-0.00223711264314167	0.999365034096035	-0.00223711264314167
CXADR	0.654476323171134	0.00306865236208352	0.999365034096035	0.00306865236208352
EEA1	0.654491117836985	-0.00241951762523526	0.999365034096035	-0.00241951762523526
DFFA	0.654824321596889	0.00317245572461815	0.999365034096035	0.00317245572461815
LINC00601	0.65482872924871	-0.00506426455612576	0.999365034096035	-0.00506426455612576
COPS4	0.65486441573134	-0.00392399271039744	0.999365034096035	-0.00392399271039744
CUL9	0.654871780215396	0.00445523694023329	0.999365034096035	0.00445523694023329
NAB1	0.654919851735361	0.00346532510390624	0.999365034096035	0.00346532510390624
AL354740.1	0.654959147232553	-0.00772353257161567	0.999365034096035	-0.00772353257161567
TRMT1L	0.655070096016477	0.00320168200064443	0.999365034096035	0.00320168200064443
ZNF81	0.655123269460185	0.00334049913292317	0.999365034096035	0.00334049913292317
CFAP44	0.655256740284379	-0.00446149920366621	0.999365034096035	-0.00446149920366621
CSTB	0.655258233782268	0.00740085361973182	0.999365034096035	0.00740085361973182
EP400	0.655259840612795	-0.00262284745272397	0.999365034096035	-0.00262284745272397
GLT8D1	0.655263107912347	-0.00771031576021229	0.999365034096035	-0.00771031576021229
FAHD2A	0.65537729502809	-0.00347697897101042	0.999365034096035	-0.00347697897101042
SRSF7	0.655463613175885	-0.0040415598897514	0.999365034096035	-0.0040415598897514
C1S	0.655509431362191	0.00539389494920656	0.999365034096035	0.00539389494920656
AATK	0.65573083650269	0.00201133065547306	0.999365034096035	0.00201133065547306
LRBA	0.655789730772367	-0.0018238539104642	0.999365034096035	-0.0018238539104642
PITPNB	0.655838984421497	0.00250695025142718	0.999365034096035	0.00250695025142718
SNHG12	0.65602166862165	0.00577354841217417	0.999365034096035	0.00577354841217417
KIF3B	0.656030223346667	-0.00518688460072773	0.999365034096035	-0.00518688460072773
SLMAP	0.656048738381597	0.00199488229694841	0.999365034096035	0.00199488229694841
RHBDD1	0.65635861602409	0.0026656003385926	0.999365034096035	0.0026656003385926
RGS6	0.656471368093501	0.00870514869835848	0.999365034096035	0.00870514869835848
SYNE3	0.656549304931023	-0.0033117312590169	0.999365034096035	-0.0033117312590169
EIF1B-AS1	0.656655441106461	-0.00304613509029022	0.999365034096035	-0.00304613509029022
ANAPC11	0.656698497126127	-0.00800032675756657	0.999365034096035	-0.00800032675756657
SUPT4H1	0.656814360952916	-0.00830307998966079	0.999365034096035	-0.00830307998966079
ARPP21	0.657008781994596	-0.00563353528183955	0.999365034096035	-0.00563353528183955
PTCD1	0.657357440284357	0.0047287950322939	0.999365034096035	0.0047287950322939
THOP1	0.657395786843514	0.00424869275824491	0.999365034096035	0.00424869275824491
DEK	0.657425764102374	0.0026371657599189	0.999365034096035	0.0026371657599189
DPH7	0.657427071757007	0.00374796682834054	0.999365034096035	0.00374796682834054
TMEM254	0.657429330001129	-0.00519178780507592	0.999365034096035	-0.00519178780507592
OPCML	0.657478711548309	0.00839096882640737	0.999365034096035	0.00839096882640737
ZC3H7A	0.657525835243995	0.00331363756848173	0.999365034096035	0.00331363756848173
RNF146	0.657556163134272	0.00375767609460172	0.999365034096035	0.00375767609460172
ZFR	0.657565801035681	0.00166749186127761	0.999365034096035	0.00166749186127761
CCDC59	0.657570600830361	-0.00326424460488925	0.999365034096035	-0.00326424460488925
C7orf31	0.657846546291784	-0.00685406984464137	0.999365034096035	-0.00685406984464137
RFX2	0.657993347214479	0.0046313728917841	0.999365034096035	0.0046313728917841
COL6A1	0.658037108996741	-0.0122348120737881	0.999365034096035	-0.0122348120737881
AL133244.2	0.658070928359117	0.00584222952142502	0.999365034096035	0.00584222952142502
ZC3H7B	0.658225674637459	-0.00304597186080601	0.999365034096035	-0.00304597186080601
C12orf60	0.658322391492039	0.0064141056145658	0.999365034096035	0.0064141056145658
HELZ	0.658698277804704	0.0023973096984589	0.999365034096035	0.0023973096984589
THOC1	0.658702716845288	-0.00241828042946864	0.999365034096035	-0.00241828042946864
NAA15	0.658823620428531	-0.00250020714240993	0.999365034096035	-0.00250020714240993
DGKG	0.658843293849312	0.00937709099870503	0.999365034096035	0.00937709099870503
TRAPPC11	0.658939373667446	0.00309702170127939	0.999365034096035	0.00309702170127939
MIF4GD	0.659004201476621	0.00708092126337039	0.999365034096035	0.00708092126337039
TCP11L1	0.659123754464784	-0.00315834448099841	0.999365034096035	-0.00315834448099841
BCAP31	0.65922230979641	-0.00734457953291192	0.999365034096035	-0.00734457953291192
ZNF414	0.65924401276019	-0.00597475124919815	0.999365034096035	-0.00597475124919815
PGRMC1	0.659372411056494	0.00544350899306944	0.999365034096035	0.00544350899306944
UQCR10	0.659509380982545	-0.00839736972272472	0.999365034096035	-0.00839736972272472
ST8SIA3	0.659562117930531	0.0100391822695889	0.999365034096035	0.0100391822695889
UBTD2	0.659702746523703	0.00406932667085486	0.999365034096035	0.00406932667085486
OCIAD1	0.659787326425984	0.00234233935165016	0.999365034096035	0.00234233935165016
ARCN1	0.659892124572741	0.0046295436242789	0.999365034096035	0.0046295436242789
PINK1	0.659949255672667	-0.00880085516846271	0.999365034096035	-0.00880085516846271
TAF2	0.660156308495709	-0.00260794465996463	0.999365034096035	-0.00260794465996463
PDLIM5	0.660213035070459	-0.00314132398406513	0.999365034096035	-0.00314132398406513
SPIDR	0.660233850412992	0.00240786067611629	0.999365034096035	0.00240786067611629
PSMD7	0.660252950481546	0.0046876767722708	0.999365034096035	0.0046876767722708
LEPR	0.660345663240178	0.0051561891195343	0.999365034096035	0.0051561891195343
XPOT	0.660400220930208	0.00400296404069392	0.999365034096035	0.00400296404069392
EBNA1BP2	0.660441848086516	-0.00907691592289	0.999365034096035	-0.00907691592289
TESK2	0.660583650564051	0.00243840245178113	0.999365034096035	0.00243840245178113
ZNF577	0.660588309388486	-0.00318523401819126	0.999365034096035	-0.00318523401819126
ADPRHL2	0.660925208208444	0.00410296120741544	0.999365034096035	0.00410296120741544
ERRFI1	0.66099571535266	-0.0044810603065754	0.999365034096035	-0.0044810603065754
WDR75	0.661026012035437	0.00386363811962183	0.999365034096035	0.00386363811962183
GNAQ	0.661027570956087	0.00133743050320678	0.999365034096035	0.00133743050320678
MRPS24	0.661178492222472	-0.00878653936915588	0.999365034096035	-0.00878653936915588
SYNCRIP	0.661284291911798	-0.00276826378488565	0.999365034096035	-0.00276826378488565
GOLPH3L	0.661309214217916	-0.00573845310091277	0.999365034096035	-0.00573845310091277
AL390198.1	0.661321519091826	-0.0050813123481678	0.999365034096035	-0.0050813123481678
FLOT1	0.661607811767164	-0.00505370262663081	0.999365034096035	-0.00505370262663081
ALG11	0.661611599199149	0.00741342876083903	0.999365034096035	0.00741342876083903
IP6K2	0.662051896216211	0.00219340105425088	0.999365034096035	0.00219340105425088
DAP	0.662149007399174	-0.00586047942035271	0.999365034096035	-0.00586047942035271
SLC38A1	0.662495466823796	-0.00539379151498765	0.999365034096035	-0.00539379151498765
PEX13	0.662497590275098	0.00451551571231285	0.999365034096035	0.00451551571231285
HDAC2	0.662540161523166	0.00363028770056281	0.999365034096035	0.00363028770056281
KANSL1L	0.662572528208273	-0.00221797630373828	0.999365034096035	-0.00221797630373828
FBXO15	0.662725619070532	0.00542009107822877	0.999365034096035	0.00542009107822877
GOLGA3	0.66310844497188	-0.00345363193621486	0.999365034096035	-0.00345363193621486
C12orf45	0.663260661929707	-0.00363723794277674	0.999365034096035	-0.00363723794277674
DPF3	0.663281542872657	-0.00258671538273471	0.999365034096035	-0.00258671538273471
CLU	0.663626372686713	0.0079499287991024	0.999365034096035	0.0079499287991024
SAXO2	0.663738169902798	-0.00650360786633648	0.999365034096035	-0.00650360786633648
AC006115.2	0.66383041549643	0.00246790234418432	0.999365034096035	0.00246790234418432
TMCC1	0.66391201068774	0.00182030652408004	0.999365034096035	0.00182030652408004
GSAP	0.663968498985434	0.00644606206565296	0.999365034096035	0.00644606206565296
RASA1	0.663975420101486	-0.00245783553897107	0.999365034096035	-0.00245783553897107
HIPK3	0.664052603245155	0.00234743594831633	0.999365034096035	0.00234743594831633
ATP2B2	0.664177694152483	0.00878678969932441	0.999365034096035	0.00878678969932441
SNRNP48	0.664195788836904	0.00348320410445368	0.999365034096035	0.00348320410445368
TRIP4	0.664197465099206	0.00316270818313765	0.999365034096035	0.00316270818313765
SPCS2	0.66425153706347	0.00375838796190157	0.999365034096035	0.00375838796190157
RBL1	0.664262706145214	-0.0032005810602903	0.999365034096035	-0.0032005810602903
SRSF2	0.664488560431348	-0.0038702927873827	0.999365034096035	-0.0038702927873827
SPTY2D1	0.664508216321245	-0.00597024154057497	0.999365034096035	-0.00597024154057497
HMGCR	0.664557193074817	0.00593622846504051	0.999365034096035	0.00593622846504051
HEPACAM	0.664773917533332	0.0021826214036868	0.999365034096035	0.0021826214036868
TTC13	0.664820825799141	0.00305022755470973	0.999365034096035	0.00305022755470973
GADD45GIP1	0.665088469990179	0.009886971934463	0.999365034096035	0.009886971934463
DHRSX	0.665164225388982	0.00317344320865543	0.999365034096035	0.00317344320865543
TBC1D2B	0.665185075170735	0.00465640627168802	0.999365034096035	0.00465640627168802
AGBL4	0.665359654108774	0.00861657298868783	0.999365034096035	0.00861657298868783
RPL24	0.66551522248347	0.00700154869949098	0.999365034096035	0.00700154869949098
MYO6	0.665526415164334	0.00159700882207905	0.999365034096035	0.00159700882207905
DPH6	0.665607643922446	0.00302754501071125	0.999365034096035	0.00302754501071125
PODXL2	0.665616471981136	-0.0081318971410183	0.999365034096035	-0.0081318971410183
KCNJ3	0.665629155702315	0.00908534083824955	0.999365034096035	0.00908534083824955
STRN3	0.66575649809692	0.00223510627725108	0.999365034096035	0.00223510627725108
C18orf25	0.665862575530174	-0.00446769397106868	0.999365034096035	-0.00446769397106868
AC040934.1	0.665965957972243	-0.00474117737828391	0.999365034096035	-0.00474117737828391
SARS	0.665984392391235	0.00376408699025337	0.999365034096035	0.00376408699025337
ERAL1	0.666125655749109	0.00718543443183805	0.999365034096035	0.00718543443183805
PDS5B	0.666276917207092	-0.00200232433415976	0.999365034096035	-0.00200232433415976
GDAP2	0.666294953917047	0.00389396010171682	0.999365034096035	0.00389396010171682
NCSTN	0.666557308554371	0.00429880879457586	0.999365034096035	0.00429880879457586
PTK2	0.666589691654723	-0.00142567663231635	0.999365034096035	-0.00142567663231635
DNAJB2	0.666664066036531	0.00229275095541075	0.999365034096035	0.00229275095541075
SLC48A1	0.666870350390471	-0.00277782412176889	0.999365034096035	-0.00277782412176889
IKZF4	0.667010083401143	0.00391911184144462	0.999365034096035	0.00391911184144462
POLR2L	0.667056827985376	-0.00995147461234046	0.999365034096035	-0.00995147461234046
FASN	0.667144158633672	0.00448836815703632	0.999365034096035	0.00448836815703632
TFAP2E	0.667197744366917	0.0040166230343763	0.999365034096035	0.0040166230343763
YWHAB	0.667417531677845	-0.00475344911797033	0.999365034096035	-0.00475344911797033
ZDHHC16	0.6674435924148	0.00638492783292346	0.999365034096035	0.00638492783292346
LDHB	0.66752311077223	-0.00704460197587318	0.999365034096035	-0.00704460197587318
MAPT-AS1	0.667535413487042	0.00417816190529007	0.999365034096035	0.00417816190529007
RPN2	0.667707039339919	0.00330413073751928	0.999365034096035	0.00330413073751928
HNRNPAB	0.667860400344431	0.0060222519786345	0.999365034096035	0.0060222519786345
EPN2	0.667934396640962	0.00142562405945972	0.999365034096035	0.00142562405945972
AC007038.1	0.66815591339265	0.00447225070490077	0.999365034096035	0.00447225070490077
AC093227.1	0.668333652597576	-0.00682509829504466	0.999365034096035	-0.00682509829504466
EFCAB11	0.668389139068656	0.00347001883376009	0.999365034096035	0.00347001883376009
CYB5R1	0.668535512739455	-0.00659898562396647	0.999365034096035	-0.00659898562396647
AL139424.2	0.668766672964632	-0.00555225234583489	0.999365034096035	-0.00555225234583489
NDUFAF4	0.668787426927778	-0.0073674110265207	0.999365034096035	-0.0073674110265207
BMERB1	0.66882149626224	0.00197139898351416	0.999365034096035	0.00197139898351416
PIWIL4	0.668981705248116	0.00415241665921907	0.999365034096035	0.00415241665921907
MAX	0.669055680286127	-0.00276070006732058	0.999365034096035	-0.00276070006732058
NLGN3	0.669072565715616	-0.00250579695594054	0.999365034096035	-0.00250579695594054
GOLT1B	0.669177361910145	-0.00533198870628582	0.999365034096035	-0.00533198870628582
CCNL2	0.669183534650455	-0.0025829229246558	0.999365034096035	-0.0025829229246558
DNAJA2	0.669218026985002	-0.00749248393176979	0.999365034096035	-0.00749248393176979
RMND5B	0.669224844924423	0.00369541794629194	0.999365034096035	0.00369541794629194
PRMT2	0.669337296780127	-0.00178147904264512	0.999365034096035	-0.00178147904264512
HP1BP3	0.669342621029387	0.0019855160914026	0.999365034096035	0.0019855160914026
SRP14-AS1	0.669386998262334	0.00457138747583185	0.999365034096035	0.00457138747583185
CCM2	0.669471257892736	-0.0027640531402359	0.999365034096035	-0.0027640531402359
EEPD1	0.669471281942766	-0.00293941406187268	0.999365034096035	-0.00293941406187268
VPS33A	0.669493677373337	0.00384950034605984	0.999365034096035	0.00384950034605984
TLN1	0.669514586258158	0.00383185079602946	0.999365034096035	0.00383185079602946
AC104211.1	0.669551983353487	0.00514946241732946	0.999365034096035	0.00514946241732946
COX7B	0.669649418672862	0.00820718694520705	0.999365034096035	0.00820718694520705
GALT	0.669662551207904	-0.00519953045499568	0.999365034096035	-0.00519953045499568
OXCT1	0.669828474802724	-0.00406865271595854	0.999365034096035	-0.00406865271595854
SPPL2A	0.669842864105376	0.00313185022648667	0.999365034096035	0.00313185022648667
R3HDM2	0.669843134923853	0.00188618717769313	0.999365034096035	0.00188618717769313
LRRC27	0.670208252190634	0.0067340596626456	0.999365034096035	0.0067340596626456
PGRMC2	0.670208969145567	-0.00459307178317007	0.999365034096035	-0.00459307178317007
COMMD3	0.67025978986858	0.00463848626035815	0.999365034096035	0.00463848626035815
CTIF	0.670288160624972	-0.00227683994522535	0.999365034096035	-0.00227683994522535
ASCC2	0.670336956459907	0.00391377710236833	0.999365034096035	0.00391377710236833
KIAA0825	0.670454200737626	0.00426705106384221	0.999365034096035	0.00426705106384221
LINC01792	0.670471655955171	-0.00278330002894908	0.999365034096035	-0.00278330002894908
JAZF1	0.670699632885397	-0.00227420286744718	0.999365034096035	-0.00227420286744718
AC051619.5	0.670764942921253	0.00631892744296372	0.999365034096035	0.00631892744296372
TPCN1	0.67079001967879	-0.00200833816700447	0.999365034096035	-0.00200833816700447
TBL1X	0.670849457234924	0.00264494905804095	0.999365034096035	0.00264494905804095
PNO1	0.67085741604824	-0.00689207305233696	0.999365034096035	-0.00689207305233696
LDOC1	0.670873062923222	0.00547752023751927	0.999365034096035	0.00547752023751927
SMG6	0.670979303280273	0.00233731608006843	0.999365034096035	0.00233731608006843
AKAP10	0.67115162347541	0.00219093131402824	0.999365034096035	0.00219093131402824
MMADHC	0.671178018425761	0.00693918952005711	0.999365034096035	0.00693918952005711
ACVR2A	0.671537806967816	0.00482646296533228	0.999365034096035	0.00482646296533228
LYRM1	0.671566999595597	-0.00484408963320453	0.999365034096035	-0.00484408963320453
VAT1	0.671627726496894	0.00781986997744375	0.999365034096035	0.00781986997744375
LRFN4	0.671755863688325	0.00668893036658266	0.999365034096035	0.00668893036658266
SLC5A3	0.671811108381015	-0.00866903706214057	0.999365034096035	-0.00866903706214057
MITF	0.671831986461657	-0.00215894058698499	0.999365034096035	-0.00215894058698499
RIC3	0.671895952295879	-0.00533646402495944	0.999365034096035	-0.00533646402495944
TMEM39A	0.671978324333652	-0.00465177518516381	0.999365034096035	-0.00465177518516381
TRPV3	0.67199806694395	0.00422365516984213	0.999365034096035	0.00422365516984213
ZDHHC3	0.672023493094292	0.00464419561559534	0.999365034096035	0.00464419561559534
SNRPE	0.672180275213449	0.00811373434622834	0.999365034096035	0.00811373434622834
COPG2	0.672187085242639	-0.00343985925433117	0.999365034096035	-0.00343985925433117
STPG2	0.672238428247582	-0.00311491360482336	0.999365034096035	-0.00311491360482336
SMIM13	0.672284148184595	0.00395966024949874	0.999365034096035	0.00395966024949874
LRRC4C	0.672440203396285	-0.00323198138736616	0.999365034096035	-0.00323198138736616
AP002833.1	0.672496386373084	0.00699050410418838	0.999365034096035	0.00699050410418838
SLC25A23	0.672501900725	-0.00345646302979955	0.999365034096035	-0.00345646302979955
SLC66A1	0.672502283374449	-0.00655064717985307	0.999365034096035	-0.00655064717985307
PGK1	0.672574599774319	-0.00742667177105332	0.999365034096035	-0.00742667177105332
RPS19	0.67263901632123	0.00486820593471651	0.999365034096035	0.00486820593471651
FTO	0.672671557317941	0.00127207500612437	0.999365034096035	0.00127207500612437
NRXN2	0.672705523653547	-0.00524404500000019	0.999365034096035	-0.00524404500000019
DNAJC1	0.672858685656962	-0.00198860632392133	0.999365034096035	-0.00198860632392133
ANLN	0.672868324112238	0.00220296062730035	0.999365034096035	0.00220296062730035
BET1	0.672979627552559	0.00378880186291864	0.999365034096035	0.00378880186291864
SLC25A26	0.672985622682278	0.00246914843621001	0.999365034096035	0.00246914843621001
AP000892.1	0.673033300885863	0.00788759519003601	0.999365034096035	0.00788759519003601
DOK6	0.67309192281293	0.00899923931611226	0.999365034096035	0.00899923931611226
NCOA6	0.673270248405946	0.00206490377590852	0.999365034096035	0.00206490377590852
AP1G2	0.673424420664977	0.0122752144407941	0.999365034096035	0.0122752144407941
TNRC6C-AS1	0.673457682750224	0.00328246837087481	0.999365034096035	0.00328246837087481
AXIN1	0.673499060876097	0.00400068714544802	0.999365034096035	0.00400068714544802
DNAJC3	0.673621817984167	-0.00265980353417122	0.999365034096035	-0.00265980353417122
URGCP	0.673826184191819	-0.00242806746146893	0.999365034096035	-0.00242806746146893
SEMA5A	0.674117213988141	0.00353220996678423	0.999365034096035	0.00353220996678423
GSDMB	0.674318232951324	-0.00543187968982241	0.999365034096035	-0.00543187968982241
STARD3NL	0.674319465507835	-0.00487814640584557	0.999365034096035	-0.00487814640584557
ZDHHC2	0.674461170534493	-0.00310152901792163	0.999365034096035	-0.00310152901792163
LINC00963	0.674705099305082	-0.00458992206239574	0.999365034096035	-0.00458992206239574
FBF1	0.674737269078908	0.00393913504149509	0.999365034096035	0.00393913504149509
THAP9	0.675030691046673	0.0054956585230988	0.999365034096035	0.0054956585230988
ZCCHC9	0.675176229829988	0.00531081524230401	0.999365034096035	0.00531081524230401
BCHE	0.675178340971221	0.00630746526880082	0.999365034096035	0.00630746526880082
NAV3	0.675457154335717	-0.00616966646551291	0.999365034096035	-0.00616966646551291
CAD	0.6755181922521	-0.0047055086089272	0.999365034096035	-0.0047055086089272
CEP135	0.675553020202045	0.00455120834797738	0.999365034096035	0.00455120834797738
CBWD1	0.675593325661964	-0.0045557599666897	0.999365034096035	-0.0045557599666897
NAA35	0.675848980912891	-0.00239039128447475	0.999365034096035	-0.00239039128447475
RPS21	0.675977095342649	0.00617246346585956	0.999365034096035	0.00617246346585956
SELENON	0.676074805772075	0.00570481463380681	0.999365034096035	0.00570481463380681
GIPC2	0.676330334593557	0.00517745977004973	0.999365034096035	0.00517745977004973
TRMT61A	0.676353636040859	-0.00517735648698263	0.999365034096035	-0.00517735648698263
HNRNPA1	0.676394772464128	0.00362669471119537	0.999365034096035	0.00362669471119537
TBCC	0.676483362255799	-0.00822499770516765	0.999365034096035	-0.00822499770516765
METTL6	0.676495199488169	0.003260005751886	0.999365034096035	0.003260005751886
SGPP1	0.676546790965532	-0.00247830641870809	0.999365034096035	-0.00247830641870809
RPL35A	0.676673526613908	-0.00610360754501089	0.999365034096035	-0.00610360754501089
ACBD5	0.676690892313257	-0.00355204265590785	0.999365034096035	-0.00355204265590785
PEG3	0.676706737848172	-0.0048740884251821	0.999365034096035	-0.0048740884251821
NEO1	0.676735063746526	-0.00148717796046178	0.999365034096035	-0.00148717796046178
GDAP1	0.67682705508764	-0.00278962752845573	0.999365034096035	-0.00278962752845573
RERE	0.676828870443574	-0.00132780430615899	0.999365034096035	-0.00132780430615899
RWDD4	0.676835513566279	-0.00506386004427591	0.999365034096035	-0.00506386004427591
RBM14	0.677231347478873	0.00393577248252325	0.999365034096035	0.00393577248252325
PDE9A	0.677300728975042	-0.00475961114750014	0.999365034096035	-0.00475961114750014
PRR18	0.677436161133268	-0.0031053457644356	0.999365034096035	-0.0031053457644356
IKBKG	0.677611209426565	0.00718491018929858	0.999365034096035	0.00718491018929858
HSF1	0.677725154311761	0.00318266102312627	0.999365034096035	0.00318266102312627
MAL	0.677956641997568	-0.00172251033622458	0.999365034096035	-0.00172251033622458
ERO1A	0.677986445343291	-0.00444758372280241	0.999365034096035	-0.00444758372280241
SLC35E2B	0.678013110058992	-0.00426634753817875	0.999365034096035	-0.00426634753817875
PPP4R3B	0.678345393617677	0.00194730117729698	0.999365034096035	0.00194730117729698
PCNX4	0.678363486607202	0.00316680708595604	0.999365034096035	0.00316680708595604
WDR6	0.678413498578866	-0.00368099399575942	0.999365034096035	-0.00368099399575942
FAM156A	0.67850106663867	0.00437268305873904	0.999365034096035	0.00437268305873904
CAPS2	0.678526415589133	0.00277750328752717	0.999365034096035	0.00277750328752717
KIAA0355	0.678535404473459	-0.00246138179444179	0.999365034096035	-0.00246138179444179
DTX4	0.678556060899363	0.00540807289923292	0.999365034096035	0.00540807289923292
UBN1	0.678737071660138	-0.00329654226771599	0.999365034096035	-0.00329654226771599
ELP3	0.678832255308779	0.0027289761975307	0.999365034096035	0.0027289761975307
QSER1	0.678835454277062	-0.00258830763240704	0.999365034096035	-0.00258830763240704
FMN2	0.678944618912687	0.00798072294794262	0.999365034096035	0.00798072294794262
ATG4D	0.678954374886204	0.0046303187240444	0.999365034096035	0.0046303187240444
SESN3	0.679306193534471	-0.0085881232698509	0.999365034096035	-0.0085881232698509
DKK3	0.679315398287705	0.00899632746052055	0.999365034096035	0.00899632746052055
PIBF1	0.679545277238097	0.00167363827679424	0.999365034096035	0.00167363827679424
DEF8	0.679660192150699	-0.00384595271558287	0.999365034096035	-0.00384595271558287
HIST1H2BE	0.679800398624324	-0.00724716798606744	0.999365034096035	-0.00724716798606744
UBE3C	0.679829111515337	0.00197154041927782	0.999365034096035	0.00197154041927782
HEATR3	0.679834562116802	-0.00395637365248954	0.999365034096035	-0.00395637365248954
SH3TC2-DT	0.679863865739733	0.00323137648957039	0.999365034096035	0.00323137648957039
MAP1B	0.679895687239533	-0.00391131755588421	0.999365034096035	-0.00391131755588421
NEAT1	0.679918827597008	-0.00281570524483663	0.999365034096035	-0.00281570524483663
MRPL38	0.680151378007201	-0.00368405742236388	0.999365034096035	-0.00368405742236388
MID1	0.680314798381598	0.00397832670241377	0.999365034096035	0.00397832670241377
SPDYE2	0.68042798109086	0.0106218301321998	0.999365034096035	0.0106218301321998
CR1	0.680444480309525	-0.00459861839554878	0.999365034096035	-0.00459861839554878
ACSBG1	0.680498722343041	0.00584916064046316	0.999365034096035	0.00584916064046316
AL355999.1	0.68064234059479	0.00537132964163168	0.999365034096035	0.00537132964163168
DCLK2	0.680701298059538	-0.00887338864902493	0.999365034096035	-0.00887338864902493
BCAS2	0.680926021793602	0.00397972485447433	0.999365034096035	0.00397972485447433
CHID1	0.681057570784768	0.00466473836778723	0.999365034096035	0.00466473836778723
RPARP-AS1	0.681133646146002	0.00823438539137449	0.999365034096035	0.00823438539137449
RPS2	0.681155201116462	-0.004475004918595	0.999365034096035	-0.004475004918595
CBY1	0.681238410351702	-0.00464547264076961	0.999365034096035	-0.00464547264076961
HTRA2	0.681437989714738	-0.00720583762555518	0.999365034096035	-0.00720583762555518
COX7A2	0.681581212839689	0.0079886789577261	0.999365034096035	0.0079886789577261
BTRC	0.681653382020132	-0.00193245304593446	0.999365034096035	-0.00193245304593446
CAPN15	0.681748548383716	-0.00566928593649555	0.999365034096035	-0.00566928593649555
LRP10	0.681755270568883	-0.00448061474414742	0.999365034096035	-0.00448061474414742
TBC1D25	0.681831522180158	-0.00472650425277688	0.999365034096035	-0.00472650425277688
BRINP2	0.682094160101154	0.00750364103166368	0.999365034096035	0.00750364103166368
IFT140	0.682377826618814	-0.00495589166486048	0.999365034096035	-0.00495589166486048
VTI1B	0.682677720526616	-0.00383336735489037	0.999365034096035	-0.00383336735489037
G3BP2	0.682709368164372	0.0038034789609453	0.999365034096035	0.0038034789609453
ATP5IF1	0.68281431128048	-0.00608510825506068	0.999365034096035	-0.00608510825506068
SENP6	0.682819013892251	0.00157419242170602	0.999365034096035	0.00157419242170602
MMP24	0.682917598728785	0.00839842090071261	0.999365034096035	0.00839842090071261
RPL15	0.683040071395626	-0.00513812156972275	0.999365034096035	-0.00513812156972275
CFL2	0.683045968744023	0.00354726837187938	0.999365034096035	0.00354726837187938
ZNHIT6	0.683181677759727	-0.00245586294926951	0.999365034096035	-0.00245586294926951
ELMO1-AS1	0.683201900698501	-0.00796888521847625	0.999365034096035	-0.00796888521847625
PTPRN	0.683221771439346	0.00962606029259745	0.999365034096035	0.00962606029259745
ATP6V1C1	0.683438551942891	-0.00342818423132612	0.999365034096035	-0.00342818423132612
C2CD5	0.683514978136319	0.00306287724070734	0.999365034096035	0.00306287724070734
JOSD1	0.683521256148592	-0.0037551123862314	0.999365034096035	-0.0037551123862314
AP002360.1	0.683622168944623	0.00626367166945412	0.999365034096035	0.00626367166945412
RIDA	0.68363295187008	0.00507992248340882	0.999365034096035	0.00507992248340882
EIF2AK1	0.683692994498237	-0.0029008403211752	0.999365034096035	-0.0029008403211752
ASXL2	0.68370377415293	-0.00237869195218229	0.999365034096035	-0.00237869195218229
FAM172A	0.683824678757288	-0.00136176519411597	0.999365034096035	-0.00136176519411597
GRIK4	0.683838660600186	0.00316083709689489	0.999365034096035	0.00316083709689489
SPTAN1	0.68386049140009	0.0079980482125697	0.999365034096035	0.0079980482125697
GBA2	0.684000115474336	0.00406485374423185	0.999365034096035	0.00406485374423185
SARM1	0.684001446694071	0.00327348434115898	0.999365034096035	0.00327348434115898
DPP8	0.684106047464944	-0.00241823427262849	0.999365034096035	-0.00241823427262849
COPB1	0.684106630362703	0.00280451026542036	0.999365034096035	0.00280451026542036
ARHGEF25	0.684130274783984	-0.0134897055215294	0.999365034096035	-0.0134897055215294
ABCC1	0.684418794018147	-0.00681261731116038	0.999365034096035	-0.00681261731116038
YEATS2	0.684462569834695	-0.00250287249713506	0.999365034096035	-0.00250287249713506
ERH	0.684483122416324	-0.00564722447975599	0.999365034096035	-0.00564722447975599
RABEP1	0.684497644237356	-0.00169400448368561	0.999365034096035	-0.00169400448368561
AC073878.1	0.684571838603739	0.00617802114059477	0.999365034096035	0.00617802114059477
RTN1	0.684608537024905	-0.00352235975836564	0.999365034096035	-0.00352235975836564
TOP3B	0.684675107741315	-0.00520555779802407	0.999365034096035	-0.00520555779802407
PCSK7	0.684806071359334	-0.00200426011012422	0.999365034096035	-0.00200426011012422
CDC14B	0.684965239104768	-0.00174098680157155	0.999365034096035	-0.00174098680157155
MED22	0.684987932182871	0.00682768821504685	0.999365034096035	0.00682768821504685
GLIPR2	0.684997153098129	0.0034379107476768	0.999365034096035	0.0034379107476768
BPTF	0.685054273441689	0.00172746654989461	0.999365034096035	0.00172746654989461
THUMPD3-AS1	0.685296022795242	-0.0030275324074874	0.999365034096035	-0.0030275324074874
AC105941.1	0.68531347892596	0.00495858249398116	0.999365034096035	0.00495858249398116
TNFAIP6	0.685346420165713	-0.00727133741598286	0.999365034096035	-0.00727133741598286
PFN1	0.685346884688773	0.00510527743031095	0.999365034096035	0.00510527743031095
RRAGD	0.685658563809688	0.00442820927549854	0.999365034096035	0.00442820927549854
UTP4	0.685864100644881	0.00479510241103563	0.999365034096035	0.00479510241103563
MIIP	0.685917671607911	-0.00505341728012134	0.999365034096035	-0.00505341728012134
SLC35C2	0.686227946577973	-0.00367534538365967	0.999365034096035	-0.00367534538365967
MAML3	0.686229712712499	-0.00235222690730471	0.999365034096035	-0.00235222690730471
C19orf25	0.686237689656728	0.00332659551752309	0.999365034096035	0.00332659551752309
RAB2A	0.686340185371277	-0.002009197733002	0.999365034096035	-0.002009197733002
SP3	0.686370538608215	-0.00246159686537623	0.999365034096035	-0.00246159686537623
MRPS14	0.686476988762005	0.00502581435986469	0.999365034096035	0.00502581435986469
NPC1	0.686478963326229	-0.0017081061493684	0.999365034096035	-0.0017081061493684
RIT1	0.686551583343992	-0.00606400135527672	0.999365034096035	-0.00606400135527672
MLLT3	0.686555592463641	-0.00202646879042373	0.999365034096035	-0.00202646879042373
PPA1	0.686688105578004	-0.00344957344153022	0.999365034096035	-0.00344957344153022
STEAP1B	0.686863254490524	-0.00299944593731803	0.999365034096035	-0.00299944593731803
BAHD1	0.687010715407652	0.00442348810581355	0.999365034096035	0.00442348810581355
PC	0.687091757843474	0.00333390917127978	0.999365034096035	0.00333390917127978
ARID4B	0.687127807253535	-0.0014392831443345	0.999365034096035	-0.0014392831443345
GTF3C1	0.687270832054142	0.00289903259082875	0.999365034096035	0.00289903259082875
KPNA5	0.68733168923734	0.00288766025030047	0.999365034096035	0.00288766025030047
INPP5A	0.687360628082567	-0.00265223205315404	0.999365034096035	-0.00265223205315404
CDC123	0.687431815118005	0.00323662325872539	0.999365034096035	0.00323662325872539
MIER3	0.687645755229534	0.00475834094426051	0.999365034096035	0.00475834094426051
AC127024.2	0.687657259384548	-0.00632660681818055	0.999365034096035	-0.00632660681818055
AC015813.1	0.687687940051951	0.00594407253496061	0.999365034096035	0.00594407253496061
SERBP1	0.687830141729443	-0.00298714374715941	0.999365034096035	-0.00298714374715941
GPR108	0.687883817329911	-0.0050719485883038	0.999365034096035	-0.0050719485883038
LIMS1	0.688000668598781	0.00237524169058495	0.999365034096035	0.00237524169058495
NDUFA1	0.688254634886918	0.00835709202118696	0.999365034096035	0.00835709202118696
UBFD1	0.688303312889408	0.00599846631485412	0.999365034096035	0.00599846631485412
AP002387.2	0.68847175547611	-0.0053219905899988	0.999365034096035	-0.0053219905899988
PCNP	0.688572920239195	-0.00317558115215119	0.999365034096035	-0.00317558115215119
TSC1	0.688579390781647	0.00272476170544726	0.999365034096035	0.00272476170544726
NAA40	0.68871045636762	-0.00509231497309529	0.999365034096035	-0.00509231497309529
ARMCX5-GPRASP2	0.688711272888201	0.00431650141533463	0.999365034096035	0.00431650141533463
GSPT1	0.688785470597735	0.00307555557618724	0.999365034096035	0.00307555557618724
RPRD2	0.688847976831745	-0.00166929247346121	0.999365034096035	-0.00166929247346121
REXO2	0.688852080336728	-0.00392642442147093	0.999365034096035	-0.00392642442147093
SORBS3	0.688967384724011	0.00564412615245482	0.999365034096035	0.00564412615245482
WASHC3	0.689130210588287	-0.00300228354766376	0.999365034096035	-0.00300228354766376
PIAS3	0.689153494757283	-0.00504783015354789	0.999365034096035	-0.00504783015354789
GMPS	0.689285399943566	-0.00315243200363114	0.999365034096035	-0.00315243200363114
CAMLG	0.689320440592262	-0.00504567547238881	0.999365034096035	-0.00504567547238881
SNU13	0.689658367627524	0.00523908194072056	0.999365034096035	0.00523908194072056
PTPN4	0.689770602289571	-0.00254526799916316	0.999365034096035	-0.00254526799916316
ARHGEF37	0.689821177231679	0.00254636936772302	0.999365034096035	0.00254636936772302
NCBP1	0.689828165532059	0.0046720620249487	0.999365034096035	0.0046720620249487
USP38	0.689860396961643	-0.00410927177269414	0.999365034096035	-0.00410927177269414
RAB33A	0.690113705245412	0.00476734186290737	0.999365034096035	0.00476734186290737
HELLS	0.690200857910933	-0.00516437438600091	0.999365034096035	-0.00516437438600091
MAPK8IP3	0.690437236644747	0.00177211320048331	0.999365034096035	0.00177211320048331
GATAD1	0.690608252134886	-0.00277088633290997	0.999365034096035	-0.00277088633290997
PRKG1	0.690636826614718	0.00809311652401341	0.999365034096035	0.00809311652401341
ITSN1	0.690684157598197	-0.00264009109062504	0.999365034096035	-0.00264009109062504
ABCA3	0.690882880114661	0.00226195467217542	0.999365034096035	0.00226195467217542
TUBGCP4	0.690897125891401	0.00441486716273891	0.999365034096035	0.00441486716273891
OSBP2	0.691076883769054	0.0017434265563656	0.999365034096035	0.0017434265563656
U2AF1	0.69114859464866	0.00841843247327438	0.999365034096035	0.00841843247327438
GPI	0.691471194933009	-0.00230766281908313	0.999365034096035	-0.00230766281908313
FAM120A	0.691748525866654	0.00193106146604961	0.999365034096035	0.00193106146604961
PUF60	0.691904821491618	-0.00408016926547785	0.999365034096035	-0.00408016926547785
ELAVL3	0.692040734220406	0.00181196958924513	0.999365034096035	0.00181196958924513
TMEFF2	0.692076813968571	0.00143987629863883	0.999365034096035	0.00143987629863883
CCT3	0.692140098264148	-0.00328197960560784	0.999365034096035	-0.00328197960560784
ZSWIM4	0.692170884483951	0.00630256371241239	0.999365034096035	0.00630256371241239
UBE2E1	0.692351940884236	0.00222094363529599	0.999365034096035	0.00222094363529599
HACE1	0.692416307884367	0.00278894110052861	0.999365034096035	0.00278894110052861
ARIH1	0.692606282724132	0.00181056680443912	0.999365034096035	0.00181056680443912
VIPAS39	0.692838224574877	-0.00397165646758841	0.999365034096035	-0.00397165646758841
FAM120B	0.693201421342662	0.00184533425920373	0.999365034096035	0.00184533425920373
SRSF4	0.693320328586517	0.00219502040167332	0.999365034096035	0.00219502040167332
MFAP1	0.693369709532863	0.00429014291443292	0.999365034096035	0.00429014291443292
AC011603.2	0.693396744947953	0.00395924095594151	0.999365034096035	0.00395924095594151
VPS50	0.693474409310399	0.00229219297295753	0.999365034096035	0.00229219297295753
ZNF677	0.693576635558068	-0.00494493003067005	0.999365034096035	-0.00494493003067005
DONSON	0.693771575194705	0.00349110632958824	0.999365034096035	0.00349110632958824
UBA5	0.693893827236715	-0.00436684913867178	0.999365034096035	-0.00436684913867178
ME1	0.693971189230002	0.00521671847877178	0.999365034096035	0.00521671847877178
SEMA6A	0.69403214132707	-0.00161412832499593	0.999365034096035	-0.00161412832499593
TANC1	0.694104041607326	0.00206133312977526	0.999365034096035	0.00206133312977526
ALOX12-AS1	0.694138993858523	-0.0019867466871099	0.999365034096035	-0.0019867466871099
REEP3	0.694170149471937	0.00194191148803252	0.999365034096035	0.00194191148803252
ALKBH7	0.694257831185239	0.00613624202514445	0.999365034096035	0.00613624202514445
MOB2	0.694275038432962	-0.00261288205768802	0.999365034096035	-0.00261288205768802
PDCD6IP	0.694337608213075	0.00203963553511353	0.999365034096035	0.00203963553511353
ABHD6	0.694371206706963	-0.00222281333907385	0.999365034096035	-0.00222281333907385
SERF2	0.694440779157855	0.00439042320558534	0.999365034096035	0.00439042320558534
AC004797.1	0.694723592061297	-0.00798313516323622	0.999365034096035	-0.00798313516323622
SYNC	0.694892134323047	-0.00902318975089646	0.999365034096035	-0.00902318975089646
UBB	0.694915860037034	0.00459009009867309	0.999365034096035	0.00459009009867309
LRP4-AS1	0.695001190171111	-0.00958449650386143	0.999365034096035	-0.00958449650386143
ERCC2	0.695001268047421	0.00557586082667748	0.999365034096035	0.00557586082667748
DHX8	0.695020187112609	0.00280437484399526	0.999365034096035	0.00280437484399526
HEATR5B	0.69502275537638	0.00235580684687597	0.999365034096035	0.00235580684687597
MVB12A	0.695053875764069	0.00434097794376964	0.999365034096035	0.00434097794376964
CHMP1B	0.695065309501881	0.00590627635645908	0.999365034096035	0.00590627635645908
MACF1	0.695188523360909	0.00195095098121351	0.999365034096035	0.00195095098121351
AP000944.7	0.695479021862683	-0.00608994299094419	0.999365034096035	-0.00608994299094419
NTPCR	0.695688863480946	0.00349360338622527	0.999365034096035	0.00349360338622527
MIR762HG	0.69590956835474	0.00680989359794056	0.999365034096035	0.00680989359794056
DGKI	0.6959754115939	0.00359396812996827	0.999365034096035	0.00359396812996827
ATRNL1	0.696048890728434	-0.00917067501775052	0.999365034096035	-0.00917067501775052
ZNF674	0.696161589900843	0.00525430694242606	0.999365034096035	0.00525430694242606
TMEM91	0.696232858849548	0.00518101273045175	0.999365034096035	0.00518101273045175
ZDHHC11B	0.696399158681588	-0.00272283970012198	0.999365034096035	-0.00272283970012198
PAICS	0.696440298291954	0.00459233178966238	0.999365034096035	0.00459233178966238
RELA	0.696510493559459	-0.00392000036700198	0.999365034096035	-0.00392000036700198
NEFL	0.696522266275209	-0.0100212328823615	0.999365034096035	-0.0100212328823615
CLHC1	0.696540119724033	0.00478943433313953	0.999365034096035	0.00478943433313953
ABHD14A	0.696586025252696	-0.00716249372269557	0.999365034096035	-0.00716249372269557
DKC1	0.69674500073655	-0.00423595118998629	0.999365034096035	-0.00423595118998629
SERTAD2	0.697106555251489	-0.00256837282707064	0.999365034096035	-0.00256837282707064
RETREG3	0.697377941046697	0.00278246962536842	0.999365034096035	0.00278246962536842
EIF4G3	0.69766188619196	0.00120854311072967	0.999365034096035	0.00120854311072967
LHPP	0.697747086603158	-0.00243107022650979	0.999365034096035	-0.00243107022650979
RPS6KA5	0.698087546875885	-0.00155099634571593	0.999365034096035	-0.00155099634571593
PARD3	0.698173991053835	-0.00677267102560224	0.999365034096035	-0.00677267102560224
BRINP3	0.698306931170272	-0.00906888999380438	0.999365034096035	-0.00906888999380438
CTTNBP2	0.698307599655592	0.00172353215500958	0.999365034096035	0.00172353215500958
ATRN	0.69832642938689	-0.00201161855752547	0.999365034096035	-0.00201161855752547
UBE2W	0.698338306775109	0.00238445623561411	0.999365034096035	0.00238445623561411
PDE11A	0.698370058110845	0.00651738678152535	0.999365034096035	0.00651738678152535
GET1	0.698429231169436	-0.00371544443245884	0.999365034096035	-0.00371544443245884
MRPL40	0.698504818327031	0.00876765826826522	0.999365034096035	0.00876765826826522
AKT1	0.698636446380629	0.00367264646490122	0.999365034096035	0.00367264646490122
POLR2K	0.698658991019547	0.00852526133509254	0.999365034096035	0.00852526133509254
PPP1R3E	0.698780033413966	-0.0023153477617486	0.999365034096035	-0.0023153477617486
GRK5	0.698862476223757	-0.00584700522884004	0.999365034096035	-0.00584700522884004
CCND3	0.698904646224321	0.00626517946358261	0.999365034096035	0.00626517946358261
SLC9B2	0.698910893341488	0.0068101524848556	0.999365034096035	0.0068101524848556
SNRPA1	0.698932133032449	-0.00406646906131504	0.999365034096035	-0.00406646906131504
UBE2D1	0.698984742998241	-0.00429232134561066	0.999365034096035	-0.00429232134561066
MAP3K5	0.699143159200819	-0.00844635985451767	0.999365034096035	-0.00844635985451767
ACTR3B	0.699217922876496	-0.00392019477987749	0.999365034096035	-0.00392019477987749
GLMN	0.699435681919932	-0.00415646645823976	0.999365034096035	-0.00415646645823976
AC068888.1	0.699462246141992	-0.00422327943880139	0.999365034096035	-0.00422327943880139
PEX11B	0.699514921144387	0.0049018400972152	0.999365034096035	0.0049018400972152
OPA3	0.699656642324396	0.00490474202713816	0.999365034096035	0.00490474202713816
ATP6AP1	0.699870557954734	-0.00467122656664487	0.999365034096035	-0.00467122656664487
MYL12B	0.699974398439776	0.0062968513366605	0.999365034096035	0.0062968513366605
MIOS	0.700028257142929	-0.00442071848235488	0.999365034096035	-0.00442071848235488
MPC2	0.700139781883273	-0.0066545822269307	0.999365034096035	-0.0066545822269307
SLC5A6	0.700816456601836	-0.00578303918025471	0.999365034096035	-0.00578303918025471
PRDX2	0.700948236778249	0.00652975143751006	0.999365034096035	0.00652975143751006
LCMT1-AS1	0.700950357913756	-0.00514202772656505	0.999365034096035	-0.00514202772656505
ZKSCAN1	0.701087340627114	0.00188041467549057	0.999365034096035	0.00188041467549057
ASIC3	0.701464050149605	0.00395088692396984	0.999365034096035	0.00395088692396984
SNX16	0.701538438708708	-0.0051654823065371	0.999365034096035	-0.0051654823065371
ARMC3	0.701817839871847	0.0052965576715342	0.999365034096035	0.0052965576715342
KLHDC1	0.701831673391896	0.00224419499521541	0.999365034096035	0.00224419499521541
FGFR2	0.701839421924287	0.00159041526052889	0.999365034096035	0.00159041526052889
POLR3D	0.701929554446594	-0.00665565722995741	0.999365034096035	-0.00665565722995741
NSD3	0.701934498247459	-0.00139973094450419	0.999365034096035	-0.00139973094450419
DDI2	0.702036120500211	0.0025582204072285	0.999365034096035	0.0025582204072285
CSMD1	0.70211248198533	-0.00723633044457201	0.999365034096035	-0.00723633044457201
ZNF25	0.70220271493255	0.00297540306945613	0.999365034096035	0.00297540306945613
ADAT1	0.702220348530598	-0.00402173054346392	0.999365034096035	-0.00402173054346392
PEX26	0.702241785753791	0.00346725077304384	0.999365034096035	0.00346725077304384
PSMD14	0.702374513983164	-0.0033383833416284	0.999365034096035	-0.0033383833416284
AP000477.3	0.702506464946739	0.00530429586353308	0.999365034096035	0.00530429586353308
STXBP3	0.702614123860443	-0.00173434391140366	0.999365034096035	-0.00173434391140366
TDRD6	0.702625839706535	-0.00422395424821637	0.999365034096035	-0.00422395424821637
LANCL1-AS1	0.702658479694855	-0.00961078844007413	0.999365034096035	-0.00961078844007413
NUP37	0.702765135116509	-0.00533672800841509	0.999365034096035	-0.00533672800841509
NCK1-DT	0.702837985229183	-0.00571767921704913	0.999365034096035	-0.00571767921704913
RMC1	0.703130333102666	-0.0035765432752296	0.999365034096035	-0.0035765432752296
GRIK2	0.70373000327523	-0.00710235146164173	0.999365034096035	-0.00710235146164173
DMAC2	0.703838622310442	0.00659479721237499	0.999365034096035	0.00659479721237499
LINC01358	0.70389622869799	-0.00521854414063073	0.999365034096035	-0.00521854414063073
R3HCC1	0.70394088938162	-0.00438619804454558	0.999365034096035	-0.00438619804454558
PDPK1	0.70411140597879	-0.00276000892405045	0.999365034096035	-0.00276000892405045
PXK	0.704346298115832	-0.0013905356000933	0.999365034096035	-0.0013905356000933
RNF180	0.704458845170265	0.0062870942855213	0.999365034096035	0.0062870942855213
ATPAF2	0.704549060462417	0.00369785573518241	0.999365034096035	0.00369785573518241
ETS1	0.704793169574811	0.00566659054125491	0.999365034096035	0.00566659054125491
ANKRD10	0.704825619183192	0.00250236956194044	0.999365034096035	0.00250236956194044
SELENOM	0.704964831714788	-0.00565546262356422	0.999365034096035	-0.00565546262356422
SEM1	0.704988711039459	0.00271961005541131	0.999365034096035	0.00271961005541131
PLPP4	0.705125435503931	0.00423012016082207	0.999365034096035	0.00423012016082207
REPS2	0.705174343245276	-0.0020712153090682	0.999365034096035	-0.0020712153090682
AL353151.2	0.705178461364197	-0.00441557180053026	0.999365034096035	-0.00441557180053026
DDX50	0.705210808021069	0.00242752550439182	0.999365034096035	0.00242752550439182
MIR181A2HG	0.705283001495538	-0.00318742983764677	0.999365034096035	-0.00318742983764677
PVALEF	0.70529589600636	-0.00554404302383833	0.999365034096035	-0.00554404302383833
LMBR1	0.705359319749381	-0.00238474404147007	0.999365034096035	-0.00238474404147007
BAG2	0.70541718960045	-0.00555696076100009	0.999365034096035	-0.00555696076100009
DPYD-AS1	0.705444800385367	-0.00807409354794778	0.999365034096035	-0.00807409354794778
PCBP3	0.705696781757202	-0.00414150109594358	0.999365034096035	-0.00414150109594358
FAXDC2	0.705770177059974	0.00181474759014704	0.999365034096035	0.00181474759014704
C7orf61	0.705794509109524	-0.00362327838443424	0.999365034096035	-0.00362327838443424
ZNF367	0.705870710026399	-0.00645323684523347	0.999365034096035	-0.00645323684523347
CPEB2	0.705888989357907	0.00158528551400062	0.999365034096035	0.00158528551400062
TRAPPC6B	0.705912632789277	0.00305061578107611	0.999365034096035	0.00305061578107611
HSDL2	0.706123142989573	0.00344652910071098	0.999365034096035	0.00344652910071098
VOPP1	0.706123634850535	0.00551895224555546	0.999365034096035	0.00551895224555546
CCDC171	0.706273254792351	-0.00317284558542126	0.999365034096035	-0.00317284558542126
PPP1R3F	0.706489009078247	-0.00303925654694275	0.999365034096035	-0.00303925654694275
TIMM44	0.706535698053551	-0.00358609110921771	0.999365034096035	-0.00358609110921771
UFL1	0.706617673936276	0.00287442623707062	0.999365034096035	0.00287442623707062
TRPC1	0.706662163303526	-0.00191330212490051	0.999365034096035	-0.00191330212490051
CCDC186	0.706671099468912	-0.0029136909264144	0.999365034096035	-0.0029136909264144
GDNF-AS1	0.706725893260196	0.00403997712472253	0.999365034096035	0.00403997712472253
PCBP1	0.706736643040595	-0.00374407713290453	0.999365034096035	-0.00374407713290453
AC026316.5	0.706978482984083	0.00708078207052235	0.999365034096035	0.00708078207052235
TAF9B	0.707080392636142	0.00714756552609244	0.999365034096035	0.00714756552609244
FBXL7	0.707122554714151	-0.00127121204640357	0.999365034096035	-0.00127121204640357
LRSAM1	0.707194894854312	-0.00243062044420188	0.999365034096035	-0.00243062044420188
RANGRF	0.707336619565687	0.0059173895508339	0.999365034096035	0.0059173895508339
ARNTL	0.707353525763516	0.00622133471079373	0.999365034096035	0.00622133471079373
GLB1	0.707455752742375	0.0034489726934182	0.999365034096035	0.0034489726934182
MSL3	0.707714873226559	-0.00562412519446656	0.999365034096035	-0.00562412519446656
PSMC4	0.707820407227124	-0.00538403623944771	0.999365034096035	-0.00538403623944771
NUP205	0.707974705061837	-0.0030659993241635	0.999365034096035	-0.0030659993241635
NCS1	0.708150627011968	-0.00747530788260319	0.999365034096035	-0.00747530788260319
KATNA1	0.70824223242092	-0.00340602740726401	0.999365034096035	-0.00340602740726401
THRAP3	0.708316734479718	-0.00204365542389665	0.999365034096035	-0.00204365542389665
BCAT1	0.708388976177286	0.00413003562090659	0.999365034096035	0.00413003562090659
RB1CC1	0.708415349755785	-0.00190548323507798	0.999365034096035	-0.00190548323507798
EIF3M	0.708445806142966	0.00369540696209321	0.999365034096035	0.00369540696209321
ZFYVE27	0.708633235620745	-0.00358671125845215	0.999365034096035	-0.00358671125845215
LRRC57	0.708942497083696	-0.00646769108236831	0.999365034096035	-0.00646769108236831
CDC23	0.708986719693761	0.00435812178788736	0.999365034096035	0.00435812178788736
WNT2B	0.709033699261253	-0.00396717440836684	0.999365034096035	-0.00396717440836684
OSER1-DT	0.709062160608742	0.00408710455559046	0.999365034096035	0.00408710455559046
LATS1	0.709084820171703	-0.00215808463001326	0.999365034096035	-0.00215808463001326
C16orf87	0.709278752107639	-0.00481548574765351	0.999365034096035	-0.00481548574765351
AC112206.2	0.709308850348882	0.00500706526979694	0.999365034096035	0.00500706526979694
MYH10	0.709330423346984	0.00983289179962982	0.999365034096035	0.00983289179962982
NUDCD1	0.709426961649483	0.0041124879472439	0.999365034096035	0.0041124879472439
TEX14	0.709456169070673	-0.00545225478939346	0.999365034096035	-0.00545225478939346
HYDIN	0.709659169357175	-0.00449710341649565	0.999365034096035	-0.00449710341649565
AATF	0.709717974516096	0.00270073947144329	0.999365034096035	0.00270073947144329
SNX2	0.709740881158744	-0.00266259776492207	0.999365034096035	-0.00266259776492207
OBI1	0.709864338825852	0.0038586303238729	0.999365034096035	0.0038586303238729
MYH9	0.709922625605832	-0.00256176404611338	0.999365034096035	-0.00256176404611338
HNRNPH3	0.709953079781121	0.00198517852985506	0.999365034096035	0.00198517852985506
PCIF1	0.710070074815398	-0.00527392751667975	0.999365034096035	-0.00527392751667975
KCNMB3	0.710101425974017	-0.00476502448566144	0.999365034096035	-0.00476502448566144
SCAND1	0.710255076147993	0.0058581440119303	0.999365034096035	0.0058581440119303
TATDN2	0.710310169166126	0.00496479931307438	0.999365034096035	0.00496479931307438
DCXR	0.710600753828986	-0.00477430133320449	0.999365034096035	-0.00477430133320449
NCKAP5	0.710632881257088	-0.00133630875652604	0.999365034096035	-0.00133630875652604
SAT2	0.710685377194496	0.00454145049336313	0.999365034096035	0.00454145049336313
CACNA1E	0.710685486801706	0.00809568921133979	0.999365034096035	0.00809568921133979
CREB5	0.710690018717262	-0.00123005566500187	0.999365034096035	-0.00123005566500187
ADAMTS14	0.710705479326307	-0.00378608715219775	0.999365034096035	-0.00378608715219775
ZNF808	0.710821363415153	-0.00404265808239237	0.999365034096035	-0.00404265808239237
RAB9A	0.710943096810403	0.00325735499506148	0.999365034096035	0.00325735499506148
TMEM219	0.711023622181698	0.00388396917174606	0.999365034096035	0.00388396917174606
LINC02062	0.711177909429437	0.00229510259148308	0.999365034096035	0.00229510259148308
ARFGEF3	0.711330970445831	-0.00112348675190594	0.999365034096035	-0.00112348675190594
ZNF410	0.711420108278605	-0.00317573056840526	0.999365034096035	-0.00317573056840526
DUS1L	0.711596337779345	-0.0035885201431331	0.999365034096035	-0.0035885201431331
ATP5MC2	0.71203930037361	-0.00342562774415478	0.999365034096035	-0.00342562774415478
CAMK2B	0.712062919273642	0.00801648255989385	0.999365034096035	0.00801648255989385
APBA1	0.71211300992769	-0.00172536345068382	0.999365034096035	-0.00172536345068382
CAPN10-DT	0.712492175426127	-0.00615976763982614	0.999365034096035	-0.00615976763982614
LINC01572	0.712687015325494	0.00345416330481009	0.999365034096035	0.00345416330481009
STK35	0.712815558314511	-0.0039053368007566	0.999365034096035	-0.0039053368007566
AC023283.1	0.712958193890778	-0.00556249512105982	0.999365034096035	-0.00556249512105982
CDH8	0.713063868278714	0.00301556431263563	0.999365034096035	0.00301556431263563
ZFPM2	0.713071447441875	0.00579772257587172	0.999365034096035	0.00579772257587172
ACTR3	0.713099894324824	-0.00235072893065105	0.999365034096035	-0.00235072893065105
POMP	0.713302950509349	-0.00549560051306289	0.999365034096035	-0.00549560051306289
TPGS2	0.713305784748416	-0.00326156628058463	0.999365034096035	-0.00326156628058463
INTS2	0.713394508014039	0.0034366514814331	0.999365034096035	0.0034366514814331
HIBCH	0.713409083579807	-0.00187541720984624	0.999365034096035	-0.00187541720984624
ZNF274	0.713471190755682	-0.00293927124289774	0.999365034096035	-0.00293927124289774
NFE2L1	0.713610062486431	-0.004113217518346	0.999365034096035	-0.004113217518346
OSBPL5	0.713703009236721	0.00285544117176339	0.999365034096035	0.00285544117176339
USP32	0.713945544395301	-0.00153605534067707	0.999365034096035	-0.00153605534067707
EIF2A	0.713995538234283	-0.00405518073572503	0.999365034096035	-0.00405518073572503
PDLIM3	0.714059044065811	-0.00440737610831479	0.999365034096035	-0.00440737610831479
LINC00907	0.714210439289002	0.00417392273657749	0.999365034096035	0.00417392273657749
FRS2	0.714225458142513	-0.00205910068934795	0.999365034096035	-0.00205910068934795
AL513166.1	0.714246866797187	-0.00672543589796587	0.999365034096035	-0.00672543589796587
ANAPC16	0.714421938879876	-0.00196102773146071	0.999365034096035	-0.00196102773146071
SFXN4	0.714491345522422	0.00316825675834437	0.999365034096035	0.00316825675834437
SNX21	0.714732602348791	0.00664380992067441	0.999365034096035	0.00664380992067441
MPPE1	0.714760596040132	-0.00317345075540312	0.999365034096035	-0.00317345075540312
PLCXD1	0.714894065466642	-0.00679491925493106	0.999365034096035	-0.00679491925493106
SLC25A27	0.715099397641224	0.00214781310019318	0.999365034096035	0.00214781310019318
TEX10	0.715149912207179	0.00410185682213126	0.999365034096035	0.00410185682213126
NCKIPSD	0.715168576444642	-0.00415361974035902	0.999365034096035	-0.00415361974035902
PGAP3	0.71516869102089	-0.00500521541703769	0.999365034096035	-0.00500521541703769
HSPA1B	0.715194919849387	0.00700638263809065	0.999365034096035	0.00700638263809065
WDR53	0.715323890122965	-0.00555267656535308	0.999365034096035	-0.00555267656535308
PPP4R2	0.715360497766707	-0.0016474495461008	0.999365034096035	-0.0016474495461008
QSOX2	0.715367310510019	-0.00451306672435113	0.999365034096035	-0.00451306672435113
AASS	0.715429778674849	-0.00219429680253962	0.999365034096035	-0.00219429680253962
IL6ST	0.715506814473135	0.00250450261219642	0.999365034096035	0.00250450261219642
BRAT1	0.71557971179531	0.00385749567083763	0.999365034096035	0.00385749567083763
AC006059.1	0.715717033704111	0.00279106789830476	0.999365034096035	0.00279106789830476
NADK2	0.715915812382668	0.00329005593333861	0.999365034096035	0.00329005593333861
SYCP2L	0.716037404135306	-0.00462739839719979	0.999365034096035	-0.00462739839719979
NPHP1	0.716122196487031	0.00468790768388241	0.999365034096035	0.00468790768388241
SLC7A6OS	0.716251767671756	-0.00366245031045422	0.999365034096035	-0.00366245031045422
TTLL7-IT1	0.716264284333214	0.00508521730826909	0.999365034096035	0.00508521730826909
SLC7A14	0.716298292808048	0.00426751218827811	0.999365034096035	0.00426751218827811
C2orf42	0.716637092400028	0.0035734058632389	0.999365034096035	0.0035734058632389
SDK1	0.71669766289063	0.00603796917647214	0.999365034096035	0.00603796917647214
FRMD4B	0.71670860146616	-0.00123022474209222	0.999365034096035	-0.00123022474209222
C6orf136	0.716711642650408	-0.00560069311635232	0.999365034096035	-0.00560069311635232
APPL2	0.716712179585954	0.00221004366423671	0.999365034096035	0.00221004366423671
L3MBTL2	0.716753334126604	0.00393630428123587	0.999365034096035	0.00393630428123587
LIN52	0.71678500423481	-0.00198895910621358	0.999365034096035	-0.00198895910621358
STK31	0.716865332001397	-0.00694980297756657	0.999365034096035	-0.00694980297756657
PSMB9	0.716980053970674	-0.00525006991013836	0.999365034096035	-0.00525006991013836
DENND4C	0.717122777958437	-0.00210325159745546	0.999365034096035	-0.00210325159745546
RPS15	0.717132944445423	0.00425594041481858	0.999365034096035	0.00425594041481858
USP5	0.717267452586554	0.00369483340118253	0.999365034096035	0.00369483340118253
PSMD3	0.71726839871948	-0.00387727906040926	0.999365034096035	-0.00387727906040926
SFXN3	0.717382463239217	0.00312371385974614	0.999365034096035	0.00312371385974614
DPH5	0.717436545766527	0.00333508604237678	0.999365034096035	0.00333508604237678
SLC3A2	0.717530546201688	0.00551951460034001	0.999365034096035	0.00551951460034001
TDG	0.717570299534755	-0.00359484267521953	0.999365034096035	-0.00359484267521953
NOX4	0.717659640516234	0.00501371364830359	0.999365034096035	0.00501371364830359
SUGP1	0.717694063809647	-0.00358336520870678	0.999365034096035	-0.00358336520870678
AP003469.4	0.71773042561481	-0.00427393544008809	0.999365034096035	-0.00427393544008809
STAT5B	0.717738953839251	-0.00183024834582424	0.999365034096035	-0.00183024834582424
MTFR1L	0.717899292134514	0.00507388713786934	0.999365034096035	0.00507388713786934
CCSER2	0.717978930797518	0.00120530265658643	0.999365034096035	0.00120530265658643
CHN2	0.718042312252695	0.00451264700132474	0.999365034096035	0.00451264700132474
TMEM8B	0.718183447782706	0.0040205064424209	0.999365034096035	0.0040205064424209
ZNF800	0.718215143153201	-0.00224249909712885	0.999365034096035	-0.00224249909712885
IPCEF1	0.718219203218729	-0.00655496494634903	0.999365034096035	-0.00655496494634903
ZNF668	0.718261503760678	0.00557088035291863	0.999365034096035	0.00557088035291863
YWHAE	0.718270573065844	0.002199978945605	0.999365034096035	0.002199978945605
VPS9D1	0.718384940388413	0.00328896254993089	0.999365034096035	0.00328896254993089
LCA5	0.718432219998551	-0.00465904533749853	0.999365034096035	-0.00465904533749853
RPL35	0.71851554999358	0.00449592572016195	0.999365034096035	0.00449592572016195
LEPROTL1	0.718518448281973	-0.00378173680169965	0.999365034096035	-0.00378173680169965
FRS3	0.718606186265502	0.00533849037226057	0.999365034096035	0.00533849037226057
PELI2	0.718645303485923	0.0023700952860411	0.999365034096035	0.0023700952860411
MYT1L	0.718665252932088	0.00614106687329608	0.999365034096035	0.00614106687329608
SBNO1	0.718986578684375	-0.0021120765257954	0.999365034096035	-0.0021120765257954
LINC01630	0.719102550321591	-0.00191652165377055	0.999365034096035	-0.00191652165377055
RCN2	0.719151252819985	-0.00296804351184427	0.999365034096035	-0.00296804351184427
FAM222A-AS1	0.719186749608247	-0.00579263855522095	0.999365034096035	-0.00579263855522095
GUCY1B1	0.719232217627265	0.00700355560300319	0.999365034096035	0.00700355560300319
NEURL4	0.719310192773914	-0.00478605201777855	0.999365034096035	-0.00478605201777855
C21orf62-AS1	0.719321710837901	0.00238653026892104	0.999365034096035	0.00238653026892104
CBL	0.719344030084448	0.00309274851488073	0.999365034096035	0.00309274851488073
SNTA1	0.719574208794586	-0.00522169969131078	0.999365034096035	-0.00522169969131078
MAD1L1	0.719577197216913	0.00233140847779678	0.999365034096035	0.00233140847779678
POGK	0.719701214959628	0.00281977714127259	0.999365034096035	0.00281977714127259
SLC23A2	0.71976826942294	0.00207814191768245	0.999365034096035	0.00207814191768245
INTS4	0.71993004782499	0.00272330856143655	0.999365034096035	0.00272330856143655
LOXL2	0.719978396057776	-0.00426238598517085	0.999365034096035	-0.00426238598517085
ZDHHC7	0.720041360802198	0.00348398500419522	0.999365034096035	0.00348398500419522
RAI14	0.720226093245341	-0.00286645959221006	0.999365034096035	-0.00286645959221006
POR	0.720288221777136	-0.00290209532822682	0.999365034096035	-0.00290209532822682
STAM2	0.72039304155766	-0.00223831917526942	0.999365034096035	-0.00223831917526942
GAREM1	0.720419372554671	-0.00169576342825804	0.999365034096035	-0.00169576342825804
ACP1	0.720593565048813	0.0035602268061787	0.999365034096035	0.0035602268061787
MARCH2	0.720600788523771	0.0029994596363759	0.999365034096035	0.0029994596363759
GAPDH	0.720675804362978	-0.00492739734351858	0.999365034096035	-0.00492739734351858
CTNND2	0.720697517880781	0.00132823034973314	0.999365034096035	0.00132823034973314
ZNF654	0.720779896233326	-0.00235386317484221	0.999365034096035	-0.00235386317484221
DOLPP1	0.720830244479097	0.00647090461505556	0.999365034096035	0.00647090461505556
USP28	0.721056304602935	0.00355789740374471	0.999365034096035	0.00355789740374471
LINC00632	0.721111347017783	0.00268472277197521	0.999365034096035	0.00268472277197521
SSBP2	0.721111658989193	-0.00129259458603464	0.999365034096035	-0.00129259458603464
ACTN2	0.721226915020763	0.0038098258134032	0.999365034096035	0.0038098258134032
TBL3	0.721327206324143	-0.00599172470925814	0.999365034096035	-0.00599172470925814
PRKD1	0.721491689038548	-0.0025778214794275	0.999365034096035	-0.0025778214794275
SNRPB	0.721712509671863	-0.00608635564518766	0.999365034096035	-0.00608635564518766
PRR3	0.721755233497801	-0.00395082582016313	0.999365034096035	-0.00395082582016313
AL035670.1	0.721890255589766	-0.00490807579783152	0.999365034096035	-0.00490807579783152
HIGD2A	0.721971058815996	-0.00731972757482271	0.999365034096035	-0.00731972757482271
MAPK1IP1L	0.72207684229879	0.00246398223700242	0.999365034096035	0.00246398223700242
INTS1	0.722153934366318	-0.00310785105193192	0.999365034096035	-0.00310785105193192
TIMM21	0.722221549990084	0.00510846154719937	0.999365034096035	0.00510846154719937
ZNF771	0.722238793215695	0.00398314151739725	0.999365034096035	0.00398314151739725
ATP5MF	0.722293390824081	0.00695192256309892	0.999365034096035	0.00695192256309892
PPM1L	0.722468798114648	0.00376302835809379	0.999365034096035	0.00376302835809379
ACTG1	0.722620100243892	-0.00427971682927623	0.999365034096035	-0.00427971682927623
KIF1BP	0.722677253316666	0.00410961010146989	0.999365034096035	0.00410961010146989
SNHG8	0.722715623855804	-0.00637525826868354	0.999365034096035	-0.00637525826868354
ETV5	0.722809337701374	-0.00480368966927111	0.999365034096035	-0.00480368966927111
SERAC1	0.722882972722069	-0.00322575929349214	0.999365034096035	-0.00322575929349214
ZMYM3	0.723045658027769	0.00469076580072251	0.999365034096035	0.00469076580072251
HIVEP1	0.723056896353664	-0.0026576404903491	0.999365034096035	-0.0026576404903491
AC106791.1	0.723090694187417	0.00202441249447848	0.999365034096035	0.00202441249447848
ZNF678	0.723221482350338	-0.00257924436271329	0.999365034096035	-0.00257924436271329
KLHL28	0.723601398103141	0.00345659111679399	0.999365034096035	0.00345659111679399
USP10	0.7236076609214	0.00270256489942075	0.999365034096035	0.00270256489942075
FRMPD4	0.723634011654184	0.00735257676355238	0.999365034096035	0.00735257676355238
CCT6B	0.723650158406998	0.00566826479573765	0.999365034096035	0.00566826479573765
ETFA	0.723734926959972	0.00315419708164552	0.999365034096035	0.00315419708164552
H2AFV	0.723793811533461	-0.00267667383300547	0.999365034096035	-0.00267667383300547
FBN1	0.724022798894617	0.00178594350051819	0.999365034096035	0.00178594350051819
REXO1	0.724178398059171	0.00361195151781083	0.999365034096035	0.00361195151781083
KLC2	0.724197043452908	0.00594086922349199	0.999365034096035	0.00594086922349199
LTBP3	0.724250214647696	0.00251244842614781	0.999365034096035	0.00251244842614781
CLN5	0.724252061508899	0.00343716115011508	0.999365034096035	0.00343716115011508
SLITRK2	0.724353421415182	-0.00330498229014422	0.999365034096035	-0.00330498229014422
CDK10	0.724442549895982	0.00380124237675084	0.999365034096035	0.00380124237675084
DLST	0.724504783142343	-0.00384562572047892	0.999365034096035	-0.00384562572047892
COPS7B	0.724566333400434	0.00356514293040663	0.999365034096035	0.00356514293040663
PSD	0.724940663803695	0.012101239486026	0.999365034096035	0.012101239486026
KDM6A	0.724951405435449	0.00157477380897041	0.999365034096035	0.00157477380897041
CAT	0.724964896030882	0.00320484771655937	0.999365034096035	0.00320484771655937
NEK5	0.724973819848811	-0.00427485819870939	0.999365034096035	-0.00427485819870939
C2orf69	0.725309924436295	-0.00375032583312764	0.999365034096035	-0.00375032583312764
HECW1	0.725318822645288	-0.00736080843293308	0.999365034096035	-0.00736080843293308
FAM168A	0.725609038097946	-0.00176865488029861	0.999365034096035	-0.00176865488029861
DEDD2	0.725807313981825	0.00662970028422353	0.999365034096035	0.00662970028422353
CEPT1	0.725940944005409	-0.0026042262019337	0.999365034096035	-0.0026042262019337
ZNF511	0.72598898375154	0.00536184330484608	0.999365034096035	0.00536184330484608
HAUS5	0.726078913328976	-0.0038482740095696	0.999365034096035	-0.0038482740095696
NMT1	0.726125166384721	0.0026230803143816	0.999365034096035	0.0026230803143816
EIF3J	0.726150570013141	-0.00237750309892233	0.999365034096035	-0.00237750309892233
RAB3C	0.726239549641505	0.00857273774456752	0.999365034096035	0.00857273774456752
SARNP	0.726321379390899	-0.00191082105291121	0.999365034096035	-0.00191082105291121
FAM49A	0.726448357623762	-0.00580779856253617	0.999365034096035	-0.00580779856253617
SOS1	0.726516491055777	0.00165079440305794	0.999365034096035	0.00165079440305794
SLC41A1	0.726834117851758	-0.00438663795268004	0.999365034096035	-0.00438663795268004
MSL1	0.726937056413176	-0.00248205616076857	0.999365034096035	-0.00248205616076857
MYBL1	0.727035034624702	0.00424157944873735	0.999365034096035	0.00424157944873735
AC078846.1	0.727261870702424	-0.00505522127434242	0.999365034096035	-0.00505522127434242
ZMAT5	0.727478677022149	0.00522641153933627	0.999365034096035	0.00522641153933627
PURA	0.727495845669759	-0.00220108304954573	0.999365034096035	-0.00220108304954573
NAGPA-AS1	0.727628878507429	0.0066241474224042	0.999365034096035	0.0066241474224042
ETF1	0.727632577816961	0.00343734083686538	0.999365034096035	0.00343734083686538
PLCH2	0.727849183165913	-0.00396083077856148	0.999365034096035	-0.00396083077856148
OGFOD3	0.727927566424117	0.00451038950678775	0.999365034096035	0.00451038950678775
KIT	0.727961745466878	0.00705162053022872	0.999365034096035	0.00705162053022872
XIST	0.7279921553405	0.004909472954258	0.999365034096035	0.004909472954258
ALS2	0.727995022555311	-0.00339775696243286	0.999365034096035	-0.00339775696243286
JUND	0.728070403667202	0.00204038744379941	0.999365034096035	0.00204038744379941
PAK2	0.728218678142533	-0.00156384076872096	0.999365034096035	-0.00156384076872096
CS	0.728239543713174	-0.00336662193613139	0.999365034096035	-0.00336662193613139
RPL6	0.728327113650195	0.00433156573702231	0.999365034096035	0.00433156573702231
UBE2H	0.728471213027275	-0.00146257154836231	0.999365034096035	-0.00146257154836231
MAFG	0.728488609597488	-0.00376567030712451	0.999365034096035	-0.00376567030712451
NDUFA9	0.728508030443315	-0.00345109017156502	0.999365034096035	-0.00345109017156502
RANBP10	0.728590880958172	-0.00300018746444959	0.999365034096035	-0.00300018746444959
TRAP1	0.728682022458562	-0.00301432335207878	0.999365034096035	-0.00301432335207878
PRRC2A	0.728738926911905	0.00238821768150921	0.999365034096035	0.00238821768150921
ENTPD4	0.729117454652988	-0.00290707378394556	0.999365034096035	-0.00290707378394556
ZBED1	0.729301564279335	0.00509760537243668	0.999365034096035	0.00509760537243668
CBX7	0.729454672183566	0.0019471733929227	0.999365034096035	0.0019471733929227
AL117336.2	0.729526962011344	-0.00335366519339357	0.999365034096035	-0.00335366519339357
ANKRD37	0.729542074405446	-0.00603496963462084	0.999365034096035	-0.00603496963462084
EFNA5	0.729746413898753	-0.00780060407359441	0.999365034096035	-0.00780060407359441
YWHAQ	0.729854641336218	0.00160115429331245	0.999365034096035	0.00160115429331245
TMEM144	0.730035547543036	-0.00118327965404652	0.999365034096035	-0.00118327965404652
EPB41L3	0.7300864926669	0.00332357926250734	0.999365034096035	0.00332357926250734
MAP3K12	0.730137884160879	-0.00434352595338543	0.999365034096035	-0.00434352595338543
CFAP410	0.73038576866197	0.00447719017805572	0.999365034096035	0.00447719017805572
ZNF623	0.730578729450737	0.00332085927779293	0.999365034096035	0.00332085927779293
SCRN1	0.730667537555848	0.00370908690195613	0.999365034096035	0.00370908690195613
FBXL5	0.730810367018194	-0.00153181089886082	0.999365034096035	-0.00153181089886082
LPP	0.730868088642324	0.0017537807629531	0.999365034096035	0.0017537807629531
ITM2B	0.73096234608677	-0.00319430050008513	0.999365034096035	-0.00319430050008513
KCNQ1OT1	0.730962742334665	0.00191642457052739	0.999365034096035	0.00191642457052739
HABP4	0.731102311027191	0.00294781120461077	0.999365034096035	0.00294781120461077
HSBP1	0.73138819730965	-0.00376058600070691	0.999365034096035	-0.00376058600070691
UBL7	0.731404035302629	-0.00539826867736824	0.999365034096035	-0.00539826867736824
HIST2H2BE	0.731429564462483	0.00565834606526188	0.999365034096035	0.00565834606526188
GRID2	0.731680231305289	0.00490632306666894	0.999365034096035	0.00490632306666894
AC104461.1	0.731706391715526	-0.00657926275144253	0.999365034096035	-0.00657926275144253
LINC02427	0.731746912180532	-0.00542426221086275	0.999365034096035	-0.00542426221086275
GEMIN7-AS1	0.731834098124362	0.00493090869669362	0.999365034096035	0.00493090869669362
RNF115	0.731900429765891	0.0016181086694167	0.999365034096035	0.0016181086694167
LINC02328	0.731971214163031	-0.00328544313444562	0.999365034096035	-0.00328544313444562
SLC12A2	0.73208881000493	0.0015815815811661	0.999365034096035	0.0015815815811661
ATG4C	0.732102785513037	-0.00133946491488641	0.999365034096035	-0.00133946491488641
DNAJA1	0.732238957156115	-0.00383999116575776	0.999365034096035	-0.00383999116575776
CLIP1	0.732245224648761	0.00344103075532112	0.999365034096035	0.00344103075532112
C16orf58	0.732473464724126	0.00295367129631063	0.999365034096035	0.00295367129631063
LIPE	0.732857072221497	-0.00203611069506431	0.999365034096035	-0.00203611069506431
NME9	0.732983353924241	-0.00323910790470834	0.999365034096035	-0.00323910790470834
TMEM132C	0.73312647124184	0.00311988755731881	0.999365034096035	0.00311988755731881
MED11	0.733160448434854	0.00530037861975349	0.999365034096035	0.00530037861975349
CDK11A	0.733311459064037	0.00310314395175521	0.999365034096035	0.00310314395175521
COLGALT1	0.733362704103818	0.00325105470753169	0.999365034096035	0.00325105470753169
RRAGB	0.73339048906448	0.00278062199229935	0.999365034096035	0.00278062199229935
PKIG	0.733507807989624	-0.00315362286325461	0.999365034096035	-0.00315362286325461
POLM	0.733600138924752	-0.00398427270148656	0.999365034096035	-0.00398427270148656
ARL1	0.733647049537275	-0.00487990192249652	0.999365034096035	-0.00487990192249652
SNX29	0.733659615287929	0.00182667870664439	0.999365034096035	0.00182667870664439
RPL34	0.73373695475571	0.00494126796628174	0.999365034096035	0.00494126796628174
MICU3	0.733768413399531	-0.00219442728885516	0.999365034096035	-0.00219442728885516
SYT14	0.733830965379784	0.00333911334200938	0.999365034096035	0.00333911334200938
TMEM169	0.733876239460923	0.00526777351555618	0.999365034096035	0.00526777351555618
NKAPD1	0.734209236384531	-0.00438443809209114	0.999365034096035	-0.00438443809209114
RAF1	0.734382419331942	0.00161012448018395	0.999365034096035	0.00161012448018395
FUBP1	0.73461936898525	-0.00205514572231776	0.999365034096035	-0.00205514572231776
ENGASE	0.734744875452118	-0.00364884908912792	0.999365034096035	-0.00364884908912792
TAF11	0.735169211772461	-0.00304020892235531	0.999365034096035	-0.00304020892235531
SYMPK	0.735170431998241	0.001867434280175	0.999365034096035	0.001867434280175
ZC3H3	0.735194115905046	0.0031251620489347	0.999365034096035	0.0031251620489347
PWWP2A	0.735225002624786	0.00146670467540479	0.999365034096035	0.00146670467540479
NDST2	0.735225812608123	-0.00489803869774395	0.999365034096035	-0.00489803869774395
CACNA1B	0.735311788979531	0.00660981039069291	0.999365034096035	0.00660981039069291
MYEF2	0.735316648145272	0.00439688612011106	0.999365034096035	0.00439688612011106
SDR39U1	0.735389543421171	-0.00412134079092304	0.999365034096035	-0.00412134079092304
CNOT1	0.735405170927376	-0.00231947470683169	0.999365034096035	-0.00231947470683169
TUBB3	0.735493060591316	0.01015464048079	0.999365034096035	0.01015464048079
SRRM1	0.735535137083287	-0.00213596579326322	0.999365034096035	-0.00213596579326322
CRY1	0.735622605775928	-0.00300693827948681	0.999365034096035	-0.00300693827948681
RGS4	0.735669491214353	-0.00739990501834245	0.999365034096035	-0.00739990501834245
GGPS1	0.735765411594938	-0.00534454317933283	0.999365034096035	-0.00534454317933283
DNAH1	0.735795237449339	0.00397089265190396	0.999365034096035	0.00397089265190396
AC240274.1	0.735907917973034	-0.00526355543042266	0.999365034096035	-0.00526355543042266
WDR27	0.735943057794933	0.00297526019198463	0.999365034096035	0.00297526019198463
AC005480.1	0.736225267646919	0.00326339295237154	0.999365034096035	0.00326339295237154
WASHC1	0.736233073784103	0.00284586034319503	0.999365034096035	0.00284586034319503
CTBP1-DT	0.736333234278434	0.00355790668045934	0.999365034096035	0.00355790668045934
CFDP1	0.736334825481231	0.00182648075232025	0.999365034096035	0.00182648075232025
DPP7	0.736370387728154	-0.00281681053788079	0.999365034096035	-0.00281681053788079
AK1	0.736400000028414	0.00494086049029185	0.999365034096035	0.00494086049029185
ARRB1	0.736435362278354	-0.00209961921632033	0.999365034096035	-0.00209961921632033
EHBP1	0.736453910104869	-0.00209844857304779	0.999365034096035	-0.00209844857304779
ZNF232	0.736615722943296	0.0050816718996741	0.999365034096035	0.0050816718996741
CASD1	0.736738365771034	0.00182351408513981	0.999365034096035	0.00182351408513981
SENP3	0.736927074175468	0.00312420413249349	0.999365034096035	0.00312420413249349
NME3	0.737072198695715	-0.00299866563431488	0.999365034096035	-0.00299866563431488
TOR1AIP2	0.737220795780968	-0.00260213986976646	0.999365034096035	-0.00260213986976646
NUCB2	0.73730851696988	0.00396033380828234	0.999365034096035	0.00396033380828234
PPIA	0.737502104871962	-0.00469800557877607	0.999365034096035	-0.00469800557877607
ATP9A	0.73751521715017	-0.001692123008287	0.999365034096035	-0.001692123008287
CDK11B	0.737603866752537	0.00272789380271575	0.999365034096035	0.00272789380271575
ADAM17	0.737664501726601	0.00205311332634591	0.999365034096035	0.00205311332634591
XPNPEP1	0.737682742596515	-0.00304839708818737	0.999365034096035	-0.00304839708818737
UEVLD	0.737727193925866	0.00245174237409031	0.999365034096035	0.00245174237409031
SIK3	0.737897680416328	0.00118880453583948	0.999365034096035	0.00118880453583948
PLD5	0.738003739243456	-0.00206497984738333	0.999365034096035	-0.00206497984738333
SPRED2	0.73804491831069	-0.00440625258717011	0.999365034096035	-0.00440625258717011
CUTA	0.738065122314659	-0.00569610295499858	0.999365034096035	-0.00569610295499858
TSTD3	0.738142858582681	0.00229842777221153	0.999365034096035	0.00229842777221153
ZNF341	0.738156744759798	0.00378306368040089	0.999365034096035	0.00378306368040089
SMAD7	0.738218524657727	0.00357817035476912	0.999365034096035	0.00357817035476912
FIP1L1	0.738256060770359	-0.00174997004562889	0.999365034096035	-0.00174997004562889
TMEM209	0.738282881080569	-0.00404396134291467	0.999365034096035	-0.00404396134291467
HSF2	0.73835499321848	0.00373916928781457	0.999365034096035	0.00373916928781457
AP006621.3	0.738477500022658	-0.00333645261815016	0.999365034096035	-0.00333645261815016
ETV6	0.738694868032985	-0.00324686327012833	0.999365034096035	-0.00324686327012833
TMEM179B	0.738899675901661	0.00379187469895858	0.999365034096035	0.00379187469895858
R3HCC1L	0.738955720340269	0.00240659025969051	0.999365034096035	0.00240659025969051
WARS	0.739120485990661	-0.00469212836665328	0.999365034096035	-0.00469212836665328
FBXO27	0.739120692568067	-0.00316908031733702	0.999365034096035	-0.00316908031733702
TECPR2	0.739266145593766	-0.00166870527449564	0.999365034096035	-0.00166870527449564
FHIT	0.739310124799267	0.00119905136201727	0.999365034096035	0.00119905136201727
CENPQ	0.739376658452062	0.00414047706664068	0.999365034096035	0.00414047706664068
RBM8A	0.739525350001845	0.00341268054392985	0.999365034096035	0.00341268054392985
AKAP17A	0.73968559954506	-0.00326205275745196	0.999365034096035	-0.00326205275745196
RBMX2	0.739748409496896	0.00402088063131311	0.999365034096035	0.00402088063131311
MAZ	0.739865319728609	-0.00338878293834859	0.999365034096035	-0.00338878293834859
CABLES2	0.739886808648225	-0.00496995733167631	0.999365034096035	-0.00496995733167631
AL023284.4	0.73996343730467	-0.00350750997333701	0.999365034096035	-0.00350750997333701
PRELID2	0.740127203271123	0.0039697909791542	0.999365034096035	0.0039697909791542
SPG21	0.740365172304408	-0.0034822338788783	0.999365034096035	-0.0034822338788783
LINC01422	0.740501240266867	-0.0041732143319874	0.999365034096035	-0.0041732143319874
SMUG1	0.740537923510487	0.00403302972853115	0.999365034096035	0.00403302972853115
AL162458.1	0.740587272181155	0.00454796449494753	0.999365034096035	0.00454796449494753
PRMT7	0.740796166808391	-0.00273771283739824	0.999365034096035	-0.00273771283739824
SNF8	0.740859906542467	-0.0031548698659763	0.999365034096035	-0.0031548698659763
PRIM2	0.741040732396883	-0.00270336420879241	0.999365034096035	-0.00270336420879241
C5orf64	0.741059343137106	-0.00205080324601714	0.999365034096035	-0.00205080324601714
CTPS1	0.741365684926456	0.00377510801124543	0.999365034096035	0.00377510801124543
FXR1	0.741538888762998	-0.00158378726511929	0.999365034096035	-0.00158378726511929
AGRN	0.741541137807334	-0.00383716428941314	0.999365034096035	-0.00383716428941314
MFSD14A	0.741599093076516	0.00205057480442923	0.999365034096035	0.00205057480442923
ACADVL	0.74176612549236	0.00317690280243635	0.999365034096035	0.00317690280243635
PRMT5	0.741957527009643	0.00613813949162614	0.999365034096035	0.00613813949162614
CASK	0.742016673180777	-0.00205343068984538	0.999365034096035	-0.00205343068984538
ATP6V0E1	0.742067486906988	-0.00214175241013937	0.999365034096035	-0.00214175241013937
IL11RA	0.742151980012738	0.00443280138936966	0.999365034096035	0.00443280138936966
INTS9	0.742165655305662	-0.00226978087251256	0.999365034096035	-0.00226978087251256
CHGA	0.742278949702284	0.0110951824923822	0.999365034096035	0.0110951824923822
KCNC2	0.742359905179742	0.00706022578288038	0.999365034096035	0.00706022578288038
THAP8	0.742439938040079	0.00501579251531755	0.999365034096035	0.00501579251531755
INAFM1	0.742448863858984	-0.00666073722146792	0.999365034096035	-0.00666073722146792
PSMD11	0.74250777002092	0.0018885467117338	0.999365034096035	0.0018885467117338
MED16	0.742570542942963	-0.00356953067726449	0.999365034096035	-0.00356953067726449
FBXW2	0.74260197047135	0.00285585581482798	0.999365034096035	0.00285585581482798
EIF4E3	0.742798534912184	-0.00391449738271812	0.999365034096035	-0.00391449738271812
SPOCK3	0.742940822313084	-0.000966587329929851	0.999365034096035	-0.000966587329929851
EPHA6	0.742997931999318	0.00661758710700102	0.999365034096035	0.00661758710700102
DPP9	0.743013602737723	-0.00271425641279089	0.999365034096035	-0.00271425641279089
RPL14	0.743053827825432	-0.00386959743272393	0.999365034096035	-0.00386959743272393
SAMD4B	0.743146512132894	-0.00184444320151162	0.999365034096035	-0.00184444320151162
TMX1	0.743399986710307	-0.00340055369150823	0.999365034096035	-0.00340055369150823
ERCC8	0.743545660384539	-0.00261419677973346	0.999365034096035	-0.00261419677973346
NFIC	0.743573627739177	-0.00165942177710935	0.999365034096035	-0.00165942177710935
ZFP2	0.74358286993623	-0.00317906554179074	0.999365034096035	-0.00317906554179074
SAFB2	0.74359991873836	-0.00221585878980572	0.999365034096035	-0.00221585878980572
PCGF5	0.743744044996811	0.00117824023128255	0.999365034096035	0.00117824023128255
AC105942.1	0.743746370718377	-0.00433517535456232	0.999365034096035	-0.00433517535456232
GLTP	0.743772897208323	0.00149302219888232	0.999365034096035	0.00149302219888232
ASPA	0.743816548674579	-0.00191120819027259	0.999365034096035	-0.00191120819027259
NDUFB9	0.743965790652196	-0.00508692798041203	0.999365034096035	-0.00508692798041203
TCERG1	0.743989308771992	0.0022183096456108	0.999365034096035	0.0022183096456108
AGK	0.744118360801084	-0.002785661621743	0.999365034096035	-0.002785661621743
FAT3	0.744155890909487	0.00704236584855026	0.999365034096035	0.00704236584855026
ANKH	0.744168586630652	0.00132293198808286	0.999365034096035	0.00132293198808286
FTL	0.744294436407762	0.00305618345883534	0.999365034096035	0.00305618345883534
IMP3	0.744443335423617	0.00812558029339599	0.999365034096035	0.00812558029339599
TEP1	0.74491554897186	0.00438418570771789	0.999365034096035	0.00438418570771789
ADO	0.745035133996028	-0.00505330334147204	0.999365034096035	-0.00505330334147204
ANKLE2	0.745058324371222	-0.00298602643785011	0.999365034096035	-0.00298602643785011
QTRT2	0.745061277663083	0.00451598940139547	0.999365034096035	0.00451598940139547
XRN1	0.745446423388787	-0.00133199206178789	0.999365034096035	-0.00133199206178789
NAXE	0.745528809433404	0.00609581353681654	0.999365034096035	0.00609581353681654
SMIM12	0.745604127278034	-0.00324795494869328	0.999365034096035	-0.00324795494869328
DCAF8	0.745724625771092	0.00168920125907507	0.999365034096035	0.00168920125907507
RNF214	0.745763731978365	0.00296808906950005	0.999365034096035	0.00296808906950005
BDP1	0.745774625475167	0.00208159237632898	0.999365034096035	0.00208159237632898
ELMOD2	0.745842789569254	0.00309502949245759	0.999365034096035	0.00309502949245759
RNPC3	0.745881585237934	0.00176268785307465	0.999365034096035	0.00176268785307465
PARD3B	0.746054002916329	-0.00286431231880218	0.999365034096035	-0.00286431231880218
VAC14	0.746085085985842	-0.00301555930661952	0.999365034096035	-0.00301555930661952
COQ3	0.746175761342884	0.0053047235083124	0.999365034096035	0.0053047235083124
SUMO1	0.746407988203668	-0.00419099737018906	0.999365034096035	-0.00419099737018906
RFTN2	0.746441823237786	-0.00112182447872109	0.999365034096035	-0.00112182447872109
AMBRA1	0.746582055997897	-0.00159504576080013	0.999365034096035	-0.00159504576080013
ANAPC7	0.74662885344884	-0.00261154876302095	0.999365034096035	-0.00261154876302095
SCAMP2	0.746795731455002	-0.00266934491555022	0.999365034096035	-0.00266934491555022
ACVR1C	0.746799331293515	0.0022466854655012	0.999365034096035	0.0022466854655012
SAMD12	0.746847427891394	-0.00127758570847139	0.999365034096035	-0.00127758570847139
TENM4	0.746884536539749	0.00595794750246174	0.999365034096035	0.00595794750246174
ATG7	0.746943923270959	-0.00141143421439509	0.999365034096035	-0.00141143421439509
ROGDI	0.746977699740257	0.00290522151613781	0.999365034096035	0.00290522151613781
RPAP2	0.746985785977742	0.00164275846916643	0.999365034096035	0.00164275846916643
LETMD1	0.747049873922786	-0.00308210343920756	0.999365034096035	-0.00308210343920756
TRIM16L	0.747080168980683	0.0035029085674813	0.999365034096035	0.0035029085674813
ADCY9	0.747160765039134	-0.00278648496733447	0.999365034096035	-0.00278648496733447
RUFY1	0.747230747078121	0.00218343765466878	0.999365034096035	0.00218343765466878
RPL21	0.747270729484135	0.00389047528972394	0.999365034096035	0.00389047528972394
SNHG32	0.747312287790685	-0.00558582869826048	0.999365034096035	-0.00558582869826048
KCNAB2	0.747589499757239	-0.00718763420070145	0.999365034096035	-0.00718763420070145
SORCS2	0.747590982406239	-0.00264498289910319	0.999365034096035	-0.00264498289910319
EXT1	0.74759947109594	-0.00182901312239574	0.999365034096035	-0.00182901312239574
BCL2	0.747667753702257	0.00201312097632994	0.999365034096035	0.00201312097632994
ANKRD54	0.747700338876478	-0.00361739517966544	0.999365034096035	-0.00361739517966544
APLF	0.747705570481924	0.00251090341346907	0.999365034096035	0.00251090341346907
SPINT2	0.747726395104851	-0.00450119448609682	0.999365034096035	-0.00450119448609682
GALK2	0.747732653453653	0.00178884837337577	0.999365034096035	0.00178884837337577
ABHD12B	0.747774641876094	0.00541968054289881	0.999365034096035	0.00541968054289881
AC005899.5	0.747788873993123	0.00522983488967322	0.999365034096035	0.00522983488967322
DPYD	0.747946447840206	-0.00109879698933509	0.999365034096035	-0.00109879698933509
EMC6	0.747960605213233	0.00641766817294763	0.999365034096035	0.00641766817294763
BMI1	0.748013004056816	-0.00254241884418569	0.999365034096035	-0.00254241884418569
CDYL	0.748097730960099	-0.00204496834638286	0.999365034096035	-0.00204496834638286
DNM1L	0.748131942041468	0.00219596048874095	0.999365034096035	0.00219596048874095
LY6H	0.7482707509382	0.00807550172059564	0.999365034096035	0.00807550172059564
CLPTM1L	0.748284276927977	0.00315178411881389	0.999365034096035	0.00315178411881389
PDE4DIP	0.748295905398299	-0.00309884134712528	0.999365034096035	-0.00309884134712528
SEPTIN10	0.748421919171222	-0.00285370246500946	0.999365034096035	-0.00285370246500946
FMNL2	0.748432012287407	-0.000899630007172218	0.999365034096035	-0.000899630007172218
TMEM132D	0.748550509383703	-0.00606674701131647	0.999365034096035	-0.00606674701131647
IFT27	0.748689773211558	-0.00327480634455638	0.999365034096035	-0.00327480634455638
ZBTB7A	0.748713383809315	-0.00174606402561302	0.999365034096035	-0.00174606402561302
YARS	0.748724725718139	-0.00257864977196881	0.999365034096035	-0.00257864977196881
MFN1	0.748798780384363	0.0023868180702194	0.999365034096035	0.0023868180702194
TTF2	0.748975411798344	-0.00293966650621407	0.999365034096035	-0.00293966650621407
SPATA13	0.748990633632639	-0.00156614079749029	0.999365034096035	-0.00156614079749029
SPCS3	0.749094137377462	0.00279114912795707	0.999365034096035	0.00279114912795707
ZNF776	0.749264417569425	-0.00543383431640359	0.999365034096035	-0.00543383431640359
B4GALT2	0.749481313368689	0.00306490117169502	0.999365034096035	0.00306490117169502
NUP58	0.749754776334384	0.00194080847599852	0.999365034096035	0.00194080847599852
CAMK2A	0.74978159298101	-0.00697929387203699	0.999365034096035	-0.00697929387203699
MAP4	0.749819785631591	0.00137855068376348	0.999365034096035	0.00137855068376348
ATP9B	0.749829400661004	0.0017775228922774	0.999365034096035	0.0017775228922774
HEY2	0.749874666572054	-0.00317015990087271	0.999365034096035	-0.00317015990087271
SPOUT1	0.750223952848965	-0.00326055074378981	0.999365034096035	-0.00326055074378981
PSG8-AS1	0.750225646704565	-0.00420664439923773	0.999365034096035	-0.00420664439923773
METTL15	0.750362752047136	-0.00188574911727075	0.999365034096035	-0.00188574911727075
RBM17	0.750406457580226	-0.00203861675366897	0.999365034096035	-0.00203861675366897
GTPBP2	0.750424749049852	-0.00397552787579203	0.999365034096035	-0.00397552787579203
NCL	0.750505116023598	0.00260882941790604	0.999365034096035	0.00260882941790604
KHSRP	0.750646913374413	0.00218021349565545	0.999365034096035	0.00218021349565545
ZNF653	0.750776848001991	-0.00415151526472851	0.999365034096035	-0.00415151526472851
ZNF487	0.751138267961054	0.00420733069882378	0.999365034096035	0.00420733069882378
IVNS1ABP	0.751437314019589	0.00212821969384481	0.999365034096035	0.00212821969384481
TMA16	0.751478515703348	0.00452193561153365	0.999365034096035	0.00452193561153365
FAM118A	0.751695013063044	0.00465273818250548	0.999365034096035	0.00465273818250548
BX664615.2	0.751743810451077	0.00537329576510552	0.999365034096035	0.00537329576510552
NAA10	0.752006516450265	-0.00307224084908149	0.999365034096035	-0.00307224084908149
NACA	0.752077676024687	0.00340266177733502	0.999365034096035	0.00340266177733502
ZNF133	0.752106057737171	0.0025172737868912	0.999365034096035	0.0025172737868912
NUP188	0.752227899698631	0.00294126258727338	0.999365034096035	0.00294126258727338
SKP1	0.752299769790373	-0.00335356355591618	0.999365034096035	-0.00335356355591618
ADHFE1	0.752392985277876	-0.00271513602399161	0.999365034096035	-0.00271513602399161
NPAT	0.752565684742	-0.00272304825300259	0.999365034096035	-0.00272304825300259
AC061958.1	0.752750366736982	-0.0065191877437144	0.999365034096035	-0.0065191877437144
CERS4	0.752801934444428	0.00156329469836155	0.999365034096035	0.00156329469836155
ANKRD44	0.7528371066997	0.00129156130171748	0.999365034096035	0.00129156130171748
RIMS1	0.752851454941637	0.00596619182488847	0.999365034096035	0.00596619182488847
KIF1A	0.753007219654475	0.00195931137251469	0.999365034096035	0.00195931137251469
SNHG20	0.753166017563501	0.00442604286573941	0.999365034096035	0.00442604286573941
RYK	0.753269831014235	-0.00205554415306909	0.999365034096035	-0.00205554415306909
WBP4	0.753520542978339	-0.00196647437612706	0.999365034096035	-0.00196647437612706
ATP6V1G2	0.753596204508389	0.00741898599060551	0.999365034096035	0.00741898599060551
ENTPD3-AS1	0.753778321027782	0.00200802624077784	0.999365034096035	0.00200802624077784
TPCN2	0.753829736037774	-0.00507458886929943	0.999365034096035	-0.00507458886929943
SRD5A1	0.75387441004766	0.00445727528069424	0.999365034096035	0.00445727528069424
TSPO	0.75389360806962	0.00506691607739971	0.999365034096035	0.00506691607739971
RNF128	0.75394572224046	-0.0107714425459645	0.999365034096035	-0.0107714425459645
RPL12	0.754052739205044	0.00433465619159928	0.999365034096035	0.00433465619159928
FAM20B	0.754149346868639	0.00245244836535204	0.999365034096035	0.00245244836535204
TRMT112	0.754190842210638	-0.00489595376204412	0.999365034096035	-0.00489595376204412
RCHY1	0.754230058114158	0.00312569378569236	0.999365034096035	0.00312569378569236
CNP	0.754355991358722	0.00222266819753786	0.999365034096035	0.00222266819753786
ZNF880	0.754448468885582	0.00439704951315096	0.999365034096035	0.00439704951315096
C6orf47	0.754490033303605	0.00580267656608028	0.999365034096035	0.00580267656608028
PRELID3B	0.754567562655924	0.00499527740896364	0.999365034096035	0.00499527740896364
LRRTM4	0.754668551938073	0.00595768740492952	0.999365034096035	0.00595768740492952
EIF2B2	0.754724280980303	0.00492910454572144	0.999365034096035	0.00492910454572144
ARPP19	0.755042703649126	-0.00308566408202018	0.999365034096035	-0.00308566408202018
HNRNPA0	0.755051908962719	0.00319509891960025	0.999365034096035	0.00319509891960025
DOP1B	0.755116102763337	0.00505338016609704	0.999365034096035	0.00505338016609704
BBS10	0.755119454248521	-0.00492603243615206	0.999365034096035	-0.00492603243615206
RAB28	0.755157407091301	-0.00152425543562805	0.999365034096035	-0.00152425543562805
C12orf4	0.755183182640547	-0.00303342388593513	0.999365034096035	-0.00303342388593513
LINC01176	0.755212047419411	0.00502189759560942	0.999365034096035	0.00502189759560942
TMEM256	0.755333862745991	0.00583819540728285	0.999365034096035	0.00583819540728285
RGP1	0.755398525537646	-0.00482812307453722	0.999365034096035	-0.00482812307453722
ANO4	0.755531315613565	-0.0011530906362398	0.999365034096035	-0.0011530906362398
GID8	0.755664454730443	0.00328344672694022	0.999365034096035	0.00328344672694022
LUC7L3	0.755672017010173	0.00138375087542702	0.999365034096035	0.00138375087542702
NISCH	0.755781374592488	-0.00294783814490804	0.999365034096035	-0.00294783814490804
CAND1	0.755791592976835	-0.00240523129650659	0.999365034096035	-0.00240523129650659
DHPS	0.755857641513652	-0.00376897330392951	0.999365034096035	-0.00376897330392951
AC002463.1	0.7558602389731	0.0065313985012526	0.999365034096035	0.0065313985012526
HDGFL2	0.755886329851327	-0.00328515774419188	0.999365034096035	-0.00328515774419188
TFG	0.755941043743772	-0.00243040486788154	0.999365034096035	-0.00243040486788154
HCFC1R1	0.75611447441108	0.00426392984709323	0.999365034096035	0.00426392984709323
ZNF302	0.756279676740138	-0.00268277490827503	0.999365034096035	-0.00268277490827503
AC009630.1	0.756287914724042	-0.00499944460596502	0.999365034096035	-0.00499944460596502
MFGE8	0.756336688847471	0.00539235947956876	0.999365034096035	0.00539235947956876
ZNF189	0.756363817561365	-0.00247299225724386	0.999365034096035	-0.00247299225724386
TADA2A	0.756372821128836	-0.00269768836282433	0.999365034096035	-0.00269768836282433
CUBN	0.756396377092835	0.00472355235925739	0.999365034096035	0.00472355235925739
NUP54	0.756494302677629	-0.00237626364442026	0.999365034096035	-0.00237626364442026
LYNX1	0.756655682173432	-0.00452067274548002	0.999365034096035	-0.00452067274548002
AC040168.1	0.756692307914034	0.00264410044010785	0.999365034096035	0.00264410044010785
MTHFD1	0.756719720396522	0.00406700839813018	0.999365034096035	0.00406700839813018
TMEM160	0.756754539683009	-0.00611843091002147	0.999365034096035	-0.00611843091002147
G6PD	0.756806023353893	-0.00514551024602777	0.999365034096035	-0.00514551024602777
ACTR2	0.756987913046233	0.00263667348790572	0.999365034096035	0.00263667348790572
NOVA1	0.757020032106201	-0.00143406378383494	0.999365034096035	-0.00143406378383494
ODR4	0.757178677357101	-0.001720368582153	0.999365034096035	-0.001720368582153
TUBGCP3	0.757417578523615	0.00216707138451038	0.999365034096035	0.00216707138451038
KYAT3	0.757534532001245	0.00225203726497391	0.999365034096035	0.00225203726497391
FKBP15	0.757609115666827	-0.0020878199044079	0.999365034096035	-0.0020878199044079
MBP	0.757696182191232	-0.000957714663157907	0.999365034096035	-0.000957714663157907
ATP5F1B	0.757744674138124	0.00503633747415191	0.999365034096035	0.00503633747415191
LANCL1	0.75790079950172	0.00139261191149029	0.999365034096035	0.00139261191149029
MED12	0.757955066854726	0.00369866551336124	0.999365034096035	0.00369866551336124
ERG28	0.758259265144114	0.00407284153439376	0.999365034096035	0.00407284153439376
SND1	0.758262299345269	0.00183853309598156	0.999365034096035	0.00183853309598156
PLEKHA5	0.758303268348969	-0.00450134409881007	0.999365034096035	-0.00450134409881007
TPST1	0.758311659625101	-0.00266939064797268	0.999365034096035	-0.00266939064797268
LRRC4B	0.758343958882498	0.00174162804572546	0.999365034096035	0.00174162804572546
C11orf74	0.758489922734012	-0.00429904717308809	0.999365034096035	-0.00429904717308809
PFKFB4	0.758640943715869	-0.00287252497848105	0.999365034096035	-0.00287252497848105
AC006160.1	0.758675938975752	-0.00463349887011979	0.999365034096035	-0.00463349887011979
CHRAC1	0.75873809342472	0.00378798942867093	0.999365034096035	0.00378798942867093
ZNF506	0.758867247296279	0.00197551158570555	0.999365034096035	0.00197551158570555
TOP3A	0.758917531813923	0.00312860834366072	0.999365034096035	0.00312860834366072
NPAS3	0.759055822578261	-0.000800580534530112	0.999365034096035	-0.000800580534530112
WDR82	0.759165301164176	0.00274711265652564	0.999365034096035	0.00274711265652564
ZNF100	0.759179805097426	-0.00297371317185129	0.999365034096035	-0.00297371317185129
ITFG2	0.759491659196694	-0.00205464315077472	0.999365034096035	-0.00205464315077472
ACTB	0.759581280428748	0.00275129985808581	0.999365034096035	0.00275129985808581
LINC01445	0.759601936269222	0.00318800485093893	0.999365034096035	0.00318800485093893
CSAD	0.759617487608255	0.00215985881556444	0.999365034096035	0.00215985881556444
WASHC2C	0.759627302770333	0.00255686012048079	0.999365034096035	0.00255686012048079
ZNF446	0.759681319804803	-0.00462259944040517	0.999365034096035	-0.00462259944040517
CNIH4	0.759742213980357	-0.00325332178325641	0.999365034096035	-0.00325332178325641
KAT7	0.760031552788649	0.00248494538847875	0.999365034096035	0.00248494538847875
FAM160A2	0.760162492236629	-0.00385180150876995	0.999365034096035	-0.00385180150876995
CYC1	0.760232072173177	0.00544301510489309	0.999365034096035	0.00544301510489309
SNRPN	0.760291228893972	-0.00489791403880498	0.999365034096035	-0.00489791403880498
SGO2	0.760415312730268	-0.00424957101721296	0.999365034096035	-0.00424957101721296
NF2	0.760504586519833	0.00248164625304314	0.999365034096035	0.00248164625304314
ALDH9A1	0.760519683688505	-0.00510889622868861	0.999365034096035	-0.00510889622868861
ZNF91	0.760681420502519	-0.00182463459557749	0.999365034096035	-0.00182463459557749
DCAF5	0.760682868939424	0.00167750304788647	0.999365034096035	0.00167750304788647
STX4	0.760703277361979	0.00324614593270855	0.999365034096035	0.00324614593270855
YAE1	0.760717671214713	-0.00211615849384841	0.999365034096035	-0.00211615849384841
PKIA	0.760754265365711	-0.00603521173484369	0.999365034096035	-0.00603521173484369
AC068025.2	0.760919529422904	0.00332321264244474	0.999365034096035	0.00332321264244474
DIPK2B	0.760928276874114	0.00264309784441309	0.999365034096035	0.00264309784441309
AL133304.3	0.760981403929809	0.00237983516955127	0.999365034096035	0.00237983516955127
SCN3A	0.761030595780458	-0.00749474137911043	0.999365034096035	-0.00749474137911043
YTHDC1	0.761106118354681	-0.00155208949217008	0.999365034096035	-0.00155208949217008
LIMA1	0.761481127176546	0.00258316059332736	0.999365034096035	0.00258316059332736
CPEB2-DT	0.761618029499019	0.00442236361165413	0.999365034096035	0.00442236361165413
FAM124A	0.761699507716522	0.00154857946870158	0.999365034096035	0.00154857946870158
HLF	0.761731992823746	-0.00777100820639605	0.999365034096035	-0.00777100820639605
ITGA2	0.761733032290565	0.00159252504402978	0.999365034096035	0.00159252504402978
CLSTN2	0.762110324285888	0.00651286041205009	0.999365034096035	0.00651286041205009
ARMC1	0.762332618628109	0.00227747787576086	0.999365034096035	0.00227747787576086
SH3TC2	0.762336791720465	0.00130982723173677	0.999365034096035	0.00130982723173677
NGDN	0.762351792275822	0.00337488662272797	0.999365034096035	0.00337488662272797
POLR2F	0.762388184291717	0.00144188038711544	0.999365034096035	0.00144188038711544
AC061708.1	0.762434829700608	0.00250445337959274	0.999365034096035	0.00250445337959274
PHIP	0.762526019189002	0.000996057566902298	0.999365034096035	0.000996057566902298
PRR12	0.762605552146549	0.00240405998141589	0.999365034096035	0.00240405998141589
ERLIN1	0.762617371362158	-0.00312226409589626	0.999365034096035	-0.00312226409589626
MAN2A2	0.76267164122931	0.00210070096196865	0.999365034096035	0.00210070096196865
CPT1C	0.762807687956497	-0.00331645084195709	0.999365034096035	-0.00331645084195709
CYB5D2	0.762887094332538	0.00226002575238076	0.999365034096035	0.00226002575238076
UBR3	0.762941112250879	0.00113680158103112	0.999365034096035	0.00113680158103112
DOCK3	0.763109489473492	0.00102791058848011	0.999365034096035	0.00102791058848011
PNKD	0.763128538610842	0.0036534898518236	0.999365034096035	0.0036534898518236
SRI	0.763211907887659	-0.00442288351322374	0.999365034096035	-0.00442288351322374
ENAH	0.763220636452361	-0.00146379983058895	0.999365034096035	-0.00146379983058895
MBOAT7	0.763283767016573	0.00431884748096397	0.999365034096035	0.00431884748096397
CCDC15	0.763287307625972	-0.00490883297443272	0.999365034096035	-0.00490883297443272
BICD1	0.763310677356383	0.0013930586560897	0.999365034096035	0.0013930586560897
MRPL39	0.763316397056373	0.00349478109317819	0.999365034096035	0.00349478109317819
CHTF18	0.763340718016728	-0.00480248515103913	0.999365034096035	-0.00480248515103913
LRRC49	0.763512020991359	0.00333764658437022	0.999365034096035	0.00333764658437022
PAK3	0.763607100771103	0.00604521237319697	0.999365034096035	0.00604521237319697
DAAM2	0.763726203310572	0.00117109168507713	0.999365034096035	0.00117109168507713
CAMK1D	0.763779921124368	0.00620306413323267	0.999365034096035	0.00620306413323267
SPG7	0.763920380604177	-0.00150363839879702	0.999365034096035	-0.00150363839879702
TRUB2	0.763924309180163	-0.0028169308296023	0.999365034096035	-0.0028169308296023
TOP1	0.764124008119833	-0.00139201637523185	0.999365034096035	-0.00139201637523185
ELF2	0.764175406147947	-0.00108186037078778	0.999365034096035	-0.00108186037078778
GOLGA2	0.76444223144709	-0.00246536034597375	0.999365034096035	-0.00246536034597375
CRTC2	0.764473039231511	0.00413228510542107	0.999365034096035	0.00413228510542107
AL109824.1	0.76452670605192	-0.00692471630463985	0.999365034096035	-0.00692471630463985
PTPN12	0.764616749591084	-0.00204531112907451	0.999365034096035	-0.00204531112907451
TP53TG1	0.764653010071718	-0.00455374505239463	0.999365034096035	-0.00455374505239463
XRCC1	0.764993222152928	0.00314600845126426	0.999365034096035	0.00314600845126426
DHX35	0.764993894213401	0.00277618434245347	0.999365034096035	0.00277618434245347
TMEM69	0.76503261665471	0.00387443027434162	0.999365034096035	0.00387443027434162
RBM27	0.765128175965902	0.00173078727347591	0.999365034096035	0.00173078727347591
RANBP9	0.765266075670339	-0.00249007310879472	0.999365034096035	-0.00249007310879472
MYO1D	0.765416928614755	0.00109787786613534	0.999365034096035	0.00109787786613534
BRD3	0.765554872325388	0.00192090022145831	0.999365034096035	0.00192090022145831
ABHD14B	0.76569212148819	-0.00435741939985433	0.999365034096035	-0.00435741939985433
ARHGEF40	0.765696033984383	0.00288544567867369	0.999365034096035	0.00288544567867369
HACL1	0.765750282540252	-0.00196303015690851	0.999365034096035	-0.00196303015690851
MAP3K2	0.76588315661657	-0.00154933731308719	0.999365034096035	-0.00154933731308719
FKBP8	0.765907787489273	0.00226749258303107	0.999365034096035	0.00226749258303107
TP53BP2	0.76604670542924	-0.00239146286185472	0.999365034096035	-0.00239146286185472
AIG1	0.766063411061348	0.00154229353238427	0.999365034096035	0.00154229353238427
DHX16	0.766083151278386	-0.00399237746456457	0.999365034096035	-0.00399237746456457
MED13L	0.766091489728138	0.00106855364482494	0.999365034096035	0.00106855364482494
KMT5C	0.766118127860236	0.00260975385777221	0.999365034096035	0.00260975385777221
KAT6B	0.766132745935719	0.00159305788744629	0.999365034096035	0.00159305788744629
PLLP	0.766185685316501	-0.00144320248262869	0.999365034096035	-0.00144320248262869
PHB2	0.766301769385023	-0.00387562742739859	0.999365034096035	-0.00387562742739859
KCTD13	0.766645061765637	-0.0019876449341744	0.999365034096035	-0.0019876449341744
SH3GLB2	0.766921845994973	-0.00193652687358693	0.999365034096035	-0.00193652687358693
SCML1	0.767147670000427	0.00394895471999015	0.999365034096035	0.00394895471999015
FBXO17	0.767212832247939	-0.00538272483967309	0.999365034096035	-0.00538272483967309
CTNNA2	0.767444058815758	-0.00398813874113529	0.999365034096035	-0.00398813874113529
LACC1	0.767463432323772	-0.00299651446880385	0.999365034096035	-0.00299651446880385
SPEN	0.767468926325531	-0.0016393203631908	0.999365034096035	-0.0016393203631908
SNAP25	0.767490560322866	0.00622295449266699	0.999365034096035	0.00622295449266699
KLHL42	0.767493482258823	0.00174776340893758	0.999365034096035	0.00174776340893758
TMCC2	0.767595946612015	-0.00152018976323282	0.999365034096035	-0.00152018976323282
RPS6KA2	0.767639603884203	-0.00195124458681299	0.999365034096035	-0.00195124458681299
CEBPZ	0.767717778356055	0.00294669660809639	0.999365034096035	0.00294669660809639
PLAA	0.768011875153375	-0.00213230542768438	0.999365034096035	-0.00213230542768438
DENND2A	0.768094253543375	-0.00175544578880547	0.999365034096035	-0.00175544578880547
AC010210.1	0.768116908961338	-0.0028150681195546	0.999365034096035	-0.0028150681195546
MAP6	0.768270801403894	0.00627118388708112	0.999365034096035	0.00627118388708112
USP14	0.768273608053528	0.00174582687533373	0.999365034096035	0.00174582687533373
ATP13A4	0.768294219671801	0.00302570733909086	0.999365034096035	0.00302570733909086
HARS	0.768357726118432	-0.00233204586627549	0.999365034096035	-0.00233204586627549
AOPEP	0.768393797729399	-0.0010013599600115	0.999365034096035	-0.0010013599600115
CABIN1	0.76841957814138	-0.00221634719422601	0.999365034096035	-0.00221634719422601
PTTG1IP	0.768425778587139	-0.00263569428326166	0.999365034096035	-0.00263569428326166
EMC10	0.768482924701999	-0.00248956222248199	0.999365034096035	-0.00248956222248199
DTNB	0.768502621386266	0.00107729369704682	0.999365034096035	0.00107729369704682
RIOX2	0.768516250579855	0.00343678717242877	0.999365034096035	0.00343678717242877
VPS37C	0.768542924869319	-0.00331161262909148	0.999365034096035	-0.00331161262909148
TMEM128	0.768776542781232	0.00371605206401392	0.999365034096035	0.00371605206401392
SPPL2B	0.76883049360041	-0.00243401947469485	0.999365034096035	-0.00243401947469485
DDX56	0.768991690383481	0.00316971855783291	0.999365034096035	0.00316971855783291
AQP11	0.769089383809497	-0.00557240510871571	0.999365034096035	-0.00557240510871571
CERT1	0.769110295393271	-0.00142823824254202	0.999365034096035	-0.00142823824254202
SRR	0.769113204780513	0.00326061262160774	0.999365034096035	0.00326061262160774
AC012178.1	0.769160179749845	-0.0022486116053134	0.999365034096035	-0.0022486116053134
PPIL2	0.769165215303344	-0.00193118574592364	0.999365034096035	-0.00193118574592364
ZNF546	0.769180227278916	-0.00294923026295575	0.999365034096035	-0.00294923026295575
EPB41L1	0.769240018517917	-0.00181205265967086	0.999365034096035	-0.00181205265967086
ZNF404	0.769283605208198	0.00535934293477222	0.999365034096035	0.00535934293477222
AHI1	0.769431586419169	0.00159518229026476	0.999365034096035	0.00159518229026476
NRDE2	0.769612392517386	0.0020205598834449	0.999365034096035	0.0020205598834449
MCFD2	0.769717564645773	0.00373895517062033	0.999365034096035	0.00373895517062033
CCDC58	0.769731558789539	-0.00447892845728987	0.999365034096035	-0.00447892845728987
S100PBP	0.769745459884662	-0.00183722217070082	0.999365034096035	-0.00183722217070082
ELK4	0.769753135462983	-0.00263030305534734	0.999365034096035	-0.00263030305534734
MGAT4B	0.769770936004343	-0.00488439894828591	0.999365034096035	-0.00488439894828591
CUL4A	0.769789108086782	-0.00156133349446073	0.999365034096035	-0.00156133349446073
FSIP2-AS1	0.769789249301561	0.00287794201936357	0.999365034096035	0.00287794201936357
AC091180.5	0.770000252011316	0.00374413702814659	0.999365034096035	0.00374413702814659
ST3GAL1	0.770230886020597	-0.0041624001645597	0.999365034096035	-0.0041624001645597
APOD	0.77032358510931	0.00311227050596047	0.999365034096035	0.00311227050596047
PEX7	0.770442359964126	0.00313772804385738	0.999365034096035	0.00313772804385738
SPATA6L	0.770604376290948	0.00471106805312436	0.999365034096035	0.00471106805312436
BZW2	0.770832705634542	0.00357846513705096	0.999365034096035	0.00357846513705096
AC233296.1	0.770866647492238	0.00216292281069782	0.999365034096035	0.00216292281069782
MAP2K6	0.770952953211747	0.00194164521878943	0.999365034096035	0.00194164521878943
MSH6	0.771107498397727	0.00216270053666682	0.999365034096035	0.00216270053666682
SLC33A1	0.771224741503133	0.00235114349352964	0.999365034096035	0.00235114349352964
CLDN15	0.771685029555972	-0.00323786854601169	0.999365034096035	-0.00323786854601169
KCND2	0.771696448328595	0.00617749144434953	0.999365034096035	0.00617749144434953
NR2F1-AS1	0.771796718939399	-0.00670227924865302	0.999365034096035	-0.00670227924865302
TCEAL4	0.771828761849365	-0.00293385462849509	0.999365034096035	-0.00293385462849509
ARHGEF4	0.77183459045083	-0.00514151173818544	0.999365034096035	-0.00514151173818544
CCNT2-AS1	0.771891962763163	0.00380052856826201	0.999365034096035	0.00380052856826201
LMO3	0.772045845938157	-0.0067551983156843	0.999365034096035	-0.0067551983156843
SRSF5	0.772089371063426	0.00150348005184033	0.999365034096035	0.00150348005184033
AC016383.2	0.772150128507805	-0.00460471987246876	0.999365034096035	-0.00460471987246876
LINC01500	0.772171246328923	-0.00405872352258793	0.999365034096035	-0.00405872352258793
PPARA	0.772245268446054	-0.00200676826662862	0.999365034096035	-0.00200676826662862
EPB41L2	0.772345708212813	-0.00126243933526626	0.999365034096035	-0.00126243933526626
LPCAT3	0.772378973910255	0.0024955157975086	0.999365034096035	0.0024955157975086
ELOA	0.772416682291697	-0.00317779390768253	0.999365034096035	-0.00317779390768253
PPP2R5B	0.772665337219458	0.00271578728403505	0.999365034096035	0.00271578728403505
SCAMP1	0.772721043140706	-0.00220880258020371	0.999365034096035	-0.00220880258020371
STMN2	0.772788661321545	0.00597833567167466	0.999365034096035	0.00597833567167466
LSM7	0.772799685763757	-0.00371535902280981	0.999365034096035	-0.00371535902280981
SHROOM4	0.772803795605993	-0.00116442005411129	0.999365034096035	-0.00116442005411129
C12orf76	0.772833013167312	0.00122454360486608	0.999365034096035	0.00122454360486608
ZNF763	0.773229772641059	-0.00357484375501936	0.999365034096035	-0.00357484375501936
UBE2D3-AS1	0.773477566480259	0.00360025940307432	0.999365034096035	0.00360025940307432
MVB12B	0.773526748526005	-0.00120793905050029	0.999365034096035	-0.00120793905050029
ZNF425	0.773541032879516	-0.00316665427016951	0.999365034096035	-0.00316665427016951
C14orf132	0.773631812409289	-0.00223525564852633	0.999365034096035	-0.00223525564852633
PCBP4	0.773684897885874	-0.00207712183616905	0.999365034096035	-0.00207712183616905
STPG1	0.773700878041215	0.00256847538702176	0.999365034096035	0.00256847538702176
UBE2E2	0.773979919953821	0.000787613021126253	0.999365034096035	0.000787613021126253
PRPF8	0.774038880882795	0.00177673290200978	0.999365034096035	0.00177673290200978
CHM	0.774227447095544	-0.0018741571569392	0.999365034096035	-0.0018741571569392
LYRM2	0.774302097321113	-0.00190166889546301	0.999365034096035	-0.00190166889546301
LTA4H	0.774498529050852	-0.00309158784238454	0.999365034096035	-0.00309158784238454
ILRUN	0.774544083030282	-0.0020514895646811	0.999365034096035	-0.0020514895646811
NUP62	0.774827590898475	0.00338424316375036	0.999365034096035	0.00338424316375036
RRP36	0.774830196665935	-0.00309122781040295	0.999365034096035	-0.00309122781040295
ZNF254	0.774871262052759	0.00164507947755077	0.999365034096035	0.00164507947755077
PER3	0.774893972617401	-0.00169430031894416	0.999365034096035	-0.00169430031894416
POU5F2	0.774916932071652	0.00436411174473334	0.999365034096035	0.00436411174473334
LINC00893	0.775035139736603	0.00530943087130182	0.999365034096035	0.00530943087130182
RAD51B	0.775189655753501	-0.00127147942556938	0.999365034096035	-0.00127147942556938
FAM160B1	0.775235228027679	0.00382985080754783	0.999365034096035	0.00382985080754783
NIPSNAP1	0.775248194262607	-0.00361717334826104	0.999365034096035	-0.00361717334826104
RFC1	0.775273925751498	-0.00150297962396819	0.999365034096035	-0.00150297962396819
YBX1	0.775364823916691	-0.00258671310438046	0.999365034096035	-0.00258671310438046
AC048341.1	0.775497778430591	-0.00321153773448257	0.999365034096035	-0.00321153773448257
CPPED1	0.775821846555542	-0.00151169824256758	0.999365034096035	-0.00151169824256758
COA3	0.776147097501537	0.00576475969280994	0.999365034096035	0.00576475969280994
AL049828.1	0.776168949462945	-0.0021777583949549	0.999365034096035	-0.0021777583949549
WDR37	0.776255729259576	-0.0014122710652888	0.999365034096035	-0.0014122710652888
RGL1	0.776266618654696	0.0012749830572596	0.999365034096035	0.0012749830572596
RAMP1	0.776418167603911	0.0056353949557165	0.999365034096035	0.0056353949557165
MLXIP	0.776449327997764	0.00187293436717375	0.999365034096035	0.00187293436717375
MRPL3	0.776691218547063	-0.00287287921573557	0.999365034096035	-0.00287287921573557
TMEM106B	0.776786249676972	-0.00191885615517901	0.999365034096035	-0.00191885615517901
TNIK	0.776806771899356	-0.00178680990046106	0.999365034096035	-0.00178680990046106
EEF1AKNMT	0.776836761317635	0.00427431556576778	0.999365034096035	0.00427431556576778
SLC38A2	0.776950402796284	-0.00227709497025153	0.999365034096035	-0.00227709497025153
PIK3IP1	0.777352609808141	-0.0024009459388599	0.999365034096035	-0.0024009459388599
FKTN	0.777384878558557	0.00183087159381406	0.999365034096035	0.00183087159381406
AC018682.1	0.777386071780138	-0.00676444200618766	0.999365034096035	-0.00676444200618766
VAMP7	0.777404030600927	0.00337997398593076	0.999365034096035	0.00337997398593076
AC005726.1	0.777445975875946	-0.00439711299464057	0.999365034096035	-0.00439711299464057
PSMA2	0.777514294096713	-0.00363281646036376	0.999365034096035	-0.00363281646036376
LAYN	0.777647714101838	-0.00252358589807505	0.999365034096035	-0.00252358589807505
SEPTIN4	0.777667060391523	0.00171187080273105	0.999365034096035	0.00171187080273105
SMARCA5	0.777681838747972	-0.00171264480592162	0.999365034096035	-0.00171264480592162
EMC1	0.777715012875691	0.00358315842453227	0.999365034096035	0.00358315842453227
EIF2AK2	0.777719864097278	0.00277557923317369	0.999365034096035	0.00277557923317369
CLCN3	0.777745901672531	0.00160776936903976	0.999365034096035	0.00160776936903976
TEAD1	0.777827654427049	-0.00148445558635518	0.999365034096035	-0.00148445558635518
BMPR2	0.777869280791419	-0.00268048028497253	0.999365034096035	-0.00268048028497253
NUDT12	0.777899855729369	0.00419087061155039	0.999365034096035	0.00419087061155039
GLYR1	0.778003313999771	0.00163332228256542	0.999365034096035	0.00163332228256542
HAUS6	0.778007807954939	-0.00301166755570834	0.999365034096035	-0.00301166755570834
PMS2	0.778031171129439	-0.00277874945800078	0.999365034096035	-0.00277874945800078
ZNF609	0.778036871197495	0.00120955587841582	0.999365034096035	0.00120955587841582
AC004918.1	0.778039731511494	0.00344024206006206	0.999365034096035	0.00344024206006206
XRCC5	0.778254645490239	-0.00118942819387312	0.999365034096035	-0.00118942819387312
SSR3	0.778275068305028	0.00293681210431794	0.999365034096035	0.00293681210431794
KIF27	0.778569327103663	0.00252586632011126	0.999365034096035	0.00252586632011126
SIPA1L3	0.778611472268027	0.00143511914579363	0.999365034096035	0.00143511914579363
LIMCH1	0.778717368817764	-0.000816594085017342	0.999365034096035	-0.000816594085017342
ABHD2	0.778766471268855	0.00273614834750253	0.999365034096035	0.00273614834750253
CYTH1	0.778783369060027	0.00127139527883181	0.999365034096035	0.00127139527883181
NOP2	0.778911424859879	0.00406427936457671	0.999365034096035	0.00406427936457671
RPL13A	0.778920148539829	0.00318937635864666	0.999365034096035	0.00318937635864666
C3orf14	0.779021470849241	0.00486366483041154	0.999365034096035	0.00486366483041154
LINC00862	0.77917775088184	0.00194777365845041	0.999365034096035	0.00194777365845041
PPP1CB	0.779241548457065	-0.00206749229064203	0.999365034096035	-0.00206749229064203
CWC27	0.779395125132583	0.00149789291728083	0.999365034096035	0.00149789291728083
DUSP7	0.779505849679874	0.00282257417847724	0.999365034096035	0.00282257417847724
NDUFS3	0.779583378445449	-0.00440493793621872	0.999365034096035	-0.00440493793621872
SDF4	0.779593046383619	0.0026228589224699	0.999365034096035	0.0026228589224699
AC092329.4	0.779603711918473	-0.00342181685771011	0.999365034096035	-0.00342181685771011
DDX25	0.779700089640763	0.00578235591437076	0.999365034096035	0.00578235591437076
GPATCH3	0.77984423182616	0.00453367961105259	0.999365034096035	0.00453367961105259
SRP54	0.779931919283242	-0.00195840445765432	0.999365034096035	-0.00195840445765432
HSPG2	0.779942842968242	0.00359861717366916	0.999365034096035	0.00359861717366916
MOG	0.780106364458739	-0.00152121228894682	0.999365034096035	-0.00152121228894682
MRFAP1	0.78015615207423	0.00369589725317489	0.999365034096035	0.00369589725317489
PLA2G4C	0.780183751498139	-0.00201900847916802	0.999365034096035	-0.00201900847916802
FPGS	0.780341848318222	0.00223087051315429	0.999365034096035	0.00223087051315429
LINC01006	0.780423337404804	0.00301803747701036	0.999365034096035	0.00301803747701036
AL359504.2	0.780478913461193	-0.00380832263198765	0.999365034096035	-0.00380832263198765
ATP5MD	0.780503216800535	0.00549521446158843	0.999365034096035	0.00549521446158843
CYB5R4	0.7809375669432	0.00156565926079969	0.999365034096035	0.00156565926079969
TRIM8	0.78100210900217	-0.00209094360312196	0.999365034096035	-0.00209094360312196
RBM26-AS1	0.781158584974549	0.00401160182490245	0.999365034096035	0.00401160182490245
HSPD1	0.781269233320169	0.00244498020022041	0.999365034096035	0.00244498020022041
MRPS18B	0.78137821481531	0.00284765132498526	0.999365034096035	0.00284765132498526
TRMT6	0.781507210810835	0.00505269312516986	0.999365034096035	0.00505269312516986
YARS2	0.781514998254388	-0.00245200081179072	0.999365034096035	-0.00245200081179072
ANO8	0.781605669569674	-0.00358589265290707	0.999365034096035	-0.00358589265290707
REXO4	0.781615544461442	0.00296430261600744	0.999365034096035	0.00296430261600744
TRAF4	0.781640033322106	-0.00336008917733029	0.999365034096035	-0.00336008917733029
MVD	0.781754246928848	0.00258813479028391	0.999365034096035	0.00258813479028391
CHRM3	0.78198730228733	-0.0051163989379281	0.999365034096035	-0.0051163989379281
TMCO3	0.78211371521756	0.00202309628945694	0.999365034096035	0.00202309628945694
BSG	0.782275807024237	0.0031176490946275	0.999365034096035	0.0031176490946275
MALSU1	0.782332785572787	-0.00219263318144914	0.999365034096035	-0.00219263318144914
PRKN	0.782363385911321	-0.00111102734381895	0.999365034096035	-0.00111102734381895
MXI1	0.782391489386826	-0.00114204606912653	0.999365034096035	-0.00114204606912653
DNTTIP2	0.782414979396179	-0.00448479067409598	0.999365034096035	-0.00448479067409598
CAPRIN2	0.782417215296686	-0.00334766302310945	0.999365034096035	-0.00334766302310945
MAATS1	0.782530581814036	0.00408013358388765	0.999365034096035	0.00408013358388765
SFT2D1	0.782689478000451	-0.00263488267149696	0.999365034096035	-0.00263488267149696
NCBP3	0.782716132287228	-0.00192572614910708	0.999365034096035	-0.00192572614910708
AL683813.1	0.78277515187834	-0.00215945512736289	0.999365034096035	-0.00215945512736289
RABAC1	0.782841632933137	0.00354496074087871	0.999365034096035	0.00354496074087871
ARL2	0.782954840165015	-0.00299172381494202	0.999365034096035	-0.00299172381494202
TERF2	0.783030430233488	0.00249926703859676	0.999365034096035	0.00249926703859676
DOCK7	0.783087935620958	0.00328255065988808	0.999365034096035	0.00328255065988808
NLGN1	0.783102238145388	-0.00110271367576914	0.999365034096035	-0.00110271367576914
DSTYK	0.783116545357471	0.00162038697097623	0.999365034096035	0.00162038697097623
SMOC1	0.783126549176866	-0.00259474267997747	0.999365034096035	-0.00259474267997747
CD9	0.7831266979331	0.00235607399297356	0.999365034096035	0.00235607399297356
REPIN1	0.783130172524104	-0.00309437896444047	0.999365034096035	-0.00309437896444047
PPP6R1	0.783309172821237	0.00210757650189298	0.999365034096035	0.00210757650189298
ACOX3	0.783329739595854	0.00239293990021311	0.999365034096035	0.00239293990021311
ARHGEF3	0.783537461791254	0.00314921529218212	0.999365034096035	0.00314921529218212
ZNHIT3	0.783541753040202	-0.00390298693563909	0.999365034096035	-0.00390298693563909
ZNF610	0.783784026867788	0.00349829380675692	0.999365034096035	0.00349829380675692
AC009403.2	0.783963041001785	-0.00372426459882137	0.999365034096035	-0.00372426459882137
MAPK3	0.78401477176603	-0.00321170000624148	0.999365034096035	-0.00321170000624148
TBC1D5	0.784230896647746	-0.000823955848963896	0.999365034096035	-0.000823955848963896
ZNF665	0.784370746026371	-0.00352089717141223	0.999365034096035	-0.00352089717141223
FCHSD2	0.784391300028719	0.00127285778371817	0.999365034096035	0.00127285778371817
AMZ1	0.784686639139961	0.00300253967493636	0.999365034096035	0.00300253967493636
KCNJ9	0.784766823078012	0.00441154129993329	0.999365034096035	0.00441154129993329
PPFIA2	0.784791322875777	0.00142841357593038	0.999365034096035	0.00142841357593038
ZFYVE1	0.784937486855032	-0.00221530445590911	0.999365034096035	-0.00221530445590911
WASL	0.784965278193455	0.00244013561093971	0.999365034096035	0.00244013561093971
ZNF350	0.784991299517117	0.00428754817468135	0.999365034096035	0.00428754817468135
ATP2B1	0.785231469165088	0.00439435349441093	0.999365034096035	0.00439435349441093
PTGES3	0.785492150268066	0.00207470335172058	0.999365034096035	0.00207470335172058
KLHL5	0.785612134255924	-0.00166711985255674	0.999365034096035	-0.00166711985255674
EID2B	0.785678189750218	-0.00416424892707088	0.999365034096035	-0.00416424892707088
ZGRF1	0.78573968130537	0.0020481277468762	0.999365034096035	0.0020481277468762
KMT2C	0.785960531817785	-0.000945482155843038	0.999365034096035	-0.000945482155843038
LDB3	0.785961302914203	0.00161484762271473	0.999365034096035	0.00161484762271473
CCDC85B	0.78602277952138	-0.0053551448176425	0.999365034096035	-0.0053551448176425
FCSK	0.786045352763496	0.00308502597680485	0.999365034096035	0.00308502597680485
CELF1	0.786125766152036	-0.00141762370730149	0.999365034096035	-0.00141762370730149
TBC1D14	0.786236034203635	0.00172788969022331	0.999365034096035	0.00172788969022331
DNAJC6	0.786254372842638	-0.000755456186573275	0.999365034096035	-0.000755456186573275
PUDP	0.786493278349137	-0.00178537909643447	0.999365034096035	-0.00178537909643447
NBR2	0.786690343854722	0.00251327101388127	0.999365034096035	0.00251327101388127
SLC9A3R1	0.786750946448643	-0.00309218576927046	0.999365034096035	-0.00309218576927046
ERO1B	0.786818340805685	-0.0022191718282269	0.999365034096035	-0.0022191718282269
EIF2S2	0.786972305474029	-0.00218399444012298	0.999365034096035	-0.00218399444012298
ZMYM1	0.787049897206291	0.00274835171270425	0.999365034096035	0.00274835171270425
STXBP5	0.787137661005588	-0.00205876062848557	0.999365034096035	-0.00205876062848557
CTU2	0.787151474646824	0.0054666907987744	0.999365034096035	0.0054666907987744
AK9	0.787186222461317	0.00190238540171625	0.999365034096035	0.00190238540171625
PSMF1	0.787311091003061	-0.00173797856908234	0.999365034096035	-0.00173797856908234
TBC1D8B	0.787597123934549	-0.00240666531327774	0.999365034096035	-0.00240666531327774
SPATA5	0.787619718157452	0.0014667660509061	0.999365034096035	0.0014667660509061
DYNLL1	0.787785962542811	-0.00302887011774112	0.999365034096035	-0.00302887011774112
MDH1	0.788087819861573	0.00505679926421749	0.999365034096035	0.00505679926421749
NUDT2	0.788095771757767	0.00267663760160995	0.999365034096035	0.00267663760160995
SPTBN1	0.788413914864428	-0.000961676114925177	0.999365034096035	-0.000961676114925177
GNB2	0.788541867660701	-0.00405973684063717	0.999365034096035	-0.00405973684063717
STMP1	0.788599991887472	-0.00232949967415981	0.999365034096035	-0.00232949967415981
AKIP1	0.788614024112217	-0.00424994271875062	0.999365034096035	-0.00424994271875062
AC023787.2	0.788630413893024	0.00389583093840282	0.999365034096035	0.00389583093840282
GUK1	0.788647837882244	0.00262098969803317	0.999365034096035	0.00262098969803317
TMEM33	0.788885800652892	0.00210238267455107	0.999365034096035	0.00210238267455107
SF3B2	0.78889161261472	-0.00195317679892919	0.999365034096035	-0.00195317679892919
EDC4	0.789082438239047	0.00266213285744566	0.999365034096035	0.00266213285744566
USP36	0.789132433188098	-0.00196669473519528	0.999365034096035	-0.00196669473519528
STARD10	0.789151250672514	0.00260270685206086	0.999365034096035	0.00260270685206086
MSMO1	0.789260680884431	0.00311466474208449	0.999365034096035	0.00311466474208449
TXNDC16	0.789314161427371	0.00196839082262141	0.999365034096035	0.00196839082262141
COX6B1	0.789401840017561	-0.00417121530023565	0.999365034096035	-0.00417121530023565
AP3S1	0.789486364377326	0.00239841695018305	0.999365034096035	0.00239841695018305
CYB5B	0.789497872270749	-0.00184442164371194	0.999365034096035	-0.00184442164371194
TMEM258	0.789666765946133	-0.00350825450354178	0.999365034096035	-0.00350825450354178
ESRRG	0.78976882116797	-0.00197632569887204	0.999365034096035	-0.00197632569887204
ABHD5	0.789908309020062	0.00240497094411307	0.999365034096035	0.00240497094411307
DMPK	0.789909941051543	0.00277846900247019	0.999365034096035	0.00277846900247019
JMJD6	0.790293691249328	-0.00367323030115403	0.999365034096035	-0.00367323030115403
POLE2	0.790441547076978	-0.00346556604599725	0.999365034096035	-0.00346556604599725
CGRRF1	0.790485853133303	-0.00371425972681479	0.999365034096035	-0.00371425972681479
KPNB1	0.790501296594298	-0.00130555146776573	0.999365034096035	-0.00130555146776573
VIRMA	0.790700669887699	0.00157428202890336	0.999365034096035	0.00157428202890336
RNMT	0.790871312567898	0.0014556377114603	0.999365034096035	0.0014556377114603
SLC20A2	0.790959581434007	0.00115684658110305	0.999365034096035	0.00115684658110305
MT-ATP6	0.791021713927199	-0.00198897972025422	0.999365034096035	-0.00198897972025422
ZNF236	0.791492170946168	-0.0018942228187852	0.999365034096035	-0.0018942228187852
SENP7	0.79151520280785	0.00152623053356256	0.999365034096035	0.00152623053356256
AC024597.1	0.791709979987524	0.00434607141556867	0.999365034096035	0.00434607141556867
SNX11	0.791739176944643	0.00359601424823264	0.999365034096035	0.00359601424823264
MPRIP	0.791967016569629	-0.00109742554757111	0.999365034096035	-0.00109742554757111
AGO4	0.792179379089085	-0.00166438845557758	0.999365034096035	-0.00166438845557758
GDI1	0.792228635173035	-0.00252119005277231	0.999365034096035	-0.00252119005277231
ZCWPW2	0.792237581275933	-0.00248955757669049	0.999365034096035	-0.00248955757669049
COX5A	0.79236720392179	0.00482730673400974	0.999365034096035	0.00482730673400974
FGF17	0.792401175065305	-0.00821533498223963	0.999365034096035	-0.00821533498223963
SUPV3L1	0.792471301301274	0.00257305170133692	0.999365034096035	0.00257305170133692
HMGCS1	0.792564390809285	-0.00301233804370191	0.999365034096035	-0.00301233804370191
CEP68	0.792596457847122	-0.00235615774209529	0.999365034096035	-0.00235615774209529
SSBP4	0.792740974124838	-0.00617652419016011	0.999365034096035	-0.00617652419016011
ZNF384	0.792788867873892	-0.00297503888182341	0.999365034096035	-0.00297503888182341
PI4K2A	0.792842315036415	-0.00433798945414013	0.999365034096035	-0.00433798945414013
PTPRD	0.792890123351003	0.000790927105649685	0.999365034096035	0.000790927105649685
WDR26	0.792994698314865	-0.00167436455161288	0.999365034096035	-0.00167436455161288
STUB1	0.79308303032708	0.00364630319834526	0.999365034096035	0.00364630319834526
ADA	0.793109306140526	-0.00264301481345207	0.999365034096035	-0.00264301481345207
CXXC1	0.793325359663708	0.00232854067764625	0.999365034096035	0.00232854067764625
AC080162.1	0.793402254481787	0.00305901371494479	0.999365034096035	0.00305901371494479
CREB3	0.793402810421912	-0.00522714577107795	0.999365034096035	-0.00522714577107795
LINC02649	0.793484193960296	-0.00415992279790706	0.999365034096035	-0.00415992279790706
SLC43A2	0.793617887999041	0.0052440356477534	0.999365034096035	0.0052440356477534
CCDC66	0.793648576055603	0.00120715225910436	0.999365034096035	0.00120715225910436
AP002370.2	0.793680872786701	-0.00416384329712669	0.999365034096035	-0.00416384329712669
TET3	0.793746879673498	-0.00155247066174892	0.999365034096035	-0.00155247066174892
LINC01344	0.793818991736533	-0.00393192679941031	0.999365034096035	-0.00393192679941031
LARP1B	0.793838949715985	0.00195711492231089	0.999365034096035	0.00195711492231089
STXBP5L	0.793842619270499	0.00508346972624495	0.999365034096035	0.00508346972624495
MEF2C	0.793883936925999	0.00489046905269727	0.999365034096035	0.00489046905269727
PLPP3	0.793937641606986	0.00176302352212676	0.999365034096035	0.00176302352212676
EPC2	0.794040803112681	0.00160525688428977	0.999365034096035	0.00160525688428977
IFRD1	0.794041349199204	-0.0018840960236959	0.999365034096035	-0.0018840960236959
DGCR8	0.79405124860597	0.00212423181452986	0.999365034096035	0.00212423181452986
PIAS1	0.794063915859816	0.0012650659265582	0.999365034096035	0.0012650659265582
TXNRD2	0.794173517255912	0.00296670990815811	0.999365034096035	0.00296670990815811
TMEM59L	0.794293467973	0.00496805060115346	0.999365034096035	0.00496805060115346
FZD5	0.794491610636216	-0.00395267183136667	0.999365034096035	-0.00395267183136667
AC025048.2	0.794575369382517	0.00427433510707797	0.999365034096035	0.00427433510707797
KCNB2	0.794579218453976	-0.00548678043211784	0.999365034096035	-0.00548678043211784
COPS6	0.794631474007198	0.00232291369718227	0.999365034096035	0.00232291369718227
SERINC5	0.794677897134802	0.0011474966466238	0.999365034096035	0.0011474966466238
AL132857.1	0.794777893357989	0.00294132701353734	0.999365034096035	0.00294132701353734
NRBF2	0.794892161618372	-0.00370719237419508	0.999365034096035	-0.00370719237419508
AC105402.3	0.794920739216892	-0.00939936032090989	0.999365034096035	-0.00939936032090989
SHPK	0.794959503709026	-0.00275630559073911	0.999365034096035	-0.00275630559073911
TXN	0.794991221801453	0.00551035333337139	0.999365034096035	0.00551035333337139
DLAT	0.795065030080833	0.00278001292505551	0.999365034096035	0.00278001292505551
RABL2A	0.795300609264342	0.0022974321502409	0.999365034096035	0.0022974321502409
HSD11B1L	0.795334346758145	-0.00560537576514911	0.999365034096035	-0.00560537576514911
PIGH	0.795392566854129	-0.00402320465037525	0.999365034096035	-0.00402320465037525
TRIP11	0.79542128785188	-0.00151900610993495	0.999365034096035	-0.00151900610993495
ACTR5	0.795475452348211	-0.00364350976328002	0.999365034096035	-0.00364350976328002
AC097634.3	0.795486946992304	0.00315434030498111	0.999365034096035	0.00315434030498111
DIAPH2	0.795506275056609	0.00389059645665797	0.999365034096035	0.00389059645665797
BICD2	0.795603212184598	-0.00262497162552365	0.999365034096035	-0.00262497162552365
ZNF490	0.795667358694053	0.00256499378157696	0.999365034096035	0.00256499378157696
OTUD1	0.795686558130783	0.00413464932815041	0.999365034096035	0.00413464932815041
EIF5B	0.795877007057537	0.00152573163929208	0.999365034096035	0.00152573163929208
SCLY	0.795937718548598	0.00176880259769521	0.999365034096035	0.00176880259769521
ACYP2	0.795942039787875	-0.000989918162148078	0.999365034096035	-0.000989918162148078
MTG2	0.795952598471468	-0.00200814447373165	0.999365034096035	-0.00200814447373165
RNF121	0.795956397310331	0.00260051599630713	0.999365034096035	0.00260051599630713
PSMD13	0.795968619920854	0.00274948308423216	0.999365034096035	0.00274948308423216
AOAH	0.796068312188939	-0.0024791357687265	0.999365034096035	-0.0024791357687265
TAB1	0.796082574533167	0.00175713641902117	0.999365034096035	0.00175713641902117
DHX9	0.796116128635761	0.00159091319724086	0.999365034096035	0.00159091319724086
MTUS2	0.796255858626759	-0.00530921220043424	0.999365034096035	-0.00530921220043424
RRNAD1	0.796309639130147	-0.0025152326992656	0.999365034096035	-0.0025152326992656
PSTK	0.796327617520201	-0.00224562897044221	0.999365034096035	-0.00224562897044221
SDHAF1	0.796344003331721	0.00497466095555468	0.999365034096035	0.00497466095555468
CASP3	0.796384581313072	0.00294235601956072	0.999365034096035	0.00294235601956072
AC087473.1	0.79641388576676	0.00283706482075351	0.999365034096035	0.00283706482075351
SNX22	0.796439407535952	0.00311108450323381	0.999365034096035	0.00311108450323381
DCP2	0.796546926305384	-0.0021932343328955	0.999365034096035	-0.0021932343328955
NSMCE2	0.796590429158984	0.000957737036444417	0.999365034096035	0.000957737036444417
MRPS31	0.796713998062031	0.00192384998077914	0.999365034096035	0.00192384998077914
DTNA	0.796947769633451	-0.00263987798150614	0.999365034096035	-0.00263987798150614
DVL3	0.79696714890038	-0.00277807411171997	0.999365034096035	-0.00277807411171997
WDR66	0.797073204641222	-0.00335345877904711	0.999365034096035	-0.00335345877904711
RNPEP	0.797112051966747	-0.00354468839815236	0.999365034096035	-0.00354468839815236
PRDX1	0.797246883148137	-0.00328231613244909	0.999365034096035	-0.00328231613244909
NUDT5	0.797252532558326	0.00216288588150015	0.999365034096035	0.00216288588150015
PPP1R9A	0.797511186354193	-0.00107641832417266	0.999365034096035	-0.00107641832417266
AIFM1	0.797701244333985	-0.00246351572544381	0.999365034096035	-0.00246351572544381
SLC39A1	0.79771767221076	0.00453514606676092	0.999365034096035	0.00453514606676092
SLC38A7	0.797835199025114	-0.00284200183937736	0.999365034096035	-0.00284200183937736
SUB1	0.797867595152263	0.00283433328765997	0.999365034096035	0.00283433328765997
COX6C	0.797882105788358	-0.00475000512405804	0.999365034096035	-0.00475000512405804
GIGYF1	0.798030080932977	0.00168277412311681	0.999365034096035	0.00168277412311681
TLL2	0.798073451527947	-0.00266902175619072	0.999365034096035	-0.00266902175619072
ADCY6	0.798275220842988	0.00463800569131117	0.999365034096035	0.00463800569131117
PLEKHG1	0.798305208996471	0.00333293714314665	0.999365034096035	0.00333293714314665
PRUNE1	0.798416351142108	0.00278776452365173	0.999365034096035	0.00278776452365173
WIZ	0.798533203292301	0.00406990810236959	0.999365034096035	0.00406990810236959
DENND5A	0.79856523018545	0.0011534634910196	0.999365034096035	0.0011534634910196
ARRDC2	0.798979330090218	-0.00224917300848187	0.999365034096035	-0.00224917300848187
PDAP1	0.799214400272648	-0.00237944021057857	0.999365034096035	-0.00237944021057857
RBM25	0.79932031771102	-0.00145089720717097	0.999365034096035	-0.00145089720717097
BMP1	0.799377442620814	0.00253334431170421	0.999365034096035	0.00253334431170421
PWP1	0.799503687844055	-0.00209409771035161	0.999365034096035	-0.00209409771035161
OSTM1	0.799580194776006	0.00184981057221441	0.999365034096035	0.00184981057221441
PPP2R2D	0.799615880338804	0.00148071335627132	0.999365034096035	0.00148071335627132
CLSTN3	0.799699172609166	-0.00779197893268566	0.999365034096035	-0.00779197893268566
LINC01278	0.799799289536599	0.00199244419789277	0.999365034096035	0.00199244419789277
ZNF426	0.799886081199867	-0.00337639300590329	0.999365034096035	-0.00337639300590329
ITGB1	0.799952824261803	0.00194790515331295	0.999365034096035	0.00194790515331295
TMEM127	0.800234215066138	-0.00389521296367818	0.999365034096035	-0.00389521296367818
PDPR	0.800270075999101	0.00190360523935864	0.999365034096035	0.00190360523935864
CCDC18	0.800285906536945	0.0030933430569231	0.999365034096035	0.0030933430569231
FH	0.800359692418915	-0.00437184707953376	0.999365034096035	-0.00437184707953376
CHERP	0.800383892890953	-0.00234543375249134	0.999365034096035	-0.00234543375249134
NCOA4	0.800390226130055	-0.00297367927728612	0.999365034096035	-0.00297367927728612
GLDN	0.800464568642267	-0.00154272073549694	0.999365034096035	-0.00154272073549694
RPL5	0.800520378915729	-0.00271440070841492	0.999365034096035	-0.00271440070841492
RPL23	0.800536400505535	-0.00397698563415269	0.999365034096035	-0.00397698563415269
LCOR	0.800703077921127	0.000973959858393134	0.999365034096035	0.000973959858393134
BAG4	0.800736906246049	-0.00247218707852447	0.999365034096035	-0.00247218707852447
LRATD2	0.80078013359775	-0.00343701806746711	0.999365034096035	-0.00343701806746711
YWHAH	0.800780312830708	-0.00476761507393381	0.999365034096035	-0.00476761507393381
RNF145	0.800815294040627	0.00305076980832977	0.999365034096035	0.00305076980832977
SYNPR	0.800859381928964	-0.00479173663620631	0.999365034096035	-0.00479173663620631
ERF	0.800881697668582	-0.00235652125207281	0.999365034096035	-0.00235652125207281
NR3C2	0.801012012555103	0.00178303785884361	0.999365034096035	0.00178303785884361
LAMTOR5	0.801070329685523	-0.00373704335749607	0.999365034096035	-0.00373704335749607
MIRLET7BHG	0.801093854914029	0.00153686315930356	0.999365034096035	0.00153686315930356
AC115622.1	0.801130024839431	0.00213517108695053	0.999365034096035	0.00213517108695053
LZIC	0.801420213261199	0.00180621324038516	0.999365034096035	0.00180621324038516
SNAP91	0.801631834600267	-0.00408236171720474	0.999365034096035	-0.00408236171720474
NBR1	0.801671856817913	-0.00128090371008287	0.999365034096035	-0.00128090371008287
AC007262.2	0.801787275588519	0.00221000750775209	0.999365034096035	0.00221000750775209
SORL1	0.801796625201295	-0.00345055577875062	0.999365034096035	-0.00345055577875062
RASGEF1B	0.80187588176947	0.00202013514006835	0.999365034096035	0.00202013514006835
EIF2D	0.801890889216027	0.00208375788851571	0.999365034096035	0.00208375788851571
JAM3	0.802163282373772	-0.00101672661368174	0.999365034096035	-0.00101672661368174
AC008969.1	0.802217149222459	0.00229096797826597	0.999365034096035	0.00229096797826597
BMPR1A	0.80225042910112	-0.00132666898048483	0.999365034096035	-0.00132666898048483
RRP1B	0.802276536233981	-0.0021706710998012	0.999365034096035	-0.0021706710998012
TCAF1	0.80235761673379	-0.00190023634161942	0.999365034096035	-0.00190023634161942
PLS3-AS1	0.802405918035954	0.00299759408425226	0.999365034096035	0.00299759408425226
CENPJ	0.802413030428054	-0.00238221949286514	0.999365034096035	-0.00238221949286514
DHTKD1	0.802872685767386	-0.00206042533607146	0.999365034096035	-0.00206042533607146
SDHA	0.802914458869209	-0.00178641626888026	0.999365034096035	-0.00178641626888026
ANKHD1	0.803108591102469	0.00104651880403292	0.999365034096035	0.00104651880403292
KIF21A	0.803171894230232	0.00169925622924337	0.999365034096035	0.00169925622924337
EEF1D	0.803174679333852	-0.00148653775661854	0.999365034096035	-0.00148653775661854
CYCS	0.803294248224498	0.00509936050292397	0.999365034096035	0.00509936050292397
KSR2	0.803322347993767	-0.00514688444021795	0.999365034096035	-0.00514688444021795
TAOK3	0.803324293088621	-0.000908224048397057	0.999365034096035	-0.000908224048397057
SOGA3	0.803387483936075	0.00328494139405347	0.999365034096035	0.00328494139405347
RACGAP1	0.80351149592346	0.00327054327354079	0.999365034096035	0.00327054327354079
RAPGEF4	0.803622191007794	0.00431693161969275	0.999365034096035	0.00431693161969275
CBX4	0.803804386425701	0.00246070465627451	0.999365034096035	0.00246070465627451
AP000282.1	0.803854935093901	0.00238109529963094	0.999365034096035	0.00238109529963094
COMT	0.803890361823891	0.00186023832154577	0.999365034096035	0.00186023832154577
AC092691.1	0.803912744633468	-0.00366357462693232	0.999365034096035	-0.00366357462693232
SPOPL	0.803943411500574	0.00185999807596581	0.999365034096035	0.00185999807596581
RALGDS	0.803983370333179	0.00114216619908118	0.999365034096035	0.00114216619908118
TOB2	0.804019001803121	0.00156691704730289	0.999365034096035	0.00156691704730289
SENP1	0.80440191698978	-0.00241442312177164	0.999365034096035	-0.00241442312177164
ZFP36L2	0.804619997210086	-0.0019410364629117	0.999365034096035	-0.0019410364629117
RRP15	0.804761502947782	-0.00299667267947974	0.999365034096035	-0.00299667267947974
IKZF5	0.804776971208338	0.00193633168572327	0.999365034096035	0.00193633168572327
ZFPM1	0.804817188026439	-0.00383614410091779	0.999365034096035	-0.00383614410091779
HSPB1	0.80492355677373	0.0077214011892211	0.999365034096035	0.0077214011892211
MYH11	0.805048326175382	-0.00436258653460993	0.999365034096035	-0.00436258653460993
MOCS1	0.805138644385737	-0.00348403468852084	0.999365034096035	-0.00348403468852084
CA2	0.805191218079331	-0.00182452271569162	0.999365034096035	-0.00182452271569162
NDE1	0.80524714002611	-0.00145286288237879	0.999365034096035	-0.00145286288237879
PA2G4	0.805353146295085	-0.0026677646461576	0.999365034096035	-0.0026677646461576
DCAF15	0.80556075226112	-0.00396172708377926	0.999365034096035	-0.00396172708377926
NELFB	0.805583853265109	-0.00223671331979918	0.999365034096035	-0.00223671331979918
AIMP2	0.805680216480908	0.00327082214491396	0.999365034096035	0.00327082214491396
WDFY2	0.805753547245221	-0.000925379917347766	0.999365034096035	-0.000925379917347766
SNX27	0.805955007217142	0.00130494151473137	0.999365034096035	0.00130494151473137
MBNL1	0.805966631033079	-0.000902728562394458	0.999365034096035	-0.000902728562394458
C2orf76	0.806038152350011	-0.00217062462360054	0.999365034096035	-0.00217062462360054
ZNF397	0.806065007093236	0.00118665060903071	0.999365034096035	0.00118665060903071
MRPL22	0.806153645797931	0.00277714724578476	0.999365034096035	0.00277714724578476
NUP50-DT	0.806237365100536	0.00177551824775435	0.999365034096035	0.00177551824775435
RPL23A	0.806276612125325	0.00314473718232673	0.999365034096035	0.00314473718232673
CCNT2	0.806312380124047	-0.00146929127783055	0.999365034096035	-0.00146929127783055
MBNL3	0.80636684799486	-0.00333105486755625	0.999365034096035	-0.00333105486755625
AL137140.1	0.806487431860464	-0.00380183997681761	0.999365034096035	-0.00380183997681761
ZMIZ1	0.806531558989043	0.00174128787149586	0.999365034096035	0.00174128787149586
AGPAT3	0.806598226240326	0.00143009405755043	0.999365034096035	0.00143009405755043
LAMTOR4	0.806616304202017	-0.00283679285454172	0.999365034096035	-0.00283679285454172
GSTO2	0.806633222583701	0.0021776909107378	0.999365034096035	0.0021776909107378
GCC2	0.806726961367483	-0.00187867420012617	0.999365034096035	-0.00187867420012617
ZNF616	0.806731492241078	-0.00399142038314036	0.999365034096035	-0.00399142038314036
COPS3	0.806785840796277	0.00308128981089346	0.999365034096035	0.00308128981089346
SRPRB	0.806793691125501	-0.00221972599183393	0.999365034096035	-0.00221972599183393
SDCBP	0.806971635086037	0.00369333520348166	0.999365034096035	0.00369333520348166
PET100	0.807010493338455	0.00490190535744294	0.999365034096035	0.00490190535744294
MAPKBP1	0.807162123770518	-0.00122382611954455	0.999365034096035	-0.00122382611954455
MTF2	0.807180530787257	0.00184990723003123	0.999365034096035	0.00184990723003123
TAF8	0.807229394697997	0.00227767462197284	0.999365034096035	0.00227767462197284
SEMA7A	0.807313566458276	-0.00260292327890485	0.999365034096035	-0.00260292327890485
AC098588.3	0.807361462196972	0.00286247181325343	0.999365034096035	0.00286247181325343
LRRC37B	0.807454901520302	0.00224962623722482	0.999365034096035	0.00224962623722482
VAMP3	0.807726530864871	-0.00281937646313057	0.999365034096035	-0.00281937646313057
ORMDL1	0.807747221519476	0.00258372643678272	0.999365034096035	0.00258372643678272
C4orf47	0.807793811803712	-0.00378330894168233	0.999365034096035	-0.00378330894168233
SRGAP1	0.807807206562442	-0.00123391790378085	0.999365034096035	-0.00123391790378085
CAMK4	0.807807793352947	0.00677971922223979	0.999365034096035	0.00677971922223979
KDM5A	0.807831829443429	0.00135796883738417	0.999365034096035	0.00135796883738417
STARD4	0.807915515657464	0.00430590733667146	0.999365034096035	0.00430590733667146
AC009063.2	0.808342441740301	-0.00169464911636063	0.999365034096035	-0.00169464911636063
FYCO1	0.808346143661232	0.00237587943089547	0.999365034096035	0.00237587943089547
CDH9	0.808509828278218	0.00508096946768176	0.999365034096035	0.00508096946768176
GUF1	0.808542005228106	0.00273281854880535	0.999365034096035	0.00273281854880535
EDIL3	0.808568959741699	0.000671203663854543	0.999365034096035	0.000671203663854543
USP2	0.808623775255009	0.00210504610667953	0.999365034096035	0.00210504610667953
RPS13	0.80867465708331	0.00354741498433608	0.999365034096035	0.00354741498433608
JAGN1	0.809193361736612	-0.00480305177212378	0.999365034096035	-0.00480305177212378
UBE2A	0.809198404452658	-0.00281781944115665	0.999365034096035	-0.00281781944115665
NDUFB1	0.80924782557321	-0.00372217972591904	0.999365034096035	-0.00372217972591904
CTBS	0.809510818343388	-0.00339030713819673	0.999365034096035	-0.00339030713819673
CEP152	0.809585960048243	0.00297725187852687	0.999365034096035	0.00297725187852687
RTN4IP1	0.809702143597859	-0.00288170273340803	0.999365034096035	-0.00288170273340803
MBTPS2	0.809772884634191	0.00226403564222563	0.999365034096035	0.00226403564222563
PPP2R5A	0.809843158230564	-0.00123430767443071	0.999365034096035	-0.00123430767443071
LINC01266	0.809926451712706	0.0029596533934353	0.999365034096035	0.0029596533934353
C12orf73	0.809936868824249	-0.0020339166697384	0.999365034096035	-0.0020339166697384
DDOST	0.809966555191394	0.00303343830357777	0.999365034096035	0.00303343830357777
RPL27	0.809980086458193	0.00394823302707927	0.999365034096035	0.00394823302707927
AC244131.2	0.809991442281517	-0.00289390862277374	0.999365034096035	-0.00289390862277374
RNF170	0.810056036880611	0.00136607730372515	0.999365034096035	0.00136607730372515
ZNF35	0.810150324873464	0.00337742419454311	0.999365034096035	0.00337742419454311
SEMA4D	0.810158352484714	-0.000993095088960532	0.999365034096035	-0.000993095088960532
AL034405.1	0.810158426252668	-0.00207427220116305	0.999365034096035	-0.00207427220116305
CANX	0.810486636167228	0.00159824103584343	0.999365034096035	0.00159824103584343
CDIPT	0.810597664963194	-0.00320757395530377	0.999365034096035	-0.00320757395530377
ZNF561-AS1	0.810617662691536	0.0026328044483358	0.999365034096035	0.0026328044483358
CEND1	0.810688919499355	-0.00590435041035544	0.999365034096035	-0.00590435041035544
IQGAP1	0.81078247231773	-0.00121554470176466	0.999365034096035	-0.00121554470176466
GFM1	0.810792856449523	0.00222829170107303	0.999365034096035	0.00222829170107303
SLC30A9	0.810806767538828	-0.00133240874277656	0.999365034096035	-0.00133240874277656
H3F3B	0.810905600745178	0.00210906275377102	0.999365034096035	0.00210906275377102
OTUD7A	0.810914023044439	-0.00109120813235081	0.999365034096035	-0.00109120813235081
LRP1	0.810933274051911	-0.00524204059204561	0.999365034096035	-0.00524204059204561
KIF26B	0.81095900759453	-0.00296640902823821	0.999365034096035	-0.00296640902823821
CASKIN2	0.811083129405687	-0.00257066920063905	0.999365034096035	-0.00257066920063905
KIF22	0.811085351270535	-0.00304075863010498	0.999365034096035	-0.00304075863010498
TRAPPC2	0.811182754175926	-0.00277195728131862	0.999365034096035	-0.00277195728131862
PAQR3	0.811202817449108	0.00283841965769874	0.999365034096035	0.00283841965769874
TAPT1	0.811772455755453	0.00121834779014369	0.999365034096035	0.00121834779014369
REL	0.811803629081275	-0.00353889370347699	0.999365034096035	-0.00353889370347699
USP42	0.811829989949893	0.00170254177871309	0.999365034096035	0.00170254177871309
IRF2BP2	0.812016427175652	-0.00195236670965281	0.999365034096035	-0.00195236670965281
TNRC6C	0.812137199703927	0.000782961924551154	0.999365034096035	0.000782961924551154
ZNF14	0.81221043943857	-0.0022741710573701	0.999365034096035	-0.0022741710573701
NDRG4	0.812248527628675	-0.00506140788845323	0.999365034096035	-0.00506140788845323
GPR158	0.812250696688946	0.00504924811382257	0.999365034096035	0.00504924811382257
ZNF814	0.81244445862672	0.00183446011248533	0.999365034096035	0.00183446011248533
SLC45A1	0.812485493369547	-0.00393177321032776	0.999365034096035	-0.00393177321032776
TRABD	0.812655387116729	0.00231699249534898	0.999365034096035	0.00231699249534898
TPD52	0.812783432787614	-0.00097133501035962	0.999365034096035	-0.00097133501035962
SMARCAD1	0.813006147879674	0.00125956638031942	0.999365034096035	0.00125956638031942
AC009961.1	0.813027654950935	-0.00396729124297992	0.999365034096035	-0.00396729124297992
SRSF10	0.813268411291111	-0.00151456280628828	0.999365034096035	-0.00151456280628828
CD2BP2	0.813285110614271	-0.00283920764814578	0.999365034096035	-0.00283920764814578
ZNF26	0.813381899245009	-0.00234984772122614	0.999365034096035	-0.00234984772122614
ANKRD23	0.813427055472051	-0.00150701121408954	0.999365034096035	-0.00150701121408954
AL359091.1	0.813505966070592	0.00156113188223178	0.999365034096035	0.00156113188223178
TICAM2	0.813621504483391	-0.00312304939557449	0.999365034096035	-0.00312304939557449
PIGS	0.813819624252565	-0.00334913571671578	0.999365034096035	-0.00334913571671578
AL139220.2	0.813836332171159	-0.00304268668152527	0.999365034096035	-0.00304268668152527
INIP	0.813840939768154	-0.00159091823906936	0.999365034096035	-0.00159091823906936
SCARB1	0.813874146879101	-0.00168843230243727	0.999365034096035	-0.00168843230243727
MAGOH	0.813883431439811	-0.00233341727892928	0.999365034096035	-0.00233341727892928
ZNF529	0.813920045429212	0.0015214015576966	0.999365034096035	0.0015214015576966
SPIRE2	0.813938748496917	-0.00572881949665364	0.999365034096035	-0.00572881949665364
GREB1	0.814111807621264	0.00248042924687688	0.999365034096035	0.00248042924687688
TCEANC	0.81416632169462	-0.00339106629466346	0.999365034096035	-0.00339106629466346
AASDHPPT	0.81423397885038	-0.00238445362232508	0.999365034096035	-0.00238445362232508
DNAJC24	0.814405660116171	-0.00208103293135989	0.999365034096035	-0.00208103293135989
MDM1	0.81442230461661	0.00306919243138105	0.999365034096035	0.00306919243138105
NBEAL1	0.814526397732722	0.00124909216256758	0.999365034096035	0.00124909216256758
C5orf24	0.814620063279275	-0.00188759561352352	0.999365034096035	-0.00188759561352352
NIPAL3	0.814642653703402	0.00107694251759183	0.999365034096035	0.00107694251759183
CEP162	0.814767684712452	0.00146031717809259	0.999365034096035	0.00146031717809259
INPP5B	0.814920805870055	-0.0016749645931786	0.999365034096035	-0.0016749645931786
B4GALT5	0.815636630126794	-0.00191424698950382	0.999365034096035	-0.00191424698950382
KIZ	0.815659507845155	0.00106949160039292	0.999365034096035	0.00106949160039292
GCLC	0.815662183142488	-0.00125577579959595	0.999365034096035	-0.00125577579959595
NR4A2	0.815671444903806	-0.00290205980438702	0.999365034096035	-0.00290205980438702
GPR89B	0.815675473858279	0.00233433899889736	0.999365034096035	0.00233433899889736
NCOA7	0.815749835141577	-0.000912730993064084	0.999365034096035	-0.000912730993064084
GATM	0.815769278688878	0.00121851342918831	0.999365034096035	0.00121851342918831
PGAM1	0.815891886028356	0.00405030157995719	0.999365034096035	0.00405030157995719
FBXW4	0.816156271640341	-0.0014392419965739	0.999365034096035	-0.0014392419965739
SEC14L5	0.816200897620059	-0.00126073660550402	0.999365034096035	-0.00126073660550402
KBTBD7	0.81629568411842	-0.00374101210232813	0.999365034096035	-0.00374101210232813
NQO2	0.816343303360542	0.00319304984286362	0.999365034096035	0.00319304984286362
MAGED1	0.816375292260873	-0.00202923429307813	0.999365034096035	-0.00202923429307813
COL9A2	0.816386575096106	-0.00188474304087102	0.999365034096035	-0.00188474304087102
PNRC1	0.81640367016071	-0.00223089972457	0.999365034096035	-0.00223089972457
RNF126	0.816438463918842	-0.00226329912806938	0.999365034096035	-0.00226329912806938
RBPJ	0.816715983786076	-0.000981412516782748	0.999365034096035	-0.000981412516782748
AC109927.1	0.816817903713007	0.0019725207318918	0.999365034096035	0.0019725207318918
ZNF287	0.816949264089919	0.00334521620541551	0.999365034096035	0.00334521620541551
ZNF521	0.81715523243645	0.00188001715328348	0.999365034096035	0.00188001715328348
TOX4	0.817217116638818	-0.00243099993887612	0.999365034096035	-0.00243099993887612
ITGA2B	0.817500347062979	0.00310644212661391	0.999365034096035	0.00310644212661391
CYB5R2	0.817583573571543	0.00373469358835568	0.999365034096035	0.00373469358835568
RAB8A	0.817815924753197	0.00330172947612234	0.999365034096035	0.00330172947612234
FBXO11	0.818084565571931	0.000785188246808852	0.999365034096035	0.000785188246808852
BBS9	0.818131536009398	0.00106529189810311	0.999365034096035	0.00106529189810311
OAZ2	0.818245621861367	0.00179040509118201	0.999365034096035	0.00179040509118201
PHLDB1	0.818481826759778	0.00109705461068277	0.999365034096035	0.00109705461068277
LRRC69	0.818529464429868	0.00201942681014201	0.999365034096035	0.00201942681014201
GRK2	0.818532090167615	0.00305551452609698	0.999365034096035	0.00305551452609698
PTCD2	0.818576415122482	-0.00215528809751014	0.999365034096035	-0.00215528809751014
NPTX1	0.818581204932978	-0.00570099182371592	0.999365034096035	-0.00570099182371592
PAAF1	0.818596965563035	0.00141953238998965	0.999365034096035	0.00141953238998965
ATP2A2	0.818606247056704	0.00153689173080204	0.999365034096035	0.00153689173080204
RNF213	0.818711275866658	0.00147316598098367	0.999365034096035	0.00147316598098367
AL645465.1	0.818899389561775	-0.00216400291800242	0.999365034096035	-0.00216400291800242
SORBS2	0.819057303524061	-0.0045645469729091	0.999365034096035	-0.0045645469729091
SEPSECS	0.819060292081761	0.00259430735306192	0.999365034096035	0.00259430735306192
OTUD7B	0.819069653771218	0.000943624511888645	0.999365034096035	0.000943624511888645
GABRG2	0.819180755996515	-0.0052338992647549	0.999365034096035	-0.0052338992647549
VAMP4	0.819234036166824	-0.00302887261772089	0.999365034096035	-0.00302887261772089
TTC37	0.819306720362179	-0.00108448132140337	0.999365034096035	-0.00108448132140337
CCDC136	0.819394850119642	-0.00319383057572296	0.999365034096035	-0.00319383057572296
LIAS	0.819410794124053	0.00190746919476429	0.999365034096035	0.00190746919476429
SLC6A6	0.819571562032627	-0.00251709616542669	0.999365034096035	-0.00251709616542669
SCPEP1	0.819612366444695	0.00212477366175559	0.999365034096035	0.00212477366175559
ZBTB2	0.819718282610085	-0.00285203808110653	0.999365034096035	-0.00285203808110653
SMARCA1	0.819720881937304	-0.00349643988780053	0.999365034096035	-0.00349643988780053
SERINC3	0.819793898517153	-0.00216959014711632	0.999365034096035	-0.00216959014711632
CFAP54	0.819849194204454	0.00432203582370593	0.999365034096035	0.00432203582370593
TRIM24	0.820050325963073	0.00138887333373843	0.999365034096035	0.00138887333373843
SSNA1	0.820139990941228	0.00271002427210791	0.999365034096035	0.00271002427210791
TMEM222	0.820283032074876	0.00178385775714289	0.999365034096035	0.00178385775714289
TMX2	0.820380751267034	-0.00159591887459213	0.999365034096035	-0.00159591887459213
TECR	0.820478889501514	0.00124344572680568	0.999365034096035	0.00124344572680568
PITHD1	0.820484484887831	-0.00259154096523777	0.999365034096035	-0.00259154096523777
HPS5	0.820509591138816	0.00188583468549312	0.999365034096035	0.00188583468549312
AVL9	0.820804064121605	0.00110024129554097	0.999365034096035	0.00110024129554097
MICALL2	0.820978555287438	0.0024595552869818	0.999365034096035	0.0024595552869818
DCTN2	0.821042601215179	-0.00208075155236362	0.999365034096035	-0.00208075155236362
PCNT	0.821164246526713	-0.00207533795843374	0.999365034096035	-0.00207533795843374
LHFPL6	0.821171975146741	0.00201169399534144	0.999365034096035	0.00201169399534144
OTUD3	0.821289390757812	-0.00297368525658311	0.999365034096035	-0.00297368525658311
CANT1	0.821405854703799	0.00312188845526264	0.999365034096035	0.00312188845526264
CYP2R1	0.821414892087468	0.00290057354740646	0.999365034096035	0.00290057354740646
FARSA	0.821456679546048	-0.00359750340926144	0.999365034096035	-0.00359750340926144
DMXL2	0.821640457704633	-0.00258243162009766	0.999365034096035	-0.00258243162009766
RNF181	0.821840512730267	-0.00490255547691759	0.999365034096035	-0.00490255547691759
MRPS26	0.821932849920368	0.00341861157138993	0.999365034096035	0.00341861157138993
AC244033.2	0.82196076704913	-0.00163673654018359	0.999365034096035	-0.00163673654018359
CD200	0.821967112520033	0.00206617987466592	0.999365034096035	0.00206617987466592
FSCN1	0.821980020918686	0.00169666685936401	0.999365034096035	0.00169666685936401
MRPS30	0.822005939733896	0.00357507887934498	0.999365034096035	0.00357507887934498
PTGES2	0.82211653041374	-0.00379757769943318	0.999365034096035	-0.00379757769943318
PPWD1	0.822180746960671	-0.00156994898169199	0.999365034096035	-0.00156994898169199
CDHR1	0.822363591468627	-0.00431622868552076	0.999365034096035	-0.00431622868552076
METTL21A	0.822386436093253	-0.00243154915563485	0.999365034096035	-0.00243154915563485
SUGT1	0.822613753092888	0.00131008097750124	0.999365034096035	0.00131008097750124
MTMR9	0.822622873817602	-0.00176458241331348	0.999365034096035	-0.00176458241331348
BLOC1S5	0.822795054801519	-0.00272907326193144	0.999365034096035	-0.00272907326193144
RFX3	0.822907361450112	0.00131295185199598	0.999365034096035	0.00131295185199598
PHTF1	0.822919286889797	0.00564248447855298	0.999365034096035	0.00564248447855298
ATP6V1A	0.822954861559034	0.00184304436762154	0.999365034096035	0.00184304436762154
CRYAB	0.823346888528743	-0.00213447616095594	0.999365034096035	-0.00213447616095594
FTH1	0.823355375291549	0.00197095321743038	0.999365034096035	0.00197095321743038
FER	0.823487126412719	-0.000930717800883121	0.999365034096035	-0.000930717800883121
EPDR1	0.823546374421534	0.00332099537602378	0.999365034096035	0.00332099537602378
FLNB	0.823615291620672	0.0022299611270876	0.999365034096035	0.0022299611270876
MGAT5	0.823775813883124	0.00119627306259277	0.999365034096035	0.00119627306259277
SEC24A	0.823985124961341	-0.00193901799229775	0.999365034096035	-0.00193901799229775
MT-ND1	0.824051087988224	0.00164045170707678	0.999365034096035	0.00164045170707678
ENTPD1-AS1	0.824068477234085	0.00133240727366236	0.999365034096035	0.00133240727366236
SMARCC2	0.824145269121383	0.00178626030834498	0.999365034096035	0.00178626030834498
C8orf76	0.824192954140743	-0.00248378737999964	0.999365034096035	-0.00248378737999964
SNHG29	0.824556292820182	0.00164810423736608	0.999365034096035	0.00164810423736608
ZNF251	0.824631138213443	0.00125828478077419	0.999365034096035	0.00125828478077419
TMEM45A	0.824674337915734	-0.00369284446054316	0.999365034096035	-0.00369284446054316
TIGD7	0.82467513133	0.0028116421197319	0.999365034096035	0.0028116421197319
MRFAP1L1	0.824686885334851	0.00314300268799924	0.999365034096035	0.00314300268799924
RNF150	0.824773357840168	0.00489444785216822	0.999365034096035	0.00489444785216822
ZNF596	0.824843344859612	-0.00311746524948463	0.999365034096035	-0.00311746524948463
DYNLRB1	0.824843803879513	0.00300984465865197	0.999365034096035	0.00300984465865197
CNTN4	0.824880592739517	-0.00457133572700273	0.999365034096035	-0.00457133572700273
WDFY3	0.82496555871209	0.000712945910784204	0.999365034096035	0.000712945910784204
AL365295.1	0.824996947441603	-0.00235287313078017	0.999365034096035	-0.00235287313078017
KATNAL1	0.825117143799068	-0.00161468482079016	0.999365034096035	-0.00161468482079016
HSPA5	0.825555389023579	-0.00274995265746475	0.999365034096035	-0.00274995265746475
NFYC	0.825577955493693	-0.00139951671216207	0.999365034096035	-0.00139951671216207
KLHL26	0.826074514632667	0.00352855026179612	0.999365034096035	0.00352855026179612
SNORC	0.826087686573418	0.00237494785622686	0.999365034096035	0.00237494785622686
MFSD11	0.8260948259495	-0.00118538389576546	0.999365034096035	-0.00118538389576546
EXOC4	0.82636481392162	0.000817682861513032	0.999365034096035	0.000817682861513032
AL442067.3	0.826441648515673	-0.00324923498190726	0.999365034096035	-0.00324923498190726
ATM	0.826489107028435	0.00096219853532005	0.999365034096035	0.00096219853532005
NDUFAB1	0.826497892053856	0.0042995209135268	0.999365034096035	0.0042995209135268
TRIM44	0.826656887608698	-0.00105357249788923	0.999365034096035	-0.00105357249788923
AC091563.1	0.826759472372431	-0.00232939357712945	0.999365034096035	-0.00232939357712945
GPBP1L1	0.827084820829907	-0.00106749097853605	0.999365034096035	-0.00106749097853605
AP000688.2	0.827121950870471	0.00242220537539031	0.999365034096035	0.00242220537539031
NINJ2	0.827157589938369	0.00118516969580107	0.999365034096035	0.00118516969580107
CSTF1	0.827593508778195	0.00353823709700014	0.999365034096035	0.00353823709700014
AC023590.1	0.827673753699211	-0.00505779675677145	0.999365034096035	-0.00505779675677145
BCKDHA	0.827837689267104	-0.0027505954669081	0.999365034096035	-0.0027505954669081
MARCH3	0.827902616786161	-0.00282649645713336	0.999365034096035	-0.00282649645713336
VLDLR-AS1	0.827907291165825	-0.00145932260050191	0.999365034096035	-0.00145932260050191
BCAS1	0.827959446778035	-0.000852598696643828	0.999365034096035	-0.000852598696643828
PRH1	0.827968492759922	0.00117448168970749	0.999365034096035	0.00117448168970749
MTDH	0.827983379096278	0.000929306712431715	0.999365034096035	0.000929306712431715
INPP1	0.828009472401945	0.00143251299743901	0.999365034096035	0.00143251299743901
ATG5	0.828042068030235	0.0018078783873305	0.999365034096035	0.0018078783873305
ZNF484	0.828046565678122	-0.00230333031164443	0.999365034096035	-0.00230333031164443
AC114956.3	0.828057040468928	0.00275874845280035	0.999365034096035	0.00275874845280035
RNF215	0.828060197849916	0.00245692018334114	0.999365034096035	0.00245692018334114
SQSTM1	0.828230207516475	-0.00135439843415447	0.999365034096035	-0.00135439843415447
H1F0	0.828403270619619	-0.00395562466660338	0.999365034096035	-0.00395562466660338
MCUR1	0.828476325481436	-0.00267255020194464	0.999365034096035	-0.00267255020194464
CACNG7	0.828501159049096	-0.00170528994739111	0.999365034096035	-0.00170528994739111
SH3BGRL2	0.828518507533726	-0.00325671430511868	0.999365034096035	-0.00325671430511868
MUTYH	0.828562365358339	0.00193366915597623	0.999365034096035	0.00193366915597623
AC008050.1	0.828578697105708	0.00272034314032357	0.999365034096035	0.00272034314032357
NECTIN3-AS1	0.828599959837764	-0.00336717936902745	0.999365034096035	-0.00336717936902745
CERCAM	0.828623551050109	-0.00112245586988063	0.999365034096035	-0.00112245586988063
SNAPC3	0.828713971881064	-0.00169962287783821	0.999365034096035	-0.00169962287783821
LMTK2	0.828715560093642	0.001842640837227	0.999365034096035	0.001842640837227
ZNF529-AS1	0.828888855733758	0.00265512451494898	0.999365034096035	0.00265512451494898
N4BP2L2	0.829129993892014	0.000695942639231778	0.999365034096035	0.000695942639231778
TMEM205	0.829189899502137	-0.00292717729261555	0.999365034096035	-0.00292717729261555
PMPCB	0.829346104035271	-0.0016884049594784	0.999365034096035	-0.0016884049594784
SIK2	0.829356980209187	0.000810233303513241	0.999365034096035	0.000810233303513241
HEMK1	0.829476157851538	0.00248104344864078	0.999365034096035	0.00248104344864078
HBS1L	0.829493075589237	-0.000948168833654979	0.999365034096035	-0.000948168833654979
DTWD1	0.829532511219191	-0.00134257234091487	0.999365034096035	-0.00134257234091487
ORC5	0.829578987708615	-0.00177559516123053	0.999365034096035	-0.00177559516123053
WSCD1	0.829729347262384	-0.00179090611095254	0.999365034096035	-0.00179090611095254
ABCA10	0.829941198746623	-0.00389649417720205	0.999365034096035	-0.00389649417720205
TVP23C	0.830077810017087	-0.00164950892732918	0.999365034096035	-0.00164950892732918
PHYHIP	0.830093818317738	0.00534817991225299	0.999365034096035	0.00534817991225299
AC068707.1	0.830112490914689	-0.0031704054311655	0.999365034096035	-0.0031704054311655
DNAJC8	0.830159101127188	-0.00215867187451788	0.999365034096035	-0.00215867187451788
GPIHBP1	0.830283705309449	-0.00219427600158335	0.999365034096035	-0.00219427600158335
VPS13B	0.830384445962473	-0.000816150170032319	0.999365034096035	-0.000816150170032319
POU6F2	0.830621513083545	0.00482972477705858	0.999365034096035	0.00482972477705858
PAG1	0.83067115862463	0.00134536694525585	0.999365034096035	0.00134536694525585
RHOT1	0.830729953772277	0.00107883823221567	0.999365034096035	0.00107883823221567
HBP1	0.831249343279291	0.00129904137960437	0.999365034096035	0.00129904137960437
SERINC1	0.83135247282741	-0.00191304244060324	0.999365034096035	-0.00191304244060324
ARHGAP1	0.831394619162754	-0.00109484980338497	0.999365034096035	-0.00109484980338497
TBC1D22A	0.831499276940848	0.00107928523699061	0.999365034096035	0.00107928523699061
TMEM14B	0.831585309977348	-0.00107642625537326	0.999365034096035	-0.00107642625537326
IQCN	0.831687271701222	-0.00403391375373415	0.999365034096035	-0.00403391375373415
SUCO	0.831709236155634	0.00134347003928831	0.999365034096035	0.00134347003928831
CHMP1A	0.831722466768251	-0.00181752003091918	0.999365034096035	-0.00181752003091918
ZCCHC24	0.831745888631001	0.000809853631605175	0.999365034096035	0.000809853631605175
KDSR	0.831761580462243	-0.00175896777344364	0.999365034096035	-0.00175896777344364
GATAD2A	0.83176692461269	0.00179881558603262	0.999365034096035	0.00179881558603262
SLC25A13	0.831872220210117	0.00104217328007832	0.999365034096035	0.00104217328007832
AC113414.1	0.831895983345031	-0.00148381489806523	0.999365034096035	-0.00148381489806523
ALG8	0.831954585315769	-0.00184924573087975	0.999365034096035	-0.00184924573087975
ANK2	0.831984935482553	-0.00067777964190557	0.999365034096035	-0.00067777964190557
USP16	0.831991621192466	-0.00134573663743531	0.999365034096035	-0.00134573663743531
TRAF2	0.832018136163568	-0.00265375697659329	0.999365034096035	-0.00265375697659329
PXYLP1	0.832042287286829	-0.00309885887206312	0.999365034096035	-0.00309885887206312
FAM168B	0.832147019744854	-0.00141224905286794	0.999365034096035	-0.00141224905286794
ELOC	0.832187548890834	0.0027924221393045	0.999365034096035	0.0027924221393045
STXBP1	0.832271399239392	-0.00342451350158834	0.999365034096035	-0.00342451350158834
PAXBP1-AS1	0.832277091900234	0.00261072879160008	0.999365034096035	0.00261072879160008
FEM1C	0.83232053425658	-0.00253373621356439	0.999365034096035	-0.00253373621356439
RRP8	0.832416511074353	-0.00291986254650304	0.999365034096035	-0.00291986254650304
WWOX	0.832426891705803	-0.000692826018605501	0.999365034096035	-0.000692826018605501
KMT2B	0.832436481247265	-0.00175869461442891	0.999365034096035	-0.00175869461442891
FARP1	0.832547707631148	0.00455575169541827	0.999365034096035	0.00455575169541827
TMBIM1	0.832802502028444	-0.00206459580952627	0.999365034096035	-0.00206459580952627
SACS	0.832813038341084	0.00147928237461626	0.999365034096035	0.00147928237461626
CCDC107	0.832846442556127	-0.0034110028759792	0.999365034096035	-0.0034110028759792
RBM18	0.832911040603459	-0.00254293224718707	0.999365034096035	-0.00254293224718707
AFG1L	0.833018343956031	0.00162034983631381	0.999365034096035	0.00162034983631381
USP33	0.833194989210073	-0.00087119963858888	0.999365034096035	-0.00087119963858888
AGPAT1	0.833318111364532	0.00260858000222843	0.999365034096035	0.00260858000222843
RNPS1	0.833436305122293	0.00154805177658035	0.999365034096035	0.00154805177658035
KLHL7	0.833515556898098	0.00173767916787807	0.999365034096035	0.00173767916787807
AL160313.1	0.833812506765695	0.00325964600162332	0.999365034096035	0.00325964600162332
RAB8B	0.833928008215478	-0.00122306185885958	0.999365034096035	-0.00122306185885958
SCHIP1	0.83414919894997	-0.00207187613508405	0.999365034096035	-0.00207187613508405
GABRG3	0.834200572143707	-0.00422822006999208	0.999365034096035	-0.00422822006999208
MAPRE2	0.834210669214815	-0.000821176051378092	0.999365034096035	-0.000821176051378092
SEC24B-AS1	0.834338387955351	-0.003008410109046	0.999365034096035	-0.003008410109046
WDR7	0.834353000620852	0.000758955068162852	0.999365034096035	0.000758955068162852
SHKBP1	0.834501725423885	0.00257787415816452	0.999365034096035	0.00257787415816452
MAPKAPK2	0.834680890101084	0.00173814334972919	0.999365034096035	0.00173814334972919
PIGM	0.834812669122111	0.00161118297347768	0.999365034096035	0.00161118297347768
INTS11	0.834900308997336	0.00149404772501958	0.999365034096035	0.00149404772501958
STK11	0.834928835431718	0.00210070690853118	0.999365034096035	0.00210070690853118
MARCKS	0.834967414527687	-0.00461617380173503	0.999365034096035	-0.00461617380173503
EIF3J-DT	0.835079194014244	0.00158409620106695	0.999365034096035	0.00158409620106695
B9D1	0.835083475966754	-0.00289227946908969	0.999365034096035	-0.00289227946908969
HDX	0.835134837544949	0.00164073457706525	0.999365034096035	0.00164073457706525
MRPL48	0.83538688737503	0.00142307110854243	0.999365034096035	0.00142307110854243
RPLP0	0.835432772115077	-0.00264782829517528	0.999365034096035	-0.00264782829517528
WBP2	0.835575107639132	-0.00157003245031415	0.999365034096035	-0.00157003245031415
FDPS	0.835635409399191	-0.00138731657009218	0.999365034096035	-0.00138731657009218
COX17	0.835715544036551	-0.00350084134725059	0.999365034096035	-0.00350084134725059
SRCAP	0.835828467757845	0.00173155127805625	0.999365034096035	0.00173155127805625
PSME2	0.835835691500262	0.00289479052696176	0.999365034096035	0.00289479052696176
UQCRC1	0.835867065253044	-0.00316068140424797	0.999365034096035	-0.00316068140424797
CMC1	0.836030267882963	0.00169183687278189	0.999365034096035	0.00169183687278189
NUP153	0.83607058557939	-0.00121804252882518	0.999365034096035	-0.00121804252882518
MYO9B	0.836132660875569	-0.0011340024956504	0.999365034096035	-0.0011340024956504
DDX39A	0.836247248058987	0.00228564943137219	0.999365034096035	0.00228564943137219
SLC6A12	0.836403612459334	-0.00277853051812516	0.999365034096035	-0.00277853051812516
TFE3	0.836411144375357	0.00227447629093111	0.999365034096035	0.00227447629093111
CD27-AS1	0.836465321026614	0.00164590280371019	0.999365034096035	0.00164590280371019
ZNF197	0.836620759521426	-0.00144853120762555	0.999365034096035	-0.00144853120762555
NDRG1	0.83671938336254	-0.0009412452296109	0.999365034096035	-0.0009412452296109
ZFP37	0.836765447945764	-0.00234937053987426	0.999365034096035	-0.00234937053987426
AC078909.1	0.836810573718774	0.00398965470796416	0.999365034096035	0.00398965470796416
PPP3CB-AS1	0.836830748456278	0.00405091985902162	0.999365034096035	0.00405091985902162
C2CD2L	0.836876001043654	-0.00339084153541401	0.999365034096035	-0.00339084153541401
UNC5C	0.836898341013744	-0.000699345378956238	0.999365034096035	-0.000699345378956238
SH3GLB1	0.83704574071138	-0.00131609774614705	0.999365034096035	-0.00131609774614705
AFF3	0.837367923209312	-0.00322124716574385	0.999365034096035	-0.00322124716574385
TMEM241	0.837403847058607	-0.00338320099448603	0.999365034096035	-0.00338320099448603
YTHDF1	0.837540549677331	-0.00175937107743435	0.999365034096035	-0.00175937107743435
CEBPZOS	0.837764790891395	0.00140614986396212	0.999365034096035	0.00140614986396212
TMEM25	0.837886695435925	-0.00426345061406746	0.999365034096035	-0.00426345061406746
GGA1	0.837969561786545	0.00125743273433665	0.999365034096035	0.00125743273433665
TNPO3	0.838012873568801	-0.00123083592227117	0.999365034096035	-0.00123083592227117
ADAMTS4	0.838078745150348	0.00171151691510058	0.999365034096035	0.00171151691510058
ARGLU1	0.838260454529946	-0.000980561460521821	0.999365034096035	-0.000980561460521821
CHMP6	0.838311111556453	-0.00243255173286963	0.999365034096035	-0.00243255173286963
IPPK	0.83837796137674	-0.00189875134296081	0.999365034096035	-0.00189875134296081
ETFRF1	0.83841301436767	-0.00271718111136346	0.999365034096035	-0.00271718111136346
RIPK1	0.838567473219404	-0.00212377867280198	0.999365034096035	-0.00212377867280198
SLC25A1	0.838601174912389	0.0026583467681274	0.999365034096035	0.0026583467681274
ZRANB3	0.838711823724804	-0.0012541881551647	0.999365034096035	-0.0012541881551647
PTCH2	0.83887632639069	0.00369816693611823	0.999365034096035	0.00369816693611823
IMPAD1	0.839002012503826	0.0016805378261287	0.999365034096035	0.0016805378261287
FUCA2	0.839131828501292	-0.0027452865475234	0.999365034096035	-0.0027452865475234
MRPL14	0.839157341368841	-0.00342074872936181	0.999365034096035	-0.00342074872936181
AHCYL2	0.839158512481601	-0.00121486973908325	0.999365034096035	-0.00121486973908325
EIF4B	0.839161821576983	-0.00184078859956658	0.999365034096035	-0.00184078859956658
CSTF2T	0.839236208306158	-0.0035791941910992	0.999365034096035	-0.0035791941910992
URI1	0.839349044760637	0.000994588874277442	0.999365034096035	0.000994588874277442
NUDCD2	0.839367692612477	-0.00265320872304485	0.999365034096035	-0.00265320872304485
WBP11	0.839373983190951	-0.00205287940194897	0.999365034096035	-0.00205287940194897
SYT11	0.839605732826509	-0.00126706925278425	0.999365034096035	-0.00126706925278425
RALA	0.839824718916046	-0.00152994083071238	0.999365034096035	-0.00152994083071238
PLAAT4	0.839830258709107	-0.00361725646308473	0.999365034096035	-0.00361725646308473
ZFP41	0.839910684670295	0.00272722651405808	0.999365034096035	0.00272722651405808
LINC00706	0.840037602908445	-0.00279820677355188	0.999365034096035	-0.00279820677355188
ATP1A3	0.840061018653566	0.00592839239700509	0.999365034096035	0.00592839239700509
SELENOH	0.840316427555733	-0.00279524464538386	0.999365034096035	-0.00279524464538386
PDHX	0.84039148716627	0.00147605416123246	0.999365034096035	0.00147605416123246
AKAP8	0.840413867350009	0.00174633211515941	0.999365034096035	0.00174633211515941
ITGB4	0.840458545298311	0.00279253226176068	0.999365034096035	0.00279253226176068
FGF22	0.840531999037006	-0.00272549093994699	0.999365034096035	-0.00272549093994699
LPGAT1	0.840744045028206	0.000837877176104102	0.999365034096035	0.000837877176104102
CSMD2	0.840839968440699	0.00130987676099058	0.999365034096035	0.00130987676099058
AZI2	0.840961148239353	0.00211976851890934	0.999365034096035	0.00211976851890934
NDUFAF1	0.841293230912649	-0.00231192271705253	0.999365034096035	-0.00231192271705253
ZNF438	0.841433715626817	-0.00134173376060742	0.999365034096035	-0.00134173376060742
CYREN	0.841480564982866	0.0013657653690721	0.999365034096035	0.0013657653690721
FURIN	0.841762828316462	-0.00340251835478396	0.999365034096035	-0.00340251835478396
TMEM123	0.84179505064682	0.00112672664814445	0.999365034096035	0.00112672664814445
AC007221.1	0.841833021792211	-0.00218239226811847	0.999365034096035	-0.00218239226811847
DLG1	0.841849233705237	0.000566065117456788	0.999365034096035	0.000566065117456788
DIAPH1	0.841906990022619	0.00274892300775401	0.999365034096035	0.00274892300775401
ACAP2	0.842011421421325	0.000954078038315188	0.999365034096035	0.000954078038315188
HOMER3	0.842023561300661	0.00241214305676179	0.999365034096035	0.00241214305676179
SELENOK	0.842056043050058	-0.00312407571443024	0.999365034096035	-0.00312407571443024
USP31	0.842183328379678	-0.00120731990714253	0.999365034096035	-0.00120731990714253
IL17RB	0.842205608017581	-0.00326534417957662	0.999365034096035	-0.00326534417957662
PPIH	0.842289206022606	-0.00234395538242834	0.999365034096035	-0.00234395538242834
TMEM87A	0.842306726334521	-0.000868368116083547	0.999365034096035	-0.000868368116083547
TMEM116	0.842649298188375	0.00197135259481843	0.999365034096035	0.00197135259481843
DSTN	0.842684160068043	0.00244310356406232	0.999365034096035	0.00244310356406232
MYCBP2-AS1	0.842936647952059	0.00205390806587637	0.999365034096035	0.00205390806587637
SCGB2B2	0.843179354285964	-0.0012742479619139	0.999365034096035	-0.0012742479619139
CYLD	0.843313723730388	-0.0009467582030072	0.999365034096035	-0.0009467582030072
TOMM20	0.8433169272716	0.00189226939063558	0.999365034096035	0.00189226939063558
ZNF160	0.843393286026598	0.00155983117115295	0.999365034096035	0.00155983117115295
COIL	0.843408601903688	0.002205456052604	0.999365034096035	0.002205456052604
ZNF746	0.843443053471015	0.0030445562179252	0.999365034096035	0.0030445562179252
ADAM22	0.843451738277518	-0.00154198624356545	0.999365034096035	-0.00154198624356545
TMED5	0.843536865137204	0.00210123992905747	0.999365034096035	0.00210123992905747
TAF10	0.843577957949264	-0.00255740813252342	0.999365034096035	-0.00255740813252342
CCZ1	0.843579894034776	-0.00157831334946152	0.999365034096035	-0.00157831334946152
DSCAM	0.843986566349433	0.00377380197301553	0.999365034096035	0.00377380197301553
PICALM	0.844054816568539	-0.000628685934426379	0.999365034096035	-0.000628685934426379
ARMC8	0.844104370934822	-0.000999621694193501	0.999365034096035	-0.000999621694193501
COG7	0.844267671238075	0.00116510275273916	0.999365034096035	0.00116510275273916
GGT7	0.844387375064349	0.00148035393960893	0.999365034096035	0.00148035393960893
KPNA6	0.844547809112439	-0.000907789245106747	0.999365034096035	-0.000907789245106747
LMNB2	0.84470206164126	-0.00270826677625751	0.999365034096035	-0.00270826677625751
SPATS2L	0.844878318793086	-0.0012089143562388	0.999365034096035	-0.0012089143562388
RABGGTB	0.844973047062887	0.00298586284070418	0.999365034096035	0.00298586284070418
CRTAP	0.845048213883057	0.00201628715015524	0.999365034096035	0.00201628715015524
RPS6KA4	0.845115313493403	-0.00248257241605309	0.999365034096035	-0.00248257241605309
EP300	0.84512470630404	0.000784593049055939	0.999365034096035	0.000784593049055939
EGLN2	0.845128645427538	0.00191624189805465	0.999365034096035	0.00191624189805465
BSCL2	0.845148142659062	-0.00502174563398858	0.999365034096035	-0.00502174563398858
SCAP	0.845168126009559	-0.00145753930736038	0.999365034096035	-0.00145753930736038
MED23	0.845222237489025	0.0016486199673206	0.999365034096035	0.0016486199673206
TJP1	0.845484676724982	-0.000543423718540036	0.999365034096035	-0.000543423718540036
ZNF207	0.845518749065481	0.000871915195748023	0.999365034096035	0.000871915195748023
PAQR4	0.845539051244959	-0.00160001627990164	0.999365034096035	-0.00160001627990164
TTN-AS1	0.845580772030573	-0.00178060224022466	0.999365034096035	-0.00178060224022466
FBXL13	0.845719654062939	-0.00200495144291533	0.999365034096035	-0.00200495144291533
XKR9	0.845798544465624	0.0035487067629356	0.999365034096035	0.0035487067629356
FBXO2	0.845851844426583	-0.004094492582813	0.999365034096035	-0.004094492582813
ATXN7L3	0.845994801878776	0.00285904512257329	0.999365034096035	0.00285904512257329
YY1AP1	0.845998395595451	0.00105903257708764	0.999365034096035	0.00105903257708764
DIDO1	0.846064968812428	0.00123862674312089	0.999365034096035	0.00123862674312089
RACK1	0.846233814249635	0.00208355565124294	0.999365034096035	0.00208355565124294
LAPTM4B	0.846370049102641	-0.00213346129272852	0.999365034096035	-0.00213346129272852
ZDHHC8	0.846472710403881	-0.00167832543949722	0.999365034096035	-0.00167832543949722
MAP4K3	0.846475585906798	0.00095493134152365	0.999365034096035	0.00095493134152365
SYN3	0.8464797768007	-0.0038583237925417	0.999365034096035	-0.0038583237925417
ARRDC3	0.84659056545613	-0.00176835438470441	0.999365034096035	-0.00176835438470441
RPS8	0.846592433377873	0.00223914232857089	0.999365034096035	0.00223914232857089
TBC1D19	0.846709749729646	-0.00154144044273178	0.999365034096035	-0.00154144044273178
VPS35	0.846885130180613	-0.00206941471529414	0.999365034096035	-0.00206941471529414
ETHE1	0.846889277224812	-0.00252943309980359	0.999365034096035	-0.00252943309980359
ARMH4	0.847020731125027	0.00123665015543509	0.999365034096035	0.00123665015543509
KPNA3	0.847024944313825	0.00115525780628371	0.999365034096035	0.00115525780628371
AC092164.1	0.847196692295648	-0.00243504919589162	0.999365034096035	-0.00243504919589162
LRCH2	0.847204850879275	-0.00177638202309584	0.999365034096035	-0.00177638202309584
TBC1D2	0.847321123000129	-0.00140163653690824	0.999365034096035	-0.00140163653690824
AC092910.3	0.847340905744742	-0.00197929719185593	0.999365034096035	-0.00197929719185593
RPL17	0.847396075159829	0.00241628086104933	0.999365034096035	0.00241628086104933
YJEFN3	0.847434398199726	-0.0034096967126265	0.999365034096035	-0.0034096967126265
WDR83OS	0.847477988710613	0.00266952281720699	0.999365034096035	0.00266952281720699
TMEM167A	0.847585043573579	-0.0018360059221093	0.999365034096035	-0.0018360059221093
TMEM131L	0.847659795296513	-0.00130168082772664	0.999365034096035	-0.00130168082772664
CEP76	0.847826940757652	0.00276610377249977	0.999365034096035	0.00276610377249977
MICAL1	0.847947736182371	0.00375991211983819	0.999365034096035	0.00375991211983819
MAN2C1	0.848014565762094	-0.00149055738606462	0.999365034096035	-0.00149055738606462
ACOT7	0.848022481276163	-0.00228608939833842	0.999365034096035	-0.00228608939833842
PATL1	0.848258462989505	0.00201654769126476	0.999365034096035	0.00201654769126476
RAD21	0.84830853145186	-0.00149059492170383	0.999365034096035	-0.00149059492170383
ADAL	0.848358264326851	0.00223800557110655	0.999365034096035	0.00223800557110655
KMT2A	0.848420619821708	0.000881601585425669	0.999365034096035	0.000881601585425669
ELN	0.848472301856231	-0.00210006380628885	0.999365034096035	-0.00210006380628885
APP	0.848482138621844	-0.000588633714685717	0.999365034096035	-0.000588633714685717
HNRNPL	0.848494398410165	0.00100645721278626	0.999365034096035	0.00100645721278626
MALT1	0.848497545170731	-0.00224587001876194	0.999365034096035	-0.00224587001876194
LBR	0.84857456549731	0.00145590246501272	0.999365034096035	0.00145590246501272
CHST6	0.848869730915306	-0.00213825265837959	0.999365034096035	-0.00213825265837959
NPTXR	0.848933751464518	0.0023226861241636	0.999365034096035	0.0023226861241636
CATSPERG	0.848963466698129	0.00173419694735093	0.999365034096035	0.00173419694735093
ABCA9	0.849069657775622	0.00316854938506189	0.999365034096035	0.00316854938506189
GRIN1	0.849197993691733	-0.00372376049700513	0.999365034096035	-0.00372376049700513
CFAP20	0.849203122533005	0.00185200727138337	0.999365034096035	0.00185200727138337
ABCA8	0.849622438934841	-0.000866203295247766	0.999365034096035	-0.000866203295247766
DAPK1	0.849774392872864	-0.00591819467558014	0.999365034096035	-0.00591819467558014
POLR3A	0.849786789419306	0.00145866014973524	0.999365034096035	0.00145866014973524
SIPA1L2	0.849804884434922	-0.00236780685467803	0.999365034096035	-0.00236780685467803
UBXN1	0.84984764765004	-0.0025162254316211	0.999365034096035	-0.0025162254316211
TMEM235	0.850085534400341	-0.00118441917224163	0.999365034096035	-0.00118441917224163
RAB5C	0.850134691918159	0.00162424216200005	0.999365034096035	0.00162424216200005
NDUFB2	0.850191871157229	0.00271734374072972	0.999365034096035	0.00271734374072972
FAM221A	0.850309285145704	0.00197105117291191	0.999365034096035	0.00197105117291191
ADGRL1	0.850422529049275	-0.0013421190156737	0.999365034096035	-0.0013421190156737
COPG1	0.850467205329158	-0.00205335651349999	0.999365034096035	-0.00205335651349999
DOCK11	0.850473126365701	-0.00179722183969164	0.999365034096035	-0.00179722183969164
RSPRY1	0.850484348798365	-0.00131635164568152	0.999365034096035	-0.00131635164568152
ISCU	0.850563823771933	0.00287114110099667	0.999365034096035	0.00287114110099667
PAXIP1	0.850696487746588	0.00148371290544308	0.999365034096035	0.00148371290544308
STX17	0.850741745912256	-0.00156482187973344	0.999365034096035	-0.00156482187973344
KDM7A	0.850818657636144	0.0018507335326439	0.999365034096035	0.0018507335326439
CHD9	0.851065530284	0.000709026204987389	0.999365034096035	0.000709026204987389
MAP3K4	0.851089060897017	0.000985413304679791	0.999365034096035	0.000985413304679791
POP4	0.851262901040943	0.0032188416010886	0.999365034096035	0.0032188416010886
SHTN1	0.85127862268506	-0.000612370944201418	0.999365034096035	-0.000612370944201418
MAEA	0.851281666123115	-0.00151402277969175	0.999365034096035	-0.00151402277969175
GALNT6	0.851364991411155	-0.00147596174504074	0.999365034096035	-0.00147596174504074
INPP4A	0.851366608847292	-0.00292921048801073	0.999365034096035	-0.00292921048801073
PRKCA	0.851412961301897	0.0012026627682362	0.999365034096035	0.0012026627682362
RPL29	0.851427005335807	-0.00225562042478819	0.999365034096035	-0.00225562042478819
PEX3	0.851477614916846	0.00138028503491211	0.999365034096035	0.00138028503491211
RAB7A	0.851900929524582	0.000932451729630764	0.999365034096035	0.000932451729630764
IDI2-AS1	0.852007076993049	0.00209593693507238	0.999365034096035	0.00209593693507238
GALNT18	0.852064499929412	0.00286980415900082	0.999365034096035	0.00286980415900082
SLC1A2	0.852123615327207	0.00445483111693975	0.999365034096035	0.00445483111693975
MBD5	0.852266382087994	0.000642358786951432	0.999365034096035	0.000642358786951432
MMUT	0.852310623452183	0.00183210116080436	0.999365034096035	0.00183210116080436
ZSWIM8	0.852380985225245	-0.00154364222991587	0.999365034096035	-0.00154364222991587
PSMC1	0.852529144572355	-0.00198353225671768	0.999365034096035	-0.00198353225671768
PHLPP1	0.852537806437108	-0.000509724942970295	0.999365034096035	-0.000509724942970295
MLF1	0.852582571672369	-0.00264895052349965	0.999365034096035	-0.00264895052349965
HDAC7	0.852676712871133	0.00153509066878561	0.999365034096035	0.00153509066878561
C1orf43	0.852752839057288	0.00131397303379389	0.999365034096035	0.00131397303379389
RGCC	0.852933344716066	0.00143308368090361	0.999365034096035	0.00143308368090361
TAF4	0.853033549110212	-0.00146850731207775	0.999365034096035	-0.00146850731207775
SELENOT	0.853213530757803	0.00166194961867049	0.999365034096035	0.00166194961867049
SPSB1	0.853401534517321	-0.00126317530353573	0.999365034096035	-0.00126317530353573
UGT8	0.853563990470632	0.000726248175487294	0.999365034096035	0.000726248175487294
LNPK	0.853734115911202	0.00144225541095368	0.999365034096035	0.00144225541095368
PPME1	0.853743605844424	0.00142683655411675	0.999365034096035	0.00142683655411675
TTC7B	0.853941021393949	-0.0010479372044059	0.999365034096035	-0.0010479372044059
PARL	0.853985185346613	-0.00121196060939029	0.999365034096035	-0.00121196060939029
KLKB1	0.854071919831461	-0.00267171694084469	0.999365034096035	-0.00267171694084469
AHDC1	0.854088489586098	0.0025479395116647	0.999365034096035	0.0025479395116647
CTSB	0.85413182260237	0.00339324556203451	0.999365034096035	0.00339324556203451
TMEM129	0.85417842607022	-0.00188000338956751	0.999365034096035	-0.00188000338956751
YJU2	0.854391090408126	-0.00221813020454849	0.999365034096035	-0.00221813020454849
ATP6V1H	0.854570515258166	0.00167381386059032	0.999365034096035	0.00167381386059032
CCAR2	0.854616446503219	-0.00257262931809002	0.999365034096035	-0.00257262931809002
ZNF28	0.854934656345168	0.00289379180570853	0.999365034096035	0.00289379180570853
MRPL51	0.854990850206709	0.00329144378221747	0.999365034096035	0.00329144378221747
TMEM120A	0.854994006623874	0.00190587666493407	0.999365034096035	0.00190587666493407
MAK	0.855213621149962	0.00358468605168627	0.999365034096035	0.00358468605168627
ZNF354C	0.855368853561395	0.00206671111450178	0.999365034096035	0.00206671111450178
TMPRSS5	0.855478260757108	-0.00252968106766315	0.999365034096035	-0.00252968106766315
MFSD12	0.855498005079315	0.0011900434284163	0.999365034096035	0.0011900434284163
TLE4	0.855540638815525	-0.000986961901384354	0.999365034096035	-0.000986961901384354
VHL	0.855573035925821	-0.00183016568609703	0.999365034096035	-0.00183016568609703
TAPBP	0.855590778837938	0.00243319167649094	0.999365034096035	0.00243319167649094
FAM120AOS	0.855638443425745	-0.00137529262342764	0.999365034096035	-0.00137529262342764
KIAA0930	0.855642915819747	-0.000883383300922072	0.999365034096035	-0.000883383300922072
PLEKHJ1	0.855689179785966	0.00298262954324101	0.999365034096035	0.00298262954324101
BAP1	0.855720332961911	0.00238140838958531	0.999365034096035	0.00238140838958531
CNKSR3	0.855726600137813	0.000955635902869646	0.999365034096035	0.000955635902869646
ZNF394	0.855840237326209	-0.00175970618966428	0.999365034096035	-0.00175970618966428
DYNC2LI1	0.855918229293119	0.00181202941817509	0.999365034096035	0.00181202941817509
EEF1B2	0.855961013858603	-0.00315025410379564	0.999365034096035	-0.00315025410379564
SETMAR	0.85603161673451	0.002345302873993	0.999365034096035	0.002345302873993
PTPN18	0.85603410631086	0.00288577542672837	0.999365034096035	0.00288577542672837
IKZF2	0.856066667848222	0.0010556434736796	0.999365034096035	0.0010556434736796
AC020915.2	0.85612068299879	-0.00272427459272472	0.999365034096035	-0.00272427459272472
CAPN10	0.856306241171807	0.00289385795280317	0.999365034096035	0.00289385795280317
RBBP4	0.856492866417379	-0.00100029801637762	0.999365034096035	-0.00100029801637762
AC009318.1	0.856504711639425	-0.00275807792286458	0.999365034096035	-0.00275807792286458
GPM6A	0.856516690649876	-0.00340656910121262	0.999365034096035	-0.00340656910121262
GAS5	0.856620338658471	-0.00242799957477541	0.999365034096035	-0.00242799957477541
PSMC5	0.856695820721046	-0.00245593798418244	0.999365034096035	-0.00245593798418244
ZNF770	0.856735308340033	-0.00227058395592066	0.999365034096035	-0.00227058395592066
BUB3	0.856811306679927	0.00163358696592385	0.999365034096035	0.00163358696592385
FAM13B	0.856929375373883	0.000719850697553973	0.999365034096035	0.000719850697553973
NLN	0.85695476484233	0.00161430797312984	0.999365034096035	0.00161430797312984
CREBBP	0.857107229457746	0.000790122441736119	0.999365034096035	0.000790122441736119
CCT5	0.857115463135078	-0.00215362107517611	0.999365034096035	-0.00215362107517611
RANGAP1	0.857153026659577	0.00117749214140759	0.999365034096035	0.00117749214140759
SLC25A36	0.857287679131703	-0.00132753297515552	0.999365034096035	-0.00132753297515552
PPP2R5E	0.857400240588951	0.000831604814889243	0.999365034096035	0.000831604814889243
PSMB7	0.857509947262878	-0.00150858720989473	0.999365034096035	-0.00150858720989473
MKS1	0.85754407853997	-0.0020787888846785	0.999365034096035	-0.0020787888846785
ADSL	0.857654771481868	-0.00160165898814131	0.999365034096035	-0.00160165898814131
GPR137	0.857679145949474	0.00179750778946034	0.999365034096035	0.00179750778946034
RNF41	0.857751206780826	0.00159956964282797	0.999365034096035	0.00159956964282797
DUBR	0.857934411731239	-0.000807573568144916	0.999365034096035	-0.000807573568144916
IFT57	0.857999144393746	-0.00249432954290401	0.999365034096035	-0.00249432954290401
PI4KA	0.858028431206224	0.00105498677388554	0.999365034096035	0.00105498677388554
RBFA	0.858048586371216	-0.00230964079103302	0.999365034096035	-0.00230964079103302
LRRC63	0.858161526299842	0.00125256237696952	0.999365034096035	0.00125256237696952
THY1	0.858221051493949	-0.00369628144703557	0.999365034096035	-0.00369628144703557
SLC12A5	0.858244099548931	0.00464952746276122	0.999365034096035	0.00464952746276122
PSMC2	0.858419740637804	0.0019165168341937	0.999365034096035	0.0019165168341937
DNAJC3-DT	0.858596814867373	-0.00231998168107926	0.999365034096035	-0.00231998168107926
SPP1	0.858718300939575	0.00125660254102695	0.999365034096035	0.00125660254102695
GMDS-DT	0.858914889013308	-0.00113624448879421	0.999365034096035	-0.00113624448879421
PIAS2	0.858955049551646	0.00106572460219251	0.999365034096035	0.00106572460219251
BBX	0.858988969795822	-0.000579265405645171	0.999365034096035	-0.000579265405645171
CADPS	0.859021446979566	0.00353198427508158	0.999365034096035	0.00353198427508158
PURG	0.859110933379312	0.00183926834008721	0.999365034096035	0.00183926834008721
ANKRD50	0.859212824695517	-0.00230210606167055	0.999365034096035	-0.00230210606167055
KCNMA1	0.85942166482802	-0.00315179300276869	0.999365034096035	-0.00315179300276869
CAST	0.859459380359375	-0.00111126436584442	0.999365034096035	-0.00111126436584442
HAUS2	0.859608632021548	-0.00190847691799265	0.999365034096035	-0.00190847691799265
NAA38	0.859667951524205	-0.00397345422079095	0.999365034096035	-0.00397345422079095
USF2	0.859670908044125	-0.0012704396325068	0.999365034096035	-0.0012704396325068
FCHO2	0.859772941504828	0.00111374795601607	0.999365034096035	0.00111374795601607
KLHL22	0.859812078439582	-0.00099255079914396	0.999365034096035	-0.00099255079914396
HIGD1A	0.860017808656403	-0.00304980134612899	0.999365034096035	-0.00304980134612899
TMED10	0.860127291502896	0.00105022532211332	0.999365034096035	0.00105022532211332
BASP1-AS1	0.860304980935682	-0.00414991015883123	0.999365034096035	-0.00414991015883123
TGFA	0.860338173050128	-0.0013237288873044	0.999365034096035	-0.0013237288873044
ALG12	0.860512336971519	-0.00255424935195412	0.999365034096035	-0.00255424935195412
ZNF500	0.860592655759178	-0.00183477874771216	0.999365034096035	-0.00183477874771216
AL162231.2	0.860647584641724	-0.00295622481589903	0.999365034096035	-0.00295622481589903
POLDIP2	0.860697540025478	-0.0022373075362716	0.999365034096035	-0.0022373075362716
PRPF31	0.860749264013391	-0.00169519855215732	0.999365034096035	-0.00169519855215732
SLC37A3	0.860815528505653	0.00131481147583594	0.999365034096035	0.00131481147583594
PLEKHH1	0.860953510224067	0.000773917643881479	0.999365034096035	0.000773917643881479
SFXN1	0.861065292954455	-0.00104731637024317	0.999365034096035	-0.00104731637024317
ZNF709	0.861272547994121	0.00208075853079684	0.999365034096035	0.00208075853079684
ZNF69	0.861327655321909	0.00226895035178262	0.999365034096035	0.00226895035178262
STXBP6	0.861330281082131	0.000845761985921297	0.999365034096035	0.000845761985921297
ATP11A	0.86144276783432	-0.000848119975908136	0.999365034096035	-0.000848119975908136
OGFOD1	0.861468347387513	-0.00213519910789342	0.999365034096035	-0.00213519910789342
ZNF704	0.861470972537645	0.000677630079154995	0.999365034096035	0.000677630079154995
RELA-DT	0.861492794535934	0.00253747776100876	0.999365034096035	0.00253747776100876
COX11	0.861608376107197	-0.00201054940055044	0.999365034096035	-0.00201054940055044
LRRFIP2	0.861686466716259	-0.000756257163881975	0.999365034096035	-0.000756257163881975
MAP2K7	0.861689574956908	0.00105142519382581	0.999365034096035	0.00105142519382581
PDE10A	0.861918987239547	-0.00239959592593441	0.999365034096035	-0.00239959592593441
SNAP29	0.862085282946603	-0.00154581179941668	0.999365034096035	-0.00154581179941668
TRHDE	0.862154161451337	0.00338224011685296	0.999365034096035	0.00338224011685296
IDH3G	0.862174027545179	-0.00287547872843729	0.999365034096035	-0.00287547872843729
PPP4C	0.862196372053701	0.00161390182325405	0.999365034096035	0.00161390182325405
AC007364.1	0.862313743146932	-0.00145479573026932	0.999365034096035	-0.00145479573026932
APMAP	0.862411352587173	0.00229980857411498	0.999365034096035	0.00229980857411498
BTBD16	0.862443082807267	-0.00253465442881028	0.999365034096035	-0.00253465442881028
MAP1S	0.862488907212468	-0.00272711320052353	0.999365034096035	-0.00272711320052353
RPP38	0.862631041819609	0.00156002040947042	0.999365034096035	0.00156002040947042
TCHP	0.862658596796707	0.00133586828088417	0.999365034096035	0.00133586828088417
ITGAE	0.862773208725746	-0.00171246352454534	0.999365034096035	-0.00171246352454534
NCBP2AS2	0.862865669327057	-0.00375677715693794	0.999365034096035	-0.00375677715693794
CALM1	0.862868221250103	0.00132425106713472	0.999365034096035	0.00132425106713472
UBTD1	0.862894581872297	0.00164648000718181	0.999365034096035	0.00164648000718181
GPSM1	0.862946392059308	0.00184473352257827	0.999365034096035	0.00184473352257827
ARHGAP17	0.863069273617013	-0.000946478951736646	0.999365034096035	-0.000946478951736646
SBF2	0.863096544102271	-0.000731908141417776	0.999365034096035	-0.000731908141417776
WDFY1	0.863135211670409	-0.00102711684170243	0.999365034096035	-0.00102711684170243
JPH4	0.863288785993851	-0.00386653638291043	0.999365034096035	-0.00386653638291043
FAM53A	0.863449782329586	-0.00235415407682108	0.999365034096035	-0.00235415407682108
EEF2	0.863450167974189	0.00171076400471349	0.999365034096035	0.00171076400471349
DDT	0.863735274044837	0.00336254541039002	0.999365034096035	0.00336254541039002
RINT1	0.863850074169379	0.00231557812846207	0.999365034096035	0.00231557812846207
COL4A5	0.863857222553192	0.000762933953806205	0.999365034096035	0.000762933953806205
PDCD7	0.864042094554878	0.00132784815951016	0.999365034096035	0.00132784815951016
YTHDF3	0.864200724150457	0.00124339511972066	0.999365034096035	0.00124339511972066
DNAJC12	0.864265629795175	-0.00265633498814727	0.999365034096035	-0.00265633498814727
MRPL50	0.864326138918407	-0.00349540649323198	0.999365034096035	-0.00349540649323198
SLC4A7	0.864351264709507	0.00221115631326241	0.999365034096035	0.00221115631326241
AC005225.2	0.864436845513079	-0.00312000317618257	0.999365034096035	-0.00312000317618257
ZMIZ2	0.864506554422244	0.00135514166169892	0.999365034096035	0.00135514166169892
UBXN4	0.864611653411793	0.000815584518241284	0.999365034096035	0.000815584518241284
MTR	0.864797103494993	-0.00102718775354457	0.999365034096035	-0.00102718775354457
GINM1	0.864845535255134	0.00101616545887036	0.999365034096035	0.00101616545887036
CIAO2B	0.865126237535668	-0.00186788281213446	0.999365034096035	-0.00186788281213446
CZIB	0.865165994962885	0.00152598167074538	0.999365034096035	0.00152598167074538
NDRG2	0.865169999316761	-0.0010630201325938	0.999365034096035	-0.0010630201325938
LIMK2	0.865282157768908	-0.00277958462848699	0.999365034096035	-0.00277958462848699
FAM104A	0.86545655562896	0.00258196766109198	0.999365034096035	0.00258196766109198
NOL8	0.865467291722615	0.00149238562143461	0.999365034096035	0.00149238562143461
NUS1	0.86561419936795	0.00137040331407249	0.999365034096035	0.00137040331407249
LSM5	0.865660175991381	-0.00219812940433138	0.999365034096035	-0.00219812940433138
VEZF1	0.865686218701137	0.00109578469433797	0.999365034096035	0.00109578469433797
AL592183.1	0.865707363854716	-0.00139286693269886	0.999365034096035	-0.00139286693269886
GBE1	0.865746211323173	-0.00138865263620323	0.999365034096035	-0.00138865263620323
TRAF3IP1	0.865845223659377	0.00166526948163593	0.999365034096035	0.00166526948163593
SOX2-OT	0.866099378198286	0.000535472033933923	0.999365034096035	0.000535472033933923
DCUN1D5	0.866159749111883	0.00195863718094964	0.999365034096035	0.00195863718094964
BCL2L2	0.866199103662333	-0.00205534196158167	0.999365034096035	-0.00205534196158167
AC104806.2	0.866205967409631	-0.00226395865784962	0.999365034096035	-0.00226395865784962
SUMF1	0.866372551692656	0.000901031410619553	0.999365034096035	0.000901031410619553
CORO2B	0.866650023200904	0.00092252436757005	0.999365034096035	0.00092252436757005
DDX52	0.866686080026878	-0.00136513707658307	0.999365034096035	-0.00136513707658307
TIMM17B	0.866724990713605	0.0034478421986833	0.999365034096035	0.0034478421986833
TXLNA	0.86683832830048	0.00157970018921253	0.999365034096035	0.00157970018921253
THOC5	0.866861937169732	0.00201362422180188	0.999365034096035	0.00201362422180188
ZMAT3	0.867034596650025	-0.0021696026494797	0.999365034096035	-0.0021696026494797
NFKB1	0.867100506614105	0.00076072590399369	0.999365034096035	0.00076072590399369
MGME1	0.867155598142562	-0.00233180053773057	0.999365034096035	-0.00233180053773057
TOMM7	0.867186495816481	0.00260111920496956	0.999365034096035	0.00260111920496956
ANKUB1	0.86740838086884	0.00301290232770708	0.999365034096035	0.00301290232770708
CDH18	0.867499819033672	-0.00355745309940203	0.999365034096035	-0.00355745309940203
CXorf38	0.867546307545334	-0.00180950376101539	0.999365034096035	-0.00180950376101539
SELENOS	0.867581812420321	-0.00213108259033776	0.999365034096035	-0.00213108259033776
API5	0.867599852475453	0.00117677370426453	0.999365034096035	0.00117677370426453
EMC4	0.867606001176759	0.00271625536933994	0.999365034096035	0.00271625536933994
RPS12	0.867667666259149	-0.00219811035077864	0.999365034096035	-0.00219811035077864
ARL6IP4	0.867675093695624	0.00147255337789794	0.999365034096035	0.00147255337789794
MTMR10	0.867741844446956	0.000781411179005852	0.999365034096035	0.000781411179005852
NIN	0.867897328178194	-0.00109622249039369	0.999365034096035	-0.00109622249039369
GOPC	0.867926015974451	0.00119264258146493	0.999365034096035	0.00119264258146493
HSD17B1	0.867937703726891	0.00211314781469351	0.999365034096035	0.00211314781469351
RABEPK	0.868038060328313	-0.00134348337901482	0.999365034096035	-0.00134348337901482
PHF21B	0.868094742482395	0.00185661282955014	0.999365034096035	0.00185661282955014
POP5	0.868372488680996	0.00279073849767534	0.999365034096035	0.00279073849767534
HACD3	0.868375378225994	-0.00113315961237503	0.999365034096035	-0.00113315961237503
ZNF280D	0.868395663931218	0.000749657070076307	0.999365034096035	0.000749657070076307
BVES-AS1	0.86853808088906	-0.00211993481464145	0.999365034096035	-0.00211993481464145
SEPTIN11	0.868538871907003	0.00372286800320849	0.999365034096035	0.00372286800320849
AC008771.1	0.868679303295774	-0.00230666347057543	0.999365034096035	-0.00230666347057543
SPPL3	0.868790092113698	0.000592622936252364	0.999365034096035	0.000592622936252364
MRPS15	0.868936798442976	-0.00239108750497916	0.999365034096035	-0.00239108750497916
ATP2B4	0.869067597749042	-0.00126137168997055	0.999365034096035	-0.00126137168997055
PI4KB	0.869114653031678	0.000934776122422406	0.999365034096035	0.000934776122422406
BAZ2B	0.869235388826955	0.000776261584632911	0.999365034096035	0.000776261584632911
TMEM44-AS1	0.869334287230302	0.00205148994108875	0.999365034096035	0.00205148994108875
VWA1	0.869462013248943	0.00156916915551733	0.999365034096035	0.00156916915551733
ILK	0.869676972049381	-0.00160144010785412	0.999365034096035	-0.00160144010785412
KANSL3	0.86973467507208	-0.00129213630271708	0.999365034096035	-0.00129213630271708
ATP8A2	0.86993882755306	0.00221138341969063	0.999365034096035	0.00221138341969063
PACSIN3	0.870037760254776	0.00265625872401135	0.999365034096035	0.00265625872401135
GUSB	0.870099892017378	-0.00134124655116758	0.999365034096035	-0.00134124655116758
CERS1	0.870103957361708	-0.00187016905847847	0.999365034096035	-0.00187016905847847
TLE1	0.870356049504249	-0.00249951888785994	0.999365034096035	-0.00249951888785994
RAD18	0.870461020172729	0.00144289778194326	0.999365034096035	0.00144289778194326
GLMP	0.870621319501644	0.00240063527076297	0.999365034096035	0.00240063527076297
HEBP1	0.870637080703906	0.00210440537393577	0.999365034096035	0.00210440537393577
AC005670.3	0.870669499525847	-0.000862442773629569	0.999365034096035	-0.000862442773629569
LAMP2	0.870679796372743	-0.000817917832305263	0.999365034096035	-0.000817917832305263
B4GAT1	0.870812443957928	-0.002884915784644	0.999365034096035	-0.002884915784644
TTLL9	0.870888139841585	-0.00156314626206209	0.999365034096035	-0.00156314626206209
IGSF8	0.870984675701735	0.00127431280450861	0.999365034096035	0.00127431280450861
NAP1L3	0.871188969529525	-0.00416116458338498	0.999365034096035	-0.00416116458338498
C1orf198	0.871398146206772	0.0010984042666352	0.999365034096035	0.0010984042666352
ARFGEF1	0.87155287648223	-0.000784883101503874	0.999365034096035	-0.000784883101503874
GRIA3	0.871626274648116	0.00243509917678224	0.999365034096035	0.00243509917678224
TGDS	0.871803392112324	0.00207626924514634	0.999365034096035	0.00207626924514634
ANKRD26	0.872001285953679	0.00117671951651821	0.999365034096035	0.00117671951651821
KHDC4	0.872035050815929	-0.00134227655227401	0.999365034096035	-0.00134227655227401
PAK1IP1	0.872173450675781	-0.00167961518725801	0.999365034096035	-0.00167961518725801
GIGYF2	0.872204373102526	-0.000762445652849056	0.999365034096035	-0.000762445652849056
PBX3	0.872335184124117	-0.000927234872122029	0.999365034096035	-0.000927234872122029
RARS2	0.87237603369076	-0.00100492080393709	0.999365034096035	-0.00100492080393709
CWC25	0.872597192596783	0.0016354768445999	0.999365034096035	0.0016354768445999
N4BP2L2-IT2	0.872625408187113	0.00230031055123505	0.999365034096035	0.00230031055123505
FAM13A-AS1	0.872683983555003	0.00124774968351686	0.999365034096035	0.00124774968351686
LSM6	0.872689477391601	0.00198602472759436	0.999365034096035	0.00198602472759436
OSTF1	0.872712058912646	-0.00123732102345137	0.999365034096035	-0.00123732102345137
UTP6	0.872909827847702	0.00139699114316635	0.999365034096035	0.00139699114316635
STN1	0.87311419333244	-0.00178405513008221	0.999365034096035	-0.00178405513008221
CNTN2	0.873133748491333	-0.000538840210062982	0.999365034096035	-0.000538840210062982
TUSC2	0.873245403847853	0.00221629879996383	0.999365034096035	0.00221629879996383
AMN1	0.873422076608374	-0.000904179760105069	0.999365034096035	-0.000904179760105069
ODF2	0.873520559115321	0.0013658304013956	0.999365034096035	0.0013658304013956
MBIP	0.87366278022461	0.00196906480608003	0.999365034096035	0.00196906480608003
EDC3	0.87367127277328	0.00157062263140391	0.999365034096035	0.00157062263140391
PTPRE	0.8737623144831	0.00113145840491367	0.999365034096035	0.00113145840491367
UBE2R2	0.873832742047641	0.000696917632249946	0.999365034096035	0.000696917632249946
CBLN2	0.873888406648203	-0.00424255034954431	0.999365034096035	-0.00424255034954431
NDUFC1	0.873967257373977	-0.00242604501736482	0.999365034096035	-0.00242604501736482
CREM	0.874246253659216	-0.00119262548121972	0.999365034096035	-0.00119262548121972
CDK16	0.874253270457732	-0.00199836961263009	0.999365034096035	-0.00199836961263009
PAGR1	0.874348090583804	0.00192205551191964	0.999365034096035	0.00192205551191964
ZNF649	0.874350419445658	0.00224156586606369	0.999365034096035	0.00224156586606369
ZC3H10	0.874576788683714	0.00229401690111286	0.999365034096035	0.00229401690111286
PCBP1-AS1	0.874830271369259	0.000846269889795738	0.999365034096035	0.000846269889795738
GTPBP4	0.874941028390567	-0.00153274295554065	0.999365034096035	-0.00153274295554065
TMPO	0.874981112780111	0.00138782292219371	0.999365034096035	0.00138782292219371
AGTPBP1	0.875039099466902	0.000564432111314915	0.999365034096035	0.000564432111314915
TMEM126B	0.875092547054259	0.00224678037536102	0.999365034096035	0.00224678037536102
LYPLAL1-DT	0.875097931174023	-0.00225380622706985	0.999365034096035	-0.00225380622706985
PILRA	0.875222732634345	-0.00160658268022605	0.999365034096035	-0.00160658268022605
HHIP-AS1	0.875248297131879	-0.00228982571415631	0.999365034096035	-0.00228982571415631
PTK2B	0.875275500117969	-0.00304987653146413	0.999365034096035	-0.00304987653146413
CEP112	0.875293074075735	-0.00329268203590364	0.999365034096035	-0.00329268203590364
ACAT2	0.875330449077502	-0.00202020743497676	0.999365034096035	-0.00202020743497676
MRPL19	0.875508020526701	-0.00129177746233849	0.999365034096035	-0.00129177746233849
EIF4A3	0.875674326416318	-0.00304001605248257	0.999365034096035	-0.00304001605248257
LGALS8	0.875816257236271	0.00247206987435438	0.999365034096035	0.00247206987435438
ADAMTS17	0.875859631216015	-0.00252644074573112	0.999365034096035	-0.00252644074573112
CYB561A3	0.875863009505396	-0.00222847926420167	0.999365034096035	-0.00222847926420167
GABARAPL1	0.875952886936176	0.00181284115081632	0.999365034096035	0.00181284115081632
UFSP2	0.87613403752691	0.00128348332243559	0.999365034096035	0.00128348332243559
ZBTB26	0.876339184755912	0.00169240891146406	0.999365034096035	0.00169240891146406
AC107223.1	0.876342323772621	-0.00231503873210995	0.999365034096035	-0.00231503873210995
WDR91	0.876380080023076	0.0017679060431402	0.999365034096035	0.0017679060431402
PGBD1	0.876419905117912	0.00159618003529957	0.999365034096035	0.00159618003529957
NSUN2	0.87644969437782	0.0014491732536717	0.999365034096035	0.0014491732536717
TRRAP	0.876563723340378	0.000757573254381817	0.999365034096035	0.000757573254381817
STAMBP	0.876714260654159	0.000962075368675502	0.999365034096035	0.000962075368675502
PPP1R14B	0.87690312575511	-0.00241753127490652	0.999365034096035	-0.00241753127490652
SCNN1D	0.876910297140793	-0.00234390812696674	0.999365034096035	-0.00234390812696674
RO60	0.876987300796565	-0.00118878539548505	0.999365034096035	-0.00118878539548505
SLITRK5	0.877302816682749	-0.00351404718979275	0.999365034096035	-0.00351404718979275
ARMH1	0.877328850315109	0.00230414360822191	0.999365034096035	0.00230414360822191
NDUFA8	0.877388747320317	-0.00338658645049902	0.999365034096035	-0.00338658645049902
RPF2	0.877417000587743	0.00145263150957176	0.999365034096035	0.00145263150957176
TMED9	0.877669977655885	0.00254892720636796	0.999365034096035	0.00254892720636796
VAMP1	0.8777959181643	0.00172959769669105	0.999365034096035	0.00172959769669105
LINC01138	0.877919112721047	0.00143758398116122	0.999365034096035	0.00143758398116122
MTRR	0.878039442440377	-0.00108272244640228	0.999365034096035	-0.00108272244640228
RXRB	0.878099759073308	0.00209563170528152	0.999365034096035	0.00209563170528152
ANAPC4	0.878104886920662	0.00115892679987956	0.999365034096035	0.00115892679987956
AC098484.4	0.878509399437914	0.00278089371227295	0.999365034096035	0.00278089371227295
AC006299.1	0.878801794134035	-0.00192774968996439	0.999365034096035	-0.00192774968996439
MTIF3	0.879009663688036	-0.000907718636441035	0.999365034096035	-0.000907718636441035
TMEM126A	0.879026293289441	-0.00291162792551618	0.999365034096035	-0.00291162792551618
GRIA4	0.879205032372259	-0.00165913832934507	0.999365034096035	-0.00165913832934507
GABPB1-AS1	0.87930299534326	-0.000911287840824344	0.999365034096035	-0.000911287840824344
AC018647.1	0.879334900700163	0.00152223834087851	0.999365034096035	0.00152223834087851
AL157392.3	0.879369381872047	0.00139964931842811	0.999365034096035	0.00139964931842811
FAT1	0.879386216989813	0.00257452370833459	0.999365034096035	0.00257452370833459
ASB6	0.879400308422758	-0.00275337866776972	0.999365034096035	-0.00275337866776972
CHD8	0.879697688676871	0.00103061806992872	0.999365034096035	0.00103061806992872
LINC02256	0.879706252784302	-0.00204316653561902	0.999365034096035	-0.00204316653561902
FGF12	0.879927354523116	0.00290859556127944	0.999365034096035	0.00290859556127944
CAPN7	0.879948717227173	-0.000710909403304237	0.999365034096035	-0.000710909403304237
DCAF12	0.88011013279579	0.00166824685160328	0.999365034096035	0.00166824685160328
CSNK1G3	0.880132707586413	-0.00134609820184098	0.999365034096035	-0.00134609820184098
LINC01411	0.880313168940629	0.00108392155796032	0.999365034096035	0.00108392155796032
NOL4L	0.880319365264873	0.000943659705979565	0.999365034096035	0.000943659705979565
AC067852.3	0.880591598377581	0.00261620522061218	0.999365034096035	0.00261620522061218
GPSM2	0.880595545974686	-0.000645213843041082	0.999365034096035	-0.000645213843041082
ADGRE2	0.880599556985021	-0.00156707532251134	0.999365034096035	-0.00156707532251134
STK38	0.880657847667164	-0.00105141300391591	0.999365034096035	-0.00105141300391591
TBC1D7	0.880811791735973	0.00233870953059372	0.999365034096035	0.00233870953059372
DAPK2	0.880813890109085	0.00107180100864743	0.999365034096035	0.00107180100864743
HNRNPH2	0.880861059514693	-0.00224655350071504	0.999365034096035	-0.00224655350071504
CACYBP	0.880878336951926	-0.00237435848123957	0.999365034096035	-0.00237435848123957
M6PR	0.880911677964165	-0.00185587061516066	0.999365034096035	-0.00185587061516066
MED24	0.881073936282792	0.0012983434635422	0.999365034096035	0.0012983434635422
TP53	0.881143958312306	-0.00213919493119607	0.999365034096035	-0.00213919493119607
MYOT	0.88114437686956	-0.00210144774652993	0.999365034096035	-0.00210144774652993
RAD50	0.881238649453067	-0.000760527625878031	0.999365034096035	-0.000760527625878031
AIFM2	0.88124418208203	0.00220409999167888	0.999365034096035	0.00220409999167888
AC104123.1	0.88133613178485	-0.00108837170574525	0.999365034096035	-0.00108837170574525
DRAIC	0.881356221197789	0.00225896985028408	0.999365034096035	0.00225896985028408
APBA2	0.881391115393691	0.000904213279884449	0.999365034096035	0.000904213279884449
SUZ12	0.881402297985103	0.000932861315508186	0.999365034096035	0.000932861315508186
LRIG1	0.881416845398051	0.00098356156518148	0.999365034096035	0.00098356156518148
USP7	0.881491257557208	-0.00102118898355267	0.999365034096035	-0.00102118898355267
CKAP5	0.881506153879109	0.00103706013137703	0.999365034096035	0.00103706013137703
PCDH7	0.881589602527875	-0.0028282374470969	0.999365034096035	-0.0028282374470969
TULP4	0.881620422594482	-0.000615401017943823	0.999365034096035	-0.000615401017943823
RETREG2	0.881685014625918	0.001745396691196	0.999365034096035	0.001745396691196
CKB	0.8818844675124	-0.00151427719856787	0.999365034096035	-0.00151427719856787
TRPC4AP	0.882049355255401	0.000643238973893806	0.999365034096035	0.000643238973893806
DNMT1	0.882065899700351	0.00108296711978767	0.999365034096035	0.00108296711978767
SMIM8	0.882260781757979	0.00160751028392137	0.999365034096035	0.00160751028392137
TOMM22	0.882343853388449	-0.00324929693199446	0.999365034096035	-0.00324929693199446
DIXDC1	0.882748094560123	0.000746120917210778	0.999365034096035	0.000746120917210778
EMG1	0.882759909411934	0.00193522550630721	0.999365034096035	0.00193522550630721
PKP4	0.882789220110261	-0.000557705647882211	0.999365034096035	-0.000557705647882211
METTL5	0.882826608845807	0.00196835277910395	0.999365034096035	0.00196835277910395
AIP	0.882974112075421	0.002076370048815	0.999365034096035	0.002076370048815
AF165147.1	0.882992221321751	-0.00105379382674651	0.999365034096035	-0.00105379382674651
IFFO1	0.883073614579792	-0.00222348075951734	0.999365034096035	-0.00222348075951734
TANK	0.883111436674234	-0.00095252805968472	0.999365034096035	-0.00095252805968472
AL035530.2	0.88319491296992	0.00143530950785064	0.999365034096035	0.00143530950785064
CTTNBP2NL	0.883319201388666	0.00112908589867744	0.999365034096035	0.00112908589867744
PIGN	0.883632928490364	-0.000833307438723944	0.999365034096035	-0.000833307438723944
PLPP7	0.883729119764143	-0.00152698732890349	0.999365034096035	-0.00152698732890349
THUMPD3	0.88373489437636	-0.0016077167206744	0.999365034096035	-0.0016077167206744
LINC02762	0.883764533749461	-0.00183155448406345	0.999365034096035	-0.00183155448406345
AC016597.1	0.884004404730904	0.000833304733490703	0.999365034096035	0.000833304733490703
PDXK	0.884117009357195	0.00189463976186339	0.999365034096035	0.00189463976186339
ECH1	0.884343341836226	-0.00180578392185875	0.999365034096035	-0.00180578392185875
CNIH3	0.884547018245882	-0.00163917565905614	0.999365034096035	-0.00163917565905614
ATP6V1E1	0.884801990889028	0.00156112335067736	0.999365034096035	0.00156112335067736
MYO19	0.884815911040724	0.00113252158492773	0.999365034096035	0.00113252158492773
FAM114A1	0.884894381555776	0.00112072051364941	0.999365034096035	0.00112072051364941
SRRM3	0.884948617103394	0.00283299619095429	0.999365034096035	0.00283299619095429
DNAJC19	0.884954546800826	0.00217206744208008	0.999365034096035	0.00217206744208008
ICE2	0.884962947290964	0.000825971464842344	0.999365034096035	0.000825971464842344
DTD2	0.885138659120808	-0.00108096999920056	0.999365034096035	-0.00108096999920056
FBRS	0.88515077116626	-0.00148402661719533	0.999365034096035	-0.00148402661719533
MIR34AHG	0.885602839217222	0.00255114708326684	0.999365034096035	0.00255114708326684
METTL4	0.885654918513545	0.00158315295932687	0.999365034096035	0.00158315295932687
CHST3	0.88573045424702	-0.00109323782182856	0.999365034096035	-0.00109323782182856
NBN	0.885762224915499	-0.00137491676855642	0.999365034096035	-0.00137491676855642
METTL23	0.885790505263801	0.00152554248209615	0.999365034096035	0.00152554248209615
UMPS	0.885840210618724	0.00164298943516601	0.999365034096035	0.00164298943516601
AC116362.1	0.886037022517517	-0.00125617886845153	0.999365034096035	-0.00125617886845153
AC079352.1	0.886070694434501	0.000864855214709312	0.999365034096035	0.000864855214709312
WDR59	0.886137158792035	-0.000664250661862245	0.999365034096035	-0.000664250661862245
ZNF445	0.886202158591746	-0.00117791667682757	0.999365034096035	-0.00117791667682757
PRKAG2	0.886371606071949	0.00319719870775112	0.999365034096035	0.00319719870775112
SLC8A2	0.886411330482272	-0.00268968524947142	0.999365034096035	-0.00268968524947142
MPP2	0.886438301190361	0.000946860234961924	0.999365034096035	0.000946860234961924
RNF40	0.886542455650326	-0.00150165335800349	0.999365034096035	-0.00150165335800349
SLC17A7	0.886571853957622	-0.0034861431149008	0.999365034096035	-0.0034861431149008
NAF1	0.88658840593959	0.00142276290678587	0.999365034096035	0.00142276290678587
NDUFB11	0.886681694277332	0.00301835477866694	0.999365034096035	0.00301835477866694
MIS18BP1	0.886695520794764	-0.00265232007308211	0.999365034096035	-0.00265232007308211
REV3L	0.886808942518435	-0.000706823231106495	0.999365034096035	-0.000706823231106495
AC090360.1	0.886823097656724	0.00259874208099068	0.999365034096035	0.00259874208099068
TTC31	0.887078726146443	0.00165842257954118	0.999365034096035	0.00165842257954118
THOC7	0.887111002706199	-0.00163610793047372	0.999365034096035	-0.00163610793047372
TEX9	0.887114520178733	0.00173394911257284	0.999365034096035	0.00173394911257284
GCAT	0.887114634741397	0.00222337153454173	0.999365034096035	0.00222337153454173
SPTBN4	0.887158334959765	-0.00243710535367099	0.999365034096035	-0.00243710535367099
ZNF846	0.887307779997434	0.00144346612878099	0.999365034096035	0.00144346612878099
PPT1	0.887771239306569	0.00179373728989476	0.999365034096035	0.00179373728989476
IFNAR1	0.887842834953601	-0.00106310745120802	0.999365034096035	-0.00106310745120802
MARCH1	0.887898768241721	-0.000416192243780236	0.999365034096035	-0.000416192243780236
RPL4	0.887919409693956	0.00193643179901579	0.999365034096035	0.00193643179901579
ANKS6	0.888014426105636	0.000852357002333441	0.999365034096035	0.000852357002333441
SCAMP4	0.888023338750887	0.00121483303143153	0.999365034096035	0.00121483303143153
C19orf53	0.888026035268953	-0.00264025694730718	0.999365034096035	-0.00264025694730718
RRAGA	0.888034697374566	0.00244089453374411	0.999365034096035	0.00244089453374411
TSR3	0.888089873607892	0.00250143845027395	0.999365034096035	0.00250143845027395
COMMD9	0.888139019340464	-0.00231802614473957	0.999365034096035	-0.00231802614473957
CHCHD1	0.888429880628868	-0.00288750920066786	0.999365034096035	-0.00288750920066786
NEK4	0.88847571226227	-0.00122468688323908	0.999365034096035	-0.00122468688323908
VPS16	0.888519694218083	-0.00144604146126795	0.999365034096035	-0.00144604146126795
CBWD2	0.888535174314202	-0.00150884495070798	0.999365034096035	-0.00150884495070798
MKRN3	0.888571397308445	-0.000728171788657896	0.999365034096035	-0.000728171788657896
SLU7	0.888749386448358	-0.00172990374249427	0.999365034096035	-0.00172990374249427
DTHD1	0.888793095688591	0.00215163885727329	0.999365034096035	0.00215163885727329
PROSER3	0.888850575602404	-0.0024393669799067	0.999365034096035	-0.0024393669799067
FSD1	0.888984173929829	-0.00175808969121841	0.999365034096035	-0.00175808969121841
AP004608.1	0.888996284217915	-0.00191725661815989	0.999365034096035	-0.00191725661815989
ZBTB47	0.889070137414536	0.00133557042006475	0.999365034096035	0.00133557042006475
CISD1	0.88922946340472	0.00180187682068135	0.999365034096035	0.00180187682068135
ING5	0.889266050898934	0.00091684341736479	0.999365034096035	0.00091684341736479
RAB1B	0.889268044190865	-0.00173454142319394	0.999365034096035	-0.00173454142319394
TXNL1	0.889294124897037	0.00107766295948957	0.999365034096035	0.00107766295948957
ZNF30	0.889378346193112	0.00156333459799338	0.999365034096035	0.00156333459799338
ABCG1	0.88964574348641	-0.000827045177817845	0.999365034096035	-0.000827045177817845
SLC16A1-AS1	0.88974465312217	-0.000790755284885406	0.999365034096035	-0.000790755284885406
SNHG9	0.88978086381787	0.00224534305426463	0.999365034096035	0.00224534305426463
CTNNB1	0.889783593095167	-0.00106669158878703	0.999365034096035	-0.00106669158878703
MPC1	0.889828962841907	-0.000980406292059261	0.999365034096035	-0.000980406292059261
SH3YL1	0.889905781285243	0.000843822817643215	0.999365034096035	0.000843822817643215
SENP2	0.890023689339074	-0.000836950033079702	0.999365034096035	-0.000836950033079702
SARS2	0.89006016131575	-0.0025646377010673	0.999365034096035	-0.0025646377010673
PMS1	0.890102598826307	0.000929204053914168	0.999365034096035	0.000929204053914168
MFSD6	0.890187937009676	0.000730666706852375	0.999365034096035	0.000730666706852375
UBA2	0.890410999051844	-0.000729873128007542	0.999365034096035	-0.000729873128007542
MT-CYB	0.890493540748114	0.000979525657810218	0.999365034096035	0.000979525657810218
MTSS2	0.890566604028058	0.0020151674836726	0.999365034096035	0.0020151674836726
TPRG1L	0.890681158790988	0.00285146692974079	0.999365034096035	0.00285146692974079
RNF187	0.890699982937332	0.00198870882479668	0.999365034096035	0.00198870882479668
AAMP	0.890759069700342	-0.00194107797939627	0.999365034096035	-0.00194107797939627
EI24	0.890785344542205	-0.00154997058307915	0.999365034096035	-0.00154997058307915
ALMS1	0.890837087834832	-0.000851729038100129	0.999365034096035	-0.000851729038100129
AP1B1	0.890883192302127	-0.00129487720980816	0.999365034096035	-0.00129487720980816
ZNF84	0.891103009934688	-0.000908299167238135	0.999365034096035	-0.000908299167238135
SPOP	0.891108416304522	-0.000742428229480649	0.999365034096035	-0.000742428229480649
CRBN	0.891122432139559	0.000909234047538499	0.999365034096035	0.000909234047538499
TMEM9	0.89118237236445	-0.0023146083110437	0.999365034096035	-0.0023146083110437
TAGLN3	0.891267197961151	0.00328364579309449	0.999365034096035	0.00328364579309449
ELAVL4	0.8913630264839	0.00299578394558377	0.999365034096035	0.00299578394558377
TAF5L	0.891403484398122	0.00117851359471899	0.999365034096035	0.00117851359471899
PDIA3	0.891664697962932	0.000931700335912391	0.999365034096035	0.000931700335912391
AARS	0.891744747935092	0.000956280803597634	0.999365034096035	0.000956280803597634
DANCR	0.891775426342582	0.00226241701877063	0.999365034096035	0.00226241701877063
SOX10	0.891812872773573	0.000710645195041312	0.999365034096035	0.000710645195041312
PSMG2	0.891920196470696	0.00102781880557403	0.999365034096035	0.00102781880557403
HRAS	0.891947812219752	0.00213034598455359	0.999365034096035	0.00213034598455359
ZNF562	0.891982165495394	0.00105544684803531	0.999365034096035	0.00105544684803531
ASB3	0.89204081884167	-0.000658070546128053	0.999365034096035	-0.000658070546128053
LINC02284	0.892054619537917	-0.00221167236692047	0.999365034096035	-0.00221167236692047
FN3K	0.892071556801539	-0.00131258648742052	0.999365034096035	-0.00131258648742052
ZC3H4	0.892229596005857	0.00112265002572572	0.999365034096035	0.00112265002572572
BACH2	0.892404328464411	0.000528608400427031	0.999365034096035	0.000528608400427031
PKD2L2	0.892472918153071	-0.00298176839304731	0.999365034096035	-0.00298176839304731
ST3GAL6-AS1	0.892727876730898	0.00224296563289946	0.999365034096035	0.00224296563289946
LURAP1L	0.892748093491419	-0.00155320129778904	0.999365034096035	-0.00155320129778904
MYH3	0.892919898065024	0.00184273130188626	0.999365034096035	0.00184273130188626
GAB2	0.893067195478302	-0.000497994737601929	0.999365034096035	-0.000497994737601929
OS9	0.893116866847564	0.00110446347627461	0.999365034096035	0.00110446347627461
TPRG1	0.893258134573687	-0.00191569167819088	0.999365034096035	-0.00191569167819088
TRIM65	0.893311489729886	-0.00144034030081874	0.999365034096035	-0.00144034030081874
EPHX2	0.8933132187417	-0.00171777271711632	0.999365034096035	-0.00171777271711632
DGKH	0.893364567372538	-0.00200250084802438	0.999365034096035	-0.00200250084802438
GABRB1	0.893485805480752	-0.00249771049422427	0.999365034096035	-0.00249771049422427
KCTD17	0.893533187228789	-0.00201464302584116	0.999365034096035	-0.00201464302584116
FAM234B	0.893584547496032	-0.00214969837589272	0.999365034096035	-0.00214969837589272
PAIP2	0.893599196732039	-0.000757096041036357	0.999365034096035	-0.000757096041036357
RSRP1	0.893668130605945	-0.000608864999906959	0.999365034096035	-0.000608864999906959
OLMALINC	0.893830014419796	0.000816419499120109	0.999365034096035	0.000816419499120109
KCNK15-AS1	0.893897638560424	0.00150127124351074	0.999365034096035	0.00150127124351074
SLC6A15	0.89394030006852	0.000987206938430556	0.999365034096035	0.000987206938430556
AP002812.2	0.893972241864361	0.00142786831343279	0.999365034096035	0.00142786831343279
SH3BGR	0.893992754226063	0.00157661213971899	0.999365034096035	0.00157661213971899
RNF31	0.894235125231243	-0.00142265322831665	0.999365034096035	-0.00142265322831665
MYCBP2	0.894254010810569	0.000735061899755022	0.999365034096035	0.000735061899755022
NOP14	0.894400833439062	0.00213519149743118	0.999365034096035	0.00213519149743118
NDUFAF5	0.894435238584429	-0.00143915703821239	0.999365034096035	-0.00143915703821239
CHP1	0.894488009169262	0.00108803740097778	0.999365034096035	0.00108803740097778
STAT2	0.894613750842333	-0.000900827521258096	0.999365034096035	-0.000900827521258096
SSBP1	0.894759819004216	-0.00101385840185167	0.999365034096035	-0.00101385840185167
MT2A	0.894812527812026	-0.00189914171093459	0.999365034096035	-0.00189914171093459
GPR107	0.894881752575346	0.000841682477795083	0.999365034096035	0.000841682477795083
CABYR	0.894950557054225	0.00155832619457136	0.999365034096035	0.00155832619457136
PLCL1	0.895033584299996	0.000404114662131624	0.999365034096035	0.000404114662131624
BEST1	0.895130077646267	0.00105405619332535	0.999365034096035	0.00105405619332535
ACTL6A	0.895386572221459	-0.00160928448036587	0.999365034096035	-0.00160928448036587
FAU	0.89543782639659	-0.00165954009054916	0.999365034096035	-0.00165954009054916
MEGF8	0.895575046427587	0.00123069939444193	0.999365034096035	0.00123069939444193
AP1AR	0.895790691971044	0.00161121113413426	0.999365034096035	0.00161121113413426
FAM81A	0.896303785425505	0.00177170104642431	0.999365034096035	0.00177170104642431
GTF2F1	0.89631468586296	0.00206591087666785	0.999365034096035	0.00206591087666785
CBX5	0.896362837796145	0.000994473029128349	0.999365034096035	0.000994473029128349
ZNF320	0.89639286404657	-0.00194134571189147	0.999365034096035	-0.00194134571189147
FAAP100	0.896407438139288	0.00220262849972043	0.999365034096035	0.00220262849972043
CLTC	0.896426856547778	0.000889679949886864	0.999365034096035	0.000889679949886864
MAGI2-AS3	0.89644432082177	0.000588293811743893	0.999365034096035	0.000588293811743893
FAM155A	0.896562562402113	0.00260147078079587	0.999365034096035	0.00260147078079587
KLF15	0.896732025442301	0.00135035855027753	0.999365034096035	0.00135035855027753
CCDC88A	0.896883232229476	-0.000536427425102983	0.999365034096035	-0.000536427425102983
PTMS	0.896900025338739	-0.00378870437442786	0.999365034096035	-0.00378870437442786
MOB3B	0.89694470019383	-0.000494143579696288	0.999365034096035	-0.000494143579696288
ARAP2	0.896954528167878	-0.000371681681309806	0.999365034096035	-0.000371681681309806
CRELD2	0.897054695388016	-0.00155661046192721	0.999365034096035	-0.00155661046192721
MRPL20	0.897124310394093	0.00130115887253262	0.999365034096035	0.00130115887253262
INPP4B	0.897158004136666	-0.0019193003590163	0.999365034096035	-0.0019193003590163
SRRM4	0.897193662900955	0.0026882619795963	0.999365034096035	0.0026882619795963
SPATA6	0.897229481056238	-0.000707236420666305	0.999365034096035	-0.000707236420666305
HNRNPLL	0.897281521584583	0.00136267731783264	0.999365034096035	0.00136267731783264
RPL8	0.897397932264804	-0.00163623612656632	0.999365034096035	-0.00163623612656632
FNDC3B	0.8976930849357	-0.00104585308574653	0.999365034096035	-0.00104585308574653
ZNF354B	0.897719528398101	-0.00136409880010534	0.999365034096035	-0.00136409880010534
AKR1B1	0.897756901127227	-0.00179095242416499	0.999365034096035	-0.00179095242416499
MCMBP	0.897779275170488	0.00109661672470888	0.999365034096035	0.00109661672470888
RPS27A	0.897789110428021	-0.00173146214661842	0.999365034096035	-0.00173146214661842
MSI2	0.897905009410376	-0.000743912343794181	0.999365034096035	-0.000743912343794181
GALC	0.898030104346355	-0.00111384344078961	0.999365034096035	-0.00111384344078961
KDM2B-DT	0.898148658287683	0.00119673321051649	0.999365034096035	0.00119673321051649
AC108047.1	0.898201495728844	0.000887804012846886	0.999365034096035	0.000887804012846886
PAM16	0.898307314844271	0.00095559570549659	0.999365034096035	0.00095559570549659
XPO6	0.898710709503631	-0.000677953273034797	0.999365034096035	-0.000677953273034797
TAF15	0.898806302516585	-0.000555069356569412	0.999365034096035	-0.000555069356569412
COMMD1	0.899025505960306	-0.00052310628353722	0.999365034096035	-0.00052310628353722
ARL6IP1	0.899160427278513	0.00157658153876018	0.999365034096035	0.00157658153876018
SRRM2	0.899171698468825	0.000610774779973496	0.999365034096035	0.000610774779973496
CRELD1	0.899230697317933	-0.00163193009506202	0.999365034096035	-0.00163193009506202
CNDP2	0.899319340653739	-0.000917709878280165	0.999365034096035	-0.000917709878280165
IRAK4	0.89935999286737	0.00164872210530374	0.999365034096035	0.00164872210530374
ABCF1	0.899385328232259	-0.00109787103915411	0.999365034096035	-0.00109787103915411
UROD	0.899502803663775	-0.00222129128757936	0.999365034096035	-0.00222129128757936
CELSR2	0.899633536836597	0.000755427695730875	0.999365034096035	0.000755427695730875
SETDB1	0.899722900805614	0.000883513357703234	0.999365034096035	0.000883513357703234
LINC01128	0.899781250774256	-0.00186449251352389	0.999365034096035	-0.00186449251352389
KIAA1328	0.899800909231353	0.000591885681349205	0.999365034096035	0.000591885681349205
SSR1	0.899860904838638	-0.000939338861659448	0.999365034096035	-0.000939338861659448
NRF1	0.899981107164379	-0.000586113859578824	0.999365034096035	-0.000586113859578824
PRPF40A	0.90013044484223	-0.000650615999887447	0.999365034096035	-0.000650615999887447
AC083870.1	0.900311292207432	-0.00126590467776531	0.999365034096035	-0.00126590467776531
CREB3L2	0.900827367773397	-0.000575907438070235	0.999365034096035	-0.000575907438070235
ATP5PB	0.900949805822196	-0.00142025720731793	0.999365034096035	-0.00142025720731793
DCTN1	0.900967087205868	0.00122479495849368	0.999365034096035	0.00122479495849368
NABP2	0.901010052043232	0.00216432560147144	0.999365034096035	0.00216432560147144
RRAGC	0.901519022572193	0.00114443630956927	0.999365034096035	0.00114443630956927
KDELR2	0.901674651026444	-0.00178354923917534	0.999365034096035	-0.00178354923917534
GK5	0.901678956857501	0.00119293612779879	0.999365034096035	0.00119293612779879
ZNF431	0.90176982265545	-0.000810279417056213	0.999365034096035	-0.000810279417056213
AL354809.1	0.901826935339774	-0.000779521902740265	0.999365034096035	-0.000779521902740265
AC034195.1	0.902196382050598	0.00110056923364888	0.999365034096035	0.00110056923364888
LINC01170	0.902290186192226	0.000805099405217544	0.999365034096035	0.000805099405217544
GACAT3	0.902702739271564	0.00213638482901789	0.999365034096035	0.00213638482901789
KRBA1	0.902725990628799	0.00193828934215858	0.999365034096035	0.00193828934215858
RTEL1	0.90287236362282	0.00158864609588022	0.999365034096035	0.00158864609588022
SCFD2	0.902875703776292	-0.000656118501822801	0.999365034096035	-0.000656118501822801
NOA1	0.902926593128105	-0.00159922179306543	0.999365034096035	-0.00159922179306543
CELF6	0.902948261929894	-0.00115107941538882	0.999365034096035	-0.00115107941538882
RNF44	0.902992483811658	0.00176709434226594	0.999365034096035	0.00176709434226594
ANKRD36C	0.903020301421147	0.000664855168058482	0.999365034096035	0.000664855168058482
PFDN6	0.90313583306681	-0.00200460988805762	0.999365034096035	-0.00200460988805762
IMPDH2	0.903197883204455	0.00203267190801646	0.999365034096035	0.00203267190801646
ANKRD13D	0.90325696602143	-0.000958062128426175	0.999365034096035	-0.000958062128426175
CFL1	0.903271121615787	-0.00133082619722558	0.999365034096035	-0.00133082619722558
ARHGAP12	0.90327559975588	-0.00126152931624291	0.999365034096035	-0.00126152931624291
SHMT1	0.903287923523468	0.00106424744939605	0.999365034096035	0.00106424744939605
TMEM43	0.903303645920772	-0.00106668583143446	0.999365034096035	-0.00106668583143446
TRPS1	0.903621597361295	0.000511910700936627	0.999365034096035	0.000511910700936627
FOCAD	0.903682890987061	-0.00176423850700072	0.999365034096035	-0.00176423850700072
NBPF3	0.903784658823365	0.00225839373539535	0.999365034096035	0.00225839373539535
KLF6	0.903788080468271	0.00183278814569632	0.999365034096035	0.00183278814569632
PITPNC1	0.903792603173973	0.0019794495683647	0.999365034096035	0.0019794495683647
PMVK	0.903799367483362	0.00184168587385882	0.999365034096035	0.00184168587385882
LDLRAP1	0.903801683899875	0.000908967268506984	0.999365034096035	0.000908967268506984
ZNF736	0.903935122512584	0.00107603300029963	0.999365034096035	0.00107603300029963
TMEM259	0.904028942502121	-0.000907532977831222	0.999365034096035	-0.000907532977831222
CDS2	0.904064330128609	0.000580696606775269	0.999365034096035	0.000580696606775269
NECTIN3	0.904071414660336	0.00119399192158149	0.999365034096035	0.00119399192158149
TOB1	0.904278489170485	0.00120463430095887	0.999365034096035	0.00120463430095887
DNPEP	0.904325481094389	0.00147675773946074	0.999365034096035	0.00147675773946074
TTC3	0.904352271518799	0.000555456772170549	0.999365034096035	0.000555456772170549
ERCC6L2	0.904618987543655	0.000680257397121549	0.999365034096035	0.000680257397121549
ITM2A	0.904668272737208	-0.00200066659220302	0.999365034096035	-0.00200066659220302
VPS13C	0.904722009539005	0.00049369695448358	0.999365034096035	0.00049369695448358
PPIL4	0.904803893814833	0.000871824296866758	0.999365034096035	0.000871824296866758
MEIS1	0.904885910852109	-0.000685818871502683	0.999365034096035	-0.000685818871502683
UGDH	0.904972750347966	-0.00140270053757349	0.999365034096035	-0.00140270053757349
LINC-PINT	0.905130351484875	0.000992545558481622	0.999365034096035	0.000992545558481622
MTMR3	0.905175422125328	0.000750179094045852	0.999365034096035	0.000750179094045852
VARS	0.905375221412969	-0.00178757181206891	0.999365034096035	-0.00178757181206891
DLL1	0.905651418780443	-0.000994253511507763	0.999365034096035	-0.000994253511507763
LYRM4	0.905723555578206	-0.000750308294265428	0.999365034096035	-0.000750308294265428
TCEAL1	0.905729491324279	0.00223622824760384	0.999365034096035	0.00223622824760384
SLC25A17	0.905825508070447	0.000904487818662244	0.999365034096035	0.000904487818662244
SYN1	0.905876167543228	0.00393708693170592	0.999365034096035	0.00393708693170592
TBP	0.906062764377296	-0.00148442158643018	0.999365034096035	-0.00148442158643018
ARNT2	0.906331889214639	-0.000680614073112317	0.999365034096035	-0.000680614073112317
COG3	0.90651123385985	-0.000859133871274775	0.999365034096035	-0.000859133871274775
VBP1	0.906511859362012	-0.0017329135702137	0.999365034096035	-0.0017329135702137
DTD1	0.906590532886578	0.000873108512383789	0.999365034096035	0.000873108512383789
RSF1	0.906946337927972	0.000488170381807731	0.999365034096035	0.000488170381807731
KLF3	0.906956807172792	-0.000718599862739141	0.999365034096035	-0.000718599862739141
PLD1	0.907023051511307	-0.000422614426880117	0.999365034096035	-0.000422614426880117
FZD3	0.907263367084986	0.00304762500099643	0.999365034096035	0.00304762500099643
ZNF236-DT	0.90737189174344	0.00147074046098709	0.999365034096035	0.00147074046098709
TYK2	0.907413535709325	-0.00106823128784008	0.999365034096035	-0.00106823128784008
TMEM80	0.907481755212406	0.00184066810876527	0.999365034096035	0.00184066810876527
ZBTB37	0.907548052987197	0.000854865658676705	0.999365034096035	0.000854865658676705
NDFIP1	0.907697740395444	0.000736020687915683	0.999365034096035	0.000736020687915683
ATG2A	0.907906803236143	-0.00115484473587986	0.999365034096035	-0.00115484473587986
PRR14	0.908040451680322	0.00133908530313555	0.999365034096035	0.00133908530313555
AC027644.3	0.908411475383505	-0.00215401263625953	0.999365034096035	-0.00215401263625953
ZMAT4	0.908549692011626	-0.00269728820478683	0.999365034096035	-0.00269728820478683
DGUOK	0.908593134926797	0.00100122960269544	0.999365034096035	0.00100122960269544
PCMTD1	0.908621635845661	0.000580896463923833	0.999365034096035	0.000580896463923833
ABHD13	0.90866854891373	-0.00148036995881298	0.999365034096035	-0.00148036995881298
KLHL18	0.908790127591944	0.000966590554147754	0.999365034096035	0.000966590554147754
SOD1	0.908939490631632	0.00157550210174915	0.999365034096035	0.00157550210174915
RAP1B	0.908973577523604	-0.000749189714759815	0.999365034096035	-0.000749189714759815
G3BP1	0.908994153256419	0.000675882008299826	0.999365034096035	0.000675882008299826
AC118549.1	0.909264939813789	0.000419831955029036	0.999365034096035	0.000419831955029036
NMRK1	0.909323027655718	-0.00126242906363233	0.999365034096035	-0.00126242906363233
RPE	0.909359450475912	0.00113103274378398	0.999365034096035	0.00113103274378398
C8orf33	0.90936543488759	0.00155568809481354	0.999365034096035	0.00155568809481354
RSL24D1	0.909445290676992	-0.0022443259484877	0.999365034096035	-0.0022443259484877
RARS	0.909490624003337	0.00093183920323306	0.999365034096035	0.00093183920323306
SLC7A14-AS1	0.909784613280237	-0.000580558805155023	0.999365034096035	-0.000580558805155023
CLASRP	0.910107166770929	0.000538351521172949	0.999365034096035	0.000538351521172949
ARL6IP5	0.910139650483627	0.000838005973122637	0.999365034096035	0.000838005973122637
ZCWPW1	0.910154146283668	-0.000927293720612085	0.999365034096035	-0.000927293720612085
HSPBP1	0.910349364959854	-0.00172297429141616	0.999365034096035	-0.00172297429141616
MLST8	0.910408270733752	-0.00177907337124213	0.999365034096035	-0.00177907337124213
ACTR6	0.910421179000066	-0.00147072194801288	0.999365034096035	-0.00147072194801288
VPS29	0.910508224463324	0.00106772916174804	0.999365034096035	0.00106772916174804
CCSER1	0.910571471863837	-0.00205530849720088	0.999365034096035	-0.00205530849720088
AL160269.1	0.910626385007551	0.00125102139719985	0.999365034096035	0.00125102139719985
MHENCR	0.910640736806744	-0.00118720765544389	0.999365034096035	-0.00118720765544389
ZNF622	0.910916872546288	-0.00218999430160231	0.999365034096035	-0.00218999430160231
TLN2	0.910917107354595	0.000778003072336094	0.999365034096035	0.000778003072336094
HDGF	0.910925845146357	0.00121964493572414	0.999365034096035	0.00121964493572414
PLEKHM2	0.911010743316959	0.000803357886185215	0.999365034096035	0.000803357886185215
SSR4	0.911026371843853	0.00156886978710777	0.999365034096035	0.00156886978710777
CNPPD1	0.911053809110823	0.00181312106815664	0.999365034096035	0.00181312106815664
EBAG9	0.91112912086083	0.00154860467222114	0.999365034096035	0.00154860467222114
TTYH2	0.911203534705315	0.000412413415670688	0.999365034096035	0.000412413415670688
PEX5	0.911410164440033	0.00159698671598679	0.999365034096035	0.00159698671598679
MAPRE1	0.911550201231614	0.00154068059526543	0.999365034096035	0.00154068059526543
DLG2	0.911575175776634	-0.000227317775766732	0.999365034096035	-0.000227317775766732
FAM24B	0.911812311749411	0.00183072965570634	0.999365034096035	0.00183072965570634
KCTD4	0.911813038985744	0.00215365853586217	0.999365034096035	0.00215365853586217
TMC7	0.911846491055418	-0.000665698415929473	0.999365034096035	-0.000665698415929473
NPIPA1	0.911995423673224	-0.00140734906953994	0.999365034096035	-0.00140734906953994
MOCS2	0.912063862140216	-0.00177129222583212	0.999365034096035	-0.00177129222583212
TAX1BP1	0.91211521212568	0.000553025571343345	0.999365034096035	0.000553025571343345
ALDH1L2	0.91212181935349	0.00173399627383936	0.999365034096035	0.00173399627383936
ZNF417	0.912230253800127	-0.00111908657855568	0.999365034096035	-0.00111908657855568
PIGP	0.912331685542189	-0.00118806028343094	0.999365034096035	-0.00118806028343094
ACVR2B	0.912393790603476	-0.000859937663677438	0.999365034096035	-0.000859937663677438
SLC6A17	0.912405019624294	-0.00251039739258981	0.999365034096035	-0.00251039739258981
SH3KBP1	0.912443433960569	0.000511728651876675	0.999365034096035	0.000511728651876675
MAPRE3	0.912465309694312	0.00128407859872721	0.999365034096035	0.00128407859872721
PDE6D	0.91250462232027	-0.000818229870779434	0.999365034096035	-0.000818229870779434
ZHX3	0.912973285584507	-0.000491666220118243	0.999365034096035	-0.000491666220118243
PTBP1	0.912998770980836	0.00103312389714716	0.999365034096035	0.00103312389714716
ARL13B	0.913035577183943	-0.00084325428336474	0.999365034096035	-0.00084325428336474
PPARD	0.913183805921057	0.000745552464412607	0.999365034096035	0.000745552464412607
ANKRD65	0.913242021469025	-0.00136024070863303	0.999365034096035	-0.00136024070863303
PRDX5	0.91328087931466	-0.00237153891178297	0.999365034096035	-0.00237153891178297
RNASE1	0.913346254419867	0.00118368907746799	0.999365034096035	0.00118368907746799
CD82	0.91346905707566	-0.00082239713895917	0.999365034096035	-0.00082239713895917
COMMD7	0.913563328541669	0.00112647665020315	0.999365034096035	0.00112647665020315
ABCE1	0.913894941046537	0.000929162986148122	0.999365034096035	0.000929162986148122
IGIP	0.91389959048877	0.00113689083174447	0.999365034096035	0.00113689083174447
AMT	0.914281339205968	0.00171571172856389	0.999365034096035	0.00171571172856389
ARSI	0.914321391748808	-0.00131605412464914	0.999365034096035	-0.00131605412464914
SIRPA	0.914398136574005	-0.000939299256029277	0.999365034096035	-0.000939299256029277
SLC35E2A	0.91458304432413	0.000987976410890917	0.999365034096035	0.000987976410890917
ZBTB3	0.914586231569331	0.00145529649222723	0.999365034096035	0.00145529649222723
EDEM2	0.914728820849583	-0.0013391628049884	0.999365034096035	-0.0013391628049884
PLEKHA8	0.914863289363611	-0.000944144658371605	0.999365034096035	-0.000944144658371605
UIMC1	0.915063275089942	-0.000814028762990619	0.999365034096035	-0.000814028762990619
PCMTD2	0.915223706482563	0.000820814433340925	0.999365034096035	0.000820814433340925
ANKRD17	0.915387933289756	-0.000351574088294984	0.999365034096035	-0.000351574088294984
MIR3936HG	0.915424659475597	0.00144415576187714	0.999365034096035	0.00144415576187714
BNIP3	0.915481984560087	-0.00135674905534119	0.999365034096035	-0.00135674905534119
SLC39A13	0.915843140459935	0.00146052507612158	0.999365034096035	0.00146052507612158
ZBTB25	0.915844369961016	-0.000891763201757785	0.999365034096035	-0.000891763201757785
CREBRF	0.915977041737528	0.000590153084869687	0.999365034096035	0.000590153084869687
SNUPN	0.916121867450349	-0.00123911608570337	0.999365034096035	-0.00123911608570337
EBF4	0.916314001782336	0.000762539321622404	0.999365034096035	0.000762539321622404
ZNF75A	0.916318847615666	0.000685409279248621	0.999365034096035	0.000685409279248621
ZNF737	0.916397254214707	0.000921771879673132	0.999365034096035	0.000921771879673132
MAGED2	0.916568918198693	-0.00144414298458978	0.999365034096035	-0.00144414298458978
LINC02073	0.916579973256845	0.00095615498416225	0.999365034096035	0.00095615498416225
RGS7	0.916797104648024	0.00188211734989762	0.999365034096035	0.00188211734989762
GXYLT2	0.916941558646127	0.000682793946599319	0.999365034096035	0.000682793946599319
TSNAX	0.917156194528492	-0.000752768378026502	0.999365034096035	-0.000752768378026502
PCLO	0.917318368677525	0.00191166672031954	0.999365034096035	0.00191166672031954
CMPK1	0.917363768948585	-0.00101145308943947	0.999365034096035	-0.00101145308943947
PCCB	0.91752487535367	0.000583124367580189	0.999365034096035	0.000583124367580189
PLXDC2	0.917618127130852	-0.000379119883067811	0.999365034096035	-0.000379119883067811
C11orf49	0.917621582654048	0.000562030646629501	0.999365034096035	0.000562030646629501
PUM3	0.917722380414999	0.000535442375389854	0.999365034096035	0.000535442375389854
CWC22	0.917746985555388	0.000814254906808888	0.999365034096035	0.000814254906808888
ZKSCAN8	0.917840217427568	-0.00117347930527941	0.999365034096035	-0.00117347930527941
TMX4	0.917858659821798	0.00105154145931016	0.999365034096035	0.00105154145931016
VGLL4	0.9179153657064	0.000626758855383786	0.999365034096035	0.000626758855383786
TMSB10	0.918146542056724	0.00217428411077765	0.999365034096035	0.00217428411077765
DDX46	0.918202034115075	-0.00055952492424472	0.999365034096035	-0.00055952492424472
SH3D19	0.918280656866208	-0.000378902171290885	0.999365034096035	-0.000378902171290885
KLHL32	0.91836202790835	0.000384146718701244	0.999365034096035	0.000384146718701244
NLK	0.918485281460471	-0.000369283959596143	0.999365034096035	-0.000369283959596143
ZNF565	0.918491011662161	-0.00088838811568555	0.999365034096035	-0.00088838811568555
MT-CO1	0.918496935647173	0.000716376117575905	0.999365034096035	0.000716376117575905
AC104162.2	0.918524401656926	-0.00170373590862893	0.999365034096035	-0.00170373590862893
KCTD20	0.918544369546008	0.000837110260960703	0.999365034096035	0.000837110260960703
AGO1	0.918714918980225	-0.000873835939266984	0.999365034096035	-0.000873835939266984
IQCK	0.918780875908016	0.000658283176986888	0.999365034096035	0.000658283176986888
SLC35B1	0.918983128884175	0.00141637936868315	0.999365034096035	0.00141637936868315
ZMYND11	0.91902415438312	0.000470889604146718	0.999365034096035	0.000470889604146718
KIAA1755	0.91906170799709	0.000508912200272226	0.999365034096035	0.000508912200272226
RGS12	0.919101925191878	-0.000786392453436889	0.999365034096035	-0.000786392453436889
UBXN2B	0.919235314430232	-0.000809678462260208	0.999365034096035	-0.000809678462260208
RECQL	0.919406214608389	0.00104738122292622	0.999365034096035	0.00104738122292622
HIVEP2	0.919508864387051	-0.000589786954976836	0.999365034096035	-0.000589786954976836
AC025171.1	0.919552708963469	-0.000846753680344078	0.999365034096035	-0.000846753680344078
YIPF3	0.919561482852722	0.00143641598198445	0.999365034096035	0.00143641598198445
WDR83	0.91980165256343	-0.001424884181177	0.999365034096035	-0.001424884181177
RAB5IF	0.920236420584411	0.00174035047340458	0.999365034096035	0.00174035047340458
SP2	0.92066952726939	-0.00120276850300775	0.999365034096035	-0.00120276850300775
ECD	0.920693593213439	0.000803261724484122	0.999365034096035	0.000803261724484122
ATP6V0D2	0.920722736604931	0.00217344970436251	0.999365034096035	0.00217344970436251
AL035681.1	0.920884878293251	-0.00097089878245273	0.999365034096035	-0.00097089878245273
ACADSB	0.921049674999218	0.000654141652673256	0.999365034096035	0.000654141652673256
RSAD1	0.921078052006414	0.00113444389412797	0.999365034096035	0.00113444389412797
HLA-DMA	0.921083541608517	0.00220366194664945	0.999365034096035	0.00220366194664945
DGKD	0.921287420434651	0.000606659999773688	0.999365034096035	0.000606659999773688
DHRS7B	0.921295104392403	0.000750372530929874	0.999365034096035	0.000750372530929874
E2F4	0.921327888652787	-0.00126730825835288	0.999365034096035	-0.00126730825835288
COQ7	0.921371268758644	0.00107915764957383	0.999365034096035	0.00107915764957383
FSTL3	0.92137690090524	-0.00242145953585101	0.999365034096035	-0.00242145953585101
CST3	0.921485264346078	0.0024374434827446	0.999365034096035	0.0024374434827446
TOMM40	0.921585715874206	0.000924943963964373	0.999365034096035	0.000924943963964373
EBLN3P	0.921749037531748	-0.00109678173424114	0.999365034096035	-0.00109678173424114
AK2	0.921766697136964	-0.000829807189994524	0.999365034096035	-0.000829807189994524
AC005009.2	0.921792688421	0.00129664308286389	0.999365034096035	0.00129664308286389
ZNF316	0.921815349118028	0.000902110491681141	0.999365034096035	0.000902110491681141
PRKAA1	0.922025027931082	-0.000745143152651275	0.999365034096035	-0.000745143152651275
SLC16A2	0.922103761527083	0.00120184935273534	0.999365034096035	0.00120184935273534
GLUD1	0.922175918356486	0.000561840371782343	0.999365034096035	0.000561840371782343
MAP2K3	0.922258557657774	0.00152251003984889	0.999365034096035	0.00152251003984889
BTBD9	0.922393743279522	-0.000463899884697486	0.999365034096035	-0.000463899884697486
CHMP4A	0.92245546869969	0.000939684040166988	0.999365034096035	0.000939684040166988
SNCA	0.922542042254021	-0.000684828937364924	0.999365034096035	-0.000684828937364924
FXYD6	0.922734978790637	0.00172670714007033	0.999365034096035	0.00172670714007033
CACFD1	0.92279377011613	-0.00132896236912887	0.999365034096035	-0.00132896236912887
FOXO3	0.922889658105062	-0.000415607469985202	0.999365034096035	-0.000415607469985202
GATD1	0.92295803799904	0.00105228208042758	0.999365034096035	0.00105228208042758
USP39	0.923001871225691	0.00101028870352316	0.999365034096035	0.00101028870352316
TMEM199	0.923017252547387	0.00160106024280144	0.999365034096035	0.00160106024280144
ZNF720	0.923260823209956	0.000986848116572686	0.999365034096035	0.000986848116572686
RASA2	0.923472292231451	-0.000635034704843364	0.999365034096035	-0.000635034704843364
SNIP1	0.923511664345449	0.00149354831806391	0.999365034096035	0.00149354831806391
CPB2	0.923674773751841	-0.00235185756420456	0.999365034096035	-0.00235185756420456
HERC2	0.923723977167511	0.000467547170645707	0.999365034096035	0.000467547170645707
LINC00960	0.923755607709425	-0.00226292225925003	0.999365034096035	-0.00226292225925003
KRTCAP2	0.923910325875929	0.00130378082971019	0.999365034096035	0.00130378082971019
THUMPD2	0.924085049372483	0.000969011536474746	0.999365034096035	0.000969011536474746
PLEKHA3	0.924117752469684	0.000867531989858321	0.999365034096035	0.000867531989858321
SLC31A2	0.92415894431326	0.000490432388546955	0.999365034096035	0.000490432388546955
LGI4	0.924201193035289	0.00144376808634923	0.999365034096035	0.00144376808634923
CTDSPL2	0.924259106416277	0.000475649520186502	0.999365034096035	0.000475649520186502
ARL2BP	0.924438254740593	-0.00100506369400324	0.999365034096035	-0.00100506369400324
MICAL3	0.924598289839773	0.000383074397013155	0.999365034096035	0.000383074397013155
PCBD2	0.924793521084344	-0.000893564732512869	0.999365034096035	-0.000893564732512869
SYVN1	0.924842235185186	0.00108685078951184	0.999365034096035	0.00108685078951184
MIR646HG	0.924913876776048	-0.00120559409969778	0.999365034096035	-0.00120559409969778
FAM200A	0.924927689346162	0.000964127534909359	0.999365034096035	0.000964127534909359
MATN2	0.925011422253996	-0.000619782872831987	0.999365034096035	-0.000619782872831987
DDHD2	0.925097552510476	-0.000849718498459142	0.999365034096035	-0.000849718498459142
CPSF1	0.92522675474377	-0.000905001344467725	0.999365034096035	-0.000905001344467725
MOBP	0.925374549747509	0.000428365481044386	0.999365034096035	0.000428365481044386
MSN	0.925385624213802	0.0012164552763477	0.999365034096035	0.0012164552763477
MAST4	0.925460198567583	0.00101929616384978	0.999365034096035	0.00101929616384978
GOLIM4	0.925683371570898	0.00101381386122773	0.999365034096035	0.00101381386122773
UNC13C	0.925769499990704	0.00210108799201961	0.999365034096035	0.00210108799201961
SUGP2	0.925770355062114	-0.000689044110321028	0.999365034096035	-0.000689044110321028
CTDP1	0.926207620216737	-0.000972139880213945	0.999365034096035	-0.000972139880213945
TCEANC2	0.92632254351036	-0.000943404580226522	0.999365034096035	-0.000943404580226522
GTF2IRD2	0.926329305929861	-0.000692980404691549	0.999365034096035	-0.000692980404691549
NSUN4	0.926341172688081	-0.00082458250211823	0.999365034096035	-0.00082458250211823
HIPK2	0.926377859243674	0.00031023280661524	0.999365034096035	0.00031023280661524
ABHD17A	0.926432347604114	0.000721460365760204	0.999365034096035	0.000721460365760204
PIP4K2B	0.926538446993601	0.000765720330798968	0.999365034096035	0.000765720330798968
TBC1D9B	0.92662184838544	0.000760335922733629	0.999365034096035	0.000760335922733629
RPL37	0.92663670912548	0.000846275844910887	0.999365034096035	0.000846275844910887
WDR36	0.926677309462999	-0.00115950955256714	0.999365034096035	-0.00115950955256714
PDIK1L	0.926779497917815	0.00106769867387058	0.999365034096035	0.00106769867387058
BAD	0.926862087895928	0.00140431734341204	0.999365034096035	0.00140431734341204
DAP3	0.926890697636698	0.000487784879374008	0.999365034096035	0.000487784879374008
LONRF1	0.92693291559349	0.00104057402105465	0.999365034096035	0.00104057402105465
PBLD	0.926974206438343	0.00141932062833069	0.999365034096035	0.00141932062833069
AP005901.5	0.927009076071326	-0.00164213157309111	0.999365034096035	-0.00164213157309111
AC063944.3	0.927067755332398	-0.00180175452872691	0.999365034096035	-0.00180175452872691
NUP155	0.927096311154411	0.000944024648501947	0.999365034096035	0.000944024648501947
MAPKAPK5-AS1	0.927108978191173	0.00140762929692374	0.999365034096035	0.00140762929692374
FLNC	0.927199505165843	0.0017118780960393	0.999365034096035	0.0017118780960393
P2RY11	0.927415281703214	0.00153972461137488	0.999365034096035	0.00153972461137488
TTYH1	0.927458665898612	-0.00047295150118917	0.999365034096035	-0.00047295150118917
ZNF514	0.927635896942046	0.000813935686205693	0.999365034096035	0.000813935686205693
PTPRF	0.927669055091637	0.000425262549487979	0.999365034096035	0.000425262549487979
CDH11	0.927695558058059	-0.000674445000000835	0.999365034096035	-0.000674445000000835
COP1	0.92783531321537	0.000425937068001971	0.999365034096035	0.000425937068001971
SNX18	0.927863073099649	-0.00111422162886134	0.999365034096035	-0.00111422162886134
AC068724.3	0.927863405661126	-0.00103864705269583	0.999365034096035	-0.00103864705269583
WNK2	0.927990604880838	0.00203955460488622	0.999365034096035	0.00203955460488622
AL589740.1	0.928234373543776	0.000583253829181767	0.999365034096035	0.000583253829181767
PARP16	0.928347510703707	0.000756151456937244	0.999365034096035	0.000756151456937244
AURKAIP1	0.92843816318471	-0.00138478262297795	0.999365034096035	-0.00138478262297795
MZT2A	0.928466728562122	0.00120540995484145	0.999365034096035	0.00120540995484145
PSMD9	0.928746886908825	-0.000804812697321633	0.999365034096035	-0.000804812697321633
AC023282.1	0.92881521775429	0.0010720612484708	0.999365034096035	0.0010720612484708
RHOBTB3	0.928827373691145	0.000497211441331284	0.999365034096035	0.000497211441331284
MORF4L1	0.928857789945556	0.000619748570776114	0.999365034096035	0.000619748570776114
GIN1	0.92889594441115	0.000949267637243986	0.999365034096035	0.000949267637243986
KIF5A	0.929039497713237	0.00231238731853024	0.999365034096035	0.00231238731853024
EMC2	0.929160891471684	-0.000523109646155704	0.999365034096035	-0.000523109646155704
RNF103	0.929198672827608	-0.000879855988975963	0.999365034096035	-0.000879855988975963
RABL3	0.929200413038132	0.00107571411342639	0.999365034096035	0.00107571411342639
AAMDC	0.929279286261677	-0.000558616135172891	0.999365034096035	-0.000558616135172891
PAPSS1	0.929295281233837	-0.000475659204315911	0.999365034096035	-0.000475659204315911
RPUSD3	0.929297278156611	-0.00126178534726642	0.999365034096035	-0.00126178534726642
UGP2	0.929373578710362	-0.000669057612168063	0.999365034096035	-0.000669057612168063
WDHD1	0.929405250504001	-0.00129072555167409	0.999365034096035	-0.00129072555167409
ZNF786	0.929579747709535	-0.00112887056119371	0.999365034096035	-0.00112887056119371
TMCO1	0.929591279663344	-0.000971239842681395	0.999365034096035	-0.000971239842681395
TRIM3	0.929594726778492	-0.00125004444728986	0.999365034096035	-0.00125004444728986
CYFIP2	0.929864996705952	-0.000969390983795645	0.999365034096035	-0.000969390983795645
EPB41L5	0.929891297507185	-0.00084821144080805	0.999365034096035	-0.00084821144080805
AC092835.1	0.929896210418614	0.000714130514271877	0.999365034096035	0.000714130514271877
ZFHX4-AS1	0.929958292977912	0.00136303221069158	0.999365034096035	0.00136303221069158
RAPGEF2	0.930003988288419	0.000531252477633845	0.999365034096035	0.000531252477633845
ZNF675	0.93000559449928	-0.000979354582326261	0.999365034096035	-0.000979354582326261
STX18	0.93008823445304	-0.000593823521098497	0.999365034096035	-0.000593823521098497
AKT2	0.93013487978519	0.000574644735139799	0.999365034096035	0.000574644735139799
DNAJA4	0.930267545136735	-0.00139986090019955	0.999365034096035	-0.00139986090019955
TUT4	0.930295364788757	0.0003449835373629	0.999365034096035	0.0003449835373629
TRNAU1AP	0.930365296047467	-0.000595628721034853	0.999365034096035	-0.000595628721034853
MAN2B1	0.930494161365796	0.000696205082962946	0.999365034096035	0.000696205082962946
ERI2	0.930656521120224	0.00104834191308351	0.999365034096035	0.00104834191308351
KCTD10	0.930676252686621	-0.00115580584700394	0.999365034096035	-0.00115580584700394
PRELID1	0.930739382226211	0.00150044466347783	0.999365034096035	0.00150044466347783
C18orf32	0.930957656141897	0.000976822800089958	0.999365034096035	0.000976822800089958
RPS4X	0.931032973240231	0.00119490905527018	0.999365034096035	0.00119490905527018
DUSP26	0.931049365585881	0.00162229499636173	0.999365034096035	0.00162229499636173
SMYD3	0.931060385660356	0.0007420361118214	0.999365034096035	0.0007420361118214
RAB43	0.931237591650176	0.00137703271085203	0.999365034096035	0.00137703271085203
ROBO3	0.931287290112289	0.00119230677990265	0.999365034096035	0.00119230677990265
GEMIN2	0.931532564938496	0.0012859877983559	0.999365034096035	0.0012859877983559
ITPA	0.93168315740673	0.000863223842597197	0.999365034096035	0.000863223842597197
SNX9	0.931814585759469	0.000384161274307017	0.999365034096035	0.000384161274307017
EHMT2	0.931845801282201	-0.000609775961827362	0.999365034096035	-0.000609775961827362
ATRX	0.93188373025945	0.000350038726777118	0.999365034096035	0.000350038726777118
EXOSC10	0.931899750337415	0.000728678618606704	0.999365034096035	0.000728678618606704
CCNK	0.931963144694198	0.000832696656432159	0.999365034096035	0.000832696656432159
TMEM135	0.932040957673253	-0.000488267320724939	0.999365034096035	-0.000488267320724939
APTR	0.932167327634139	0.000728489560654795	0.999365034096035	0.000728489560654795
R3HDM1	0.932204978015109	-0.000758658820354795	0.999365034096035	-0.000758658820354795
SLC35F6	0.932349658072996	0.00120696400413096	0.999365034096035	0.00120696400413096
LINC00513	0.932369786967301	-0.0014954720426029	0.999365034096035	-0.0014954720426029
FITM2	0.932384048746115	0.00129796043053509	0.999365034096035	0.00129796043053509
ATP6V0B	0.932675568595045	-0.000886185989222715	0.999365034096035	-0.000886185989222715
ZNF790	0.932922286096897	-0.000884065266167462	0.999365034096035	-0.000884065266167462
DCTN6	0.932985575448233	-0.00126320055324505	0.999365034096035	-0.00126320055324505
PRR13	0.932987817483288	-0.00141094673228463	0.999365034096035	-0.00141094673228463
SPACA6	0.93328497569191	0.000706301971845342	0.999365034096035	0.000706301971845342
NAPG	0.933295470315417	0.000519921868135696	0.999365034096035	0.000519921868135696
ZNF460	0.933688216651057	-0.00146475776666656	0.999365034096035	-0.00146475776666656
PSMD8	0.933720434968624	0.000968378239236985	0.999365034096035	0.000968378239236985
SVBP	0.933728332946571	-0.00158974053298381	0.999365034096035	-0.00158974053298381
TMEM208	0.933802172718491	-0.00161114035166864	0.999365034096035	-0.00161114035166864
CHCHD3	0.933887830581435	-0.000394690912861627	0.999365034096035	-0.000394690912861627
SOX6	0.933916977426538	0.00161333534314045	0.999365034096035	0.00161333534314045
ZFAND2A	0.934051419855031	0.00143872489102215	0.999365034096035	0.00143872489102215
AC007785.1	0.934068705879115	0.000924887320568115	0.999365034096035	0.000924887320568115
GPBP1	0.934077161426756	0.000327912221620402	0.999365034096035	0.000327912221620402
FAM3A	0.934499327688624	0.000870761132081352	0.999365034096035	0.000870761132081352
HNRNPUL2	0.934544760751062	0.000757052960848468	0.999365034096035	0.000757052960848468
NCOR1	0.934711792025773	-0.000261420208154014	0.999365034096035	-0.000261420208154014
RDH11	0.934763323455559	0.000707015685025502	0.999365034096035	0.000707015685025502
KNDC1	0.934817147682589	-0.00186880955061942	0.999365034096035	-0.00186880955061942
BBS4	0.934934779760132	-0.000798709904265401	0.999365034096035	-0.000798709904265401
POU3F3	0.935003848941107	0.000518238585705539	0.999365034096035	0.000518238585705539
ZC3H13	0.935160678795034	0.000441625902573254	0.999365034096035	0.000441625902573254
ACACB	0.93517325634888	0.000540917389643377	0.999365034096035	0.000540917389643377
PARD6G-AS1	0.935210140564646	0.00179859737341324	0.999365034096035	0.00179859737341324
STX7	0.935244584691788	0.000450633335573998	0.999365034096035	0.000450633335573998
ULK1	0.935259450271217	0.000723988116658599	0.999365034096035	0.000723988116658599
CNOT10	0.935278607257896	-0.000490176930370983	0.999365034096035	-0.000490176930370983
TRMT2B	0.93538333164796	0.00130506922304108	0.999365034096035	0.00130506922304108
KMT5A	0.935472514905617	-0.000771674644891462	0.999365034096035	-0.000771674644891462
TMEM145	0.935527759361656	-0.00128931758456022	0.999365034096035	-0.00128931758456022
RPRD1A	0.935529674282795	-0.000395599686563015	0.999365034096035	-0.000395599686563015
MMP24OS	0.935530431906184	0.000616111179938047	0.999365034096035	0.000616111179938047
PCNA	0.935541370568423	-0.00139679183867965	0.999365034096035	-0.00139679183867965
ZFAS1	0.93571517742555	-0.000985269404599367	0.999365034096035	-0.000985269404599367
SCAPER	0.935737817213689	-0.000350658855203919	0.999365034096035	-0.000350658855203919
DFFB	0.935740568269783	0.00088441524783249	0.999365034096035	0.00088441524783249
COL9A3	0.935809421554305	-0.00086222874864961	0.999365034096035	-0.00086222874864961
LRRC8C-DT	0.935815548536567	-0.000609816515814677	0.999365034096035	-0.000609816515814677
TMEM125	0.936140363853814	0.00101920474097845	0.999365034096035	0.00101920474097845
UBAP1L	0.936233493144384	0.00054794157210405	0.999365034096035	0.00054794157210405
EIF1AX	0.936400783749835	-0.000696576161695107	0.999365034096035	-0.000696576161695107
PTPDC1	0.936488453043072	0.000519721242675046	0.999365034096035	0.000519721242675046
MAGI1	0.936490657907062	0.000322049730267835	0.999365034096035	0.000322049730267835
PDZRN3	0.936494028905937	-0.00164476061125277	0.999365034096035	-0.00164476061125277
MTRNR2L8	0.936495424426165	0.00166322443755949	0.999365034096035	0.00166322443755949
LGR4	0.936770347706802	-0.000610923866671323	0.999365034096035	-0.000610923866671323
KIAA1191	0.937029361818232	-0.000948206030062096	0.999365034096035	-0.000948206030062096
FAM214A	0.937039116192265	-0.000487304496171388	0.999365034096035	-0.000487304496171388
PDZRN4	0.937197113037129	-0.00159594401350318	0.999365034096035	-0.00159594401350318
CSRP1	0.937218542756269	0.000554741302537867	0.999365034096035	0.000554741302537867
GTF2F2	0.937355725106719	0.000463451235820859	0.999365034096035	0.000463451235820859
EEF1G	0.937595072035551	-0.000970242920768381	0.999365034096035	-0.000970242920768381
ARHGEF2	0.937636748396484	-0.00038823417617342	0.999365034096035	-0.00038823417617342
CRKL	0.93764548004917	0.000659243052370123	0.999365034096035	0.000659243052370123
SERP2	0.937674711692423	-0.000756293570095795	0.999365034096035	-0.000756293570095795
C17orf49	0.937689104547986	0.00150002603140054	0.999365034096035	0.00150002603140054
CYHR1	0.937721444234103	-0.000649047372348369	0.999365034096035	-0.000649047372348369
ZNF710-AS1	0.937873779498633	0.00116094117882615	0.999365034096035	0.00116094117882615
AP001029.2	0.938025375792652	0.00121196913295791	0.999365034096035	0.00121196913295791
LRRTM3	0.938030301499639	-0.000706668580193314	0.999365034096035	-0.000706668580193314
RPS6KL1	0.938061929210591	-0.000907773521851947	0.999365034096035	-0.000907773521851947
NTAN1	0.938076095063909	0.00115606705064932	0.999365034096035	0.00115606705064932
DSEL	0.938123025432481	0.000477969982611698	0.999365034096035	0.000477969982611698
ZNF317	0.938192712503509	0.000987610605997655	0.999365034096035	0.000987610605997655
NACAD	0.938327033986482	-0.000642769541782408	0.999365034096035	-0.000642769541782408
POLR2B	0.938362106449041	-0.000488116315946651	0.999365034096035	-0.000488116315946651
C5	0.938420766604753	-0.000764649930705732	0.999365034096035	-0.000764649930705732
PLXNA3	0.938512430289873	-0.000960699992827012	0.999365034096035	-0.000960699992827012
FAM8A1	0.938962517315678	-0.000996876095051788	0.999365034096035	-0.000996876095051788
CCDC102B	0.939072989649656	-0.000669082805069915	0.999365034096035	-0.000669082805069915
SEC62	0.939113987427641	-0.000574266929014707	0.999365034096035	-0.000574266929014707
AC090114.2	0.939213533655267	0.000827282254656491	0.999365034096035	0.000827282254656491
PACRG-AS3	0.939367005910483	0.00064073413519495	0.999365034096035	0.00064073413519495
NRAS	0.939456326576389	-0.00107130193719271	0.999365034096035	-0.00107130193719271
UBXN6	0.939522664065865	0.00101841529264778	0.999365034096035	0.00101841529264778
CCNH	0.939623756377777	-0.000304106926706752	0.999365034096035	-0.000304106926706752
PRKX	0.939710552004097	0.000926162580313841	0.999365034096035	0.000926162580313841
TMEM59	0.939911088300292	0.000450761768930506	0.999365034096035	0.000450761768930506
MAP2K1	0.939962861456779	-0.000693817413812918	0.999365034096035	-0.000693817413812918
ZSWIM6	0.940090836193298	0.000259975955493524	0.999365034096035	0.000259975955493524
RALGAPA2	0.940142497924281	-0.00039688023605133	0.999365034096035	-0.00039688023605133
AP002336.2	0.940159890164655	0.00132497393146481	0.999365034096035	0.00132497393146481
TMEM134	0.940163724584464	0.000997472309809108	0.999365034096035	0.000997472309809108
TDRD7	0.940219302823496	0.000692175011105704	0.999365034096035	0.000692175011105704
TMEM8A	0.940225033363593	-0.00112632029179621	0.999365034096035	-0.00112632029179621
TMEM246	0.940323889751683	-0.000867710365123817	0.999365034096035	-0.000867710365123817
MMGT1	0.940392923032192	0.00126694370417739	0.999365034096035	0.00126694370417739
NOC4L	0.94074642092906	0.00123624247673372	0.999365034096035	0.00123624247673372
TNS2	0.940770886434823	-0.000640758729361813	0.999365034096035	-0.000640758729361813
OGA	0.94077832301985	-0.00045201237896531	0.999365034096035	-0.00045201237896531
PNPLA6	0.94079142476516	-0.00050003817171165	0.999365034096035	-0.00050003817171165
SRD5A3	0.940869470960512	-0.000663605238532553	0.999365034096035	-0.000663605238532553
SBDS	0.940901049315518	-0.0009166902882546	0.999365034096035	-0.0009166902882546
PHF21A	0.941046105134382	-0.000285823498969034	0.999365034096035	-0.000285823498969034
GMDS	0.941067427908173	0.000591344865164362	0.999365034096035	0.000591344865164362
CLCA4	0.941180851090942	0.000722580429968736	0.999365034096035	0.000722580429968736
LURAP1L-AS1	0.94120324068039	0.000921640703063066	0.999365034096035	0.000921640703063066
NCAM2	0.941204880613141	0.000224914926923983	0.999365034096035	0.000224914926923983
NDUFB7	0.941656698541975	0.00100610382581056	0.999365034096035	0.00100610382581056
MFF	0.941763649700951	-0.000411195198001514	0.999365034096035	-0.000411195198001514
TSGA10	0.941857431657833	-0.000482218517126707	0.999365034096035	-0.000482218517126707
LINC00609	0.941962768133428	0.000413117129075875	0.999365034096035	0.000413117129075875
LINC01416	0.942008014816546	-0.00101339727500049	0.999365034096035	-0.00101339727500049
SNRNP70	0.942176285426135	-0.00032050106363814	0.999365034096035	-0.00032050106363814
BORCS8	0.94219529702502	-0.0010489557803825	0.999365034096035	-0.0010489557803825
C21orf91	0.942251850454457	-0.0004458076884725	0.999365034096035	-0.0004458076884725
FP565260.1	0.942345643537059	-0.00140184362107166	0.999365034096035	-0.00140184362107166
CDKL5	0.942541975997308	-0.000607141196454088	0.999365034096035	-0.000607141196454088
DHFR	0.942680556353297	-0.000951559305866501	0.999365034096035	-0.000951559305866501
PMP22	0.942756706234475	-0.00043857975632632	0.999365034096035	-0.00043857975632632
FAM104B	0.942840633566721	-0.00115524567422076	0.999365034096035	-0.00115524567422076
DISC1	0.942913686371826	-0.000473098563982805	0.999365034096035	-0.000473098563982805
RBM15B	0.943070817929434	-0.0010565423128119	0.999365034096035	-0.0010565423128119
TMBIM6	0.943083045646058	0.000571091216727434	0.999365034096035	0.000571091216727434
LEPROT	0.943097339023556	-0.000891774943819742	0.999365034096035	-0.000891774943819742
HSD17B7	0.94316536786642	0.000645158495529302	0.999365034096035	0.000645158495529302
ZNF354A	0.943188766242098	0.000809547874810377	0.999365034096035	0.000809547874810377
SNRNP27	0.94327070159499	-0.000979165031450635	0.999365034096035	-0.000979165031450635
UCK1	0.943347063323095	-0.00112118752435968	0.999365034096035	-0.00112118752435968
USP24	0.943419102451651	0.000381024683178956	0.999365034096035	0.000381024683178956
FBXO25	0.943436241012141	0.000548520644299236	0.999365034096035	0.000548520644299236
SPNS1	0.943483992177958	0.000827301972206439	0.999365034096035	0.000827301972206439
OSER1	0.943526793935112	-0.0010421055234352	0.999365034096035	-0.0010421055234352
SFPQ	0.943645219880192	-0.000341871288635199	0.999365034096035	-0.000341871288635199
PNISR	0.943717824969846	-0.000366746329874588	0.999365034096035	-0.000366746329874588
AARSD1	0.943824951258199	-0.000935505290819282	0.999365034096035	-0.000935505290819282
GTPBP1	0.943921038985149	-0.00055045875285083	0.999365034096035	-0.00055045875285083
A1BG-AS1	0.944040889571284	-0.000812958546313165	0.999365034096035	-0.000812958546313165
CHUK	0.944071741187328	0.00067455143504684	0.999365034096035	0.00067455143504684
DNAJB14	0.944085581818606	0.000513124727239356	0.999365034096035	0.000513124727239356
ACLY	0.944145689196332	0.000680807027344003	0.999365034096035	0.000680807027344003
GNAI1	0.944248914125575	0.000294526465500182	0.999365034096035	0.000294526465500182
LINC01578	0.944489285255829	-0.000360787369919685	0.999365034096035	-0.000360787369919685
RIF1	0.944884824175469	0.000316089165085042	0.999365034096035	0.000316089165085042
PAPOLG	0.944937965819427	0.000595066399888653	0.999365034096035	0.000595066399888653
COQ10B	0.945029150594053	0.000702847292109838	0.999365034096035	0.000702847292109838
DHDDS	0.94506280194148	0.000761522243443394	0.999365034096035	0.000761522243443394
RPS18	0.945139673613536	0.000934812545442419	0.999365034096035	0.000934812545442419
ZNF415	0.945148972311113	0.000720638785771859	0.999365034096035	0.000720638785771859
RIC1	0.945176328584812	0.000572379184001169	0.999365034096035	0.000572379184001169
MTRNR2L1	0.945193826231988	-0.00238065911866626	0.999365034096035	-0.00238065911866626
RAB21	0.945391796448819	-0.000425235202255781	0.999365034096035	-0.000425235202255781
LIN54	0.945425294458743	0.000491463805739569	0.999365034096035	0.000491463805739569
BLOC1S2	0.9455343698379	0.000933626580334441	0.999365034096035	0.000933626580334441
POPDC3	0.94553980706047	-0.00105863024632157	0.999365034096035	-0.00105863024632157
CEP57	0.945596108472123	-0.000434075270689458	0.999365034096035	-0.000434075270689458
KLHDC3	0.94569873107862	0.000916121089578294	0.999365034096035	0.000916121089578294
PYROXD2	0.945935396961505	0.000819131626813288	0.999365034096035	0.000819131626813288
ISG20L2	0.946073728882682	0.00103848217664747	0.999365034096035	0.00103848217664747
TRAPPC10	0.946229913411261	-0.000340062180212257	0.999365034096035	-0.000340062180212257
ZNF713	0.946275608007381	-0.000601671960762921	0.999365034096035	-0.000601671960762921
DDX17	0.946373041087055	-0.00024445647396701	0.999365034096035	-0.00024445647396701
FBXO38	0.946479497652847	-0.000547313120450194	0.999365034096035	-0.000547313120450194
NDUFA3	0.946835444634356	0.00129282740982244	0.999365034096035	0.00129282740982244
STMN1	0.946919407546608	-0.000660062298816301	0.999365034096035	-0.000660062298816301
WAC	0.946947440669344	0.000252155757407554	0.999365034096035	0.000252155757407554
TMF1	0.946964884323516	0.000425772851315945	0.999365034096035	0.000425772851315945
AHSA1	0.946991023965521	0.000761311497161973	0.999365034096035	0.000761311497161973
FBXO9	0.947119808772387	0.000403839859362635	0.999365034096035	0.000403839859362635
CLCN2	0.947161419260043	-0.000683988980315972	0.999365034096035	-0.000683988980315972
TMEM161A	0.947177521265263	0.000654372017172358	0.999365034096035	0.000654372017172358
IGFL4	0.947207285519105	-0.00115545349451372	0.999365034096035	-0.00115545349451372
RBAK	0.947211664982748	0.000900200947163913	0.999365034096035	0.000900200947163913
IPO13	0.947214969879464	0.000477923547207948	0.999365034096035	0.000477923547207948
EMC3	0.947222040022275	0.000672616883892426	0.999365034096035	0.000672616883892426
TAF1B	0.947277713231033	0.000689448047959926	0.999365034096035	0.000689448047959926
MIF	0.947318790889267	-0.00125974150884171	0.999365034096035	-0.00125974150884171
ZNF614	0.947445344121654	0.000917850653675463	0.999365034096035	0.000917850653675463
HIP1	0.947505869244282	-0.000268929005912765	0.999365034096035	-0.000268929005912765
ENO4	0.947509696245139	0.000981478739283493	0.999365034096035	0.000981478739283493
TMEM232	0.947580386293593	-0.00100433276824498	0.999365034096035	-0.00100433276824498
MIR99AHG	0.947696321567356	0.000283658446585502	0.999365034096035	0.000283658446585502
DPF2	0.947839861817448	0.000463941664245582	0.999365034096035	0.000463941664245582
AAK1	0.94786332774921	-0.000308809822769371	0.999365034096035	-0.000308809822769371
MTMR14	0.947880504356403	0.000556708903784867	0.999365034096035	0.000556708903784867
EEF1AKMT2	0.947924766129846	-0.000534685393696883	0.999365034096035	-0.000534685393696883
TRIM16	0.948001418905351	-0.000546933621011914	0.999365034096035	-0.000546933621011914
CPEB1	0.948061023835925	0.000356574849181096	0.999365034096035	0.000356574849181096
AL162391.1	0.948191105697213	0.000912948795677047	0.999365034096035	0.000912948795677047
SMARCD1	0.948542425993112	0.000607081946183112	0.999365034096035	0.000607081946183112
INTS6L	0.948573046948017	0.000654045247791801	0.999365034096035	0.000654045247791801
RALYL	0.948627422121805	-0.00136736844487514	0.999365034096035	-0.00136736844487514
PDXP	0.948935301208131	-0.00154302337250565	0.999365034096035	-0.00154302337250565
TMEM68	0.94929925511329	0.000610223726557782	0.999365034096035	0.000610223726557782
AP000787.1	0.949336114097734	0.00093580426479551	0.999365034096035	0.00093580426479551
ZSCAN16-AS1	0.949412928193489	-0.00048638321599865	0.999365034096035	-0.00048638321599865
AGL	0.949416360893115	0.000575298745830129	0.999365034096035	0.000575298745830129
RFC3	0.949557483197182	0.000625932439342615	0.999365034096035	0.000625932439342615
UHRF1	0.949657023869958	0.00102171631817307	0.999365034096035	0.00102171631817307
RALGAPB	0.94972851360242	-0.000309531709057628	0.999365034096035	-0.000309531709057628
RAB6A	0.949742141547552	-0.000285054305319178	0.999365034096035	-0.000285054305319178
IARS2	0.949869467606862	0.000549735176647425	0.999365034096035	0.000549735176647425
HSPA1A	0.95021065485411	0.000960394269526632	0.999365034096035	0.000960394269526632
NDUFA13	0.950305247069908	-0.00071808306424941	0.999365034096035	-0.00071808306424941
GSK3A	0.950389477845154	-0.000674954508150144	0.999365034096035	-0.000674954508150144
MRPL55	0.95040061792665	0.00116653653740621	0.999365034096035	0.00116653653740621
IGBP1	0.950499860604672	-0.000508550423191705	0.999365034096035	-0.000508550423191705
ZNF510	0.950542938475324	0.000733467207614097	0.999365034096035	0.000733467207614097
PAOX	0.950593744824922	0.000730456080010342	0.999365034096035	0.000730456080010342
ABLIM1	0.95059518020959	0.00133085765969283	0.999365034096035	0.00133085765969283
ITGB8	0.950597184865451	-0.000283562676346159	0.999365034096035	-0.000283562676346159
PPP3R1	0.950597354543184	0.000495383822599049	0.999365034096035	0.000495383822599049
WDR60	0.950597669609455	-0.000400493313669351	0.999365034096035	-0.000400493313669351
CIT	0.950599650193327	-0.00134744564564075	0.999365034096035	-0.00134744564564075
AC023509.6	0.950661604149798	-0.00116953280426398	0.999365034096035	-0.00116953280426398
KPNA1	0.950780227610512	-0.000335383847428598	0.999365034096035	-0.000335383847428598
P3H2	0.950789621706576	-0.00103689683038215	0.999365034096035	-0.00103689683038215
YIPF1	0.950841057386147	-0.000673040188166173	0.999365034096035	-0.000673040188166173
VMA21	0.950873468762959	0.000725999459414682	0.999365034096035	0.000725999459414682
THRB	0.950879401882666	0.00119770063501045	0.999365034096035	0.00119770063501045
S100B	0.951015566152437	0.000524907090746262	0.999365034096035	0.000524907090746262
MLH3	0.951030511212824	0.000325694539965268	0.999365034096035	0.000325694539965268
NFYA	0.951036635712234	-0.000658736376629212	0.999365034096035	-0.000658736376629212
RPAP3	0.951040687128143	0.000640636153640614	0.999365034096035	0.000640636153640614
SORBS1	0.951377551140743	0.00090940227922455	0.999365034096035	0.00090940227922455
RNASEH1	0.951409455369714	0.000657300335353151	0.999365034096035	0.000657300335353151
PTPN21	0.951416420716657	0.00056731982449469	0.999365034096035	0.00056731982449469
TSPAN7	0.951575620271936	0.001217097716941	0.999365034096035	0.001217097716941
KLHL3	0.95179893264347	-0.000326692060209151	0.999365034096035	-0.000326692060209151
COG2	0.951848518696776	-0.000453355766968325	0.999365034096035	-0.000453355766968325
FAM3C	0.951875496679261	0.000804381843829636	0.999365034096035	0.000804381843829636
C2orf68	0.952000319723374	-0.000528310320990828	0.999365034096035	-0.000528310320990828
EPG5	0.952007947503202	-0.00042727213464784	0.999365034096035	-0.00042727213464784
KIAA0408	0.952047117210714	-0.000727490038045018	0.999365034096035	-0.000727490038045018
ZFAND5	0.952130209593731	0.000507811745102711	0.999365034096035	0.000507811745102711
RELCH	0.952133083832922	0.000247805773104252	0.999365034096035	0.000247805773104252
SNX6	0.952166660250049	-0.000332117736752452	0.999365034096035	-0.000332117736752452
CRAT	0.952247369609817	0.000975514452556529	0.999365034096035	0.000975514452556529
ZNF701	0.952436922657283	0.000597515263867938	0.999365034096035	0.000597515263867938
RRP12	0.952577516785104	0.000727585524161954	0.999365034096035	0.000727585524161954
VPS39	0.952773661879546	0.000353997936171138	0.999365034096035	0.000353997936171138
AC006480.2	0.952821871424078	0.000955086360820004	0.999365034096035	0.000955086360820004
PHF1	0.952904562989089	0.000572767860884638	0.999365034096035	0.000572767860884638
HNRNPUL1	0.952964047653053	0.000339150560432764	0.999365034096035	0.000339150560432764
SURF6	0.953048012181184	0.000779748977064032	0.999365034096035	0.000779748977064032
PTPRA	0.953144033486969	-0.000245679893583812	0.999365034096035	-0.000245679893583812
AKAP11	0.953171423027368	-0.000401444390757747	0.999365034096035	-0.000401444390757747
SCAF1	0.953200055208261	-0.000702266118283371	0.999365034096035	-0.000702266118283371
CCDC77	0.953256978508841	0.000672964229152582	0.999365034096035	0.000672964229152582
FIS1	0.953444283593197	-0.000518581683366736	0.999365034096035	-0.000518581683366736
ALDH16A1	0.953536137532834	0.000835416189511339	0.999365034096035	0.000835416189511339
KLHL21	0.953578233961201	0.000472523859984507	0.999365034096035	0.000472523859984507
TP53I13	0.953663253639832	-0.000758132079743221	0.999365034096035	-0.000758132079743221
GSK3B	0.95366760885502	-0.000272086050677394	0.999365034096035	-0.000272086050677394
TYMS	0.953677980864897	-0.000772610820153918	0.999365034096035	-0.000772610820153918
AC007614.1	0.953773391187173	0.000981328213359719	0.999365034096035	0.000981328213359719
KCNMB2	0.95386301136972	0.00119844498415471	0.999365034096035	0.00119844498415471
DIPK2A	0.954088114932067	0.00033480911816001	0.999365034096035	0.00033480911816001
SNCB	0.954194424686049	0.00126272855740226	0.999365034096035	0.00126272855740226
DLC1	0.95441524844943	-0.000259380974512873	0.999365034096035	-0.000259380974512873
KATNBL1	0.954440847632277	0.000331221290995784	0.999365034096035	0.000331221290995784
HMBOX1	0.954441078218251	0.000285399912043758	0.999365034096035	0.000285399912043758
EFR3B	0.954478267312641	0.000465832432221815	0.999365034096035	0.000465832432221815
BRAF	0.954514250808097	0.000234688452619165	0.999365034096035	0.000234688452619165
LYRM7	0.954526510652794	0.00042735823873827	0.999365034096035	0.00042735823873827
ADCY2	0.954635238380584	0.00119402021743331	0.999365034096035	0.00119402021743331
TCTE3	0.954733830698589	0.00109090538180213	0.999365034096035	0.00109090538180213
SPTLC2	0.954822060722513	-0.0002555671608932	0.999365034096035	-0.0002555671608932
ZNRF3	0.954823599743345	-0.000698720746442291	0.999365034096035	-0.000698720746442291
DLG5	0.95484182335111	0.000461786385312432	0.999365034096035	0.000461786385312432
ZNF718	0.954847909543976	-0.00036265329757169	0.999365034096035	-0.00036265329757169
FBXO33	0.954893598715964	-0.000461710354210121	0.999365034096035	-0.000461710354210121
ARF4	0.954901962683721	-0.000681029521905513	0.999365034096035	-0.000681029521905513
MTCH2	0.954957944752926	-0.000416051571573114	0.999365034096035	-0.000416051571573114
MPHOSPH9	0.954995785200156	0.000390409101657618	0.999365034096035	0.000390409101657618
EEF1A2	0.955001885758945	-0.00181407372467824	0.999365034096035	-0.00181407372467824
GOT1	0.955026642117922	0.000598218194504934	0.999365034096035	0.000598218194504934
PSG8	0.955075229796175	0.000883000955530411	0.999365034096035	0.000883000955530411
FADS3	0.95509873859894	0.000532411574558744	0.999365034096035	0.000532411574558744
AC138150.1	0.955232446363834	-0.000602552625420554	0.999365034096035	-0.000602552625420554
CAMSAP2	0.955303742786983	0.000297752311566272	0.999365034096035	0.000297752311566272
LYSMD4	0.955466257586797	0.000517184135974356	0.999365034096035	0.000517184135974356
TUT1	0.955558062674789	0.000744744932093188	0.999365034096035	0.000744744932093188
CSRNP2	0.955659395250209	0.000572963679244503	0.999365034096035	0.000572963679244503
UHMK1	0.955906145521608	-0.000522639230176365	0.999365034096035	-0.000522639230176365
LINC02798	0.955933271720036	0.000707141220554398	0.999365034096035	0.000707141220554398
CHST10	0.956031222295415	-0.000815252040157125	0.999365034096035	-0.000815252040157125
CPXM2	0.956088594776104	-0.00108202623880982	0.999365034096035	-0.00108202623880982
ADARB2	0.95615643268911	0.000358510566117064	0.999365034096035	0.000358510566117064
LINC01355	0.956214639238527	-0.000648056637326962	0.999365034096035	-0.000648056637326962
PHB	0.956599725630687	-0.000769395317335894	0.999365034096035	-0.000769395317335894
NOXA1	0.956616333847767	-0.00114491464208829	0.999365034096035	-0.00114491464208829
AC010145.1	0.956860328079735	0.000820217126134101	0.999365034096035	0.000820217126134101
NUBP2	0.95694335985522	0.0006874532602045	0.999365034096035	0.0006874532602045
LRRFIP1	0.956949455017987	-0.00143680786846264	0.999365034096035	-0.00143680786846264
DCAF17	0.956962900752598	-0.000337890541599549	0.999365034096035	-0.000337890541599549
USP21	0.956965554821248	-0.000906043625194598	0.999365034096035	-0.000906043625194598
DBT	0.957112785124434	-0.000430738715425906	0.999365034096035	-0.000430738715425906
DDX6	0.957351201268838	0.00024811264675019	0.999365034096035	0.00024811264675019
OAF	0.957444734698261	0.000510652145794725	0.999365034096035	0.000510652145794725
ZNF558	0.957666297486621	-0.000635373001713421	0.999365034096035	-0.000635373001713421
KAT6A	0.957720707239552	-0.000217143884353413	0.999365034096035	-0.000217143884353413
PLCG2	0.957771454685593	0.000702253061631079	0.999365034096035	0.000702253061631079
MTX3	0.957780346596006	-0.000595973409106505	0.999365034096035	-0.000595973409106505
NOL7	0.957814119946463	-0.000629066057216599	0.999365034096035	-0.000629066057216599
GALNT1	0.957929681670202	-0.000375430588133965	0.999365034096035	-0.000375430588133965
FBRSL1	0.958132807946626	0.000394401145909933	0.999365034096035	0.000394401145909933
SLC38A6	0.958154222510821	0.000510539496673486	0.999365034096035	0.000510539496673486
ERICH1	0.958162643667504	0.000411176486915696	0.999365034096035	0.000411176486915696
FBXW7	0.958272249547291	0.000532420422169143	0.999365034096035	0.000532420422169143
CCDC90B	0.958422638710066	0.000484034400608705	0.999365034096035	0.000484034400608705
NMT2	0.95859547086797	-0.000707676237620869	0.999365034096035	-0.000707676237620869
TAX1BP3	0.958688772114602	-0.000786946587114859	0.999365034096035	-0.000786946587114859
PPP1CC	0.958857887829607	0.00047276486215012	0.999365034096035	0.00047276486215012
TENT4B	0.95903882641431	-0.000359535308156131	0.999365034096035	-0.000359535308156131
LINC00106	0.959068258309168	-0.000717949496751233	0.999365034096035	-0.000717949496751233
AC096677.1	0.95929417706114	0.000385758870030473	0.999365034096035	0.000385758870030473
PAXBP1	0.959324487621276	-0.000304776710274863	0.999365034096035	-0.000304776710274863
ACBD6	0.959399252214619	0.000209410181316828	0.999365034096035	0.000209410181316828
AC060780.1	0.959493457824089	0.000486519151921064	0.999365034096035	0.000486519151921064
POLR1B	0.959589219812587	-0.000746935223401663	0.999365034096035	-0.000746935223401663
SNW1	0.959640788125986	-0.000357501798960735	0.999365034096035	-0.000357501798960735
REV1	0.959646003070817	-0.000271246512586674	0.999365034096035	-0.000271246512586674
ZNF282	0.959728403993923	0.000520701922610273	0.999365034096035	0.000520701922610273
CNPY3	0.959757179183255	0.00087419469714286	0.999365034096035	0.00087419469714286
KIF13A	0.959785629209705	-0.000186590661787313	0.999365034096035	-0.000186590661787313
GALNT8	0.959917863527027	0.000638724775995939	0.999365034096035	0.000638724775995939
ERLIN2	0.95991992941886	0.000543823748379456	0.999365034096035	0.000543823748379456
NFU1	0.960007375058073	-0.000400239234830598	0.999365034096035	-0.000400239234830598
USF1	0.960007515603242	0.000788209709778581	0.999365034096035	0.000788209709778581
SH3BP5	0.960699949969179	-0.000390123880185463	0.999365034096035	-0.000390123880185463
BEX4	0.960793252302721	-0.000558540402288892	0.999365034096035	-0.000558540402288892
NUMB	0.961254453530875	-0.000316979271930386	0.999365034096035	-0.000316979271930386
AL590550.1	0.961262464328724	0.000832674135817315	0.999365034096035	0.000832674135817315
MTHFR	0.961478547805535	0.000412448116368564	0.999365034096035	0.000412448116368564
PELP1	0.961587573885093	-0.000371763739755713	0.999365034096035	-0.000371763739755713
SRCIN1	0.961595007332618	0.000201097820111481	0.999365034096035	0.000201097820111481
AC025580.3	0.961630994953068	-0.000661996692105752	0.999365034096035	-0.000661996692105752
BLVRB	0.961786385624156	0.000793000148676561	0.999365034096035	0.000793000148676561
ERC2	0.961798539291697	-0.000691943500140715	0.999365034096035	-0.000691943500140715
PACRG-AS1	0.961811582144923	0.000614530015229906	0.999365034096035	0.000614530015229906
STAM	0.961993480263069	0.000283428726108142	0.999365034096035	0.000283428726108142
ARPIN	0.96211139882824	0.00081649402543644	0.999365034096035	0.00081649402543644
SCRIB	0.962207240550111	0.000450171080845266	0.999365034096035	0.000450171080845266
RAB2B	0.962220406900912	0.000424774856207509	0.999365034096035	0.000424774856207509
TAOK1	0.962249769211445	-0.000191679791444869	0.999365034096035	-0.000191679791444869
CCDC159	0.962287559839906	0.000363347633761852	0.999365034096035	0.000363347633761852
SYBU	0.962400676397516	0.00147356755301507	0.999365034096035	0.00147356755301507
ZNF585A	0.962412521835154	0.000333600356856013	0.999365034096035	0.000333600356856013
PRRT1	0.962498295790642	0.00101737446139074	0.999365034096035	0.00101737446139074
PROX1-AS1	0.962538038489089	-0.00047571231461908	0.999365034096035	-0.00047571231461908
ARL17B	0.962583878546323	0.0007660015692872	0.999365034096035	0.0007660015692872
MAP3K3	0.963088584040489	-0.000268284178528236	0.999365034096035	-0.000268284178528236
PARP10	0.963151363563993	0.000801611916718779	0.999365034096035	0.000801611916718779
NDUFA12	0.963365212456607	0.000859127884727301	0.999365034096035	0.000859127884727301
MTRF1	0.963379025970105	0.000618931065441447	0.999365034096035	0.000618931065441447
WWTR1	0.963508240486717	0.000433875893353628	0.999365034096035	0.000433875893353628
CD63	0.963514238141714	0.000639599805803597	0.999365034096035	0.000639599805803597
GNA13	0.963600292812555	0.000344657892801904	0.999365034096035	0.000344657892801904
ADRM1	0.963743876089017	-0.000665884871811337	0.999365034096035	-0.000665884871811337
SEC11C	0.963767812392612	-0.000517271647625365	0.999365034096035	-0.000517271647625365
NFAT5	0.963823194169691	-0.000202204694440179	0.999365034096035	-0.000202204694440179
TMEM165	0.963869054279502	-0.000145394375248388	0.999365034096035	-0.000145394375248388
RPAIN	0.963896317596272	-0.000350990826567031	0.999365034096035	-0.000350990826567031
ACOT13	0.964027396409657	-0.000488047994557821	0.999365034096035	-0.000488047994557821
TIMMDC1	0.964077489390456	0.000331037420675463	0.999365034096035	0.000331037420675463
SUPT20H	0.964232319358694	0.000287305380967002	0.999365034096035	0.000287305380967002
SFMBT2	0.964299209968643	-0.000295301718760737	0.999365034096035	-0.000295301718760737
FTSJ3	0.964371061367602	0.000691852333634103	0.999365034096035	0.000691852333634103
SLC27A1	0.964420912476339	0.00025800770207608	0.999365034096035	0.00025800770207608
KREMEN1	0.964452155143234	0.00060757133003776	0.999365034096035	0.00060757133003776
PSMB2	0.964627372251394	0.000509684213212677	0.999365034096035	0.000509684213212677
ATP1A1-AS1	0.964792950773576	0.000410518371084604	0.999365034096035	0.000410518371084604
RAD51D	0.965081013652848	0.000372748082328452	0.999365034096035	0.000372748082328452
PAXX	0.965169211328581	0.000452287000824443	0.999365034096035	0.000452287000824443
RING1	0.965177088187563	-0.000363940614956544	0.999365034096035	-0.000363940614956544
BACE2	0.965220830905719	0.000686606835086743	0.999365034096035	0.000686606835086743
CSGALNACT1	0.965245877926863	-0.000916457886076683	0.999365034096035	-0.000916457886076683
PGAP1	0.965418634569343	-0.000343124822749854	0.999365034096035	-0.000343124822749854
FZR1	0.965486965407599	-0.000346405194332411	0.999365034096035	-0.000346405194332411
GTF2A2	0.965489104365727	-0.000475125661428363	0.999365034096035	-0.000475125661428363
CAVIN1	0.965558593499024	0.000516464965481164	0.999365034096035	0.000516464965481164
RPL11	0.965863722968085	0.000481554657699433	0.999365034096035	0.000481554657699433
PRR5L	0.965883024966374	-0.000244518285004047	0.999365034096035	-0.000244518285004047
UBL7-AS1	0.965900363651018	0.000533355617095992	0.999365034096035	0.000533355617095992
D2HGDH	0.966018874193008	-0.000393490479544017	0.999365034096035	-0.000393490479544017
ZNF177	0.96606278316347	-0.000469502246576725	0.999365034096035	-0.000469502246576725
PPDPF	0.966074018871528	-0.000519451861144634	0.999365034096035	-0.000519451861144634
CTSA	0.966375733076832	-0.000755269006081734	0.999365034096035	-0.000755269006081734
MARK2	0.966421335015274	-0.000224313206262005	0.999365034096035	-0.000224313206262005
SLC6A8	0.966705885048692	0.000260047529719327	0.999365034096035	0.000260047529719327
SAR1A	0.966713256280746	0.000408105461954685	0.999365034096035	0.000408105461954685
DMD	0.966726564825234	0.0001824203410593	0.999365034096035	0.0001824203410593
ZNF765	0.966797742500612	0.000353683693143818	0.999365034096035	0.000353683693143818
CCDC117	0.966798791584065	-0.000481302322688468	0.999365034096035	-0.000481302322688468
PIR	0.96698179562068	-0.000298475255629283	0.999365034096035	-0.000298475255629283
DIS3L2	0.967001079269253	-0.000198272726421038	0.999365034096035	-0.000198272726421038
MRVI1-AS1	0.967020426164086	-0.000622222578793852	0.999365034096035	-0.000622222578793852
RP9	0.967022126479054	0.00046954999626165	0.999365034096035	0.00046954999626165
AC105916.1	0.967042452321079	0.000379854752812777	0.999365034096035	0.000379854752812777
ERCC6	0.967069980792358	-0.000348763060764575	0.999365034096035	-0.000348763060764575
MTERF2	0.967220780313977	-0.000526492093824993	0.999365034096035	-0.000526492093824993
POLG	0.967348720560927	-0.000387922399879574	0.999365034096035	-0.000387922399879574
AC022146.2	0.967449748115022	0.000811985088714791	0.999365034096035	0.000811985088714791
RTRAF	0.967591592042315	0.000477464716156081	0.999365034096035	0.000477464716156081
STIM2	0.96790094963994	0.000243195015708064	0.999365034096035	0.000243195015708064
NEDD8	0.968008767276687	-0.000468415330394708	0.999365034096035	-0.000468415330394708
PXDNL	0.968113562241075	-0.000437132390435721	0.999365034096035	-0.000437132390435721
IFIT1	0.968170253541997	-0.000773810189235897	0.999365034096035	-0.000773810189235897
CLN3	0.968367428133949	0.000330354649017909	0.999365034096035	0.000330354649017909
AC105383.1	0.968798860439959	-0.000284804510442398	0.999365034096035	-0.000284804510442398
P2RX4	0.968822016742065	0.000384024302257759	0.999365034096035	0.000384024302257759
AL354696.2	0.968925219499098	0.000383671965178111	0.999365034096035	0.000383671965178111
LSM8	0.968936041288944	-0.000302877434283947	0.999365034096035	-0.000302877434283947
ARFGAP1	0.969313588585618	-0.000290520256280972	0.999365034096035	-0.000290520256280972
RPS11	0.969314786896281	-0.000479948611199285	0.999365034096035	-0.000479948611199285
FKBP3	0.969351295352663	-0.000430402046211846	0.999365034096035	-0.000430402046211846
ELOB	0.969492104629288	0.000590515625826335	0.999365034096035	0.000590515625826335
CCT8	0.969519931210457	0.000580203382620402	0.999365034096035	0.000580203382620402
TSPAN5	0.969547772311855	0.000134093596531554	0.999365034096035	0.000134093596531554
OMA1	0.969714812911757	-0.000449782702597535	0.999365034096035	-0.000449782702597535
RAC1	0.969749902273809	0.00030964461061055	0.999365034096035	0.00030964461061055
DVL2	0.969812491194644	-0.000481621391330641	0.999365034096035	-0.000481621391330641
GK	0.969904583652566	-0.00042851811412428	0.999365034096035	-0.00042851811412428
PSPH	0.969915410491312	-0.000349437073838291	0.999365034096035	-0.000349437073838291
MGAT1	0.969948564124566	0.000349564850353742	0.999365034096035	0.000349564850353742
C2orf49	0.969987958097378	-0.000443778187267637	0.999365034096035	-0.000443778187267637
CNTN3	0.970123434101861	-0.000724846837526324	0.999365034096035	-0.000724846837526324
PIK3R1	0.970208650751884	0.000159261541445454	0.999365034096035	0.000159261541445454
TUBD1	0.970579342686649	-0.000294949693135945	0.999365034096035	-0.000294949693135945
NHLRC2	0.970627566602115	0.000207929634690228	0.999365034096035	0.000207929634690228
LINC01473	0.970775551096804	-0.000186616301550989	0.999365034096035	-0.000186616301550989
DCAF7	0.970795543791738	0.000221102661789857	0.999365034096035	0.000221102661789857
AC005070.3	0.970840148583451	0.00045837650153523	0.999365034096035	0.00045837650153523
ADIPOR1	0.97090440402194	-0.000398489022581494	0.999365034096035	-0.000398489022581494
CAPZA2	0.970940497339094	0.000318679525933193	0.999365034096035	0.000318679525933193
USP34	0.971081370235389	0.000119886128751236	0.999365034096035	0.000119886128751236
BTD	0.971177864907309	-0.000272377519248305	0.999365034096035	-0.000272377519248305
ATPAF1	0.971221067671212	0.000286142107315972	0.999365034096035	0.000286142107315972
PPIB	0.971231992318356	0.000475227584726445	0.999365034096035	0.000475227584726445
TNIP1	0.971575720301697	-0.000358898811699529	0.999365034096035	-0.000358898811699529
AF117829.1	0.971591449769457	0.000268445888076781	0.999365034096035	0.000268445888076781
DYNLL2	0.971640972949232	0.00035811430685508	0.999365034096035	0.00035811430685508
AL161457.2	0.971720869886264	0.000501960744236552	0.999365034096035	0.000501960744236552
INTU	0.972056932122145	0.000419110451980918	0.999365034096035	0.000419110451980918
BORCS7	0.972067527119518	-0.000381801160854652	0.999365034096035	-0.000381801160854652
TERF1	0.972100599544398	0.000196341447860381	0.999365034096035	0.000196341447860381
SLC45A3	0.972138665948888	0.000302734624165771	0.999365034096035	0.000302734624165771
TSPYL4	0.9721931201065	-0.000681618818929859	0.999365034096035	-0.000681618818929859
NSMCE1-DT	0.972200759403559	0.000505714711145025	0.999365034096035	0.000505714711145025
NRIP2	0.972209683527586	-0.00062939285341009	0.999365034096035	-0.00062939285341009
AAR2	0.972319922114089	0.000401971607329226	0.999365034096035	0.000401971607329226
IL17D	0.97235874924477	0.000393862216628852	0.999365034096035	0.000393862216628852
LRRC8D	0.972397474838052	0.000139125313935478	0.999365034096035	0.000139125313935478
NSUN5	0.972402694192597	-0.000415466720448639	0.999365034096035	-0.000415466720448639
HECTD1	0.972439079226569	-0.000168405915398506	0.999365034096035	-0.000168405915398506
MTREX	0.972615958102091	0.000192636072373176	0.999365034096035	0.000192636072373176
TMEM151A	0.972659163789592	-0.000313538736867743	0.999365034096035	-0.000313538736867743
AGFG1	0.972804835636816	-0.000153603740975521	0.999365034096035	-0.000153603740975521
KLHDC10	0.973108463671898	0.000185707504761082	0.999365034096035	0.000185707504761082
PAFAH1B1	0.973145091403663	0.00013485068027408	0.999365034096035	0.00013485068027408
NUP210L	0.973188622787076	0.000542534382098058	0.999365034096035	0.000542534382098058
UFM1	0.973219825616415	0.000299468101960579	0.999365034096035	0.000299468101960579
MROH8	0.973249249761826	-0.000426464451501198	0.999365034096035	-0.000426464451501198
KCND3	0.973299230844591	0.000614902893260837	0.999365034096035	0.000614902893260837
LINC01004	0.973361204406392	0.000206182202130499	0.999365034096035	0.000206182202130499
CPM	0.97339027226355	0.000179903560133204	0.999365034096035	0.000179903560133204
IL17RA	0.973429995249782	-0.000347296044222428	0.999365034096035	-0.000347296044222428
RNF208	0.973546703405358	-0.000698331692588702	0.999365034096035	-0.000698331692588702
CD46	0.973580613233112	-0.000200014383589572	0.999365034096035	-0.000200014383589572
SLC6A1	0.973675900665919	0.000217916107514588	0.999365034096035	0.000217916107514588
TOM1	0.973819254783857	-0.000307173327517229	0.999365034096035	-0.000307173327517229
MOB1A	0.973843056693691	-0.000367904662689372	0.999365034096035	-0.000367904662689372
STK4	0.974112954673526	0.000235442079551272	0.999365034096035	0.000235442079551272
KCNK10	0.974221185552491	-0.000373834471860438	0.999365034096035	-0.000373834471860438
NPRL2	0.974249750825917	-0.000459510225692321	0.999365034096035	-0.000459510225692321
HSD17B6	0.974594800007927	0.000380011316600572	0.999365034096035	0.000380011316600572
HTATIP2	0.974672997808026	-0.000270536113634699	0.999365034096035	-0.000270536113634699
CNEP1R1	0.974749783078874	0.000428647683070942	0.999365034096035	0.000428647683070942
UNC13B	0.974817922268266	0.000241893842513567	0.999365034096035	0.000241893842513567
HAGH	0.974907442535192	-0.000186431518672059	0.999365034096035	-0.000186431518672059
CHMP3	0.975047483640542	0.000248502148578762	0.999365034096035	0.000248502148578762
SMIM7	0.975082731785388	0.000183668234621383	0.999365034096035	0.000183668234621383
HIRIP3	0.975083628453211	0.000422796948531722	0.999365034096035	0.000422796948531722
RPS23	0.975092481716711	-0.000423896043891733	0.999365034096035	-0.000423896043891733
C16orf72	0.975102626325883	-0.000304151647322219	0.999365034096035	-0.000304151647322219
SIDT2	0.9752059723574	0.000277008877554778	0.999365034096035	0.000277008877554778
RB1	0.975208848952643	-0.000138365416744333	0.999365034096035	-0.000138365416744333
SYT4	0.975343652525572	0.000687615983430421	0.999365034096035	0.000687615983430421
FUT11	0.975470953567282	0.00029009152524193	0.999365034096035	0.00029009152524193
LCLAT1	0.975983008736423	0.000362811793276153	0.999365034096035	0.000362811793276153
ZDHHC11	0.976011345856684	-0.000344189735191807	0.999365034096035	-0.000344189735191807
PRRC1	0.976057278217069	0.000304855760220971	0.999365034096035	0.000304855760220971
FGF14	0.976070665331125	-0.00054754156112239	0.999365034096035	-0.00054754156112239
INTS6	0.976133053412586	-0.000155903071822331	0.999365034096035	-0.000155903071822331
PHKA2	0.976188873145388	-0.000212494556277407	0.999365034096035	-0.000212494556277407
MAP4K3-DT	0.976439255944106	-0.000444079453242711	0.999365034096035	-0.000444079453242711
ZHX2	0.976447128262205	-0.00013755923204292	0.999365034096035	-0.00013755923204292
NAPB	0.97645123867938	0.000412084174313215	0.999365034096035	0.000412084174313215
RFWD3	0.976451252141472	-0.000278326199488801	0.999365034096035	-0.000278326199488801
RPL41	0.976605503777497	0.000413348038716666	0.999365034096035	0.000413348038716666
DNTTIP1	0.976655270935854	0.000438335949413629	0.999365034096035	0.000438335949413629
MRPS23	0.976711908126643	-0.00032772709534228	0.999365034096035	-0.00032772709534228
LINC00662	0.976736467044674	0.000179718983807944	0.999365034096035	0.000179718983807944
RAP1A	0.976746798303918	-0.000138317410837526	0.999365034096035	-0.000138317410837526
NCAPD2	0.97678246823979	0.000280048862944347	0.999365034096035	0.000280048862944347
MEAF6	0.976877984612493	0.000262977002717	0.999365034096035	0.000262977002717
TRIR	0.976974673599666	0.000318998900120613	0.999365034096035	0.000318998900120613
SLC9A6	0.97709304182799	0.000324452108241692	0.999365034096035	0.000324452108241692
NDUFB5	0.977102251771378	0.000472202418732509	0.999365034096035	0.000472202418732509
ACSS2	0.977279058717063	-0.000164371304971285	0.999365034096035	-0.000164371304971285
ANKRD36B	0.977438925193945	-0.000162876907228214	0.999365034096035	-0.000162876907228214
SLC22A23	0.977485866085412	0.000128340001629819	0.999365034096035	0.000128340001629819
C12orf43	0.977625311346038	-0.000387463996929712	0.999365034096035	-0.000387463996929712
AC007681.1	0.977626948746561	-0.00039371250217468	0.999365034096035	-0.00039371250217468
NRAD1	0.97773367941926	0.000315258819603692	0.999365034096035	0.000315258819603692
CHCHD10	0.977943951522773	-0.000533190910502896	0.999365034096035	-0.000533190910502896
SURF4	0.978018701438699	0.000266732748410517	0.999365034096035	0.000266732748410517
TMEM147	0.97814829912716	0.000424174908875089	0.999365034096035	0.000424174908875089
NCOR2	0.978151488434946	0.000140967075111789	0.999365034096035	0.000140967075111789
PDIA2	0.978181937710525	0.000473790305351227	0.999365034096035	0.000473790305351227
TTTY14	0.978214139902279	0.000289809100672613	0.999365034096035	0.000289809100672613
CEP128	0.978276730837227	0.000151491184207804	0.999365034096035	0.000151491184207804
FAM133B	0.978383564708833	-0.000129690696244415	0.999365034096035	-0.000129690696244415
GFOD1	0.978405103932563	0.000299477054958057	0.999365034096035	0.000299477054958057
INO80	0.978430926610353	0.000163026511545511	0.999365034096035	0.000163026511545511
RHOG	0.978512481591965	0.000332980909885704	0.999365034096035	0.000332980909885704
PRKAA2	0.978539346068188	0.000517765386395628	0.999365034096035	0.000517765386395628
PTPRD-AS1	0.978611500571354	0.000481614017131762	0.999365034096035	0.000481614017131762
ARMCX2	0.979093117461256	-0.000445562475283349	0.999365034096035	-0.000445562475283349
ZNF436-AS1	0.979126456391009	0.000492614854347786	0.999365034096035	0.000492614854347786
AFF1	0.979385475701797	-0.000145281750028643	0.999365034096035	-0.000145281750028643
AC245123.1	0.979441612967086	-0.000780716761390645	0.999365034096035	-0.000780716761390645
CBLB	0.979474178679434	0.000152683288291344	0.999365034096035	0.000152683288291344
ZNF449	0.979483411851613	0.000450841711573572	0.999365034096035	0.000450841711573572
MARCH8	0.979629627871882	0.000158952582273672	0.999365034096035	0.000158952582273672
ZNF358	0.979641673221841	-0.000192965745597488	0.999365034096035	-0.000192965745597488
ADCY5	0.979651131169301	0.000119832598768496	0.999365034096035	0.000119832598768496
AL049779.4	0.979709447626381	-0.000280191419707689	0.999365034096035	-0.000280191419707689
DPY19L1	0.979877094412558	0.000357344937641259	0.999365034096035	0.000357344937641259
GALNT13	0.980108719270909	-0.000155763406710201	0.999365034096035	-0.000155763406710201
MCF2L2	0.980128564399597	0.000203409611538955	0.999365034096035	0.000203409611538955
AL392086.3	0.980317137174329	0.000219144569642729	0.999365034096035	0.000219144569642729
GPAT4	0.980318982833397	0.000222176325238928	0.999365034096035	0.000222176325238928
DDIT3	0.980423004241855	-0.000393638319820442	0.999365034096035	-0.000393638319820442
KDM2B	0.980543558888788	-0.000164093894356313	0.999365034096035	-0.000164093894356313
TNS1	0.980551640935853	-0.000184850168375047	0.999365034096035	-0.000184850168375047
PABPN1	0.980894987204819	0.00012948213489122	0.999365034096035	0.00012948213489122
ASH1L	0.981073075250707	-8.49423766843582e-05	0.999365034096035	-8.49423766843582e-05
POU2F1	0.981085619350261	0.000100845965781974	0.999365034096035	0.000100845965781974
ALKBH4	0.981335662506275	-0.000304562387427256	0.999365034096035	-0.000304562387427256
EML6	0.981347971529295	0.000447427802894953	0.999365034096035	0.000447427802894953
SPARCL1	0.981364400397046	-0.000539629080925111	0.999365034096035	-0.000539629080925111
LGI3	0.981372617413941	0.000169526101035218	0.999365034096035	0.000169526101035218
LINC00240	0.981383016015532	0.000251101987374303	0.999365034096035	0.000251101987374303
UBA6-AS1	0.981506894729996	-0.000165327102436455	0.999365034096035	-0.000165327102436455
ITGB1BP1	0.981575039283475	-0.000162196026010717	0.999365034096035	-0.000162196026010717
ALG3	0.981593602442702	0.000343157807367968	0.999365034096035	0.000343157807367968
TSPAN3	0.981629362467383	0.000249642372056847	0.999365034096035	0.000249642372056847
LSM2	0.981935592395979	-0.000304912876509407	0.999365034096035	-0.000304912876509407
CHFR	0.981942682679297	-0.00014397894977282	0.999365034096035	-0.00014397894977282
BNIP1	0.981960806633944	0.000359536495051441	0.999365034096035	0.000359536495051441
NRGN	0.982142959449519	0.000528704596595294	0.999365034096035	0.000528704596595294
AGAP3	0.982145725205376	0.000121352534966003	0.999365034096035	0.000121352534966003
GNPDA2	0.982258320262538	0.000323929714230589	0.999365034096035	0.000323929714230589
AACS	0.982299862847631	-0.000304796721088117	0.999365034096035	-0.000304796721088117
AL596244.1	0.982387895310092	0.000261734175138288	0.999365034096035	0.000261734175138288
ZNF836	0.982436087631705	0.000349816409112321	0.999365034096035	0.000349816409112321
OGFR	0.982595660556056	-0.000212612263471084	0.999365034096035	-0.000212612263471084
CDC40	0.982709746347784	0.000160398429333704	0.999365034096035	0.000160398429333704
ADAMTS8	0.983036008180418	-0.000266288737042758	0.999365034096035	-0.000266288737042758
AC245297.3	0.983043122062371	-0.000167617064481833	0.999365034096035	-0.000167617064481833
CEP170B	0.983179264319343	0.000395666729362265	0.999365034096035	0.000395666729362265
AVIL	0.983425389214859	0.000241338480040162	0.999365034096035	0.000241338480040162
ANGEL1	0.983429986549732	-0.000172724634074431	0.999365034096035	-0.000172724634074431
GNL3	0.983451533156293	0.000285833634746854	0.999365034096035	0.000285833634746854
HHLA3	0.983473801693455	0.000266291812490031	0.999365034096035	0.000266291812490031
SLC35D2	0.983566503603017	-0.000131631391120793	0.999365034096035	-0.000131631391120793
CCDC97	0.983583284520803	0.000300186920616421	0.999365034096035	0.000300186920616421
TMEM120B	0.983678287274911	0.000307684404605823	0.999365034096035	0.000307684404605823
CPT1B	0.983735580966928	-0.000204640011660896	0.999365034096035	-0.000204640011660896
PEBP1	0.983764014671826	0.000159442928075939	0.999365034096035	0.000159442928075939
RAPGEFL1	0.98424100166664	0.000515311552635445	0.999365034096035	0.000515311552635445
UBE2N	0.984347504031013	-0.000178447911697937	0.999365034096035	-0.000178447911697937
AL731577.2	0.984919045140862	0.000163028789797696	0.999365034096035	0.000163028789797696
AC245060.5	0.985061362994905	-0.000222327085605537	0.999365034096035	-0.000222327085605537
LRRC40	0.98532181550902	-0.000206769171050423	0.999365034096035	-0.000206769171050423
SGSM1	0.985407842464112	-0.000247938581092653	0.999365034096035	-0.000247938581092653
TLNRD1	0.985507830338908	-0.000244993629612382	0.999365034096035	-0.000244993629612382
HNRNPM	0.985524779678884	-9.60865491978614e-05	0.999365034096035	-9.60865491978614e-05
PIK3C3	0.985659775085431	-9.00970395667962e-05	0.999365034096035	-9.00970395667962e-05
NKIRAS1	0.985763227115268	0.000249962362202235	0.999365034096035	0.000249962362202235
RABGEF1	0.985780595992716	-8.80601345808402e-05	0.999365034096035	-8.80601345808402e-05
ADCY3	0.985789543569371	0.000142452207290559	0.999365034096035	0.000142452207290559
SLC25A28	0.985845648826437	0.000139648853176979	0.999365034096035	0.000139648853176979
ZNF592	0.985925606251682	-0.000130128738703234	0.999365034096035	-0.000130128738703234
RPS10	0.986061410920881	-0.00032780326077743	0.999365034096035	-0.00032780326077743
EPB41L4A	0.986131160012697	-0.000180719494932824	0.999365034096035	-0.000180719494932824
ZNF606	0.98627172446006	0.000215192916428042	0.999365034096035	0.000215192916428042
PFKL	0.986295143452466	0.000122914556714317	0.999365034096035	0.000122914556714317
FBXO30	0.986349216638939	-0.000203139071382319	0.999365034096035	-0.000203139071382319
MPG	0.986355788876139	-0.000213050425059839	0.999365034096035	-0.000213050425059839
CACUL1	0.986377819272134	-0.000102444819063163	0.999365034096035	-0.000102444819063163
LDB2	0.986503333697968	0.000337411896274966	0.999365034096035	0.000337411896274966
PTN	0.98651800553954	0.000116449923217504	0.999365034096035	0.000116449923217504
ZNF451-AS1	0.986550399042554	-0.000373243855720558	0.999365034096035	-0.000373243855720558
AC027682.4	0.986555217601132	-0.000286959308375314	0.999365034096035	-0.000286959308375314
NSD1	0.986615528118562	-7.3430608322833e-05	0.999365034096035	-7.3430608322833e-05
NRXN1	0.986720704840237	-0.000301314168442327	0.999365034096035	-0.000301314168442327
NDUFB3	0.986837266544965	0.00032952220475838	0.999365034096035	0.00032952220475838
AC011921.1	0.986897624406065	0.000238375187409387	0.999365034096035	0.000238375187409387
ASAP1	0.986961267793544	-9.92071678164341e-05	0.999365034096035	-9.92071678164341e-05
LINS1	0.986973210146548	0.00017533201442988	0.999365034096035	0.00017533201442988
LINC01378	0.986977042773846	-0.000439236393116524	0.999365034096035	-0.000439236393116524
EIF4A2	0.986997166700458	0.000191921129807839	0.999365034096035	0.000191921129807839
EIPR1	0.987183960872552	0.000153417607158477	0.999365034096035	0.000153417607158477
RBP7	0.98721339716269	-0.000198209022374886	0.999365034096035	-0.000198209022374886
PLAAT3	0.987362144863449	-6.79147513102466e-05	0.999365034096035	-6.79147513102466e-05
MAN1B1	0.9873937467779	-0.000171862216757895	0.999365034096035	-0.000171862216757895
SLC16A7	0.987521232390554	0.000135144646787021	0.999365034096035	0.000135144646787021
RXYLT1	0.987565045558547	0.000169589464191643	0.999365034096035	0.000169589464191643
PKN2-AS1	0.98777463698129	-0.000263116101961929	0.999365034096035	-0.000263116101961929
NOL12	0.98786932692733	-0.000175465263787944	0.999365034096035	-0.000175465263787944
FAF2	0.987870670866336	0.000102115677628653	0.999365034096035	0.000102115677628653
FAM47E	0.988113013761388	0.000221109833287739	0.999365034096035	0.000221109833287739
GPC6	0.988131236237835	-0.000318141677483732	0.999365034096035	-0.000318141677483732
FBXO7	0.988194693741911	-0.000104107069409874	0.999365034096035	-0.000104107069409874
CDK9	0.988264485179302	0.000153725892609681	0.999365034096035	0.000153725892609681
OXNAD1	0.988272933908409	-9.81066098465128e-05	0.999365034096035	-9.81066098465128e-05
EXOSC3	0.988465866367002	-0.000114266123962213	0.999365034096035	-0.000114266123962213
ENTR1	0.988505549976912	-0.000152028476671945	0.999365034096035	-0.000152028476671945
AKIRIN1	0.988550447342745	-8.85058481493667e-05	0.999365034096035	-8.85058481493667e-05
DCP1A	0.988675571318486	7.42693816164139e-05	0.999365034096035	7.42693816164139e-05
SERPINB6	0.98868591529002	-8.42017708945267e-05	0.999365034096035	-8.42017708945267e-05
PCAT1	0.988831754277777	0.000212872215835634	0.999365034096035	0.000212872215835634
CAPN3	0.988861942010408	-7.1810474472181e-05	0.999365034096035	-7.1810474472181e-05
ARL15	0.98910246748223	0.000105257552312776	0.999365034096035	0.000105257552312776
TALDO1	0.989131248866027	-8.83373332459597e-05	0.999365034096035	-8.83373332459597e-05
AL392023.2	0.989178593909346	-0.000106113704732571	0.999365034096035	-0.000106113704732571
DDX55	0.98923352884696	0.00012297527514	0.999365034096035	0.00012297527514
MTSS1	0.989320506151242	-6.87769381992498e-05	0.999365034096035	-6.87769381992498e-05
BRD8	0.989322775004384	9.10867174776791e-05	0.999365034096035	9.10867174776791e-05
MPHOSPH8	0.989338443250378	5.86869324835687e-05	0.999365034096035	5.86869324835687e-05
KDELR1	0.989426144301192	0.000127738437602797	0.999365034096035	0.000127738437602797
KCNIP4	0.989469281773856	-0.000255746447444477	0.999365034096035	-0.000255746447444477
RBM19	0.989501644138521	-0.000115720567650963	0.999365034096035	-0.000115720567650963
PDCL	0.98966028161731	-0.000132681062280901	0.999365034096035	-0.000132681062280901
DPYSL2	0.989665974988435	5.13128462536051e-05	0.999365034096035	5.13128462536051e-05
TBCCD1	0.98968229716206	0.000182444659704134	0.999365034096035	0.000182444659704134
ZNF557	0.989705880358227	-0.000154743196825948	0.999365034096035	-0.000154743196825948
ACER2	0.989882469771278	-0.000201482197255934	0.999365034096035	-0.000201482197255934
ABTB1	0.989923487370241	-0.000151343569692982	0.999365034096035	-0.000151343569692982
NORAD	0.989934419460541	0.000115051744160443	0.999365034096035	0.000115051744160443
C1QBP	0.990167925010365	0.000239737966402929	0.999425702312078	0.000239737966402929
AARS2	0.990181271355441	0.000181911988112513	0.999425702312078	0.000181911988112513
TRIT1	0.990349795558884	9.83164687696892e-05	0.999501542844576	9.83164687696892e-05
AC020907.1	0.990474721257637	0.000172906565774743	0.999502951063001	0.000172906565774743
CNKSR1	0.990784677563935	0.000145175394013936	0.999502951063001	0.000145175394013936
USP45	0.990790228921904	9.74797231254881e-05	0.999502951063001	9.74797231254881e-05
OSBPL8	0.99098765405208	-8.31409643945755e-05	0.999502951063001	-8.31409643945755e-05
TFEB	0.991141566055388	-5.06831139638104e-05	0.999502951063001	-5.06831139638104e-05
SLC4A10	0.99116190620899	-0.000223405493654877	0.999502951063001	-0.000223405493654877
AL583829.1	0.991234255176003	-0.000156568715606152	0.999502951063001	-0.000156568715606152
LINC00630	0.991326501832472	0.000129426969970069	0.999502951063001	0.000129426969970069
TIAL1	0.991547034594809	-5.68462002573535e-05	0.999502951063001	-5.68462002573535e-05
MRPS16	0.991733575942631	-0.000121350184682769	0.999502951063001	-0.000121350184682769
RNPEPL1	0.991747157297054	0.000115400472274238	0.999502951063001	0.000115400472274238
MAP3K11	0.991747181253484	7.64579846391833e-05	0.999502951063001	7.64579846391833e-05
SCUBE2	0.99180110640435	0.000136999854215953	0.999502951063001	0.000136999854215953
AP2A2	0.99185459756275	-8.1250456472302e-05	0.999502951063001	-8.1250456472302e-05
ARHGDIA	0.99186312174483	-9.82684588635418e-05	0.999502951063001	-9.82684588635418e-05
ADI1	0.991937916315064	0.000135877347334747	0.999502951063001	0.000135877347334747
NKAP	0.992039704201282	-8.67682264652e-05	0.999502951063001	-8.67682264652e-05
DDX24	0.992069581244932	0.000108708768830722	0.999502951063001	0.000108708768830722
NPLOC4	0.992185701734511	-6.05667623286655e-05	0.999502951063001	-6.05667623286655e-05
YIPF6	0.992453778820321	8.91369365502472e-05	0.999502951063001	8.91369365502472e-05
AL449403.2	0.9924594005304	-0.000151404188032744	0.999502951063001	-0.000151404188032744
ATG4B	0.992479014293364	-6.60302341778752e-05	0.999502951063001	-6.60302341778752e-05
BRD7	0.992499052966232	6.07205224535324e-05	0.999502951063001	6.07205224535324e-05
RBBP7	0.992901440837295	9.81052381272904e-05	0.99951138813718	9.81052381272904e-05
MINK1	0.993076759901413	5.14564796681888e-05	0.99951138813718	5.14564796681888e-05
PCSK5	0.993140120693657	0.00012312752586718	0.99951138813718	0.00012312752586718
KAT5	0.993355878196072	9.19233041090489e-05	0.99951138813718	9.19233041090489e-05
UCHL1	0.993378727828011	0.000156282169348299	0.99951138813718	0.000156282169348299
RPS4Y1	0.99341689936093	0.000153848678279678	0.99951138813718	0.000153848678279678
CHURC1	0.993509410843377	-5.15891389632841e-05	0.99951138813718	-5.15891389632841e-05
GRINA	0.99351530509359	0.000141206275035191	0.99951138813718	0.000141206275035191
VAPA	0.993580053518703	-4.19642256395433e-05	0.99951138813718	-4.19642256395433e-05
FAIM	0.993623910211062	0.000111520277724988	0.99951138813718	0.000111520277724988
ARHGEF10	0.993643590802387	4.42204409724745e-05	0.99951138813718	4.42204409724745e-05
SLC9A3-AS1	0.993651484257536	0.000141051225298751	0.99951138813718	0.000141051225298751
ZFHX4	0.993721450169834	3.11894593494981e-05	0.99951138813718	3.11894593494981e-05
SLC35B3	0.993923142239176	-5.94175892785356e-05	0.999620314920682	-5.94175892785356e-05
ZMYM5	0.994338673668062	4.17122218087477e-05	0.99985946925434	4.17122218087477e-05
GNAI2	0.994919250319043	4.4196373032002e-05	0.99985946925434	4.4196373032002e-05
GPATCH1	0.994991259679487	-6.88708347588679e-05	0.99985946925434	-6.88708347588679e-05
STIM1	0.994994754641245	0.000131718618126756	0.99985946925434	0.000131718618126756
MYLPF	0.995006623730729	0.000151404706755468	0.99985946925434	0.000151404706755468
PSMA1	0.995030639803861	9.70258790223393e-05	0.99985946925434	9.70258790223393e-05
DCUN1D4	0.995127450318318	-2.86028159031085e-05	0.99985946925434	-2.86028159031085e-05
METRN	0.995351154392637	4.70815436262457e-05	0.99985946925434	4.70815436262457e-05
NDUFAF6	0.995433562516812	3.38774291028873e-05	0.99985946925434	3.38774291028873e-05
ZNF624	0.995646054482393	-6.41277222220772e-05	0.99985946925434	-6.41277222220772e-05
S1PR5	0.995652150181735	6.6633063751912e-05	0.99985946925434	6.6633063751912e-05
RIOK1	0.995656131040553	-7.18609443546424e-05	0.99985946925434	-7.18609443546424e-05
CNTNAP2	0.995807760594452	-3.11231961363384e-05	0.99985946925434	-3.11231961363384e-05
DUSP10	0.996060096706934	3.24642691070625e-05	0.99985946925434	3.24642691070625e-05
RCOR3	0.99607252955634	2.8766005381936e-05	0.99985946925434	2.8766005381936e-05
C1orf122	0.996149797991232	-4.85975998249061e-05	0.99985946925434	-4.85975998249061e-05
GTF2E2	0.996182768093298	-4.71532173628395e-05	0.99985946925434	-4.71532173628395e-05
TMEM19	0.996260679520079	-5.39518413128651e-05	0.99985946925434	-5.39518413128651e-05
PSMB10	0.996292692962449	-9.98245001773756e-05	0.99985946925434	-9.98245001773756e-05
TNRC18	0.996403627001047	-3.78842125002694e-05	0.99985946925434	-3.78842125002694e-05
FMO4	0.996470343424127	-5.10374676802217e-05	0.99985946925434	-5.10374676802217e-05
NUP85	0.996503698097426	-4.22928391178906e-05	0.99985946925434	-4.22928391178906e-05
RPL36	0.996781740824092	-5.70143394259322e-05	0.99985946925434	-5.70143394259322e-05
PLEKHA1	0.996973704019062	1.66959800045602e-05	0.99985946925434	1.66959800045602e-05
PFKFB3	0.99704971338434	2.5193117091825e-05	0.99985946925434	2.5193117091825e-05
OTUD6B	0.997072953448031	3.59325037107723e-05	0.99985946925434	3.59325037107723e-05
AKNA	0.997166538303567	-3.63360175714721e-05	0.99985946925434	-3.63360175714721e-05
BAX	0.997302731834278	-4.7086763792059e-05	0.99985946925434	-4.7086763792059e-05
LINC01470	0.99739316265385	6.52583190635897e-05	0.99985946925434	6.52583190635897e-05
ZNF839	0.997508570352434	3.20171951108634e-05	0.99985946925434	3.20171951108634e-05
PLP1	0.997547088199233	-1.91496152947952e-05	0.99985946925434	-1.91496152947952e-05
PYURF	0.997662879349061	4.98029019602114e-05	0.99985946925434	4.98029019602114e-05
GFPT1	0.997678394881656	-2.29834458094962e-05	0.99985946925434	-2.29834458094962e-05
TOP1MT	0.997818440803619	4.09441220319119e-05	0.99985946925434	4.09441220319119e-05
LURAP1	0.997840207034094	-2.75962266172756e-05	0.99985946925434	-2.75962266172756e-05
AF001548.2	0.997918890121359	4.33039359818204e-05	0.99985946925434	4.33039359818204e-05
RAD51C	0.998022900651834	-1.9085178333683e-05	0.99985946925434	-1.9085178333683e-05
HM13	0.998201826170483	1.42922429756725e-05	0.99985946925434	1.42922429756725e-05
AFDN	0.998243749768393	1.08391678134938e-05	0.99985946925434	1.08391678134938e-05
IPO5	0.998513345029489	1.69019049130561e-05	0.99985946925434	1.69019049130561e-05
GPS2	0.998715048612679	1.11036591903663e-05	0.99985946925434	1.11036591903663e-05
MXD3	0.998741206650344	2.40229620861846e-05	0.99985946925434	2.40229620861846e-05
ANXA5	0.998807803241289	1.87541995233945e-05	0.99985946925434	1.87541995233945e-05
FAM169A	0.998859642965001	-1.24319321554241e-05	0.99985946925434	-1.24319321554241e-05
HR	0.99887384162286	1.67870892640782e-05	0.99985946925434	1.67870892640782e-05
EPCAM-DT	0.998922406675876	-1.06166258179264e-05	0.99985946925434	-1.06166258179264e-05
R3HDM4	0.998953563715764	-2.08407873238363e-05	0.99985946925434	-2.08407873238363e-05
RAB3GAP2	0.998967359694862	-7.70176546389268e-06	0.99985946925434	-7.70176546389268e-06
FXN	0.999103757447136	1.17788605379355e-05	0.99985946925434	1.17788605379355e-05
CTDSP1	0.999116739342609	-1.23770435549034e-05	0.99985946925434	-1.23770435549034e-05
SLC22A17	0.999310040485459	9.42728233976781e-06	0.99985946925434	9.42728233976781e-06
DHRS7	0.999312707973281	-1.2912028048059e-05	0.99985946925434	-1.2912028048059e-05
TRO	0.999319654130259	-1.17771740236885e-05	0.99985946925434	-1.17771740236885e-05
IRF2	0.999329146100109	4.67212201348614e-06	0.99985946925434	4.67212201348614e-06
C19orf12	0.999351733939199	6.56208411452751e-06	0.99985946925434	6.56208411452751e-06
MAP2	0.999392376163966	1.42624578448093e-05	0.99985946925434	1.42624578448093e-05
KCNQ5	0.99968047089164	-7.81389403598843e-06	0.999981952377737	-7.81389403598843e-06
PARP6	0.999765005472976	-1.73379845258242e-06	0.999981952377737	-1.73379845258242e-06
C5orf30	0.999823664707066	-1.73297413539986e-06	0.999981952377737	-1.73297413539986e-06
KDM1A	0.999951669586039	5.42435137397869e-07	0.999981952377737	5.42435137397869e-07
RAPH1	0.999981952377737	-4.31683929532458e-07	0.999981952377737	-4.31683929532458e-07
