gene	p_bmi_lv	logFC_bmi_lv	FDR	log2FC
ADORA1	1.81177208728461e-05	0.0241282587204455	0.193913966502072	0.0241282587204455
IRAK2	6.74907764265288e-05	-0.0356293046736036	0.268588936845684	-0.0356293046736036
DHX15	7.52842016758901e-05	0.0202637045448624	0.268588936845684	0.0202637045448624
TNKS2	0.000201919023304231	0.0227998110950652	0.540284826606296	0.0227998110950652
PPP1R36	0.00031249034369979	0.0481637221749742	0.597867124009462	0.0481637221749742
AC005740.5	0.000390284883622136	0.0632714868185143	0.597867124009462	0.0632714868185143
AL513217.1	0.000445399303862606	0.049161568904191	0.597867124009462	0.049161568904191
MAMLD1	0.000518963298739009	-0.0543334703272515	0.597867124009462	-0.0543334703272515
CHMP4B	0.000603669878248956	0.0322884235709302	0.597867124009462	0.0322884235709302
RAB11B-AS1	0.000693959691770644	0.0338333660437618	0.597867124009462	0.0338333660437618
MRGBP	0.000737528035953443	0.04547697169667	0.597867124009462	0.04547697169667
DPM3	0.000739436765353143	0.0628914569954156	0.597867124009462	0.0628914569954156
SNHG17	0.0007585629280792	0.0480056282246051	0.597867124009462	0.0480056282246051
UQCRB	0.00078203678745515	0.0633751372405544	0.597867124009462	0.0633751372405544
FAM216A	0.000860974043142025	-0.0607642141332672	0.614333678916607	-0.0607642141332672
SPRED1	0.00111746849902101	-0.019279475543739	0.730653914828701	-0.019279475543739
MYO10	0.00142214741913469	0.0213359877329755	0.730653914828701	0.0213359877329755
BRSK1	0.00143281992975762	0.0177836906966427	0.730653914828701	0.0177836906966427
AP000873.2	0.00145728502712906	0.0273615605001457	0.730653914828701	0.0273615605001457
TMEM179	0.00150030914304826	0.0605645331978701	0.730653914828701	0.0605645331978701
RUNX1	0.00152164182342372	-0.0398540393893161	0.730653914828701	-0.0398540393893161
HINT3	0.00152258731913295	-0.0265903810864881	0.730653914828701	-0.0265903810864881
HLTF	0.0015701242680613	0.024235341590011	0.730653914828701	0.024235341590011
MIS12	0.00172136771706337	0.0372420611539412	0.767658278155387	0.0372420611539412
CHST11	0.00181062055084294	-0.0662687702782105	0.77516287022688	-0.0662687702782105
POLR2D	0.00197476157402087	0.0331822563473295	0.809293344206148	0.0331822563473295
NAXD	0.00210867633725263	0.0355088493046986	0.809293344206148	0.0355088493046986
C3orf62	0.00211718337267795	-0.0476448548798836	0.809293344206148	-0.0476448548798836
RYR3	0.00228349410437391	0.071574836704813	0.821706854363283	0.071574836704813
AC026401.3	0.00239378577290505	-0.0462540297403604	0.821706854363283	-0.0462540297403604
SIRT3	0.00250775555065738	0.032881885862621	0.821706854363283	0.032881885862621
ELF1	0.00257173026902614	-0.0134996526613598	0.821706854363283	-0.0134996526613598
UGGT1	0.00270706897289539	0.017772320787821	0.821706854363283	0.017772320787821
JOSD2	0.00294560462956565	0.0291537395868735	0.821706854363283	0.0291537395868735
AC002451.1	0.00295128017674713	0.0307179573626279	0.821706854363283	0.0307179573626279
WDR33	0.002982697818903	-0.0149776677292916	0.821706854363283	-0.0149776677292916
MFSD4A	0.00347712297563851	-0.0655271407038875	0.821706854363283	-0.0655271407038875
LINC01725	0.00354035155659088	0.0320921051333158	0.821706854363283	0.0320921051333158
PTCD3	0.00359065575132066	0.0129806440782467	0.821706854363283	0.0129806440782467
INPPL1	0.00360921660410797	-0.0438337407848991	0.821706854363283	-0.0438337407848991
IMP4	0.0036507350775367	0.0401081490388086	0.821706854363283	0.0401081490388086
COL14A1	0.00375760629134154	-0.0378970989723035	0.821706854363283	-0.0378970989723035
SNX1	0.00379070947107768	0.0111422751198356	0.821706854363283	0.0111422751198356
PRDM2	0.00385263781846313	-0.0148876225900747	0.821706854363283	-0.0148876225900747
MIER1	0.00387226782139189	0.0147510709721625	0.821706854363283	0.0147510709721625
SLC7A11	0.00394781264093232	-0.0639876192415751	0.821706854363283	-0.0639876192415751
RNF14	0.00404182082975665	0.029897376148494	0.821706854363283	0.029897376148494
COMMD4	0.00418340918383728	0.0260618911652024	0.821706854363283	0.0260618911652024
GOSR2	0.0042451001924831	-0.019574679820981	0.821706854363283	-0.019574679820981
TCAIM	0.00436664564710137	-0.0252732037864562	0.821706854363283	-0.0252732037864562
ATP5F1E	0.00443796856020741	-0.046146400855963	0.821706854363283	-0.046146400855963
PGBD4	0.00448667112022478	0.0377942102659709	0.821706854363283	0.0377942102659709
CMTM4	0.00458878305962792	-0.0167595087100477	0.821706854363283	-0.0167595087100477
NLRC5	0.00459993539422766	0.0370136792330809	0.821706854363283	0.0370136792330809
PLXNA4	0.00490827593511507	-0.0604164637049342	0.821706854363283	-0.0604164637049342
SPATA22	0.0049295470445611	-0.0500444179383036	0.821706854363283	-0.0500444179383036
AC002460.2	0.0049328636231909	-0.061509965869529	0.821706854363283	-0.061509965869529
B4GALT4	0.00494614998931327	0.0331862834474378	0.821706854363283	0.0331862834474378
CD226	0.0050028409060546	0.0269047822063337	0.821706854363283	0.0269047822063337
RNF157	0.00500533204024261	-0.0189796816407408	0.821706854363283	-0.0189796816407408
AC025810.1	0.00513612717200424	0.0400349793988819	0.821706854363283	0.0400349793988819
SNX13	0.00514157861323035	-0.0160270987401195	0.821706854363283	-0.0160270987401195
POLB	0.0051430118970563	-0.0304071832431831	0.821706854363283	-0.0304071832431831
DYRK2	0.00541647667118762	0.0403973876419107	0.821706854363283	0.0403973876419107
ERBB4	0.00541918267024651	0.012956306847555	0.821706854363283	0.012956306847555
RUFY3	0.00542005307584943	-0.00937892386862913	0.821706854363283	-0.00937892386862913
SLC35F3	0.00550023488339843	-0.0491913834217531	0.821706854363283	-0.0491913834217531
FAM106A	0.00557380669257315	0.0257672734193789	0.821706854363283	0.0257672734193789
ASAP2	0.00558640010671441	-0.022405567811148	0.821706854363283	-0.022405567811148
SHROOM1	0.00561127967215785	0.0200692207797893	0.821706854363283	0.0200692207797893
LIPT1	0.00572006822202626	0.0426252047112073	0.821706854363283	0.0426252047112073
ACTR1A	0.0057844247618871	0.0241948921854985	0.821706854363283	0.0241948921854985
ESYT1	0.00594491362593335	-0.0568587801968624	0.821706854363283	-0.0568587801968624
PAN2	0.0060303468135993	0.0219133668026205	0.821706854363283	0.0219133668026205
UBE2O	0.00603650116256089	-0.0195933961807642	0.821706854363283	-0.0195933961807642
CCDC115	0.00610209783982798	0.0329651498967125	0.821706854363283	0.0329651498967125
AC104825.1	0.0063371784495224	0.0386085258449425	0.821706854363283	0.0386085258449425
LINC02609	0.00636786579928585	-0.0399285528837714	0.821706854363283	-0.0399285528837714
ZFY	0.0064372091968588	0.0354832656615618	0.821706854363283	0.0354832656615618
HCG18	0.00650721414101067	-0.0182345434828218	0.821706854363283	-0.0182345434828218
TMEM260	0.00661651574316436	0.0142916950822294	0.821706854363283	0.0142916950822294
ASIC1	0.00663141596802833	0.0274654149893757	0.821706854363283	0.0274654149893757
ZNF578	0.00665309941629397	0.0394314788248488	0.821706854363283	0.0394314788248488
SNX24	0.00672804297829825	-0.0236104264056953	0.821706854363283	-0.0236104264056953
SPTY2D1OS	0.00673356092136042	0.0387983165197866	0.821706854363283	0.0387983165197866
ZNF605	0.00678910602991016	-0.0216282173823357	0.821706854363283	-0.0216282173823357
RNF220	0.00681061670471537	-0.00787387329422331	0.821706854363283	-0.00787387329422331
TTLL3	0.00688433379572457	0.0218969137122074	0.821706854363283	0.0218969137122074
GNPDA1	0.00700648703570937	0.0279841485261676	0.821706854363283	0.0279841485261676
RAP1GAP2	0.00701940393384515	-0.0585205060402872	0.821706854363283	-0.0585205060402872
AC092924.2	0.00711814243199387	0.0211818709030682	0.821706854363283	0.0211818709030682
MRPS6	0.0072891428430735	-0.051935155213097	0.821706854363283	-0.051935155213097
CCDC32	0.00731166476836547	-0.0248665648791972	0.821706854363283	-0.0248665648791972
FANCC	0.00733232540413506	-0.0219402172231531	0.821706854363283	-0.0219402172231531
BRCC3	0.00751679826174409	0.0227365469790618	0.821706854363283	0.0227365469790618
RBM12	0.00752058496124283	-0.0372588888497103	0.821706854363283	-0.0372588888497103
SLC4A2	0.00752903578462889	0.0290295750174961	0.821706854363283	0.0290295750174961
CHIC1	0.00759080975572239	-0.0155222123066653	0.821706854363283	-0.0155222123066653
RHBDD3	0.00760057727571382	-0.0361022137995273	0.821706854363283	-0.0361022137995273
ZBTB17	0.00772228585701492	0.0178649766303213	0.826516255276307	0.0178649766303213
AGO3	0.00797336741823033	-0.0113054704439361	0.83513557121459	-0.0113054704439361
AL355076.2	0.0079837020694735	0.0402744478627229	0.83513557121459	0.0402744478627229
AC091932.1	0.00810717354874167	0.0341354380341544	0.83513557121459	0.0341354380341544
OSBPL1A	0.00819206737426741	-0.00971080087376274	0.83513557121459	-0.00971080087376274
AC026979.2	0.00819295851420461	0.0429341633822903	0.83513557121459	0.0429341633822903
ESF1	0.00853837795468067	0.0187191156608616	0.848098125824548	0.0187191156608616
SCN1B	0.00861789166893552	-0.0402829079079774	0.848098125824548	-0.0402829079079774
AL390957.1	0.0087923904181342	-0.0508123050488956	0.848098125824548	-0.0508123050488956
ERBIN	0.00889850426694893	-0.00981506753078171	0.848098125824548	-0.00981506753078171
TRMT13	0.00890917148121301	0.0147952469723203	0.848098125824548	0.0147952469723203
AC005532.1	0.00892917314251869	-0.0387824722416921	0.848098125824548	-0.0387824722416921
ERP44	0.00899102408078649	-0.0163827905881867	0.848098125824548	-0.0163827905881867
ATR	0.00921138811416997	0.0151622992921381	0.848098125824548	0.0151622992921381
SAMMSON	0.00931187663135558	-0.035663994297517	0.848098125824548	-0.035663994297517
FAM53B	0.00940981903310784	-0.0132039318995634	0.848098125824548	-0.0132039318995634
TMOD2	0.00942669362171097	-0.0181445728649048	0.848098125824548	-0.0181445728649048
FNTA	0.0094987678848362	0.0170717310779308	0.848098125824548	0.0170717310779308
SSX2IP	0.00976858882586288	-0.0365913944029258	0.848098125824548	-0.0365913944029258
BCL7C	0.00980999324074961	0.0203393276437273	0.848098125824548	0.0203393276437273
NRBP2	0.0098345434356411	0.0215740119373958	0.848098125824548	0.0215740119373958
CDKN2D	0.0101216617257258	-0.0594272009612451	0.848098125824548	-0.0594272009612451
CPE	0.0101684605342234	-0.0579949523322264	0.848098125824548	-0.0579949523322264
ELOVL1	0.010300957009228	0.0254046383974066	0.848098125824548	0.0254046383974066
LIN9	0.0104894825987529	0.0393577252382236	0.848098125824548	0.0393577252382236
TMEM267	0.0105373914718042	0.0198192791625173	0.848098125824548	0.0198192791625173
SLIT2	0.0105489062807445	0.0217910370789158	0.848098125824548	0.0217910370789158
USF3	0.0106142736236053	-0.0172282599118627	0.848098125824548	-0.0172282599118627
ACSL4	0.010616622679175	0.0142507129048369	0.848098125824548	0.0142507129048369
SERPINB1	0.0107734897928148	0.0302975216701976	0.848098125824548	0.0302975216701976
EXOSC9	0.0107796743449561	0.0309285742016253	0.848098125824548	0.0309285742016253
AC016705.2	0.0107968430773758	0.0229071568399048	0.848098125824548	0.0229071568399048
SNHG25	0.0108602595845621	0.0271748411727303	0.848098125824548	0.0271748411727303
ZNF3	0.0108776434077624	0.0203261083864541	0.848098125824548	0.0203261083864541
PRKRA	0.0108998459386996	-0.0223268879326405	0.848098125824548	-0.0223268879326405
CHST1	0.0109794408313714	-0.0516187468254202	0.848098125824548	-0.0516187468254202
TRIM56	0.0110312887770084	-0.0236862158499487	0.848098125824548	-0.0236862158499487
EPCAM	0.0110718347434244	0.0371814935200243	0.848098125824548	0.0371814935200243
KANTR	0.011151649498824	-0.0132166645994772	0.848098125824548	-0.0132166645994772
PLEKHH2	0.0113362548780032	-0.0299104775026868	0.848098125824548	-0.0299104775026868
ZNF493	0.0115636846109158	0.0136590237495445	0.848098125824548	0.0136590237495445
ZDHHC17	0.0116945870803855	0.0120540479633823	0.848098125824548	0.0120540479633823
RRP1	0.011891918717882	0.0185136967511886	0.848098125824548	0.0185136967511886
DPY19L3	0.0118949739839793	-0.0219167382260066	0.848098125824548	-0.0219167382260066
GMPR2	0.0119273339318006	0.0319491650727525	0.848098125824548	0.0319491650727525
BCR	0.0120176417907877	-0.0284592967964247	0.848098125824548	-0.0284592967964247
FBXL4	0.0121443252140136	0.0142326116153132	0.848098125824548	0.0142326116153132
PANK4	0.0122300402558553	0.0365493952308387	0.848098125824548	0.0365493952308387
NEDD4	0.0122923170924958	-0.0317109879681191	0.848098125824548	-0.0317109879681191
TXNDC11	0.0123550519628275	0.0194673786245195	0.848098125824548	0.0194673786245195
CROT	0.0126251973358837	0.0287083194421421	0.848098125824548	0.0287083194421421
LINC00174	0.0126855796642996	0.0181505007241538	0.848098125824548	0.0181505007241538
LINC00899	0.0126925069276304	0.0336577477948088	0.848098125824548	0.0336577477948088
SSR2	0.0128238543231145	0.0302563601817774	0.848098125824548	0.0302563601817774
NSMF	0.0128440575223346	-0.0504550767591313	0.848098125824548	-0.0504550767591313
ZNF692	0.0129707409557898	0.016677482116786	0.848098125824548	0.016677482116786
POLE	0.0130003356755545	-0.0325068479676807	0.848098125824548	-0.0325068479676807
ANKRD18B	0.0130598777108374	-0.0507580477420413	0.848098125824548	-0.0507580477420413
RUNX2	0.0131301797564968	-0.0344644952511849	0.848098125824548	-0.0344644952511849
HOMER1	0.0131916676848395	-0.0534425548705018	0.848098125824548	-0.0534425548705018
LINC02814	0.0132489374074441	0.0367546052968792	0.848098125824548	0.0367546052968792
PHACTR4	0.0133742734305805	0.0107477727844651	0.848098125824548	0.0107477727844651
CAVIN4	0.0134299028037142	0.0237568857949341	0.848098125824548	0.0237568857949341
BCL7B	0.0134726519786814	-0.0371723974249722	0.848098125824548	-0.0371723974249722
LINC01222	0.0135899176882321	0.0395909902494739	0.848098125824548	0.0395909902494739
SPRY2	0.0136081032549168	0.0426730394442515	0.848098125824548	0.0426730394442515
ABL2	0.0136146333095124	0.0141292475654889	0.848098125824548	0.0141292475654889
DNAJC27-AS1	0.0136402228161626	0.0197122950610685	0.848098125824548	0.0197122950610685
REPS1	0.0137331823325882	0.0177101592182016	0.848098125824548	0.0177101592182016
ZC3H8	0.0139243407399874	-0.0183239330726952	0.848098125824548	-0.0183239330726952
AC005562.1	0.0141373559295751	0.0185395484243564	0.848098125824548	0.0185395484243564
TRIM59	0.0141882275632593	0.0148607807434643	0.848098125824548	0.0148607807434643
POLRMT	0.0142887176512595	0.0225742355509506	0.848098125824548	0.0225742355509506
PARP9	0.0142933035482102	-0.0354060576337651	0.848098125824548	-0.0354060576337651
CDV3	0.0143638500129769	-0.0315855859957852	0.848098125824548	-0.0315855859957852
TRIM4	0.0143847582885754	-0.0192708003418122	0.848098125824548	-0.0192708003418122
SLC38A9	0.0144653007075871	0.0116724819191401	0.848098125824548	0.0116724819191401
GLS	0.0145052182098548	-0.0236365491135688	0.848098125824548	-0.0236365491135688
HSPB11	0.0145145989200818	0.0243155395412074	0.848098125824548	0.0243155395412074
AC011447.3	0.0148417136463837	-0.0304715831482978	0.848098125824548	-0.0304715831482978
Z93930.2	0.0148814212781881	0.0218065295530523	0.848098125824548	0.0218065295530523
CDC42SE1	0.0149359108454254	0.0209355384938616	0.848098125824548	0.0209355384938616
TAF13	0.0149873851783985	0.0317533964015495	0.848098125824548	0.0317533964015495
TMC8	0.0151442479733718	-0.0291615909147624	0.848098125824548	-0.0291615909147624
CIPC	0.0151825718202759	0.0168080173481368	0.848098125824548	0.0168080173481368
TP53INP1	0.0151964028696336	-0.0317657594782874	0.848098125824548	-0.0317657594782874
TASOR2	0.0152198787365202	-0.0125587582396236	0.848098125824548	-0.0125587582396236
ZNF777	0.0153725273860746	0.0338396845323671	0.848098125824548	0.0338396845323671
ASH2L	0.0153729257322809	-0.0214181011151873	0.848098125824548	-0.0214181011151873
ACER3	0.0153781898970193	-0.0100378138546353	0.848098125824548	-0.0100378138546353
LAT	0.0153816745294514	-0.0410010018586586	0.848098125824548	-0.0410010018586586
MT1E	0.0153963974626678	-0.0503139751963234	0.848098125824548	-0.0503139751963234
ANKRD11	0.0154009332822774	-0.0130037822757941	0.848098125824548	-0.0130037822757941
ZNF277	0.015409185185122	-0.0156527306649787	0.848098125824548	-0.0156527306649787
ST8SIA1	0.0154120068063019	-0.0546293365294324	0.848098125824548	-0.0546293365294324
PECR	0.0155318847206119	0.0282625373946619	0.848098125824548	0.0282625373946619
LINC00486	0.0155415199797911	0.0282011999244513	0.848098125824548	0.0282011999244513
AC007319.1	0.0156110507840134	0.0475523942331276	0.848098125824548	0.0475523942331276
STXBP4	0.0156893795116566	0.020243501047705	0.848098125824548	0.020243501047705
XYLT2	0.0158100242618141	0.0346062909834615	0.850092028787824	0.0346062909834615
RNF114	0.0158892422344884	0.0167518353508794	0.850092028787824	0.0167518353508794
NXPH1	0.0160319964602727	0.0478361404993829	0.850092028787824	0.0478361404993829
RNF213-AS1	0.0160675868174046	-0.0465909600014679	0.850092028787824	-0.0465909600014679
GNB5	0.0164360545893309	-0.0465552425679454	0.850092028787824	-0.0465552425679454
MCMDC2	0.0164765449100219	0.0369271584318319	0.850092028787824	0.0369271584318319
DPP10	0.0165004328553219	0.0441435969848206	0.850092028787824	0.0441435969848206
PLA2G12A	0.0166361595952156	0.0197265200831661	0.850092028787824	0.0197265200831661
TBC1D10B	0.0167913265429869	0.0208126395627031	0.850092028787824	0.0208126395627031
BCKDHB	0.0168909319361804	-0.0116507905736829	0.850092028787824	-0.0116507905736829
TMEM38B	0.0170106915552003	-0.0215551756738075	0.850092028787824	-0.0215551756738075
MPHOSPH6	0.0171728697189987	-0.0288338989150042	0.850092028787824	-0.0288338989150042
INTS14	0.017294232213723	0.0227639327746804	0.850092028787824	0.0227639327746804
LRRC39	0.0173213586382399	-0.0503771616142139	0.850092028787824	-0.0503771616142139
ZNF570	0.0173752943151764	0.0314988941956887	0.850092028787824	0.0314988941956887
TSHZ1	0.0173907796468388	-0.0304514563875475	0.850092028787824	-0.0304514563875475
GAS1	0.0173940908271163	0.0364322940932292	0.850092028787824	0.0364322940932292
ZNF684	0.0174104826063993	0.0293755247742436	0.850092028787824	0.0293755247742436
TAFA1	0.0175371908347297	-0.0554138195168537	0.850092028787824	-0.0554138195168537
DNAJB4	0.0175966190789103	0.035274979002055	0.850092028787824	0.035274979002055
ZNF22	0.0176321645969955	-0.0293661541242637	0.850092028787824	-0.0293661541242637
CRPPA	0.0176931390659937	-0.0234846118777295	0.850092028787824	-0.0234846118777295
SMIM19	0.01778553477415	0.0248070685212027	0.850092028787824	0.0248070685212027
METTL3	0.0178054755310343	-0.0216342359360052	0.850092028787824	-0.0216342359360052
MAPT	0.0178348284806964	-0.00871965501331351	0.850092028787824	-0.00871965501331351
LINC00511	0.0178473168374053	-0.0422001607640899	0.850092028787824	-0.0422001607640899
GABPB1	0.0179224566508613	-0.0226563232858571	0.850092028787824	-0.0226563232858571
EVI2B	0.0179931697848235	0.0206689668411276	0.850092028787824	0.0206689668411276
METTL16	0.0180654448355073	-0.0142151451244292	0.850092028787824	-0.0142151451244292
PLS3	0.018109033220931	0.0143577891682346	0.850092028787824	0.0143577891682346
PYROXD1	0.0183380767964001	0.0229116390030956	0.852852566768179	0.0229116390030956
EIF1AY	0.0183805140065451	0.0408066341160925	0.852852566768179	0.0408066341160925
ANKRD52	0.0184068899302485	-0.022234321921216	0.852852566768179	-0.022234321921216
ZSCAN30	0.0185815282428934	0.0222401693422271	0.85294277222362	0.0222401693422271
CMTM1	0.0186278110769949	-0.0362578065748742	0.85294277222362	-0.0362578065748742
BOK	0.0186650454717297	0.0169690263823588	0.85294277222362	0.0169690263823588
CCDC174	0.0187276045475615	-0.0198833269530216	0.85294277222362	-0.0198833269530216
C1QTNF4	0.0190278032936627	-0.0535303622154955	0.862943129881661	-0.0535303622154955
AC023632.2	0.0192077428741452	-0.0312751147336192	0.867428151822685	-0.0312751147336192
AC005237.1	0.0194347517548514	-0.0518502389171776	0.870609240360208	-0.0518502389171776
SCRN3	0.0194855383218573	0.02618134264677	0.870609240360208	0.02618134264677
LMF1	0.0195587178354641	-0.0161048589106344	0.870609240360208	-0.0161048589106344
DECR1	0.019652059463231	-0.0211091116539789	0.870609240360208	-0.0211091116539789
SSH1	0.0198692888257557	-0.0193379713205304	0.870609240360208	-0.0193379713205304
PLCL2	0.0199930204825953	0.0315553470106744	0.870609240360208	0.0315553470106744
ZNF44	0.0200784147229465	0.0157237118516443	0.870609240360208	0.0157237118516443
MPI	0.0200831864799621	0.0265404923892625	0.870609240360208	0.0265404923892625
EXOG	0.020119796926596	-0.0217258001148418	0.870609240360208	-0.0217258001148418
GJC2	0.0201307437709652	0.0255909762435482	0.870609240360208	0.0255909762435482
ANP32E	0.0201729507249679	-0.0425092938784106	0.870609240360208	-0.0425092938784106
OGG1	0.0203413070044258	-0.0206776430107183	0.874031489616968	-0.0206776430107183
FOPNL	0.0205110628009754	0.0202072144360699	0.874031489616968	0.0202072144360699
NUFIP1	0.0205325333614353	0.0269859742127662	0.874031489616968	0.0269859742127662
RFXAP	0.0205917484281999	0.0218579184731025	0.874031489616968	0.0218579184731025
ATP1A2	0.0209552401392837	-0.0528127801098142	0.874031489616968	-0.0528127801098142
KRIT1	0.0209916273913785	0.0106480869030525	0.874031489616968	0.0106480869030525
KIF19	0.021125981599025	-0.0209713287547598	0.874031489616968	-0.0209713287547598
CROCC	0.021173264644318	0.0158597662470748	0.874031489616968	0.0158597662470748
FGFR1OP	0.0212513866058695	-0.0264197313078665	0.874031489616968	-0.0264197313078665
METTL14	0.0212842931040109	0.0171490356939906	0.874031489616968	0.0171490356939906
NCKAP1	0.021291757662714	0.0169333522980358	0.874031489616968	0.0169333522980358
KCNB1	0.0212976676701981	-0.0487777220933914	0.874031489616968	-0.0487777220933914
HAUS1	0.0213138576838296	-0.0325728063547815	0.874031489616968	-0.0325728063547815
AC106793.1	0.0214595040126818	0.0256723066733843	0.876645310869213	0.0256723066733843
GLRX3	0.0218008128992588	0.0169145441454924	0.887149036579883	0.0169145441454924
IRAK1BP1	0.0219359320214489	-0.0224473402528265	0.887149036579883	-0.0224473402528265
CAV2	0.0222256483679505	-0.0437439782424687	0.887149036579883	-0.0437439782424687
GPN2	0.0223196783807868	0.023689992486772	0.887149036579883	0.023689992486772
OGDH	0.022333233661624	-0.014020128757756	0.887149036579883	-0.014020128757756
CEMIP2	0.0223968868717749	-0.0255158736341068	0.887149036579883	-0.0255158736341068
HDAC5	0.0224523147349414	0.0118896065326339	0.887149036579883	0.0118896065326339
FAM118B	0.0224874672934366	-0.0323886927765282	0.887149036579883	-0.0323886927765282
ZNF45	0.0226987422040764	-0.0374938290909704	0.887149036579883	-0.0374938290909704
GABBR1	0.022701295953877	-0.0301880577268405	0.887149036579883	-0.0301880577268405
TRMT61B	0.0228616473690988	0.0168869894696636	0.887149036579883	0.0168869894696636
DENR	0.0229698019880261	0.0178443322201541	0.887149036579883	0.0178443322201541
SEPTIN9	0.0231360067095756	0.0342179510030686	0.887149036579883	0.0342179510030686
MGAT3	0.0232366625962497	0.0142052660276602	0.887149036579883	0.0142052660276602
GPR173	0.0235053046991815	0.0131376679405511	0.887149036579883	0.0131376679405511
CDC42EP1	0.0235392625695033	0.0170121689657549	0.887149036579883	0.0170121689657549
LPIN1	0.0238289910073614	0.0137542217252244	0.887149036579883	0.0137542217252244
MAP7	0.0240075754732365	-0.00624178809585338	0.887149036579883	-0.00624178809585338
HTRA1	0.0240554720925027	-0.00992289430316502	0.887149036579883	-0.00992289430316502
GMPPA	0.024072951232314	0.0281018966853229	0.887149036579883	0.0281018966853229
ADAMTSL3	0.0241282249609215	-0.0147670584319105	0.887149036579883	-0.0147670584319105
NPIPB2	0.0241627372229783	0.0448795049041786	0.887149036579883	0.0448795049041786
DIP2B	0.024251836255915	-0.0078642284833256	0.887149036579883	-0.0078642284833256
LINC00665	0.0242597484616112	0.024367788952655	0.887149036579883	0.024367788952655
RSBN1L	0.02458181133155	-0.0114333205455453	0.887149036579883	-0.0114333205455453
ZNF583	0.0245885132033309	0.0218923151475472	0.887149036579883	0.0218923151475472
C5orf22	0.0246375904035254	-0.0259372495864756	0.887149036579883	-0.0259372495864756
SCO1	0.0246533155264317	-0.0243245852395631	0.887149036579883	-0.0243245852395631
ST8SIA5	0.0247376417958206	-0.0371408420145342	0.887149036579883	-0.0371408420145342
EXOSC7	0.0248195524585081	0.0214889096257802	0.887149036579883	0.0214889096257802
STS	0.0249286002487054	-0.0307672885635488	0.887149036579883	-0.0307672885635488
TMEM150C	0.0250664748922388	0.0267028331060616	0.887149036579883	0.0267028331060616
MCF2L	0.0251773877181075	-0.0225750686510039	0.887149036579883	-0.0225750686510039
ZNF551	0.0252383221604329	0.0235115158007592	0.887149036579883	0.0235115158007592
NKX2-2	0.025324051599976	0.0176362528922817	0.887149036579883	0.0176362528922817
CRIPAK	0.0253996282261321	0.0223214231660166	0.887149036579883	0.0223214231660166
CLNS1A	0.0254025147454543	-0.0117958395787019	0.887149036579883	-0.0117958395787019
MIGA2	0.0255509375147558	0.0229332282720304	0.887149036579883	0.0229332282720304
CNTN1	0.0255938548910975	0.0386686660462375	0.887149036579883	0.0386686660462375
TGFBR2	0.02564950409976	0.0331172183847524	0.887149036579883	0.0331172183847524
MIA2	0.0256968452110823	0.0165067629982199	0.887149036579883	0.0165067629982199
OTUB1	0.0258717213642703	0.0240747623435325	0.887149036579883	0.0240747623435325
CNOT6	0.0258744065938399	0.0163627188726782	0.887149036579883	0.0163627188726782
RABL2B	0.0259222673232928	0.0221840315355236	0.887149036579883	0.0221840315355236
CPQ	0.0259988982121487	-0.0109725759901474	0.887149036579883	-0.0109725759901474
SETD3	0.0260928423773498	-0.0174554837762199	0.887149036579883	-0.0174554837762199
EVL	0.0261240095486245	-0.018417565243353	0.887149036579883	-0.018417565243353
BRMS1L	0.0263105049953512	-0.0196532614477938	0.887149036579883	-0.0196532614477938
GPD2	0.0264714740977295	0.018946217440038	0.887149036579883	0.018946217440038
THAP9-AS1	0.0264831672339805	0.0338986211943	0.887149036579883	0.0338986211943
LRIG3	0.0265436664018008	0.0186577540911999	0.887149036579883	0.0186577540911999
KCTD7	0.0265506304997874	-0.0173122571083219	0.887149036579883	-0.0173122571083219
ZNF71	0.0266239823279821	0.0289399584578796	0.887149036579883	0.0289399584578796
AC073389.2	0.0266305997172226	0.0348937802552041	0.887149036579883	0.0348937802552041
C22orf39	0.0266876869943609	-0.0313055838244604	0.887149036579883	-0.0313055838244604
XPO4	0.0266976697759965	0.012123835659954	0.887149036579883	0.012123835659954
CSK	0.0267268778281152	0.0243212223239338	0.887149036579883	0.0243212223239338
NDUFAF3	0.026856590382502	0.0370497102457552	0.887149036579883	0.0370497102457552
CAAP1	0.0270027650486155	0.0185493689329659	0.887149036579883	0.0185493689329659
AL357153.2	0.0270120126751292	-0.0239210245012398	0.887149036579883	-0.0239210245012398
USP3-AS1	0.0270512650096682	-0.0380653147614783	0.887149036579883	-0.0380653147614783
CEP41	0.0271115408012665	-0.030565955732946	0.887149036579883	-0.030565955732946
RBM3	0.0271232512441989	-0.0262196534291566	0.887149036579883	-0.0262196534291566
USP53	0.0271346083738958	-0.0417277842654971	0.887149036579883	-0.0417277842654971
MKRN1	0.0271373292716614	0.021106753299329	0.887149036579883	0.021106753299329
IFT88	0.0271872263849576	0.00984944492950001	0.887149036579883	0.00984944492950001
SYNM	0.0273988761921286	0.0291230670923449	0.891337908463077	0.0291230670923449
OGFRL1	0.027663171814762	-0.0447516482636741	0.89383388327228	-0.0447516482636741
WDR61	0.0277577650995792	-0.0194350388109979	0.89383388327228	-0.0194350388109979
DYNC1I1	0.0277876855500674	-0.0130663543891915	0.89383388327228	-0.0130663543891915
ANKRD7	0.0278769153314485	-0.0367711883941051	0.89383388327228	-0.0367711883941051
NEXN	0.0278931623855874	0.0351421151565966	0.89383388327228	0.0351421151565966
SSBP3	0.0279810313578218	-0.013153411391645	0.893973070515721	-0.013153411391645
UGGT2	0.0280721692232349	0.0106721803756479	0.894215557131795	0.0106721803756479
FRG1-DT	0.0284384287414772	-0.0257619502326684	0.900962325391745	-0.0257619502326684
FNIP1	0.0285794090640525	-0.0075320725886007	0.900962325391745	-0.0075320725886007
ZKSCAN5	0.0286067792497255	-0.0247140278844703	0.900962325391745	-0.0247140278844703
SLC10A7	0.0286802613771938	0.0135430098331494	0.900962325391745	0.0135430098331494
PBX2	0.0287293830030877	0.0232938618312957	0.900962325391745	0.0232938618312957
AL122035.1	0.0287890418839556	-0.0182744558594896	0.900962325391745	-0.0182744558594896
NCOA5	0.0291616266764621	0.0156410999343325	0.909961779353276	0.0156410999343325
GNG10	0.0296274133516058	0.0249308009588164	0.918814750678263	0.0249308009588164
AL731769.2	0.029672766972194	-0.0384948209505121	0.918814750678263	-0.0384948209505121
CPNE3	0.0297524920789162	0.0186467911017965	0.918814750678263	0.0186467911017965
LPIN2	0.0297887245151226	-0.0254997506516148	0.918814750678263	-0.0254997506516148
PHF6	0.0299242496691916	0.0166798916987956	0.920342655774017	0.0166798916987956
HDAC11	0.0300742328874202	0.0135753894654152	0.921236073925317	0.0135753894654152
CYP7B1	0.0301408623194824	0.0156138227626713	0.921236073925317	0.0156138227626713
IPO8	0.0302878792095582	0.0151117413444372	0.921236073925317	0.0151117413444372
FOXJ3	0.0304717119654761	-0.00868118289508748	0.921236073925317	-0.00868118289508748
PPHLN1	0.030475156862607	-0.0125051826687246	0.921236073925317	-0.0125051826687246
ST7	0.0305143710076711	-0.0364412298965546	0.921236073925317	-0.0364412298965546
TRAF6	0.0306436733126425	-0.0201031839544112	0.921236073925317	-0.0201031839544112
ATCAY	0.0307017640163328	-0.0464354852320266	0.921236073925317	-0.0464354852320266
POU3F2	0.0307279527600989	-0.0225966178464471	0.921236073925317	-0.0225966178464471
LINC01619	0.0308799641029819	0.0392420855992493	0.921833215827003	0.0392420855992493
ROR1	0.0309504640831539	0.0190492021531395	0.921833215827003	0.0190492021531395
ANO10	0.0310354753006074	-0.0151648095522495	0.921833215827003	-0.0151648095522495
ZNF524	0.0311055849213812	0.0310576329297992	0.921833215827003	0.0310576329297992
DISP1	0.0312722276215504	-0.0278689054131223	0.921833215827003	-0.0278689054131223
TARDBP	0.0313543511061987	0.0137632950767761	0.921833215827003	0.0137632950767761
DUSP12	0.0313781391768396	0.0267142255067448	0.921833215827003	0.0267142255067448
UBXN2A	0.0314368984188411	0.0107208073937429	0.921833215827003	0.0107208073937429
IQCE	0.0315899063822727	0.0310308187816099	0.923788983632416	0.0310308187816099
ZMYM2	0.0319473736522284	-0.00790402259293972	0.929864192378548	-0.00790402259293972
TCF7L2	0.0319714120148842	-0.0162601481227476	0.929864192378548	-0.0162601481227476
MRPL10	0.0321917404493471	0.0341189336487955	0.932360546918693	0.0341189336487955
IDNK	0.0322314680332539	0.0257555778766954	0.932360546918693	0.0257555778766954
ATP1B3	0.0323908233840817	-0.0209595900583952	0.933932403157263	-0.0209595900583952
KIAA1614	0.0324603245795106	0.0333114995034977	0.933932403157263	0.0333114995034977
AC092068.3	0.0327707156748485	-0.0340438666085153	0.93803248603641	-0.0340438666085153
EYA3	0.0328895729292356	0.0103946847229942	0.93803248603641	0.0103946847229942
BNIP3L	0.0331391841437557	-0.0110517248529033	0.93803248603641	-0.0110517248529033
PPP2R5C	0.033285417800066	-0.0107745884216577	0.93803248603641	-0.0107745884216577
SLC25A51	0.0333889021590421	-0.0179816526669353	0.93803248603641	-0.0179816526669353
RPS10-NUDT3	0.0334655171603033	-0.0278734987259703	0.93803248603641	-0.0278734987259703
LRPPRC	0.0335052693624194	0.0120893712157195	0.93803248603641	0.0120893712157195
RNF152	0.0335242285579746	0.0270894040274407	0.93803248603641	0.0270894040274407
DGKA	0.0335798183688973	-0.0367590829801399	0.93803248603641	-0.0367590829801399
SYNE2	0.0336169953828506	-0.0268555230665322	0.93803248603641	-0.0268555230665322
CAMKMT	0.033679844433611	-0.00957017841766334	0.93803248603641	-0.00957017841766334
LRRC58	0.0338507896893156	-0.0137951712554732	0.93803248603641	-0.0137951712554732
ACP6	0.0338594057913084	0.0262169511105749	0.93803248603641	0.0262169511105749
CDC42BPA	0.0338679095540415	-0.00576722406612532	0.93803248603641	-0.00576722406612532
SLC39A11	0.0339174597866104	-0.01049125063543	0.93803248603641	-0.01049125063543
SOX9	0.0343750809638666	0.0279417145586784	0.944280217064163	0.0279417145586784
IAH1	0.0344018237930187	-0.0200713509268183	0.944280217064163	-0.0200713509268183
SLC1A3	0.0344080430398041	0.012235100590176	0.944280217064163	0.012235100590176
CDH12	0.0346120393578995	0.0465422486227305	0.946369675480766	0.0465422486227305
SMCR5	0.0347749947612932	0.0407128656891118	0.946369675480766	0.0407128656891118
IDH3B	0.0347860138132213	0.0275986864027988	0.946369675480766	0.0275986864027988
TAFA4	0.0348611084665312	-0.0152407581501226	0.946369675480766	-0.0152407581501226
L3MBTL4	0.0349262843889473	-0.00937794855214589	0.946369675480766	-0.00937794855214589
ARHGEF12	0.0351833683854137	-0.0199395075659529	0.950928262194653	-0.0199395075659529
MTHFSD	0.0353655462107323	-0.0333846451104675	0.951639398015018	-0.0333846451104675
PHACTR3	0.0354690405559772	-0.00829292514954666	0.951639398015018	-0.00829292514954666
LINC01310	0.0354764196774729	-0.0430779827233416	0.951639398015018	-0.0430779827233416
TARBP1	0.0359112179355109	0.0220718847239144	0.952616184005907	0.0220718847239144
RNF13	0.0359808132394743	-0.00910535623431959	0.952616184005907	-0.00910535623431959
DVL1	0.0360044577801957	0.0180553679070754	0.952616184005907	0.0180553679070754
STAT1	0.0360459792525857	-0.0281100937863765	0.952616184005907	-0.0281100937863765
LINC00265	0.0361444111043957	0.0312448380339558	0.952616184005907	0.0312448380339558
KCNIP3	0.0361686323801252	-0.0376487070826529	0.952616184005907	-0.0376487070826529
PLAC8L1	0.0361944272064489	0.0303156075045892	0.952616184005907	0.0303156075045892
AC090945.1	0.0362248703064939	0.0171054828847583	0.952616184005907	0.0171054828847583
DRAP1	0.0363845743451031	-0.0308136462979702	0.954470831410878	-0.0308136462979702
SOX5	0.0367677205131194	0.0401609794364182	0.962163600615935	0.0401609794364182
SUPT6H	0.036965822364302	-0.0142401137272321	0.962188463489293	-0.0142401137272321
DMAP1	0.0370742419091544	0.021875957531749	0.962188463489293	0.021875957531749
CRTC1	0.0371537035485967	-0.0143467759244737	0.962188463489293	-0.0143467759244737
PFN2	0.0372022792145485	-0.0345813959868702	0.962188463489293	-0.0345813959868702
SLC22A5	0.0373280202542672	0.0336000953143844	0.962188463489293	0.0336000953143844
PRKAR2A	0.0373695752088177	0.00963768712344265	0.962188463489293	0.00963768712344265
GHDC	0.0373979632637154	-0.0289129789079626	0.962188463489293	-0.0289129789079626
UTP23	0.0375772561802567	-0.0163387207047311	0.962557825175802	-0.0163387207047311
SZT2	0.0375921863891886	0.0162534429501825	0.962557825175802	0.0162534429501825
KCTD8	0.0377745582901563	-0.0122295830288238	0.962848247371276	-0.0122295830288238
HAGHL	0.0377834498641442	0.0299380959946275	0.962848247371276	0.0299380959946275
TOMM5	0.0380610591663738	-0.0426300580850123	0.963730212761196	-0.0426300580850123
ZNF793	0.0380842758732883	0.017018221511278	0.963730212761196	0.017018221511278
AC007376.2	0.038088188358216	-0.0226363302348202	0.963730212761196	-0.0226363302348202
ARSB	0.0382875568364817	-0.0133748714614899	0.966489907596376	-0.0133748714614899
NOL10	0.0385646933839654	0.0109654852323668	0.966640009542247	0.0109654852323668
STAU2	0.0386088624432728	0.0117034855938439	0.966640009542247	0.0117034855938439
NMNAT1	0.038732206815769	0.0212115264672481	0.966640009542247	0.0212115264672481
GOLGA1	0.0387876628905857	0.0151106143169933	0.966640009542247	0.0151106143169933
USP4	0.0389792620509962	0.0149901354182431	0.966640009542247	0.0149901354182431
FBXO4	0.0389833882657386	0.026539224696439	0.966640009542247	0.026539224696439
ZNF580	0.0393095683701341	-0.028814042918034	0.966640009542247	-0.028814042918034
ST7L	0.0393615430212554	-0.0119434654618269	0.966640009542247	-0.0119434654618269
FGFR1OP2	0.0393966147193791	0.0125774928147325	0.966640009542247	0.0125774928147325
PDIA6	0.0397275368022496	0.0240809034850353	0.966640009542247	0.0240809034850353
EIF4EBP2	0.0398560701131622	-0.0261474023281636	0.966640009542247	-0.0261474023281636
PPP1R35	0.0398862434092284	-0.0452293207718293	0.966640009542247	-0.0452293207718293
SYNGAP1	0.0399533144438566	-0.0459576514950004	0.966640009542247	-0.0459576514950004
FRG1	0.0401994515528286	0.019938469699854	0.966640009542247	0.019938469699854
TUBA1C	0.0402230528900326	-0.0397733562681201	0.966640009542247	-0.0397733562681201
LINC01184	0.0402915093537349	0.0101160570393149	0.966640009542247	0.0101160570393149
ZSWIM9	0.0404252450811068	0.0182925438262984	0.966640009542247	0.0182925438262984
AC053527.2	0.0404781753865248	0.0141398364751359	0.966640009542247	0.0141398364751359
AP1S1	0.0405761947610933	0.0465483221046875	0.966640009542247	0.0465483221046875
ZNF790-AS1	0.0406121555104688	0.0246424343258533	0.966640009542247	0.0246424343258533
CHD7	0.0406777870184529	-0.0106383535169739	0.966640009542247	-0.0106383535169739
GTPBP6	0.0408212606392152	0.0168363847038623	0.966640009542247	0.0168363847038623
PTPRS	0.040836580040088	0.00816764421870747	0.966640009542247	0.00816764421870747
NOP9	0.0411755345962678	0.0309579719163778	0.966640009542247	0.0309579719163778
N6AMT1	0.0412462812914647	0.0220127735459473	0.966640009542247	0.0220127735459473
GLRX5	0.0412890657346337	-0.038744556046502	0.966640009542247	-0.038744556046502
DEXI	0.041370837618733	0.039114026929247	0.966640009542247	0.039114026929247
KAZN	0.0413894861703425	-0.0113373104120561	0.966640009542247	-0.0113373104120561
FAM182B	0.0414338164826115	0.0242565206967452	0.966640009542247	0.0242565206967452
ZC3H6	0.0414922180304314	0.0117062799213243	0.966640009542247	0.0117062799213243
ZNF781	0.0416378564619977	0.0303013819589144	0.966640009542247	0.0303013819589144
GARS-DT	0.0417703466429184	0.010927361925686	0.966640009542247	0.010927361925686
LINC00667	0.0420515345422122	-0.0123341607582848	0.966640009542247	-0.0123341607582848
ZNF385B	0.0420568055898584	0.0418821075986907	0.966640009542247	0.0418821075986907
CFAP36	0.0420827544601012	-0.0299854792329125	0.966640009542247	-0.0299854792329125
POLD4	0.0420943507335322	0.0309289285953782	0.966640009542247	0.0309289285953782
AC010974.2	0.0421519469532673	-0.0460624424571036	0.966640009542247	-0.0460624424571036
ATG101	0.0421713181132855	0.0377858242370625	0.966640009542247	0.0377858242370625
HAPLN2	0.0422065298667201	-0.0122618723357866	0.966640009542247	-0.0122618723357866
AGA	0.0422257939900745	0.0214346109265405	0.966640009542247	0.0214346109265405
SRP9	0.0424683759746955	-0.0229933410283251	0.966640009542247	-0.0229933410283251
XPO5	0.042492160036157	-0.0184900408963552	0.966640009542247	-0.0184900408963552
COX20	0.0425551468697525	-0.0167393245049688	0.966640009542247	-0.0167393245049688
SCOC-AS1	0.0426198378455726	0.0291878651298022	0.966640009542247	0.0291878651298022
KIF1B	0.0430688928034986	-0.00593111861021176	0.966640009542247	-0.00593111861021176
POLR2H	0.0432231972806115	0.0243870303070656	0.966640009542247	0.0243870303070656
NIM1K	0.0433174395421528	-0.0139802638976029	0.966640009542247	-0.0139802638976029
MCM5	0.0435044138972064	0.0306048270372776	0.966640009542247	0.0306048270372776
SMIM5	0.0435700590663183	0.0237487506064881	0.966640009542247	0.0237487506064881
CETN3	0.0436230771823749	0.0226429019416775	0.966640009542247	0.0226429019416775
AC008629.1	0.0436475170548606	0.0171905986351826	0.966640009542247	0.0171905986351826
TPRN	0.0437497716068663	0.0114044226226294	0.966640009542247	0.0114044226226294
TUBB	0.0437656651837528	-0.0371988550725145	0.966640009542247	-0.0371988550725145
EXOSC1	0.0438205738455993	-0.0162536605652994	0.966640009542247	-0.0162536605652994
KNTC1	0.043854789978599	0.0299624777415627	0.966640009542247	0.0299624777415627
TSSC4	0.0438758756074911	0.0232750101416213	0.966640009542247	0.0232750101416213
LINC01992	0.0439717108392795	-0.0300050520787952	0.966640009542247	-0.0300050520787952
PTPRO	0.0441824973053821	-0.0464231901646945	0.966640009542247	-0.0464231901646945
SDC3	0.0442239402501183	-0.0451724130380779	0.966640009542247	-0.0451724130380779
PCMT1	0.0443839456503554	-0.0157403237103401	0.966640009542247	-0.0157403237103401
ZNF708	0.044396533795847	-0.0114820818477507	0.966640009542247	-0.0114820818477507
FMO5	0.0444951907080104	-0.0307103081453053	0.966640009542247	-0.0307103081453053
BMT2	0.0447077381431863	-0.0271488846604662	0.966640009542247	-0.0271488846604662
IFT81	0.0447434091828236	0.0222364187905675	0.966640009542247	0.0222364187905675
ACTR10	0.0447866256107644	0.0121553673545783	0.966640009542247	0.0121553673545783
LEO1	0.0447932848339369	-0.0215032911631022	0.966640009542247	-0.0215032911631022
AL096803.2	0.0448100654559574	0.0127674856885944	0.966640009542247	0.0127674856885944
ZNF33A	0.0448237740673965	-0.0101992431565503	0.966640009542247	-0.0101992431565503
THAP4	0.0448643036159599	0.0180770981412621	0.966640009542247	0.0180770981412621
MRPL37	0.04507901896824	0.0251451520984087	0.966640009542247	0.0251451520984087
MRPL44	0.0450995452391288	0.0269296676098907	0.966640009542247	0.0269296676098907
PRUNE2	0.0451198995892794	-0.00657416904614458	0.966640009542247	-0.00657416904614458
VPS8	0.0451468368994447	-0.00823264590774107	0.966640009542247	-0.00823264590774107
C8orf37-AS1	0.0451994527871074	-0.0267455646619844	0.966640009542247	-0.0267455646619844
CBX3	0.0452155331311444	0.0175120196013604	0.966640009542247	0.0175120196013604
MRPS11	0.0452242362041133	-0.0179672213577747	0.966640009542247	-0.0179672213577747
TIMM10B	0.0452477478072191	0.0285270437176505	0.966640009542247	0.0285270437176505
ZFHX2-AS1	0.0454320963775225	-0.0176201634469548	0.967568339908612	-0.0176201634469548
SLC2A11	0.0454720055100469	0.0186484866174575	0.967568339908612	0.0186484866174575
RBBP5	0.0456237616086146	0.01665611299568	0.968280391544961	0.01665611299568
GUCD1	0.04580745185012	0.0284465499387403	0.968280391544961	0.0284465499387403
TRIM41	0.0462388750101935	0.0240538681828509	0.968280391544961	0.0240538681828509
TAB3	0.0463264431475317	0.0200227144850767	0.968280391544961	0.0200227144850767
MRTFB	0.046380562321881	0.0367874208238464	0.968280391544961	0.0367874208238464
RAB22A	0.0464977386907597	0.0146034262435144	0.968280391544961	0.0146034262435144
AAGAB	0.0465077564167751	-0.0207137863525807	0.968280391544961	-0.0207137863525807
FARS2	0.0465947255785182	-0.0112462876324337	0.968280391544961	-0.0112462876324337
AC099489.1	0.0466018554636499	-0.024766056278508	0.968280391544961	-0.024766056278508
DNAJA3	0.0467933424829868	0.0153911190691248	0.968280391544961	0.0153911190691248
C9orf153	0.0469253254855856	-0.0260703567611504	0.968280391544961	-0.0260703567611504
TAGLN	0.0470148498204127	0.0211191330768864	0.968280391544961	0.0211191330768864
TPD52L1	0.0472182081110424	-0.0394260792913228	0.968280391544961	-0.0394260792913228
ZNF891	0.0472604964308045	-0.0162568244757428	0.968280391544961	-0.0162568244757428
RORB	0.047320016318443	0.029712022466503	0.968280391544961	0.029712022466503
LDAH	0.0474266540984494	0.0196623480211081	0.968280391544961	0.0196623480211081
WDR89	0.0474896452272555	0.0197312398346183	0.968280391544961	0.0197312398346183
SMCHD1	0.0475724111560782	0.00947293311657831	0.968280391544961	0.00947293311657831
CUL2	0.0476907710433536	-0.0165303030783199	0.968280391544961	-0.0165303030783199
GPATCH11	0.047753302882159	-0.0217712993586059	0.968280391544961	-0.0217712993586059
DDX58	0.0477589678710446	-0.0212603594191353	0.968280391544961	-0.0212603594191353
SERGEF	0.0477683501164023	-0.0170751959695622	0.968280391544961	-0.0170751959695622
GPR137C	0.0478612830131133	-0.0110850070390261	0.968280391544961	-0.0110850070390261
ANKS1B	0.0478638677316576	0.00597921725548051	0.968280391544961	0.00597921725548051
KCNAB1	0.0481264400750054	0.0221535458508682	0.968280391544961	0.0221535458508682
ZNF821	0.0482008357742822	-0.020163250878396	0.968280391544961	-0.020163250878396
TSEN54	0.0482777937915038	0.0206365155691526	0.968280391544961	0.0206365155691526
PARP11	0.0482917904817114	0.0202578296040404	0.968280391544961	0.0202578296040404
AGGF1	0.048616395012623	0.0141842151711966	0.968280391544961	0.0141842151711966
PPIL3	0.0486188512615231	0.0230439696267641	0.968280391544961	0.0230439696267641
RPS6KB1	0.0486473729574228	0.0109352143463574	0.968280391544961	0.0109352143463574
ARID1A	0.0486543678319284	0.00782211405334412	0.968280391544961	0.00782211405334412
SWT1	0.0488148781361425	0.0115701814525228	0.968280391544961	0.0115701814525228
TAF6L	0.0488161872974599	0.0226924364274712	0.968280391544961	0.0226924364274712
DHX37	0.0488631254382571	-0.0230117407878704	0.968280391544961	-0.0230117407878704
GPATCH4	0.0489788954813589	-0.0317763987075266	0.968280391544961	-0.0317763987075266
KLHL12	0.0490496201015928	0.0185227054090629	0.968280391544961	0.0185227054090629
ATP8A1	0.0492848817937116	0.00605472309809134	0.968280391544961	0.00605472309809134
STARD3	0.0494547114163837	0.0145591910274858	0.968280391544961	0.0145591910274858
AZIN2	0.0494758731753612	0.0142893291851152	0.968280391544961	0.0142893291851152
GSKIP	0.0495241994487438	0.0206284108331588	0.968280391544961	0.0206284108331588
LINC02693	0.0495381452720445	-0.0361377599021784	0.968280391544961	-0.0361377599021784
TM7SF2	0.0496037968997232	0.0193129952382836	0.968280391544961	0.0193129952382836
CHAF1A	0.0496679676161449	0.0272611238300298	0.968280391544961	0.0272611238300298
WAC-AS1	0.0497267869185131	0.0174912487794451	0.968280391544961	0.0174912487794451
ECI2	0.0497278076907832	-0.0181724448061719	0.968280391544961	-0.0181724448061719
AP3B2	0.0497686744009847	-0.0382779359319676	0.968280391544961	-0.0382779359319676
PIGF	0.050030274297742	0.0161625974097673	0.968280391544961	0.0161625974097673
SLBP	0.0502515193216828	-0.0215661222912171	0.968280391544961	-0.0215661222912171
NAT9	0.0504004829988501	0.0217236014757784	0.968280391544961	0.0217236014757784
SLC66A2	0.0508532198761675	0.0175333279657052	0.968280391544961	0.0175333279657052
LINC00877	0.0509577650455387	0.0139871701748627	0.968280391544961	0.0139871701748627
NCOA1	0.0510158868422577	-0.00693873149657049	0.968280391544961	-0.00693873149657049
CELF2	0.0511851994510126	0.0346893348444514	0.968280391544961	0.0346893348444514
SRP72	0.0513788189828728	0.0145972222006223	0.968280391544961	0.0145972222006223
TANGO6	0.0514740529643424	0.0103330259360477	0.968280391544961	0.0103330259360477
TULP3	0.0514770715861817	0.0100684153391258	0.968280391544961	0.0100684153391258
AC104417.2	0.0514973954877001	0.0308742369140499	0.968280391544961	0.0308742369140499
RSU1	0.0515162195666153	0.0121002313861278	0.968280391544961	0.0121002313861278
PIGU	0.0516343247914653	0.0106414737490816	0.968280391544961	0.0106414737490816
HPS4	0.051710296708103	0.0133727445711374	0.968280391544961	0.0133727445711374
C11orf65	0.0517551071547977	0.0190683131180147	0.968280391544961	0.0190683131180147
OSBPL11	0.0518786957595956	-0.0190179273076096	0.968280391544961	-0.0190179273076096
FUT10	0.0518859881280444	0.0210624617761889	0.968280391544961	0.0210624617761889
ZNF213	0.0519696342067908	0.0275836433224135	0.968280391544961	0.0275836433224135
LINC02112	0.0519951592700611	-0.0372607515756972	0.968280391544961	-0.0372607515756972
DNAJC16	0.0520387353263975	0.0136269920699354	0.968280391544961	0.0136269920699354
ISY1	0.0520906598727711	-0.0222395591288637	0.968280391544961	-0.0222395591288637
SLCO1A2	0.0522049002293766	0.00743849849917051	0.968280391544961	0.00743849849917051
MFSD10	0.0524793264286339	0.0211354708303582	0.968280391544961	0.0211354708303582
NCLN	0.052504611829301	0.0179355358309585	0.968280391544961	0.0179355358309585
TBK1	0.0526129472619848	-0.0127286671924286	0.968280391544961	-0.0127286671924286
PIP4K2C	0.0528165475068676	-0.0310628979746993	0.968280391544961	-0.0310628979746993
ACSL6	0.053003274872029	-0.0395292474684895	0.968280391544961	-0.0395292474684895
ANGEL2	0.0531468584551423	-0.0131486386226043	0.968280391544961	-0.0131486386226043
HS1BP3	0.0534661892544096	-0.018579611730483	0.968280391544961	-0.018579611730483
SIRT1	0.0536071668211227	-0.0132310635309671	0.968280391544961	-0.0132310635309671
PTRH2	0.0537216185550385	0.0160755384474339	0.968280391544961	0.0160755384474339
TRIM62	0.0538731855029763	-0.0126775369496561	0.968280391544961	-0.0126775369496561
SLC25A25-AS1	0.0540036450256061	-0.0293732141733412	0.968280391544961	-0.0293732141733412
NSG2	0.0541308578482556	0.0425291408718817	0.968280391544961	0.0425291408718817
PPP1R14A	0.0541606077109014	0.0177272162262941	0.968280391544961	0.0177272162262941
DRG1	0.0542819177460796	-0.0135533578996709	0.968280391544961	-0.0135533578996709
THEMIS	0.05431376955401	-0.0278205757437105	0.968280391544961	-0.0278205757437105
LLGL2	0.0544234873000712	0.0156443474658952	0.968280391544961	0.0156443474658952
AC110285.1	0.0548224869753671	-0.0129129882300735	0.968280391544961	-0.0129129882300735
FBXO8	0.054944171544981	0.022979855477251	0.968280391544961	0.022979855477251
DTNBP1	0.0551321957230177	-0.0175696585079799	0.968280391544961	-0.0175696585079799
DENND6A	0.0551517769161381	0.0102083329885459	0.968280391544961	0.0102083329885459
RAB11B	0.0551618935873631	0.0142070753047332	0.968280391544961	0.0142070753047332
ABCF3	0.0552831270066004	-0.0311419305633968	0.968280391544961	-0.0311419305633968
FAM122B	0.055616645108918	0.0201764796283829	0.968280391544961	0.0201764796283829
IKBKB	0.0556735094549877	-0.0123775712795766	0.968280391544961	-0.0123775712795766
RPL7L1	0.0557227918084797	-0.0216064884142149	0.968280391544961	-0.0216064884142149
SEC22A	0.0558984197765967	-0.0121935274314278	0.968280391544961	-0.0121935274314278
GPANK1	0.0560695301469743	0.025875645590881	0.968280391544961	0.025875645590881
CDK2AP1	0.056151586197308	0.0206340616360416	0.968280391544961	0.0206340616360416
AC005225.3	0.0561574351087901	-0.0235123395451239	0.968280391544961	-0.0235123395451239
ANKRD13A	0.0561983856486722	0.0124998557380056	0.968280391544961	0.0124998557380056
WDR12	0.05634126084523	0.023346957117077	0.968280391544961	0.023346957117077
GHITM	0.0565015272053231	-0.0299564802476823	0.968280391544961	-0.0299564802476823
LINC00970	0.0566489168078756	-0.034693188797636	0.968280391544961	-0.034693188797636
XPR1	0.0566598000093808	-0.0153287793592896	0.968280391544961	-0.0153287793592896
AC092745.5	0.0567035868764073	-0.0234581634653172	0.968280391544961	-0.0234581634653172
MBD2	0.0567282336831123	-0.0130227652897002	0.968280391544961	-0.0130227652897002
AASDH	0.0567338581041739	0.0141884457591193	0.968280391544961	0.0141884457591193
ZNF429	0.0567844294326147	0.0144903341788552	0.968280391544961	0.0144903341788552
UXS1	0.0568330977538282	0.0236224262397059	0.968280391544961	0.0236224262397059
GTF3C4	0.0569067874421652	-0.0279692591780768	0.968280391544961	-0.0279692591780768
UBE2M	0.056939934046661	0.0313640895013083	0.968280391544961	0.0313640895013083
AKIRIN2	0.0569407092834748	0.0230585120949053	0.968280391544961	0.0230585120949053
AC106881.1	0.0570492214788719	-0.0308529990029962	0.968280391544961	-0.0308529990029962
POGZ	0.0571425920301455	0.00714302499867278	0.968280391544961	0.00714302499867278
AC068633.1	0.0571864047473601	-0.0289022785377483	0.968280391544961	-0.0289022785377483
PILRB	0.0572409233142358	0.0152800090255912	0.968280391544961	0.0152800090255912
CIB1	0.0572589891521707	0.0276985253955225	0.968280391544961	0.0276985253955225
C5orf15	0.0573109765961936	0.0181540831789264	0.968280391544961	0.0181540831789264
SHC4	0.0573150394285698	0.0126385991093281	0.968280391544961	0.0126385991093281
AL117381.1	0.0576155404717855	-0.048956872491777	0.968280391544961	-0.048956872491777
GKAP1	0.0576840998079809	0.0107260296092186	0.968280391544961	0.0107260296092186
MFSD1	0.057702890819885	-0.0189911381647184	0.968280391544961	-0.0189911381647184
FBL	0.0578377042354796	0.0277397018824826	0.968280391544961	0.0277397018824826
SLC8A1	0.0579651869827591	0.033578271112462	0.968280391544961	0.033578271112462
USE1	0.0580710269911801	0.0231790456557094	0.968280391544961	0.0231790456557094
ZNF804A	0.058157114412138	-0.0455771341308601	0.968280391544961	-0.0455771341308601
OSBPL2	0.0582515684353825	0.0158738030037979	0.968280391544961	0.0158738030037979
OCRL	0.0583550112298961	-0.0201514165940585	0.968280391544961	-0.0201514165940585
TSTD2	0.0583565510732159	-0.0174303795773894	0.968280391544961	-0.0174303795773894
AL035587.1	0.058618551390343	-0.0291527090330708	0.968280391544961	-0.0291527090330708
PLPPR2	0.0589818900031667	-0.0289721849823802	0.968280391544961	-0.0289721849823802
FAM126A	0.0589976226243992	0.0116042134023696	0.968280391544961	0.0116042134023696
ACAT1	0.059000817986008	0.0150404880606333	0.968280391544961	0.0150404880606333
CYTH3	0.059427396399962	-0.0246256548414088	0.968280391544961	-0.0246256548414088
SULT4A1	0.059491297380596	-0.0464312115447085	0.968280391544961	-0.0464312115447085
DDX19B	0.0595320868967232	0.0157354953629214	0.968280391544961	0.0157354953629214
NTRK2	0.0595648048062904	0.0148031848556076	0.968280391544961	0.0148031848556076
BAG1	0.0596198342988346	0.0248414917106428	0.968280391544961	0.0248414917106428
POLI	0.0597897625847968	0.0153343425174049	0.968280391544961	0.0153343425174049
AP1M1	0.0597953780240794	0.0182711511316311	0.968280391544961	0.0182711511316311
GALNT2	0.0598128197392967	-0.012482651215469	0.968280391544961	-0.012482651215469
AC107214.1	0.0601192647515839	0.0228023760323804	0.968280391544961	0.0228023760323804
CYTH2	0.0602598909147837	0.018378546971674	0.968280391544961	0.018378546971674
SASH1	0.0605283369917374	-0.00672078535226733	0.968280391544961	-0.00672078535226733
STARD7-AS1	0.0605492665255288	-0.0244142133605354	0.968280391544961	-0.0244142133605354
AC127502.2	0.0605802248840952	0.0249306271330437	0.968280391544961	0.0249306271330437
UBE2B	0.0605949433357163	-0.0101985857694354	0.968280391544961	-0.0101985857694354
ACTR1B	0.0608960208287758	-0.0175289787613208	0.968280391544961	-0.0175289787613208
LIMD1	0.0609420487728383	-0.0322299184397692	0.968280391544961	-0.0322299184397692
PDP1	0.0609543772209579	-0.0435659912815036	0.968280391544961	-0.0435659912815036
SKI	0.0609863300070862	-0.0119379175534204	0.968280391544961	-0.0119379175534204
THBS2	0.0610933194251864	0.0196581032509712	0.968280391544961	0.0196581032509712
TNFAIP1	0.0611743414209752	0.0222558677805139	0.968280391544961	0.0222558677805139
ANGPTL2	0.0612967786049541	0.0221869588383688	0.968280391544961	0.0221869588383688
TMEM41A	0.061302538340291	0.0269438612659258	0.968280391544961	0.0269438612659258
CIRBP	0.061311307933684	0.0125951661952733	0.968280391544961	0.0125951661952733
SPART	0.0613806619611893	0.00979272066446033	0.968280391544961	0.00979272066446033
POLR3GL	0.0613897291206102	-0.0248184831550045	0.968280391544961	-0.0248184831550045
SMARCA2	0.0614143697149536	-0.0117940061181788	0.968280391544961	-0.0117940061181788
SUCLG2-AS1	0.0615747595561907	0.0214800663503903	0.968280391544961	0.0214800663503903
GOLPH3	0.0615958442443261	-0.0115370549442732	0.968280391544961	-0.0115370549442732
NEIL2	0.0617423678909651	0.0290294946453283	0.968280391544961	0.0290294946453283
ATAD3B	0.062107066800517	0.0206169810785039	0.968280391544961	0.0206169810785039
C19orf18	0.0622522644747786	-0.0257363296956184	0.968280391544961	-0.0257363296956184
NDOR1	0.0622919406078222	-0.0212085359426709	0.968280391544961	-0.0212085359426709
NSF	0.0623615416901375	-0.0279057632174517	0.968280391544961	-0.0279057632174517
ZBTB38	0.0624064932406449	-0.0085673621424532	0.968280391544961	-0.0085673621424532
ZNF587B	0.0624889071948184	0.0180151379724626	0.968280391544961	0.0180151379724626
PCBP2	0.0626941800396786	-0.00887342032976458	0.968280391544961	-0.00887342032976458
LPXN	0.0629082897773688	0.0186961754018999	0.968280391544961	0.0186961754018999
ENDOG	0.0630635843808306	-0.0385442286799445	0.968280391544961	-0.0385442286799445
BX255925.3	0.0631331658844259	-0.0213107369917077	0.968280391544961	-0.0213107369917077
MKLN1	0.0632210853159524	-0.00639303856523933	0.968280391544961	-0.00639303856523933
FKBP1A	0.0632339198507839	-0.0268919325090369	0.968280391544961	-0.0268919325090369
RDH14	0.0634489680209329	0.0254217808865865	0.968280391544961	0.0254217808865865
PSMG4	0.0634749631376963	-0.0190776683864314	0.968280391544961	-0.0190776683864314
PI16	0.0635646491386883	0.0210286787928835	0.968280391544961	0.0210286787928835
KIAA0556	0.0636547958700346	-0.012750274135931	0.968280391544961	-0.012750274135931
SNRPG	0.0637791017993631	0.0223786156802552	0.968280391544961	0.0223786156802552
NUCKS1	0.0638548570356837	0.00666917466229428	0.968280391544961	0.00666917466229428
SMARCD3	0.0639385055553575	-0.0292480541593547	0.968280391544961	-0.0292480541593547
WDR45	0.0640986592200342	0.0157182349998435	0.968280391544961	0.0157182349998435
TOX3	0.0641076217165921	-0.0245692855216942	0.968280391544961	-0.0245692855216942
DOCK4	0.0641919931936355	-0.00517743917084542	0.968280391544961	-0.00517743917084542
ZNF337	0.0642148557298449	0.0150490371975926	0.968280391544961	0.0150490371975926
LMAN2	0.0642452711467814	0.0228403061837612	0.968280391544961	0.0228403061837612
RPS28	0.0642845203715231	0.0218357058018625	0.968280391544961	0.0218357058018625
RBSN	0.0644131235768162	0.0139352549178708	0.968280391544961	0.0139352549178708
MICU1	0.0644998648914654	0.00974739961418624	0.968280391544961	0.00974739961418624
TARS2	0.0645065462104302	0.0214341916534965	0.968280391544961	0.0214341916534965
LSG1	0.0645528974645331	-0.0185183758450561	0.968280391544961	-0.0185183758450561
NDUFS8	0.0645888937934635	-0.0253227198521249	0.968280391544961	-0.0253227198521249
AC092939.1	0.0646314634206226	0.0204383625258205	0.968280391544961	0.0204383625258205
ZFYVE19	0.0646821988388881	0.0200791059207729	0.968280391544961	0.0200791059207729
AUH	0.0647173783212103	-0.0087597569505495	0.968280391544961	-0.0087597569505495
ELMO1	0.0647217575415557	-0.00548543748415796	0.968280391544961	-0.00548543748415796
NAA60	0.0650335471829847	0.0180858540816431	0.968280391544961	0.0180858540816431
BMP8A	0.0650595988066854	-0.0325904976550855	0.968280391544961	-0.0325904976550855
JAK2	0.0650687823932738	-0.0165681245944457	0.968280391544961	-0.0165681245944457
FAM122C	0.0651841588385574	-0.0261292740242965	0.968280391544961	-0.0261292740242965
LLPH	0.0653275431566416	0.020441029249451	0.968280391544961	0.020441029249451
SDCBP2-AS1	0.0654140312082198	0.0194549829082336	0.968280391544961	0.0194549829082336
DRG2	0.06543578809758	-0.0198261824614956	0.968280391544961	-0.0198261824614956
SAT1	0.0655205318806537	-0.0318369632215655	0.968280391544961	-0.0318369632215655
PCNX1	0.0657601794620125	-0.00851968982423527	0.968280391544961	-0.00851968982423527
CLDND1	0.0658407039635451	0.0107772195823785	0.968280391544961	0.0107772195823785
FAM114A2	0.0662847872136214	0.0266788362726525	0.968280391544961	0.0266788362726525
ABCB8	0.0663063722262323	0.0184171484565155	0.968280391544961	0.0184171484565155
TMEM223	0.0663179670903766	-0.0285440139131147	0.968280391544961	-0.0285440139131147
ZBTB8A	0.0663416723399615	0.0146739869559165	0.968280391544961	0.0146739869559165
PPP1R2	0.0664267468770891	0.0196454408506675	0.968280391544961	0.0196454408506675
LRP12	0.0664677489008326	-0.0268546773430025	0.968280391544961	-0.0268546773430025
TRUB1	0.0668098938882248	0.0222984273049919	0.968280391544961	0.0222984273049919
EXOC2	0.0669581422706638	-0.00949325805403823	0.968280391544961	-0.00949325805403823
FMNL3	0.0670648723827458	-0.0178519135016522	0.968280391544961	-0.0178519135016522
KBTBD11	0.067123391618367	-0.0233879882785237	0.968280391544961	-0.0233879882785237
CFLAR	0.0671491787782404	-0.0100159027459119	0.968280391544961	-0.0100159027459119
ZNF582	0.0672090738553627	-0.0260704180074764	0.968280391544961	-0.0260704180074764
SLC25A32	0.0673405353717814	0.0151621162411687	0.968280391544961	0.0151621162411687
SNRNP40	0.067369969509373	0.0139621845552256	0.968280391544961	0.0139621845552256
RHBDL3	0.0674439677599463	-0.0253321226680585	0.968280391544961	-0.0253321226680585
AP3S2	0.0674688380308863	0.0119202786288005	0.968280391544961	0.0119202786288005
ZSWIM7	0.0675667420393215	0.0126301360232963	0.968280391544961	0.0126301360232963
KLHL23	0.0676307479729595	-0.0202214106914716	0.968280391544961	-0.0202214106914716
ZNF420	0.067705266018996	-0.0152067332138745	0.968280391544961	-0.0152067332138745
RASSF8-AS1	0.0677818405248463	0.0200598113868844	0.968280391544961	0.0200598113868844
CELSR3	0.0678281540523826	-0.0392446364887276	0.968280391544961	-0.0392446364887276
PCID2	0.0679861782730304	-0.0109790261723274	0.968280391544961	-0.0109790261723274
LINC00844	0.0680041735684155	0.0152078508057015	0.968280391544961	0.0152078508057015
KCNIP2	0.0680636582169445	0.0514708317445315	0.968280391544961	0.0514708317445315
AC019131.1	0.0681554520463868	0.0278392346758914	0.968280391544961	0.0278392346758914
CRB1	0.0683451597508852	0.0118954863028584	0.968280391544961	0.0118954863028584
LIMK1	0.0684187336294407	-0.0378752731733202	0.968280391544961	-0.0378752731733202
INO80C	0.068465469630689	0.0271698910857531	0.968280391544961	0.0271698910857531
TDP2	0.0684663224223671	-0.0188779355738238	0.968280391544961	-0.0188779355738238
TMSB4X	0.0685122914250957	0.0243182581709478	0.968280391544961	0.0243182581709478
RPS6KB2	0.0687711640799361	0.0193179811318417	0.968280391544961	0.0193179811318417
HAUS4	0.0688282545508253	0.0239139008270073	0.968280391544961	0.0239139008270073
NDRG3	0.0688297425588041	-0.015779472530478	0.968280391544961	-0.015779472530478
NIT1	0.0688572835136122	0.0216984832504184	0.968280391544961	0.0216984832504184
BSDC1	0.0689227196128662	-0.00966307336336512	0.968280391544961	-0.00966307336336512
FAM66C	0.0689234238455838	0.015082500691663	0.968280391544961	0.015082500691663
ATMIN	0.0689961723546371	0.0153460836007216	0.968280391544961	0.0153460836007216
AHCTF1	0.069016309495405	0.0133030998823002	0.968280391544961	0.0133030998823002
PIP4P2	0.0691026237561322	0.0147254810732161	0.968280391544961	0.0147254810732161
SEMA6D	0.0693150803291907	0.0107444071965806	0.968280391544961	0.0107444071965806
TENT4A	0.0693866501750201	-0.0136008079553221	0.968280391544961	-0.0136008079553221
MITD1	0.0694295133880449	0.0133312429769339	0.968280391544961	0.0133312429769339
TMEM140	0.0694631001682187	-0.0208289568847221	0.968280391544961	-0.0208289568847221
LINC00685	0.0695135300798013	0.0163280145793707	0.968280391544961	0.0163280145793707
SPATA5L1	0.0696462533477614	0.0201364550412288	0.968280391544961	0.0201364550412288
NUDT6	0.0697865453749099	0.0236467391923561	0.968280391544961	0.0236467391923561
AC034102.5	0.0698150848174771	0.0284547480305125	0.968280391544961	0.0284547480305125
AC051619.6	0.0698204871512463	-0.024623362595738	0.968280391544961	-0.024623362595738
MED29	0.0698368518484667	-0.0189400550478457	0.968280391544961	-0.0189400550478457
DNAJC13	0.069839074993438	-0.0118706173430141	0.968280391544961	-0.0118706173430141
MTOR	0.0698548712444312	-0.0127869414949463	0.968280391544961	-0.0127869414949463
RPN1	0.0698738645702019	0.0168986074752732	0.968280391544961	0.0168986074752732
NTM-AS1	0.0699310085636294	0.016142406690068	0.968280391544961	0.016142406690068
AC008505.1	0.0699843276236327	0.0228004034718723	0.968280391544961	0.0228004034718723
TM9SF1	0.0700634798117636	0.0242741100954086	0.968280391544961	0.0242741100954086
ANP32A	0.0701350194096227	0.0101535603257079	0.968280391544961	0.0101535603257079
BTF3	0.0702295413921547	0.0250227319622698	0.968280391544961	0.0250227319622698
ANKRD39	0.0702918939604252	-0.0223619013268825	0.968280391544961	-0.0223619013268825
ELP2	0.0703483450700734	-0.00933372081949868	0.968280391544961	-0.00933372081949868
RHOQ	0.0703504939622369	-0.01414432075373	0.968280391544961	-0.01414432075373
ZNF418	0.0704009765935508	0.0265963831741329	0.968280391544961	0.0265963831741329
AL645568.1	0.0704344693985388	0.012129845030003	0.968280391544961	0.012129845030003
DCAF11	0.0704984405735581	-0.0185731374802447	0.968280391544961	-0.0185731374802447
YPEL4	0.0705758212309014	0.017909570167563	0.968280391544961	0.017909570167563
ARFGAP3	0.0706138611557627	-0.0110742881611134	0.968280391544961	-0.0110742881611134
TMOD1	0.070633342840356	-0.0256110375115066	0.968280391544961	-0.0256110375115066
ZNF470	0.0707036539405653	-0.0247719819896572	0.968280391544961	-0.0247719819896572
ATG14	0.0707250429678636	0.0130385461469848	0.968280391544961	0.0130385461469848
TDRKH	0.0708105495648728	-0.0262296989529783	0.968280391544961	-0.0262296989529783
HGS	0.0709716269603335	-0.0147088879229398	0.968280391544961	-0.0147088879229398
TATDN3	0.0711931104042477	-0.0122171771843184	0.968280391544961	-0.0122171771843184
PPP2R3B	0.0712281216954269	-0.0172514058429094	0.968280391544961	-0.0172514058429094
SH3RF3	0.0712434723523731	-0.0415367478362852	0.968280391544961	-0.0415367478362852
BASP1	0.0712612600691442	0.0347956422236186	0.968280391544961	0.0347956422236186
RSL1D1	0.0715981964425703	0.0202810949798928	0.968280391544961	0.0202810949798928
CARS	0.0716398017866359	-0.0137445367720951	0.968280391544961	-0.0137445367720951
SRPK2	0.0717052313546808	-0.00520513216534063	0.968280391544961	-0.00520513216534063
IQCH-AS1	0.0717114876084213	-0.020660071548658	0.968280391544961	-0.020660071548658
H2AFY	0.0718262438608812	0.0121439093153141	0.968280391544961	0.0121439093153141
ZNF18	0.0718545159304818	0.0251996416619245	0.968280391544961	0.0251996416619245
ZNF234	0.0720421610537882	-0.0193859244345729	0.968280391544961	-0.0193859244345729
ZNF146	0.0720456319107595	-0.00983308703054388	0.968280391544961	-0.00983308703054388
FAM219A	0.0721180261570769	0.011556501020351	0.968280391544961	0.011556501020351
MOB1B	0.0722268826153357	-0.0321854074614918	0.968280391544961	-0.0321854074614918
PPP1R37	0.0722712046020923	-0.0202699431752041	0.968280391544961	-0.0202699431752041
CEP85L	0.0723259146025835	-0.00763815651391086	0.968280391544961	-0.00763815651391086
TMEM72-AS1	0.0724596055277337	0.0220157716380225	0.968280391544961	0.0220157716380225
FOXN2	0.0724606854304463	0.00764640163968591	0.968280391544961	0.00764640163968591
PDHB	0.0724635852642461	0.0258290769888435	0.968280391544961	0.0258290769888435
PPP3CB	0.0725663446693352	0.0151743129258013	0.968280391544961	0.0151743129258013
TYW5	0.0726324227218517	0.0153231391883994	0.968280391544961	0.0153231391883994
ZNF627	0.072665202920319	0.0172063005826497	0.968280391544961	0.0172063005826497
NAA20	0.0726917505588954	0.0206871597285966	0.968280391544961	0.0206871597285966
ZSCAN9	0.0728350697829762	0.02485420271238	0.968280391544961	0.02485420271238
KLHL2	0.0729188238591723	-0.0102968701950301	0.968280391544961	-0.0102968701950301
RBM33	0.0729550751292408	-0.00949851178118767	0.968280391544961	-0.00949851178118767
PGP	0.07315796974735	-0.0169864409662322	0.968280391544961	-0.0169864409662322
ATP5MG	0.0731661417025496	-0.0169431595519562	0.968280391544961	-0.0169431595519562
AC107032.2	0.0731955834294056	-0.0272936238411551	0.968280391544961	-0.0272936238411551
SAMD8	0.0733124322924513	0.0116402886089083	0.968280391544961	0.0116402886089083
MYO5B	0.073551542763104	-0.0262907298613428	0.968280391544961	-0.0262907298613428
ZEB1	0.0735748260172861	-0.0387737312486961	0.968280391544961	-0.0387737312486961
SUMF2	0.0736102057525463	0.0142182272626228	0.968280391544961	0.0142182272626228
B3GALNT2	0.0736292919330754	-0.016927503693598	0.968280391544961	-0.016927503693598
DPP6	0.0736313414447143	0.0130012078107793	0.968280391544961	0.0130012078107793
XRN2	0.0736410575275715	-0.0103632278199831	0.968280391544961	-0.0103632278199831
MZT1	0.0738283397165446	-0.0339021652480156	0.968796331034636	-0.0339021652480156
YES1	0.0743004043339747	0.0158620661646204	0.968796331034636	0.0158620661646204
WDR41	0.0743644360739109	-0.0117518764382496	0.968796331034636	-0.0117518764382496
RNF141	0.0744028847022986	0.0132851123819552	0.968796331034636	0.0132851123819552
ANKFY1	0.0744221991514877	-0.0107728386608185	0.968796331034636	-0.0107728386608185
LMNA	0.0744505945092978	-0.0121629995184538	0.968796331034636	-0.0121629995184538
MUC20	0.0746463247119505	-0.0212656017876571	0.968796331034636	-0.0212656017876571
AL391684.1	0.0746915426254074	-0.0236417174831175	0.968796331034636	-0.0236417174831175
SNRK	0.0748540553542619	-0.0207841020038877	0.968796331034636	-0.0207841020038877
BCLAF3	0.0748633679533933	0.0127185704858179	0.968796331034636	0.0127185704858179
ZNF248	0.0749765285132101	0.0104224836090366	0.968796331034636	0.0104224836090366
CEP95	0.0749915830172515	-0.0121886225002021	0.968796331034636	-0.0121886225002021
TMUB2	0.0750305527277623	0.0185831918604685	0.968796331034636	0.0185831918604685
DOT1L	0.0752136144890206	0.0153336605336865	0.968796331034636	0.0153336605336865
AL162390.1	0.0752234807238811	0.0259787525229138	0.968796331034636	0.0259787525229138
AL158077.2	0.0752733078514229	0.0124673134272119	0.968796331034636	0.0124673134272119
LARS	0.0752866929835198	0.00904958339629607	0.968796331034636	0.00904958339629607
PTPN23	0.0753095905279657	0.0150114442017314	0.968796331034636	0.0150114442017314
NUP160	0.0754448671921007	-0.0101158405450414	0.969371444846403	-0.0101158405450414
ATPSCKMT	0.0760228846336207	0.0167771876855758	0.972210535978026	0.0167771876855758
AC025682.1	0.076059907540703	0.0139923256655176	0.972210535978026	0.0139923256655176
PTPA	0.0760875461240658	0.013212698665697	0.972210535978026	0.013212698665697
PSMD2	0.0761154030324678	0.0220372901917107	0.972210535978026	0.0220372901917107
EBLN2	0.0761549763200396	0.0227386186052604	0.972210535978026	0.0227386186052604
ABHD18	0.0763284715557632	0.0116269795249711	0.972210535978026	0.0116269795249711
ERN1	0.0764208953326573	-0.0258777825018556	0.972210535978026	-0.0258777825018556
MAVS	0.0764591974960388	0.012087995976283	0.972210535978026	0.012087995976283
PITPNA	0.0764833477803884	0.0198419549861687	0.972210535978026	0.0198419549861687
PNMA1	0.0765806327172106	-0.0396294022074845	0.972292422268452	-0.0396294022074845
EIF4G2	0.076834439105424	-0.0175667940697084	0.973374968798661	-0.0175667940697084
ITGB5	0.0770022314721561	-0.0248567685215736	0.973374968798661	-0.0248567685215736
PANK3	0.0772814522622761	0.014213795619266	0.973374968798661	0.014213795619266
LINC02193	0.0773242963987796	0.0270810857138737	0.973374968798661	0.0270810857138737
DIPK1A	0.0776303573962045	-0.00698052632992096	0.973374968798661	-0.00698052632992096
NAALADL2	0.0776895540299898	0.0110373615555916	0.973374968798661	0.0110373615555916
TMEM250	0.0777544207495657	0.0277325431986062	0.973374968798661	0.0277325431986062
NAA30	0.0778528756721234	0.0217791557199546	0.973374968798661	0.0217791557199546
LRRTM2	0.0780599421263133	-0.0216523181916272	0.973374968798661	-0.0216523181916272
ABCC5	0.0781489964792947	0.0107086427306502	0.973374968798661	0.0107086427306502
VPS13B-DT	0.0784277659527653	-0.0140525977517215	0.973374968798661	-0.0140525977517215
NIFK-AS1	0.0785860402386955	-0.0122249596016478	0.973374968798661	-0.0122249596016478
DET1	0.0785940203978108	0.0189731643088072	0.973374968798661	0.0189731643088072
TBXAS1	0.0787780934914195	-0.0305830677961247	0.973374968798661	-0.0305830677961247
ZBTB8OS	0.0788557662724888	0.00960581594387048	0.973374968798661	0.00960581594387048
BAG6	0.078873858767826	0.0173873806454522	0.973374968798661	0.0173873806454522
ADAM15	0.078936897661994	0.0165959365667716	0.973374968798661	0.0165959365667716
FAM13C	0.0789934024550226	0.00751719303987375	0.973374968798661	0.00751719303987375
STK40	0.0791051516542249	-0.0178584252138692	0.973374968798661	-0.0178584252138692
MBTPS1	0.0791709292337227	0.0118047599667641	0.973374968798661	0.0118047599667641
PRRC2C	0.0791835811612542	-0.0120576413782479	0.973374968798661	-0.0120576413782479
AFG3L2	0.0792320990960319	-0.017372609523541	0.973374968798661	-0.017372609523541
FAM204A	0.0793347341110694	0.0159848517994222	0.973374968798661	0.0159848517994222
ZMPSTE24	0.0795481199016689	0.0147652465781848	0.973374968798661	0.0147652465781848
RUNDC3B	0.07962975759664	0.0393840396951163	0.973374968798661	0.0393840396951163
AC068308.1	0.0797378341700206	-0.0290648344222629	0.973374968798661	-0.0290648344222629
AGPS	0.0797763339587129	-0.0112239106354725	0.973374968798661	-0.0112239106354725
GRIK1	0.0800639340652847	0.0323228022596798	0.973374968798661	0.0323228022596798
ARHGAP21	0.0801138315095696	-0.00524049403248356	0.973374968798661	-0.00524049403248356
KIAA2026	0.0803583764697206	-0.00691498711756934	0.973374968798661	-0.00691498711756934
PALM	0.0804841241633319	-0.034207526799482	0.973374968798661	-0.034207526799482
TMEM170A	0.0804926672251515	0.0146528856196744	0.973374968798661	0.0146528856196744
AP5Z1	0.0806019748479725	0.0146456463890232	0.973374968798661	0.0146456463890232
SCARB2	0.0806240024666526	0.00794104501232673	0.973374968798661	0.00794104501232673
SLC12A9	0.0806943948870432	0.0123682764878292	0.973374968798661	0.0123682764878292
FUNDC2	0.0807089881726398	-0.0246762679081854	0.973374968798661	-0.0246762679081854
SGO1-AS1	0.0809090936107007	0.0170978943311105	0.973374968798661	0.0170978943311105
GEMIN5	0.0810848273687595	-0.0150596322059065	0.973374968798661	-0.0150596322059065
PPFIBP2	0.0811176502329072	-0.0110629153289045	0.973374968798661	-0.0110629153289045
PXN-AS1	0.0814324270374978	0.0187051252937775	0.973374968798661	0.0187051252937775
GLO1	0.0814775838591668	-0.0153384878856915	0.973374968798661	-0.0153384878856915
TPM4	0.0815180247298985	0.0124166234369472	0.973374968798661	0.0124166234369472
ZXDC	0.0817482087025257	-0.00782772415883769	0.973374968798661	-0.00782772415883769
LENG8	0.0818140870299885	0.0113883583253285	0.973374968798661	0.0113883583253285
GMEB1	0.0818431600737662	0.0174273861141233	0.973374968798661	0.0174273861141233
MAIP1	0.0819933854823497	-0.0162485605873701	0.973374968798661	-0.0162485605873701
AC138627.1	0.0821779475051321	0.0138044766919424	0.973374968798661	0.0138044766919424
FKBP5	0.0821982724382295	-0.0136971284329456	0.973374968798661	-0.0136971284329456
ADGRF3	0.0822192628855389	-0.0306812739220087	0.973374968798661	-0.0306812739220087
FAM98C	0.0822879993414335	0.0194794770581256	0.973374968798661	0.0194794770581256
PIAS4	0.0823030842018734	0.012143601436483	0.973374968798661	0.012143601436483
CENPP	0.082431642360128	-0.0130420621048648	0.973374968798661	-0.0130420621048648
LZTS3	0.0824446739889325	-0.0319019812718383	0.973374968798661	-0.0319019812718383
PIP4K2A	0.0825543012264744	-0.00485432521314255	0.973374968798661	-0.00485432521314255
NR1H2	0.0825636632297368	0.0127957852171604	0.973374968798661	0.0127957852171604
VRK1	0.0828940482618093	0.0150620290013629	0.973374968798661	0.0150620290013629
NELL1	0.0829703444749708	-0.0418848319696122	0.973374968798661	-0.0418848319696122
HDAC3	0.0830161826475282	-0.0152390537889191	0.973374968798661	-0.0152390537889191
AC046134.2	0.0830769909027763	0.0090069525624344	0.973374968798661	0.0090069525624344
MROH1	0.083079399282978	-0.0340793509076116	0.973374968798661	-0.0340793509076116
WDR13	0.0831302188546635	-0.015812534478741	0.973374968798661	-0.015812534478741
VPS53	0.0831669723577895	-0.00836187799030285	0.973374968798661	-0.00836187799030285
UFD1	0.0831933688826234	-0.0146109974744259	0.973374968798661	-0.0146109974744259
LUCAT1	0.0832800071119637	-0.0297042029738051	0.973374968798661	-0.0297042029738051
AL603839.3	0.0833627678278317	0.015684735051172	0.973374968798661	0.015684735051172
ZNF680	0.0834905558804605	-0.0137328063675876	0.973374968798661	-0.0137328063675876
DGLUCY	0.0836635026617487	-0.0114463501488774	0.973374968798661	-0.0114463501488774
ZNF639	0.0836655718273869	0.0230856948359416	0.973374968798661	0.0230856948359416
ATP7A	0.0838263152651202	0.0261001944891384	0.973374968798661	0.0261001944891384
ZNF395	0.0838399893176464	-0.0221801466088237	0.973374968798661	-0.0221801466088237
AC090517.5	0.084159266869208	0.00962559276688964	0.973374968798661	0.00962559276688964
AC008438.1	0.0841688503400309	0.0126168666564561	0.973374968798661	0.0126168666564561
MIS18A	0.0841871024185081	0.0256479217384987	0.973374968798661	0.0256479217384987
RCOR1	0.0842128185090676	-0.0171512550653213	0.973374968798661	-0.0171512550653213
C14orf93	0.0842207488253417	-0.0252414581883343	0.973374968798661	-0.0252414581883343
NAPA	0.0843786655776184	0.0118265864105618	0.973374968798661	0.0118265864105618
LASP1	0.0843880297727468	-0.0257052841769162	0.973374968798661	-0.0257052841769162
SEC13	0.0845740137194366	-0.0169043662632134	0.973374968798661	-0.0169043662632134
CRK	0.0845911921803586	0.0114174461697952	0.973374968798661	0.0114174461697952
STRAP	0.0846610124958075	-0.0220505022020181	0.973374968798661	-0.0220505022020181
KIAA0895L	0.0849182039005877	0.0185134556280133	0.973374968798661	0.0185134556280133
CHMP2B	0.0850038949098728	0.0172369816398621	0.973374968798661	0.0172369816398621
ITM2C	0.0850722429926499	-0.0352473641487722	0.973374968798661	-0.0352473641487722
SLC2A1-AS1	0.0852233088356662	0.0279218465030093	0.973374968798661	0.0279218465030093
ATP6AP1L	0.0852464046048215	0.0118043016355319	0.973374968798661	0.0118043016355319
SLTM	0.0853306058135604	0.00764803143691394	0.973374968798661	0.00764803143691394
PROX1	0.0853981715455146	0.00906024261684137	0.973374968798661	0.00906024261684137
AC113383.1	0.085533123290269	0.0176685239806735	0.973374968798661	0.0176685239806735
TIPIN	0.0855363080739559	0.0173423480762834	0.973374968798661	0.0173423480762834
KRR1	0.0855388894261825	-0.0167836296802254	0.973374968798661	-0.0167836296802254
HSP90B1	0.0857672723951931	0.0172499189333272	0.973374968798661	0.0172499189333272
TIA1	0.0858137067439423	0.0130176289495278	0.973374968798661	0.0130176289495278
PAFAH1B2	0.0858439897939891	0.00960157433801005	0.973374968798661	0.00960157433801005
NUDT16	0.0859492862842958	-0.0265484257236159	0.973374968798661	-0.0265484257236159
KIF9-AS1	0.0860318864658016	0.0119543489786287	0.973374968798661	0.0119543489786287
PLEKHB2	0.0860752119616569	0.016070642835183	0.973374968798661	0.016070642835183
ANAPC2	0.0861376303882818	0.0186648203175514	0.973374968798661	0.0186648203175514
CADPS2	0.0861543220299776	0.038508107160589	0.973374968798661	0.038508107160589
PDXDC1	0.0861628461485689	0.0124793140449107	0.973374968798661	0.0124793140449107
C3orf35	0.0862241559443418	-0.0221575538413932	0.973374968798661	-0.0221575538413932
ZBED3-AS1	0.0862309257139783	0.0113601956529581	0.973374968798661	0.0113601956529581
SLC5A11	0.0863547429291111	-0.0107529161301294	0.973374968798661	-0.0107529161301294
ZMYND8	0.0864867307709697	-0.00721732724304695	0.973374968798661	-0.00721732724304695
INO80D	0.086577184272668	-0.010231500181227	0.973374968798661	-0.010231500181227
TEPSIN	0.0866290355751845	0.0238361920393958	0.973374968798661	0.0238361920393958
BRAP	0.0866553327505303	0.0126048524918126	0.973374968798661	0.0126048524918126
ATL3	0.0867680623215584	-0.0132538737655331	0.973374968798661	-0.0132538737655331
HEXB	0.0867857632783774	-0.016877071592097	0.973374968798661	-0.016877071592097
SLC6A9	0.0868610394232623	0.0140651353678238	0.973374968798661	0.0140651353678238
BICRAL	0.0870223849435867	0.00757941339315924	0.973374968798661	0.00757941339315924
KIF5B	0.0870296197591579	-0.00829500207649811	0.973374968798661	-0.00829500207649811
DCTN5	0.087128932756395	-0.0153543066697241	0.973374968798661	-0.0153543066697241
FBXO32	0.0871698229925633	-0.0116506352803544	0.973374968798661	-0.0116506352803544
TBC1D17	0.0872391011884474	-0.0107618588108832	0.973374968798661	-0.0107618588108832
SUPT16H	0.0874017786928215	0.0138782241495196	0.973374968798661	0.0138782241495196
MED7	0.0874264371256192	-0.0353343084576947	0.973374968798661	-0.0353343084576947
AP2A1	0.0876537034554919	0.0118672363403651	0.973374968798661	0.0118672363403651
PPP3CA	0.0881935206545246	0.0182588294364528	0.973374968798661	0.0182588294364528
TUBGCP5	0.0882310725072376	0.0131088514418638	0.973374968798661	0.0131088514418638
LYG1	0.0884239652755221	-0.0232552303786586	0.973374968798661	-0.0232552303786586
MTAP	0.0884770009439974	-0.00929144807869262	0.973374968798661	-0.00929144807869262
CDK5RAP3	0.0885476149896026	0.0144216104741165	0.973374968798661	0.0144216104741165
GPATCH2	0.0886276826639074	-0.0170443986956136	0.973374968798661	-0.0170443986956136
MED8	0.0888616434094338	0.0238421463066837	0.973374968798661	0.0238421463066837
ZNF862	0.0889484909017443	0.0117724842878887	0.973374968798661	0.0117724842878887
STYXL1	0.0889649959514107	0.0118286347425682	0.973374968798661	0.0118286347425682
PARK7	0.0889742440740602	-0.0232567768296037	0.973374968798661	-0.0232567768296037
EIF2S1	0.0889759479419664	0.0137160756067153	0.973374968798661	0.0137160756067153
CTDSP2	0.0890830854907632	0.0108074633127521	0.973374968798661	0.0108074633127521
PRCP	0.0892615313182868	0.0251406608553349	0.973374968798661	0.0251406608553349
AP000721.2	0.0893082527664337	0.0146955477515375	0.973374968798661	0.0146955477515375
RTKN	0.0894054888461904	-0.00930298051515574	0.973374968798661	-0.00930298051515574
SGMS1	0.0894474479093569	-0.00632726643123748	0.973374968798661	-0.00632726643123748
SDHAF4	0.0895323928155322	-0.026405024716472	0.973374968798661	-0.026405024716472
PGD	0.0895655251259287	0.0178985652259049	0.973374968798661	0.0178985652259049
BIVM	0.0895948787751047	0.0166836117632935	0.973374968798661	0.0166836117632935
PML	0.0896491661974036	-0.0238246623366209	0.973374968798661	-0.0238246623366209
NECAP1	0.0896637510495757	-0.0211948930165409	0.973374968798661	-0.0211948930165409
METAP1D	0.0896836003803306	0.0160494401181642	0.973374968798661	0.0160494401181642
TPMT	0.0897883238065638	0.0231474610306724	0.973374968798661	0.0231474610306724
ATXN1L	0.0898914715105366	-0.0240612005556669	0.973374968798661	-0.0240612005556669
C6orf226	0.0900017833476438	0.031131946061019	0.973374968798661	0.031131946061019
GRN	0.0900146565209197	0.0192920079863361	0.973374968798661	0.0192920079863361
KCNH1	0.0901025846638604	0.0177640212248814	0.973374968798661	0.0177640212248814
ZNF699	0.090321680264406	0.0259380587023845	0.973374968798661	0.0259380587023845
WDR92	0.0904036730230315	0.0160105536903427	0.973374968798661	0.0160105536903427
LITAF	0.0904438137447795	0.00981767762331598	0.973374968798661	0.00981767762331598
SUCLA2	0.090646000861486	-0.013739178818793	0.973374968798661	-0.013739178818793
UCHL5	0.0910208702901696	-0.0190674838655226	0.973374968798661	-0.0190674838655226
RAD23B	0.0910252390848754	-0.0111141093803551	0.973374968798661	-0.0111141093803551
INTS13	0.0913181589663403	0.017080409711973	0.973374968798661	0.017080409711973
RASSF2	0.0914451543397917	-0.00963720710007066	0.973374968798661	-0.00963720710007066
TRIP12	0.0915503766732389	0.00694793744790595	0.973374968798661	0.00694793744790595
PPP1R10	0.0915602331597296	-0.0122511274386883	0.973374968798661	-0.0122511274386883
ZNF260	0.0916914551570147	0.0156673886227855	0.973374968798661	0.0156673886227855
SH3BGRL	0.091858890066581	-0.0142327398619353	0.973374968798661	-0.0142327398619353
RNF130	0.0919443118090085	-0.00563349182170131	0.973374968798661	-0.00563349182170131
DRD4	0.0920021583535837	-0.036624034012965	0.973374968798661	-0.036624034012965
HELB	0.0920456638689795	0.0212780826518265	0.973374968798661	0.0212780826518265
TOGARAM1	0.0920717848615773	0.00706019127241194	0.973374968798661	0.00706019127241194
SNAPIN	0.0923312883869187	0.029273458616667	0.973374968798661	0.029273458616667
DGCR2	0.0923917123601729	0.0117190343086042	0.973374968798661	0.0117190343086042
DNAAF5	0.0924645909250503	-0.0212903576225135	0.973374968798661	-0.0212903576225135
HS6ST1	0.0925037526921395	-0.0155785280601289	0.973374968798661	-0.0155785280601289
RBX1	0.0925160937387513	0.0112562040981101	0.973374968798661	0.0112562040981101
LRP1B	0.0925620523084884	0.0144351134271212	0.973374968798661	0.0144351134271212
STK10	0.0926550971040795	0.0183271660110546	0.973374968798661	0.0183271660110546
EDF1	0.0926608410317704	0.0209972811939172	0.973374968798661	0.0209972811939172
SLC35A3	0.0926665060489646	0.0145807149086633	0.973374968798661	0.0145807149086633
ZNF335	0.0927159301218589	-0.0168256648460405	0.973374968798661	-0.0168256648460405
PSMD4	0.0928630584359252	-0.0135117277977717	0.973374968798661	-0.0135117277977717
RBM48	0.0929604309121605	-0.0142253892465878	0.973374968798661	-0.0142253892465878
TTF1	0.0929697308336778	-0.0142177560388057	0.973374968798661	-0.0142177560388057
PMF1	0.0931372800996572	0.0138886787955853	0.973374968798661	0.0138886787955853
PLA2G4B	0.0934106682907189	0.0211852362390154	0.973374968798661	0.0211852362390154
PALM2-AKAP2	0.0934580459789502	-0.00670094861841021	0.973374968798661	-0.00670094861841021
SNX8	0.0935005212444077	0.0172050297756804	0.973374968798661	0.0172050297756804
PNPLA2	0.0935595561558503	0.0214484712622626	0.973374968798661	0.0214484712622626
ADAM19	0.0936064607602441	-0.0137109439073054	0.973374968798661	-0.0137109439073054
AC018362.1	0.0936122831826344	-0.0212284914865816	0.973374968798661	-0.0212284914865816
RPIA	0.0936643496905967	0.0204522037855519	0.973374968798661	0.0204522037855519
TMEM130	0.0936686402223827	-0.0393414800853962	0.973374968798661	-0.0393414800853962
SH3BP5L	0.0936781430132788	0.0184036543518265	0.973374968798661	0.0184036543518265
LRMDA	0.0938163569915307	-0.0287466143697935	0.973374968798661	-0.0287466143697935
XPA	0.0938813558840129	0.00896708910931784	0.973374968798661	0.00896708910931784
PIEZO1	0.093894888591332	-0.0308504982424725	0.973374968798661	-0.0308504982424725
MARCH6	0.0938952497580459	-0.00778032946674419	0.973374968798661	-0.00778032946674419
AL513550.1	0.0940271087357834	0.0208471424288555	0.973374968798661	0.0208471424288555
KIAA0100	0.0941248357033273	-0.0161666712020918	0.973374968798661	-0.0161666712020918
BCL2L13	0.0941326163462819	0.00994712666671803	0.973374968798661	0.00994712666671803
AC025283.2	0.0941360673107776	0.0156611118415458	0.973374968798661	0.0156611118415458
DMWD	0.094139152472918	-0.0168578783371206	0.973374968798661	-0.0168578783371206
CNNM3	0.0942584341307547	0.012832826237931	0.973374968798661	0.012832826237931
ABHD10	0.0943959564485529	0.0193738264427619	0.973374968798661	0.0193738264427619
LAMTOR3	0.0944000016456144	0.0215566154531454	0.973374968798661	0.0215566154531454
LSM14B	0.0948229838974564	0.0177483129810524	0.976795376953297	0.0177483129810524
PHF3	0.0951059904089751	-0.00820329870536529	0.977603394810378	-0.00820329870536529
PDCD4	0.0953650085186099	0.0109458117580913	0.977603394810378	0.0109458117580913
ARHGEF11	0.0954418116169701	-0.0102959162688563	0.977603394810378	-0.0102959162688563
PPAT	0.0954548005037309	0.0256571645658154	0.977603394810378	0.0256571645658154
EEF1E1	0.0954627095988417	0.0160451511923147	0.977603394810378	0.0160451511923147
IFNG-AS1	0.0954878778985681	0.0240790362141358	0.977603394810378	0.0240790362141358
AC073343.2	0.0955407970635948	-0.0239799954950779	0.977603394810378	-0.0239799954950779
CASC4	0.0956815961507685	-0.00667308709902843	0.977644856412239	-0.00667308709902843
SLC8A3	0.0957959221915786	0.0324959062658152	0.977644856412239	0.0324959062658152
SHANK3	0.0960539948355473	-0.0164349083944659	0.977644856412239	-0.0164349083944659
TANC2	0.0960946634792605	-0.0100453363163212	0.977644856412239	-0.0100453363163212
TFCP2	0.0962361781150223	0.00854551641206076	0.977644856412239	0.00854551641206076
CARF	0.0962960051579965	0.00948494066776636	0.977644856412239	0.00948494066776636
TMEM138	0.0963238659627827	0.0252195270112793	0.977644856412239	0.0252195270112793
GTF2H1	0.0963546506276676	0.0123004934832394	0.977644856412239	0.0123004934832394
LINC01089	0.0964949314074322	0.013548429930965	0.977644856412239	0.013548429930965
EIF3I	0.0966432533508475	-0.0312397547234489	0.977644856412239	-0.0312397547234489
NUDT3	0.0966888773212627	-0.0180118652724256	0.977644856412239	-0.0180118652724256
COA5	0.0966953831546209	0.0167031807665533	0.977644856412239	0.0167031807665533
AC073342.1	0.0967507611321518	0.0158778852785286	0.977644856412239	0.0158778852785286
ZBTB44-DT	0.0968793526085307	-0.0238370787998431	0.977644856412239	-0.0238370787998431
SRPK3	0.0969571906066214	-0.0172301105757284	0.977644856412239	-0.0172301105757284
TM9SF4	0.0970063381771278	0.00958662127625833	0.977644856412239	0.00958662127625833
C15orf40	0.0971366170163387	-0.0165737465830461	0.978036887982948	-0.0165737465830461
AL109811.2	0.0973747611553932	0.019996715575389	0.979088422182327	0.019996715575389
GGNBP2	0.0974393414931013	0.00917972191271235	0.979088422182327	0.00917972191271235
PICK1	0.0975259359601066	-0.0125802076082838	0.979088422182327	-0.0125802076082838
SMIM26	0.0978171469733925	0.0294076555021566	0.979088422182327	0.0294076555021566
RLF	0.0981764801318945	-0.009520027672737	0.979088422182327	-0.009520027672737
GRB10	0.0982896554098475	-0.00802203944682073	0.979088422182327	-0.00802203944682073
C11orf54	0.0982928993892204	0.011723957815271	0.979088422182327	0.011723957815271
ZNF333	0.0983169093450364	0.0125229796046955	0.979088422182327	0.0125229796046955
THAP12	0.0984882319127641	-0.0177822930606169	0.979088422182327	-0.0177822930606169
FBXL2	0.0985761294747925	-0.0301983980265257	0.979088422182327	-0.0301983980265257
Z94721.1	0.0987014255052514	0.0195856322093498	0.979088422182327	0.0195856322093498
ATAT1	0.0987710880713893	0.0156436412871351	0.979088422182327	0.0156436412871351
KCTD5	0.098901453340492	0.0207673367945294	0.979088422182327	0.0207673367945294
RBMS2	0.0991357225382585	-0.0181577013994476	0.979088422182327	-0.0181577013994476
BECN1	0.0991516529763749	-0.0176218655446615	0.979088422182327	-0.0176218655446615
TRAPPC12	0.0993659917957734	-0.0093907814140469	0.979088422182327	-0.0093907814140469
MINDY2	0.0994636089378639	-0.0078527583828982	0.979088422182327	-0.0078527583828982
GNA12	0.0996388376562455	0.0124277563015274	0.979088422182327	0.0124277563015274
IFIT5	0.0996674960441575	-0.0287679080760226	0.979088422182327	-0.0287679080760226
AL391840.1	0.0997250898476645	0.0185598907640544	0.979088422182327	0.0185598907640544
MRPL21	0.099834657469443	-0.0281386911298418	0.979088422182327	-0.0281386911298418
CDKL1	0.0998544547523166	-0.0129953673066696	0.979088422182327	-0.0129953673066696
IFT74	0.0998835778790763	0.0127301939829405	0.979088422182327	0.0127301939829405
DHX57	0.0999692875383335	0.014598098088811	0.979088422182327	0.014598098088811
UBE2K	0.0999903424753324	0.00744231157656952	0.979088422182327	0.00744231157656952
AC004690.2	0.0999961327730143	0.0149598860575561	0.979088422182327	0.0149598860575561
LINC01285	0.100018122853062	0.0142291046835603	0.979088422182327	0.0142291046835603
AC100786.1	0.100286090765045	0.0251858714329981	0.979088422182327	0.0251858714329981
PTPRK	0.100299457243205	0.00476777277646963	0.979088422182327	0.00476777277646963
TRPC5	0.100332156695034	-0.0294408573410156	0.979088422182327	-0.0294408573410156
ZNF211	0.100346485309343	0.0248437867145755	0.979088422182327	0.0248437867145755
MANF	0.100666916463852	0.0249186437277729	0.979088422182327	0.0249186437277729
TK2	0.100737022099803	0.0128525142921579	0.979088422182327	0.0128525142921579
RPS3A	0.10081082702418	-0.0241412806923769	0.979088422182327	-0.0241412806923769
LINC01608	0.100832503105519	0.00740723953991993	0.979088422182327	0.00740723953991993
CREG2	0.10094819117468	-0.0232323311659967	0.979088422182327	-0.0232323311659967
RNF5	0.10095221542015	-0.0331304980903736	0.979088422182327	-0.0331304980903736
UPK3BL1	0.101083731807017	0.0237524219717891	0.979088422182327	0.0237524219717891
CLK4	0.101207141893343	0.0118900071004658	0.979088422182327	0.0118900071004658
ERCC1	0.101451466109159	0.0194280688764047	0.979088422182327	0.0194280688764047
CTNND1	0.101525849527646	0.00871087509440899	0.979088422182327	0.00871087509440899
PCDH1	0.101532926961153	0.0225323231652925	0.979088422182327	0.0225323231652925
AL035458.2	0.101663474875486	-0.0182018191107524	0.979088422182327	-0.0182018191107524
PRAM1	0.101717219220492	-0.0271302131016957	0.979088422182327	-0.0271302131016957
CNNM2	0.101761398442706	0.00697713762045619	0.979088422182327	0.00697713762045619
GTF2H2C	0.101828807847067	0.0276303708246164	0.979088422182327	0.0276303708246164
ZNF385D	0.101935296763904	0.0324074431380171	0.979088422182327	0.0324074431380171
SALL1	0.10203541019431	0.0153647374479993	0.979088422182327	0.0153647374479993
CTPS2	0.102220441209965	-0.0132800270919109	0.979088422182327	-0.0132800270919109
ANKRD27	0.10236032927787	-0.0150756852403286	0.979088422182327	-0.0150756852403286
CSGALNACT2	0.102420675687455	0.0101718929241433	0.979088422182327	0.0101718929241433
AL078590.2	0.102499566608915	0.0122459351637954	0.979088422182327	0.0122459351637954
JADE3	0.102569883820925	-0.0150271141436434	0.979088422182327	-0.0150271141436434
ATP11B	0.10277560778683	0.00851986715416655	0.979088422182327	0.00851986715416655
LINC01102	0.102979096717275	0.0166635306931	0.979088422182327	0.0166635306931
AC017050.1	0.102991012340095	-0.0171457624237766	0.979088422182327	-0.0171457624237766
INF2	0.103064768100189	0.00962773738176647	0.979088422182327	0.00962773738176647
AC021127.1	0.103198005439109	-0.0222001646377952	0.979088422182327	-0.0222001646377952
YOD1	0.103225560242101	0.0191550570915891	0.979088422182327	0.0191550570915891
ZBTB44	0.103253296437544	-0.00699839470481839	0.979088422182327	-0.00699839470481839
CLCN6	0.103292266957768	-0.0120873310739691	0.979088422182327	-0.0120873310739691
L3MBTL1	0.103314791468711	-0.0101303342197026	0.979088422182327	-0.0101303342197026
ZNF608	0.103333486679868	-0.00801543272869422	0.979088422182327	-0.00801543272869422
C9orf85	0.103444803341237	0.00772961417267212	0.979088422182327	0.00772961417267212
ENOPH1	0.103448314243139	0.0142553449042931	0.979088422182327	0.0142553449042931
PSME1	0.103455416215206	-0.0323745103917184	0.979088422182327	-0.0323745103917184
PSMB3	0.103483772154036	-0.0258558293299729	0.979088422182327	-0.0258558293299729
GAS2	0.103548925237109	0.0158720031929132	0.979088422182327	0.0158720031929132
RBM42	0.103564754454983	0.0215154854482529	0.979088422182327	0.0215154854482529
COPE	0.103714270271961	-0.0134868863532233	0.979088422182327	-0.0134868863532233
ZNF611	0.10394062673789	0.0106543784745554	0.979088422182327	0.0106543784745554
CTDSPL	0.104274806494409	-0.019999740179449	0.979088422182327	-0.019999740179449
IGF2R	0.104316547679644	-0.010068706301288	0.979088422182327	-0.010068706301288
AC025180.1	0.104352795808617	0.0272100830420916	0.979088422182327	0.0272100830420916
STARD13	0.104406464698426	-0.00643069091647819	0.979088422182327	-0.00643069091647819
RSBN1	0.104464166937909	-0.012135219279733	0.979088422182327	-0.012135219279733
ZNF398	0.104609462704551	-0.00985610887235869	0.979088422182327	-0.00985610887235869
PTPN9	0.105121866695814	-0.0189703530746086	0.979088422182327	-0.0189703530746086
SARAF	0.105200947231755	0.0151197077880776	0.979088422182327	0.0151197077880776
CD81	0.105476457228723	-0.0166553390973853	0.979088422182327	-0.0166553390973853
STX2	0.10550335856005	-0.0164238075791716	0.979088422182327	-0.0164238075791716
BCLAF1	0.105653159782451	-0.00791266002755573	0.979088422182327	-0.00791266002755573
LIG3	0.105661319497298	0.0212468071874194	0.979088422182327	0.0212468071874194
TRIM27	0.105775651371316	-0.0143407162573035	0.979088422182327	-0.0143407162573035
LYSMD3	0.105814166558859	-0.0236573125838507	0.979088422182327	-0.0236573125838507
CCS	0.105833700440755	0.0154892728011047	0.979088422182327	0.0154892728011047
TMED2	0.10585146035534	0.018818256614137	0.979088422182327	0.018818256614137
WASHC4	0.105857654957501	0.00932963300427266	0.979088422182327	0.00932963300427266
AC007220.1	0.105978370510157	-0.0243539441563816	0.979088422182327	-0.0243539441563816
PCNX2	0.106021478515733	0.0204101098776137	0.979088422182327	0.0204101098776137
MT-ND2	0.106068843095347	0.0110755399821491	0.979088422182327	0.0110755399821491
AC066613.2	0.106096712474677	-0.0148985664889734	0.979088422182327	-0.0148985664889734
CYFIP1	0.106113080087608	-0.0181611218696448	0.979088422182327	-0.0181611218696448
AMDHD2	0.106218524696386	0.0176976746267264	0.979088422182327	0.0176976746267264
TCTEX1D2	0.106218758991974	-0.0236364705037557	0.979088422182327	-0.0236364705037557
STAU1	0.106237137909784	0.00960374023288789	0.979088422182327	0.00960374023288789
ZNF213-AS1	0.106432225499098	0.0174159082739682	0.979088422182327	0.0174159082739682
EFCAB5	0.106473273788614	0.0173296561208747	0.979088422182327	0.0173296561208747
PRKCSH	0.106785645723901	0.0104513738741817	0.979088422182327	0.0104513738741817
PPP2R2A	0.106792691675999	-0.00654191090419303	0.979088422182327	-0.00654191090419303
NCOA3	0.10680180648481	-0.0136614539015807	0.979088422182327	-0.0136614539015807
CHIC2	0.106998122929082	-0.0168628462649217	0.979088422182327	-0.0168628462649217
TRAPPC5	0.107082639239109	-0.0299126900392454	0.979088422182327	-0.0299126900392454
PJVK	0.107083788190002	0.0192008065674242	0.979088422182327	0.0192008065674242
KIF20B	0.10728884863689	0.0196833850625561	0.979088422182327	0.0196833850625561
SEH1L	0.107312499821366	-0.0189330331447983	0.979088422182327	-0.0189330331447983
ZFP62	0.107434179824753	0.0211901798607849	0.979088422182327	0.0211901798607849
GNPNAT1	0.107621348329121	0.0238762114478142	0.979088422182327	0.0238762114478142
MVP	0.107723676472698	-0.0151416620980175	0.979088422182327	-0.0151416620980175
MRPL16	0.107727365684312	-0.025429325740209	0.979088422182327	-0.025429325740209
SLC35F1	0.107740652463635	-0.0332956679260212	0.979088422182327	-0.0332956679260212
PSAT1	0.107765426562354	0.0100128421433998	0.979088422182327	0.0100128421433998
MSANTD4	0.107954223020603	0.0145173488299453	0.979088422182327	0.0145173488299453
NDUFA4	0.107998499196866	0.0289121638853456	0.979088422182327	0.0289121638853456
GBA	0.108041465303188	0.0205781488475764	0.979088422182327	0.0205781488475764
SMC6	0.108255883310337	-0.0103452708911392	0.979088422182327	-0.0103452708911392
MCPH1-AS1	0.108307015183026	0.0131028709791234	0.979088422182327	0.0131028709791234
TSC22D3	0.108313938442516	-0.00808907529029236	0.979088422182327	-0.00808907529029236
ARL16	0.108328472705936	0.0222845822051426	0.979088422182327	0.0222845822051426
GALNT4	0.108369734089343	-0.0301820700679776	0.979088422182327	-0.0301820700679776
RNF138	0.108459983616876	-0.0124649753544923	0.979088422182327	-0.0124649753544923
RGL2	0.108470900597825	0.0206413921177925	0.979088422182327	0.0206413921177925
RBBP6	0.108613993336441	-0.00995351342699562	0.979088422182327	-0.00995351342699562
TCF12	0.108926610258528	-0.00463360280570383	0.979088422182327	-0.00463360280570383
PFDN4	0.108945869166845	0.022728095695241	0.979088422182327	0.022728095695241
GBF1	0.109012029769333	0.00763513836990298	0.979088422182327	0.00763513836990298
RIN2	0.109044471942717	-0.00864528069198131	0.979088422182327	-0.00864528069198131
ADSS	0.109182668395387	-0.00872960339638406	0.979088422182327	-0.00872960339638406
HYI	0.109215320095961	0.019629693849274	0.979088422182327	0.019629693849274
EIF3E	0.109244008839404	0.00908387405405385	0.979088422182327	0.00908387405405385
ZNF43	0.109373584588184	-0.0144860425483196	0.979088422182327	-0.0144860425483196
ANKS1A	0.109444142226173	-0.00835458981681362	0.979088422182327	-0.00835458981681362
NFIA	0.109525858987734	-0.00509240509965336	0.979088422182327	-0.00509240509965336
FAM234A	0.109572041996087	0.0130910204701842	0.979088422182327	0.0130910204701842
ATXN7L3B	0.109590575518493	0.0150199978624724	0.979088422182327	0.0150199978624724
RNF125	0.110139661150772	0.0112767849392212	0.980238036909556	0.0112767849392212
BIN3	0.110384683417951	-0.0155318601462525	0.980238036909556	-0.0155318601462525
GOLGA7	0.11039958002649	0.0111257490133159	0.980238036909556	0.0111257490133159
SORD	0.11042326799407	0.01759325014071	0.980238036909556	0.01759325014071
TARS	0.110499424972582	0.0188007685890477	0.980238036909556	0.0188007685890477
BABAM1	0.110510243660029	-0.0152927026621567	0.980238036909556	-0.0152927026621567
ADD1	0.110576747093845	-0.00720387626446507	0.980238036909556	-0.00720387626446507
CSNK1E	0.110662934860663	0.00805798883908954	0.980238036909556	0.00805798883908954
MCOLN1	0.110766902981457	-0.0149577001596016	0.980238036909556	-0.0149577001596016
SAP30BP	0.11081925705872	0.00894636245557735	0.980238036909556	0.00894636245557735
CSKMT	0.11084107262251	0.0343069143820991	0.980238036909556	0.0343069143820991
APOE	0.110907665528534	-0.0362322827626121	0.980238036909556	-0.0362322827626121
IGSF11	0.111075308494044	-0.00718516859493548	0.980238036909556	-0.00718516859493548
IFT20	0.111234200689339	0.0137571286168492	0.980238036909556	0.0137571286168492
MIR4458HG	0.111410984790937	0.0292987538657167	0.980238036909556	0.0292987538657167
ACOX1	0.111450905063009	0.0142832803832258	0.980238036909556	0.0142832803832258
SYT1	0.111509368421607	0.0287623530250504	0.980238036909556	0.0287623530250504
AC093249.2	0.111624884022135	0.0191388216742443	0.980238036909556	0.0191388216742443
LRPAP1	0.111627523133256	0.0196098777386789	0.980238036909556	0.0196098777386789
ZCCHC10	0.111798658794957	0.0137149728453175	0.980238036909556	0.0137149728453175
ZNF561	0.11191691895072	0.018541038060643	0.980238036909556	0.018541038060643
GYG1	0.112100124565546	-0.0235126291319692	0.980238036909556	-0.0235126291319692
ZW10	0.112111983698851	-0.0184550406575451	0.980238036909556	-0.0184550406575451
AC016821.1	0.112276946435885	-0.0122239511024595	0.980238036909556	-0.0122239511024595
PPP2R2B	0.112282001290636	0.00636958280234454	0.980238036909556	0.00636958280234454
MOB4	0.112372771337173	0.0115016681946313	0.980238036909556	0.0115016681946313
PER2	0.112388315420438	-0.0205594386312626	0.980238036909556	-0.0205594386312626
GSTZ1	0.112471322545522	-0.0237085905870548	0.980238036909556	-0.0237085905870548
MTX2	0.112515995699486	-0.00959731125608163	0.980238036909556	-0.00959731125608163
RIC8B	0.112755661932204	0.0107875953632041	0.980238036909556	0.0107875953632041
RPS17	0.112851126624296	0.0260083687738598	0.980238036909556	0.0260083687738598
ANAPC5	0.11297046228771	0.00752554682166762	0.980238036909556	0.00752554682166762
AC092650.1	0.11301693185065	0.0214630079345836	0.980238036909556	0.0214630079345836
NAALAD2	0.113144887825805	0.018108526238491	0.980238036909556	0.018108526238491
FPGT	0.113212767538789	-0.0121100414408436	0.980238036909556	-0.0121100414408436
DGCR6L	0.113374434794333	0.0207010154621113	0.980238036909556	0.0207010154621113
IMMP1L	0.11360126837697	0.0113866985975395	0.980238036909556	0.0113866985975395
TPM3	0.113653001397829	0.0196271382328992	0.980238036909556	0.0196271382328992
MTERF1	0.113695250179267	-0.00970588763527354	0.980238036909556	-0.00970588763527354
LINC01182	0.113825320799905	0.0211275664456237	0.980238036909556	0.0211275664456237
LYPLA2	0.113886269659058	-0.0239619380468398	0.980238036909556	-0.0239619380468398
ALG9	0.113955969770906	0.0136746925657199	0.980238036909556	0.0136746925657199
HS2ST1	0.11407207655056	-0.0152942698843088	0.980238036909556	-0.0152942698843088
NACC1	0.114072329486221	0.0140759095163907	0.980238036909556	0.0140759095163907
TNPO2	0.114378195025913	0.00977169368147313	0.980238036909556	0.00977169368147313
ITGA6	0.114520052081768	0.0310182137430384	0.980238036909556	0.0310182137430384
TIMM50	0.114780199744827	0.0217781090424871	0.980238036909556	0.0217781090424871
C7orf26	0.114871512143606	-0.018545293827351	0.980238036909556	-0.018545293827351
MAFK	0.114922236480167	-0.0197092250841801	0.980238036909556	-0.0197092250841801
AC004943.2	0.115316188621164	-0.0204258826266915	0.980238036909556	-0.0204258826266915
DOP1A	0.115411325961214	0.00997460086968962	0.980238036909556	0.00997460086968962
MEG3	0.115447876241673	0.0282932928389904	0.980238036909556	0.0282932928389904
BROX	0.115471369142625	-0.0145814467696512	0.980238036909556	-0.0145814467696512
CSF1	0.115705151960196	0.0163402021951269	0.980238036909556	0.0163402021951269
IFI16	0.115825777155307	-0.0135424809607074	0.980238036909556	-0.0135424809607074
SUPT3H	0.115915799307356	-0.0081159739117286	0.980238036909556	-0.0081159739117286
AC009163.1	0.11592628263412	0.0411883892037845	0.980238036909556	0.0411883892037845
BLOC1S1	0.116034151052782	0.0199638388755403	0.980238036909556	0.0199638388755403
APC	0.116036699902748	-0.0074628629945136	0.980238036909556	-0.0074628629945136
GPHN	0.116117272430782	-0.00568697298230219	0.980238036909556	-0.00568697298230219
XKR6	0.116122441990766	-0.0261324075573294	0.980238036909556	-0.0261324075573294
B3GAT1	0.116153715196103	-0.00685121352570125	0.980238036909556	-0.00685121352570125
PPP1R12A	0.116187717418553	0.0102438628234044	0.980238036909556	0.0102438628234044
DNAJC17	0.11621848250034	-0.0116140928785128	0.980238036909556	-0.0116140928785128
UBC	0.116338149906434	0.0169956140696969	0.980238036909556	0.0169956140696969
DYNC1LI2	0.116602619409875	-0.00663031049255589	0.980238036909556	-0.00663031049255589
EXOSC2	0.116633930192997	-0.0224843513562563	0.980238036909556	-0.0224843513562563
PQBP1	0.1167593041407	-0.0271595435082286	0.980238036909556	-0.0271595435082286
SMIM10L1	0.116781778712687	-0.0251881845624856	0.980238036909556	-0.0251881845624856
MACO1	0.116925976737047	0.00738786984410524	0.980238036909556	0.00738786984410524
VEZT	0.117055782979658	0.00869124276090059	0.980238036909556	0.00869124276090059
YIPF5	0.117076128606837	-0.0214476209150474	0.980238036909556	-0.0214476209150474
ARHGEF28	0.117180914223156	-0.0250295766833709	0.980238036909556	-0.0250295766833709
GABPB2	0.117232570792986	0.0107111667830133	0.980238036909556	0.0107111667830133
PPOX	0.117374895197082	0.0186117814368685	0.980238036909556	0.0186117814368685
LINC00539	0.117434501362384	0.0240831508951297	0.980238036909556	0.0240831508951297
TYW1	0.117542581895798	0.00933620606545794	0.980238036909556	0.00933620606545794
MAST2	0.117546427811739	-0.0123840037218755	0.980238036909556	-0.0123840037218755
MAP3K14	0.117554431659494	-0.0197933650603383	0.980238036909556	-0.0197933650603383
MTERF4	0.117609257069355	-0.0103670840535285	0.980238036909556	-0.0103670840535285
SRF	0.117620272995569	0.0275399580320627	0.980238036909556	0.0275399580320627
QARS	0.117742583774756	0.0174384437883997	0.980238036909556	0.0174384437883997
MT-ND3	0.117876983625026	0.0127758764633521	0.980238036909556	0.0127758764633521
AL118516.1	0.117919232108863	-0.0317147034932054	0.980238036909556	-0.0317147034932054
POLE3	0.11794009475825	0.0286408379286646	0.980238036909556	0.0286408379286646
VAMP8	0.118030668135208	0.0226999471629112	0.980238036909556	0.0226999471629112
TRIO	0.118045904193847	-0.0140709293620537	0.980238036909556	-0.0140709293620537
NPFF	0.11812814636195	-0.024154315012918	0.980238036909556	-0.024154315012918
NHLH2	0.118151284718849	0.0246273083249132	0.980238036909556	0.0246273083249132
PTGDS	0.118175657151611	0.00748921699796512	0.980238036909556	0.00748921699796512
UCK2	0.118421998900848	-0.0167732940129993	0.980238036909556	-0.0167732940129993
TIAM2	0.118533957144815	-0.0104338577746048	0.980238036909556	-0.0104338577746048
STX1B	0.118599216742634	-0.0327216811133875	0.980238036909556	-0.0327216811133875
TTLL11	0.118775183503101	-0.00897229595818984	0.980238036909556	-0.00897229595818984
LINC00894	0.118883656072877	0.00872335056547096	0.980238036909556	0.00872335056547096
GIPC1	0.118931562620028	0.0108927749952759	0.980238036909556	0.0108927749952759
MED31	0.118956745352923	0.0255364656211671	0.980238036909556	0.0255364656211671
ZNF589	0.118972661107864	-0.0128860318258964	0.980238036909556	-0.0128860318258964
PIGB	0.119013702684729	-0.0269116995620864	0.980238036909556	-0.0269116995620864
NARF	0.119095481374048	-0.0118072675427357	0.980238036909556	-0.0118072675427357
NEPRO	0.119325875902745	0.0166814496026539	0.980238036909556	0.0166814496026539
MTPN	0.119387177511865	-0.0195232568386868	0.980238036909556	-0.0195232568386868
EXTL3	0.119595753633004	-0.0110849816711227	0.980238036909556	-0.0110849816711227
AL022341.2	0.119937989305205	-0.0305195322246005	0.980238036909556	-0.0305195322246005
DIP2C	0.120445775797377	-0.00551378902778262	0.980238036909556	-0.00551378902778262
TYW1B	0.120520838659778	0.00977339210647675	0.980238036909556	0.00977339210647675
MAP3K1	0.120559160331257	-0.0190824913746737	0.980238036909556	-0.0190824913746737
CCDC47	0.120572461969336	-0.0166401967010653	0.980238036909556	-0.0166401967010653
VPS26B	0.120596851717393	-0.0138324914522506	0.980238036909556	-0.0138324914522506
AC011815.2	0.120691760153686	-0.0210663766522524	0.980238036909556	-0.0210663766522524
CATSPERE	0.120750690808427	0.0145819577759576	0.980238036909556	0.0145819577759576
MCL1	0.120830060469506	0.0189222617613438	0.980238036909556	0.0189222617613438
PCDH9	0.121125144833694	0.00425870062062629	0.980238036909556	0.00425870062062629
TKT	0.121172535179082	0.0149120658944433	0.980238036909556	0.0149120658944433
LINC01299	0.121327266767347	0.0171477646542233	0.980238036909556	0.0171477646542233
KCTD2	0.121435601474743	0.0138737762672133	0.980238036909556	0.0138737762672133
ROBO2	0.121498439715524	0.0282592486303123	0.980238036909556	0.0282592486303123
IDE	0.121575546233352	0.0128474590952543	0.980238036909556	0.0128474590952543
ARL17A	0.121669441672107	-0.0173624613635668	0.980238036909556	-0.0173624613635668
TRADD	0.121705497600097	0.0200554054682897	0.980238036909556	0.0200554054682897
TSR1	0.121763477164624	-0.0214543429611751	0.980238036909556	-0.0214543429611751
UQCRH	0.121801949326408	-0.0228619668225457	0.980238036909556	-0.0228619668225457
VPS54	0.121829256694262	-0.00819010908010956	0.980238036909556	-0.00819010908010956
CBR4	0.121854769806405	-0.00676751704631305	0.980238036909556	-0.00676751704631305
ULK4	0.12192442789197	0.0164723219767901	0.980238036909556	0.0164723219767901
EIF3K	0.122084198214971	0.0127178558711511	0.980238036909556	0.0127178558711511
ARL14EP	0.122109943150324	-0.0266025604788678	0.980238036909556	-0.0266025604788678
APPL1	0.122142596029015	-0.0103397510015903	0.980238036909556	-0.0103397510015903
CAHM	0.122153873398029	0.0208535245135761	0.980238036909556	0.0208535245135761
DAB1	0.122156508743603	-0.0178110641554515	0.980238036909556	-0.0178110641554515
NACC2	0.122199705678385	-0.0104727147496545	0.980238036909556	-0.0104727147496545
EMC1-AS1	0.122267862729592	-0.010963356051171	0.980238036909556	-0.010963356051171
BAIAP2L2	0.122392479217784	-0.0229965098363782	0.980238036909556	-0.0229965098363782
LIX1-AS1	0.122653363650542	0.0170186617668762	0.980238036909556	0.0170186617668762
SLC27A4	0.122662551229273	-0.0107452652345366	0.980238036909556	-0.0107452652345366
TPK1	0.122809594749522	0.0145848896589658	0.980238036909556	0.0145848896589658
NAPEPLD	0.122869769556137	-0.0065191595090514	0.980238036909556	-0.0065191595090514
DSE	0.122885568018899	0.00956943363639094	0.980238036909556	0.00956943363639094
ARPC4	0.122936687999416	0.0162749263565457	0.980238036909556	0.0162749263565457
ADAMTS13	0.122962475436121	0.0261351370754494	0.980238036909556	0.0261351370754494
AC068025.1	0.122978142998998	0.0171754563697796	0.980238036909556	0.0171754563697796
PCDH9-AS2	0.123233688646811	0.0251664197691116	0.980238036909556	0.0251664197691116
MORC4	0.123333669205823	0.0156541323643428	0.980238036909556	0.0156541323643428
KAT8	0.123475504697639	-0.0132793322895722	0.980238036909556	-0.0132793322895722
BUD23	0.123598458382758	-0.0145215889905094	0.980238036909556	-0.0145215889905094
NMD3	0.123682284386794	0.0204448575765173	0.980238036909556	0.0204448575765173
URB2	0.123748484149814	-0.0221888868947876	0.980238036909556	-0.0221888868947876
DNASE1	0.123773385376406	0.00879759745785852	0.980238036909556	0.00879759745785852
TST	0.123870172953166	0.0177984964573578	0.980238036909556	0.0177984964573578
DAB2IP	0.123894053070264	0.0203270542818618	0.980238036909556	0.0203270542818618
ZNF823	0.12392615258097	0.0181480153645351	0.980238036909556	0.0181480153645351
SH2B1	0.123936458849579	0.0107767323978197	0.980238036909556	0.0107767323978197
VPS11	0.124421458899544	0.0173236611510131	0.980238036909556	0.0173236611510131
BRPF3	0.124557401781008	-0.0191446187566035	0.980238036909556	-0.0191446187566035
EIF2B1	0.124685620473914	-0.0142801978349937	0.980238036909556	-0.0142801978349937
KIAA0586	0.125068268029177	-0.00996036988771105	0.980238036909556	-0.00996036988771105
LMLN	0.125241116967229	0.0260416461883221	0.980238036909556	0.0260416461883221
SLC7A6	0.125307555832608	-0.0207348198598225	0.980238036909556	-0.0207348198598225
LINC01277	0.12533123639336	-0.0231137981743489	0.980238036909556	-0.0231137981743489
C10orf88	0.125468112103503	-0.0207424485081973	0.980238036909556	-0.0207424485081973
TAB2	0.125511434483856	0.0088448646274887	0.980238036909556	0.0088448646274887
ACIN1	0.125528176842882	0.00811615004810553	0.980238036909556	0.00811615004810553
NOS1AP	0.12553230371028	-0.0154725607762205	0.980238036909556	-0.0154725607762205
PAQR6	0.125601543527583	0.0176013285307083	0.980238036909556	0.0176013285307083
SREK1IP1	0.125788722292477	-0.014301348160941	0.980238036909556	-0.014301348160941
KLF13	0.125810810494753	-0.00699146634509745	0.980238036909556	-0.00699146634509745
PARP2	0.125835092042994	-0.0227156728493249	0.980238036909556	-0.0227156728493249
BCL2L11	0.125952788752237	-0.0201871293585563	0.980238036909556	-0.0201871293585563
POMK	0.126015085938278	-0.0223340640936675	0.980238036909556	-0.0223340640936675
EPB41L4A-AS1	0.126070980750109	-0.022107233185264	0.980238036909556	-0.022107233185264
ZNF283	0.126102430956043	0.015957083150711	0.980238036909556	0.015957083150711
AC138409.3	0.126119943845917	0.0204424107400647	0.980238036909556	0.0204424107400647
RAB40B	0.126348020778789	0.00670832160726599	0.980238036909556	0.00670832160726599
SNRPD1	0.12650844890601	0.0197913303372055	0.980238036909556	0.0197913303372055
CDK8	0.126760302103084	-0.00858750118505285	0.980238036909556	-0.00858750118505285
DPY30	0.126950611388804	0.0135518028589276	0.980238036909556	0.0135518028589276
TPT1-AS1	0.126962219632987	0.0079899568519001	0.980238036909556	0.0079899568519001
ANKRD12	0.127252139161342	-0.00622651099034329	0.980238036909556	-0.00622651099034329
RBMXL1	0.127267225438521	-0.0199137374096917	0.980238036909556	-0.0199137374096917
CLTB	0.127285177615131	-0.02225113529894	0.980238036909556	-0.02225113529894
KCNMB2-AS1	0.127424015477526	-0.028623946309644	0.980238036909556	-0.028623946309644
TMEM214	0.127578218944746	0.0199261988072769	0.980238036909556	0.0199261988072769
FARSB	0.127644496685741	-0.0121156335048189	0.980238036909556	-0.0121156335048189
TM9SF3	0.127649081045396	-0.00866971075575876	0.980238036909556	-0.00866971075575876
ATG16L2	0.127795145415287	0.0151602752280643	0.980238036909556	0.0151602752280643
AC009107.2	0.12786542690018	0.026480629097814	0.980238036909556	0.026480629097814
VDAC2	0.12787405622859	0.0230971788661886	0.980238036909556	0.0230971788661886
DLGAP2	0.127893727382861	0.0287679403341881	0.980238036909556	0.0287679403341881
MRPL1	0.128008997364804	0.0111544771066358	0.980238036909556	0.0111544771066358
VPS13D	0.128084956324528	-0.0066396799282521	0.980238036909556	-0.0066396799282521
AC077690.1	0.128089251569318	0.0118322475354478	0.980238036909556	0.0118322475354478
ATXN3	0.128175989813709	-0.00736305638114389	0.980238036909556	-0.00736305638114389
ANO2	0.128263496678765	-0.0220199373640639	0.980238036909556	-0.0220199373640639
ADAM23	0.128269295689526	-0.027974391099037	0.980238036909556	-0.027974391099037
PRIMPOL	0.128390601609917	0.0132100413056579	0.980238036909556	0.0132100413056579
VPS36	0.128461016625272	0.00990243939451595	0.980238036909556	0.00990243939451595
SLC15A4	0.128584980253402	-0.01346241393539	0.980238036909556	-0.01346241393539
PIK3CB	0.128617226612233	-0.00821155827771797	0.980238036909556	-0.00821155827771797
NOSIP	0.128667391149844	0.0131299296443346	0.980238036909556	0.0131299296443346
CHN1	0.128864329580064	0.0344008491962135	0.980238036909556	0.0344008491962135
SMIM14	0.128965001958285	0.00871109867904079	0.980238036909556	0.00871109867904079
TGFBR1	0.129081373558142	-0.0207933792566373	0.980238036909556	-0.0207933792566373
AC132872.1	0.129185214043524	-0.0223832941134836	0.980238036909556	-0.0223832941134836
AC079305.3	0.129343272810547	-0.0239286937454712	0.980238036909556	-0.0239286937454712
UBR5	0.129466989402277	0.00672796802944146	0.980238036909556	0.00672796802944146
BMPER	0.129634371141749	-0.0358145936239662	0.980238036909556	-0.0358145936239662
TMEM87B	0.12966275227392	0.0160863725548062	0.980238036909556	0.0160863725548062
PCYT2	0.129917182766605	0.0173009535886376	0.980238036909556	0.0173009535886376
LINC02340	0.130060836443565	0.0200860316333643	0.980238036909556	0.0200860316333643
UBE2Q1	0.130116814595153	0.0190171705676977	0.980238036909556	0.0190171705676977
MARCH7	0.13032117099101	-0.00821988148715611	0.980238036909556	-0.00821988148715611
DROSHA	0.130402017467491	-0.0102220720533019	0.980238036909556	-0.0102220720533019
USP46	0.13042292747772	-0.026689051377131	0.980238036909556	-0.026689051377131
PRDM15	0.130480004321512	0.0149062488489887	0.980238036909556	0.0149062488489887
SUN1	0.130487093616031	0.00930129462846833	0.980238036909556	0.00930129462846833
MAP2K2	0.130614839475272	-0.0113190192562645	0.980238036909556	-0.0113190192562645
ZSWIM5	0.130683387174855	-0.00702006491469211	0.980238036909556	-0.00702006491469211
ZNF273	0.130741470799345	-0.0287084625574127	0.980238036909556	-0.0287084625574127
MET	0.130803054410863	-0.0191030962774963	0.980238036909556	-0.0191030962774963
GTPBP8	0.13088041368675	0.0182416567933904	0.980238036909556	0.0182416567933904
BDKRB2	0.130891412407647	0.0250178841830947	0.980238036909556	0.0250178841830947
HMGN3	0.130917072308962	-0.0101823913046856	0.980238036909556	-0.0101823913046856
RTCA	0.130946147792759	-0.0162750686985534	0.980238036909556	-0.0162750686985534
NDFIP2	0.130988897146145	0.0111633263439324	0.980238036909556	0.0111633263439324
TRPM6	0.131089671458542	0.0137141041167382	0.980238036909556	0.0137141041167382
ASAP3	0.131231531275816	-0.0204325624444588	0.980238036909556	-0.0204325624444588
MKKS	0.131328780890058	-0.0232412993202719	0.980238036909556	-0.0232412993202719
IQCH	0.131384128221843	0.0235042971043279	0.980238036909556	0.0235042971043279
TENM3	0.131479736873344	-0.0191240466890187	0.980238036909556	-0.0191240466890187
ARHGAP24	0.131608998141491	0.024327923868086	0.980238036909556	0.024327923868086
AC064829.1	0.131648418176517	0.0205135485914563	0.980238036909556	0.0205135485914563
SSH2	0.131766356274366	-0.00526502478015864	0.980238036909556	-0.00526502478015864
ZFP91	0.131968962173248	-0.0102139748394548	0.980238036909556	-0.0102139748394548
ATXN2	0.132100688965229	0.00545616644429809	0.980238036909556	0.00545616644429809
SMC3	0.132175961544645	-0.0100769583086274	0.980238036909556	-0.0100769583086274
SART3	0.132183804177572	0.0104521943076532	0.980238036909556	0.0104521943076532
NR3C1	0.132334082187865	-0.00606728538468756	0.980238036909556	-0.00606728538468756
BCAT2	0.132356142250898	-0.0118805515333016	0.980238036909556	-0.0118805515333016
NDUFAF2	0.132369857928088	-0.00896261246990881	0.980238036909556	-0.00896261246990881
ATP11C	0.132441429026397	-0.011313695717239	0.980238036909556	-0.011313695717239
NT5C2	0.132451215066596	0.00723400958824341	0.980238036909556	0.00723400958824341
KHDC1	0.132548391970344	0.0300756804378455	0.980238036909556	0.0300756804378455
VPS26C	0.132587587793697	-0.0113807023381396	0.980238036909556	-0.0113807023381396
FAM177A1	0.132699207133682	0.007213002996988	0.980238036909556	0.007213002996988
SYCP2	0.132791663679141	-0.0284092706745984	0.980238036909556	-0.0284092706745984
APBB1	0.132811057417381	0.00797421383270047	0.980238036909556	0.00797421383270047
ANKRD16	0.132999861244599	-0.0152436303150539	0.980238036909556	-0.0152436303150539
DUSP3	0.13306644377798	-0.0171253279590892	0.980238036909556	-0.0171253279590892
RGN	0.13310642654741	-0.0211828576828806	0.980238036909556	-0.0211828576828806
LYAR	0.133108426532832	0.0190888588275317	0.980238036909556	0.0190888588275317
ADIPOR2	0.133123525175076	-0.00575744123613648	0.980238036909556	-0.00575744123613648
TMEM94	0.133150329297106	0.00958504214672591	0.980238036909556	0.00958504214672591
SNHG22	0.133197106844066	-0.0149620952315546	0.980238036909556	-0.0149620952315546
APAF1	0.133245282187076	-0.0186823683963274	0.980238036909556	-0.0186823683963274
AC105285.1	0.133509181699583	-0.0185900209456121	0.980238036909556	-0.0185900209456121
CASP2	0.1337355380524	0.016501454422343	0.980238036909556	0.016501454422343
ELOVL5	0.133912642084471	0.00925107180054407	0.980238036909556	0.00925107180054407
NCOA2	0.134032757957142	-0.00570483967787626	0.980238036909556	-0.00570483967787626
POU6F1	0.134049442834956	-0.0106523244106595	0.980238036909556	-0.0106523244106595
BAIAP2	0.134271319215121	-0.0336643181575171	0.980238036909556	-0.0336643181575171
MAST3	0.134330734122987	-0.00878371661779805	0.980238036909556	-0.00878371661779805
SLC31A1	0.134383920072168	-0.0188206275949781	0.980238036909556	-0.0188206275949781
COA6-AS1	0.134394943954438	0.0264479035390784	0.980238036909556	0.0264479035390784
ZNF620	0.134432581244625	-0.0207426587883079	0.980238036909556	-0.0207426587883079
CRLF3	0.134530482844216	0.0140748937641263	0.980238036909556	0.0140748937641263
IQCJ-SCHIP1	0.134599214520717	-0.0150653174236926	0.980238036909556	-0.0150653174236926
EPHA3	0.13463005749365	0.0200056435574501	0.980238036909556	0.0200056435574501
TTC17	0.134956921343285	0.00520593900752042	0.980238036909556	0.00520593900752042
UBAP2L	0.134986718752469	0.0111802860895259	0.980238036909556	0.0111802860895259
SNX32	0.135101264454927	0.0214736088945041	0.980238036909556	0.0214736088945041
SMAD2	0.135111894225566	-0.00690934698606889	0.980238036909556	-0.00690934698606889
PNCK	0.135171774230093	0.0190419451170108	0.980238036909556	0.0190419451170108
ANAPC1	0.13531346784239	0.0113644547806121	0.980238036909556	0.0113644547806121
NDP	0.135443926698974	0.0173577464308148	0.980238036909556	0.0173577464308148
NT5M	0.135690297502805	0.0212526910696209	0.980238036909556	0.0212526910696209
SREK1	0.135855606344899	0.00895301270692858	0.980238036909556	0.00895301270692858
NUP50	0.13597647035777	0.0180291316471871	0.980238036909556	0.0180291316471871
SRSF1	0.135996415823818	0.0109464634366494	0.980238036909556	0.0109464634366494
NUP98	0.136046878123677	-0.00880309050306372	0.980238036909556	-0.00880309050306372
GGCX	0.136065234048348	-0.0194803243612264	0.980238036909556	-0.0194803243612264
SHISA5	0.136067526899604	0.0152164419461529	0.980238036909556	0.0152164419461529
LMAN1	0.136073755237684	0.0114235973444172	0.980238036909556	0.0114235973444172
INSIG1	0.136113862840556	0.0115891010918689	0.980238036909556	0.0115891010918689
BRD1	0.136130671132375	0.0118517735064969	0.980238036909556	0.0118517735064969
UTY	0.136166053674367	0.0107236699334882	0.980238036909556	0.0107236699334882
ELMO2	0.136236327561541	-0.012291207819385	0.980238036909556	-0.012291207819385
POFUT1	0.136435280975199	-0.0176809222353763	0.980238036909556	-0.0176809222353763
MTMR1	0.136496855390347	-0.0156660935478863	0.980238036909556	-0.0156660935478863
RAB33B	0.136508014445025	0.0225962124771721	0.980238036909556	0.0225962124771721
SF3A2	0.136545088608875	-0.0166361811513032	0.980238036909556	-0.0166361811513032
IRS2	0.136967154116966	0.00991544807265005	0.980238036909556	0.00991544807265005
SLC24A2	0.136970996880043	-0.00414025514101597	0.980238036909556	-0.00414025514101597
L3MBTL3	0.137036983109863	-0.0236313683688821	0.980238036909556	-0.0236313683688821
PEAK1	0.137037371437866	-0.00531088883494623	0.980238036909556	-0.00531088883494623
RBM23	0.137149566505528	-0.0122463717580056	0.980238036909556	-0.0122463717580056
PAPOLA	0.137214885965444	-0.00924580255999158	0.980238036909556	-0.00924580255999158
TSC22D4	0.13722411523591	0.0126459812331609	0.980238036909556	0.0126459812331609
AC100810.1	0.137227972466123	-0.0285314303314237	0.980238036909556	-0.0285314303314237
NENF	0.13727397041254	0.0137047805819867	0.980238036909556	0.0137047805819867
PCED1A	0.137314920070502	0.0131946490839039	0.980238036909556	0.0131946490839039
MOB3A	0.137446864814764	-0.0158818306318971	0.980238036909556	-0.0158818306318971
TBX6	0.137533569351134	0.0235102825630574	0.980238036909556	0.0235102825630574
PSMD10	0.137626118698742	0.022327897951105	0.980238036909556	0.022327897951105
TSG101	0.137656849903123	-0.0103477705672667	0.980238036909556	-0.0103477705672667
RPH3A	0.137920628472494	-0.0328632625391203	0.980238036909556	-0.0328632625391203
WDR78	0.137956186095635	-0.0158006372785036	0.980238036909556	-0.0158006372785036
STX12	0.138241450733524	-0.00869912935630865	0.980238036909556	-0.00869912935630865
FAM102A	0.138343899876082	-0.00731509936581545	0.980238036909556	-0.00731509936581545
GORASP2	0.138371562720783	0.014370852620581	0.980238036909556	0.014370852620581
SERPINB9	0.138373208143994	-0.0253986274474565	0.980238036909556	-0.0253986274474565
MTO1	0.138393609225981	0.0112011172579783	0.980238036909556	0.0112011172579783
AL158071.3	0.138755273642182	-0.0201535181434995	0.980238036909556	-0.0201535181434995
TMEM184B	0.138798365209153	-0.00610993602005752	0.980238036909556	-0.00610993602005752
TSEN15	0.138844599326597	-0.00923087160128485	0.980238036909556	-0.00923087160128485
LINC01877	0.138950612742014	0.0142841816623114	0.980238036909556	0.0142841816623114
RAB39B	0.139135386658188	-0.0228617864623489	0.980238036909556	-0.0228617864623489
MSANTD2	0.139424610271519	0.0114495609468288	0.980238036909556	0.0114495609468288
AC087564.1	0.13942516091883	0.00827797645786523	0.980238036909556	0.00827797645786523
THSD7A	0.139457173063185	-0.0344076979025131	0.980238036909556	-0.0344076979025131
CYP2U1	0.139734768220345	-0.0214878398448991	0.980238036909556	-0.0214878398448991
EPHX1	0.139838752902873	0.0118232861441862	0.980238036909556	0.0118232861441862
TTC23	0.139887886789991	0.0180810524796667	0.980238036909556	0.0180810524796667
TBC1D32	0.140017061389555	0.00783575486949752	0.980238036909556	0.00783575486949752
AC015845.2	0.140097544961988	-0.0262865126040098	0.980238036909556	-0.0262865126040098
NMRAL1	0.140111481381888	0.0119850757992313	0.980238036909556	0.0119850757992313
AC124016.1	0.140146978336325	0.0218283372826882	0.980238036909556	0.0218283372826882
GREB1L	0.140262074730059	0.00959890660355152	0.980238036909556	0.00959890660355152
HECW2	0.140311205367566	0.00479301729700369	0.980238036909556	0.00479301729700369
AC012368.1	0.140429561914161	0.0241528256162489	0.980238036909556	0.0241528256162489
PCF11	0.140710710239124	-0.00878300650825502	0.980238036909556	-0.00878300650825502
SGK3	0.140780265352752	-0.00567006740616035	0.980238036909556	-0.00567006740616035
MIR100HG	0.14078136067547	0.00539821660578956	0.980238036909556	0.00539821660578956
NLGN4X	0.140804258893552	-0.019778050031835	0.980238036909556	-0.019778050031835
DDX11	0.140992102507435	0.017665364469106	0.980238036909556	0.017665364469106
AFTPH	0.141214301005729	0.00861473104165567	0.980238036909556	0.00861473104165567
PTOV1-AS1	0.141523708588902	0.0221912004879858	0.980238036909556	0.0221912004879858
MRPS33	0.141533682751788	0.0179240110229888	0.980238036909556	0.0179240110229888
DLG4	0.141561602915614	-0.0363550817930028	0.980238036909556	-0.0363550817930028
PPM1H	0.141634828102977	-0.00610332453833386	0.980238036909556	-0.00610332453833386
UBAC1	0.141670790287345	-0.0155556193312406	0.980238036909556	-0.0155556193312406
LSMEM2	0.14230840504387	0.0192265178560825	0.980238036909556	0.0192265178560825
CACTIN	0.142312554846783	0.0189227661111334	0.980238036909556	0.0189227661111334
ACAD10	0.142320282253183	0.0117044858904541	0.980238036909556	0.0117044858904541
MINDY1	0.142342382018476	-0.0129383267170225	0.980238036909556	-0.0129383267170225
RGPD8	0.142351639079888	0.0214520876795724	0.980238036909556	0.0214520876795724
SEC63	0.142515303344617	0.00803453969033469	0.980238036909556	0.00803453969033469
MGMT	0.142541207187511	-0.0108721039544368	0.980238036909556	-0.0108721039544368
RPL9	0.142661680143531	-0.0194917145639215	0.980238036909556	-0.0194917145639215
TMEM30A	0.142706716908737	0.0137352112419462	0.980238036909556	0.0137352112419462
PHF19	0.143029123640242	-0.0112252327032415	0.980238036909556	-0.0112252327032415
PACS1	0.143090351221761	-0.0104033102396706	0.980238036909556	-0.0104033102396706
BCAR1	0.143131969464413	0.00816722189168585	0.980238036909556	0.00816722189168585
KNOP1	0.143217992134508	-0.0113901597305607	0.980238036909556	-0.0113901597305607
EML3	0.143370163954045	-0.0166114726787795	0.980238036909556	-0.0166114726787795
RTL8C	0.143425702378738	-0.0219032429760682	0.980238036909556	-0.0219032429760682
RASA3	0.143467583232704	-0.0110149138865617	0.980238036909556	-0.0110149138865617
PDE4D	0.143470902625593	0.0166981441060325	0.980238036909556	0.0166981441060325
SF3A1	0.143493501274925	-0.0224554502930455	0.980238036909556	-0.0224554502930455
POMT2	0.14366245620789	0.00868923406333937	0.980238036909556	0.00868923406333937
CCNQ	0.143719663057515	-0.020704554559871	0.980238036909556	-0.020704554559871
NDST3	0.143754079809921	-0.0306286966318479	0.980238036909556	-0.0306286966318479
RANBP6	0.143825882696569	-0.0197617300580451	0.980238036909556	-0.0197617300580451
ZNF518A	0.143904892702384	0.00767551994966291	0.980238036909556	0.00767551994966291
TXNIP	0.143915224637174	0.0123880874041884	0.980238036909556	0.0123880874041884
COQ4	0.143956350425609	0.0137631448120079	0.980238036909556	0.0137631448120079
KLC4	0.143987778427829	0.0107486837050848	0.980238036909556	0.0107486837050848
RHCE	0.144034553894688	0.0231127141177047	0.980238036909556	0.0231127141177047
DCAF16	0.144197293273583	0.0138559176503497	0.980238036909556	0.0138559176503497
STK19	0.144235752066006	-0.0214777146440619	0.980238036909556	-0.0214777146440619
MINPP1	0.144319990244011	0.0156394641279239	0.980238036909556	0.0156394641279239
GCA	0.14444881413294	-0.0100003861414109	0.980238036909556	-0.0100003861414109
FAM49B	0.144520211843392	0.00577754501015819	0.980238036909556	0.00577754501015819
CGN	0.144592164267279	-0.0201318408046801	0.980238036909556	-0.0201318408046801
CASTOR3	0.144680482850966	0.00823169146710666	0.980238036909556	0.00823169146710666
BLMH	0.144710977504281	0.0146418859996682	0.980238036909556	0.0146418859996682
ATG12	0.144959522087319	0.0114890378271192	0.980238036909556	0.0114890378271192
RCAN3	0.144992145309112	0.0127765972755887	0.980238036909556	0.0127765972755887
AC007216.4	0.14503333007501	0.0116939064845853	0.980238036909556	0.0116939064845853
CCDC191	0.145061115906631	0.0140708649017785	0.980238036909556	0.0140708649017785
BRSK2	0.145201204586048	-0.0136738306510778	0.980238036909556	-0.0136738306510778
PDIA4	0.145214287649357	0.0173934275342607	0.980238036909556	0.0173934275342607
MYO15B	0.145398254031133	0.0105334215964069	0.980238036909556	0.0105334215964069
DMXL1	0.145813383097365	0.00663540937279508	0.980238036909556	0.00663540937279508
EHD3	0.14587552417898	-0.0335466575354529	0.980238036909556	-0.0335466575354529
AC003659.1	0.146006208824964	0.0185553730708828	0.980238036909556	0.0185553730708828
KDM1B	0.146089681367028	0.0118671411409425	0.980238036909556	0.0118671411409425
MAPK9	0.146185022113802	-0.0146219139166119	0.980238036909556	-0.0146219139166119
CTBP2	0.146390969966726	-0.00913125108429758	0.980238036909556	-0.00913125108429758
NTNG2	0.146463835851251	0.0163988436362044	0.980238036909556	0.0163988436362044
MAP3K10	0.14656219759139	-0.0128878356048767	0.980238036909556	-0.0128878356048767
TPT1	0.146606834970495	0.0179432393763192	0.980238036909556	0.0179432393763192
AADAT	0.146868891935926	0.0172384121056526	0.980238036909556	0.0172384121056526
ACOT8	0.146881652030062	-0.0170148604252212	0.980238036909556	-0.0170148604252212
NIFK	0.147018196343469	-0.0211652597535829	0.980238036909556	-0.0211652597535829
AC027279.1	0.147022000965949	-0.0142912991690844	0.980238036909556	-0.0142912991690844
PTP4A2	0.147037680752183	0.00643435257519659	0.980238036909556	0.00643435257519659
ZNF66	0.147354099531431	-0.0184382194758809	0.980238036909556	-0.0184382194758809
PWWP3B	0.14742777396226	0.023027234619698	0.980238036909556	0.023027234619698
DHODH	0.147482517788563	0.021584559584155	0.980238036909556	0.021584559584155
SEPTIN8	0.147534200868788	-0.00754526090323238	0.980238036909556	-0.00754526090323238
RFX1	0.147535963237076	0.0162398452368004	0.980238036909556	0.0162398452368004
ZC3H14	0.147594935323552	0.00772746754930651	0.980238036909556	0.00772746754930651
SATB2	0.14784779723839	-0.0267720795307242	0.980238036909556	-0.0267720795307242
GRAMD1A	0.148081516473619	-0.0122348341044698	0.980238036909556	-0.0122348341044698
DEDD	0.148092292118654	0.0191167400948523	0.980238036909556	0.0191167400948523
NOL11	0.148173698866647	-0.0151804424882502	0.980238036909556	-0.0151804424882502
ACO1	0.148477915997543	-0.0123306291413338	0.980238036909556	-0.0123306291413338
CLK3	0.148507444910958	0.0128754709360434	0.980238036909556	0.0128754709360434
ZNRF2	0.148615423843947	-0.0117089782657486	0.980238036909556	-0.0117089782657486
DUSP8	0.148645045410606	-0.0164643762858873	0.980238036909556	-0.0164643762858873
ZNF33B	0.148673283503179	0.0192210607961878	0.980238036909556	0.0192210607961878
NFKBIA	0.148705596666247	-0.0135930444695294	0.980238036909556	-0.0135930444695294
GAS8	0.148720122003864	-0.0223204718205883	0.980238036909556	-0.0223204718205883
UACA	0.148735939973303	-0.0130240043226828	0.980238036909556	-0.0130240043226828
PAQR8	0.148781608975356	0.012292515478217	0.980238036909556	0.012292515478217
MBLAC2	0.14885523231439	0.0192462042427311	0.980238036909556	0.0192462042427311
TRAPPC4	0.148909890146743	0.0209789825638353	0.980238036909556	0.0209789825638353
UBALD2	0.148999772520425	0.0148470644050446	0.980238036909556	0.0148470644050446
NPTX2	0.149255983505829	-0.02633722278271	0.980238036909556	-0.02633722278271
CIAPIN1	0.149317142889969	-0.0139182807991341	0.980238036909556	-0.0139182807991341
UBXN7	0.149317723519289	0.00808790233741573	0.980238036909556	0.00808790233741573
DNAJC27	0.149510048153783	0.0112480053270488	0.980238036909556	0.0112480053270488
MYO1E	0.149552957399826	-0.00613793447111058	0.980238036909556	-0.00613793447111058
GNG7	0.149613070290472	-0.00688338740581538	0.980238036909556	-0.00688338740581538
PES1	0.149704665799244	0.0192868059880934	0.980238036909556	0.0192868059880934
ARHGAP44	0.149708267368801	0.0271256449965303	0.980238036909556	0.0271256449965303
ASMTL	0.149727849737672	0.0193066381549807	0.980238036909556	0.0193066381549807
NAP1L4	0.149862269091636	-0.00620920195515845	0.980238036909556	-0.00620920195515845
NFRKB	0.149896918393762	0.0156363441885014	0.980238036909556	0.0156363441885014
WDR1	0.149925271238186	-0.0203062984594326	0.980238036909556	-0.0203062984594326
TBC1D23	0.149985851122158	0.00898804468607938	0.980238036909556	0.00898804468607938
METTL9	0.150087935842699	-0.0187224069347359	0.980238036909556	-0.0187224069347359
ZCCHC7	0.150290584434495	0.00516283063017816	0.980238036909556	0.00516283063017816
RFT1	0.150392418672604	0.0166251216785894	0.980238036909556	0.0166251216785894
PTMA	0.15047337354729	0.00840253294830514	0.980238036909556	0.00840253294830514
NDUFV3	0.150492435902368	0.00937473826206943	0.980238036909556	0.00937473826206943
NUDT21	0.150567642171929	-0.0131081377438799	0.980238036909556	-0.0131081377438799
GATD3B	0.15062481845788	0.0238978084865524	0.980238036909556	0.0238978084865524
INTS3	0.150874391661352	0.00929437632264258	0.980238036909556	0.00929437632264258
NRG2	0.150908012385345	0.0151311790217372	0.980238036909556	0.0151311790217372
LINC02482	0.151073686577245	0.0170071819755775	0.980238036909556	0.0170071819755775
N4BP2L1	0.151079202569978	0.00960623439524619	0.980238036909556	0.00960623439524619
DYSF	0.151202602820182	0.00755102946782668	0.980238036909556	0.00755102946782668
DYNC2H1	0.151319309172191	-0.0123616763668894	0.980238036909556	-0.0123616763668894
HDDC2	0.151521427213723	-0.0222945947793622	0.980238036909556	-0.0222945947793622
GRIA2	0.15156709208316	0.0128359694002219	0.980238036909556	0.0128359694002219
GRK3	0.151586622352248	-0.0177912202580949	0.980238036909556	-0.0177912202580949
KAT2A	0.151793798182816	0.0109541534499782	0.980238036909556	0.0109541534499782
CD99L2	0.151836978511094	0.00877548150812965	0.980238036909556	0.00877548150812965
RNF2	0.151886535312819	0.0168948699082127	0.980238036909556	0.0168948699082127
PRKAR1A	0.152148905114674	0.013645783490764	0.980238036909556	0.013645783490764
PTPRM	0.152193841592872	-0.0128292703091657	0.980238036909556	-0.0128292703091657
MORN4	0.152258946292194	0.0198600035596417	0.980238036909556	0.0198600035596417
CYB5R3	0.152278666245479	0.00972319976841917	0.980238036909556	0.00972319976841917
GRIA1	0.152278750806142	0.0272668689512251	0.980238036909556	0.0272668689512251
PIEZO2	0.152281383902913	-0.00721407151169181	0.980238036909556	-0.00721407151169181
EVI5L	0.15228426143813	-0.00765049136249099	0.980238036909556	-0.00765049136249099
SHFL	0.152472511362591	-0.0227928494019994	0.980238036909556	-0.0227928494019994
AC008269.1	0.152483304024229	0.0211327061289232	0.980238036909556	0.0211327061289232
PRKCE	0.152538859930937	-0.00997541686722165	0.980238036909556	-0.00997541686722165
PIGG	0.152570467070089	0.0100469352646034	0.980238036909556	0.0100469352646034
MAPK14	0.152590986337315	-0.00898973558336817	0.980238036909556	-0.00898973558336817
ADD2	0.152647052552211	-0.034811648595688	0.980238036909556	-0.034811648595688
CPSF4	0.152824272905015	0.0169784338513499	0.980238036909556	0.0169784338513499
TRIM23	0.153045699245986	-0.0147704901327081	0.980238036909556	-0.0147704901327081
DGKZ	0.153083922002147	-0.0168268120603338	0.980238036909556	-0.0168268120603338
PLXNC1	0.153123941549225	-0.0220413550458117	0.980238036909556	-0.0220413550458117
HECA	0.153130079101526	-0.0170492668529875	0.980238036909556	-0.0170492668529875
TCTA	0.15328126387126	0.0145873936839059	0.980238036909556	0.0145873936839059
WHAMM	0.153442315444037	-0.0109859909977117	0.980238036909556	-0.0109859909977117
PIH1D1	0.153554706992563	0.0143325728593807	0.980238036909556	0.0143325728593807
RALGPS1	0.153669437199598	-0.0064018199975634	0.980238036909556	-0.0064018199975634
PKN1	0.153741627946932	0.0106292697413788	0.980238036909556	0.0106292697413788
UBAP1	0.153759678341619	0.00763082197601072	0.980238036909556	0.00763082197601072
ATP1B1	0.153875034648147	0.00916782518282568	0.980238036909556	0.00916782518282568
APBB2	0.154000236045036	-0.00488496498443072	0.980238036909556	-0.00488496498443072
LTV1	0.154270964805351	-0.0172772036648511	0.980238036909556	-0.0172772036648511
TCEA1	0.154271280852363	-0.00981344865546306	0.980238036909556	-0.00981344865546306
MYH14	0.154440910375809	0.0093692768534626	0.980238036909556	0.0093692768534626
DHCR7	0.154545405692763	0.0170079386836288	0.980238036909556	0.0170079386836288
ZNF444	0.154618185224395	0.0110642464685322	0.980238036909556	0.0110642464685322
SYN2	0.154659830207893	0.0279064777101184	0.980238036909556	0.0279064777101184
MIDN	0.154732579569388	0.0145275208765873	0.980238036909556	0.0145275208765873
RBM15	0.154745171789948	-0.0196266925782814	0.980238036909556	-0.0196266925782814
MCM7	0.154752848504298	-0.0184964181779876	0.980238036909556	-0.0184964181779876
NCAPH2	0.154785845379036	0.0167025963195634	0.980238036909556	0.0167025963195634
SGPL1	0.15513022456945	0.0124329898543675	0.980238036909556	0.0124329898543675
RASGRF2	0.155156132761382	0.0100131543998163	0.980238036909556	0.0100131543998163
AL513548.1	0.155168324658683	0.0221437717242459	0.980238036909556	0.0221437717242459
SELENOF	0.155192195256422	0.0116772774867087	0.980238036909556	0.0116772774867087
AP001442.1	0.155194623559681	0.0310975181679385	0.980238036909556	0.0310975181679385
ZNF235	0.155273141047074	0.0115922164971944	0.980238036909556	0.0115922164971944
LINC00663	0.155622018975709	0.0159784335390432	0.980238036909556	0.0159784335390432
LINC02614	0.155848109961553	0.0204394151206075	0.980238036909556	0.0204394151206075
GABRB3	0.155866584119145	0.0295994237804375	0.980238036909556	0.0295994237804375
AMOTL2	0.155970401784752	0.0093631717148158	0.980238036909556	0.0093631717148158
AL021368.2	0.156038218197397	0.00986837009080637	0.980238036909556	0.00986837009080637
FAM241A	0.156045291425379	0.011399742386595	0.980238036909556	0.011399742386595
STK39	0.156102891218756	-0.00592628598490523	0.980238036909556	-0.00592628598490523
AC004158.1	0.156225437639947	0.00918927837373592	0.980238036909556	0.00918927837373592
AL139294.1	0.156710915418336	-0.0314765029080197	0.980238036909556	-0.0314765029080197
NAV1	0.156790825037877	-0.00485449621243271	0.980238036909556	-0.00485449621243271
LSM4	0.156812051835732	0.0197565460748814	0.980238036909556	0.0197565460748814
TCTN3	0.156910062250142	0.0147689709017528	0.980238036909556	0.0147689709017528
AL353135.2	0.156936192259226	0.0421795090166902	0.980238036909556	0.0421795090166902
DANT2	0.156938576591415	0.0107505912518168	0.980238036909556	0.0107505912518168
IQSEC1	0.157320746420968	-0.00794411098564605	0.980238036909556	-0.00794411098564605
GPN3	0.157465353034429	0.0208378772354874	0.980238036909556	0.0208378772354874
TBC1D20	0.157636908545187	0.0125922554028498	0.980238036909556	0.0125922554028498
CBFB	0.157712879462317	0.00643720054495722	0.980238036909556	0.00643720054495722
SLC30A7	0.157852678160212	-0.00946886214645522	0.980238036909556	-0.00946886214645522
POLD2	0.157869726165103	-0.0147594141773585	0.980238036909556	-0.0147594141773585
MGAT4C	0.157974861632941	0.028526562245313	0.980238036909556	0.028526562245313
SLC35E1	0.158008249098589	0.0156420322946965	0.980238036909556	0.0156420322946965
BTBD7	0.158131474011717	0.00541027815707881	0.980238036909556	0.00541027815707881
FUT8	0.158187306740574	0.00466324926019969	0.980238036909556	0.00466324926019969
TET1	0.15826845209573	-0.0121851024391427	0.980238036909556	-0.0121851024391427
ZNF519	0.158297076417446	-0.0259344258553701	0.980238036909556	-0.0259344258553701
BPNT1	0.158340462715045	0.0189104687774691	0.980238036909556	0.0189104687774691
AC082651.1	0.158418878255603	0.0124882015435878	0.980238036909556	0.0124882015435878
XYLT1	0.158467986043572	-0.0126664327106893	0.980238036909556	-0.0126664327106893
ETFDH	0.158487848999362	-0.00979303014408646	0.980238036909556	-0.00979303014408646
GTF3C2	0.158615157811508	0.0111679147752594	0.980238036909556	0.0111679147752594
UBE3A	0.158632420315713	0.00753332732082469	0.980238036909556	0.00753332732082469
TRAPPC3	0.158661191895614	0.0172830558638917	0.980238036909556	0.0172830558638917
MBOAT2	0.158749193481483	-0.00599680914079684	0.980238036909556	-0.00599680914079684
KDM4B	0.158906728835162	-0.00897492793346871	0.980238036909556	-0.00897492793346871
AC135050.3	0.159058073526776	0.0137886273661673	0.980238036909556	0.0137886273661673
TMEM218	0.159168516285275	0.0221307617241643	0.980238036909556	0.0221307617241643
GTF2IRD2B	0.159179120783642	0.00955352507481245	0.980238036909556	0.00955352507481245
MPST	0.159220472018008	0.012153172485904	0.980238036909556	0.012153172485904
BCL7A	0.159278093804635	0.00906574690404498	0.980238036909556	0.00906574690404498
WDR44	0.159320611579029	0.00748701640043235	0.980238036909556	0.00748701640043235
UBE2V2	0.159376099955403	-0.0133552908701447	0.980238036909556	-0.0133552908701447
GREM1	0.159394605332954	-0.00964065925441542	0.980238036909556	-0.00964065925441542
ADAMTS19	0.159421134210276	0.0157782360711414	0.980238036909556	0.0157782360711414
NEBL	0.159821723247284	-0.0277613855046401	0.980238036909556	-0.0277613855046401
AC103770.1	0.159898621131186	0.0181084408268056	0.980238036909556	0.0181084408268056
BRI3	0.159899057080796	-0.00868309774046462	0.980238036909556	-0.00868309774046462
ZNF345	0.159936683285376	-0.00958318142165557	0.980238036909556	-0.00958318142165557
RAB30	0.159997574928032	-0.0061617783019167	0.980238036909556	-0.0061617783019167
EXOC1	0.16018477101922	0.0069813685649446	0.980238036909556	0.0069813685649446
SIRT5	0.16021905526269	0.0126633024916736	0.980238036909556	0.0126633024916736
MOGS	0.160265383783127	-0.0182280975204649	0.980238036909556	-0.0182280975204649
CAPN13	0.160320673331681	0.0177775765082683	0.980238036909556	0.0177775765082683
LAMTOR5-AS1	0.16033107036191	-0.0127709572573447	0.980238036909556	-0.0127709572573447
ZKSCAN7	0.160539867256756	0.0197675671897943	0.980238036909556	0.0197675671897943
ZBTB4	0.160547166123283	0.00750228544247562	0.980238036909556	0.00750228544247562
UHRF1BP1	0.160588394532339	-0.0142213191666267	0.980238036909556	-0.0142213191666267
SNTG1	0.160640022330549	0.0269205807105015	0.980238036909556	0.0269205807105015
TUBGCP6	0.160686218381674	0.0143743865332984	0.980238036909556	0.0143743865332984
AC090578.1	0.16075683420446	0.0320473162179961	0.980238036909556	0.0320473162179961
TCF20	0.160877187133235	0.00596727675842521	0.980238036909556	0.00596727675842521
ZNF766	0.160891812059871	-0.0141741382259247	0.980238036909556	-0.0141741382259247
PPP1R21	0.160929762297438	0.00517426171053952	0.980238036909556	0.00517426171053952
NFIB	0.161054982731816	-0.0064260745103504	0.980238036909556	-0.0064260745103504
DNAJB1	0.161115460272637	0.0195807207648931	0.980238036909556	0.0195807207648931
SRRT	0.161504772929557	0.0117783817760595	0.980238036909556	0.0117783817760595
PIP5K1A	0.16151465861847	-0.00895684037883281	0.980238036909556	-0.00895684037883281
FANCB	0.161661020008869	-0.0131202359555085	0.980238036909556	-0.0131202359555085
AC008571.2	0.161763178816003	0.00880014803069957	0.980238036909556	0.00880014803069957
FIG4	0.161815118519072	0.0110912410340469	0.980238036909556	0.0110912410340469
ANKRD6	0.162031666608109	-0.0285235901663552	0.980238036909556	-0.0285235901663552
RYBP	0.16224288625219	-0.00588054535505489	0.980238036909556	-0.00588054535505489
SRSF9	0.162251552973473	-0.018490085255076	0.980238036909556	-0.018490085255076
CEP164	0.162286788281798	0.00947595396697858	0.980238036909556	0.00947595396697858
ARFRP1	0.162329477717583	0.0136638228656708	0.980238036909556	0.0136638228656708
CIR1	0.162360721641508	0.00919465196500766	0.980238036909556	0.00919465196500766
NRG3	0.162387917620676	0.02697635963752	0.980238036909556	0.02697635963752
ANKRD13C	0.162569341412755	-0.00662940441911642	0.980238036909556	-0.00662940441911642
GOT2	0.16276019539624	0.0143639917733458	0.980238036909556	0.0143639917733458
ITGA9-AS1	0.162797268051408	-0.0240972344643987	0.980238036909556	-0.0240972344643987
CD59	0.162868276042725	-0.0267116699630065	0.980238036909556	-0.0267116699630065
ZNF23	0.162942186779115	-0.0157057937592452	0.980238036909556	-0.0157057937592452
TBCB	0.162997684961275	0.0106006071626894	0.980238036909556	0.0106006071626894
HADH	0.163026304797571	0.0150575756661225	0.980238036909556	0.0150575756661225
CLPB	0.163087728145721	0.0120862642156164	0.980238036909556	0.0120862642156164
RAB18	0.163362855178115	-0.0108076286083363	0.980238036909556	-0.0108076286083363
CPSF3	0.163407429542311	-0.0130310959448412	0.980238036909556	-0.0130310959448412
UBQLN4	0.163533630867408	0.0131173030629546	0.980238036909556	0.0131173030629546
ARPC5L	0.163682285091037	-0.0270523763364009	0.980238036909556	-0.0270523763364009
TEX22	0.164207617703205	0.01895341023555	0.980238036909556	0.01895341023555
BBS1	0.164251023075032	-0.0189279707661882	0.980238036909556	-0.0189279707661882
TSPAN14	0.164273816682525	-0.0132455879064698	0.980238036909556	-0.0132455879064698
LINC00463	0.164424927571795	-0.0141154998520826	0.980238036909556	-0.0141154998520826
TLK1	0.164477972547376	-0.0136160007053922	0.980238036909556	-0.0136160007053922
ZNF226	0.164563909205304	0.0117359347986505	0.980238036909556	0.0117359347986505
RBCK1	0.164610547629198	-0.0121681596751711	0.980238036909556	-0.0121681596751711
ILDR2	0.16474039128939	-0.0169411571604233	0.980238036909556	-0.0169411571604233
RHOBTB1	0.164877793591299	0.00818516536258301	0.980238036909556	0.00818516536258301
GATB	0.164906049357672	0.0119198414242848	0.980238036909556	0.0119198414242848
ATP5MPL	0.165360663468438	-0.0201091249306717	0.980238036909556	-0.0201091249306717
UBA1	0.165440752550565	0.0110040473847316	0.980238036909556	0.0110040473847316
MED1	0.165491299637258	-0.0108920327638075	0.980238036909556	-0.0108920327638075
SRSF8	0.165610114188851	-0.0173654321649879	0.980238036909556	-0.0173654321649879
CYP2J2	0.165681862844031	-0.0101644205277507	0.980238036909556	-0.0101644205277507
SLC4A5	0.165768594133109	-0.0128997429751272	0.980238036909556	-0.0128997429751272
NOMO2	0.165823394731369	0.0229059004537534	0.980238036909556	0.0229059004537534
MEAK7	0.165827663335801	-0.021164472165814	0.980238036909556	-0.021164472165814
CPS1	0.165988724276134	0.0208265140375613	0.980238036909556	0.0208265140375613
TMEM184C	0.166004768672031	-0.0119643266154457	0.980238036909556	-0.0119643266154457
CEP250	0.166136579618109	0.0131110081814941	0.980238036909556	0.0131110081814941
FNDC3A	0.166320521125888	-0.00607556868103994	0.980238036909556	-0.00607556868103994
SLC25A5	0.166422856281029	-0.0296567770590705	0.980238036909556	-0.0296567770590705
DDRGK1	0.166513323045822	-0.0133581557406934	0.980238036909556	-0.0133581557406934
IFT52	0.166573811529059	0.0111395737044802	0.980238036909556	0.0111395737044802
AGAP9	0.166611868350898	-0.0175744019490148	0.980238036909556	-0.0175744019490148
NAGLU	0.166626583269594	-0.0112610639393689	0.980238036909556	-0.0112610639393689
CDK17	0.166636319183379	-0.00546324641474337	0.980238036909556	-0.00546324641474337
ZBTB24	0.166667335572437	-0.0191634592448565	0.980238036909556	-0.0191634592448565
ZNF208	0.1667167950801	0.0139803797699311	0.980238036909556	0.0139803797699311
MDC1	0.166728001354644	0.0148339017645975	0.980238036909556	0.0148339017645975
NAT10	0.166742032214461	0.011809557136344	0.980238036909556	0.011809557136344
PHYHIPL	0.166869473947054	-0.0064248827224988	0.980238036909556	-0.0064248827224988
TNR	0.166975701422228	-0.0300851488856707	0.980238036909556	-0.0300851488856707
AP3M1	0.166992210196222	-0.0152256233474667	0.980238036909556	-0.0152256233474667
AL078604.4	0.167032915180059	-0.0224887349419529	0.980238036909556	-0.0224887349419529
TRIM2	0.167065502315052	-0.00480061116324992	0.980238036909556	-0.00480061116324992
TOPORS	0.167134847452952	0.0140000937094237	0.980238036909556	0.0140000937094237
TMEM50A	0.167223679792011	-0.0149039722949211	0.980238036909556	-0.0149039722949211
NTHL1	0.167388549996411	0.0174407480223999	0.980238036909556	0.0174407480223999
ALDH3A2	0.167405657015443	-0.0106972485503871	0.980238036909556	-0.0106972485503871
ZNF706	0.167406597270982	0.00616227036447582	0.980238036909556	0.00616227036447582
CLEC11A	0.167426505699585	0.0252395272942057	0.980238036909556	0.0252395272942057
MICOS10	0.167478199832462	0.025780832009528	0.980238036909556	0.025780832009528
MLKL	0.167751646697146	-0.0219378189713854	0.980238036909556	-0.0219378189713854
FBXW11	0.167753268745687	0.00702631828122396	0.980238036909556	0.00702631828122396
YEATS2-AS1	0.167839396811409	0.0267404742906993	0.980238036909556	0.0267404742906993
HCN2	0.168056080111905	0.0115823342340394	0.980238036909556	0.0115823342340394
POT1-AS1	0.168085684114615	0.00982884380039531	0.980238036909556	0.00982884380039531
SUSD6	0.168107446766192	0.0107171218132858	0.980238036909556	0.0107171218132858
LINC00599	0.168164421769985	0.0390733636671868	0.980238036909556	0.0390733636671868
NRCAM	0.168173570301437	0.0254444049517035	0.980238036909556	0.0254444049517035
TIMM13	0.16830948677667	0.0193575123109421	0.980238036909556	0.0193575123109421
MND1	0.168429819709023	-0.0151777529256196	0.980238036909556	-0.0151777529256196
ZNF439	0.16847575189233	-0.00921033810953267	0.980238036909556	-0.00921033810953267
LINC00159	0.168530207390175	-0.013440782242315	0.980238036909556	-0.013440782242315
TIMM29	0.168530656267612	-0.0162238540459908	0.980238036909556	-0.0162238540459908
PRKCQ	0.168581949071265	0.00840492593700274	0.980238036909556	0.00840492593700274
SETD1B	0.168640133415006	0.0182115364783887	0.980238036909556	0.0182115364783887
AZGP1	0.168687465490306	-0.0188641709725291	0.980238036909556	-0.0188641709725291
AL139383.1	0.168760323058218	0.00899440238437062	0.980238036909556	0.00899440238437062
DNAJB6	0.168811369832295	-0.0103516006748207	0.980238036909556	-0.0103516006748207
ZNF471	0.16896781265384	0.0113987843897377	0.980238036909556	0.0113987843897377
CNTLN	0.168974019546953	0.0115675865327938	0.980238036909556	0.0115675865327938
MIAT	0.168975165757235	0.0285468155258944	0.980238036909556	0.0285468155258944
CACNA1C	0.169187990732788	-0.0248436335506208	0.980238036909556	-0.0248436335506208
TMEM246-AS1	0.169239717505387	0.0159282719216755	0.980238036909556	0.0159282719216755
AP003086.1	0.169378984656084	0.0234776259984056	0.980238036909556	0.0234776259984056
ARV1	0.169385440384757	0.0150348005785123	0.980238036909556	0.0150348005785123
BLOC1S4	0.169756851625824	-0.0247098406078971	0.980238036909556	-0.0247098406078971
HIP1R	0.169837341400105	-0.00711558818581368	0.980238036909556	-0.00711558818581368
ZNF451	0.169845811173465	-0.00574045359203213	0.980238036909556	-0.00574045359203213
HARBI1	0.169856760502728	0.0162196499347838	0.980238036909556	0.0162196499347838
SH3BP4	0.170100703498724	0.00807375387960467	0.980238036909556	0.00807375387960467
SGIP1	0.170153703213003	-0.00668602866602947	0.980238036909556	-0.00668602866602947
ANKRD18A	0.17027059851593	-0.0161195112318438	0.980238036909556	-0.0161195112318438
HAGLR	0.17034847572096	0.0242465119043022	0.980238036909556	0.0242465119043022
ATE1	0.170689576574161	-0.00569477595518778	0.980238036909556	-0.00569477595518778
BIRC6	0.170770335969969	0.00471301405637671	0.980238036909556	0.00471301405637671
FAM200B	0.170854478654942	0.0129148060771917	0.980238036909556	0.0129148060771917
KDM4A	0.170963534224121	0.0136668797639884	0.980238036909556	0.0136668797639884
IFT80	0.170975670399912	0.00674803028560444	0.980238036909556	0.00674803028560444
PEX14	0.171020298591728	-0.00959249480327907	0.980238036909556	-0.00959249480327907
RNF25	0.171086768275709	-0.0246853765814895	0.980238036909556	-0.0246853765814895
NFASC	0.171141891885587	-0.00477536155002604	0.980238036909556	-0.00477536155002604
KEL	0.171170055051184	-0.0145500242408232	0.980238036909556	-0.0145500242408232
AC090015.1	0.171249804207447	0.00916121378169405	0.980238036909556	0.00916121378169405
TMEM175	0.171273815307822	0.0122962460520946	0.980238036909556	0.0122962460520946
AL357079.1	0.171390873615467	0.0199855183560859	0.980238036909556	0.0199855183560859
CES4A	0.171740231342149	0.0112258896741413	0.980238036909556	0.0112258896741413
SLC35A1	0.171756876797847	0.0165814315907077	0.980238036909556	0.0165814315907077
CNN3	0.171765122869345	0.0140676950861795	0.980238036909556	0.0140676950861795
AL512422.1	0.171791988549786	0.0283031450732954	0.980238036909556	0.0283031450732954
PRPF6	0.171965654001304	0.00758153840845855	0.980238036909556	0.00758153840845855
CNTNAP5	0.172108330972886	0.0264070254450461	0.980238036909556	0.0264070254450461
UBE2L3	0.172113570641463	-0.00789408172406093	0.980238036909556	-0.00789408172406093
SATB1	0.17217510351478	-0.0281887380581637	0.980238036909556	-0.0281887380581637
GPR37	0.172295745132448	0.0087773894163687	0.980238036909556	0.0087773894163687
SLC44A2	0.172337243558518	0.0116545775592418	0.980238036909556	0.0116545775592418
AKTIP	0.1725471194128	-0.0160869120727677	0.980238036909556	-0.0160869120727677
AP2B1	0.172733984792005	0.0084406267627045	0.980238036909556	0.0084406267627045
CA5B	0.172863443612011	0.0100570655318133	0.980238036909556	0.0100570655318133
RAB12	0.172977806721099	-0.0093874025271466	0.980238036909556	-0.0093874025271466
ITPR1	0.173114776024267	-0.0226115863469781	0.980238036909556	-0.0226115863469781
MRPL43	0.17312507949206	-0.0156493926923763	0.980238036909556	-0.0156493926923763
SMC5	0.173228324663603	-0.00700175530223655	0.980238036909556	-0.00700175530223655
KANSL2	0.173232259581172	0.0127916541133022	0.980238036909556	0.0127916541133022
AC105052.4	0.173308333106189	-0.0142658807813258	0.980238036909556	-0.0142658807813258
FYTTD1	0.173448887481782	-0.0135811124966505	0.980238036909556	-0.0135811124966505
FAM222A	0.173572195876695	0.00794640211572325	0.980238036909556	0.00794640211572325
LINC00847	0.173607202470994	0.020061008068658	0.980238036909556	0.020061008068658
TMEM170B	0.173873618267891	0.0164358428398748	0.980238036909556	0.0164358428398748
DIO2	0.17388468989863	-0.0247522278439363	0.980238036909556	-0.0247522278439363
TEX261	0.173924681497218	0.0131918144369837	0.980238036909556	0.0131918144369837
FBXO36	0.173925458519448	0.0164267815041493	0.980238036909556	0.0164267815041493
SPARC	0.174140360768673	-0.0195426760392211	0.980238036909556	-0.0195426760392211
AC015712.1	0.174213144563807	0.0208664012363019	0.980238036909556	0.0208664012363019
MEPCE	0.174297704536089	0.0206581267949717	0.980238036909556	0.0206581267949717
EHD1	0.174422207440328	0.0135201469464906	0.980238036909556	0.0135201469464906
TTC9C	0.174425091289899	0.0116700368930919	0.980238036909556	0.0116700368930919
NEMP1	0.174425367968013	0.0198492658311615	0.980238036909556	0.0198492658311615
EIF6	0.174594777972345	0.0240058588741587	0.980238036909556	0.0240058588741587
CAPRIN1	0.174618324931543	0.0092231664787778	0.980238036909556	0.0092231664787778
PITRM1	0.174640727433656	-0.0120966589227918	0.980238036909556	-0.0120966589227918
PRICKLE2	0.174757219583734	-0.024254009884284	0.980238036909556	-0.024254009884284
UCN	0.17478920147898	-0.0152370829222395	0.980238036909556	-0.0152370829222395
ASPHD1	0.174791258042154	0.00882041723983792	0.980238036909556	0.00882041723983792
TXLNG	0.174855767854118	0.00977462006266676	0.980238036909556	0.00977462006266676
SLFN5	0.174911018995257	0.0241878912438613	0.980238036909556	0.0241878912438613
DNAJC7	0.17507936706649	-0.00678885723345615	0.980238036909556	-0.00678885723345615
MBD6	0.175089701929717	0.0140562756008747	0.980238036909556	0.0140562756008747
REEP1	0.175301882637131	0.0255760764168979	0.980238036909556	0.0255760764168979
DEAF1	0.17541135333976	-0.0123665443163685	0.980238036909556	-0.0123665443163685
TPRKB	0.175479504609001	0.0180708306093436	0.980238036909556	0.0180708306093436
MLH1	0.17555954811055	-0.0108048424766167	0.980238036909556	-0.0108048424766167
SCAF8	0.175640536533393	-0.00582283741933316	0.980238036909556	-0.00582283741933316
LSM14A	0.175669123551867	0.00513132242357846	0.980238036909556	0.00513132242357846
RBM5	0.175699185290481	0.00646061054458935	0.980238036909556	0.00646061054458935
MARCH5	0.175864416427087	0.0101562217847251	0.980238036909556	0.0101562217847251
VPS33B	0.175962558287281	0.0176057226498274	0.980238036909556	0.0176057226498274
PLD3	0.175965482026638	0.00926728672575321	0.980238036909556	0.00926728672575321
TAPT1-AS1	0.175982367561595	0.00662564957042486	0.980238036909556	0.00662564957042486
TTYH3	0.176128719884971	-0.0220106011628164	0.980238036909556	-0.0220106011628164
EEF2K	0.176164712239134	-0.0205445109600561	0.980238036909556	-0.0205445109600561
HDAC4	0.17621021984621	-0.00686347141271665	0.980238036909556	-0.00686347141271665
SCFD1	0.176520494725227	-0.00668103455476444	0.981453950672264	-0.00668103455476444
TUT7	0.176734066794551	-0.00812642000648611	0.982131213344799	-0.00812642000648611
SLC20A1	0.176922393018457	0.0152157422425007	0.982565221585526	0.0152157422425007
TRAF7	0.176995771953368	0.0192805103860478	0.982565221585526	0.0192805103860478
SLK	0.177294745136212	-0.00906945242294698	0.983075782480804	-0.00906945242294698
NPTN	0.177406088356735	-0.0171944452568734	0.983075782480804	-0.0171944452568734
EIF4H	0.177468577511478	-0.0125773108585814	0.983075782480804	-0.0125773108585814
TMLHE	0.177739544424614	-0.0175460258751473	0.983075782480804	-0.0175460258751473
AC015871.1	0.177801179542496	-0.0198189584999736	0.983075782480804	-0.0198189584999736
CTBP1	0.177879437097842	-0.011151198224591	0.983075782480804	-0.011151198224591
NFKBIB	0.178025994373306	-0.0166170710827826	0.983075782480804	-0.0166170710827826
UBALD1	0.178063901169584	0.0146452751234137	0.983075782480804	0.0146452751234137
POT1	0.178074277857638	0.010233681997207	0.983075782480804	0.010233681997207
RPL18	0.178087584980949	0.0139147577342388	0.983075782480804	0.0139147577342388
DNM2	0.178098097937987	-0.00704762623972118	0.983075782480804	-0.00704762623972118
ANKRD24	0.178307166160487	0.026155748696718	0.983171097947618	0.026155748696718
CHPT1	0.178345220024199	0.0198261918075239	0.983171097947618	0.0198261918075239
MTHFS	0.178597585316771	0.0174886949987341	0.983171097947618	0.0174886949987341
DYNC1H1	0.178598501422282	0.00685200958168594	0.983171097947618	0.00685200958168594
HARS2	0.178600151028287	0.0138339224083035	0.983171097947618	0.0138339224083035
DHFR2	0.178666522050651	0.0164446672087673	0.983171097947618	0.0164446672087673
INO80E	0.178849814952301	0.012292876886361	0.983179735407662	0.012292876886361
ZNF571	0.179092838840036	-0.0136057321586856	0.983179735407662	-0.0136057321586856
AL355574.1	0.179119000953237	0.0150568032583707	0.983179735407662	0.0150568032583707
KRBOX4	0.179196809619939	0.0086369368608074	0.983179735407662	0.0086369368608074
C2CD3	0.179310264352887	-0.00892186914527861	0.983179735407662	-0.00892186914527861
LMO4	0.179311121534665	0.0230463679130127	0.983179735407662	0.0230463679130127
PIGK	0.179335786890539	0.0101339054919468	0.983179735407662	0.0101339054919468
DIRAS2	0.179487777045163	-0.028799779436845	0.983179735407662	-0.028799779436845
DPY19L4	0.17949483350337	0.00914888260698523	0.983179735407662	0.00914888260698523
AC013287.1	0.179785464702779	-0.0326734274064621	0.983274493333542	-0.0326734274064621
ZNF682	0.179905733290319	0.0115982418378181	0.983274493333542	0.0115982418378181
CSDE1	0.180069034709343	0.00924709683201621	0.983274493333542	0.00924709683201621
SOBP	0.18015597061862	-0.0055354177247293	0.983274493333542	-0.0055354177247293
SAP30	0.180193553281177	0.0191907665573335	0.983274493333542	0.0191907665573335
USP22	0.180218413337108	-0.00749738614393685	0.983274493333542	-0.00749738614393685
AL359921.1	0.180264157130328	-0.0199262095559717	0.983274493333542	-0.0199262095559717
MTIF2	0.180292382296096	-0.0160373481702401	0.983274493333542	-0.0160373481702401
AC020909.2	0.180445220146249	0.0148963047019579	0.983274493333542	0.0148963047019579
DHX30	0.180447827932597	0.0084079320447167	0.983274493333542	0.0084079320447167
YBEY	0.18052269264696	0.0126868630560321	0.983274493333542	0.0126868630560321
NIPA2	0.180645194990408	-0.012752886989257	0.983441262452868	-0.012752886989257
MALAT1	0.181098906520028	0.00589087409807021	0.983541500682065	0.00589087409807021
HECTD2	0.181275210300895	-0.0199281795324465	0.983541500682065	-0.0199281795324465
AC093849.4	0.181312690765698	0.014972525730201	0.983541500682065	0.014972525730201
LIPA	0.181412325975851	0.00521034773259756	0.983541500682065	0.00521034773259756
DYRK1B	0.181439265460438	-0.0200611491132723	0.983541500682065	-0.0200611491132723
LRRN1	0.181514279366535	-0.022027219776792	0.983541500682065	-0.022027219776792
FRK	0.181550497173665	-0.0130379739608265	0.983541500682065	-0.0130379739608265
MBD4	0.181812499551051	-0.0113131209365244	0.983541500682065	-0.0113131209365244
PSD3	0.181824728862035	0.00630902733730958	0.983541500682065	0.00630902733730958
NCAM1	0.181926036436904	-0.00326236540817014	0.983541500682065	-0.00326236540817014
WIPI2	0.182096483368593	-0.00848639756469408	0.983541500682065	-0.00848639756469408
JAK1	0.182226798465344	0.00677124684371989	0.983541500682065	0.00677124684371989
AC119674.1	0.18241605578908	-0.0133271500982003	0.983541500682065	-0.0133271500982003
TMEM39B	0.18246764497035	0.0121918927693097	0.983541500682065	0.0121918927693097
INSR	0.18247310200334	0.0058904609560858	0.983541500682065	0.0058904609560858
MKRN2	0.182570467169038	-0.0208544341662378	0.983541500682065	-0.0208544341662378
THAP2	0.182597761015128	0.013408359843944	0.983541500682065	0.013408359843944
DHRS12	0.182646559671924	0.0154777989667804	0.983541500682065	0.0154777989667804
ZFHX3	0.182648945583637	0.0124102918836104	0.983541500682065	0.0124102918836104
GM2A	0.182763941474801	0.0171998887906093	0.983541500682065	0.0171998887906093
HNRNPD	0.182774035837205	-0.00670834564451617	0.983541500682065	-0.00670834564451617
ZNF586	0.182884406078806	0.00932278897098814	0.983541500682065	0.00932278897098814
ZNF212	0.182888323571985	0.0178629536245821	0.983541500682065	0.0178629536245821
ZNF655	0.182935230217544	-0.00902239238715131	0.983541500682065	-0.00902239238715131
LSS	0.182960957475286	-0.00686874197465669	0.983541500682065	-0.00686874197465669
LYRM9	0.183227362505355	0.0155341103630182	0.983638403544058	0.0155341103630182
SPAG9	0.183274584813898	0.00505006359081721	0.983638403544058	0.00505006359081721
C12orf66	0.183291572764619	0.0169947756969768	0.983638403544058	0.0169947756969768
BTBD8	0.183346595820835	0.008464186246111	0.983638403544058	0.008464186246111
TMEM143	0.183642114535648	0.0112533813433839	0.984268045224032	0.0112533813433839
MAPK6	0.183647882492048	0.00677410486231851	0.984268045224032	0.00677410486231851
AC096564.2	0.183796131435355	0.0184278519129135	0.984569566943243	0.0184278519129135
JUN	0.184136229483106	-0.0173747193733566	0.985387947186943	-0.0173747193733566
GARNL3	0.184307170122601	0.00632078590916229	0.985387947186943	0.00632078590916229
MYH7B	0.184311660079373	0.0104839111083529	0.985387947186943	0.0104839111083529
AC026341.1	0.184446621546743	0.0115554866273313	0.985387947186943	0.0115554866273313
STT3A	0.184508739500873	-0.0162239674953064	0.985387947186943	-0.0162239674953064
RAD52	0.184515747884659	0.0102791876117453	0.985387947186943	0.0102791876117453
TAF12	0.184888197410757	-0.0120904329806545	0.985387947186943	-0.0120904329806545
SFXN2	0.184961718898108	-0.0207842263141527	0.985387947186943	-0.0207842263141527
CLK2	0.184983799637224	0.0149637794078297	0.985387947186943	0.0149637794078297
BOD1L1	0.18504731126167	-0.00845959501156339	0.985387947186943	-0.00845959501156339
MON1A	0.185071685763514	-0.018594314685111	0.985387947186943	-0.018594314685111
POM121	0.185135521887217	0.00802853968821435	0.985387947186943	0.00802853968821435
DNER	0.185145768643646	0.00579834514024072	0.985387947186943	0.00579834514024072
PPP2R5D	0.185284967484771	0.018861640357496	0.985399047857714	0.018861640357496
CCDC18-AS1	0.185402449351625	0.0063921434984223	0.985399047857714	0.0063921434984223
AGBL5	0.185424057029378	0.0206149030902809	0.985399047857714	0.0206149030902809
EML2	0.18596040355758	0.00652355602361847	0.987330429222939	0.00652355602361847
GOLGA8A	0.185971984052457	-0.0221000930959662	0.987330429222939	-0.0221000930959662
MMAB	0.186210892262402	-0.00789342905667243	0.987831079240734	-0.00789342905667243
PREB	0.186250875260002	0.0217815690210731	0.987831079240734	0.0217815690210731
ESYT2	0.18645303883331	-0.0090367170195918	0.988243366837378	-0.0090367170195918
LIME1	0.186513276745913	0.0134005401692394	0.988243366837378	0.0134005401692394
WNK3	0.187019408446319	0.0118754048161317	0.988251474264062	0.0118754048161317
HTATSF1	0.187077162831581	0.0148274493799352	0.988251474264062	0.0148274493799352
MCTS1	0.187085574598637	0.012407610506522	0.988251474264062	0.012407610506522
LINC00342	0.187194487574881	0.00947955668140869	0.988251474264062	0.00947955668140869
DCUN1D1	0.187296706094821	0.00693193886135438	0.988251474264062	0.00693193886135438
ENPP6	0.187314131874335	-0.0144758359841955	0.988251474264062	-0.0144758359841955
ZNF618	0.187463865315632	-0.0161893122608892	0.988251474264062	-0.0161893122608892
ST18	0.187487493918225	-0.00472047521758869	0.988251474264062	-0.00472047521758869
RAB31	0.187562139726342	-0.0198725784150695	0.988251474264062	-0.0198725784150695
CHADL	0.18757628726654	0.00984644036808238	0.988251474264062	0.00984644036808238
STX8	0.187659797938465	0.00670423342744967	0.988251474264062	0.00670423342744967
FGD4	0.187724288983515	-0.0100302136675097	0.988251474264062	-0.0100302136675097
P4HA1	0.188194140615567	-0.0142412841787927	0.988251474264062	-0.0142412841787927
ARID4A	0.188320251075021	0.0069441485230905	0.988251474264062	0.0069441485230905
LETM1	0.188332395604354	0.011123004680995	0.988251474264062	0.011123004680995
SLC9A8	0.188358232635968	0.0106806840652937	0.988251474264062	0.0106806840652937
NUDT16L1	0.188763408488379	0.0162091750613732	0.988251474264062	0.0162091750613732
RNF19A	0.188832256927245	0.0109188298819889	0.988251474264062	0.0109188298819889
RABGAP1L	0.188897737992602	-0.00486250591370712	0.988251474264062	-0.00486250591370712
FGGY	0.188964270850581	0.01111402392244	0.988251474264062	0.01111402392244
SLC25A18	0.189035723340224	-0.0194905203371859	0.988251474264062	-0.0194905203371859
ELMOD3	0.189107118492086	0.00684009601521159	0.988251474264062	0.00684009601521159
OTUD4	0.189148649207491	-0.00741753033609375	0.988251474264062	-0.00741753033609375
LRP2BP	0.189177469546197	0.0107268933710468	0.988251474264062	0.0107268933710468
TCOF1	0.189395422535579	-0.0112131405944916	0.988251474264062	-0.0112131405944916
MED26	0.18941353290129	-0.0178484133689433	0.988251474264062	-0.0178484133689433
GRAMD2B	0.189496085650811	0.00863134518134365	0.988251474264062	0.00863134518134365
PDGFA	0.189510066465758	0.00865198658438173	0.988251474264062	0.00865198658438173
UQCC1	0.18961823674266	0.00722396849372004	0.988251474264062	0.00722396849372004
ALG14	0.189691552011758	-0.00963037531040692	0.988251474264062	-0.00963037531040692
CCK	0.189781086587261	0.0264153705681503	0.988251474264062	0.0264153705681503
CHST12	0.189811149974355	-0.0112135575680165	0.988251474264062	-0.0112135575680165
ING4	0.189914156773278	0.010540283415231	0.988251474264062	0.010540283415231
AC010618.3	0.189992017094322	0.0107421293429671	0.988251474264062	0.0107421293429671
DUS2	0.190038345454459	-0.0145784982304619	0.988251474264062	-0.0145784982304619
BICC1	0.190043026003772	-0.0256695733483183	0.988251474264062	-0.0256695733483183
RESF1	0.190143692482639	-0.0103163782170604	0.988251474264062	-0.0103163782170604
DYNC1LI1	0.190251846320004	-0.00979871694170578	0.988251474264062	-0.00979871694170578
SIAH1	0.190375497498321	-0.0125863540299147	0.988251474264062	-0.0125863540299147
DERL1	0.190497155431602	0.0129520127520016	0.988251474264062	0.0129520127520016
FASTKD1	0.190518712600019	0.01049694702928	0.988251474264062	0.01049694702928
KLHL4	0.190533836233151	-0.00627947224922621	0.988251474264062	-0.00627947224922621
TSPAN15	0.190606023503774	0.00779458352160973	0.988251474264062	0.00779458352160973
WDR11-AS1	0.190670428285939	0.0126258170457944	0.988251474264062	0.0126258170457944
MRPL42	0.190834668391823	0.010029626024913	0.988251474264062	0.010029626024913
MYL5	0.191057181322025	0.023771797400833	0.988251474264062	0.023771797400833
DPM2	0.191130317684986	0.0160836253677137	0.988251474264062	0.0160836253677137
TEF	0.191289877542623	-0.0105781820983688	0.988251474264062	-0.0105781820983688
CPNE1	0.191381800418123	-0.00948049538493446	0.988251474264062	-0.00948049538493446
LINC01099	0.191436755675518	-0.0180734759922383	0.988251474264062	-0.0180734759922383
SPAG16	0.191582577024289	-0.0139829715640241	0.988251474264062	-0.0139829715640241
ATF3	0.191677121818771	0.0165526800768084	0.988251474264062	0.0165526800768084
ACSL3	0.19172135702472	0.00726291067595587	0.988251474264062	0.00726291067595587
VRK2	0.191869132892797	-0.00632783068837999	0.988251474264062	-0.00632783068837999
THEMIS2	0.191882914348181	0.0185308946476107	0.988251474264062	0.0185308946476107
ANXA4	0.191951442150837	0.00697722132274926	0.988251474264062	0.00697722132274926
TRAPPC6A	0.192096774332822	-0.013323643371998	0.988251474264062	-0.013323643371998
AKT3	0.19214257520173	-0.00456641057827	0.988251474264062	-0.00456641057827
WASF1	0.192196972918854	-0.0180482032430863	0.988251474264062	-0.0180482032430863
TBC1D16	0.192205994992557	-0.0174095123761554	0.988251474264062	-0.0174095123761554
PRDM11	0.1923010608901	-0.0145008007444674	0.988251474264062	-0.0145008007444674
URB1	0.192325128390002	0.00908332049018222	0.988251474264062	0.00908332049018222
PDE8B	0.19233185283491	0.0149315660935581	0.988251474264062	0.0149315660935581
PLXNA2	0.192640686780987	-0.0279313460686807	0.989311623434433	-0.0279313460686807
KIF25	0.192723043526188	-0.0244397841124066	0.989311623434433	-0.0244397841124066
DEPDC5	0.192885058980498	0.00920451629348938	0.989668641547586	0.00920451629348938
COQ8A	0.193128126942857	0.00964106376222524	0.989792282278901	0.00964106376222524
POGLUT1	0.193174786057081	0.0128483237328958	0.989792282278901	0.0128483237328958
SEC11A	0.193278125159312	0.00853901364146718	0.989792282278901	0.00853901364146718
CERS2	0.193279068482005	0.0133704929353882	0.989792282278901	0.0133704929353882
CEP104	0.193599221865728	-0.00915317683147688	0.990001287223978	-0.00915317683147688
EIF4ENIF1	0.193621035189507	0.010044849496437	0.990001287223978	0.010044849496437
TRMT10B	0.193849277798157	0.0119885711496713	0.990001287223978	0.0119885711496713
FAAP20	0.194008121635559	-0.0152635611526899	0.990001287223978	-0.0152635611526899
FMC1	0.194105495959637	0.0207910909895635	0.990001287223978	0.0207910909895635
SMARCAL1	0.194160316994401	0.00802084703855179	0.990001287223978	0.00802084703855179
ADAMTS1	0.194269399267766	0.0123051176107294	0.990001287223978	0.0123051176107294
OPA1	0.194296295503715	-0.00725840993985321	0.990001287223978	-0.00725840993985321
FAM20C	0.194340724144808	-0.011249471577409	0.990001287223978	-0.011249471577409
CERS5	0.19436280155674	0.0104532074830738	0.990001287223978	0.0104532074830738
PCNX3	0.19449964296609	0.0161809522361539	0.990001287223978	0.0161809522361539
LIG4	0.194513840066107	0.0197454120890925	0.990001287223978	0.0197454120890925
ERI3	0.19458288173994	-0.00708514974152541	0.990001287223978	-0.00708514974152541
ZNF440	0.194691183495921	-0.0189108845351184	0.990001287223978	-0.0189108845351184
CD320	0.194843405541724	0.0149233979640896	0.990001287223978	0.0149233979640896
ABHD16A	0.194884794201127	0.016038424674503	0.990001287223978	0.016038424674503
PPIP5K1	0.19489233973474	0.0177440401528471	0.990001287223978	0.0177440401528471
RHOT2	0.195144902790488	0.0117861259243695	0.990255572175442	0.0117861259243695
ABITRAM	0.19524304451594	0.0184399774078281	0.990255572175442	0.0184399774078281
GABPA	0.195317739166352	0.00957908819709643	0.990255572175442	0.00957908819709643
AMZ2	0.195369733475453	0.0168039886647366	0.990255572175442	0.0168039886647366
KHNYN	0.195405004992482	-0.0229522676070733	0.990255572175442	-0.0229522676070733
GEN1	0.195608767327174	-0.0220915044401415	0.990819042452789	-0.0220915044401415
SRP19	0.196007540179292	0.00813490305970962	0.990980957784268	0.00813490305970962
SELENOO	0.196015835552243	0.0100750671053007	0.990980957784268	0.0100750671053007
SPIN3	0.196040508337309	-0.0173157177319868	0.990980957784268	-0.0173157177319868
LIN37	0.196063877171674	-0.0182766520056019	0.990980957784268	-0.0182766520056019
CHRM5	0.196232399821702	-0.0246447620894143	0.990980957784268	-0.0246447620894143
PPTC7	0.196256269535321	0.0154386124954415	0.990980957784268	0.0154386124954415
CLMN	0.196364855946849	-0.00513177325719862	0.990980957784268	-0.00513177325719862
PHF20L1	0.196425027407068	0.00520319830666309	0.990980957784268	0.00520319830666309
PPP1R9B	0.196634643184094	0.0233808781350519	0.990980957784268	0.0233808781350519
RAD54L2	0.196811866912384	0.00895173902978088	0.990980957784268	0.00895173902978088
RUVBL2	0.196814798165196	0.0148205782177582	0.990980957784268	0.0148205782177582
MIR29B2CHG	0.196843106671296	-0.011337310386891	0.990980957784268	-0.011337310386891
GYS1	0.196863408994827	0.0123487886774636	0.990980957784268	0.0123487886774636
CRADD	0.196968919015274	-0.00617710246745794	0.990980957784268	-0.00617710246745794
FAM227B	0.197142777726589	-0.0111250273360193	0.990980957784268	-0.0111250273360193
ZNF461	0.197162969820088	0.0120822693156066	0.990980957784268	0.0120822693156066
KIRREL3	0.197255807407864	-0.0056606905699386	0.990980957784268	-0.0056606905699386
PDE8A	0.197307336357869	-0.00514316374062922	0.990980957784268	-0.00514316374062922
NAA25	0.197433291258108	-0.00735629216638831	0.991148459819666	-0.00735629216638831
U2SURP	0.197697765767869	0.00528399903760916	0.991568074885696	0.00528399903760916
POLE4	0.197702164982348	0.0217350650558111	0.991568074885696	0.0217350650558111
UBXN8	0.197864429438729	0.0159767274788561	0.991917090530546	0.0159767274788561
POLH	0.198157022851863	-0.0160711397131019	0.992565324749776	-0.0160711397131019
GGA2	0.198216701818275	0.0122190629482144	0.992565324749776	0.0122190629482144
DST	0.198271948455108	-0.00636748571109272	0.992565324749776	-0.00636748571109272
AIMP1	0.198492123390806	0.0106609623048504	0.992705203091965	0.0106609623048504
ABHD15-AS1	0.198712135381517	-0.0216204698741994	0.992705203091965	-0.0216204698741994
DDR1	0.198770152678601	-0.0117379748816716	0.992705203091965	-0.0117379748816716
C6orf89	0.198976004638522	0.00668484041161629	0.992705203091965	0.00668484041161629
WASF2	0.199028838661326	-0.00536489018173144	0.992705203091965	-0.00536489018173144
MSRA	0.199129815126655	-0.0215649226887717	0.992705203091965	-0.0215649226887717
CCDC84	0.199154525971897	0.00923964947027063	0.992705203091965	0.00923964947027063
UPF2	0.199311097128267	0.00748879467713017	0.992705203091965	0.00748879467713017
HPN	0.19937024807943	0.010107141891793	0.992705203091965	0.010107141891793
DCBLD2	0.199627056569755	-0.0088238447952274	0.992705203091965	-0.0088238447952274
CPD	0.199753216538093	0.00674642903287949	0.992705203091965	0.00674642903287949
HNRNPK	0.199757482502657	0.00832083468124292	0.992705203091965	0.00832083468124292
MIR193BHG	0.199768131373019	0.0174641846095461	0.992705203091965	0.0174641846095461
DNAJC10	0.199919696882079	0.0113840476883499	0.992705203091965	0.0113840476883499
QRICH1	0.199968595685858	0.00901659137092759	0.992705203091965	0.00901659137092759
AKAP6	0.199991396948491	-0.00362555110553642	0.992705203091965	-0.00362555110553642
GPS1	0.200056286376892	0.0153613182485206	0.992705203091965	0.0153613182485206
TMEM9B-AS1	0.200215878907857	-0.0144265051297094	0.992705203091965	-0.0144265051297094
GNL3L	0.200303103783837	0.0117925327051193	0.992705203091965	0.0117925327051193
SECISBP2	0.200496955834136	-0.00742176437396186	0.992705203091965	-0.00742176437396186
XPO7	0.200500437917802	-0.00747299272238153	0.992705203091965	-0.00747299272238153
EFTUD2	0.200805693543722	0.0114493421735445	0.992705203091965	0.0114493421735445
Z95118.2	0.200812161195012	-0.0151332458328488	0.992705203091965	-0.0151332458328488
QKI	0.20088881305911	-0.0033879182977292	0.992705203091965	-0.0033879182977292
AP1S2	0.201044359718199	0.00885998179517726	0.992705203091965	0.00885998179517726
CHPF	0.201167652230425	0.0215422787975628	0.992705203091965	0.0215422787975628
FOXP1	0.201371529451442	0.00485845584032366	0.992705203091965	0.00485845584032366
POLR2J3	0.201599663853379	0.00751550285231147	0.992705203091965	0.00751550285231147
TBL1XR1	0.201736750439121	-0.00493461878114649	0.992705203091965	-0.00493461878114649
LINC02362	0.202072791073767	-0.0203702051608455	0.992705203091965	-0.0203702051608455
USP54	0.202168831149633	-0.00417086097822443	0.992705203091965	-0.00417086097822443
SMCR8	0.202317609268129	-0.0238985548295427	0.992705203091965	-0.0238985548295427
UBE2I	0.202348623393525	-0.00867090251381462	0.992705203091965	-0.00867090251381462
PSD2	0.202356352885855	-0.0184234184666755	0.992705203091965	-0.0184234184666755
CSTF3-DT	0.202390841672414	-0.0193777781918519	0.992705203091965	-0.0193777781918519
SCML2	0.202424276548477	0.0194220061825403	0.992705203091965	0.0194220061825403
PRKAB2	0.202466559423396	-0.0113769332849241	0.992705203091965	-0.0113769332849241
CEP131	0.202529879723177	-0.0212958494422547	0.992705203091965	-0.0212958494422547
WSB2	0.202659732720921	-0.0110109368976576	0.992705203091965	-0.0110109368976576
MICU2	0.202820459748592	0.00514919233558466	0.992705203091965	0.00514919233558466
AKAP13	0.202996849187074	-0.0267632236198485	0.992705203091965	-0.0267632236198485
YTHDC2	0.203157167505187	-0.0074453901100021	0.992705203091965	-0.0074453901100021
YWHAZ	0.203297358365622	-0.0103863559725562	0.992705203091965	-0.0103863559725562
PTEN	0.203350466480297	-0.00725557745758094	0.992705203091965	-0.00725557745758094
SH3PXD2B	0.203366710447464	-0.00825854738495165	0.992705203091965	-0.00825854738495165
PPP2CB	0.203394892913831	0.00727350252084838	0.992705203091965	0.00727350252084838
SEC22B	0.203427596791853	-0.0130512190481213	0.992705203091965	-0.0130512190481213
GARS	0.203569797627371	0.0157053511381956	0.992705203091965	0.0157053511381956
EFNB2	0.203796829299267	-0.0140248049343693	0.992705203091965	-0.0140248049343693
TJP2	0.203865803515768	0.00604865309954916	0.992705203091965	0.00604865309954916
SLC9A1	0.203906110436462	-0.0212321334842103	0.992705203091965	-0.0212321334842103
PRPF39	0.204253771408451	0.00812096946102481	0.992705203091965	0.00812096946102481
NADK	0.204295544729101	0.0134065040772844	0.992705203091965	0.0134065040772844
WIPI1	0.204363853360491	-0.0116061423956015	0.992705203091965	-0.0116061423956015
ZBED3	0.204365550130388	-0.0131770225841775	0.992705203091965	-0.0131770225841775
SNX14	0.204449367476881	0.00708085037305095	0.992705203091965	0.00708085037305095
USP15	0.204451418676386	-0.00642273801905199	0.992705203091965	-0.00642273801905199
AMD1	0.204691545698036	0.00512484015875386	0.992705203091965	0.00512484015875386
SMIM29	0.20474808370048	0.0165359391455936	0.992705203091965	0.0165359391455936
PRKAR2B	0.204842548720333	0.0278517411702166	0.992705203091965	0.0278517411702166
ANKMY1	0.204929278077647	-0.0103231907243678	0.992705203091965	-0.0103231907243678
ASAH1	0.204982580813407	0.0103186377923541	0.992705203091965	0.0103186377923541
TIMM17A	0.205175782939828	0.0187773286241082	0.992705203091965	0.0187773286241082
CEP44	0.205211149111308	-0.0106275585791913	0.992705203091965	-0.0106275585791913
CENPV	0.20538219986671	0.0177749578026884	0.992705203091965	0.0177749578026884
ZSCAN21	0.205402707158246	0.014984624377203	0.992705203091965	0.014984624377203
WDR43	0.205571732612698	-0.0107817877701984	0.992705203091965	-0.0107817877701984
BMS1	0.205649969236246	0.0101261507551899	0.992705203091965	0.0101261507551899
GRHPR	0.20578123786085	0.00959753883963507	0.992705203091965	0.00959753883963507
SAAL1	0.205867569497632	0.0169131570375888	0.992705203091965	0.0169131570375888
TAF1C	0.206010078511377	0.0146240373594894	0.992705203091965	0.0146240373594894
AK7	0.206053192399022	-0.0213129591746303	0.992705203091965	-0.0213129591746303
MRPS22	0.206069144189814	0.0122097195822066	0.992705203091965	0.0122097195822066
ZNF131	0.206239926466923	0.00661525908307644	0.992705203091965	0.00661525908307644
TMEM104	0.206291253436559	0.0129812332103253	0.992705203091965	0.0129812332103253
AC010884.1	0.206473575018953	0.0179194824619202	0.992705203091965	0.0179194824619202
SOAT1	0.206624553922659	-0.0172368983143644	0.992705203091965	-0.0172368983143644
CABP1	0.206636634384526	0.0284325572546765	0.992705203091965	0.0284325572546765
EIF1	0.20664305648924	0.0108291784077255	0.992705203091965	0.0108291784077255
ESD	0.207088962625951	0.0117772520437258	0.992705203091965	0.0117772520437258
NOTCH1	0.207095926766853	0.0100640379330617	0.992705203091965	0.0100640379330617
METAP2	0.207156513770671	0.00772765798330746	0.992705203091965	0.00772765798330746
PPM1G	0.207220102376533	0.0113575398991774	0.992705203091965	0.0113575398991774
FBXW5	0.207417717030955	0.0115252562344224	0.992705203091965	0.0115252562344224
RNH1	0.207585788820555	-0.011364102942723	0.992705203091965	-0.011364102942723
TRAPPC13	0.207658372347512	0.00884862276615813	0.992705203091965	0.00884862276615813
MCU	0.207697011512991	0.00885562979294868	0.992705203091965	0.00885562979294868
FBXO28	0.207756417596172	-0.00707381400796861	0.992705203091965	-0.00707381400796861
NPIPB4	0.207763992686644	0.0153689159443235	0.992705203091965	0.0153689159443235
C17orf67	0.207860906085748	-0.0150428761855088	0.992705203091965	-0.0150428761855088
AL138689.2	0.207935251084003	-0.0155807823847992	0.992705203091965	-0.0155807823847992
CDK2AP2	0.207957990364414	0.0178639678213173	0.992705203091965	0.0178639678213173
ARHGEF9	0.20820644412958	-0.0110600609381853	0.992705203091965	-0.0110600609381853
LHFPL2	0.208251982805983	-0.0161767435597141	0.992705203091965	-0.0161767435597141
WBP2NL	0.208616244293164	0.0134107711874298	0.992705203091965	0.0134107711874298
PRCC	0.208770730454679	-0.0114791630891669	0.992705203091965	-0.0114791630891669
SDHAF2	0.20887885428494	0.0100031474178932	0.992705203091965	0.0100031474178932
GABPB1-IT1	0.20912753915259	0.013090417031518	0.992705203091965	0.013090417031518
APH1A	0.209180492875275	0.0138795943602479	0.992705203091965	0.0138795943602479
SHISA4	0.209408383128263	0.0144836284626734	0.992705203091965	0.0144836284626734
PCYT1B	0.209411258277983	0.00882119220124054	0.992705203091965	0.00882119220124054
DNAJB9	0.209658345365525	0.0263901743610522	0.992705203091965	0.0263901743610522
CCDC146	0.209787551330175	-0.0089545750735335	0.992705203091965	-0.0089545750735335
DEPTOR	0.21003780512295	0.00697822613308051	0.992705203091965	0.00697822613308051
LRRC23	0.21009063735827	-0.0107348985989008	0.992705203091965	-0.0107348985989008
NTRK3	0.210111147515447	-0.0253534544880362	0.992705203091965	-0.0253534544880362
LIG1	0.210304023843861	0.0118637238634407	0.992705203091965	0.0118637238634407
CACNB2	0.210554712518383	0.0230228937624656	0.992705203091965	0.0230228937624656
SFT2D2	0.210613885553753	-0.00984023386670921	0.992705203091965	-0.00984023386670921
AC025159.1	0.210742937518924	-0.00929858575408756	0.992705203091965	-0.00929858575408756
FAM89B	0.210745026289304	-0.0203317189334507	0.992705203091965	-0.0203317189334507
IPMK	0.210767582330865	0.01178379134376	0.992705203091965	0.01178379134376
GRM3	0.210828310706245	0.00437585054357905	0.992705203091965	0.00437585054357905
NECAB3	0.210988903899485	0.0231442517113615	0.992705203091965	0.0231442517113615
TAFA5	0.210994240317226	-0.0081552571695164	0.992705203091965	-0.0081552571695164
SPRYD7	0.211010123298298	0.0111258882412457	0.992705203091965	0.0111258882412457
SETD5	0.211102370892236	-0.00441368013305179	0.992705203091965	-0.00441368013305179
DNMT3A	0.211382541182743	0.00758156575534552	0.992705203091965	0.00758156575534552
BRINP1	0.211481295800053	-0.0283640317250403	0.992705203091965	-0.0283640317250403
CC2D2A	0.211506552775316	0.0128796551402912	0.992705203091965	0.0128796551402912
TRAK2	0.211643879435672	-0.011327446599333	0.992705203091965	-0.011327446599333
TUFM	0.211671532888939	0.0143716173778712	0.992705203091965	0.0143716173778712
COPA	0.211814671223098	-0.00612484381968766	0.992705203091965	-0.00612484381968766
TFDP2	0.211900473043858	-0.00717529964224524	0.992705203091965	-0.00717529964224524
NSFL1C	0.212094607225294	-0.00768279989461985	0.992705203091965	-0.00768279989461985
WDR17	0.212107631911563	-0.0219637025290814	0.992705203091965	-0.0219637025290814
CCSAP	0.212143390494546	-0.00769275635512865	0.992705203091965	-0.00769275635512865
SLC25A12	0.21224190970885	0.0146150920462127	0.992705203091965	0.0146150920462127
STIP1	0.21224688408719	0.0126010112521229	0.992705203091965	0.0126010112521229
POMGNT1	0.21224802342124	0.0110163912924166	0.992705203091965	0.0110163912924166
SNX4	0.212260269504694	0.00736059476368282	0.992705203091965	0.00736059476368282
ENO2	0.212384339667798	-0.0180440445816629	0.992705203091965	-0.0180440445816629
IMMP2L	0.212640575891646	-0.00550240166218943	0.992705203091965	-0.00550240166218943
HIPK1	0.212666385105721	0.0107534249017729	0.992705203091965	0.0107534249017729
MYOM1	0.212742021130809	-0.0154034100741767	0.992705203091965	-0.0154034100741767
HIRA	0.212767940622708	-0.0122140758201263	0.992705203091965	-0.0122140758201263
PI4K2B	0.212795058261856	-0.0100794114528998	0.992705203091965	-0.0100794114528998
POC1B	0.21296125566391	0.00856995257253164	0.992705203091965	0.00856995257253164
POLR2A	0.213089461102455	0.00935107066417039	0.992705203091965	0.00935107066417039
PREP	0.213152019432669	0.0171214140573373	0.992705203091965	0.0171214140573373
DZIP3	0.213418808484056	0.00948931451613691	0.992705203091965	0.00948931451613691
HPS1	0.213425793510203	0.0122405869377305	0.992705203091965	0.0122405869377305
NCAPD3	0.213501473529141	-0.0120780807822248	0.992705203091965	-0.0120780807822248
TXNL4A	0.213826350203149	-0.0107140232736153	0.992705203091965	-0.0107140232736153
ZNF740	0.213933429428726	0.0156502779368813	0.992705203091965	0.0156502779368813
RBM39	0.214001055419261	0.0047189052061476	0.992705203091965	0.0047189052061476
POC5	0.214112935696543	0.00980094925582834	0.992705203091965	0.00980094925582834
NUDCD3	0.214268090986604	0.00723650349809122	0.992705203091965	0.00723650349809122
APPBP2	0.214281246494756	0.00499099083674416	0.992705203091965	0.00499099083674416
APH1B	0.214343445759762	-0.0120655516872141	0.992705203091965	-0.0120655516872141
CNTNAP4	0.214453623244879	0.00615243146218425	0.992705203091965	0.00615243146218425
PEMT	0.21446966299024	0.0163518688962161	0.992705203091965	0.0163518688962161
PHAX	0.214565326207286	-0.0127787413214677	0.992705203091965	-0.0127787413214677
DIPK1C	0.214586380334831	-0.0091455738371284	0.992705203091965	-0.0091455738371284
DHRS1	0.214591554686219	0.0143020791393588	0.992705203091965	0.0143020791393588
SON	0.214613075383008	-0.00585065251273865	0.992705203091965	-0.00585065251273865
TTC19	0.214647344724703	0.00704617647175904	0.992705203091965	0.00704617647175904
COPZ1	0.21474874241425	-0.0178269114289456	0.992705203091965	-0.0178269114289456
ABCF2	0.214771125753822	0.0160419033187954	0.992705203091965	0.0160419033187954
STX6	0.214927542353107	0.00862671431395504	0.992705203091965	0.00862671431395504
FBXW8	0.214938490997362	0.0147671387896529	0.992705203091965	0.0147671387896529
SCD	0.215031359296575	0.00917145043895675	0.992705203091965	0.00917145043895675
ZNF791	0.215043080598237	0.00744541595845406	0.992705203091965	0.00744541595845406
ZFP82	0.215416211487353	-0.0107083653938568	0.992705203091965	-0.0107083653938568
PIKFYVE	0.215432502243187	-0.00595040971717376	0.992705203091965	-0.00595040971717376
SP4	0.215487446802771	0.00697313569377927	0.992705203091965	0.00697313569377927
GON4L	0.215755410419058	-0.00851959691517923	0.992705203091965	-0.00851959691517923
FAM210B	0.215866871374882	0.0158120256600148	0.992705203091965	0.0158120256600148
AC093827.4	0.215882333233791	0.0148495602034057	0.992705203091965	0.0148495602034057
PSMA3	0.215929506939663	-0.0148635912116258	0.992705203091965	-0.0148635912116258
OLFM1	0.215948288951168	-0.0275959699366201	0.992705203091965	-0.0275959699366201
DERL2	0.216095593217714	-0.0134173593008128	0.992705203091965	-0.0134173593008128
TMEM38A	0.216285496698046	-0.0307532441481221	0.992705203091965	-0.0307532441481221
SEC14L2	0.216373512896796	-0.0119663594906191	0.992705203091965	-0.0119663594906191
HEATR5A	0.216509993881744	0.00586846829815811	0.992705203091965	0.00586846829815811
COMMD6	0.216542942873095	0.0186156882355839	0.992705203091965	0.0186156882355839
ANAPC10	0.216702859636329	-0.00751524428720555	0.992705203091965	-0.00751524428720555
ACTN4	0.216824143316607	0.00525480445085485	0.992705203091965	0.00525480445085485
OLA1	0.216965046963486	0.00665851845527071	0.992705203091965	0.00665851845527071
NAT8L	0.217067856936912	0.0139346552270348	0.992705203091965	0.0139346552270348
OSTC	0.21706910012876	0.0131275323568216	0.992705203091965	0.0131275323568216
DOCK1	0.217123416504167	-0.00525093980417692	0.992705203091965	-0.00525093980417692
COLGALT2	0.217277505707411	0.00477385036541963	0.992705203091965	0.00477385036541963
SECISBP2L	0.217373266604704	-0.00467993756040958	0.992705203091965	-0.00467993756040958
AL133325.3	0.21738456177325	-0.0120468523086775	0.992705203091965	-0.0120468523086775
ABAT	0.217550670116364	-0.0114002005123684	0.992705203091965	-0.0114002005123684
C11orf68	0.217628131416429	-0.0190250925982472	0.992705203091965	-0.0190250925982472
MED30	0.217648225842132	0.0136527323730339	0.992705203091965	0.0136527323730339
AAAS	0.217757620377947	0.0140732504661861	0.992705203091965	0.0140732504661861
FEZ1	0.217778223969021	0.00642986825078014	0.992705203091965	0.00642986825078014
NECTIN1	0.217877758585753	0.00692130668888826	0.992705203091965	0.00692130668888826
FAM184A	0.217965425940671	-0.0194634492399926	0.992705203091965	-0.0194634492399926
RICTOR	0.21796767302889	-0.0047503940725549	0.992705203091965	-0.0047503940725549
BCL6	0.217976684962066	-0.0117434273980163	0.992705203091965	-0.0117434273980163
LRFN5	0.218051502884553	0.0257842067024574	0.992705203091965	0.0257842067024574
GPD1L	0.218181227615846	0.0174974794441758	0.992705203091965	0.0174974794441758
IDH3A	0.218203057873918	0.0158178618624182	0.992705203091965	0.0158178618624182
PCCA	0.218325829151109	0.00561234526281284	0.992705203091965	0.00561234526281284
AC099850.1	0.218414373850201	0.0165827603882405	0.992705203091965	0.0165827603882405
THEM4	0.218593652832941	0.00932069504207117	0.992705203091965	0.00932069504207117
FUT9	0.218646779764121	0.00820242595430132	0.992705203091965	0.00820242595430132
MTF1	0.218674330883612	-0.0106759334715916	0.992705203091965	-0.0106759334715916
AC006460.2	0.218707057969599	0.00832211642942745	0.992705203091965	0.00832211642942745
AC097662.1	0.218757718359322	0.0161332193432678	0.992705203091965	0.0161332193432678
ZSCAN29	0.218769963367735	0.0148002000637271	0.992705203091965	0.0148002000637271
STT3B	0.21881459406054	0.00743085531216803	0.992705203091965	0.00743085531216803
TADA3	0.219103210163097	0.0124618077638417	0.992705203091965	0.0124618077638417
UBP1	0.219637313470926	0.0130677039032592	0.992705203091965	0.0130677039032592
MDGA2	0.21966772047021	0.0175125264541819	0.992705203091965	0.0175125264541819
BLCAP	0.220025622638405	-0.015952530432132	0.992705203091965	-0.015952530432132
KLHL36	0.220133199776241	-0.0122339558343499	0.992705203091965	-0.0122339558343499
KAT14	0.220237428708442	0.0137568962988898	0.992705203091965	0.0137568962988898
DHX40	0.220330695490124	0.01320247665852	0.992705203091965	0.01320247665852
PRPF38B	0.220333579149786	-0.00827104728302238	0.992705203091965	-0.00827104728302238
SLC41A3	0.220442158425154	0.0202096837292522	0.992705203091965	0.0202096837292522
ZNF155	0.220614016272873	-0.0114755296354894	0.992705203091965	-0.0114755296354894
TRIM37	0.220657480557831	0.0144195843050879	0.992705203091965	0.0144195843050879
FLYWCH2	0.22073465955127	0.0173217025134834	0.992705203091965	0.0173217025134834
AC006148.1	0.220735869759459	-0.00728963276940422	0.992705203091965	-0.00728963276940422
DCTN4	0.220775030779085	0.00748007798533777	0.992705203091965	0.00748007798533777
UBLCP1	0.220800120028113	0.0135305022111418	0.992705203091965	0.0135305022111418
PIGA	0.221016382995296	0.0169171387917058	0.992705203091965	0.0169171387917058
LINC01978	0.221140342956662	0.0175119098475497	0.992705203091965	0.0175119098475497
PAK4	0.221188416897989	-0.0102704207201269	0.992705203091965	-0.0102704207201269
NR1D2	0.221190039031732	-0.00719411538711543	0.992705203091965	-0.00719411538711543
CALD1	0.22121052439677	-0.00700553116688067	0.992705203091965	-0.00700553116688067
STIMATE	0.221318647470182	-0.0124927781339356	0.992705203091965	-0.0124927781339356
SNX17	0.221359233612379	0.0201322321459642	0.992705203091965	0.0201322321459642
REEP5	0.2215228323867	-0.0116535896342284	0.992705203091965	-0.0116535896342284
FMR1	0.221566015972034	0.0116699468343182	0.992705203091965	0.0116699468343182
AL160314.2	0.221592079351613	0.00940598919920946	0.992705203091965	0.00940598919920946
ME2	0.221765426557639	-0.00838046153352219	0.992705203091965	-0.00838046153352219
RPL19	0.221797872317885	0.0158682280854163	0.992705203091965	0.0158682280854163
VPS13A	0.221852076963464	0.0295935233634271	0.992705203091965	0.0295935233634271
GTF3C5	0.221887553833114	0.00898452572383202	0.992705203091965	0.00898452572383202
IFNGR2	0.221946265004741	0.0158143451035183	0.992705203091965	0.0158143451035183
DCTN3	0.222018135712512	-0.0230352320172194	0.992705203091965	-0.0230352320172194
GXYLT1	0.222064783517694	-0.0126655520738194	0.992705203091965	-0.0126655520738194
CHD6	0.222114479970889	-0.00522919082712604	0.992705203091965	-0.00522919082712604
NAV2	0.222286047139985	0.00928412144226928	0.992705203091965	0.00928412144226928
BRD4	0.222397323074358	0.0065937371926887	0.992705203091965	0.0065937371926887
RPP30	0.222476231369678	-0.013845184176591	0.992705203091965	-0.013845184176591
LINC01122	0.222733430302931	-0.0113367100844441	0.992705203091965	-0.0113367100844441
GPR137B	0.223091236222977	-0.0125226327687349	0.992705203091965	-0.0125226327687349
TXNDC15	0.223194818355696	-0.0112492924706887	0.992705203091965	-0.0112492924706887
AGAP4	0.223253078551768	0.0142746721785725	0.992705203091965	0.0142746721785725
CSNK2A1	0.223333946127084	0.00640165223204513	0.992705203091965	0.00640165223204513
GSTA4	0.22336806797609	0.00944176027520304	0.992705203091965	0.00944176027520304
IQCG	0.223401525924587	-0.01420143447727	0.992705203091965	-0.01420143447727
PSMD6	0.223415605594285	-0.0175608219009508	0.992705203091965	-0.0175608219009508
AP000487.1	0.223506933204526	0.0137381728694884	0.992705203091965	0.0137381728694884
FBXL3	0.223687384500618	-0.0100172945282479	0.992705203091965	-0.0100172945282479
HACD1	0.223733289530522	-0.0137489711439456	0.992705203091965	-0.0137489711439456
CTSL	0.223823340084546	0.0143911446261922	0.992705203091965	0.0143911446261922
PTS	0.223853926488288	-0.00978676645208115	0.992705203091965	-0.00978676645208115
ANKRA2	0.224063732288936	0.0111432249797	0.992705203091965	0.0111432249797
COX10-AS1	0.22406412732688	-0.0128344701474174	0.992705203091965	-0.0128344701474174
MRPL47	0.22408706996556	0.0174091720169615	0.992705203091965	0.0174091720169615
TOR1B	0.224099136703157	-0.0125413860877993	0.992705203091965	-0.0125413860877993
ZSCAN26	0.22410499790264	0.0119201907084578	0.992705203091965	0.0119201907084578
ZNF264	0.224223535510206	-0.0103763787911466	0.992705203091965	-0.0103763787911466
ATL2	0.22426905683708	-0.0136690308592644	0.992705203091965	-0.0136690308592644
SFXN5	0.224401972356361	-0.0130465005578851	0.992705203091965	-0.0130465005578851
ZC4H2	0.224443115872855	-0.00784822530359788	0.992705203091965	-0.00784822530359788
TRA2A	0.224783233588836	0.00434056851373099	0.992705203091965	0.00434056851373099
FUZ	0.224843441185404	-0.0175960920071849	0.992705203091965	-0.0175960920071849
AC012184.3	0.224878659361053	-0.0160306756559258	0.992705203091965	-0.0160306756559258
MEGF9	0.224990140236059	-0.00530965645437185	0.992705203091965	-0.00530965645437185
LINC02666	0.225003343740402	-0.0198473367033883	0.992705203091965	-0.0198473367033883
IMPA1	0.2251110568454	0.0159232191129127	0.992705203091965	0.0159232191129127
CELF4	0.225294310593746	0.0229195388950092	0.992705203091965	0.0229195388950092
TBC1D22B	0.22543046993536	0.00949663219705607	0.992705203091965	0.00949663219705607
ZBTB21	0.225432572871877	-0.0166362028008373	0.992705203091965	-0.0166362028008373
INPP5K	0.22546475896021	0.0120876595728919	0.992705203091965	0.0120876595728919
AUP1	0.225538418128928	0.0109319269402601	0.992705203091965	0.0109319269402601
EYA4	0.225613294047583	0.0106988460209886	0.992705203091965	0.0106988460209886
TLE5	0.225673614876067	-0.0102753830714712	0.992705203091965	-0.0102753830714712
STYX	0.225819469959732	-0.0146123820400564	0.992705203091965	-0.0146123820400564
LDLRAD4	0.225836105585299	0.00603890121304181	0.992705203091965	0.00603890121304181
ZNF525	0.225858909219304	-0.0182435266865032	0.992705203091965	-0.0182435266865032
BRD2	0.225980936675695	0.00736737853039065	0.992705203091965	0.00736737853039065
GRAMD1B	0.226031814531941	-0.0263487239771327	0.992705203091965	-0.0263487239771327
GNAS	0.226071062334199	0.0182534745597507	0.992705203091965	0.0182534745597507
CDK13	0.226108641791686	-0.00413935740601407	0.992705203091965	-0.00413935740601407
C3orf38	0.226136315648231	0.00847742818377758	0.992705203091965	0.00847742818377758
LINC00320	0.226180211745087	0.00576812991504602	0.992705203091965	0.00576812991504602
ZSCAN31	0.226255888227199	0.02344848230715	0.992705203091965	0.02344848230715
PPP1R8	0.226305210953773	-0.0115770779144364	0.992705203091965	-0.0115770779144364
ERVK3-1	0.226966010400999	0.0136889892052624	0.992705203091965	0.0136889892052624
TAF6	0.227061195777001	0.0197691892893162	0.992705203091965	0.0197691892893162
AC009404.1	0.227224180800435	-0.0195997307994261	0.992705203091965	-0.0195997307994261
UBE2S	0.22732764029504	-0.0248150794873617	0.992705203091965	-0.0248150794873617
KIAA0513	0.227370440151637	-0.0183928282251221	0.992705203091965	-0.0183928282251221
ZFAND2B	0.227406821567465	0.0153451687966562	0.992705203091965	0.0153451687966562
RUNX1T1	0.227476955716403	0.017040561106593	0.992705203091965	0.017040561106593
TNRC6B	0.22748650464235	0.00335920891140602	0.992705203091965	0.00335920891140602
ZNF688	0.227686057096782	0.0114911693531187	0.992705203091965	0.0114911693531187
AP001360.3	0.227736006144267	0.0187880620560257	0.992705203091965	0.0187880620560257
MCAM	0.227791426905467	-0.00900611054995045	0.992705203091965	-0.00900611054995045
CSNK1A1	0.228005343035009	-0.00427629739444906	0.992705203091965	-0.00427629739444906
ADK	0.228071234334057	-0.00613688873696745	0.992705203091965	-0.00613688873696745
ANKRD30BL	0.228145632711594	0.0251893987552022	0.992705203091965	0.0251893987552022
C1orf174	0.228160920600613	-0.0201610490853436	0.992705203091965	-0.0201610490853436
RPL39	0.228241425344029	-0.0202211026537758	0.992705203091965	-0.0202211026537758
MSRB2	0.228432077747948	0.0120107901377533	0.992705203091965	0.0120107901377533
SRGAP3	0.228573590990346	0.00818571799199411	0.992705203091965	0.00818571799199411
DIP2A	0.228603588995651	0.00590055822934822	0.992705203091965	0.00590055822934822
ABCA7	0.228623659791775	0.022728213403472	0.992705203091965	0.022728213403472
LCMT1	0.228703095318413	0.0068553658924565	0.992705203091965	0.0068553658924565
KIFC2	0.228974405093327	0.02860865671111	0.992705203091965	0.02860865671111
CAMK2G	0.229024356647262	-0.0163911655304569	0.992705203091965	-0.0163911655304569
RAD1	0.229043654148202	0.0162806093739187	0.992705203091965	0.0162806093739187
SP2-AS1	0.229060557721618	0.0203999131627919	0.992705203091965	0.0203999131627919
ADAMTS2	0.229071330397701	-0.020846285529457	0.992705203091965	-0.020846285529457
HGSNAT	0.229196522710584	0.009094522426217	0.992705203091965	0.009094522426217
EDEM3	0.229250587706934	-0.00787116239188851	0.992705203091965	-0.00787116239188851
GASK1B	0.229375729316107	0.0162701595950257	0.992705203091965	0.0162701595950257
NEK9	0.229447504575985	-0.00610800756269444	0.992705203091965	-0.00610800756269444
ZNF462	0.229473508184687	0.00660182661765571	0.992705203091965	0.00660182661765571
TMEM131	0.229559505084633	-0.00604866199023039	0.992705203091965	-0.00604866199023039
CXXC5	0.229600273010978	0.0067444564223376	0.992705203091965	0.0067444564223376
BBOF1	0.229733966918627	0.016671695386288	0.992705203091965	0.016671695386288
STAT3	0.229751509992539	0.00742050723970828	0.992705203091965	0.00742050723970828
LINC01010	0.229767613662659	0.0124742792192826	0.992705203091965	0.0124742792192826
BBS7	0.229861447163727	-0.0126131762329438	0.992705203091965	-0.0126131762329438
AC009061.2	0.229912828494886	0.0113382409178235	0.992705203091965	0.0113382409178235
TRA2B	0.230274055065891	0.00689330589684595	0.992705203091965	0.00689330589684595
AC079950.1	0.230311460785765	-0.0202640212903126	0.992705203091965	-0.0202640212903126
CHKA	0.230344397295491	-0.00565540082133706	0.992705203091965	-0.00565540082133706
TXNDC12	0.230621792435315	0.0142676068923713	0.992705203091965	0.0142676068923713
BCOR	0.230748066685012	0.0122014572319308	0.992705203091965	0.0122014572319308
FAF1	0.23077718745297	0.00395695355167777	0.992705203091965	0.00395695355167777
SHISA9	0.23080423466127	-0.024030638061733	0.992705203091965	-0.024030638061733
ETNK1	0.230889607349817	-0.00671485556027972	0.992705203091965	-0.00671485556027972
TMEM64	0.230929300517828	-0.00744228464310334	0.992705203091965	-0.00744228464310334
PPFIBP1	0.230955159865541	-0.0064665673877503	0.992705203091965	-0.0064665673877503
RHEB	0.231195625367846	-0.0116760474157315	0.992705203091965	-0.0116760474157315
LINC00467	0.231230950621252	-0.0172701138628232	0.992705203091965	-0.0172701138628232
GLCCI1	0.23125521241624	-0.0106248312039332	0.992705203091965	-0.0106248312039332
CWF19L1	0.231568259334056	0.00979093902651307	0.992705203091965	0.00979093902651307
NPHP3	0.231642317521904	0.00690107926975541	0.992705203091965	0.00690107926975541
COX8A	0.231646354845278	0.0229391727661292	0.992705203091965	0.0229391727661292
ZNF652	0.23176261875448	-0.00596672166068447	0.992705203091965	-0.00596672166068447
PRPF19	0.231764451411202	-0.0170576869076764	0.992705203091965	-0.0170576869076764
ASTE1	0.231829318858742	0.0155399790949701	0.992705203091965	0.0155399790949701
SSU72	0.231992478354901	-0.014323404611557	0.992705203091965	-0.014323404611557
NINL	0.232030476708424	0.0134734948062447	0.992705203091965	0.0134734948062447
ADAMTSL2	0.232262572237415	-0.0209089550824749	0.992705203091965	-0.0209089550824749
PSMC6	0.232394949534694	0.00967641384058957	0.992705203091965	0.00967641384058957
CCDC138	0.232430839951667	-0.00820755267646786	0.992705203091965	-0.00820755267646786
CARNS1	0.232458943749162	0.008544328900519	0.992705203091965	0.008544328900519
BEX2	0.232483235028174	-0.0193663618345734	0.992705203091965	-0.0193663618345734
WDR5	0.232507903699845	0.00948747904088868	0.992705203091965	0.00948747904088868
LINC01695	0.232679958064243	-0.0194076256770391	0.992705203091965	-0.0194076256770391
DNAJC22	0.232751972740793	-0.0188224661497211	0.992705203091965	-0.0188224661497211
ENTPD6	0.232814360637941	-0.0163147997096037	0.992705203091965	-0.0163147997096037
APIP	0.232945826479633	0.0103056119095272	0.992705203091965	0.0103056119095272
LINC00639	0.233022868225659	0.00559478031301151	0.992705203091965	0.00559478031301151
KLRD1	0.233061192568628	0.0162454099219725	0.992705203091965	0.0162454099219725
KIAA0753	0.233106779266893	-0.0169339032360997	0.992705203091965	-0.0169339032360997
Z84485.1	0.233115944938597	0.011315017909805	0.992705203091965	0.011315017909805
EIF5A2	0.233292341410957	-0.0208172840210322	0.992705203091965	-0.0208172840210322
CAV1	0.233473449658638	-0.0239421548150587	0.992705203091965	-0.0239421548150587
PPP6R3	0.233497297315337	0.00423927685947151	0.992705203091965	0.00423927685947151
ARRDC1-AS1	0.233543410779537	0.0135646893467824	0.992705203091965	0.0135646893467824
ZC3H18	0.233707257942341	-0.0084675234394908	0.992705203091965	-0.0084675234394908
GTF3A	0.234046474663322	0.0134397122499261	0.992705203091965	0.0134397122499261
HUS1	0.234048493025012	0.0159988240364766	0.992705203091965	0.0159988240364766
MYPOP	0.234162307945788	0.0156628505997337	0.992705203091965	0.0156628505997337
PDP2	0.234203532404111	0.0164478824700616	0.992705203091965	0.0164478824700616
KLC1	0.23424437510405	-0.00696583291025376	0.992705203091965	-0.00696583291025376
ING3	0.234249084178776	0.0111420675444856	0.992705203091965	0.0111420675444856
AL359232.1	0.234348986749889	0.0157379642343128	0.992705203091965	0.0157379642343128
RNF10	0.234408706311087	-0.00641203505578831	0.992705203091965	-0.00641203505578831
MANBA	0.234454061495241	-0.00914817007884277	0.992705203091965	-0.00914817007884277
TP53INP2	0.234476698927691	0.0152118046152102	0.992705203091965	0.0152118046152102
LINC00598	0.234504035057286	-0.0111490057101169	0.992705203091965	-0.0111490057101169
GRIP1	0.234659192480078	0.0226206299574205	0.992705203091965	0.0226206299574205
IDI1	0.234767840482722	-0.0115877112622961	0.992705203091965	-0.0115877112622961
RALBP1	0.234828913577428	-0.0085645787076599	0.992705203091965	-0.0085645787076599
AP2S1	0.234830345877491	0.021680421419098	0.992705203091965	0.021680421419098
GUCY1A2	0.23486612084808	-0.0223809533412258	0.992705203091965	-0.0223809533412258
CFAP43	0.234876711554852	0.0170955062748587	0.992705203091965	0.0170955062748587
BRMS1	0.234972070612787	0.0177806358543666	0.992705203091965	0.0177806358543666
TMEM14A	0.235100793021637	-0.0282357729818243	0.992705203091965	-0.0282357729818243
ILF2	0.235160189060794	-0.0155019770908299	0.992705203091965	-0.0155019770908299
AC016027.2	0.235268821969213	0.0148135397941823	0.992705203091965	0.0148135397941823
GCNT1	0.235371536391332	-0.0224745043540503	0.992705203091965	-0.0224745043540503
VPS41	0.235465325387682	0.00702138167929178	0.992705203091965	0.00702138167929178
LARP1	0.235495936286412	0.00634564955371631	0.992705203091965	0.00634564955371631
RNF144A	0.235602001289495	-0.00437827056982214	0.992705203091965	-0.00437827056982214
TMTC4	0.235660045437991	-0.00691782238447468	0.992705203091965	-0.00691782238447468
CHMP7	0.235660378006533	0.0152670471024238	0.992705203091965	0.0152670471024238
ANKRD31	0.235747037987113	0.0176883979308656	0.992705203091965	0.0176883979308656
ATAD1	0.23575082914227	-0.0130980032994788	0.992705203091965	-0.0130980032994788
AC016907.2	0.23583535736787	-0.0184545670108618	0.992705203091965	-0.0184545670108618
KARS	0.235878099560215	0.0139980161910513	0.992705203091965	0.0139980161910513
GTF3C6	0.23588278643274	0.0179674486785112	0.992705203091965	0.0179674486785112
IZUMO4	0.235888103814473	-0.012238757547916	0.992705203091965	-0.012238757547916
ICOSLG	0.235918707581335	0.0100014882744606	0.992705203091965	0.0100014882744606
ZNF432	0.235945929819444	-0.0150795459152605	0.992705203091965	-0.0150795459152605
C9orf72	0.236018274046046	-0.0109122021080482	0.992705203091965	-0.0109122021080482
ACP7	0.236051302566738	-0.0134932222982394	0.992705203091965	-0.0134932222982394
ZC3H12C	0.236152105174768	-0.00828862844120181	0.992705203091965	-0.00828862844120181
STX16	0.23628781691422	0.00640937173291254	0.992705203091965	0.00640937173291254
CUL5	0.236317517108951	-0.00606765463181219	0.992705203091965	-0.00606765463181219
TM2D1	0.236448072954876	0.00736413854405958	0.992705203091965	0.00736413854405958
TOR1AIP1	0.236494791853642	0.00860633925509089	0.992705203091965	0.00860633925509089
MEIS2	0.236647380859354	-0.00479839353827373	0.992705203091965	-0.00479839353827373
PEX19	0.236813502092609	0.0188775682870822	0.992705203091965	0.0188775682870822
CCDC7	0.236995056947165	0.00799637748922689	0.992705203091965	0.00799637748922689
DSCAML1	0.237089961016677	-0.00524065599884587	0.992705203091965	-0.00524065599884587
SCD5	0.237338294479858	-0.00415727897932504	0.992705203091965	-0.00415727897932504
DCP1B	0.237387500014715	-0.00989269460385106	0.992705203091965	-0.00989269460385106
AC078881.1	0.237398764453054	-0.00773501210618449	0.992705203091965	-0.00773501210618449
DHX34	0.237408141065681	0.00899287751934594	0.992705203091965	0.00899287751934594
LINC01505	0.237537111441063	0.00919468702044623	0.992705203091965	0.00919468702044623
TIPRL	0.237539157889802	-0.0150731109763981	0.992705203091965	-0.0150731109763981
PLIN2	0.237757829763066	0.0168316371642856	0.992705203091965	0.0168316371642856
RPRD1B	0.237769732757467	0.00951231157239445	0.992705203091965	0.00951231157239445
XPNPEP3	0.237946442884292	-0.0073893298486257	0.992705203091965	-0.0073893298486257
FAM189B	0.237996979317481	0.0120655766743371	0.992705203091965	0.0120655766743371
SOX8	0.238052608949356	0.00863165035436203	0.992705203091965	0.00863165035436203
PLGRKT	0.238070788215535	0.0117294658200066	0.992705203091965	0.0117294658200066
TAF1	0.23824629306656	0.00685974497840661	0.992705203091965	0.00685974497840661
PSMB5	0.238298954105397	-0.0123181388356862	0.992705203091965	-0.0123181388356862
CALR	0.238327240550567	0.0148320373018125	0.992705203091965	0.0148320373018125
PDCD11	0.238353713131473	0.013357731092065	0.992705203091965	0.013357731092065
ZNF585B	0.238448098235393	0.00742478235434808	0.992705203091965	0.00742478235434808
FAIM2	0.238462727131556	0.00967358821190365	0.992705203091965	0.00967358821190365
CAND2	0.238486874540135	0.0129730741043059	0.992705203091965	0.0129730741043059
PCSK1N	0.238493169746509	0.0233034233538892	0.992705203091965	0.0233034233538892
KIAA1217	0.238528874240839	0.0225593081377085	0.992705203091965	0.0225593081377085
PKD1L1	0.238735804316374	-0.0174248793013728	0.992705203091965	-0.0174248793013728
PPP6C	0.238846001485093	0.00685187840701037	0.992705203091965	0.00685187840701037
AC005261.1	0.238879896424522	-0.00737502283696938	0.992705203091965	-0.00737502283696938
AC026202.2	0.239003974141792	0.023511008054726	0.992705203091965	0.023511008054726
ISCA1	0.239228503623097	0.0143999431669295	0.992705203091965	0.0143999431669295
RAB40C	0.239346459568487	-0.00886079409637566	0.992705203091965	-0.00886079409637566
NRG1	0.239482658953811	-0.0243626848361109	0.992705203091965	-0.0243626848361109
PLGLB1	0.239649416745814	0.0202097337667424	0.992705203091965	0.0202097337667424
AJM1	0.239728885301007	-0.0195767495191474	0.992705203091965	-0.0195767495191474
AC083798.2	0.240082257749232	-0.014673687184075	0.992705203091965	-0.014673687184075
CDK18	0.240088400476161	-0.0048108627259145	0.992705203091965	-0.0048108627259145
ZFX	0.24038900456559	0.00668124871220315	0.992705203091965	0.00668124871220315
AC012494.1	0.240479301368964	0.00850319341311703	0.992705203091965	0.00850319341311703
KIF5C	0.240627790831125	0.00581105606350093	0.992705203091965	0.00581105606350093
CRYZL1	0.240648319723635	0.00609142399515822	0.992705203091965	0.00609142399515822
KCTD6	0.240711415515911	0.0126579325652271	0.992705203091965	0.0126579325652271
CCNG1	0.240777368569245	-0.0196001424621754	0.992705203091965	-0.0196001424621754
AC078785.1	0.240834231492219	0.0118227617391841	0.992705203091965	0.0118227617391841
SAFB	0.24084513928037	0.00692639560012718	0.992705203091965	0.00692639560012718
NUP35	0.240859795395285	0.0134894447101947	0.992705203091965	0.0134894447101947
FIBP	0.240867607752954	0.0234813521714191	0.992705203091965	0.0234813521714191
HDGFL3	0.241023894920723	0.00732986095727621	0.992705203091965	0.00732986095727621
JADE2	0.241050003661509	-0.00831766617370217	0.992705203091965	-0.00831766617370217
FAHD2B	0.241083643839035	0.0155400164428503	0.992705203091965	0.0155400164428503
ATL1	0.24109712135403	-0.00594665017711789	0.992705203091965	-0.00594665017711789
CHD1	0.241163051412011	-0.00601807802523917	0.992705203091965	-0.00601807802523917
PDGFD	0.241313997129335	0.0194573270837389	0.992705203091965	0.0194573270837389
FSTL5	0.241470761224257	0.0238209925339907	0.992705203091965	0.0238209925339907
NLGN2	0.241489062081671	-0.0119669075305751	0.992705203091965	-0.0119669075305751
FADS1	0.241608921331872	-0.00953549492192249	0.992705203091965	-0.00953549492192249
MIR2052HG	0.241717426640641	-0.0168978195737603	0.992705203091965	-0.0168978195737603
ROCK2	0.24179933763403	-0.0121724972234139	0.992705203091965	-0.0121724972234139
MCM3AP-AS1	0.241836504419365	0.0144022489752424	0.992705203091965	0.0144022489752424
LRRCC1	0.241922220859624	0.013302256401471	0.992705203091965	0.013302256401471
AC022098.1	0.241937573200543	0.0152907554878249	0.992705203091965	0.0152907554878249
ZNF253	0.241966758031379	-0.00961946642475009	0.992705203091965	-0.00961946642475009
SMIM27	0.242031543655713	0.0215847976816731	0.992705203091965	0.0215847976816731
ALG10B	0.242039182615127	0.0177002159874093	0.992705203091965	0.0177002159874093
DDX21	0.242146077331233	-0.0101026774753102	0.992705203091965	-0.0101026774753102
TBRG1	0.24217072645736	0.0105053897704559	0.992705203091965	0.0105053897704559
PMM2	0.242535137422425	0.0108665375408987	0.993191824284487	0.0108665375408987
FEM1B	0.242552850189094	0.0107572386545797	0.993191824284487	0.0107572386545797
DDX39B	0.242782338546508	0.00693818807500777	0.993191824284487	0.00693818807500777
COG5	0.242785713584429	-0.00500311824102631	0.993191824284487	-0.00500311824102631
HSCB	0.242902541922565	0.0105305263068015	0.993191824284487	0.0105305263068015
HOMER2	0.242916368375478	0.0157392439427565	0.993191824284487	0.0157392439427565
ARID2	0.242939007378939	0.00476124439548766	0.993191824284487	0.00476124439548766
AC025043.1	0.243172109426112	0.0238619071467201	0.993393368792316	0.0238619071467201
RBL2	0.243173934993541	-0.00597567823544146	0.993393368792316	-0.00597567823544146
MTMR8	0.243287503745004	0.0150451196440054	0.993478120023953	0.0150451196440054
GSS	0.243443130201861	0.0152540902289006	0.99357397745877	0.0152540902289006
DUXAP8	0.243545844057312	-0.0166544903389664	0.99357397745877	-0.0166544903389664
VSTM4	0.243639364077591	-0.0126284945292148	0.99357397745877	-0.0126284945292148
DISC1FP1	0.243736963118383	0.0170263862288548	0.99357397745877	0.0170263862288548
ZNF383	0.24377513452366	0.0114085863081445	0.99357397745877	0.0114085863081445
ANKS3	0.243904599438259	0.00835692264844995	0.993723230981226	0.00835692264844995
BRIX1	0.244112608899117	-0.0158791702416267	0.993781146233737	-0.0158791702416267
AC093791.2	0.244196436847968	0.0177326228095677	0.993781146233737	0.0177326228095677
FAM131B	0.244197366588314	0.0125064950149234	0.993781146233737	0.0125064950149234
TWSG1	0.244395072272914	0.00925518000497718	0.994207699938044	0.00925518000497718
UBTF	0.244592901511317	-0.0100446415625251	0.994603831896048	-0.0100446415625251
RPS14	0.244689854002981	-0.0137473788847977	0.994603831896048	-0.0137473788847977
TTC28-AS1	0.244855473405084	0.00694428392105024	0.994603831896048	0.00694428392105024
HERC4	0.244864159305437	0.00491666045037189	0.994603831896048	0.00491666045037189
OPHN1	0.245087386580811	-0.0103125777279905	0.99482600348355	-0.0103125777279905
CCDC12	0.245273668959399	0.0101554816938317	0.99482600348355	0.0101554816938317
SURF1	0.245313471742706	0.0170564437350772	0.99482600348355	0.0170564437350772
CBFA2T2	0.245363139764219	0.00487403772553166	0.99482600348355	0.00487403772553166
DUSP11	0.245466341250428	-0.0169191436917174	0.99482600348355	-0.0169191436917174
EXTL2	0.24574205348531	0.0131809653314337	0.99482600348355	0.0131809653314337
FCHO1	0.245848698380625	0.00653856943749777	0.99482600348355	0.00653856943749777
AC004784.1	0.24620126541027	0.0163927482111239	0.99482600348355	0.0163927482111239
ZNF564	0.246244467712827	0.0149833669676063	0.99482600348355	0.0149833669676063
KCNJ6	0.246263405163323	0.0317762551889641	0.99482600348355	0.0317762551889641
PRRT3-AS1	0.246279544515636	0.0138083735875345	0.99482600348355	0.0138083735875345
COPS9	0.246427979138794	0.0248536780010544	0.99482600348355	0.0248536780010544
ZNF280C	0.24645182657683	0.0142227175482558	0.99482600348355	0.0142227175482558
ZBTB34	0.246761539426853	-0.0146061195713462	0.99482600348355	-0.0146061195713462
WDR74	0.247120759086606	0.014704588510803	0.99482600348355	0.014704588510803
MRPL28	0.247374906148703	-0.0192823246117087	0.99482600348355	-0.0192823246117087
PRKAG1	0.247393704859908	-0.0106179155260111	0.99482600348355	-0.0106179155260111
CLN6	0.247437280241376	0.00865252883886119	0.99482600348355	0.00865252883886119
DOCK9	0.247550016482305	-0.0039942874412645	0.99482600348355	-0.0039942874412645
PPP6R2	0.247590856275543	0.00618203521004177	0.99482600348355	0.00618203521004177
PLPBP	0.247652250613129	0.0122598706200841	0.99482600348355	0.0122598706200841
EIF2S3	0.247804142522076	-0.00858841135114369	0.99482600348355	-0.00858841135114369
SPG11	0.24793899961204	0.00540384464585412	0.99482600348355	0.00540384464585412
CNOT11	0.247974366452359	0.00953946377502392	0.99482600348355	0.00953946377502392
GOLGA8B	0.248011490055466	0.024569556219886	0.99482600348355	0.024569556219886
AMACR	0.248152563263024	0.0219131158275545	0.99482600348355	0.0219131158275545
ZNF195	0.24822005350093	-0.00978410812986466	0.99482600348355	-0.00978410812986466
WBP1	0.248480463773929	0.0135482350344728	0.99482600348355	0.0135482350344728
STAG3	0.248552747913546	-0.0216215346353307	0.99482600348355	-0.0216215346353307
ZRSR2	0.248581085885286	0.0094761230295753	0.99482600348355	0.0094761230295753
DCLRE1C	0.248596815820401	0.0113703873026022	0.99482600348355	0.0113703873026022
VXN	0.248735142881668	0.00820282095038668	0.99482600348355	0.00820282095038668
TTLL4	0.248821086774497	-0.0126012907683266	0.99482600348355	-0.0126012907683266
CNNM4	0.24882313736623	0.0102484697360575	0.99482600348355	0.0102484697360575
RNF216	0.248995456716167	-0.00586407585478895	0.99482600348355	-0.00586407585478895
RRM2B	0.249087812630533	0.0131804310071178	0.99482600348355	0.0131804310071178
PRDM8	0.249113321990761	0.0189409133154686	0.99482600348355	0.0189409133154686
LAPTM4A	0.249113581606788	0.0152295200887938	0.99482600348355	0.0152295200887938
DLGAP1	0.249147952677723	0.0205945806960981	0.99482600348355	0.0205945806960981
CHCHD6	0.249201417157371	-0.00979944262078987	0.99482600348355	-0.00979944262078987
DPP3	0.249306894332479	-0.0166525305569874	0.99482600348355	-0.0166525305569874
SLC35A4	0.249361091384529	0.0204922502786398	0.99482600348355	0.0204922502786398
SLC13A3	0.249405694026565	0.00681602883847593	0.99482600348355	0.00681602883847593
PEX1	0.249457896061501	-0.00833807678710475	0.99482600348355	-0.00833807678710475
ZMYM6	0.249522188209131	0.00903807802716174	0.99482600348355	0.00903807802716174
SCART1	0.249563109549015	0.020481833237801	0.99482600348355	0.020481833237801
MRPL41	0.249588230909961	0.0142142210535056	0.99482600348355	0.0142142210535056
IQCB1	0.249948691929004	0.00655697326187814	0.99482600348355	0.00655697326187814
ZNF644	0.250012428220395	-0.00479837979202866	0.99482600348355	-0.00479837979202866
AC027097.2	0.250016381863719	0.0138565902988289	0.99482600348355	0.0138565902988289
HAUS3	0.250069464953189	-0.0153130146779764	0.99482600348355	-0.0153130146779764
SORCS1	0.250231824557231	-0.0269106657161909	0.99482600348355	-0.0269106657161909
SMG9	0.250265568390344	-0.00845813969320472	0.99482600348355	-0.00845813969320472
SCAF4	0.25033740509505	0.00810927114893643	0.99482600348355	0.00810927114893643
AL139807.1	0.250341509151575	-0.0139712844109477	0.99482600348355	-0.0139712844109477
TMUB1	0.25053114319342	0.0142807862073503	0.99482600348355	0.0142807862073503
SMAP2	0.250643278247513	-0.0145811150993919	0.99482600348355	-0.0145811150993919
DAAM1	0.250872004664857	0.0151706034813863	0.99482600348355	0.0151706034813863
MICALL1	0.250905772361332	0.0117128698680345	0.99482600348355	0.0117128698680345
CCNI	0.251049530972263	0.00954743098947058	0.99482600348355	0.00954743098947058
HEATR1	0.251073036381134	0.00974395058893861	0.99482600348355	0.00974395058893861
CTNS	0.25112360157611	0.0118306545728904	0.99482600348355	0.0118306545728904
CARD19	0.251177232309661	-0.0163944097703332	0.99482600348355	-0.0163944097703332
RPLP2	0.251215391287962	0.013162299861339	0.99482600348355	0.013162299861339
FTCDNL1	0.251245769580093	0.00828578769786902	0.99482600348355	0.00828578769786902
PDZD8	0.25127756252263	-0.00837568721311434	0.99482600348355	-0.00837568721311434
ZNF615	0.251367362354674	0.0132399692973696	0.99482600348355	0.0132399692973696
ZHX1	0.251480488555709	-0.00932707593449572	0.99482600348355	-0.00932707593449572
TSR2	0.251498814615841	-0.0203401604569387	0.99482600348355	-0.0203401604569387
DMAC1	0.251530530772416	-0.0172482129837365	0.99482600348355	-0.0172482129837365
ART3	0.251585551275712	0.020072051285523	0.99482600348355	0.020072051285523
B2M	0.251758580753454	-0.0127813149930348	0.99482600348355	-0.0127813149930348
RNF7	0.251818750502451	-0.0207102975216745	0.99482600348355	-0.0207102975216745
GJB1	0.25184977421806	0.0131066113614278	0.99482600348355	0.0131066113614278
SEC16A	0.251889981261368	0.0107766391243337	0.99482600348355	0.0107766391243337
FAM66D	0.252186469979871	0.0149118704024319	0.995284009866343	0.0149118704024319
NUP214	0.25219193074442	0.00638778045511364	0.995284009866343	0.00638778045511364
CMTR2	0.252477572168602	0.0143161591884531	0.995592251044706	0.0143161591884531
AC084198.2	0.252482628207359	0.00897128869206525	0.995592251044706	0.00897128869206525
MRRF	0.252549094794579	0.00899517218637947	0.995592251044706	0.00899517218637947
USP1	0.252747348506556	-0.0121954388957714	0.996006948109596	-0.0121954388957714
LSM1	0.252879480813176	0.015191381165885	0.996094320499191	0.015191381165885
TRIM66	0.252955653846286	0.013214824198436	0.996094320499191	0.013214824198436
USP9X	0.253099515940613	-0.00598433095231725	0.996135624953856	-0.00598433095231725
METTL7A	0.253152284394515	-0.0109243377539148	0.996135624953856	-0.0109243377539148
UBE2F	0.253301220851696	0.00868338622198115	0.996355371839656	0.00868338622198115
MTMR4	0.253566930961748	0.00725282914698595	0.997034115387063	0.00725282914698595
CCNYL1	0.253848281768222	-0.0111909503385922	0.997134934466531	-0.0111909503385922
AC009041.2	0.253874614336799	0.00612434365974046	0.997134934466531	0.00612434365974046
POMT1	0.254250816831902	0.013138850069114	0.997134934466531	0.013138850069114
EIF4E2	0.254428902408126	0.00872658930565416	0.997134934466531	0.00872658930565416
ADNP	0.254549014153043	0.00442347396704298	0.997134934466531	0.00442347396704298
TTI2	0.254564579899209	0.0118309261625495	0.997134934466531	0.0118309261625495
AC097534.2	0.254722410306166	0.0133620002215857	0.997134934466531	0.0133620002215857
C1orf35	0.254764019777135	-0.0108097900240745	0.997134934466531	-0.0108097900240745
POU2AF1	0.254809566576966	0.014551702546655	0.997134934466531	0.014551702546655
PRPF4B	0.254956892891752	-0.00788112815748895	0.997134934466531	-0.00788112815748895
CARMIL1	0.255148607062962	-0.0245642507413139	0.997134934466531	-0.0245642507413139
SP110	0.255155909009724	-0.0111788430025605	0.997134934466531	-0.0111788430025605
MAP4K5	0.255163214599492	-0.0041555828363534	0.997134934466531	-0.0041555828363534
PLEKHM1	0.255232247971862	-0.00964946985834825	0.997134934466531	-0.00964946985834825
SFR1	0.255377218130797	0.0170370830432888	0.997134934466531	0.0170370830432888
PDK4	0.255398898527701	-0.00943533192762688	0.997134934466531	-0.00943533192762688
TMTC1	0.255419597375597	-0.0207891760338079	0.997134934466531	-0.0207891760338079
ZNF318	0.255617693000466	0.00752283830531998	0.997134934466531	0.00752283830531998
SRSF11	0.255641768259743	-0.00508887700669264	0.997134934466531	-0.00508887700669264
SLC4A8	0.255675664924357	-0.0071198634923283	0.997134934466531	-0.0071198634923283
PTBP2	0.255687200947986	0.00395293076841149	0.997134934466531	0.00395293076841149
ZNF224	0.255738137967664	-0.00967128737365833	0.997134934466531	-0.00967128737365833
AC021660.4	0.255779409619852	-0.0153981350255552	0.997134934466531	-0.0153981350255552
LINC01554	0.255828508833514	-0.0179237941041774	0.997134934466531	-0.0179237941041774
ZNF528	0.255964550379241	0.0125029494722782	0.997301995889702	0.0125029494722782
ZBTB48	0.25611293726669	-0.0147692316776233	0.997379324770435	-0.0147692316776233
LINC00476	0.2562259100813	0.00710004814656134	0.997379324770435	0.00710004814656134
NFYB	0.256409561583993	-0.0111436987286283	0.997379324770435	-0.0111436987286283
ACD	0.256823944673067	-0.0220389470508985	0.997379324770435	-0.0220389470508985
CDK12	0.25685506228932	-0.00734545698676441	0.997379324770435	-0.00734545698676441
PAM	0.256908802969141	0.0299615491825615	0.997379324770435	0.0299615491825615
RYR2	0.256981010978189	-0.0157140283503464	0.997379324770435	-0.0157140283503464
AC007389.1	0.257080802396487	-0.0224453387055071	0.997379324770435	-0.0224453387055071
QRSL1	0.257185517359471	0.00846574801931375	0.997379324770435	0.00846574801931375
RTL10	0.257295625083218	-0.0179650254919768	0.997379324770435	-0.0179650254919768
DCAF1	0.25747616183668	0.00926244803982812	0.997379324770435	0.00926244803982812
VCPKMT	0.257593676015548	0.0116895918101032	0.997379324770435	0.0116895918101032
AEBP2	0.257871334646985	-0.00832084434286315	0.997379324770435	-0.00832084434286315
METAP1	0.258140634198595	0.0121065811106762	0.997379324770435	0.0121065811106762
POLL	0.258212952896693	0.012034835446094	0.997379324770435	0.012034835446094
PREX1	0.258287806825487	0.00394883389905352	0.997379324770435	0.00394883389905352
NAA50	0.258374912366883	0.0092436766741682	0.997379324770435	0.0092436766741682
LHFPL3	0.258454138717137	-0.0178115675337257	0.997379324770435	-0.0178115675337257
ENDOD1	0.258697453771255	-0.00663516293675296	0.997379324770435	-0.00663516293675296
NFE2L2	0.258761369813895	-0.00543065140992336	0.997379324770435	-0.00543065140992336
EIF2B5	0.258913450733433	-0.0120913564929979	0.997379324770435	-0.0120913564929979
WDSUB1	0.258999265655822	0.0099874681589924	0.997379324770435	0.0099874681589924
KIAA2013	0.259032620672212	0.00963696166101534	0.997379324770435	0.00963696166101534
NDUFAF8	0.259297670768075	0.0158214464556504	0.997379324770435	0.0158214464556504
RPL27A	0.259463254212565	0.0152934866574024	0.997379324770435	0.0152934866574024
FASTKD2	0.259538971512399	0.0125118050040834	0.997379324770435	0.0125118050040834
PYCR2	0.25955427986874	0.012325771267469	0.997379324770435	0.012325771267469
H2AFX	0.259742702452799	0.014663218066598	0.997379324770435	0.014663218066598
MTFR1	0.259805497801658	-0.00753553327425145	0.997379324770435	-0.00753553327425145
SMARCC1	0.259827236092631	0.0056662467761555	0.997379324770435	0.0056662467761555
KSR1	0.259958669951839	0.00659915046417023	0.997379324770435	0.00659915046417023
SH2D6	0.260122913747085	0.0184370200410009	0.997379324770435	0.0184370200410009
MED13	0.260277804808348	-0.00456762645054927	0.997379324770435	-0.00456762645054927
USP20	0.260397285066232	-0.00932413416841119	0.997379324770435	-0.00932413416841119
SRA1	0.260448666074822	-0.0156338268860362	0.997379324770435	-0.0156338268860362
BAZ1A	0.260481840461212	0.00680783954401477	0.997379324770435	0.00680783954401477
PATJ	0.26061030456405	0.0116949559778616	0.997379324770435	0.0116949559778616
MAP4K4	0.26071273666371	0.00325400466180738	0.997379324770435	0.00325400466180738
RBM26	0.261072196487395	0.00437999029734109	0.997379324770435	0.00437999029734109
IP6K3	0.261438048309049	-0.0112535905043989	0.997379324770435	-0.0112535905043989
ZNF428	0.261447738273151	0.0140134358408387	0.997379324770435	0.0140134358408387
RAD23A	0.261467576009939	-0.0100295449595418	0.997379324770435	-0.0100295449595418
OXR1	0.261561356849028	0.0186783779163487	0.997379324770435	0.0186783779163487
HNRNPDL	0.26159771989476	-0.00554940838724421	0.997379324770435	-0.00554940838724421
SH3BGRL3	0.261644624725799	-0.0146083510596133	0.997379324770435	-0.0146083510596133
TM7SF3	0.26168801509746	-0.00981543494591622	0.997379324770435	-0.00981543494591622
ZNF324	0.261692961328043	0.0132203209496334	0.997379324770435	0.0132203209496334
TTC26	0.261761426739345	0.0176904354798745	0.997379324770435	0.0176904354798745
PDE5A	0.261781027602615	0.025322269916148	0.997379324770435	0.025322269916148
ZNF607	0.261926026278769	-0.0150451967899553	0.997379324770435	-0.0150451967899553
SCYL3	0.261932198183886	0.011985844302792	0.997379324770435	0.011985844302792
DOCK10	0.261975216186227	0.00346362980423475	0.997379324770435	0.00346362980423475
HEG1	0.262020254000711	0.00926931137612734	0.997379324770435	0.00926931137612734
ZNF430	0.262211239763469	-0.00973353127145401	0.997379324770435	-0.00973353127145401
AL391807.1	0.26228339337323	0.0115592464179038	0.997379324770435	0.0115592464179038
NPEPPS	0.262322241170624	-0.00567155324065765	0.997379324770435	-0.00567155324065765
UBE2E3	0.262395929380936	-0.00710840779032697	0.997379324770435	-0.00710840779032697
PRKRIP1	0.262454067382683	0.00621896254896365	0.997379324770435	0.00621896254896365
KCTD9	0.262545990425703	0.0139954771840048	0.997379324770435	0.0139954771840048
RPP21	0.262547495134804	0.0182128087758182	0.997379324770435	0.0182128087758182
MXD4	0.262593080946152	0.00981405769004978	0.997379324770435	0.00981405769004978
HES6	0.262705803215817	0.0135738178766491	0.997379324770435	0.0135738178766491
DTYMK	0.262720239384577	0.0140197932081508	0.997379324770435	0.0140197932081508
CDH23	0.262777908254482	0.0122991584224627	0.997379324770435	0.0122991584224627
VPS72	0.262783884120759	0.0126530583617572	0.997379324770435	0.0126530583617572
CHCHD7	0.262807647110406	-0.0192064300153869	0.997379324770435	-0.0192064300153869
ATG13	0.262837236859271	-0.00555507795148203	0.997379324770435	-0.00555507795148203
EED	0.262914916941889	0.0107784748570791	0.997379324770435	0.0107784748570791
KCMF1	0.262960947444017	-0.00812784136072175	0.997379324770435	-0.00812784136072175
YIF1A	0.263206164505255	0.0164957223378005	0.997379324770435	0.0164957223378005
AUTS2	0.263262275000241	0.00336487042301707	0.997379324770435	0.00336487042301707
ST5	0.263501127326453	-0.0176798354581753	0.997379324770435	-0.0176798354581753
WRNIP1	0.263532721426648	-0.00824194058123732	0.997379324770435	-0.00824194058123732
KIFC3	0.263794742821604	0.00907151927255396	0.997379324770435	0.00907151927255396
E2F6	0.263966588434513	-0.0134395603635622	0.997379324770435	-0.0134395603635622
MARK4	0.264013099877861	0.00782990030825155	0.997379324770435	0.00782990030825155
SVEP1	0.264065331320772	0.00899173836651913	0.997379324770435	0.00899173836651913
HSPA13	0.264075170597542	0.0137070425398784	0.997379324770435	0.0137070425398784
MUS81	0.264232287941766	0.0123443125923096	0.997379324770435	0.0123443125923096
SPATA2	0.264412114884011	0.01415001997079	0.997379324770435	0.01415001997079
OPCML	0.264423431305932	0.0203252226302578	0.997379324770435	0.0203252226302578
ZBTB18	0.264583178446342	-0.0167365561761832	0.997379324770435	-0.0167365561761832
AP3D1	0.26489060115853	-0.00797353673897249	0.997379324770435	-0.00797353673897249
NKD1	0.264948559782198	-0.0112023506727333	0.997379324770435	-0.0112023506727333
FAM76A	0.265130390537714	0.0112564705804737	0.997379324770435	0.0112564705804737
ULK3	0.26514547821017	-0.0179694100786204	0.997379324770435	-0.0179694100786204
OLFM3	0.26515216652698	-0.0254369156321766	0.997379324770435	-0.0254369156321766
GTPBP3	0.265392027699782	-0.018524967570865	0.997379324770435	-0.018524967570865
PIN4	0.26540821445755	0.00824289119317852	0.997379324770435	0.00824289119317852
SREBF1	0.265715219274715	-0.00752197898224999	0.997379324770435	-0.00752197898224999
SELENOP	0.265938557227802	0.00991570343102605	0.997379324770435	0.00991570343102605
ERGIC3	0.266295478069241	0.0103429394956165	0.997379324770435	0.0103429394956165
SIRT7	0.266313368574825	-0.00949386230576457	0.997379324770435	-0.00949386230576457
RFNG	0.266342329267412	0.0145438527282413	0.997379324770435	0.0145438527282413
PPM1D	0.266408740014553	0.00591987242021639	0.997379324770435	0.00591987242021639
LEMD2	0.266433442473143	-0.00854808803058161	0.997379324770435	-0.00854808803058161
ASPSCR1	0.26649703017388	0.00786423634510501	0.997379324770435	0.00786423634510501
USPL1	0.266675618282137	0.00972137162519722	0.997379324770435	0.00972137162519722
MTUS1	0.266678987872501	0.00503076574611267	0.997379324770435	0.00503076574611267
AL627171.2	0.266708441410808	0.0178999421731248	0.997379324770435	0.0178999421731248
POLR3E	0.266744026009138	-0.0113768445289792	0.997379324770435	-0.0113768445289792
TPPP	0.266907166161251	0.00589301531551065	0.997379324770435	0.00589301531551065
RPL37A	0.267021253578992	-0.0112510493128778	0.997379324770435	-0.0112510493128778
PM20D2	0.267358885200754	0.0165348898426915	0.997379324770435	0.0165348898426915
PRPF18	0.267529329808554	-0.00851466900876664	0.997379324770435	-0.00851466900876664
RPS27	0.267752361937172	0.0145916606096151	0.997379324770435	0.0145916606096151
SNAP25	0.267833996534369	0.0226595566849579	0.997379324770435	0.0226595566849579
SGCZ	0.267940391166807	0.0186295148195002	0.997379324770435	0.0186295148195002
MAPK8IP1	0.268143080435671	0.00877496613383485	0.997379324770435	0.00877496613383485
BORCS5	0.26827034824537	0.00645094087860077	0.997379324770435	0.00645094087860077
ABCD4	0.268341005004416	0.00715304841165091	0.997379324770435	0.00715304841165091
MINDY3	0.268473592099006	-0.0090292336031673	0.997379324770435	-0.0090292336031673
SCYL1	0.268622542874279	-0.0111067542799227	0.997379324770435	-0.0111067542799227
SASS6	0.26862939577687	0.0118342605132363	0.997379324770435	0.0118342605132363
ANK3	0.268691186595338	-0.00299065585759887	0.997379324770435	-0.00299065585759887
AC012360.3	0.268726290881388	-0.0188957393289681	0.997379324770435	-0.0188957393289681
CMIP	0.268873103464472	-0.00821314748876042	0.997379324770435	-0.00821314748876042
ITPRID2	0.268882322746585	0.00772398063866717	0.997379324770435	0.00772398063866717
OLIG1	0.268984674421647	0.00924305262321334	0.997379324770435	0.00924305262321334
AC026471.4	0.268994180150669	0.0114675831312703	0.997379324770435	0.0114675831312703
TOMM70	0.269203331901581	-0.0101157886305841	0.997379324770435	-0.0101157886305841
AC009126.1	0.269270133948243	0.00852339364655207	0.997379324770435	0.00852339364655207
TRIP6	0.269410918973231	-0.0196600242671667	0.997379324770435	-0.0196600242671667
GALNT10	0.269508107141305	0.00760509400097812	0.997379324770435	0.00760509400097812
CRIM1	0.269585657195785	-0.0103871603981057	0.997379324770435	-0.0103871603981057
TMTC2	0.26968709789059	-0.00315268016832188	0.997379324770435	-0.00315268016832188
SLAIN1	0.269688838088903	-0.00357910115211389	0.997379324770435	-0.00357910115211389
FAM210A	0.269710505042648	0.0101590362536455	0.997379324770435	0.0101590362536455
HCN1	0.269816461937604	-0.0228620970041886	0.997379324770435	-0.0228620970041886
NFXL1	0.269911171838633	-0.0101241155889142	0.997379324770435	-0.0101241155889142
CDH3	0.269978203157685	-0.0202795995216249	0.997379324770435	-0.0202795995216249
UGDH-AS1	0.269980612862544	0.00706289975332807	0.997379324770435	0.00706289975332807
SFI1	0.269983309411292	-0.0116621207572495	0.997379324770435	-0.0116621207572495
LRRC14	0.270010706850248	-0.0182512807037742	0.997379324770435	-0.0182512807037742
DUSP22	0.27019213545879	-0.00974895334398296	0.997379324770435	-0.00974895334398296
PSMA5	0.270213843428553	0.0137599329210965	0.997379324770435	0.0137599329210965
PANTR1	0.270415674928735	-0.00542190140573672	0.997379324770435	-0.00542190140573672
C17orf75	0.270764377945982	-0.0124637058240923	0.997379324770435	-0.0124637058240923
FANCL	0.270882506335215	-0.00609043820000561	0.997379324770435	-0.00609043820000561
SLC44A5	0.270934969613054	0.0224303565370432	0.997379324770435	0.0224303565370432
PUS7L	0.271249691752037	0.00800588407881577	0.997379324770435	0.00800588407881577
AC019205.1	0.271259217459499	0.0142219339874083	0.997379324770435	0.0142219339874083
STXBP5-AS1	0.271299868216066	-0.0242550124190407	0.997379324770435	-0.0242550124190407
SUFU	0.271333105663687	-0.00833767173597601	0.997379324770435	-0.00833767173597601
ZNF768	0.271384319685824	0.0140198595265973	0.997379324770435	0.0140198595265973
GTDC1	0.271485896265991	0.00416369704908732	0.997379324770435	0.00416369704908732
CD247	0.27162541247248	-0.0153566213724312	0.997379324770435	-0.0153566213724312
ATXN7L1	0.271693456226014	0.00657310691659169	0.997379324770435	0.00657310691659169
NVL	0.272282383381681	0.00734833604398511	0.997379324770435	0.00734833604398511
SILC1	0.272371570930002	-0.00511359909550985	0.997379324770435	-0.00511359909550985
CDKN2AIPNL	0.272662321767203	0.0160727551962757	0.997379324770435	0.0160727551962757
OST4	0.272749041060533	0.0204861713306778	0.997379324770435	0.0204861713306778
CPEB4	0.272903186152009	0.00424702537986976	0.997379324770435	0.00424702537986976
LIN7B	0.273005922432333	-0.0215906409752937	0.997379324770435	-0.0215906409752937
MPPED1	0.273046319983205	-0.0229991451801223	0.997379324770435	-0.0229991451801223
EIF5	0.273082643612312	-0.00809386923006557	0.997379324770435	-0.00809386923006557
AC021231.1	0.273137568548125	0.0112098607500633	0.997379324770435	0.0112098607500633
MIPEP	0.273301809885398	-0.00889020713241122	0.997379324770435	-0.00889020713241122
SEZ6L	0.273323509025629	-0.0238570963320037	0.997379324770435	-0.0238570963320037
PPP2R3A	0.273356114851978	0.00522416051558744	0.997379324770435	0.00522416051558744
LSAMP	0.273426707558915	0.00548339679024956	0.997379324770435	0.00548339679024956
TTLL1	0.273522746577084	0.0139175488918732	0.997379324770435	0.0139175488918732
GPM6B	0.273728958539882	-0.00407474848343376	0.997379324770435	-0.00407474848343376
ARHGAP5	0.273760377696457	-0.00386376340191715	0.997379324770435	-0.00386376340191715
SGK2	0.273904074043893	-0.0113737717977487	0.997379324770435	-0.0113737717977487
UBE2V1	0.274026932234468	-0.00769475576612843	0.997379324770435	-0.00769475576612843
COG4	0.274124211231412	0.00796423774011471	0.997379324770435	0.00796423774011471
TXNRD1	0.274131022297097	-0.0108517559858968	0.997379324770435	-0.0108517559858968
BAG5	0.274252665353781	-0.013194955497953	0.997379324770435	-0.013194955497953
DOHH	0.274273646426464	0.0105667042181044	0.997379324770435	0.0105667042181044
LPCAT4	0.274320730746052	-0.0253185283776472	0.997379324770435	-0.0253185283776472
PKD1	0.274397273987771	-0.00971152061493591	0.997379324770435	-0.00971152061493591
NR2C1	0.27454090642119	0.00775157215278726	0.997379324770435	0.00775157215278726
NAP1L1	0.274559826718598	0.00768902369395794	0.997379324770435	0.00768902369395794
LINC02473	0.274695406062045	0.0108647547483009	0.997379324770435	0.0108647547483009
SAMD4A	0.274750516260545	-0.0138274756085679	0.997379324770435	-0.0138274756085679
CCDC124	0.274767905229751	0.0157670677547082	0.997379324770435	0.0157670677547082
TUBG2	0.275161663928404	-0.0103726283638612	0.997379324770435	-0.0103726283638612
UBA52	0.275523335241508	0.0131962251139242	0.997379324770435	0.0131962251139242
C12orf49	0.275669183433993	0.015017724140269	0.997379324770435	0.015017724140269
ZKSCAN2-DT	0.275739304347489	0.0144921551293641	0.997379324770435	0.0144921551293641
FAM98A	0.275779112326178	-0.0124792715581907	0.997379324770435	-0.0124792715581907
ZFP14	0.275870618663668	-0.00528146593675907	0.997379324770435	-0.00528146593675907
SF3B4	0.276023765076402	0.0171291943874919	0.997379324770435	0.0171291943874919
CDC16	0.276166363292791	0.006866000411661	0.997379324770435	0.006866000411661
ERMN	0.276199020202833	0.00658687278284873	0.997379324770435	0.00658687278284873
SPHK2	0.276209990665493	-0.0118185603165193	0.997379324770435	-0.0118185603165193
ZBTB7B	0.276259060359435	0.0139326720545574	0.997379324770435	0.0139326720545574
UPRT	0.276303099283772	-0.0147128990901711	0.997379324770435	-0.0147128990901711
KIN	0.276306041535287	-0.00810709289701569	0.997379324770435	-0.00810709289701569
TTC7A	0.276392326775172	0.00584477676033798	0.997379324770435	0.00584477676033798
B3GAT3	0.276479729971086	0.0100420936967051	0.997379324770435	0.0100420936967051
LINC01098	0.276539031126358	-0.0214892260554149	0.997379324770435	-0.0214892260554149
RPS6KC1	0.276585687020279	0.00547368124183609	0.997379324770435	0.00547368124183609
LMO7	0.276610116439388	-0.0124975748700408	0.997379324770435	-0.0124975748700408
AL355881.1	0.276611061981297	-0.0245822561623854	0.997379324770435	-0.0245822561623854
GNL2	0.276679699882035	0.0147643652196759	0.997379324770435	0.0147643652196759
FLYWCH1	0.27671525118481	0.0085438232202058	0.997379324770435	0.0085438232202058
DENND1A	0.27685853685923	-0.00500160754093431	0.997379324770435	-0.00500160754093431
SPECC1L	0.276884992535153	-0.005870001810582	0.997379324770435	-0.005870001810582
AC021851.2	0.27690703099365	-0.0149824649774157	0.997379324770435	-0.0149824649774157
AC093865.1	0.27703026936842	-0.009198265064562	0.997379324770435	-0.009198265064562
GATC	0.277114935963736	-0.0115129176712152	0.997379324770435	-0.0115129176712152
RNF166	0.27712387939411	-0.0204345287564394	0.997379324770435	-0.0204345287564394
AC022182.1	0.277146257882037	0.0131699179677883	0.997379324770435	0.0131699179677883
ERLEC1	0.27718988927347	0.0108990453698192	0.997379324770435	0.0108990453698192
PEX2	0.277292709200712	-0.0093420986941607	0.997379324770435	-0.0093420986941607
GPC1	0.277432918782626	0.0191349502509076	0.997379324770435	0.0191349502509076
UBE2Q2	0.277439993163097	-0.0094326909808252	0.997379324770435	-0.0094326909808252
CCP110	0.277566025998202	-0.00461329687303372	0.997379324770435	-0.00461329687303372
EPN1	0.277630339465723	0.0107427568032827	0.997379324770435	0.0107427568032827
HMGN2	0.277698254024471	-0.0114580874148303	0.997379324770435	-0.0114580874148303
CLCC1	0.277806958875131	-0.0118214787233555	0.997379324770435	-0.0118214787233555
GTF2B	0.277814103618112	-0.00950931789111695	0.997379324770435	-0.00950931789111695
PHKG2	0.277902263704183	-0.0152562942708504	0.997379324770435	-0.0152562942708504
AK6	0.277997695347803	0.0143936704444456	0.997379324770435	0.0143936704444456
LRRC47	0.278140629852808	-0.0129671025578514	0.997379324770435	-0.0129671025578514
CNRIP1	0.278472124577132	-0.018723227884801	0.997379324770435	-0.018723227884801
HMGXB3	0.278512796952148	-0.0116994706350039	0.997379324770435	-0.0116994706350039
LRRC41	0.278660692128553	-0.00740194302076498	0.997379324770435	-0.00740194302076498
THAP5	0.278704455967642	-0.0126133798098622	0.997379324770435	-0.0126133798098622
PHKB	0.278762936779854	0.00631085100319522	0.997379324770435	0.00631085100319522
GSE1	0.278973890346978	-0.0235952170097547	0.997379324770435	-0.0235952170097547
EFCAB6	0.279011210667293	0.0169660025904442	0.997379324770435	0.0169660025904442
HTR4	0.279049961500657	-0.0187498760124063	0.997379324770435	-0.0187498760124063
H2AFJ	0.279176278477284	0.0184793910975845	0.997379324770435	0.0184793910975845
CIZ1	0.27924704610081	0.00680003196558544	0.997379324770435	0.00680003196558544
FAM199X	0.279413664022486	-0.0131190966540348	0.997379324770435	-0.0131190966540348
CDC34	0.279462463362832	0.0143512061024062	0.997379324770435	0.0143512061024062
COA8	0.27970809777683	0.0168674637764232	0.997379324770435	0.0168674637764232
NPIPB6	0.279888149289695	0.0201925048439743	0.997379324770435	0.0201925048439743
AC022893.1	0.279894118949511	-0.0144282462733154	0.997379324770435	-0.0144282462733154
AC074032.1	0.279910362280127	0.00668635636300344	0.997379324770435	0.00668635636300344
SEC23B	0.279947760488242	0.009978816321788	0.997379324770435	0.009978816321788
TMEM42	0.280076723848194	0.0121088350204731	0.997379324770435	0.0121088350204731
ALDH7A1	0.280172727902376	0.00766629860819182	0.997379324770435	0.00766629860819182
PRMT9	0.280188733203322	-0.0137918691082008	0.997379324770435	-0.0137918691082008
CT69	0.280299445930889	0.0102553665878446	0.997379324770435	0.0102553665878446
SIRT6	0.280538049668071	0.0148097007949889	0.997379324770435	0.0148097007949889
BUD13	0.28058650826963	0.0137797192382625	0.997379324770435	0.0137797192382625
IVD	0.280801518741289	0.00744270305672057	0.997379324770435	0.00744270305672057
BTF3L4	0.280819350229884	0.00740798549187915	0.997379324770435	0.00740798549187915
TBCK	0.280838732690161	0.00570884164096993	0.997379324770435	0.00570884164096993
RMDN3	0.280871296267738	0.00894592271122744	0.997379324770435	0.00894592271122744
EGFL8	0.280895471741297	-0.0140525561932048	0.997379324770435	-0.0140525561932048
PGM1	0.281214641537535	0.016670087186385	0.997379324770435	0.016670087186385
TMEM254-AS1	0.281350698400279	0.0139208243500797	0.997379324770435	0.0139208243500797
LIN7C	0.281704042892435	-0.0144931685040808	0.997379324770435	-0.0144931685040808
ARL10	0.281710359907405	-0.00895007796855755	0.997379324770435	-0.00895007796855755
AC011416.4	0.281760791054425	-0.0127591265622657	0.997379324770435	-0.0127591265622657
CMC2	0.281830589747154	0.00812325443103434	0.997379324770435	0.00812325443103434
RANBP2	0.281908002090573	-0.00782046695435242	0.997379324770435	-0.00782046695435242
SLC35B2	0.281965920671542	0.0153760081824412	0.997379324770435	0.0153760081824412
TFAM	0.28225605462126	-0.015339663549537	0.997379324770435	-0.015339663549537
PHTF2	0.28228184208509	-0.00580136774110862	0.997379324770435	-0.00580136774110862
DNAJB12	0.282347488593511	0.00952266851056707	0.997379324770435	0.00952266851056707
DUSP15	0.282495092185442	0.016569073905311	0.997379324770435	0.016569073905311
CREB1	0.282700386644939	-0.00510175547502436	0.997379324770435	-0.00510175547502436
RAB11FIP4	0.282800841715697	0.00569479662894045	0.997379324770435	0.00569479662894045
DNA2	0.283183390679784	-0.0110873466021957	0.997379324770435	-0.0110873466021957
SLC25A3	0.283325390400788	-0.016163212388818	0.997379324770435	-0.016163212388818
ATP6V1D	0.283544942160742	-0.012863763387046	0.997379324770435	-0.012863763387046
RELT	0.283744972844325	0.0146205652017756	0.997379324770435	0.0146205652017756
UMAD1	0.283982165622841	0.00530499347240714	0.997379324770435	0.00530499347240714
PHC2	0.283988449620795	0.00442282749515817	0.997379324770435	0.00442282749515817
NDC1	0.284026854942907	-0.00954522805666644	0.997379324770435	-0.00954522805666644
LRP11	0.284238163637194	-0.00688084454942753	0.997379324770435	-0.00688084454942753
GRM5	0.284246504037441	0.020033549177946	0.997379324770435	0.020033549177946
NUBP1	0.284265593260426	0.0141828091126732	0.997379324770435	0.0141828091126732
MRPL45	0.284304026422785	0.0118285538913988	0.997379324770435	0.0118285538913988
AC130324.2	0.284546292672365	-0.0107853771723962	0.997379324770435	-0.0107853771723962
VASH1	0.284628053540563	-0.00964435574494895	0.997379324770435	-0.00964435574494895
PPIP5K2	0.284829283256491	0.00901918745039603	0.997379324770435	0.00901918745039603
THNSL2	0.284902591833055	0.013180568344404	0.997379324770435	0.013180568344404
ANKRD46	0.284939712679295	-0.0121280852548451	0.997379324770435	-0.0121280852548451
BARD1	0.285101850856579	-0.00980061656936332	0.997379324770435	-0.00980061656936332
THRA	0.28510347997147	-0.00607097673682549	0.997379324770435	-0.00607097673682549
PTCH1	0.28521117133539	-0.00812936948131176	0.997379324770435	-0.00812936948131176
C3orf33	0.285316520657487	0.0123256686021158	0.997379324770435	0.0123256686021158
DOCK5	0.285324494790375	-0.00361274529919083	0.997379324770435	-0.00361274529919083
ZNF136	0.285328007784699	0.0132487279576342	0.997379324770435	0.0132487279576342
TBPL1	0.285346749453208	-0.0130743202099175	0.997379324770435	-0.0130743202099175
PALB2	0.285375647800456	-0.0128254522768486	0.997379324770435	-0.0128254522768486
PIP4P1	0.285433807253003	0.0133660793815884	0.997379324770435	0.0133660793815884
KRT10	0.285439850701477	-0.0174505701718086	0.997379324770435	-0.0174505701718086
ENPP4	0.28571206708345	0.00887963809791661	0.997379324770435	0.00887963809791661
SRGAP2B	0.286001309108107	-0.0165723590783204	0.997379324770435	-0.0165723590783204
SIVA1	0.2861529658155	0.0139113426906859	0.997379324770435	0.0139113426906859
GDF11	0.28617294001785	-0.0188169009826297	0.997379324770435	-0.0188169009826297
CPNE2	0.286316120684364	-0.00533240503044592	0.997379324770435	-0.00533240503044592
GNA11	0.286386031537595	0.00896912449978475	0.997379324770435	0.00896912449978475
HPS3	0.286506855896921	0.00943098594520522	0.997379324770435	0.00943098594520522
AC064807.1	0.28654677255896	0.0136882409023996	0.997379324770435	0.0136882409023996
ANKIB1	0.286558184108826	-0.00342798806834065	0.997379324770435	-0.00342798806834065
PARP1	0.286591461947236	0.00755117556654525	0.997379324770435	0.00755117556654525
VKORC1	0.28662795902983	0.0144807283343232	0.997379324770435	0.0144807283343232
COG1	0.286719852667582	-0.0193337109135071	0.997379324770435	-0.0193337109135071
PSMC3	0.287051552753399	0.0193368294614126	0.997379324770435	0.0193368294614126
FOLH1	0.287164629945825	0.00593198980116239	0.997379324770435	0.00593198980116239
BAALC	0.287380125238377	-0.0141819175971131	0.997379324770435	-0.0141819175971131
PPP1R12C	0.287412847741674	-0.00845600118216146	0.997379324770435	-0.00845600118216146
ANKZF1	0.287415383442769	0.00800460140446392	0.997379324770435	0.00800460140446392
TBC1D1	0.287425854291752	-0.0204770051386203	0.997379324770435	-0.0204770051386203
CNOT4	0.287612695607302	-0.00460063933882142	0.997379324770435	-0.00460063933882142
NDUFB6	0.287844364755029	-0.0100629927966547	0.997379324770435	-0.0100629927966547
PIK3CA	0.287899483064825	0.00774657727533477	0.997379324770435	0.00774657727533477
PLCB1	0.287933831606447	0.018307559130139	0.997379324770435	0.018307559130139
ICA1L	0.287991555458041	0.0115599075904245	0.997379324770435	0.0115599075904245
SEPTIN7	0.287995283539944	0.00349102927035936	0.997379324770435	0.00349102927035936
FAM174A	0.288073158089465	0.0147824508072024	0.997379324770435	0.0147824508072024
GAB1	0.288770812299055	-0.00351961757333587	0.997379324770435	-0.00351961757333587
SETD1A	0.288896020292461	0.0115699859801112	0.997379324770435	0.0115699859801112
MMS19	0.288897755349855	0.00674605510129288	0.997379324770435	0.00674605510129288
MICAL2	0.288907981974496	-0.0210871466292665	0.997379324770435	-0.0210871466292665
ACAD11	0.289032785321416	0.00610445979661375	0.997379324770435	0.00610445979661375
AC012459.1	0.289107496263418	0.00774716977362963	0.997379324770435	0.00774716977362963
TSBP1-AS1	0.289139903231968	-0.0104916725177981	0.997379324770435	-0.0104916725177981
SEMA4C	0.289190871035477	-0.00953122938464613	0.997379324770435	-0.00953122938464613
UBOX5	0.289206579869503	0.00954167107341873	0.997379324770435	0.00954167107341873
AC137894.3	0.289421316697549	-0.0110288191124274	0.997379324770435	-0.0110288191124274
AQP4-AS1	0.289425010568434	-0.0214079351692971	0.997379324770435	-0.0214079351692971
ENSA	0.289425191686319	-0.0100350990058797	0.997379324770435	-0.0100350990058797
HECTD4	0.289460672535771	0.00526901511512132	0.997379324770435	0.00526901511512132
ANP32B	0.289647663998011	-0.00781260623345485	0.997379324770435	-0.00781260623345485
FAM222B	0.289771603158586	0.00536323753117952	0.997379324770435	0.00536323753117952
SGTB	0.28986921087977	-0.018360115592397	0.997379324770435	-0.018360115592397
USP40	0.289915739284786	0.00544037171207556	0.997379324770435	0.00544037171207556
PSME3	0.290026791474945	0.0155592428168087	0.997379324770435	0.0155592428168087
TIMM23B-AGAP6	0.290079583842059	0.0160544353132113	0.997379324770435	0.0160544353132113
SUN2	0.290179811584203	0.00645504901401104	0.997379324770435	0.00645504901401104
NPHP4	0.290352071278165	0.0108519201317727	0.997379324770435	0.0108519201317727
CDK4	0.290393804572444	0.0157539057553038	0.997379324770435	0.0157539057553038
TENM2	0.290533771640349	0.0204692342912539	0.997379324770435	0.0204692342912539
CPB2-AS1	0.290630055906785	0.00525805124815536	0.997379324770435	0.00525805124815536
CDAN1	0.290634532756121	0.0149397585730057	0.997379324770435	0.0149397585730057
ZNF532	0.290721470975219	0.00488445834570814	0.997379324770435	0.00488445834570814
STRN	0.290727179485741	0.00457288262784708	0.997379324770435	0.00457288262784708
USP13	0.290734052390846	0.00775769072533374	0.997379324770435	0.00775769072533374
SETBP1	0.290869972716396	-0.0153377073179991	0.997379324770435	-0.0153377073179991
KCTD1	0.290994107937089	-0.011354416774933	0.997379324770435	-0.011354416774933
RBM12B	0.291134487015733	-0.00857605208827248	0.997379324770435	-0.00857605208827248
WWP2	0.291388827329656	0.00558179327813106	0.997379324770435	0.00558179327813106
FAM13A	0.291484373948511	-0.021861939988957	0.997379324770435	-0.021861939988957
CCDC167	0.291895600699593	0.0155305474339381	0.997379324770435	0.0155305474339381
DNAJB11	0.291912573905072	0.010661415406014	0.997379324770435	0.010661415406014
RAE1	0.292003618157598	-0.0123241570771776	0.997379324770435	-0.0123241570771776
FBXL18	0.292168168509765	-0.00830822945508785	0.997379324770435	-0.00830822945508785
TMEM50B	0.292322380876758	0.00713378982801949	0.997379324770435	0.00713378982801949
HINFP	0.292348033215765	0.0125957714306856	0.997379324770435	0.0125957714306856
OLIG2	0.292393593571801	0.011403376767561	0.997379324770435	0.011403376767561
LRRC37A2	0.292501094438485	0.00998944834933438	0.997379324770435	0.00998944834933438
B3GLCT	0.292627267777048	0.0164167171108954	0.997379324770435	0.0164167171108954
GIPR	0.292870249454009	-0.0145282013070237	0.997379324770435	-0.0145282013070237
TEDC1	0.292917554427504	0.0143989243478071	0.997379324770435	0.0143989243478071
CCDC91	0.292959582240807	-0.00556261725123258	0.997379324770435	-0.00556261725123258
SEC23A	0.293001634387871	-0.00848073791913803	0.997379324770435	-0.00848073791913803
AP003486.1	0.293034425076432	-0.0166717905137513	0.997379324770435	-0.0166717905137513
ZBTB41	0.293090643556649	-0.0100668178026809	0.997379324770435	-0.0100668178026809
TNKS	0.293261746775578	-0.00397257386151073	0.997379324770435	-0.00397257386151073
ARNT	0.293337684627671	0.00765700924760985	0.997379324770435	0.00765700924760985
BABAM2	0.293381619295473	0.00671582763459668	0.997379324770435	0.00671582763459668
RBM22	0.293428449023003	0.0117444954578991	0.997379324770435	0.0117444954578991
NUFIP2	0.293551885584177	-0.00607202574967722	0.997379324770435	-0.00607202574967722
TMEM201	0.293639198530746	0.016638451598259	0.997379324770435	0.016638451598259
ATP6V0E2	0.293802904966076	0.00867263936667077	0.997379324770435	0.00867263936667077
RBM45	0.293832261476239	0.0104927341282071	0.997379324770435	0.0104927341282071
DNAJC11	0.293870858384974	-0.00772477957615857	0.997379324770435	-0.00772477957615857
PLD2	0.293895526008271	-0.0156151823161306	0.997379324770435	-0.0156151823161306
ECHDC1	0.294067731617415	0.00853800634705477	0.997379324770435	0.00853800634705477
MEN1	0.294083855366814	0.0154749151233309	0.997379324770435	0.0154749151233309
SPATA7	0.294141994504164	-0.00855277354154923	0.997379324770435	-0.00855277354154923
TRIM13	0.294219586128909	0.00838463592863991	0.997379324770435	0.00838463592863991
MRI1	0.294476613071555	0.0119907824301451	0.997379324770435	0.0119907824301451
MAPKAP1	0.294517285342388	0.00549717718862575	0.997379324770435	0.00549717718862575
TTLL5	0.294589578565619	-0.0053929193482455	0.997379324770435	-0.0053929193482455
C15orf41	0.294597556260848	-0.00567615813899485	0.997379324770435	-0.00567615813899485
SERHL2	0.294599655464683	-0.0143689214655785	0.997379324770435	-0.0143689214655785
PYGO2	0.294712951404358	0.0130725452938322	0.997379324770435	0.0130725452938322
YME1L1	0.294867867621451	0.00689018004961089	0.997379324770435	0.00689018004961089
MPHOSPH10	0.294879889327793	-0.00874841943549907	0.997379324770435	-0.00874841943549907
DYRK1A	0.29490143671453	-0.00500290297118467	0.997379324770435	-0.00500290297118467
SLC35E4	0.294953425595398	-0.00738565229786842	0.997379324770435	-0.00738565229786842
SRSF3	0.294980465668444	0.00833403921377778	0.997379324770435	0.00833403921377778
CWC15	0.295074608886235	-0.0119856321973835	0.997379324770435	-0.0119856321973835
MORC2	0.295180726644938	-0.0120959760678718	0.997379324770435	-0.0120959760678718
SC5D	0.295209276510566	0.0105329473884768	0.997379324770435	0.0105329473884768
CNKSR2	0.295274573751275	-0.0255207755559439	0.997379324770435	-0.0255207755559439
ENTPD5	0.295337922686248	-0.0144535039784822	0.997379324770435	-0.0144535039784822
LINC00909	0.295380171165093	0.0127431895131461	0.997379324770435	0.0127431895131461
BEND6	0.295533297894356	-0.0117003179562651	0.997379324770435	-0.0117003179562651
SGCB	0.2955458013147	0.010477503160022	0.997379324770435	0.010477503160022
MOSPD2	0.295570690784078	0.00624308923966154	0.997379324770435	0.00624308923966154
ZRANB1	0.295672117160121	0.00699441986534937	0.997379324770435	0.00699441986534937
ALAS1	0.295762513180487	0.0177041846439826	0.997379324770435	0.0177041846439826
DELE1	0.295961587643487	-0.0106485047406269	0.997379324770435	-0.0106485047406269
RBM38	0.295975946743651	0.0154219552876187	0.997379324770435	0.0154219552876187
SAP18	0.296018470726795	0.0161832963398095	0.997379324770435	0.0161832963398095
IGHMBP2	0.296067672458379	0.0127745772508094	0.997379324770435	0.0127745772508094
TMEM117	0.296094082559895	-0.00546245941977908	0.997379324770435	-0.00546245941977908
RNGTT	0.296150423215083	-0.00552342063081013	0.997379324770435	-0.00552342063081013
SDHAF3	0.29623799740671	-0.0174264997998255	0.997379324770435	-0.0174264997998255
CARD8	0.296442275741778	0.00915797139538841	0.997379324770435	0.00915797139538841
PACSIN2	0.296478206434318	0.00807895533829646	0.997379324770435	0.00807895533829646
MTURN	0.296763366461195	-0.00611634617614587	0.997379324770435	-0.00611634617614587
KTN1-AS1	0.296919606933644	0.0128374437265121	0.997379324770435	0.0128374437265121
AHR	0.296994611522823	-0.00878591409249272	0.997379324770435	-0.00878591409249272
CCDC28A	0.297040118698292	0.0162603671987071	0.997379324770435	0.0162603671987071
ZUP1	0.297159763378228	0.0102635852797909	0.997379324770435	0.0102635852797909
KPTN	0.29717150362869	0.0149680412366903	0.997379324770435	0.0149680412366903
COL28A1	0.297339992272666	0.0134745005535205	0.997379324770435	0.0134745005535205
AP000866.1	0.297402724221938	0.0116385322938309	0.997379324770435	0.0116385322938309
NDUFC2	0.297460087120355	-0.016598630364229	0.997379324770435	-0.016598630364229
NUP42	0.297472522287674	0.0110697240631412	0.997379324770435	0.0110697240631412
SGTA	0.297480486360162	0.00771318205275548	0.997379324770435	0.00771318205275548
LONP1	0.297707225345559	0.00822154306967384	0.997379324770435	0.00822154306967384
CEP290	0.297743973871284	-0.00627689381658736	0.997379324770435	-0.00627689381658736
SLC25A33	0.297850143212487	-0.0114907032950183	0.997379324770435	-0.0114907032950183
AL050341.2	0.297895530688812	0.0171898593035009	0.997379324770435	0.0171898593035009
PTDSS2	0.298099925610681	-0.00596166237601671	0.997379324770435	-0.00596166237601671
SHQ1	0.298106092249459	0.00743474510361878	0.997379324770435	0.00743474510361878
KEAP1	0.298151194918277	0.00814110000254728	0.997379324770435	0.00814110000254728
CDC27	0.298340009687087	0.00541760994131798	0.997379324770435	0.00541760994131798
KMT5B	0.298401082169676	0.00489991092984247	0.997379324770435	0.00489991092984247
UBE2J1	0.29840703445732	-0.00860194443571138	0.997379324770435	-0.00860194443571138
LRRC1	0.298411488086876	-0.00577637449511694	0.997379324770435	-0.00577637449511694
MAP7D1	0.298426245848651	-0.00607160867881588	0.997379324770435	-0.00607160867881588
NTN4	0.298445917388729	-0.0206367974029453	0.997379324770435	-0.0206367974029453
PAN3	0.298473658854658	0.00420913575906457	0.997379324770435	0.00420913575906457
UVSSA	0.29858526183746	0.0115186364417088	0.997379324770435	0.0115186364417088
MATN1-AS1	0.298663196218783	0.0141521040409331	0.997379324770435	0.0141521040409331
SHB	0.298697325785668	0.00639091255088818	0.997379324770435	0.00639091255088818
CEP350	0.298707525394567	0.00500069004057767	0.997379324770435	0.00500069004057767
CLDN12	0.298722424479287	-0.0171423619954975	0.997379324770435	-0.0171423619954975
DMGDH	0.298742871408213	-0.0130295979405608	0.997379324770435	-0.0130295979405608
CDH26	0.298751913579464	0.0100655248938909	0.997379324770435	0.0100655248938909
ARF5	0.298803191751231	-0.0235864793217724	0.997379324770435	-0.0235864793217724
UBE4B	0.298862793031036	-0.00403209051637038	0.997379324770435	-0.00403209051637038
CCDC85A	0.298913820825561	-0.0233908589517264	0.997379324770435	-0.0233908589517264
HCFC2	0.299033399767743	0.00781679641069879	0.997379324770435	0.00781679641069879
HMBS	0.299034083294473	0.0147959649523639	0.997379324770435	0.0147959649523639
S100A6	0.299201610684214	-0.0200352549552871	0.997379324770435	-0.0200352549552871
NEK7	0.29923834829427	-0.00460679114961664	0.997379324770435	-0.00460679114961664
PEPD	0.299254464898139	-0.00817175434683493	0.997379324770435	-0.00817175434683493
SLC35E3	0.299300621462699	-0.00570250794684751	0.997379324770435	-0.00570250794684751
NDUFA5	0.29936524785355	0.0146401647364465	0.997379324770435	0.0146401647364465
CPB1	0.299619823007726	0.0113367071051705	0.997379324770435	0.0113367071051705
CEP120	0.29970987316799	0.00906621561930882	0.997379324770435	0.00906621561930882
CHRNE	0.299720351175407	-0.0204102082537432	0.997379324770435	-0.0204102082537432
CNBP	0.299805012628768	-0.00964935258655578	0.997379324770435	-0.00964935258655578
DNAH6	0.299829136865474	-0.0206924934623849	0.997379324770435	-0.0206924934623849
HERPUD1	0.299872554961679	-0.012794618125749	0.997379324770435	-0.012794618125749
AC079921.1	0.299969370896674	0.013917112002965	0.997379324770435	0.013917112002965
DCAKD	0.299984957767409	-0.0105847451161401	0.997379324770435	-0.0105847451161401
SNHG19	0.300151274648805	0.0177010125595399	0.997379324770435	0.0177010125595399
NSMCE1	0.300249270212199	-0.0107898422648789	0.997379324770435	-0.0107898422648789
SPRTN	0.30032104653144	0.0160717104434244	0.997379324770435	0.0160717104434244
TEX2	0.30044211517614	0.00570717885284025	0.997379324770435	0.00570717885284025
PEA15	0.300464959023886	0.0107675709916743	0.997379324770435	0.0107675709916743
GNL1	0.300483960872154	-0.0127069819394292	0.997379324770435	-0.0127069819394292
IFT172	0.300700240791261	0.00541380096275159	0.997379324770435	0.00541380096275159
JAKMIP3	0.300713668924076	-0.00839370321281254	0.997379324770435	-0.00839370321281254
PRNP	0.300726670163782	0.00887548740571108	0.997379324770435	0.00887548740571108
HDAC8	0.30075509665567	0.00426124635349949	0.997379324770435	0.00426124635349949
ZNF34	0.301039615059689	-0.0176816602328116	0.997379324770435	-0.0176816602328116
MTMR6	0.301051743786613	-0.00709308815255948	0.997379324770435	-0.00709308815255948
LRP4	0.301276547679744	-0.00704197258740771	0.997379324770435	-0.00704197258740771
C5orf51	0.301500374009575	0.0098564124145162	0.997379324770435	0.0098564124145162
CNTN5	0.301503757951802	0.0193016882423563	0.997379324770435	0.0193016882423563
INPP5F	0.301513024052846	-0.013345073496598	0.997379324770435	-0.013345073496598
B4GALNT4	0.301631471745817	0.0109623103077314	0.997379324770435	0.0109623103077314
STOML2	0.30169456407555	-0.0184611591074082	0.997379324770435	-0.0184611591074082
AP001347.1	0.301711702125091	0.013187418020134	0.997379324770435	0.013187418020134
AL353743.2	0.301781064557694	-0.00914978689087225	0.997379324770435	-0.00914978689087225
LTN1	0.302070433980518	-0.00621797217929893	0.997379324770435	-0.00621797217929893
MPDZ	0.302157332113762	0.00462514269945988	0.997379324770435	0.00462514269945988
PTGR2	0.302164849652049	0.00999022453944719	0.997379324770435	0.00999022453944719
MAP1A	0.302467154655617	-0.00757120988337553	0.997379324770435	-0.00757120988337553
ZNF83	0.302472516301531	-0.00586807868591738	0.997379324770435	-0.00586807868591738
SHARPIN	0.302646405928249	0.0112256343219173	0.997379324770435	0.0112256343219173
MRPS30-DT	0.302676645858207	0.0129334805119687	0.997379324770435	0.0129334805119687
ADPGK	0.302759591333897	0.00835506445726683	0.997379324770435	0.00835506445726683
GOLM1	0.302759968800867	-0.0156801757409381	0.997379324770435	-0.0156801757409381
ARPC2	0.302836549960433	0.0092672864612687	0.997379324770435	0.0092672864612687
AL589693.1	0.302909585106313	0.0139780906906587	0.997379324770435	0.0139780906906587
MTA2	0.302972639539032	0.0181185289804624	0.997379324770435	0.0181185289804624
HHAT	0.303041773865104	-0.0160963566949849	0.997379324770435	-0.0160963566949849
DUS3L	0.303050110171996	0.0139135139348973	0.997379324770435	0.0139135139348973
C11orf24	0.303063206313187	0.014481526304056	0.997379324770435	0.014481526304056
SLC39A7	0.303120392587935	-0.0151637782416725	0.997379324770435	-0.0151637782416725
FADS2	0.303200802323377	0.00993650369689203	0.997379324770435	0.00993650369689203
ARID5B	0.303576408925603	-0.00417134025160501	0.997379324770435	-0.00417134025160501
DDB2	0.303693232455501	-0.00848300377651926	0.997379324770435	-0.00848300377651926
SLC25A4	0.303774978253842	-0.0169890381127043	0.997379324770435	-0.0169890381127043
RTL8A	0.303795778197008	0.0142033585260126	0.997379324770435	0.0142033585260126
PEX16	0.303846500876409	-0.0103096996970339	0.997379324770435	-0.0103096996970339
GOLGA4	0.303876067732236	-0.00560074779447697	0.997379324770435	-0.00560074779447697
RC3H1	0.303905134465721	0.00525528465151051	0.997379324770435	0.00525528465151051
EXOC7	0.304066272297037	0.00716494271124388	0.997379324770435	0.00716494271124388
AL450384.2	0.304137133467168	-0.00997679159906349	0.997379324770435	-0.00997679159906349
AKAP1	0.304185567474477	-0.0117917040549692	0.997379324770435	-0.0117917040549692
COPS7A	0.304341041704136	0.0127995473042429	0.997379324770435	0.0127995473042429
C12orf65	0.30437360300572	-0.0111144334170526	0.997379324770435	-0.0111144334170526
SLC25A39	0.304381714560148	0.0135645378803707	0.997379324770435	0.0135645378803707
POFUT2	0.304460073778804	0.0131762714571651	0.997379324770435	0.0131762714571651
PDZD2	0.304480059228888	-0.00690427742409104	0.997379324770435	-0.00690427742409104
SNHG7	0.304550014742057	0.0127087339919349	0.997379324770435	0.0127087339919349
ZNF10	0.304628670900338	0.00886122711296667	0.997379324770435	0.00886122711296667
VEGFB	0.304645300244449	-0.0134920991867543	0.997379324770435	-0.0134920991867543
FBXO42	0.304657309167305	0.00639168352888216	0.997379324770435	0.00639168352888216
MT3	0.304730628998768	-0.0135643589957616	0.997379324770435	-0.0135643589957616
SS18L2	0.304810181363004	0.0102869333185016	0.997379324770435	0.0102869333185016
PDE6B	0.304898588842593	0.00946830425198502	0.997379324770435	0.00946830425198502
ARMCX4	0.304899745843144	-0.00596874026411089	0.997379324770435	-0.00596874026411089
AIF1L	0.304985505070859	0.00727313173003197	0.997379324770435	0.00727313173003197
AMPD2	0.305123923576041	-0.0161388296071111	0.997379324770435	-0.0161388296071111
WWC3	0.305153365209788	-0.00642544990508604	0.997379324770435	-0.00642544990508604
RPGR	0.305196586184595	-0.0126797864594987	0.997379324770435	-0.0126797864594987
NAE1	0.305210210995102	0.00690355380170135	0.997379324770435	0.00690355380170135
NUTM2A-AS1	0.305311962720237	-0.00521663332213492	0.997379324770435	-0.00521663332213492
AKR1A1	0.305312048212597	-0.0122864697348426	0.997379324770435	-0.0122864697348426
NDUFA11	0.305539660766333	0.0136469866609566	0.997379324770435	0.0136469866609566
CFAP70	0.305592385809725	0.0112460743591654	0.997379324770435	0.0112460743591654
KIF13B	0.30559855498051	-0.00416534968299694	0.997379324770435	-0.00416534968299694
JAKMIP2	0.305822986639549	-0.00437342525264319	0.997379324770435	-0.00437342525264319
RWDD3	0.30604557740137	-0.0100544798886003	0.997379324770435	-0.0100544798886003
BRK1	0.306168793959944	0.016401440304021	0.997379324770435	0.016401440304021
EIF1AD	0.306268639029354	0.0161062704839035	0.997379324770435	0.0161062704839035
BTN2A1	0.306306452476858	-0.0154715822906406	0.997379324770435	-0.0154715822906406
C11orf58	0.306320004747577	0.00707872006317717	0.997379324770435	0.00707872006317717
CDC5L	0.306593747919738	-0.00815111286722091	0.997379324770435	-0.00815111286722091
POLK	0.306619594588762	0.00431533006900325	0.997379324770435	0.00431533006900325
AC073263.1	0.306904331396176	0.0133616312848933	0.997379324770435	0.0133616312848933
FLOT2	0.307082488541831	-0.0100173616424089	0.997379324770435	-0.0100173616424089
DDB1	0.307135623613798	0.00777669021742929	0.997379324770435	0.00777669021742929
TMEM240	0.307152333202949	0.0209824476777109	0.997379324770435	0.0209824476777109
IL1RAPL1	0.307312556586012	0.00274416054933272	0.997379324770435	0.00274416054933272
ASB7	0.307325152092517	-0.00949508669967471	0.997379324770435	-0.00949508669967471
RFX7	0.307355443386524	0.00507984393999154	0.997379324770435	0.00507984393999154
VPS45	0.307487261143374	0.00569458086600238	0.997379324770435	0.00569458086600238
SPAG1	0.307495244774809	-0.0183782526062648	0.997379324770435	-0.0183782526062648
PBRM1	0.307613421930663	0.00391391701377846	0.997379324770435	0.00391391701377846
LINC02352	0.307762298989431	0.013422538700272	0.997379324770435	0.013422538700272
RORA	0.307792548648261	0.0109117877084438	0.997379324770435	0.0109117877084438
AC016727.1	0.308031270425484	0.0153586096138716	0.997379324770435	0.0153586096138716
NOC2L	0.30829026006905	0.00930134571244901	0.997379324770435	0.00930134571244901
OTUD6B-AS1	0.3085120111205	-0.0121327201917148	0.997379324770435	-0.0121327201917148
SMC2	0.308552644053843	-0.0113575497474268	0.997379324770435	-0.0113575497474268
SGF29	0.308599319846628	-0.00962601104613905	0.997379324770435	-0.00962601104613905
CUX2	0.308751811656016	-0.0249414233922222	0.997379324770435	-0.0249414233922222
SNRNP200	0.30877744255732	-0.00830854870579256	0.997379324770435	-0.00830854870579256
RNF38	0.308898073256156	0.00516697079587559	0.997379324770435	0.00516697079587559
PAF1	0.308960468142639	-0.0144367492565319	0.997379324770435	-0.0144367492565319
KLHDC4	0.309058218195204	0.00904825065534686	0.997379324770435	0.00904825065534686
SLX4	0.30913477490635	0.0137006964364556	0.997379324770435	0.0137006964364556
POP1	0.309139159281951	0.0136718684115496	0.997379324770435	0.0136718684115496
RPL28	0.309193796500937	0.00907526560565428	0.997379324770435	0.00907526560565428
RAPGEF1	0.309209513120756	-0.00770110333379197	0.997379324770435	-0.00770110333379197
CARS2	0.309364162765988	0.00642346336614471	0.997379324770435	0.00642346336614471
P3H1	0.309373738783476	-0.0113533703083121	0.997379324770435	-0.0113533703083121
ZNFX1	0.30954520233294	-0.00903707645720836	0.997379324770435	-0.00903707645720836
GPR62	0.309550025453872	0.0159875539109846	0.997379324770435	0.0159875539109846
AC005332.6	0.309631016616213	-0.0138918439939342	0.997379324770435	-0.0138918439939342
GPRC5B	0.30987832324668	0.00469743251331859	0.997379324770435	0.00469743251331859
RPS16	0.309879852977446	-0.0122328387624608	0.997379324770435	-0.0122328387624608
CRYL1	0.310057763900146	-0.00603538804731949	0.997379324770435	-0.00603538804731949
GPR180	0.310098183581986	-0.0146499507355865	0.997379324770435	-0.0146499507355865
ZFP90	0.310132847411712	-0.00678509144268721	0.997379324770435	-0.00678509144268721
ACVR1B	0.310141973230342	-0.0124011555309723	0.997379324770435	-0.0124011555309723
ACAD8	0.310224137060975	0.0121441652301755	0.997379324770435	0.0121441652301755
ZNF337-AS1	0.310263096086108	0.010761956038553	0.997379324770435	0.010761956038553
PPIE	0.310324709503315	0.0107008818937978	0.997379324770435	0.0107008818937978
MTPAP	0.310351879589734	0.0108650115262945	0.997379324770435	0.0108650115262945
PEX10	0.310472770620563	0.0166686367276424	0.997379324770435	0.0166686367276424
MGLL	0.310764313798417	0.0113101108878443	0.997379324770435	0.0113101108878443
ILKAP	0.310832281146181	-0.00556913755001137	0.997379324770435	-0.00556913755001137
ARL8B	0.310939609090479	0.00613272764935729	0.997379324770435	0.00613272764935729
ABCA6	0.31094381077435	0.0111578665359482	0.997379324770435	0.0111578665359482
GLOD4	0.310979163465877	0.012635113796264	0.997379324770435	0.012635113796264
NRBP1	0.310991123304088	-0.00773754429761626	0.997379324770435	-0.00773754429761626
SAP130	0.311158560056092	0.00647005383766801	0.997379324770435	0.00647005383766801
NIPA1	0.311353921069984	-0.00539150296180591	0.997379324770435	-0.00539150296180591
ARPC1A	0.311624272733249	0.00613802929018504	0.997379324770435	0.00613802929018504
JTB	0.311768888230833	-0.0131111495285635	0.997379324770435	-0.0131111495285635
TMIGD3	0.311978656892938	-0.0205548159665057	0.997379324770435	-0.0205548159665057
PAFAH2	0.311984148765688	-0.0111811322976657	0.997379324770435	-0.0111811322976657
AC117386.2	0.312030130019823	0.0168948172379674	0.997379324770435	0.0168948172379674
ZNF883	0.312184152382937	-0.0142411387519937	0.997379324770435	-0.0142411387519937
ZFAND4	0.312189308721124	0.00999240822140698	0.997379324770435	0.00999240822140698
AC016831.7	0.312460853082785	-0.00734292973754606	0.997379324770435	-0.00734292973754606
UBR1	0.312522019106871	0.00429908224589165	0.997379324770435	0.00429908224589165
ADAM9	0.312543497657566	0.00870954528248547	0.997379324770435	0.00870954528248547
BMP2K	0.312555126290256	0.00734640949507626	0.997379324770435	0.00734640949507626
SPTLC1	0.312810807968239	0.00686826398132312	0.997379324770435	0.00686826398132312
TELO2	0.313061487707175	-0.0116192199462679	0.997379324770435	-0.0116192199462679
BDNF-AS	0.313204816256203	0.00695469044742934	0.997379324770435	0.00695469044742934
DDX18	0.313249829957126	0.00792179085421138	0.997379324770435	0.00792179085421138
TRIM11	0.313316338251529	-0.0186203092303288	0.997379324770435	-0.0186203092303288
CXXC4-AS1	0.313335217511957	0.00978892951146557	0.997379324770435	0.00978892951146557
TSEN2	0.313403362640322	0.00788637504843805	0.997379324770435	0.00788637504843805
CCDC62	0.313450028108338	0.0130622867301016	0.997379324770435	0.0130622867301016
CDH19	0.313939558609855	-0.00526886076576374	0.997379324770435	-0.00526886076576374
CLDN11	0.314221962393298	0.00491819039333535	0.997379324770435	0.00491819039333535
LMTK3	0.314297447769306	-0.0132658950055631	0.997379324770435	-0.0132658950055631
NSL1	0.314308184832425	-0.00560120996621592	0.997379324770435	-0.00560120996621592
ZNF141	0.314471877672997	-0.00867318614404637	0.997379324770435	-0.00867318614404637
GSN	0.314588876645453	0.00480120359982402	0.997379324770435	0.00480120359982402
AC116552.1	0.314957415837763	-0.0175183911677291	0.997379324770435	-0.0175183911677291
PIK3IP1-AS1	0.314973959502733	-0.0111771009670395	0.997379324770435	-0.0111771009670395
SLC29A3	0.314979426320977	-0.0117553292299315	0.997379324770435	-0.0117553292299315
ZCRB1	0.315015755198744	0.0105899730822676	0.997379324770435	0.0105899730822676
SPINDOC	0.315198892005601	0.0108554352972533	0.997379324770435	0.0108554352972533
KCNH8	0.315303103163184	-0.00443958409564335	0.997379324770435	-0.00443958409564335
ZNF329	0.315673496733351	-0.0109296695864382	0.997379324770435	-0.0109296695864382
C2orf92	0.315868723783191	-0.00941973191424398	0.997379324770435	-0.00941973191424398
CAMTA1	0.316047434072045	-0.00371696591275251	0.997379324770435	-0.00371696591275251
TRIM33	0.316055630933693	0.00530343401247378	0.997379324770435	0.00530343401247378
ST6GALNAC6	0.316140856491242	-0.0159493268556491	0.997379324770435	-0.0159493268556491
HDLBP	0.316238581648214	0.00602088595813871	0.997379324770435	0.00602088595813871
DNAJC21	0.316411682399491	-0.00795475020005163	0.997379324770435	-0.00795475020005163
COL11A2	0.316565872609506	0.0155222300122805	0.997379324770435	0.0155222300122805
AP002813.1	0.316710179360742	0.0159152159688336	0.997379324770435	0.0159152159688336
SNHG6	0.316735302239214	0.0112129514196926	0.997379324770435	0.0112129514196926
FAAH	0.316750335778785	0.00822858512540308	0.997379324770435	0.00822858512540308
MRPL34	0.316790649441861	-0.0239802896250039	0.997379324770435	-0.0239802896250039
AC099778.1	0.316956497118448	0.0129683087603477	0.997379324770435	0.0129683087603477
MYO5A	0.317007969293493	-0.00405490440950291	0.997379324770435	-0.00405490440950291
UNC45A	0.317014318252335	0.0096936680545424	0.997379324770435	0.0096936680545424
RASSF8	0.317053326269453	-0.00689401969848995	0.997379324770435	-0.00689401969848995
AMPD3	0.317133461646833	0.00800323117462622	0.997379324770435	0.00800323117462622
ARL4A	0.31720449350494	-0.022944942972372	0.997379324770435	-0.022944942972372
FOXK2	0.317230731948573	-0.00475771696054333	0.997379324770435	-0.00475771696054333
PTPN11	0.317379990967866	-0.00508899834983669	0.997379324770435	-0.00508899834983669
RC3H2	0.317492028289092	-0.00628319659295315	0.997379324770435	-0.00628319659295315
SYNJ1	0.317496165340678	-0.00988871723201042	0.997379324770435	-0.00988871723201042
TMEM192	0.317545624046973	0.00541655595891802	0.997379324770435	0.00541655595891802
TMTC3	0.317791608546599	0.00783428544743034	0.997379324770435	0.00783428544743034
SLC25A11	0.318028784333992	0.0146949972154585	0.997379324770435	0.0146949972154585
RAD17	0.318035366336541	0.00797932763008861	0.997379324770435	0.00797932763008861
ACADS	0.318061430857445	0.0137572992353826	0.997379324770435	0.0137572992353826
SH3PXD2A	0.318075617022876	-0.00605210378039	0.997379324770435	-0.00605210378039
MRPL12	0.31837306557633	-0.0211749970687325	0.997379324770435	-0.0211749970687325
PRXL2A	0.31840726629393	-0.0191439641786044	0.997379324770435	-0.0191439641786044
PXN	0.318620043291055	0.0101505653280363	0.997379324770435	0.0101505653280363
ASCC1	0.318780376853357	0.00515979519943972	0.997379324770435	0.00515979519943972
AKAP8L	0.318860371977554	-0.00734682377274077	0.997379324770435	-0.00734682377274077
ZFAND3	0.318942499540975	-0.00332251238623275	0.997379324770435	-0.00332251238623275
FAM53B-AS1	0.319043131753446	0.0141691309273349	0.997379324770435	0.0141691309273349
TCEAL9	0.319079184460565	0.0155652958369827	0.997379324770435	0.0155652958369827
MGRN1	0.319125636243926	-0.00561162997632611	0.997379324770435	-0.00561162997632611
MTCH1	0.319213547193355	0.00721478035272928	0.997379324770435	0.00721478035272928
CCT2	0.319233060872647	-0.0115309637838234	0.997379324770435	-0.0115309637838234
PSMA3-AS1	0.319299747146223	0.00636793398337754	0.997379324770435	0.00636793398337754
AC106729.1	0.319469964343725	-0.0162795829993963	0.997379324770435	-0.0162795829993963
TNNI3K	0.319688710323277	0.00824166594180804	0.997379324770435	0.00824166594180804
LARP4B	0.319736485810011	-0.00515740448530867	0.997379324770435	-0.00515740448530867
CDKL3	0.319793573817481	-0.00585399599177675	0.997379324770435	-0.00585399599177675
CCDC150	0.319830707366155	-0.00959132790008205	0.997379324770435	-0.00959132790008205
FERMT2	0.319902555092909	0.00494121944869261	0.997379324770435	0.00494121944869261
ZNF714	0.319932034166165	0.0109027491214054	0.997379324770435	0.0109027491214054
SAMHD1	0.320059522618908	-0.0107378200295406	0.997379324770435	-0.0107378200295406
GOSR1	0.320222990014685	0.00570692480890397	0.997379324770435	0.00570692480890397
PRKACB	0.320361287439889	-0.00369809314951103	0.997379324770435	-0.00369809314951103
ITGB3BP	0.320422684955592	0.00832319275791437	0.997379324770435	0.00832319275791437
AC087294.1	0.320456811140601	0.0126766318223294	0.997379324770435	0.0126766318223294
NUDC	0.320488087501665	-0.0107723295348138	0.997379324770435	-0.0107723295348138
ADAM10	0.32055607642758	-0.00364599048821871	0.997379324770435	-0.00364599048821871
LLGL1	0.320689312835484	0.0134839337771517	0.997379324770435	0.0134839337771517
HLA-C	0.320735669347312	-0.0209747316436969	0.997379324770435	-0.0209747316436969
EPB41L4B	0.320917032743662	0.0277902529364109	0.997379324770435	0.0277902529364109
RAB1A	0.321049768935114	0.00425708176841717	0.997379324770435	0.00425708176841717
ATXN1	0.321299618160065	-0.00339724450705072	0.997379324770435	-0.00339724450705072
WDR45B	0.321424445545125	0.00667043167077956	0.997379324770435	0.00667043167077956
NBAS	0.321495230266965	-0.00505229503388564	0.997379324770435	-0.00505229503388564
RALY	0.321636969095236	-0.00491376694699459	0.997379324770435	-0.00491376694699459
TMEM63B	0.321671290027015	-0.0109901245199744	0.997379324770435	-0.0109901245199744
MAPK10	0.321725135676483	-0.00953607124499802	0.997379324770435	-0.00953607124499802
C9orf147	0.321739467897116	0.0112431135188099	0.997379324770435	0.0112431135188099
CDC42	0.321784046016045	0.00707567068531953	0.997379324770435	0.00707567068531953
EYS	0.32179464471326	0.0178824872558591	0.997379324770435	0.0178824872558591
HMGXB4	0.321987944222252	-0.0055825368722368	0.997379324770435	-0.0055825368722368
ATP5PD	0.32201891565298	-0.0220042257135215	0.997379324770435	-0.0220042257135215
CDK6	0.322501609053927	-0.00432208383434605	0.997379324770435	-0.00432208383434605
GFPT2	0.322537145994048	-0.0139542356175026	0.997379324770435	-0.0139542356175026
DYNC1I2	0.322556018894981	0.00500854184118888	0.997379324770435	0.00500854184118888
DDX1	0.32287790162822	0.00940083745351042	0.997379324770435	0.00940083745351042
LAMP1	0.322905236736578	0.00829568637531418	0.997379324770435	0.00829568637531418
CD2AP	0.323182323776438	0.00995345633970875	0.997379324770435	0.00995345633970875
DTWD2	0.323255207784943	0.010326712851232	0.997379324770435	0.010326712851232
FOXRED2	0.323306432332329	0.0135599906636162	0.997379324770435	0.0135599906636162
ERMP1	0.323314929243448	-0.00607881662461077	0.997379324770435	-0.00607881662461077
PRMT1	0.323345829074049	-0.0090483904047623	0.997379324770435	-0.0090483904047623
RETREG1	0.323351466533477	0.00411424652255999	0.997379324770435	0.00411424652255999
IP6K1	0.323361103220868	0.00564815021233787	0.997379324770435	0.00564815021233787
TJAP1	0.323402274364284	0.00520153986687639	0.997379324770435	0.00520153986687639
JARID2	0.323417176588248	0.00448098238203175	0.997379324770435	0.00448098238203175
NRIP1	0.323436098583773	-0.00815385926330505	0.997379324770435	-0.00815385926330505
MAT2A	0.323467112477423	-0.00590640539431013	0.997379324770435	-0.00590640539431013
HSPH1	0.323513020261053	0.0163455930408522	0.997379324770435	0.0163455930408522
AL591895.1	0.323532372304336	0.00884215716023411	0.997379324770435	0.00884215716023411
ZNF598	0.323605202817646	-0.0158260442147982	0.997379324770435	-0.0158260442147982
FAR1	0.323703033151082	0.00438997097065183	0.997379324770435	0.00438997097065183
NDUFS7	0.323788431507968	-0.0072472706528718	0.997379324770435	-0.0072472706528718
CCNY	0.323862033658252	-0.00438743173229322	0.997379324770435	-0.00438743173229322
PRPSAP2	0.323862458760651	0.00606620784221662	0.997379324770435	0.00606620784221662
ERVK13-1	0.323887677519003	0.00947657530498085	0.997379324770435	0.00947657530498085
RIMS2	0.323898300982948	0.0179201267260841	0.997379324770435	0.0179201267260841
FAM160B2	0.323950432627741	0.00942670843411382	0.997379324770435	0.00942670843411382
MXRA7	0.323974597253463	-0.0131644647742177	0.997379324770435	-0.0131644647742177
SDF2	0.3241507074293	0.012812808811185	0.997379324770435	0.012812808811185
ERBB3	0.324224296476057	0.00431434078763825	0.997379324770435	0.00431434078763825
NUP93	0.324292093839767	-0.00808084784041497	0.997379324770435	-0.00808084784041497
OXA1L	0.324339728822871	0.00914601504158088	0.997379324770435	0.00914601504158088
RAPGEF5	0.324353830242206	-0.00325882608542869	0.997379324770435	-0.00325882608542869
TAF3	0.324376002920812	-0.00532312187288184	0.997379324770435	-0.00532312187288184
ASRGL1	0.324441000251971	-0.00807401415125504	0.997379324770435	-0.00807401415125504
NGFR	0.324506387810566	-0.0158202719247687	0.997379324770435	-0.0158202719247687
TRAPPC1	0.324630850362159	0.0199800249125156	0.997379324770435	0.0199800249125156
NEMF	0.32470481961057	0.00405226608433529	0.997379324770435	0.00405226608433529
NNT-AS1	0.324711198676308	0.00712160211015292	0.997379324770435	0.00712160211015292
WARS2	0.324788191246577	-0.0114458433332131	0.997379324770435	-0.0114458433332131
CRY2	0.324900895834825	-0.00912639013879231	0.997379324770435	-0.00912639013879231
RPS29	0.324930127597124	0.0108546735144557	0.997379324770435	0.0108546735144557
MDM2	0.325003222986085	-0.0062229417150954	0.997379324770435	-0.0062229417150954
MRPS28	0.325057586966253	0.00657046631401089	0.997379324770435	0.00657046631401089
MCRS1	0.325166560392702	0.012185449987894	0.997379324770435	0.012185449987894
FGD5-AS1	0.325222876627285	-0.00757525884044526	0.997379324770435	-0.00757525884044526
TRAF3	0.325347185799595	-0.00972472995203104	0.997379324770435	-0.00972472995203104
CA14	0.325401433752979	0.0166488192909667	0.997379324770435	0.0166488192909667
GRM7	0.325421460812202	0.0198492775395308	0.997379324770435	0.0198492775395308
AL157938.3	0.325468987006643	0.0279509109896928	0.997379324770435	0.0279509109896928
FBXL6	0.325478031795002	0.021491405857316	0.997379324770435	0.021491405857316
CD22	0.325494161930388	-0.00461175265168167	0.997379324770435	-0.00461175265168167
PTPN1	0.325508713817372	-0.0073295655007003	0.997379324770435	-0.0073295655007003
AC125613.1	0.325593317379817	-0.0117318480522494	0.997379324770435	-0.0117318480522494
S100A13	0.325611224864334	0.0201710965553394	0.997379324770435	0.0201710965553394
PFDN5	0.325822277515072	-0.0130095012403453	0.997379324770435	-0.0130095012403453
HMOX2	0.325836978045429	0.00817716203616555	0.997379324770435	0.00817716203616555
SGCD	0.325928971691789	-0.00683738326878974	0.997379324770435	-0.00683738326878974
AP2M1	0.32604387128895	-0.0115832207299015	0.997379324770435	-0.0115832207299015
CTDNEP1	0.326053132290443	0.00969750670549801	0.997379324770435	0.00969750670549801
TYSND1	0.326100288428117	0.0107233506468	0.997379324770435	0.0107233506468
NONO	0.326193960836056	0.00880862200581512	0.997379324770435	0.00880862200581512
EIF3D	0.326343702106889	-0.0111879070278125	0.997379324770435	-0.0111879070278125
CARNMT1	0.326363567347477	0.00861088081841501	0.997379324770435	0.00861088081841501
MPV17L	0.326466412595407	0.0133704025449556	0.997379324770435	0.0133704025449556
TCEA2	0.326517803333451	0.011789854112842	0.997379324770435	0.011789854112842
LMCD1-AS1	0.326589775228611	0.00572494642504481	0.997379324770435	0.00572494642504481
MON2	0.326601938579471	-0.00380444570210925	0.997379324770435	-0.00380444570210925
COL16A1	0.32675033081293	0.00715343013791984	0.997379324770435	0.00715343013791984
SLC46A3	0.32694758981473	-0.0102581775235808	0.997379324770435	-0.0102581775235808
TCP10L	0.326950096001801	-0.0155873566598656	0.997379324770435	-0.0155873566598656
EIF2B3	0.32707898426762	0.00570446987808714	0.997379324770435	0.00570446987808714
TIGAR	0.327204504871147	-0.0100220567321657	0.997379324770435	-0.0100220567321657
MAPK8IP2	0.327222254193388	-0.0212961414588398	0.997379324770435	-0.0212961414588398
DNHD1	0.327263452891315	-0.00663607071324719	0.997379324770435	-0.00663607071324719
AC005520.2	0.327275565543081	-0.0228767332164866	0.997379324770435	-0.0228767332164866
CEP89	0.327578297600555	0.00820848911640272	0.997379324770435	0.00820848911640272
UHRF2	0.327761904012313	-0.00545553337986416	0.997379324770435	-0.00545553337986416
PLA2G6	0.327828124502986	0.00808741252230997	0.997379324770435	0.00808741252230997
PLPP1	0.327828729126092	-0.00420374109426823	0.997379324770435	-0.00420374109426823
SH3RF1	0.3279321604544	-0.00552451853879707	0.997379324770435	-0.00552451853879707
UBE2Z	0.32794870519031	0.00655856477919663	0.997379324770435	0.00655856477919663
NBPF11	0.328078156058512	0.00923178646871572	0.997379324770435	0.00923178646871572
MAU2	0.328101933327645	-0.00612118433567984	0.997379324770435	-0.00612118433567984
MRPS5	0.328203810905326	0.00523915649735832	0.997379324770435	0.00523915649735832
SEZ6L2	0.328283544309298	0.0130912050370961	0.997379324770435	0.0130912050370961
COX7C	0.328430080534667	0.0170443973813265	0.997379324770435	0.0170443973813265
BCDIN3D	0.328578670449077	-0.0155334857848458	0.997379324770435	-0.0155334857848458
CENPT	0.328593495666273	-0.0133804923793348	0.997379324770435	-0.0133804923793348
TLE2	0.328633640337962	0.0150584477265489	0.997379324770435	0.0150584477265489
MRAS	0.328659983846191	-0.0147298815628686	0.997379324770435	-0.0147298815628686
U73166.1	0.328684854807597	-0.0187368641287606	0.997379324770435	-0.0187368641287606
HMCES	0.328735337376288	0.00956138362038914	0.997379324770435	0.00956138362038914
STMN3	0.328788438974797	-0.0189198111855669	0.997379324770435	-0.0189198111855669
PPM1B	0.328795579027134	-0.00397771736000387	0.997379324770435	-0.00397771736000387
BCCIP	0.328932377287404	-0.00729378185942176	0.997379324770435	-0.00729378185942176
GRID1	0.328963132196181	-0.00424381444589201	0.997379324770435	-0.00424381444589201
ZFYVE21	0.329035570616736	0.010445269732348	0.997379324770435	0.010445269732348
C2orf74	0.329274107774457	0.0115295924518608	0.997379324770435	0.0115295924518608
HSD11B1	0.329383095652345	-0.0129000568055453	0.997379324770435	-0.0129000568055453
ARRB2	0.329492860931891	0.0146550406662956	0.997379324770435	0.0146550406662956
PLEKHF1	0.329531149176252	-0.0149912097872662	0.997379324770435	-0.0149912097872662
ZFAND1	0.329803265256153	-0.0143624003749817	0.997379324770435	-0.0143624003749817
EAF1	0.329879669178574	0.0190465011430342	0.997379324770435	0.0190465011430342
UFL1-AS1	0.329884956706526	0.0112454635113846	0.997379324770435	0.0112454635113846
FBXO34	0.33004306203842	-0.0113244521954658	0.997379324770435	-0.0113244521954658
SLC44A1	0.330165513669199	-0.00255998168470183	0.997379324770435	-0.00255998168470183
TRPM3	0.330209068766297	-0.0192857699821935	0.997379324770435	-0.0192857699821935
TEFM	0.330232240034234	0.00966064686175615	0.997379324770435	0.00966064686175615
VTA1	0.33035818348833	-0.00807836790787943	0.997379324770435	-0.00807836790787943
PSRC1	0.330458957923316	0.00796026182634325	0.997379324770435	0.00796026182634325
PTDSS1	0.330603845981805	-0.0158022279537578	0.997379324770435	-0.0158022279537578
PHLDA3	0.330660766486329	0.00792872609651624	0.997379324770435	0.00792872609651624
ZNF783	0.330687481348273	0.0096853733143088	0.997379324770435	0.0096853733143088
OSBP	0.330843337213419	-0.00722914797635228	0.997379324770435	-0.00722914797635228
TADA2B	0.33088791435073	0.0146757432509389	0.997379324770435	0.0146757432509389
EFCAB7	0.330914822010186	0.0156358665225252	0.997379324770435	0.0156358665225252
TPM1	0.330941156878202	-0.0164085476026494	0.997379324770435	-0.0164085476026494
ATF6	0.331044758151226	-0.00450002067931856	0.997379324770435	-0.00450002067931856
TF	0.331089568848174	0.00310832366792313	0.997379324770435	0.00310832366792313
RMND1	0.331171077737482	0.00940767850375173	0.997379324770435	0.00940767850375173
SLX4IP	0.331227897465648	0.00658960977084105	0.997379324770435	0.00658960977084105
RUNDC1	0.331378613166784	-0.0172900908381013	0.997379324770435	-0.0172900908381013
APTX	0.331428303469923	0.00615281625821753	0.997379324770435	0.00615281625821753
SPAST	0.331429126524283	0.00620950425657888	0.997379324770435	0.00620950425657888
LINC01250	0.331439111374717	-0.0237558307656528	0.997379324770435	-0.0237558307656528
ASCC3	0.331684500215189	-0.00542231091737574	0.997379324770435	-0.00542231091737574
THBS4	0.331697562910318	0.00896975851970036	0.997379324770435	0.00896975851970036
ATAD3C	0.331776037334327	0.0118228368939125	0.997379324770435	0.0118228368939125
TUBE1	0.33183311473173	0.00835914576809309	0.997379324770435	0.00835914576809309
KDM5C	0.332008086747128	0.00676015552482875	0.997379324770435	0.00676015552482875
WSB1	0.332012432881127	0.00461423716195777	0.997379324770435	0.00461423716195777
LIX1L	0.332381935529932	0.0109950873851461	0.997379324770435	0.0109950873851461
DKK3	0.332385124282622	0.0205073733428838	0.997379324770435	0.0205073733428838
RIOK2	0.332465568582056	0.0137511261913155	0.997379324770435	0.0137511261913155
ELP6	0.332568424325473	0.0117545760227139	0.997379324770435	0.0117545760227139
FBXO3	0.332597929158289	0.00817145092173156	0.997379324770435	0.00817145092173156
THAP3	0.332620850911448	0.0112088256564627	0.997379324770435	0.0112088256564627
ZNF483	0.332638421363313	-0.00784749978754453	0.997379324770435	-0.00784749978754453
RPL13	0.332683810783385	0.00889046903618512	0.997379324770435	0.00889046903618512
VPS28	0.332914996423775	-0.0103380298728074	0.997379324770435	-0.0103380298728074
EIF2AK3	0.332916464144938	0.00834211899030395	0.997379324770435	0.00834211899030395
ZNF569	0.332919065385674	0.00802964222074951	0.997379324770435	0.00802964222074951
AJAP1	0.332959547952116	0.00975619633211869	0.997379324770435	0.00975619633211869
FIRRE	0.333292199491718	0.0109317652348063	0.997379324770435	0.0109317652348063
GPALPP1	0.333355880074719	-0.00538182944266024	0.997379324770435	-0.00538182944266024
FIGNL1	0.333415876527919	0.0142105048725998	0.997379324770435	0.0142105048725998
C2orf88	0.333498763342482	0.00939469314028265	0.997379324770435	0.00939469314028265
RNF217-AS1	0.333712830039506	0.0110838930522994	0.997379324770435	0.0110838930522994
JMJD4	0.333730198716349	0.0147925650088821	0.997379324770435	0.0147925650088821
IDH1	0.333737543837575	0.00946975576243269	0.997379324770435	0.00946975576243269
PWRN1	0.333771993420635	-0.0119056367748103	0.997379324770435	-0.0119056367748103
CLSTN2	0.333974378809267	0.0202407855643513	0.997379324770435	0.0202407855643513
UNC13A	0.334035439260666	-0.0213794047003203	0.997379324770435	-0.0213794047003203
BSN	0.334085040696112	-0.0188455929957988	0.997379324770435	-0.0188455929957988
C4orf48	0.334107523894158	0.0106266833569336	0.997379324770435	0.0106266833569336
MAN2A1	0.334139262462025	0.00311442299932869	0.997379324770435	0.00311442299932869
MRPL32	0.334152939840293	0.0202062379252918	0.997379324770435	0.0202062379252918
SCMH1	0.334320561661171	-0.00702153757152318	0.997379324770435	-0.00702153757152318
THUMPD1	0.334372890737487	0.00755589137533236	0.997379324770435	0.00755589137533236
LCNL1	0.334375060010964	-0.0112640102635279	0.997379324770435	-0.0112640102635279
TRAM1	0.334447761992067	0.00813293834551098	0.997379324770435	0.00813293834551098
GRK4	0.334969711268132	-0.0064690596124939	0.997516175995158	-0.0064690596124939
SF3B6	0.334991945112471	0.0149738707112944	0.997516175995158	0.0149738707112944
DDX49	0.334993393683801	0.0109020844372435	0.997516175995158	0.0109020844372435
OAZ1	0.335308309414999	-0.0112245683094077	0.997516175995158	-0.0112245683094077
PPM1K-DT	0.335476975966829	-0.0179657840669066	0.997516175995158	-0.0179657840669066
MAGOHB	0.335613497848625	0.0165644422753026	0.997516175995158	0.0165644422753026
TPP1	0.335982346483554	0.0106573072438723	0.997516175995158	0.0106573072438723
HSPA14-1	0.336001950418756	0.0131319587703638	0.997516175995158	0.0131319587703638
BTAF1	0.33604271260591	-0.00569183448769546	0.997516175995158	-0.00569183448769546
MPV17	0.336044316920093	0.00862484354212153	0.997516175995158	0.00862484354212153
C9orf16	0.33622834417148	-0.0241924037636506	0.997516175995158	-0.0241924037636506
GNAI3	0.336234800400761	0.00820459475839082	0.997516175995158	0.00820459475839082
SOX12	0.336368131483639	0.00880886562176456	0.997516175995158	0.00880886562176456
SLC25A29	0.336381313644542	-0.00680605550433544	0.997516175995158	-0.00680605550433544
SYS1	0.33638331991575	0.014503855189511	0.997516175995158	0.014503855189511
DOCK2	0.336453106652411	-0.019432026686031	0.997516175995158	-0.019432026686031
GNAZ	0.336500059841818	0.00884554381900637	0.997516175995158	0.00884554381900637
FAM126B	0.336560868238495	0.0062557076133022	0.997516175995158	0.0062557076133022
ATRAID	0.336686077137929	-0.014788704984105	0.997516175995158	-0.014788704984105
ARL5A	0.336708423667761	0.00825380751873606	0.997516175995158	0.00825380751873606
GTF3C3	0.336719400752898	-0.00834977293563382	0.997516175995158	-0.00834977293563382
SIAH2	0.336824096980196	-0.0112425150399269	0.997516175995158	-0.0112425150399269
VASH1-AS1	0.337058723477847	0.0147933629059472	0.997516175995158	0.0147933629059472
ENOSF1	0.337212551836658	0.00652916205008991	0.997516175995158	0.00652916205008991
SLC26A2	0.337219197755032	0.0130244162084144	0.997516175995158	0.0130244162084144
RPS6	0.337279605995051	0.0115825372622087	0.997516175995158	0.0115825372622087
ZNF775	0.337349229212268	0.0106119126354452	0.997516175995158	0.0106119126354452
DNAAF2	0.3373705475769	0.0148693763847657	0.997516175995158	0.0148693763847657
PAK5	0.337383863361488	0.0148962241420744	0.997516175995158	0.0148962241420744
LINC00461	0.337485896112771	0.00649088891076457	0.997516175995158	0.00649088891076457
HSD17B4	0.337517917439263	0.00530683865852493	0.997516175995158	0.00530683865852493
AC068587.4	0.337555348680576	0.0209018806171574	0.997516175995158	0.0209018806171574
DUSP1	0.337569241283235	-0.018379719895236	0.997516175995158	-0.018379719895236
ENOX2	0.337790901368395	-0.00535141820866816	0.997895671362388	-0.00535141820866816
PSMD5	0.33812436266318	0.00681616017426918	0.998316208881818	0.00681616017426918
RSKR	0.338233896836511	-0.0142788285541975	0.998316208881818	-0.0142788285541975
ZNF844	0.338268862146619	0.0139217301467639	0.998316208881818	0.0139217301467639
BET1L	0.338410724110366	0.0117833658117936	0.998316208881818	0.0117833658117936
SLC25A48	0.338420279730156	-0.0119334105333049	0.998316208881818	-0.0119334105333049
PISD	0.338583752657927	0.00892940093013642	0.998316208881818	0.00892940093013642
OSGEPL1	0.338725765795354	-0.0118130227062925	0.998316208881818	-0.0118130227062925
FAM135B	0.338745183501244	-0.0142762516359792	0.998316208881818	-0.0142762516359792
CACNA2D3	0.338844625191381	0.0180397992101675	0.998316208881818	0.0180397992101675
FANCM	0.338865998959885	0.0107917158631098	0.998316208881818	0.0107917158631098
BRWD3	0.339408869142461	0.00620793279646887	0.99850355776877	0.00620793279646887
ZNF700	0.339447744683472	0.0092185221274774	0.99850355776877	0.0092185221274774
CFAP97	0.339602629178513	0.00751577118153987	0.99850355776877	0.00751577118153987
CLIP2	0.339674828044645	0.00463701782451724	0.99850355776877	0.00463701782451724
TTC21B	0.339811014596603	-0.00594648565974237	0.99850355776877	-0.00594648565974237
AC036176.1	0.339849921163998	-0.0127710095674179	0.99850355776877	-0.0127710095674179
LGALS3BP	0.340013345019334	-0.0126820246385718	0.99850355776877	-0.0126820246385718
FRY	0.34012593090237	0.00934553532003294	0.99850355776877	0.00934553532003294
ELAC2	0.34027777753413	0.0107948700338169	0.99850355776877	0.0107948700338169
ZNF124	0.3403225557301	-0.0108809234831812	0.99850355776877	-0.0108809234831812
SIKE1	0.340355862725167	0.0112334981671277	0.99850355776877	0.0112334981671277
BOK-AS1	0.340460318784162	-0.0131470122372939	0.99850355776877	-0.0131470122372939
LINC01376	0.340813051091825	0.0108813073474369	0.99850355776877	0.0108813073474369
AC097376.3	0.340904044571543	-0.00513775270795357	0.99850355776877	-0.00513775270795357
TTC1	0.341079870346788	-0.00718306068043542	0.99850355776877	-0.00718306068043542
LARGE1	0.341085586315295	-0.00601164942027271	0.99850355776877	-0.00601164942027271
FECH	0.341126050381326	0.00596007777658246	0.99850355776877	0.00596007777658246
CTNNBL1	0.341156195009969	-0.00626717489979338	0.99850355776877	-0.00626717489979338
UBE2D2	0.341288992383805	0.00490039969896006	0.99850355776877	0.00490039969896006
PHF2	0.341520882854761	0.00743977529463718	0.99850355776877	0.00743977529463718
CNOT2	0.341682396497936	0.00401722590278936	0.99850355776877	0.00401722590278936
STOML1	0.341687886087815	-0.0164818616770163	0.99850355776877	-0.0164818616770163
GGA3	0.34177369471242	0.00793703210772759	0.99850355776877	0.00793703210772759
NECAP2	0.3419498191747	0.0118840971120334	0.99850355776877	0.0118840971120334
CALML4	0.341970717864504	0.0126977856104379	0.99850355776877	0.0126977856104379
CNIH1	0.342065085158889	0.0117362381268664	0.99850355776877	0.0117362381268664
FAM215B	0.342247750336073	-0.0178282182704072	0.99850355776877	-0.0178282182704072
AL035071.1	0.342341742791423	-0.0157531661630502	0.99850355776877	-0.0157531661630502
RPL30	0.342517708253702	0.011270571880179	0.99850355776877	0.011270571880179
ADD3	0.342533163558881	0.00300733056969807	0.99850355776877	0.00300733056969807
EML1	0.34263954464219	0.0082249970096307	0.99850355776877	0.0082249970096307
TADA1	0.342736905038935	-0.0106891167431205	0.99850355776877	-0.0106891167431205
PPP2CA	0.342790744186619	0.00753829530202217	0.99850355776877	0.00753829530202217
KBTBD3	0.342816982895931	0.00748677892959235	0.99850355776877	0.00748677892959235
ZNF528-AS1	0.342870630515962	0.00662679262162119	0.99850355776877	0.00662679262162119
CAB39L	0.342938573069173	0.0074600484443013	0.99850355776877	0.0074600484443013
KRI1	0.343186176350161	0.00746804396737696	0.99850355776877	0.00746804396737696
EMD	0.343326420157103	-0.0129668653072071	0.99850355776877	-0.0129668653072071
CERK	0.343497415942036	0.0127897356092208	0.99850355776877	0.0127897356092208
GEMIN8	0.3439935258082	-0.00834253167267262	0.99850355776877	-0.00834253167267262
LRP6	0.344004485952044	-0.00470842029507562	0.99850355776877	-0.00470842029507562
RGS5	0.3440636919014	-0.0162743500817703	0.99850355776877	-0.0162743500817703
UQCRQ	0.344109097961557	-0.0201179846970954	0.99850355776877	-0.0201179846970954
C1orf52	0.344172614700946	-0.007610710156956	0.99850355776877	-0.007610710156956
OXSR1	0.344291191439102	-0.00675879203971282	0.99850355776877	-0.00675879203971282
TMEM109	0.344402189045629	0.0138528973309053	0.99850355776877	0.0138528973309053
DXO	0.344483822197562	-0.0170170979263891	0.99850355776877	-0.0170170979263891
SNHG10	0.344656131333306	0.00988577144257118	0.99850355776877	0.00988577144257118
AP4E1	0.344756332441208	0.00657919048196922	0.99850355776877	0.00657919048196922
LRRC8C	0.344824194699459	0.00649643420977157	0.99850355776877	0.00649643420977157
ALG5	0.344843584404185	0.00862498491464907	0.99850355776877	0.00862498491464907
VLDLR	0.344847059643788	0.00854455792649296	0.99850355776877	0.00854455792649296
DNAJC30	0.344848284209013	0.0143143580805823	0.99850355776877	0.0143143580805823
ZFP28	0.345134384532081	0.012503999489489	0.99850355776877	0.012503999489489
GSTK1	0.345140125826927	-0.0122001807010071	0.99850355776877	-0.0122001807010071
FOXO1	0.345204854007871	-0.00489500953783132	0.99850355776877	-0.00489500953783132
AL157400.3	0.345240096563623	-0.0106869392537909	0.99850355776877	-0.0106869392537909
KTN1	0.345560605763106	-0.00403530484028426	0.99850355776877	-0.00403530484028426
DESI1	0.345574002346473	-0.009665068014233	0.99850355776877	-0.009665068014233
AFMID	0.345582918600277	0.00562186650499265	0.99850355776877	0.00562186650499265
ACO2	0.345609037511747	-0.0061953117775435	0.99850355776877	-0.0061953117775435
NIPBL	0.345671160537621	-0.00297070597339389	0.99850355776877	-0.00297070597339389
CAPS	0.345676167913031	0.00874427990713334	0.99850355776877	0.00874427990713334
CERS6	0.345729560108154	0.0227363639492805	0.99850355776877	0.0227363639492805
MDM4	0.345779098670438	0.0043977426120489	0.99850355776877	0.0043977426120489
EXOC6	0.345829427541942	0.00597749093595638	0.99850355776877	0.00597749093595638
EPHA4	0.346138887205656	-0.0219181393106412	0.99850355776877	-0.0219181393106412
SCAMP3	0.346302195209095	0.00864358020212083	0.99850355776877	0.00864358020212083
SHLD1	0.346467715288674	-0.00693454217393844	0.99850355776877	-0.00693454217393844
B4GALT3	0.346525579257206	-0.0194280917360339	0.99850355776877	-0.0194280917360339
CHKB	0.34658805677644	-0.00998481681073161	0.99850355776877	-0.00998481681073161
AL139106.1	0.346649313028642	0.00951513005232778	0.99850355776877	0.00951513005232778
CCDC9B	0.346661498838878	0.0121038319154685	0.99850355776877	0.0121038319154685
POLA2	0.346718404692774	0.00869208996596971	0.99850355776877	0.00869208996596971
TRMT1	0.346727190307703	0.00958723507575256	0.99850355776877	0.00958723507575256
RBM28	0.346805709860167	-0.00675823749313213	0.99850355776877	-0.00675823749313213
TMEM202-AS1	0.34693107138853	0.00888081561763107	0.99850355776877	0.00888081561763107
CSPP1	0.346936045430805	-0.00478067836323573	0.99850355776877	-0.00478067836323573
PIGT	0.347012038225692	0.00755400979792352	0.99850355776877	0.00755400979792352
ZBTB20	0.347031572953382	0.00239063150108184	0.99850355776877	0.00239063150108184
FMN1	0.347235842167162	-0.0246727372566827	0.99850355776877	-0.0246727372566827
KIAA1549L	0.347282553485824	0.0210458513494754	0.99850355776877	0.0210458513494754
ECI1	0.347321921057899	-0.00966434146833691	0.99850355776877	-0.00966434146833691
OARD1	0.347570227180959	0.00691792189839634	0.99850355776877	0.00691792189839634
EIF5A	0.347615389617948	0.0145200565601561	0.99850355776877	0.0145200565601561
LRRC8B	0.347619189444965	-0.00513444647081564	0.99850355776877	-0.00513444647081564
CCHCR1	0.348174885298214	-0.0160701110226118	0.99850355776877	-0.0160701110226118
ZNF205	0.348227296633639	-0.0120467236950203	0.99850355776877	-0.0120467236950203
CLN8	0.348233412868368	-0.00636098343844317	0.99850355776877	-0.00636098343844317
NBDY	0.348245550263922	-0.00577402190931416	0.99850355776877	-0.00577402190931416
ARL3	0.348267945798487	0.00881318512743566	0.99850355776877	0.00881318512743566
GNPTG	0.348404421382245	0.00635459650979656	0.99850355776877	0.00635459650979656
ATP6V0D1	0.348519121131321	-0.00875953074773756	0.99850355776877	-0.00875953074773756
CREBL2	0.348801812830903	0.00795635526736697	0.99850355776877	0.00795635526736697
BANF1	0.348833597251144	-0.0161766092321728	0.99850355776877	-0.0161766092321728
UBR4	0.348857765809838	-0.00696252045638009	0.99850355776877	-0.00696252045638009
SAV1	0.348872111501025	-0.00758021461314572	0.99850355776877	-0.00758021461314572
BCAS3	0.348954458834712	0.00353414660258594	0.99850355776877	0.00353414660258594
RAB11FIP2	0.349121202740738	-0.00598677861944119	0.99850355776877	-0.00598677861944119
NEK11	0.34927355802248	-0.00799551866883491	0.99850355776877	-0.00799551866883491
TSHZ2	0.349439563488571	-0.0200544883640254	0.99850355776877	-0.0200544883640254
IARS	0.349537613693447	-0.00628350271057653	0.99850355776877	-0.00628350271057653
HDAC1	0.349559970320915	0.00833408281949833	0.99850355776877	0.00833408281949833
TMEM265	0.349716246067749	0.0103852687134967	0.99850355776877	0.0103852687134967
EOGT	0.34981374123113	0.0125309298156997	0.99850355776877	0.0125309298156997
CASC2	0.349817012945688	-0.0128507066643035	0.99850355776877	-0.0128507066643035
NCK1	0.349872393129323	0.0075880984054288	0.99850355776877	0.0075880984054288
SPATC1L	0.349892024580343	0.0151953987658982	0.99850355776877	0.0151953987658982
AKT1S1	0.349916447281269	0.0123814237372738	0.99850355776877	0.0123814237372738
SLC25A16	0.350012669605888	0.00680478431578584	0.99850355776877	0.00680478431578584
ACVR1	0.350061232991031	-0.00929082042073218	0.99850355776877	-0.00929082042073218
RASSF4	0.350280074167724	-0.00602946069137188	0.99850355776877	-0.00602946069137188
RAP2A	0.35028372440713	0.0106590418292921	0.99850355776877	0.0106590418292921
GVQW3	0.350318203036121	0.0106895025269276	0.99850355776877	0.0106895025269276
AGBL4	0.350577581412573	0.0183593268892814	0.99850355776877	0.0183593268892814
CYBRD1	0.350649316245628	0.00822451730599239	0.99850355776877	0.00822451730599239
PSMA4	0.350691628415702	-0.0128626380668648	0.99850355776877	-0.0128626380668648
MED15	0.350698066363878	0.00493701335839519	0.99850355776877	0.00493701335839519
CKAP4	0.350876804847597	-0.0191435379080649	0.99850355776877	-0.0191435379080649
AC008667.1	0.350884076567342	-0.0136984397626216	0.99850355776877	-0.0136984397626216
YPEL1	0.350903224604116	0.0121113550719515	0.99850355776877	0.0121113550719515
TMEM273	0.350931220759769	0.0106728109317664	0.99850355776877	0.0106728109317664
TIMM8B	0.350962822311497	0.0155734321857259	0.99850355776877	0.0155734321857259
SDCCAG8	0.351120706009822	-0.00335723354368262	0.99850355776877	-0.00335723354368262
SUPT5H	0.351297507562748	0.00630538226576328	0.99850355776877	0.00630538226576328
KLHDC2	0.351402555340795	0.00728022045099669	0.99850355776877	0.00728022045099669
RCC1	0.351490484539577	-0.0138820417659053	0.99850355776877	-0.0138820417659053
PTPRN	0.351609618998732	0.0217304951177681	0.99850355776877	0.0217304951177681
RTTN	0.351853477746234	-0.00481532841103831	0.99850355776877	-0.00481532841103831
C19orf47	0.352076752633772	0.013231532022555	0.99850355776877	0.013231532022555
SLF1	0.352145885257469	-0.0139165561825998	0.99850355776877	-0.0139165561825998
SAE1	0.352154791495051	0.00797536631784515	0.99850355776877	0.00797536631784515
DHX32	0.352250632733202	0.00635569175213231	0.99850355776877	0.00635569175213231
EIF2B4	0.352351326443945	0.00942221755217645	0.99850355776877	0.00942221755217645
GAA	0.352637464466772	0.00835236945177776	0.99850355776877	0.00835236945177776
RAN	0.352766933075445	0.0151280519316008	0.99850355776877	0.0151280519316008
ARFGAP2	0.352798071133491	0.00722142239829503	0.99850355776877	0.00722142239829503
FUBP3	0.353149016874852	0.00465292684026756	0.99850355776877	0.00465292684026756
AC097532.3	0.353364867661069	-0.0146909606433965	0.99850355776877	-0.0146909606433965
ZNF135	0.35351028131507	0.00656551007743005	0.99850355776877	0.00656551007743005
BDH2	0.353662236377145	-0.0122953743662613	0.99850355776877	-0.0122953743662613
USP19	0.353765902696349	0.0183626232513869	0.99850355776877	0.0183626232513869
ANKRD28	0.353775280617725	-0.00403264726329396	0.99850355776877	-0.00403264726329396
AL442071.2	0.354412217249256	0.0118995311722865	0.99850355776877	0.0118995311722865
PKM	0.354424545129388	0.0161629130512515	0.99850355776877	0.0161629130512515
FAM149B1	0.354431115027823	0.00843197929781717	0.99850355776877	0.00843197929781717
CFTR	0.354670090038772	0.0144938639596874	0.99850355776877	0.0144938639596874
NDST1	0.354704155953458	-0.00565166691000324	0.99850355776877	-0.00565166691000324
LINGO2	0.354764748367549	0.0169023890213918	0.99850355776877	0.0169023890213918
CPLX1	0.354984007210417	-0.0256771689994786	0.99850355776877	-0.0256771689994786
JRK	0.355069086858536	0.00918705872723667	0.99850355776877	0.00918705872723667
UHRF1BP1L	0.355098201821087	0.00730199571387543	0.99850355776877	0.00730199571387543
LYST	0.355355726824334	0.00520826969898239	0.99850355776877	0.00520826969898239
STMN2	0.355404173225469	0.0188708494531258	0.99850355776877	0.0188708494531258
AC100793.2	0.355518433173062	0.0102797390784705	0.99850355776877	0.0102797390784705
LYPLA1	0.355540973164415	-0.0136006852229383	0.99850355776877	-0.0136006852229383
TBC1D12	0.355650617302785	-0.00446420072358922	0.99850355776877	-0.00446420072358922
PELI1	0.355682003467446	-0.00591838414875822	0.99850355776877	-0.00591838414875822
URM1	0.355736038370352	-0.00828131961201595	0.99850355776877	-0.00828131961201595
SOX2	0.355918321271466	0.00624721442853259	0.99850355776877	0.00624721442853259
GPR155	0.356078876062524	0.0137258095803387	0.99850355776877	0.0137258095803387
AL109615.4	0.35612300668646	0.0125125442968735	0.99850355776877	0.0125125442968735
LATS2	0.356178820064948	0.0099675083053128	0.99850355776877	0.0099675083053128
COA4	0.356198219786547	0.00998390520071154	0.99850355776877	0.00998390520071154
PSMA7	0.356262021419894	-0.00884637513215372	0.99850355776877	-0.00884637513215372
CBWD5	0.35635328253338	-0.0119713031942646	0.99850355776877	-0.0119713031942646
AKAP7	0.356427407384728	0.00628794791943082	0.99850355776877	0.00628794791943082
LSM10	0.356531681864613	-0.0188630801487525	0.99850355776877	-0.0188630801487525
SGCE	0.356560932616202	-0.0055778370089059	0.99850355776877	-0.0055778370089059
NOM1	0.356671644717483	0.0107003908887988	0.99850355776877	0.0107003908887988
MT-ND4	0.356689440161004	0.00636617278317839	0.99850355776877	0.00636617278317839
ZNF330	0.356713551729666	-0.0123695685453307	0.99850355776877	-0.0123695685453307
CGGBP1	0.356874354303917	0.00641280540547946	0.99850355776877	0.00641280540547946
FRRS1L	0.356904996009242	-0.0157312460806911	0.99850355776877	-0.0157312460806911
LINC01515	0.357011876742626	-0.0286772217950729	0.99850355776877	-0.0286772217950729
ZBTB11	0.357058264291892	-0.00760204450768451	0.99850355776877	-0.00760204450768451
DEPDC1B	0.357154623558857	-0.0160363204260743	0.99850355776877	-0.0160363204260743
TMEM189	0.357319608310045	0.00669833752628107	0.99850355776877	0.00669833752628107
IDS	0.35737136550489	-0.00946222646243043	0.99850355776877	-0.00946222646243043
LRRC8A	0.357372548401175	0.00844027788772191	0.99850355776877	0.00844027788772191
PGPEP1	0.3574553437305	-0.014110429433275	0.99850355776877	-0.014110429433275
NSDHL	0.357659820616922	0.0138925370192138	0.99850355776877	0.0138925370192138
CDRT4	0.357701692812752	-0.00656342045079899	0.99850355776877	-0.00656342045079899
SLC49A4	0.35770876980914	-0.0109716148671877	0.99850355776877	-0.0109716148671877
NMNAT2	0.357730095786097	0.0178075943962712	0.99850355776877	0.0178075943962712
HSP90AB1	0.357790978400286	0.00955029924856107	0.99850355776877	0.00955029924856107
WDR73	0.357810681103453	-0.00890020716391604	0.99850355776877	-0.00890020716391604
LNPEP	0.357811765557555	0.00469227457940732	0.99850355776877	0.00469227457940732
ATP13A1	0.357982646628623	-0.00981609889101468	0.99850355776877	-0.00981609889101468
GOLGB1	0.357985441655508	-0.00711638948670574	0.99850355776877	-0.00711638948670574
CAPNS1	0.358153116989807	0.0106653363032941	0.99850355776877	0.0106653363032941
PLEKHM3	0.358243887513376	0.00527279332797441	0.99850355776877	0.00527279332797441
GPR37L1	0.358267965620799	-0.0113020664742354	0.99850355776877	-0.0113020664742354
TRAPPC9	0.358329514095438	-0.00414306524568907	0.99850355776877	-0.00414306524568907
MRPS35	0.358611387285665	-0.00756464520311338	0.99850355776877	-0.00756464520311338
ARL5B	0.358770607221513	0.0110986024090576	0.99850355776877	0.0110986024090576
UTP20	0.358874888209425	0.00621448084366861	0.99850355776877	0.00621448084366861
ZNF331	0.359256586517755	0.006642593173799	0.99850355776877	0.006642593173799
CCZ1B	0.359311003287466	0.00826220815524868	0.99850355776877	0.00826220815524868
ATP6AP2	0.359388057180385	-0.0106728788430585	0.99850355776877	-0.0106728788430585
AC004951.1	0.359474334416851	0.00796060492799296	0.99850355776877	0.00796060492799296
ITPKC	0.359563091308835	0.0125773229325919	0.99850355776877	0.0125773229325919
FAM171B	0.359803185122298	0.00997321901562455	0.99850355776877	0.00997321901562455
EPS15	0.360219243098583	0.00340201516568634	0.99850355776877	0.00340201516568634
NUP88	0.360267463072637	0.00636599389739672	0.99850355776877	0.00636599389739672
RPS5	0.36027924065345	0.0119187095668512	0.99850355776877	0.0119187095668512
TMEM229A	0.360510429672201	-0.0145436395726893	0.99850355776877	-0.0145436395726893
AL162511.1	0.360627891374738	0.0088314626195563	0.99850355776877	0.0088314626195563
HEPN1	0.36072110025163	-0.0147252931291073	0.99850355776877	-0.0147252931291073
POLR3F	0.360744071607761	0.0130070309995034	0.99850355776877	0.0130070309995034
PDK3	0.361134866109058	0.0148094967393812	0.99850355776877	0.0148094967393812
COQ9	0.361388919968498	-0.00959844395985371	0.99850355776877	-0.00959844395985371
BTBD1	0.361446834185189	-0.00785911157647086	0.99850355776877	-0.00785911157647086
SHC3	0.361484885472871	-0.0226822538251203	0.99850355776877	-0.0226822538251203
CCDC30	0.361540567987249	0.00763435587429268	0.99850355776877	0.00763435587429268
XRCC4	0.361613045022601	-0.00686707407252119	0.99850355776877	-0.00686707407252119
WIPF1	0.361845955333259	0.00433677979498022	0.99850355776877	0.00433677979498022
NUP107	0.361917273038053	-0.00623273637049312	0.99850355776877	-0.00623273637049312
DNAJC25	0.362119435047912	-0.0124620470389718	0.99850355776877	-0.0124620470389718
SMNDC1	0.362179765153953	0.0112614902292107	0.99850355776877	0.0112614902292107
CDH4	0.362267504698508	-0.0138292684144222	0.99850355776877	-0.0138292684144222
BCL2L14	0.362268038150905	0.0179062305603413	0.99850355776877	0.0179062305603413
TNFSF13B	0.36231885664403	-0.0199388187814514	0.99850355776877	-0.0199388187814514
ABI2	0.362394200019201	0.00524290220231533	0.99850355776877	0.00524290220231533
DCC	0.36240318830477	-0.0101663653671037	0.99850355776877	-0.0101663653671037
IDH2	0.362434185258054	0.00635143250986272	0.99850355776877	0.00635143250986272
C16orf46	0.362465325541734	0.008444328791556	0.99850355776877	0.008444328791556
AC011346.1	0.362481969819165	0.00462874976054731	0.99850355776877	0.00462874976054731
ELMSAN1	0.362521447825531	0.00548339403971211	0.99850355776877	0.00548339403971211
DNAJC4	0.362538267624995	0.013379397238895	0.99850355776877	0.013379397238895
GORASP1	0.362786565816361	0.0125850908271592	0.99850355776877	0.0125850908271592
SNAI3-AS1	0.362862488066085	0.0138514137416884	0.99850355776877	0.0138514137416884
MADD	0.362941538276537	0.00755089840142479	0.99850355776877	0.00755089840142479
TECPR1	0.36299155683679	-0.00786478527636335	0.99850355776877	-0.00786478527636335
UXT	0.363286553390053	0.0140516569983162	0.99850355776877	0.0140516569983162
TUBB4A	0.363406214604761	-0.00679260806250565	0.99850355776877	-0.00679260806250565
OCLN	0.363434389918046	0.0127515551610219	0.99850355776877	0.0127515551610219
DNAJC15	0.363454855581149	0.010089962253476	0.99850355776877	0.010089962253476
CRYGS	0.363620607588413	-0.0147003891636108	0.99850355776877	-0.0147003891636108
COL18A1	0.363663171258152	-0.0142211342498203	0.99850355776877	-0.0142211342498203
TUBGCP2	0.363672436351901	-0.00714199178728496	0.99850355776877	-0.00714199178728496
IK	0.363727462868696	0.00972149736838052	0.99850355776877	0.00972149736838052
ABRAXAS2	0.36384329366684	0.00865084424284835	0.99850355776877	0.00865084424284835
STRIP1	0.363988121646184	0.00839198806874415	0.99850355776877	0.00839198806874415
LINC00472	0.364031816986479	0.0108864260476397	0.99850355776877	0.0108864260476397
GTF2A1	0.364045120589441	-0.00957228066417134	0.99850355776877	-0.00957228066417134
VARS2	0.364164547985905	-0.0133766111569228	0.99850355776877	-0.0133766111569228
GSR	0.364241999029678	0.0124585316103533	0.99850355776877	0.0124585316103533
ZNF696	0.364497573518916	-0.0143150210490625	0.99850355776877	-0.0143150210490625
ZNHIT1	0.364620630564766	-0.0116073789286359	0.99850355776877	-0.0116073789286359
CHORDC1	0.364921601165079	-0.00897316224058014	0.99850355776877	-0.00897316224058014
TBCA	0.365148731579118	0.00488357188851506	0.99850355776877	0.00488357188851506
MAPK1	0.365156896116874	-0.0055910301132445	0.99850355776877	-0.0055910301132445
ZFP64	0.365200145247114	0.00680462681804082	0.99850355776877	0.00680462681804082
CDH13	0.365213704678986	0.00969414902276625	0.99850355776877	0.00969414902276625
CATSPER2	0.365348014065327	0.00847521433602691	0.99850355776877	0.00847521433602691
GIT1	0.365381364920878	-0.00504002179263774	0.99850355776877	-0.00504002179263774
NPM1	0.365480696115452	-0.00932898632867813	0.99850355776877	-0.00932898632867813
GALK1	0.365492619936697	0.0164678503348048	0.99850355776877	0.0164678503348048
RUVBL1	0.365530802403576	0.0116206920208171	0.99850355776877	0.0116206920208171
KLHL9	0.365744541258657	0.00915549348623641	0.99850355776877	0.00915549348623641
ZNF292	0.366284460843306	-0.00342774556355278	0.99850355776877	-0.00342774556355278
H6PD	0.366320617597338	-0.00862514428272291	0.99850355776877	-0.00862514428272291
POLR3B	0.366406600237694	0.007689701090647	0.99850355776877	0.007689701090647
CDKN1B	0.3664613075346	0.010366345766145	0.99850355776877	0.010366345766145
POLR2I	0.366503031415775	-0.0123307610972689	0.99850355776877	-0.0123307610972689
CLYBL	0.366583646051349	0.0115076271555589	0.99850355776877	0.0115076271555589
EML4	0.366711037499536	0.00971851167264236	0.99850355776877	0.00971851167264236
FBXO10	0.366864310316915	0.011081227121474	0.99850355776877	0.011081227121474
SRP68	0.366879714020995	-0.0102682257331518	0.99850355776877	-0.0102682257331518
HPRT1	0.367251628936724	-0.00939920057893497	0.99850355776877	-0.00939920057893497
KBTBD2	0.367357586225702	0.0088045279177376	0.99850355776877	0.0088045279177376
MAP3K7	0.367736963594224	0.00569798331774378	0.99850355776877	0.00569798331774378
C2orf27A	0.367797319964892	-0.0138401581119309	0.99850355776877	-0.0138401581119309
ELP1	0.367854116895127	0.00695200092635656	0.99850355776877	0.00695200092635656
UNC79	0.368146643422015	0.00660358249518564	0.99850355776877	0.00660358249518564
ADARB2-AS1	0.368236030649297	0.0173463258040298	0.99850355776877	0.0173463258040298
C10orf143	0.368251255248227	0.0113482081640682	0.99850355776877	0.0113482081640682
AC092944.1	0.368299024241939	0.0115778463736349	0.99850355776877	0.0115778463736349
SETD7	0.36830871859626	-0.00814935038354499	0.99850355776877	-0.00814935038354499
KBTBD6	0.368341693349324	0.0092926237737711	0.99850355776877	0.0092926237737711
NPC2	0.368363342680306	0.0127853822026682	0.99850355776877	0.0127853822026682
CPEB3	0.368368604710117	-0.00538337237832698	0.99850355776877	-0.00538337237832698
UST	0.368376350507668	0.0156470986544893	0.99850355776877	0.0156470986544893
AC005037.1	0.368376838146413	-0.0107817589071169	0.99850355776877	-0.0107817589071169
PGAP2	0.368434712530822	0.00814598720412582	0.99850355776877	0.00814598720412582
ZDHHC5	0.368459023906041	-0.00856638311333571	0.99850355776877	-0.00856638311333571
SETDB2	0.36848521538763	-0.00884958181645638	0.99850355776877	-0.00884958181645638
TTC32	0.36853647371557	0.00794236954008332	0.99850355776877	0.00794236954008332
SLC2A4RG	0.36871065975296	0.0111251573948573	0.99850355776877	0.0111251573948573
ERGIC2	0.368728801578955	0.0071449333942378	0.99850355776877	0.0071449333942378
ZNF559	0.368878639850974	0.00748584757335515	0.99850355776877	0.00748584757335515
SLC35D1	0.368916097313977	0.00632891420459382	0.99850355776877	0.00632891420459382
ATRIP	0.368916795707674	0.0129029826939858	0.99850355776877	0.0129029826939858
MVK	0.368924643797176	-0.00737312406061396	0.99850355776877	-0.00737312406061396
MARS	0.369131217097872	-0.00743667579884036	0.99850355776877	-0.00743667579884036
HMG20B	0.369140379556626	0.00920222848969952	0.99850355776877	0.00920222848969952
CKLF	0.369478845120147	-0.00770619269918923	0.99850355776877	-0.00770619269918923
CRLS1	0.369616094939931	0.00745567170845684	0.99850355776877	0.00745567170845684
LINC01322	0.36977398547358	0.0174848272140658	0.99850355776877	0.0174848272140658
MTMR7	0.369812818207193	0.00492979660820835	0.99850355776877	0.00492979660820835
DBNL	0.37001361055993	0.00793217530798956	0.99850355776877	0.00793217530798956
HBEGF	0.370078838651195	0.0124406205964331	0.99850355776877	0.0124406205964331
LACTB2	0.370114141601003	0.0110527577983918	0.99850355776877	0.0110527577983918
VPS18	0.370143788651733	0.0139926665674965	0.99850355776877	0.0139926665674965
RTN3	0.370147215295374	-0.00581322934736175	0.99850355776877	-0.00581322934736175
KLF9	0.370168054677827	-0.00736526649683372	0.99850355776877	-0.00736526649683372
MTCL1	0.370209759965412	-0.0119131170167177	0.99850355776877	-0.0119131170167177
ABCB9	0.370400254862971	0.00893364248626529	0.99850355776877	0.00893364248626529
C3orf20	0.370410794092754	-0.0116806215252122	0.99850355776877	-0.0116806215252122
VPS35L	0.370763290421027	0.00377262980895325	0.99850355776877	0.00377262980895325
PNPLA8	0.37077111155668	-0.00696318144436556	0.99850355776877	-0.00696318144436556
VPS4B	0.370777405102982	0.00497825903438777	0.99850355776877	0.00497825903438777
POLR2C	0.370828907639608	-0.0144456139021327	0.99850355776877	-0.0144456139021327
XRCC6	0.371043354390765	0.00711913597667737	0.99850355776877	0.00711913597667737
FBH1	0.371119964848521	0.00627708400140691	0.99850355776877	0.00627708400140691
HPF1	0.371192686692082	-0.00793902639304993	0.99850355776877	-0.00793902639304993
MCM8	0.371267269611713	0.00988597616541873	0.99850355776877	0.00988597616541873
NCBP2	0.371288042405176	0.0155507734356387	0.99850355776877	0.0155507734356387
AC069228.1	0.371331173582386	0.00600123167373352	0.99850355776877	0.00600123167373352
RHOU	0.371469303305529	-0.00464021787080794	0.99850355776877	-0.00464021787080794
ZNF672	0.371471385600164	-0.0145018810603845	0.99850355776877	-0.0145018810603845
UBA3	0.371594120887479	0.00521797401477316	0.99850355776877	0.00521797401477316
LINC01588	0.371795041675655	-0.013288987518877	0.99850355776877	-0.013288987518877
CCNG2	0.371859771377864	0.0112233499597469	0.99850355776877	0.0112233499597469
RAB4A	0.371916069869045	0.00712742492249727	0.99850355776877	0.00712742492249727
CAMKV	0.371986513501659	0.0267977740071381	0.99850355776877	0.0267977740071381
ALKBH3	0.37204391719352	0.00787251877607073	0.99850355776877	0.00787251877607073
ZNF41	0.372199809608054	-0.0097919642649193	0.99850355776877	-0.0097919642649193
CAP1	0.372405162798386	-0.00861253608603824	0.99850355776877	-0.00861253608603824
ARMC9	0.372504115566821	-0.0236150059028151	0.99850355776877	-0.0236150059028151
ERCC5	0.372593797950246	-0.00693828574812351	0.99850355776877	-0.00693828574812351
RNF139	0.372614254246967	0.0108028239997273	0.99850355776877	0.0108028239997273
RBFOX1	0.372692642666049	0.0142856686386493	0.99850355776877	0.0142856686386493
WDR19	0.372887575758935	0.00941761526704127	0.99850355776877	0.00941761526704127
NUDT22	0.372933517514972	0.0127307295253356	0.99850355776877	0.0127307295253356
ZFYVE28	0.373047171484406	-0.0091913342822245	0.99850355776877	-0.0091913342822245
CLUAP1	0.373248270948794	0.00978881339137685	0.99850355776877	0.00978881339137685
LSAMP-AS1	0.373316867597968	0.0349319492341079	0.99850355776877	0.0349319492341079
ISG20	0.373491614115624	0.0118661464200814	0.99850355776877	0.0118661464200814
KCNK1	0.373553960466197	0.00803432744246166	0.99850355776877	0.00803432744246166
CCDC130	0.373753760867699	0.00604628364545814	0.99850355776877	0.00604628364545814
EVI2A	0.373768878384429	-0.00798896933353858	0.99850355776877	-0.00798896933353858
PPP1R16B	0.373932625504059	0.00370237410190889	0.99850355776877	0.00370237410190889
ZNF540	0.373938601557647	0.00897103305964199	0.99850355776877	0.00897103305964199
MTA3	0.37409187311858	-0.00633606253741874	0.99850355776877	-0.00633606253741874
ARID1B	0.37409916059383	-0.00286875722016991	0.99850355776877	-0.00286875722016991
RNF217	0.374176488525737	0.00696069223335016	0.99850355776877	0.00696069223335016
NFATC2IP	0.374204565951514	-0.00556902036672912	0.99850355776877	-0.00556902036672912
YPEL5	0.374311848260654	0.0103657569052845	0.99850355776877	0.0103657569052845
CD47	0.374410673409394	0.00547915932252408	0.99850355776877	0.00547915932252408
GCNA	0.374417443588813	-0.0110459736345006	0.99850355776877	-0.0110459736345006
G2E3	0.37462542087247	0.00718435325895098	0.99850355776877	0.00718435325895098
PEG10	0.374681845342284	-0.0147848383422688	0.99850355776877	-0.0147848383422688
LINC00886	0.374724746428416	-0.0135353424019883	0.99850355776877	-0.0135353424019883
TTC8	0.374906366126903	0.0167791155614822	0.99850355776877	0.0167791155614822
ZNF322	0.375002389005646	-0.00901133522360071	0.99850355776877	-0.00901133522360071
ZNF507	0.37504176839273	-0.00571163456264562	0.99850355776877	-0.00571163456264562
GPATCH2L	0.37522485464373	-0.0047622263237959	0.99850355776877	-0.0047622263237959
BTG3	0.375332763142732	-0.0120007088342554	0.99850355776877	-0.0120007088342554
STX5	0.375382938308858	0.00640367189772977	0.99850355776877	0.00640367189772977
MSH2	0.375507587939871	0.00581915036241488	0.99850355776877	0.00581915036241488
AL589669.1	0.37555270203386	-0.0110796405940748	0.99850355776877	-0.0110796405940748
DLD	0.37557648363155	0.00983839276217267	0.99850355776877	0.00983839276217267
NDUFS2	0.375672374980878	-0.00590128800952508	0.99850355776877	-0.00590128800952508
TRMU	0.375795865297881	0.00642248310774645	0.99850355776877	0.00642248310774645
ST3GAL4	0.375804935964689	-0.00585988071103327	0.99850355776877	-0.00585988071103327
COMMD10	0.375812204890184	-0.00461817702752675	0.99850355776877	-0.00461817702752675
CHSY1	0.375852220329588	-0.00742056815784986	0.99850355776877	-0.00742056815784986
COX14	0.37590775787492	0.0151072187308614	0.99850355776877	0.0151072187308614
SPAG7	0.376426670464929	0.0106921650911544	0.99850355776877	0.0106921650911544
CASC15	0.37660716497541	0.0198871729319855	0.99850355776877	0.0198871729319855
CAMK2B	0.376703669534029	0.0189448373078032	0.99850355776877	0.0189448373078032
DHRS4L2	0.376856665357559	0.016699215026596	0.99850355776877	0.016699215026596
MTHFD1L	0.377173931137109	-0.0139031376538949	0.99850355776877	-0.0139031376538949
DNAJC2	0.377272771864458	0.00740780055301584	0.99850355776877	0.00740780055301584
EXD3	0.377466575614032	0.00782204498084587	0.99850355776877	0.00782204498084587
AFF4	0.377484045574403	0.00431581754797197	0.99850355776877	0.00431581754797197
JPT2	0.377502020741827	-0.00960634629637874	0.99850355776877	-0.00960634629637874
MGST3	0.377584673995334	0.00753380800918534	0.99850355776877	0.00753380800918534
ALG1	0.377637841784742	-0.00965105640234593	0.99850355776877	-0.00965105640234593
APCDD1	0.377645900279472	0.00745200778186549	0.99850355776877	0.00745200778186549
ALDH1A2	0.37787510698555	-0.0144045536036181	0.99850355776877	-0.0144045536036181
NR2C2	0.377907501446253	0.00423134634622628	0.99850355776877	0.00423134634622628
SFTPC	0.377943016069389	0.0107906709311949	0.99850355776877	0.0107906709311949
ZNF827	0.378026784041261	0.0045489932530879	0.99850355776877	0.0045489932530879
MIER2	0.378096521937249	0.00960449831018063	0.99850355776877	0.00960449831018063
PTPRJ	0.378322502734918	0.00361786949271458	0.99850355776877	0.00361786949271458
RPS6KA1	0.378510305850812	0.00850405741670574	0.99850355776877	0.00850405741670574
KMT2D	0.378613102953685	-0.00637141021082428	0.99850355776877	-0.00637141021082428
ZRANB2-AS2	0.378721243954163	-0.0074879590557384	0.99850355776877	-0.0074879590557384
SLC25A37	0.378783235932988	-0.00702712448048292	0.99850355776877	-0.00702712448048292
DARS2	0.378812384115819	-0.0139511825790529	0.99850355776877	-0.0139511825790529
PHRF1	0.378948646924491	-0.00816230114030912	0.99850355776877	-0.00816230114030912
TRMT11	0.378963593538927	0.00552031536265649	0.99850355776877	0.00552031536265649
P2RX7	0.37913969063212	-0.00340111954082674	0.99850355776877	-0.00340111954082674
HCFC1	0.379270493416292	-0.01068772768373	0.99850355776877	-0.01068772768373
SRGAP2C	0.379332584064862	0.00729934037542756	0.99850355776877	0.00729934037542756
AQR	0.379367706804634	0.00548832368442331	0.99850355776877	0.00548832368442331
TBC1D8	0.379458110664661	-0.00775698314462352	0.99850355776877	-0.00775698314462352
AGPAT5	0.37951950182905	0.00725453305232451	0.99850355776877	0.00725453305232451
HHIP	0.379663728026711	0.00359813462323086	0.99850355776877	0.00359813462323086
PFDN1	0.379829597604038	0.00745845814818036	0.99850355776877	0.00745845814818036
PKN2	0.379987320426358	0.00370255619754543	0.99850355776877	0.00370255619754543
YAF2	0.37999847491983	-0.00592111539539702	0.99850355776877	-0.00592111539539702
JKAMP	0.380122157810729	0.0103222054716087	0.99850355776877	0.0103222054716087
SSB	0.380165913751009	0.00981842908769167	0.99850355776877	0.00981842908769167
IFFO2	0.38043112046738	-0.00956132558442451	0.99850355776877	-0.00956132558442451
WIPF2	0.38049535439021	-0.00500338137856002	0.99850355776877	-0.00500338137856002
RPAP1	0.38055348470193	0.00900401260275107	0.99850355776877	0.00900401260275107
LINC00672	0.3806292338955	-0.0154242036046653	0.99850355776877	-0.0154242036046653
HDHD5-AS1	0.380637752527539	0.00950861317446595	0.99850355776877	0.00950861317446595
SLC2A12	0.380735121497264	0.00962931656376342	0.99850355776877	0.00962931656376342
HIBADH	0.38086647255049	0.00493525061501829	0.99850355776877	0.00493525061501829
SEC22C	0.381131667339047	0.00656795245575775	0.99850355776877	0.00656795245575775
DNAJC5	0.381186884970535	0.00538055975067906	0.99850355776877	0.00538055975067906
DERA	0.381210995032092	-0.00961871900630736	0.99850355776877	-0.00961871900630736
ARSA	0.381296733245333	0.0106643296853208	0.99850355776877	0.0106643296853208
AC092802.1	0.381355415166972	0.0122772641539233	0.99850355776877	0.0122772641539233
AC100801.1	0.38143909397438	0.0124906601308533	0.99850355776877	0.0124906601308533
CCDC142	0.381588574708874	-0.0118538258520633	0.99850355776877	-0.0118538258520633
SET	0.381680577916568	-0.00901903985351115	0.99850355776877	-0.00901903985351115
SWAP70	0.381740877025256	-0.00767695717510455	0.99850355776877	-0.00767695717510455
KCTD16	0.381777710489076	0.0175543653252282	0.99850355776877	0.0175543653252282
NLGN4Y	0.381802297451885	0.00754237062824941	0.99850355776877	0.00754237062824941
EARS2	0.381805014163574	-0.0110308699554295	0.99850355776877	-0.0110308699554295
TXNDC5	0.381875861019034	0.00824256108519523	0.99850355776877	0.00824256108519523
GTF2IRD1	0.381909614182749	-0.00891200920600385	0.99850355776877	-0.00891200920600385
CAB39	0.381939524786222	-0.00493603687221326	0.99850355776877	-0.00493603687221326
ORMDL3	0.382031715992619	0.0189435635493399	0.99850355776877	0.0189435635493399
GALNS	0.38217909582396	0.00934088697574377	0.99850355776877	0.00934088697574377
TRAFD1	0.382267804915533	-0.00754984085428537	0.99850355776877	-0.00754984085428537
TGS1	0.382357242842287	-0.00625910907995988	0.99850355776877	-0.00625910907995988
MED19	0.382426390362498	0.0149100487017886	0.99850355776877	0.0149100487017886
CXXC4	0.382614962682954	0.0081650513681332	0.99850355776877	0.0081650513681332
PAIP1	0.382621136000728	-0.00952562739477825	0.99850355776877	-0.00952562739477825
GET3	0.382693427741031	0.014874856218321	0.99850355776877	0.014874856218321
GLIPR1L2	0.382703491727315	0.00898190353751063	0.99850355776877	0.00898190353751063
FRYL	0.38276832121327	-0.00251080921928596	0.99850355776877	-0.00251080921928596
BIN1	0.382808901970351	0.00274294092896619	0.99850355776877	0.00274294092896619
NUCB1	0.383084720658822	0.00811866162589152	0.99850355776877	0.00811866162589152
ZNF7	0.383098398630737	0.0104789494624158	0.99850355776877	0.0104789494624158
GRK6	0.38319336105425	0.0126417746056332	0.99850355776877	0.0126417746056332
MRPS9	0.383333146929108	0.00554235598305302	0.99850355776877	0.00554235598305302
LINC00571	0.383334018305717	0.0118853991013078	0.99850355776877	0.0118853991013078
PDCD6	0.383375300176923	-0.00530557160853714	0.99850355776877	-0.00530557160853714
ELL	0.383434330427968	0.00923839489353773	0.99850355776877	0.00923839489353773
AL050309.1	0.383490171789141	0.00694291906623859	0.99850355776877	0.00694291906623859
LZTS2	0.383512779421931	0.00647128110312507	0.99850355776877	0.00647128110312507
ZNF710	0.38396653029592	0.00684128645876614	0.99850355776877	0.00684128645876614
DMAC2L	0.384071353068528	0.0073359109297641	0.99850355776877	0.0073359109297641
PLD6	0.384095762270204	-0.0133851645825913	0.99850355776877	-0.0133851645825913
SEMA3B	0.384146604027276	-0.00513919627326528	0.99850355776877	-0.00513919627326528
SDHB	0.384169296880054	-0.00574626136057602	0.99850355776877	-0.00574626136057602
ZDHHC13	0.384313481616334	0.00834524922446169	0.99850355776877	0.00834524922446169
NR2F6	0.384337005301887	0.0130909899447611	0.99850355776877	0.0130909899447611
TCEAL8	0.384478630160763	0.0174211280021427	0.99850355776877	0.0174211280021427
ATP6V0C	0.384540613331045	0.0113292285883803	0.99850355776877	0.0113292285883803
PGS1	0.384567205338955	0.00629395258356855	0.99850355776877	0.00629395258356855
HLCS	0.384642108789789	0.00510819845723907	0.99850355776877	0.00510819845723907
BHLHE41	0.384642422536099	0.00732544448964185	0.99850355776877	0.00732544448964185
DLEU2	0.38467266632933	0.00323481104730134	0.99850355776877	0.00323481104730134
SH2B3	0.384771826708765	-0.0138074891885637	0.99850355776877	-0.0138074891885637
PHC3	0.384886108964365	-0.00392134496659051	0.99850355776877	-0.00392134496659051
ATP6V0A2	0.384894773708993	0.00858721154883548	0.99850355776877	0.00858721154883548
PLEC	0.384895136067956	-0.0231650216905237	0.99850355776877	-0.0231650216905237
AC119403.1	0.385000825113164	0.0133724053145257	0.99850355776877	0.0133724053145257
DHX29	0.3851693585673	-0.00569441752841358	0.99850355776877	-0.00569441752841358
STK25	0.385203918547397	-0.00741201927624847	0.99850355776877	-0.00741201927624847
ABCA1	0.385242709831921	0.00897401089182771	0.99850355776877	0.00897401089182771
CCDC82	0.385282118591685	0.00547214192298299	0.99850355776877	0.00547214192298299
PIK3C2A	0.385388789772243	-0.00558839521450007	0.99850355776877	-0.00558839521450007
UBE2G2	0.385464617222457	-0.0060277411626876	0.99850355776877	-0.0060277411626876
SCARA3	0.385823462271595	-0.0153436124065936	0.99850355776877	-0.0153436124065936
DDX23	0.385980343470098	0.00969063087241168	0.99850355776877	0.00969063087241168
LAMTOR2	0.386044545888436	0.0145582604968477	0.99850355776877	0.0145582604968477
ARHGEF7	0.386107614232941	-0.00327747833240992	0.99850355776877	-0.00327747833240992
MCM3AP	0.386118402403006	-0.00683418743408576	0.99850355776877	-0.00683418743408576
AP5M1	0.386146053529594	0.009132634801394	0.99850355776877	0.009132634801394
ARMCX1	0.386157964558435	-0.0145063709148035	0.99850355776877	-0.0145063709148035
NRXN3	0.386162214485698	0.00361478136432508	0.99850355776877	0.00361478136432508
KIAA1324	0.386169589373656	-0.0100855248240853	0.99850355776877	-0.0100855248240853
APOOL	0.386253941311027	-0.00902447860230388	0.99850355776877	-0.00902447860230388
THYN1	0.386304828232708	0.0168286028347839	0.99850355776877	0.0168286028347839
XRRA1	0.386373073957604	-0.00634738841224273	0.99850355776877	-0.00634738841224273
AC087500.1	0.386635573984804	0.00790447393446711	0.99850355776877	0.00790447393446711
C21orf91-OT1	0.386704570227359	-0.00965116251908104	0.99850355776877	-0.00965116251908104
NR6A1	0.386754852901502	0.00535190393665442	0.99850355776877	0.00535190393665442
AC107204.1	0.386860488812533	-0.012635861617757	0.99850355776877	-0.012635861617757
UBA6	0.386988403251465	0.00504878560719226	0.99850355776877	0.00504878560719226
TRIQK	0.387176424774448	0.00736024448330042	0.99850355776877	0.00736024448330042
NT5DC1	0.387268133876542	0.0037829605782305	0.99850355776877	0.0037829605782305
QTRT1	0.387322280767211	0.00662689702198856	0.99850355776877	0.00662689702198856
SMAP1	0.38735682189264	-0.00690611775935462	0.99850355776877	-0.00690611775935462
TMEM121	0.387421551458092	0.01241802237201	0.99850355776877	0.01241802237201
UPF3A	0.38745980912243	-0.00458686061062682	0.99850355776877	-0.00458686061062682
MTLN	0.387567830215928	-0.0205033018151821	0.99850355776877	-0.0205033018151821
NCKAP5L	0.387845825071191	0.00721860413983928	0.99850355776877	0.00721860413983928
SH3GL1	0.387973573672947	0.00789594939377214	0.99850355776877	0.00789594939377214
AL049840.5	0.388022520376841	0.0114451403226947	0.99850355776877	0.0114451403226947
CSNK2A2	0.38806953238719	0.00715447744150866	0.99850355776877	0.00715447744150866
ZDHHC20	0.388072519201172	0.00446922018837759	0.99850355776877	0.00446922018837759
BVES	0.388166184087077	-0.0107118644238034	0.99850355776877	-0.0107118644238034
ABR	0.388394937312892	0.0148082516534852	0.99850355776877	0.0148082516534852
LAMA2	0.388657082201706	0.00616529812906931	0.99850355776877	0.00616529812906931
ZFC3H1	0.388682662505926	-0.00557143818938801	0.99850355776877	-0.00557143818938801
DRAM2	0.388761043909804	-0.00788196377879857	0.99850355776877	-0.00788196377879857
SPESP1	0.388799844881745	0.00751904644925482	0.99850355776877	0.00751904644925482
WDR4	0.389011884132707	0.0102240194256693	0.99850355776877	0.0102240194256693
LMF2	0.389019728452974	0.0109453674886661	0.99850355776877	0.0109453674886661
NHLRC3	0.389143405327256	-0.00594926561089391	0.99850355776877	-0.00594926561089391
OPTN	0.389173078586343	-0.00947554095670809	0.99850355776877	-0.00947554095670809
BTG1	0.389298095568591	-0.0120831215212309	0.99850355776877	-0.0120831215212309
LAMTOR1	0.389325602223127	0.0102497709618955	0.99850355776877	0.0102497709618955
U2AF1L4	0.389398162881679	0.010512921558922	0.99850355776877	0.010512921558922
TMEM108	0.389574393817399	0.0152423933660756	0.99850355776877	0.0152423933660756
TOLLIP	0.389748645276654	0.011952189038548	0.99850355776877	0.011952189038548
SLC36A4	0.389792444792499	-0.00557039107571341	0.99850355776877	-0.00557039107571341
METTL22	0.389962809097527	-0.0105721909963917	0.99850355776877	-0.0105721909963917
ZFP1	0.390009632113308	0.0115929231978959	0.99850355776877	0.0115929231978959
ASL	0.390123249112479	-0.00893398761655101	0.99850355776877	-0.00893398761655101
MSH3	0.390317693535707	0.00477981206443464	0.99850355776877	0.00477981206443464
CNPY2	0.390345658318861	-0.00766915632723566	0.99850355776877	-0.00766915632723566
SMARCD2	0.390378041187299	0.00757445137596167	0.99850355776877	0.00757445137596167
FAM192A	0.390383013602894	0.0056609991147379	0.99850355776877	0.0056609991147379
VWA8	0.390412586498348	0.00484076888501129	0.99850355776877	0.00484076888501129
CINP	0.390724197930088	-0.00621061662250121	0.99850355776877	-0.00621061662250121
ALG13	0.390989932843194	-0.00468557605581262	0.99850355776877	-0.00468557605581262
EPHB6	0.391012220156672	0.0265373439936189	0.99850355776877	0.0265373439936189
ODF2L	0.391013447008503	0.00699140006875486	0.99850355776877	0.00699140006875486
CRTC3	0.391098508100801	-0.00409814442579035	0.99850355776877	-0.00409814442579035
BCL2L1	0.391103898873064	-0.00463616025368484	0.99850355776877	-0.00463616025368484
MTG1	0.391110072694697	-0.00538582323782717	0.99850355776877	-0.00538582323782717
LDLRAD3	0.391146499253856	-0.00704332363630495	0.99850355776877	-0.00704332363630495
TMEM65	0.391223264438235	-0.00751895745748579	0.99850355776877	-0.00751895745748579
LY6H	0.391366870353178	0.0211883169805993	0.99850355776877	0.0211883169805993
UBL3	0.391417091559137	-0.00355640773684856	0.99850355776877	-0.00355640773684856
PLRG1	0.391444046575221	0.00938910238633358	0.99850355776877	0.00938910238633358
SMYD4	0.391500063478052	0.00895368187922107	0.99850355776877	0.00895368187922107
PEF1	0.391595430617417	-0.0104281893693506	0.99850355776877	-0.0104281893693506
ERGIC1	0.391663965908183	-0.00546737921837638	0.99850355776877	-0.00546737921837638
KCNJ10	0.391826984631141	0.00589699041363975	0.99850355776877	0.00589699041363975
RPS19BP1	0.391880606587428	-0.0121642619353024	0.99850355776877	-0.0121642619353024
TUBA1B	0.391982368700104	-0.0127878234579853	0.99850355776877	-0.0127878234579853
TPGS1	0.392027428207208	-0.00846009862854276	0.99850355776877	-0.00846009862854276
C10orf90	0.392094471945954	-0.00269983704093996	0.99850355776877	-0.00269983704093996
MRE11	0.39235816797599	-0.00766374932513907	0.99850355776877	-0.00766374932513907
CUX1	0.392416088791119	-0.00361246308906794	0.99850355776877	-0.00361246308906794
SNAPC5	0.392433954818998	-0.0144897458287519	0.99850355776877	-0.0144897458287519
MCPH1	0.392546942297916	-0.00437759117295647	0.99850355776877	-0.00437759117295647
NARS	0.392595628419632	-0.0104447263185158	0.99850355776877	-0.0104447263185158
METTL2B	0.392616859226205	0.00822642776394912	0.99850355776877	0.00822642776394912
SLC35A5	0.392699843877254	0.0079285414469722	0.99850355776877	0.0079285414469722
PROSER1	0.392712254822055	0.00922494968825385	0.99850355776877	0.00922494968825385
KHDRBS1	0.392725978916621	0.00412596042524927	0.99850355776877	0.00412596042524927
PPP2R1A	0.393067344624642	-0.00942651555748446	0.99850355776877	-0.00942651555748446
NUDT19	0.393160593535762	0.0136325335730543	0.99850355776877	0.0136325335730543
YPEL2	0.393244143911091	0.00366476245382267	0.99850355776877	0.00366476245382267
PHF20	0.393382283277562	-0.00433271744467038	0.99850355776877	-0.00433271744467038
ARMH3	0.393385597674162	0.00479706981779567	0.99850355776877	0.00479706981779567
ARMC10	0.393399058955763	-0.00696366332949944	0.99850355776877	-0.00696366332949944
CDH2	0.393604764280312	0.00666137278476922	0.99850355776877	0.00666137278476922
PPP5D1	0.393738651212306	0.0101223223709089	0.99850355776877	0.0101223223709089
HTT	0.393767116830706	-0.00506294890054145	0.99850355776877	-0.00506294890054145
BCL9	0.39377209561571	-0.00787019474315413	0.99850355776877	-0.00787019474315413
AC008462.1	0.393811700485066	0.0137473404026483	0.99850355776877	0.0137473404026483
PKNOX2	0.393949238566423	-0.0188499115200647	0.99850355776877	-0.0188499115200647
TRIOBP	0.39401188041872	0.00764810681174686	0.99850355776877	0.00764810681174686
USP6NL	0.394064337878139	-0.0117274147732325	0.99850355776877	-0.0117274147732325
CDCA7L	0.394252610622078	0.0113648153654129	0.99850355776877	0.0113648153654129
ATG3	0.394306265204003	0.00739075551793472	0.99850355776877	0.00739075551793472
PACS2	0.394361489711894	-0.00365155225144885	0.99850355776877	-0.00365155225144885
DAG1	0.394406702402116	-0.00920696972866271	0.99850355776877	-0.00920696972866271
GTF2H2	0.394576138107072	0.00931166360409008	0.99850355776877	0.00931166360409008
OSBPL7	0.394583919312898	-0.00845933110861997	0.99850355776877	-0.00845933110861997
PPCDC	0.394768820974419	0.00572168406621701	0.99850355776877	0.00572168406621701
PGM2L1	0.394779855381009	-0.0228740372994236	0.99850355776877	-0.0228740372994236
AL133243.3	0.394805987335065	0.0143072769120454	0.99850355776877	0.0143072769120454
KCNH7	0.394931304340617	0.0180451687198407	0.99850355776877	0.0180451687198407
AC108721.2	0.394965752913588	0.00561051057305159	0.99850355776877	0.00561051057305159
UNC5B	0.395001891856515	-0.00513627803145133	0.99850355776877	-0.00513627803145133
TACC1	0.395309548852666	0.00304881558100056	0.99850355776877	0.00304881558100056
HIST1H2BD	0.395324032896931	-0.0130067474791113	0.99850355776877	-0.0130067474791113
LGMN	0.395356555575652	-0.0089612618512891	0.99850355776877	-0.0089612618512891
ANKRD49	0.395381679708339	0.0117838155729643	0.99850355776877	0.0117838155729643
EIF3A	0.395580215915497	-0.0060259824533715	0.99850355776877	-0.0060259824533715
PEX5L	0.395688990405697	-0.00295965531397893	0.99850355776877	-0.00295965531397893
RPL7	0.395718449899728	0.0141819193068789	0.99850355776877	0.0141819193068789
MICOS13	0.395744391876924	0.013940462875908	0.99850355776877	0.013940462875908
CPSF2	0.395744712157525	0.00563500017793417	0.99850355776877	0.00563500017793417
LCORL	0.39577334749131	-0.00445841861926694	0.99850355776877	-0.00445841861926694
ZNF362	0.395818307604976	-0.0090881829841878	0.99850355776877	-0.0090881829841878
SIPA1L1	0.395946500540243	0.00389366357720083	0.99850355776877	0.00389366357720083
SLC36A1	0.396207301299698	-0.0103452495257232	0.99850355776877	-0.0103452495257232
SCNM1	0.3962638607586	-0.0123760414312104	0.99850355776877	-0.0123760414312104
RBIS	0.396302133704825	0.0130729429881882	0.99850355776877	0.0130729429881882
MACROD2	0.396333047113196	-0.0100894505824778	0.99850355776877	-0.0100894505824778
C2orf72	0.396351594841094	0.00786713371904873	0.99850355776877	0.00786713371904873
FDX1	0.396413705360006	0.00848484692498808	0.99850355776877	0.00848484692498808
CAMTA2	0.396472516492335	0.00924413044144012	0.99850355776877	0.00924413044144012
POM121C	0.396772415467183	0.00499196489193379	0.99850355776877	0.00499196489193379
CDC42SE2	0.396812334261618	0.00325916741414232	0.99850355776877	0.00325916741414232
PPIG	0.396929015811748	0.00392826383973285	0.99850355776877	0.00392826383973285
TTPAL	0.397217742725204	-0.0132766969219765	0.99850355776877	-0.0132766969219765
TRPT1	0.397271233363801	0.0138744554494707	0.99850355776877	0.0138744554494707
UBR2	0.397337679833231	-0.00381715096529676	0.99850355776877	-0.00381715096529676
WNK1	0.397350771529648	0.00274918321847272	0.99850355776877	0.00274918321847272
NDUFV2-AS1	0.397432536515386	-0.0107905891349333	0.99850355776877	-0.0107905891349333
ZCCHC17	0.397508377437729	-0.00791894047942101	0.99850355776877	-0.00791894047942101
MTMR12	0.397605237349507	0.00718810632364995	0.99850355776877	0.00718810632364995
BEX3	0.397769046769	0.0117244419055565	0.99850355776877	0.0117244419055565
BACH1	0.397778452724065	-0.00566053052740267	0.99850355776877	-0.00566053052740267
IRF9	0.397974578335298	-0.012363569014721	0.99850355776877	-0.012363569014721
POLG2	0.397993880853075	0.00969851895607993	0.99850355776877	0.00969851895607993
RLIM	0.398106236214004	0.00961910063480356	0.99850355776877	0.00961910063480356
PLOD3	0.398206958035348	-0.007361296962812	0.99850355776877	-0.007361296962812
RIC8A	0.398275740158096	-0.0111587595704548	0.99850355776877	-0.0111587595704548
PRPF38A	0.398373548020375	-0.00929144922187264	0.99850355776877	-0.00929144922187264
MUL1	0.398417469508046	0.0119119551293474	0.99850355776877	0.0119119551293474
CDK3	0.398438524916086	-0.0130196407687616	0.99850355776877	-0.0130196407687616
RGS3	0.39846118162704	0.00640862961470362	0.99850355776877	0.00640862961470362
RRP7A	0.398901786190081	0.00826775187060993	0.99850355776877	0.00826775187060993
UCKL1	0.399040547534049	0.00902553348618775	0.99850355776877	0.00902553348618775
TRDMT1	0.399101069153824	-0.00997426188898187	0.99850355776877	-0.00997426188898187
FBXL12	0.399173510720872	0.00925613228495756	0.99850355776877	0.00925613228495756
HEATR6	0.399195181315283	0.00844752288426382	0.99850355776877	0.00844752288426382
ARF3	0.399202426056637	-0.0156928208543246	0.99850355776877	-0.0156928208543246
ITFG1	0.399291962794043	-0.00335476980384523	0.99850355776877	-0.00335476980384523
CDC25B	0.399408261848944	-0.00837638183348496	0.99850355776877	-0.00837638183348496
PABPC1	0.399496592940322	0.00675703130969252	0.99850355776877	0.00675703130969252
ATP5PO	0.399500244780215	-0.0134117156483636	0.99850355776877	-0.0134117156483636
ERI1	0.399556187221591	0.00752225448900115	0.99850355776877	0.00752225448900115
AC015712.4	0.399601378782679	0.008716246226025	0.99850355776877	0.008716246226025
TMEM230	0.400001217090069	0.00506092519263109	0.99850355776877	0.00506092519263109
TBC1D13	0.400006836776632	0.00677575156747416	0.99850355776877	0.00677575156747416
C1orf159	0.400084466151045	0.0065943927973642	0.99850355776877	0.0065943927973642
KMT2E	0.400088823242392	0.00246397754778658	0.99850355776877	0.00246397754778658
APEX1	0.40016334095475	0.0140723231549311	0.99850355776877	0.0140723231549311
SLC30A4	0.400167409006872	0.00592871363576379	0.99850355776877	0.00592871363576379
MAGI2	0.400321540538085	0.00187781462225805	0.99850355776877	0.00187781462225805
ST3GAL5	0.400382940239803	-0.00501063301533029	0.99850355776877	-0.00501063301533029
KDM3B	0.400389183129609	0.00516735058822488	0.99850355776877	0.00516735058822488
PHF12	0.400441118875121	0.00510793078726285	0.99850355776877	0.00510793078726285
FAM171A1	0.400450944488638	-0.00409513640197819	0.99850355776877	-0.00409513640197819
SLC22A15	0.400558088313184	0.00456295229276112	0.99850355776877	0.00456295229276112
SLC25A42	0.400586569910815	-0.00810324265512131	0.99850355776877	-0.00810324265512131
ALDH2	0.400828743046552	-0.00800970922198152	0.99850355776877	-0.00800970922198152
ZNF480	0.400866843189804	-0.00967981339344867	0.99850355776877	-0.00967981339344867
S100A1	0.400878715782552	0.0158858975934646	0.99850355776877	0.0158858975934646
CSNK1D	0.40101765893572	0.00587004213586746	0.99850355776877	0.00587004213586746
SMPD1	0.401114032387745	0.00972287807474874	0.99850355776877	0.00972287807474874
PDHA1	0.40114513380212	-0.0115225452787859	0.99850355776877	-0.0115225452787859
FAM66B	0.401161486166431	0.00901274272926076	0.99850355776877	0.00901274272926076
MRS2	0.401203833484368	-0.00974255439699066	0.99850355776877	-0.00974255439699066
ALKBH6	0.40139435102891	-0.0126777829017337	0.99850355776877	-0.0126777829017337
TAOK2	0.401739350169991	0.00636138935487093	0.99850355776877	0.00636138935487093
PRR14L	0.401981683245054	-0.0059395284678373	0.99850355776877	-0.0059395284678373
AC091978.1	0.402261291051813	-0.00937574368535348	0.99850355776877	-0.00937574368535348
PNKP	0.40233609760573	0.0106092314265246	0.99850355776877	0.0106092314265246
AHCY	0.402337673485419	-0.0128128911513738	0.99850355776877	-0.0128128911513738
FBXO46	0.402385113811634	-0.00905389291927918	0.99850355776877	-0.00905389291927918
FBXO21	0.402403558087364	-0.00488375435758556	0.99850355776877	-0.00488375435758556
SLAIN2	0.402788169653849	0.00696319656161154	0.99850355776877	0.00696319656161154
PGGT1B	0.402792558862084	-0.007416026756014	0.99850355776877	-0.007416026756014
CBX1	0.402845107678815	0.0073314242946615	0.99850355776877	0.0073314242946615
AL450998.2	0.402849853587875	0.00999736287762009	0.99850355776877	0.00999736287762009
ABHD12	0.40296745106412	0.0042578997690318	0.99850355776877	0.0042578997690318
GFOD2	0.402985189084453	0.0124214075672233	0.99850355776877	0.0124214075672233
EVA1C	0.403089674065172	-0.00449280178046138	0.99850355776877	-0.00449280178046138
USP8	0.40317304124793	-0.00462190379015294	0.99850355776877	-0.00462190379015294
PUM1	0.403245251693978	-0.00328185475349193	0.99850355776877	-0.00328185475349193
ZBTB5	0.403440279822298	0.00823843900339724	0.99850355776877	0.00823843900339724
TRAF3IP2-AS1	0.403527182723817	0.00424225295446703	0.99850355776877	0.00424225295446703
FUS	0.403590029866117	-0.00426271866344744	0.99850355776877	-0.00426271866344744
KCNJ3	0.403664322277267	0.01717766701017	0.99850355776877	0.01717766701017
ZNF75D	0.403767686966871	-0.00871053495113899	0.99850355776877	-0.00871053495113899
MECP2	0.403784230195004	-0.00340352118373818	0.99850355776877	-0.00340352118373818
TARSL2	0.404133122405047	0.00290839785857792	0.99850355776877	0.00290839785857792
COX18	0.404173148905053	0.0104045135535286	0.99850355776877	0.0104045135535286
SEC31A	0.404225769921329	-0.0045054997770868	0.99850355776877	-0.0045054997770868
E4F1	0.404428041078422	0.0122598529125472	0.99850355776877	0.0122598529125472
MTHFD2L	0.404444776164472	-0.0049684455580683	0.99850355776877	-0.0049684455580683
GNA14	0.404494675787248	-0.0139471149900863	0.99850355776877	-0.0139471149900863
CCDC57	0.404584680555836	0.00977717717052663	0.99850355776877	0.00977717717052663
C9orf24	0.404589557830677	-0.0149689142712178	0.99850355776877	-0.0149689142712178
ZC3HC1	0.404672140557568	0.00771050745134726	0.99850355776877	0.00771050745134726
BUD31	0.404746165684931	-0.0164680721306649	0.99850355776877	-0.0164680721306649
SDK2	0.405034559356407	-0.0151835180710508	0.99850355776877	-0.0151835180710508
NPL	0.405108044334846	-0.0104925273063866	0.99850355776877	-0.0104925273063866
PMPCA	0.405214309186383	0.010237411066931	0.99850355776877	0.010237411066931
HIF1AN	0.405373610464088	-0.00858033715929092	0.99850355776877	-0.00858033715929092
AVEN	0.405405946730356	-0.00829767861545103	0.99850355776877	-0.00829767861545103
SNAP23	0.405417347397193	0.00559966405195239	0.99850355776877	0.00559966405195239
IBTK	0.405419228032531	-0.00469823895864251	0.99850355776877	-0.00469823895864251
PKD2	0.405549976184824	-0.0036904584263862	0.99850355776877	-0.0036904584263862
YY1	0.405570455048583	-0.00425279491783838	0.99850355776877	-0.00425279491783838
CYBC1	0.405693142159858	0.00671117988808033	0.99850355776877	0.00671117988808033
ABLIM3	0.405850481478639	0.0137879403510299	0.99850355776877	0.0137879403510299
FN1	0.405948560967127	0.0136254592603707	0.99850355776877	0.0136254592603707
EZH1	0.405950773540449	0.00425307375910429	0.99850355776877	0.00425307375910429
SPIRE1	0.405952439131872	0.00453326951010505	0.99850355776877	0.00453326951010505
SF1	0.405954888676266	0.0039268308232216	0.99850355776877	0.0039268308232216
ZBTB1	0.406006245972895	0.00504852842763661	0.99850355776877	0.00504852842763661
CHDH	0.406244354167416	-0.0103978199224649	0.99850355776877	-0.0103978199224649
ROCK1	0.406345707771184	0.00406723437532253	0.99850355776877	0.00406723437532253
FLRT2	0.406352185576767	-0.0187345755791465	0.99850355776877	-0.0187345755791465
ILF3	0.406410356979132	-0.00507701690043891	0.99850355776877	-0.00507701690043891
RAB5B	0.406473954231339	0.00647933644832924	0.99850355776877	0.00647933644832924
BRD3	0.406489788058299	0.00564389397258451	0.99850355776877	0.00564389397258451
KCTD18	0.406612612059039	0.0101954781705312	0.99850355776877	0.0101954781705312
SLC35B4	0.406634759449253	-0.00692620886313308	0.99850355776877	-0.00692620886313308
KCNJ2	0.406830427904146	0.00583452345826672	0.99850355776877	0.00583452345826672
ZNF407	0.407013061546674	-0.00464125819699508	0.99850355776877	-0.00464125819699508
INTS10	0.407124852610294	0.00400328402389896	0.99850355776877	0.00400328402389896
TXNDC9	0.407283701841255	-0.0116289690897879	0.99850355776877	-0.0116289690897879
SNHG1	0.407356226886564	0.0109696965847629	0.99850355776877	0.0109696965847629
RNASEH2B	0.407362550661422	0.00509351572385964	0.99850355776877	0.00509351572385964
ELP4	0.407672018337618	-0.00391651035196527	0.99850355776877	-0.00391651035196527
PTOV1	0.40774051440268	0.00683121309538374	0.99850355776877	0.00683121309538374
MRPL57	0.407750697169048	-0.0127016185497085	0.99850355776877	-0.0127016185497085
SMARCE1	0.407798360937909	0.00581010797870542	0.99850355776877	0.00581010797870542
CCNB1IP1	0.407807648031703	-0.0100471099172126	0.99850355776877	-0.0100471099172126
MEX3C	0.407898517699659	-0.011849928454437	0.99850355776877	-0.011849928454437
C1orf112	0.407908771070456	0.00895242155550962	0.99850355776877	0.00895242155550962
ZNF496	0.40794585461252	0.0082462785390678	0.99850355776877	0.0082462785390678
SNX3	0.407994082552002	0.00714246364008493	0.99850355776877	0.00714246364008493
PIM3	0.408005492839197	0.00875141125362066	0.99850355776877	0.00875141125362066
AC027117.2	0.408060434134872	0.0110800757505506	0.99850355776877	0.0110800757505506
WRN	0.408176034595688	0.00482559965993389	0.99850355776877	0.00482559965993389
VDAC1	0.408265968404804	-0.0121917195740766	0.99850355776877	-0.0121917195740766
LRIG2-DT	0.408266791262182	0.00918554203085573	0.99850355776877	0.00918554203085573
WAPL	0.40831926543779	-0.00425149471656859	0.99850355776877	-0.00425149471656859
MGAT4A	0.408730077979925	-0.0056120260631265	0.99850355776877	-0.0056120260631265
SMC1A	0.408792924720269	-0.00521663156140079	0.99850355776877	-0.00521663156140079
PCDH17	0.408918273896337	0.00473760578106837	0.99850355776877	0.00473760578106837
EXOSC8	0.408922193255784	0.00787699202224153	0.99850355776877	0.00787699202224153
IRF2BPL	0.409026442204029	-0.0123312617450894	0.99850355776877	-0.0123312617450894
AC025442.2	0.409070782134627	0.0109820039451672	0.99850355776877	0.0109820039451672
POLR2M	0.409256257915798	0.00892296617990564	0.99850355776877	0.00892296617990564
ASXL3	0.40928263578592	0.00604485756636046	0.99850355776877	0.00604485756636046
WDR25	0.409324486611087	-0.00763600397736214	0.99850355776877	-0.00763600397736214
RIOK3	0.409332498790552	-0.00506091144437936	0.99850355776877	-0.00506091144437936
HDAC9	0.40946229393322	0.0053622517047299	0.99850355776877	0.0053622517047299
CNTNAP3	0.409483592049803	-0.0160209009943646	0.99850355776877	-0.0160209009943646
CCDC180	0.409680033542505	0.00919776162200473	0.99850355776877	0.00919776162200473
NEU3	0.40981412249932	0.00949703396262212	0.99850355776877	0.00949703396262212
FAM162A	0.409919734312494	-0.0100421705110261	0.99850355776877	-0.0100421705110261
ATP13A2	0.410023881356784	0.00846677326059009	0.99850355776877	0.00846677326059009
NAGK	0.410134556792749	0.0067023598220798	0.99850355776877	0.0067023598220798
SMIM4	0.410175220843892	0.00672291746958383	0.99850355776877	0.00672291746958383
ATP5F1C	0.410181333931417	-0.00801249303820385	0.99850355776877	-0.00801249303820385
MRPL58	0.410350410933765	-0.014807253128573	0.99850355776877	-0.014807253128573
AC107375.1	0.410350481287606	-0.00715897058573364	0.99850355776877	-0.00715897058573364
NFX1	0.410360763460912	-0.00475154231215333	0.99850355776877	-0.00475154231215333
EXOC3	0.410844473244479	0.00710476850752732	0.99850355776877	0.00710476850752732
TMEM178B	0.410903515697483	-0.0124265872620574	0.99850355776877	-0.0124265872620574
SDHC	0.410957871041434	-0.00512971493929095	0.99850355776877	-0.00512971493929095
JMJD1C	0.410992341755665	0.00280067626158932	0.99850355776877	0.00280067626158932
RHBDL2	0.411280197071096	0.00638527573927554	0.99850355776877	0.00638527573927554
PAK1	0.411440727606591	0.00786826252796423	0.99850355776877	0.00786826252796423
FAM91A1	0.411501842786148	0.00593538155581518	0.99850355776877	0.00593538155581518
USP12	0.411521547205833	0.00531041420843785	0.99850355776877	0.00531041420843785
SNRPD3	0.411528721356358	0.0102491257929268	0.99850355776877	0.0102491257929268
EIF4A1	0.411553428752416	0.00694344312858595	0.99850355776877	0.00694344312858595
N4BP1	0.411560360672918	-0.00490808831119823	0.99850355776877	-0.00490808831119823
ATN1	0.411567223216391	-0.00728314911986672	0.99850355776877	-0.00728314911986672
ZNF148	0.411577142914529	0.00367881647891412	0.99850355776877	0.00367881647891412
HLA-A	0.411974083904422	-0.0131625856251796	0.99850355776877	-0.0131625856251796
PADI2	0.411981619293513	0.00538067256173335	0.99850355776877	0.00538067256173335
LZTR1	0.412137120193313	0.00741486080134072	0.99850355776877	0.00741486080134072
AP1G2	0.4121439202071	0.0231170490038404	0.99850355776877	0.0231170490038404
SPICE1	0.41229545658299	-0.0109964003629138	0.99850355776877	-0.0109964003629138
CMTM6	0.412388075883769	0.0135240131743272	0.99850355776877	0.0135240131743272
KIAA1958	0.412389432745454	-0.00309388448719965	0.99850355776877	-0.00309388448719965
MRPL11	0.412510583471246	0.0136705647648354	0.99850355776877	0.0136705647648354
AP4S1	0.412549998631783	0.00526581103089241	0.99850355776877	0.00526581103089241
ARHGAP32	0.412564678446393	-0.0080802563665205	0.99850355776877	-0.0080802563665205
FAM214B	0.412625796328618	0.0124128919926974	0.99850355776877	0.0124128919926974
RADX	0.412657952624492	-0.0101714427536019	0.99850355776877	-0.0101714427536019
HMGB2	0.412726437428617	-0.0128568987828381	0.99850355776877	-0.0128568987828381
FAM193B	0.412749606669887	-0.00483099732236878	0.99850355776877	-0.00483099732236878
ATP5ME	0.41276506235294	-0.00841819406086137	0.99850355776877	-0.00841819406086137
TANGO2	0.412956446473008	-0.00518661037006532	0.99850355776877	-0.00518661037006532
RTF1	0.412995719750734	-0.00664549366209717	0.99850355776877	-0.00664549366209717
NALCN	0.412996925778711	-0.00265293831794947	0.99850355776877	-0.00265293831794947
C1orf56	0.413013000739748	0.0136473794659046	0.99850355776877	0.0136473794659046
TMEM242	0.413063003764516	-0.00879165575124155	0.99850355776877	-0.00879165575124155
HUWE1	0.413473361583362	-0.00427958443616229	0.99850355776877	-0.00427958443616229
CD72	0.413580815329317	0.011374631421302	0.99850355776877	0.011374631421302
SFSWAP	0.41359972923731	0.00385070103960576	0.99850355776877	0.00385070103960576
SMARCA4	0.413630175764952	0.00557438710506802	0.99850355776877	0.00557438710506802
NGRN	0.413691574420056	0.0131049338519603	0.99850355776877	0.0131049338519603
RPL36AL	0.413733888428465	-0.014530918268787	0.99850355776877	-0.014530918268787
AC018682.1	0.413818887870063	-0.0201653457847235	0.99850355776877	-0.0201653457847235
AL358216.1	0.414005471633377	0.00942997068132111	0.99850355776877	0.00942997068132111
JRKL	0.41407286989275	0.0138951336876004	0.99850355776877	0.0138951336876004
MEF2C	0.414097689619383	0.0152654177952741	0.99850355776877	0.0152654177952741
CAPZA1	0.414508292489374	-0.00421187712340256	0.99850355776877	-0.00421187712340256
AL139815.1	0.414614588561874	0.0120572367708594	0.99850355776877	0.0120572367708594
RBKS	0.414752686351133	0.0118201759932996	0.99850355776877	0.0118201759932996
PDE7A	0.414920536053353	0.004200011672012	0.99850355776877	0.004200011672012
MAP2K4	0.41497862147592	-0.00454892123821807	0.99850355776877	-0.00454892123821807
SRBD1	0.415076420379432	0.00599344944305449	0.99850355776877	0.00599344944305449
TRAPPC8	0.415088454237153	-0.0051999364091166	0.99850355776877	-0.0051999364091166
TRIM69	0.415447997979403	0.0178903168163535	0.99850355776877	0.0178903168163535
COG8	0.415526299010648	0.0086565447751222	0.99850355776877	0.0086565447751222
AC005498.3	0.415721027186935	0.0093951872138786	0.99850355776877	0.0093951872138786
SNRNP35	0.415762359924556	0.00602174624257488	0.99850355776877	0.00602174624257488
APBB3	0.415975634597459	0.0107820042717755	0.99850355776877	0.0107820042717755
DENND5B	0.416262581550085	-0.00393975779739329	0.99850355776877	-0.00393975779739329
THOC2	0.416828896966297	-0.00361141940513074	0.99850355776877	-0.00361141940513074
AC105345.1	0.416969666209211	-0.0135392947796718	0.99850355776877	-0.0135392947796718
USP3	0.417118939645069	0.00604281700114659	0.99850355776877	0.00604281700114659
EDEM1	0.417141628455541	0.0116595902195525	0.99850355776877	0.0116595902195525
SDE2	0.417195984962696	-0.0115157671266922	0.99850355776877	-0.0115157671266922
UNC50	0.417308837334515	-0.010186920165337	0.99850355776877	-0.010186920165337
SRP14	0.417375566610189	-0.0114196389420408	0.99850355776877	-0.0114196389420408
LYPLAL1	0.417390440306816	0.00464190371480743	0.99850355776877	0.00464190371480743
RAB3IP	0.417393744612135	-0.00578992533334167	0.99850355776877	-0.00578992533334167
MED14	0.417396686754759	-0.0061680402410261	0.99850355776877	-0.0061680402410261
KIF3A	0.417435909763889	0.00567174450481533	0.99850355776877	0.00567174450481533
OSGEP	0.417509920992058	0.00710309519541618	0.99850355776877	0.00710309519541618
HOMEZ	0.417610713738413	0.0114496586089273	0.99850355776877	0.0114496586089273
HERPUD2	0.417620261357951	0.00624394481041149	0.99850355776877	0.00624394481041149
AC006270.1	0.417657485383	0.0158344552700075	0.99850355776877	0.0158344552700075
ATP2C1	0.417781600645059	0.00528816130047106	0.99850355776877	0.00528816130047106
FEZ2	0.417938584423966	0.00491795620410308	0.99850355776877	0.00491795620410308
PRKAB1	0.418200831024836	-0.0108992923090326	0.99850355776877	-0.0108992923090326
AC006141.1	0.418315533774764	-0.00966578433800954	0.99850355776877	-0.00966578433800954
DEPDC7	0.418365611314639	-0.013214793807136	0.99850355776877	-0.013214793807136
ETFB	0.418657968036987	0.00785309177877317	0.99850355776877	0.00785309177877317
AC242426.2	0.418689666338047	0.00615842767484958	0.99850355776877	0.00615842767484958
MPLKIP	0.418704293952104	-0.00827570918660767	0.99850355776877	-0.00827570918660767
SLC4A1AP	0.418798043422669	0.008495312026112	0.99850355776877	0.008495312026112
CDC42BPB	0.419018771104483	-0.00455979222038572	0.99850355776877	-0.00455979222038572
AC079382.2	0.4192690845346	-0.0135020923776399	0.99850355776877	-0.0135020923776399
CRNKL1	0.419347701768612	0.00974210284913702	0.99850355776877	0.00974210284913702
SLC39A10	0.41955443181189	-0.00799601224641656	0.99850355776877	-0.00799601224641656
PPP3CC	0.419589293006041	-0.00468400212792702	0.99850355776877	-0.00468400212792702
PRRC2B	0.419635272067957	0.00377354915063395	0.99850355776877	0.00377354915063395
LINC02199	0.419664472165309	-0.00815916400622141	0.99850355776877	-0.00815916400622141
ADGRB2	0.419675725239227	-0.0112915646571281	0.99850355776877	-0.0112915646571281
GATAD2B	0.419713691572608	0.0035579865554615	0.99850355776877	0.0035579865554615
SIGIRR	0.419823102697105	0.0126747158450028	0.99850355776877	0.0126747158450028
IGDCC3	0.419839675178289	0.0101292436057314	0.99850355776877	0.0101292436057314
AC104461.1	0.419846551421037	-0.0153912368778226	0.99850355776877	-0.0153912368778226
TDRD3	0.419945300656481	-0.00379722341063027	0.99850355776877	-0.00379722341063027
ATG9A	0.420088931397903	0.0081663954589249	0.99850355776877	0.0081663954589249
MYRF	0.42014670439226	0.00354585883129497	0.99850355776877	0.00354585883129497
NNT	0.420176515814084	-0.00692888966958868	0.99850355776877	-0.00692888966958868
ZNF281	0.420319451977782	0.00666629604697011	0.99850355776877	0.00666629604697011
AGO2	0.420340787887556	-0.00383996586032475	0.99850355776877	-0.00383996586032475
NOP53	0.420355852626346	-0.0109242737090135	0.99850355776877	-0.0109242737090135
WDR3	0.420469918400837	0.0118195874417574	0.99850355776877	0.0118195874417574
COLEC12	0.420471279876436	-0.0124317203757784	0.99850355776877	-0.0124317203757784
GPR89A	0.420552438565217	-0.00969111201342834	0.99850355776877	-0.00969111201342834
TTC4	0.420576362393047	0.010230244941347	0.99850355776877	0.010230244941347
MNAT1	0.420600695798103	0.0049716006751102	0.99850355776877	0.0049716006751102
TMEM245	0.420797503771192	0.0036912411783641	0.99850355776877	0.0036912411783641
LAS1L	0.420890028358969	0.00784663186016504	0.99850355776877	0.00784663186016504
MEF2D	0.421009532715404	-0.00475663099250675	0.99850355776877	-0.00475663099250675
ABCB7	0.421035824651847	0.00541465078527774	0.99850355776877	0.00541465078527774
SMAD9	0.421041562510193	-0.00958621711301126	0.99850355776877	-0.00958621711301126
TRIM39	0.421167953181753	0.0122084329557751	0.99850355776877	0.0122084329557751
RTCA-AS1	0.421299662251458	-0.00967905595503655	0.99850355776877	-0.00967905595503655
SPTAN1	0.421322248006288	0.0155500604254707	0.99850355776877	0.0155500604254707
FKBP4	0.421364325873706	-0.0110116731391985	0.99850355776877	-0.0110116731391985
PRPF40B	0.421397394649528	0.00594725734893626	0.99850355776877	0.00594725734893626
DDX5	0.421440899302653	-0.00371139380281298	0.99850355776877	-0.00371139380281298
TNFRSF21	0.421482456949882	-0.0178339311808219	0.99850355776877	-0.0178339311808219
NUMA1	0.421561082996854	0.00377078376361261	0.99850355776877	0.00377078376361261
CCDC152	0.421628493294966	-0.0111272784304901	0.99850355776877	-0.0111272784304901
GABARAPL2	0.421658370699667	-0.00957591776350331	0.99850355776877	-0.00957591776350331
CEP85	0.421770457106436	-0.00631202788651642	0.99850355776877	-0.00631202788651642
SLC1A4	0.421856210054751	-0.0171170882129891	0.99850355776877	-0.0171170882129891
GABRA1	0.421904441535205	-0.0218142335675057	0.99850355776877	-0.0218142335675057
FNBP1	0.421941235474152	-0.00303142903976385	0.99850355776877	-0.00303142903976385
INO80B	0.421944767345038	0.0127662584681514	0.99850355776877	0.0127662584681514
ATP2B2	0.422027267378207	0.0160195279581587	0.99850355776877	0.0160195279581587
RNF19B	0.422095526972064	0.0122449047437382	0.99850355776877	0.0122449047437382
MPP3	0.422398366879253	0.00968162573153528	0.99850355776877	0.00968162573153528
SLC66A3	0.422415856246938	0.00996366129891093	0.99850355776877	0.00996366129891093
GCFC2	0.422510087943988	0.005411154142442	0.99850355776877	0.005411154142442
AGAP5	0.422524187876807	-0.0108881134140293	0.99850355776877	-0.0108881134140293
AC009120.2	0.422758756646695	0.00515137934086502	0.99850355776877	0.00515137934086502
KLF3-AS1	0.422842175061224	0.00627233777535835	0.99850355776877	0.00627233777535835
MYSM1	0.422971090518013	0.00618912815311996	0.99850355776877	0.00618912815311996
AC090844.2	0.423001036812015	0.00798919752612788	0.99850355776877	0.00798919752612788
AMMECR1L	0.423213661306092	0.0090889602962566	0.99850355776877	0.0090889602962566
NOVA2	0.423409380447626	-0.00817820408658189	0.99850355776877	-0.00817820408658189
HNRNPA2B1	0.423789499723025	-0.00322443997436422	0.99850355776877	-0.00322443997436422
NFATC3	0.423993525178141	0.00409951231852959	0.99850355776877	0.00409951231852959
TMEM248	0.424611427537629	0.0052492395542448	0.99850355776877	0.0052492395542448
CHSY3	0.424748552523791	-0.0122981184080916	0.99850355776877	-0.0122981184080916
GAN	0.425014674020067	-0.00789489302537559	0.99850355776877	-0.00789489302537559
TRAK1	0.42510372165991	0.00792244375969687	0.99850355776877	0.00792244375969687
MFN2	0.425262872609267	0.00659013332940959	0.99850355776877	0.00659013332940959
WDR20	0.425274637607573	-0.00340651451333924	0.99850355776877	-0.00340651451333924
AC007566.1	0.425341212857714	-0.00464566300708483	0.99850355776877	-0.00464566300708483
ABHD3	0.425454721891464	-0.00957710208605587	0.99850355776877	-0.00957710208605587
MECR	0.42546708165231	0.00765844720260842	0.99850355776877	0.00765844720260842
RRM1	0.425502109377956	-0.00899186690625888	0.99850355776877	-0.00899186690625888
PPFIA1	0.425507585873115	0.00496766266012631	0.99850355776877	0.00496766266012631
FAM229B	0.425537290935995	-0.00746906953264032	0.99850355776877	-0.00746906953264032
ZNF227	0.425566484157426	0.00878811658662468	0.99850355776877	0.00878811658662468
NECAB1	0.425829270719766	-0.00449345945970798	0.99850355776877	-0.00449345945970798
LINC00863	0.426005357426214	0.0117189113472438	0.99850355776877	0.0117189113472438
CAPN2	0.42613378125945	0.00628026781564872	0.99850355776877	0.00628026781564872
Z95331.1	0.426266760911063	0.0107054002401654	0.99850355776877	0.0107054002401654
VPS4A	0.426383613610226	0.00735306728543767	0.99850355776877	0.00735306728543767
TWF1	0.42638692100494	0.00838220908843356	0.99850355776877	0.00838220908843356
IFT43	0.426478915434267	0.00559879327882601	0.99850355776877	0.00559879327882601
SOCS5	0.426511592352251	-0.0117520411166658	0.99850355776877	-0.0117520411166658
SIRT2	0.426521746310214	0.00364827259478911	0.99850355776877	0.00364827259478911
ATAD3A	0.426539389658824	-0.00871241143354667	0.99850355776877	-0.00871241143354667
FAM178B	0.426586475436021	0.00586355251119044	0.99850355776877	0.00586355251119044
AC021851.1	0.426604824307401	-0.0107048587193983	0.99850355776877	-0.0107048587193983
SLC9B1	0.426670819702079	0.00883935201354919	0.99850355776877	0.00883935201354919
GPAA1	0.426876807238212	0.00953637951788424	0.99850355776877	0.00953637951788424
AL360091.3	0.426951844145013	0.0099767539970942	0.99850355776877	0.0099767539970942
SLC8B1	0.427007743388608	0.00739069870269701	0.99850355776877	0.00739069870269701
SPANXA2-OT1	0.427135448467902	0.00618347574063943	0.99850355776877	0.00618347574063943
KDM3A	0.427217751978489	-0.00739813488318926	0.99850355776877	-0.00739813488318926
LRP5	0.427225751771494	-0.0130869148580356	0.99850355776877	-0.0130869148580356
DAZAP1	0.427233492701963	-0.00505033724119595	0.99850355776877	-0.00505033724119595
SEPTIN1	0.427321923198372	-0.0156931009376984	0.99850355776877	-0.0156931009376984
RGS11	0.427448255766691	0.0111787708415158	0.99850355776877	0.0111787708415158
LDB1	0.427456694711657	-0.0140873180959462	0.99850355776877	-0.0140873180959462
ZNF717	0.427475720168739	-0.0048933466106264	0.99850355776877	-0.0048933466106264
CNST	0.427484505463867	-0.00746080619745208	0.99850355776877	-0.00746080619745208
DDX3Y	0.427494794856683	-0.012449385593492	0.99850355776877	-0.012449385593492
ATP6V0A1	0.42752817880454	-0.0050659203950376	0.99850355776877	-0.0050659203950376
AC092171.4	0.427545608156554	-0.0135213855180232	0.99850355776877	-0.0135213855180232
COX7A2L	0.427640599320514	-0.00902688785613619	0.99850355776877	-0.00902688785613619
AP002370.2	0.42825277727451	-0.012891987293985	0.99850355776877	-0.012891987293985
RSRC1	0.428301611818009	0.00432074715355463	0.99850355776877	0.00432074715355463
AGMO	0.428313566594206	0.00745259815835235	0.99850355776877	0.00745259815835235
DDX41	0.428323376898706	0.0134747192139894	0.99850355776877	0.0134747192139894
PHF10	0.428339134118987	-0.00756687390550586	0.99850355776877	-0.00756687390550586
RHOB	0.428475549674186	0.00719474731935365	0.99850355776877	0.00719474731935365
KIF1C	0.428532482526772	-0.0109134937183868	0.99850355776877	-0.0109134937183868
KIF16B	0.428541881835491	-0.00476410722375323	0.99850355776877	-0.00476410722375323
TTC33	0.428776187449813	-0.00621311109456647	0.99850355776877	-0.00621311109456647
ZNF549	0.428883179515771	0.00968031323808984	0.99850355776877	0.00968031323808984
FGF1	0.429014893083188	-0.00372682182828633	0.99850355776877	-0.00372682182828633
AC018730.1	0.429018314634151	0.00625706959598864	0.99850355776877	0.00625706959598864
SIN3A	0.429108095275342	0.00651720699211207	0.99850355776877	0.00651720699211207
KIF2A	0.429279530109722	0.0031361967742936	0.99850355776877	0.0031361967742936
GNE	0.429342464553601	-0.00634773343621066	0.99850355776877	-0.00634773343621066
ALDH8A1	0.429354492317192	-0.0102065580577722	0.99850355776877	-0.0102065580577722
BAALC-AS1	0.429596263351838	-0.0120727946244407	0.99850355776877	-0.0120727946244407
TAF7	0.429650752396858	-0.00704643214022887	0.99850355776877	-0.00704643214022887
PRKD2	0.429719289571446	0.0117690459221169	0.99850355776877	0.0117690459221169
ATF2	0.42972204306235	-0.00522046876926988	0.99850355776877	-0.00522046876926988
ZZEF1	0.429740250283203	-0.004866674666103	0.99850355776877	-0.004866674666103
NT5C3B	0.430364985459334	-0.0115602107792499	0.99850355776877	-0.0115602107792499
TSSK3	0.4304697706639	0.0118182022074713	0.99850355776877	0.0118182022074713
SOWAHA	0.430504741945855	0.010595579018201	0.99850355776877	0.010595579018201
FSD1L	0.430648731699316	-0.00684296819488613	0.99850355776877	-0.00684296819488613
XPO1	0.430676730916638	-0.0045916942391105	0.99850355776877	-0.0045916942391105
TRIM35	0.43072930617677	0.00956746265547549	0.99850355776877	0.00956746265547549
LRRC29	0.430751024818872	-0.0085764768932608	0.99850355776877	-0.0085764768932608
NSUN6	0.431028875231805	0.00437333793916382	0.99850355776877	0.00437333793916382
CALCOCO2	0.431059125821496	0.00441349995347551	0.99850355776877	0.00441349995347551
MFAP3	0.43110815991197	0.00872102704057354	0.99850355776877	0.00872102704057354
RPS27L	0.431180826294292	-0.0074752539209211	0.99850355776877	-0.0074752539209211
PMEPA1	0.431220130848351	-0.00976634021801814	0.99850355776877	-0.00976634021801814
UBIAD1	0.431397242803401	-0.00789204104078971	0.99850355776877	-0.00789204104078971
ATP6V1B2	0.431624801393436	-0.0130969122103012	0.99850355776877	-0.0130969122103012
BAHCC1	0.431658534686749	-0.00523461135449029	0.99850355776877	-0.00523461135449029
AMFR	0.431864332072573	-0.00683544565747303	0.99850355776877	-0.00683544565747303
UQCRFS1	0.432122282845301	0.0146649646899549	0.99850355776877	0.0146649646899549
USB1	0.432276930654445	-0.0120524211827497	0.99850355776877	-0.0120524211827497
SEMA6A-AS1	0.432348329503148	0.00900453851677245	0.99850355776877	0.00900453851677245
SAP30L-AS1	0.432394530963088	0.00952292898649416	0.99850355776877	0.00952292898649416
AC119673.2	0.432473779290305	-0.0132236086776496	0.99850355776877	-0.0132236086776496
RSRC2	0.432512838851246	-0.00507659835502525	0.99850355776877	-0.00507659835502525
CLASP2	0.432522713288611	-0.00234994383263136	0.99850355776877	-0.00234994383263136
RPL38	0.432535334705527	0.0124128889047061	0.99850355776877	0.0124128889047061
ZNF721	0.432565323816845	0.00429025887241771	0.99850355776877	0.00429025887241771
COX7A2	0.43273814899648	0.0151734283724777	0.99850355776877	0.0151734283724777
AP002495.1	0.432800745214943	0.00706670260341153	0.99850355776877	0.00706670260341153
ELOVL7	0.432859681243202	0.00561192820169903	0.99850355776877	0.00561192820169903
EIF3F	0.432902703988858	0.00670131027354811	0.99850355776877	0.00670131027354811
MLYCD	0.433077326471018	-0.00812348059858176	0.99850355776877	-0.00812348059858176
IST1	0.433137205190124	0.0040467903961667	0.99850355776877	0.0040467903961667
CEP57L1	0.433374586816979	-0.00725410389495543	0.99850355776877	-0.00725410389495543
ZNF787	0.433423093919777	-0.00910873962066146	0.99850355776877	-0.00910873962066146
TMEM62	0.433514795364013	0.00620103780565665	0.99850355776877	0.00620103780565665
ZFPL1	0.433646992804043	0.00770064179835942	0.99850355776877	0.00770064179835942
PRDX4	0.433650480057006	-0.0127993839132341	0.99850355776877	-0.0127993839132341
FAM222A-AS1	0.433885816438594	-0.0124636351968163	0.99850355776877	-0.0124636351968163
CADM2	0.433971738955215	-0.00295348030248928	0.99850355776877	-0.00295348030248928
TMEM9B	0.434031723038338	0.00952819980495414	0.99850355776877	0.00952819980495414
ATOX1	0.434215521476889	0.00705447533759538	0.99850355776877	0.00705447533759538
LTO1	0.434250726386398	-0.006009391207546	0.99850355776877	-0.006009391207546
CNOT8	0.434437079044016	-0.00783182732083181	0.99850355776877	-0.00783182732083181
PNPLA7	0.434571959560403	-0.0073986066987175	0.99850355776877	-0.0073986066987175
RPA1	0.434725086214461	-0.00588384597069336	0.99850355776877	-0.00588384597069336
AC098829.1	0.434756307719705	0.00873574378060372	0.99850355776877	0.00873574378060372
DDX42	0.434773311841929	0.00683269518873459	0.99850355776877	0.00683269518873459
HIST1H2BC	0.43477481693033	0.0107774060382368	0.99850355776877	0.0107774060382368
MRPS18C	0.434891619490514	0.00948114517632768	0.99850355776877	0.00948114517632768
FAM120C	0.435026350302886	-0.00603713218421078	0.99850355776877	-0.00603713218421078
PPP2R3C	0.435064320589198	0.00423101675645409	0.99850355776877	0.00423101675645409
CCDC127	0.435075221951259	0.0106093828531707	0.99850355776877	0.0106093828531707
RBM41	0.435087385426849	-0.00552195358184663	0.99850355776877	-0.00552195358184663
TTC12	0.435116014712145	0.00924197741573763	0.99850355776877	0.00924197741573763
TMED3	0.435130280768086	0.00833974799267662	0.99850355776877	0.00833974799267662
PLOD1	0.435347187119854	0.00742422491474008	0.99850355776877	0.00742422491474008
PCSK6	0.435558603433436	-0.0032397809797922	0.99850355776877	-0.0032397809797922
AC011997.1	0.435637666228471	-0.00749904022133059	0.99850355776877	-0.00749904022133059
ECHDC2	0.43583508561779	0.01441954384408	0.99850355776877	0.01441954384408
RNF169	0.435835277905642	-0.00425751302342707	0.99850355776877	-0.00425751302342707
POMZP3	0.435844317320479	0.0102705530470719	0.99850355776877	0.0102705530470719
WTAP	0.435915031079425	-0.00496461006378173	0.99850355776877	-0.00496461006378173
ANKAR	0.435980502505391	0.00424796695041989	0.99850355776877	0.00424796695041989
HYOU1	0.436073539218859	0.0122053963339195	0.99850355776877	0.0122053963339195
FANCI	0.436277479082009	-0.015185633543375	0.99850355776877	-0.015185633543375
KXD1	0.436423598282275	0.00741687284326002	0.99850355776877	0.00741687284326002
CHD2	0.436423702479946	-0.00363903350851644	0.99850355776877	-0.00363903350851644
NOC3L	0.436494455472352	0.00829861206900182	0.99850355776877	0.00829861206900182
FAM229A	0.436511657819511	-0.0109279872614863	0.99850355776877	-0.0109279872614863
MFSD14B	0.436567885713767	0.00589183430851434	0.99850355776877	0.00589183430851434
KLHL8	0.436576018756969	0.00673774087495211	0.99850355776877	0.00673774087495211
PDE1A	0.436583412033983	0.00798207692082072	0.99850355776877	0.00798207692082072
ECPAS	0.436612200412306	0.00313842371114406	0.99850355776877	0.00313842371114406
CORO7	0.436632945116313	0.00458036807052719	0.99850355776877	0.00458036807052719
AGTRAP	0.436646765158722	0.0128881910992161	0.99850355776877	0.0128881910992161
NKAIN2	0.436698093632745	-0.00275807749343456	0.99850355776877	-0.00275807749343456
ANKRD13B	0.436870774150369	0.00822320171156122	0.99850355776877	0.00822320171156122
COX19	0.436953462382594	0.00597558036003541	0.99850355776877	0.00597558036003541
LINC00882	0.437010488635904	0.00410608908788115	0.99850355776877	0.00410608908788115
COPRS	0.437044220163567	-0.01622162354334	0.99850355776877	-0.01622162354334
AC027601.6	0.437071276787584	-0.0137269801691887	0.99850355776877	-0.0137269801691887
CCNDBP1	0.437141361151279	-0.00840141412856254	0.99850355776877	-0.00840141412856254
LUC7L2	0.43716297660164	-0.0041739908376108	0.99850355776877	-0.0041739908376108
INSYN2B	0.437307518557292	0.00405822907795173	0.99850355776877	0.00405822907795173
NPIPB5	0.437325483563481	0.00672681860051914	0.99850355776877	0.00672681860051914
SCAI	0.437332757135336	0.00653386036818153	0.99850355776877	0.00653386036818153
PUS1	0.43737644045724	0.00836165696889146	0.99850355776877	0.00836165696889146
EXD2	0.437380334288717	0.00835246627874399	0.99850355776877	0.00835246627874399
SKP2	0.437420403134979	0.00855838650026176	0.99850355776877	0.00855838650026176
HS3ST5	0.437636515860782	0.00429751875698451	0.99850355776877	0.00429751875698451
C11orf71	0.437703937592283	0.0108467777771016	0.99850355776877	0.0108467777771016
ZNF365	0.437815303767396	-0.00486408472213955	0.99850355776877	-0.00486408472213955
PRKCI	0.437959358031039	-0.00655633460087872	0.99850355776877	-0.00655633460087872
FAM50A	0.437984559431736	-0.00486817421932289	0.99850355776877	-0.00486817421932289
PPP2R1B	0.438061114777661	-0.00516266273530424	0.99850355776877	-0.00516266273530424
CYP46A1	0.43815929572837	-0.012457108846917	0.99850355776877	-0.012457108846917
SPECC1	0.438345188552977	-0.0046528892002434	0.99850355776877	-0.0046528892002434
UQCR11	0.438445152450708	0.0103257787606877	0.99850355776877	0.0103257787606877
LARP4	0.438459557286545	-0.00537123915012125	0.99850355776877	-0.00537123915012125
L3HYPDH	0.438487735612486	-0.0112510765313447	0.99850355776877	-0.0112510765313447
UBR7	0.438522056755498	-0.00712821713579952	0.99850355776877	-0.00712821713579952
CTSD	0.438671299384734	0.00675728731018785	0.99850355776877	0.00675728731018785
VPS52	0.438749367660423	0.00695801972857896	0.99850355776877	0.00695801972857896
GDPD1	0.438897753319561	0.00594006572251244	0.99850355776877	0.00594006572251244
USP44	0.438904606639239	0.0112354089416603	0.99850355776877	0.0112354089416603
TPRA1	0.439518914540725	-0.00931339404757141	0.99850355776877	-0.00931339404757141
NFKBIL1	0.439602295157846	0.0136695047547288	0.99850355776877	0.0136695047547288
DHX36	0.439607823000094	0.00485306323891117	0.99850355776877	0.00485306323891117
AL691432.2	0.439629650306128	0.0118911623410508	0.99850355776877	0.0118911623410508
ZNF738	0.439655471512071	-0.00698643201507724	0.99850355776877	-0.00698643201507724
TEX14	0.43970010900216	-0.0109690927883002	0.99850355776877	-0.0109690927883002
SLC39A9	0.439753944132322	-0.00537549894284869	0.99850355776877	-0.00537549894284869
PPM1K	0.439773063784862	0.00567539617533893	0.99850355776877	0.00567539617533893
MKNK1	0.439853295576595	-0.0170179521854257	0.99850355776877	-0.0170179521854257
NOP58	0.440077434333509	0.00591137828102503	0.99850355776877	0.00591137828102503
AC010359.3	0.440381757992899	-0.00704164634719045	0.99850355776877	-0.00704164634719045
ARAF	0.440431244505448	-0.010706202088264	0.99850355776877	-0.010706202088264
XIST	0.440540030282115	0.0106723326474869	0.99850355776877	0.0106723326474869
GTF2H3	0.440581545721127	0.00641124322948176	0.99850355776877	0.00641124322948176
SOS2	0.440616386973734	0.00340944107040773	0.99850355776877	0.00340944107040773
SVIP	0.440894660528008	0.00522565169488037	0.99850355776877	0.00522565169488037
WHRN	0.440963238049059	0.00443397005733156	0.99850355776877	0.00443397005733156
ADGRV1	0.441007605649115	-0.0155016420613875	0.99850355776877	-0.0155016420613875
APOLD1	0.441085526773609	0.00564809556515362	0.99850355776877	0.00564809556515362
LUZP2	0.441086894487658	-0.0160337249146654	0.99850355776877	-0.0160337249146654
PRKG1	0.441291303064998	0.015487306683628	0.99850355776877	0.015487306683628
MLEC	0.441375908283666	0.00628310133468263	0.99850355776877	0.00628310133468263
CYB5A	0.441466942944709	-0.0104815270625043	0.99850355776877	-0.0104815270625043
ATF7	0.441479487159114	0.00359053447685847	0.99850355776877	0.00359053447685847
MATR3-1	0.441643812093284	-0.0138849210926913	0.99850355776877	-0.0138849210926913
ZC3H12B	0.441658755846204	-0.00526508309689202	0.99850355776877	-0.00526508309689202
HOGA1	0.441907712197171	0.00985110511624881	0.99850355776877	0.00985110511624881
DIS3	0.4419567532578	-0.00668332281764633	0.99850355776877	-0.00668332281764633
AL160254.1	0.441988891519228	-0.0145902264645726	0.99850355776877	-0.0145902264645726
SS18L1	0.442033087754702	0.00660162893116684	0.99850355776877	0.00660162893116684
ZBTB49	0.442092573653184	-0.011209860506839	0.99850355776877	-0.011209860506839
SNX25	0.442096802796847	-0.00676385927302694	0.99850355776877	-0.00676385927302694
PIK3R2	0.442303132568618	0.0103137642309463	0.99850355776877	0.0103137642309463
PPP1R7	0.442323330888404	-0.0069729318426833	0.99850355776877	-0.0069729318426833
RNASEK	0.442354176056269	0.0119310333883324	0.99850355776877	0.0119310333883324
TNFRSF6B	0.442606546267841	0.0138480933944633	0.99850355776877	0.0138480933944633
HSP90AA1	0.442801530122218	0.00492743215006811	0.99850355776877	0.00492743215006811
SV2A	0.442818725526311	-0.0135656388783303	0.99850355776877	-0.0135656388783303
MRPS7	0.442841129916505	-0.0122373522008532	0.99850355776877	-0.0122373522008532
ADAM32	0.442843664421244	-0.0113203946413767	0.99850355776877	-0.0113203946413767
KLF7	0.442959086929682	0.00383919964549345	0.99850355776877	0.00383919964549345
WDR48	0.442979025766313	0.00589791119773629	0.99850355776877	0.00589791119773629
TAF1D	0.443060903525375	-0.00429406412784475	0.99850355776877	-0.00429406412784475
HERC3	0.443210845657783	-0.00376356505544497	0.99850355776877	-0.00376356505544497
PNPT1	0.443329602968947	-0.00406717558126152	0.99850355776877	-0.00406717558126152
SYNDIG1	0.44337283610342	0.0036890857673321	0.99850355776877	0.0036890857673321
BTBD10	0.44368505037779	0.00792620452527582	0.99850355776877	0.00792620452527582
CDC42EP4	0.443799889136949	-0.0113109893456061	0.99850355776877	-0.0113109893456061
FOXRED1	0.443999378114096	-0.00707108226150761	0.99850355776877	-0.00707108226150761
PFDN2	0.444021787031968	0.00858526203933654	0.99850355776877	0.00858526203933654
NSMCE4A	0.444146720450173	-0.00797151887677886	0.99850355776877	-0.00797151887677886
ZFAT	0.444257415193284	0.00805200513300395	0.99850355776877	0.00805200513300395
SLIRP	0.444472047611885	0.00558256810454155	0.99850355776877	0.00558256810454155
PRKCB	0.444614928304746	-0.00872736292136145	0.99850355776877	-0.00872736292136145
FBXO22	0.445007178838373	0.00564793873883545	0.99850355776877	0.00564793873883545
MREG	0.445024056290227	0.0107354555049958	0.99850355776877	0.0107354555049958
TMEM231	0.445166362153678	-0.0133474962296426	0.99850355776877	-0.0133474962296426
AC137494.1	0.445426845473991	-0.00892621045876687	0.99850355776877	-0.00892621045876687
FKRP	0.445652146023831	-0.00835052059344477	0.99850355776877	-0.00835052059344477
UNK	0.445782205625063	0.00520816954428569	0.99850355776877	0.00520816954428569
ELAVL1	0.445808586360703	-0.00452770242537501	0.99850355776877	-0.00452770242537501
RECK	0.445845991256727	-0.00424735085115254	0.99850355776877	-0.00424735085115254
ZFP30	0.445906324596718	0.00565100781720963	0.99850355776877	0.00565100781720963
HSDL1	0.445990291704598	-0.0092546731458114	0.99850355776877	-0.0092546731458114
DBF4B	0.445990700959994	0.00696108278402477	0.99850355776877	0.00696108278402477
HIF1A	0.446020399978784	0.00666365625180571	0.99850355776877	0.00666365625180571
RBM10	0.446121330111882	-0.0050728085786739	0.99850355776877	-0.0050728085786739
JPX	0.446221818143579	-0.00246832644627544	0.99850355776877	-0.00246832644627544
DBR1	0.446260058281172	-0.0115741652238081	0.99850355776877	-0.0115741652238081
ALDH6A1	0.446567567871561	0.00602254882654547	0.99850355776877	0.00602254882654547
CORO1B	0.446712377070519	-0.0125651937772568	0.99850355776877	-0.0125651937772568
PWWP3A	0.446886484778093	0.00373534468012694	0.99850355776877	0.00373534468012694
XBP1	0.446915918872768	0.0131009365975583	0.99850355776877	0.0131009365975583
NDUFS5	0.446970779683508	-0.0137125920791755	0.99850355776877	-0.0137125920791755
MED6	0.447293420242514	0.00845564042273072	0.99850355776877	0.00845564042273072
RBP1	0.447431362521824	0.0102761680838253	0.99850355776877	0.0102761680838253
FTX	0.447505069182608	-0.00246233614358638	0.99850355776877	-0.00246233614358638
DNAJC18	0.447558295671629	0.00520748414069305	0.99850355776877	0.00520748414069305
TRIM9	0.44759214205686	-0.00386189516102595	0.99850355776877	-0.00386189516102595
MLF2	0.447664707778659	0.0115526114620445	0.99850355776877	0.0115526114620445
TNK2	0.447944376306413	-0.00483366545138366	0.99850355776877	-0.00483366545138366
ELOVL6	0.447960806840092	0.0060246924015585	0.99850355776877	0.0060246924015585
COX5B	0.447962119169566	-0.0127091008991648	0.99850355776877	-0.0127091008991648
PRIMA1	0.448028088269549	0.00521502389070451	0.99850355776877	0.00521502389070451
CCDC112	0.448098004379271	0.00543679692643353	0.99850355776877	0.00543679692643353
VDAC3	0.448137554475549	-0.00926768922106411	0.99850355776877	-0.00926768922106411
MT-ATP8	0.448155667498656	0.00890615907025891	0.99850355776877	0.00890615907025891
ENPP2	0.448173843897683	0.00289276644143311	0.99850355776877	0.00289276644143311
EGLN1	0.448294069467257	0.00444463384499062	0.99850355776877	0.00444463384499062
ZNF140	0.448424130550601	-0.00913224134906888	0.99850355776877	-0.00913224134906888
LINC02821	0.448544552114775	-0.00860636268758075	0.99850355776877	-0.00860636268758075
MMS22L	0.448571653618705	-0.00633779959405149	0.99850355776877	-0.00633779959405149
TCF25	0.448651560415472	-0.00376807128733762	0.99850355776877	-0.00376807128733762
ACSL1	0.448687274450724	-0.00523290679800517	0.99850355776877	-0.00523290679800517
BAZ1B	0.448700155386576	-0.0047632403834079	0.99850355776877	-0.0047632403834079
CCPG1	0.448722183108535	0.00689836354760815	0.99850355776877	0.00689836354760815
ZFYVE16	0.448753226096762	0.00412619948508273	0.99850355776877	0.00412619948508273
CUEDC1	0.448784636336602	0.00380192695816488	0.99850355776877	0.00380192695816488
FAM174C	0.448795254289422	-0.0100076073264773	0.99850355776877	-0.0100076073264773
KRCC1	0.448858668239423	0.00437117840734222	0.99850355776877	0.00437117840734222
PKNOX1	0.448899233520771	0.00481132524745349	0.99850355776877	0.00481132524745349
RPN2	0.448927930320901	0.00608844308017058	0.99850355776877	0.00608844308017058
CCDC122	0.448932968412462	-0.00531394156971417	0.99850355776877	-0.00531394156971417
CNOT3	0.449025267833789	0.00763573875320789	0.99850355776877	0.00763573875320789
PXMP4	0.449120226410263	0.00721625695880394	0.99850355776877	0.00721625695880394
AC005821.1	0.4493536871781	-0.0115667353945431	0.99850355776877	-0.0115667353945431
VPS26A	0.449399869274181	0.00518261248614233	0.99850355776877	0.00518261248614233
CLEC16A	0.449506958195191	-0.00412205211746536	0.99850355776877	-0.00412205211746536
SUCLG1	0.449510797612538	0.00603981799432403	0.99850355776877	0.00603981799432403
TVP23B	0.449670752496454	-0.0097113498071009	0.99850355776877	-0.0097113498071009
ABRAXAS1	0.449714441590694	-0.0110493940963822	0.99850355776877	-0.0110493940963822
CNOT7	0.449804360606111	0.00899419458854758	0.99850355776877	0.00899419458854758
IFT46	0.449844984203792	-0.00896505818412773	0.99850355776877	-0.00896505818412773
SEC14L1	0.449861053921347	-0.00488766425121142	0.99850355776877	-0.00488766425121142
ADAR	0.449873854523183	0.00440458489367361	0.99850355776877	0.00440458489367361
AC114971.1	0.449915280875542	0.00745994198138865	0.99850355776877	0.00745994198138865
CALN1	0.449989222241774	-0.00717579924818159	0.99850355776877	-0.00717579924818159
EFCAB2	0.450040631842833	-0.00350274170935231	0.99850355776877	-0.00350274170935231
AC239809.3	0.450064853507581	-0.00854489540027776	0.99850355776877	-0.00854489540027776
DACT3-AS1	0.450065438797507	0.0124969329986392	0.99850355776877	0.0124969329986392
EMC7	0.450086242651457	0.00968381211448623	0.99850355776877	0.00968381211448623
METTL8	0.45015380672113	-0.00575199465073574	0.99850355776877	-0.00575199465073574
BIRC2	0.450273487753422	0.00569911914001192	0.99850355776877	0.00569911914001192
ZNF32	0.450411812996382	0.00653956552049323	0.99850355776877	0.00653956552049323
ACAP3	0.450449927475586	0.0043906452659858	0.99850355776877	0.0043906452659858
TMEM41B	0.450591621513776	0.00448886391815722	0.99850355776877	0.00448886391815722
CCDC43	0.450658938445776	-0.0128015063775454	0.99850355776877	-0.0128015063775454
LTBP1	0.450815880766904	0.00628846677809153	0.99850355776877	0.00628846677809153
OSBPL6	0.450895231709415	0.016041997213092	0.99850355776877	0.016041997213092
SESTD1	0.450962924348413	0.00340350148557294	0.99850355776877	0.00340350148557294
LRRTM4	0.450964293902081	0.0140977060515448	0.99850355776877	0.0140977060515448
APLP1	0.451011031660998	0.00487008721821051	0.99850355776877	0.00487008721821051
STAG2	0.451085766465166	-0.00324550839716989	0.99850355776877	-0.00324550839716989
RAB29	0.451145824105341	0.0107634624493207	0.99850355776877	0.0107634624493207
SF3B3	0.45129213853963	0.00503332768723884	0.99850355776877	0.00503332768723884
ERV3-1	0.451393025490478	0.0114531902107523	0.99850355776877	0.0114531902107523
ALKBH5	0.4514434831668	-0.0053631174222265	0.99850355776877	-0.0053631174222265
NEURL1B	0.451516769343315	-0.00789230241758822	0.99850355776877	-0.00789230241758822
HEPH	0.451557412441017	0.00782843293553005	0.99850355776877	0.00782843293553005
TMEM53	0.451895366239407	-0.0106719090390335	0.99850355776877	-0.0106719090390335
STMN4	0.451917732505806	0.00769643313254775	0.99850355776877	0.00769643313254775
ACTN1	0.452077414804209	0.0167680612662053	0.99850355776877	0.0167680612662053
CDIP1	0.452155497802024	0.00918338749105169	0.99850355776877	0.00918338749105169
CNDP1	0.452267593326291	-0.00411086716877548	0.99850355776877	-0.00411086716877548
OTUD5	0.452286133191267	0.00533752220869387	0.99850355776877	0.00533752220869387
HAX1	0.452328146593278	0.0126339871683529	0.99850355776877	0.0126339871683529
ZADH2	0.452390373484265	-0.00993291086268477	0.99850355776877	-0.00993291086268477
IFRD2	0.452427427934653	0.0114013300960956	0.99850355776877	0.0114013300960956
HDAC6	0.452473737558186	0.0058856260229417	0.99850355776877	0.0058856260229417
ALG2	0.452627558644851	-0.0103049538981004	0.99850355776877	-0.0103049538981004
CENPC	0.452697931354556	0.00467608193246151	0.99850355776877	0.00467608193246151
FAM71F2	0.452705521278796	0.0112072916137291	0.99850355776877	0.0112072916137291
SNRPB2	0.452950463664789	0.0100010825921041	0.99850355776877	0.0100010825921041
SPOCK2	0.453243215207094	-0.0162812802458815	0.99850355776877	-0.0162812802458815
PPP1R12B	0.453355387132113	-0.00282017719559425	0.99850355776877	-0.00282017719559425
BCL2L2-PABPN1	0.453399285286874	0.00879715318742858	0.99850355776877	0.00879715318742858
EFHC1	0.453462578378854	-0.00670665051028057	0.99850355776877	-0.00670665051028057
UAP1L1	0.453610443320248	0.00828943346891707	0.99850355776877	0.00828943346891707
WASHC5	0.453706342467724	-0.00371199257559138	0.99850355776877	-0.00371199257559138
INTS8	0.453718988830607	0.0053468422384946	0.99850355776877	0.0053468422384946
SF3B1	0.453822205096538	0.00320559044032485	0.99850355776877	0.00320559044032485
C4orf3	0.454079898876382	0.0107800120784614	0.99850355776877	0.0107800120784614
TXN2	0.454105531517123	-0.00923632446080957	0.99850355776877	-0.00923632446080957
PSMA6	0.454125043426075	0.00574385179622154	0.99850355776877	0.00574385179622154
CCDC85C	0.454127902052176	-0.00817658552246496	0.99850355776877	-0.00817658552246496
LARS2	0.454315200596586	0.0058207684666298	0.99850355776877	0.0058207684666298
C16orf70	0.454583262010791	0.00457339565597772	0.99850355776877	0.00457339565597772
ZNF568	0.454656264119768	-0.00587263243980374	0.99850355776877	-0.00587263243980374
PCCA-DT	0.454840818501618	-0.00919233912212924	0.99850355776877	-0.00919233912212924
NAMPT	0.454863120924613	0.00869017905059833	0.99850355776877	0.00869017905059833
CCDC3	0.45492495322114	-0.00949177466251649	0.99850355776877	-0.00949177466251649
ZDHHC24	0.454932240012471	-0.00863654536881872	0.99850355776877	-0.00863654536881872
PINX1	0.454980393016518	-0.00903636373238552	0.99850355776877	-0.00903636373238552
SEC24C	0.454997986133167	-0.00568081320596329	0.99850355776877	-0.00568081320596329
FBXL20	0.455070196184654	-0.00365633353047191	0.99850355776877	-0.00365633353047191
MRPL52	0.455089591154075	-0.0105023401578978	0.99850355776877	-0.0105023401578978
SMAD1	0.455105245592519	-0.00855938605132393	0.99850355776877	-0.00855938605132393
WDTC1	0.455116929307496	0.00492921834676958	0.99850355776877	0.00492921834676958
YIF1B	0.455426475200432	0.00681029630298693	0.99850355776877	0.00681029630298693
GULP1	0.455471957617969	-0.0218593778066624	0.99850355776877	-0.0218593778066624
STX18-AS1	0.455497465054607	-0.00524421619530037	0.99850355776877	-0.00524421619530037
ABCB10	0.455519792348409	-0.00579474035590948	0.99850355776877	-0.00579474035590948
CRIPT	0.455679235664623	0.00792183188995476	0.99850355776877	0.00792183188995476
CIAO3	0.455688532967779	0.00872478296722819	0.99850355776877	0.00872478296722819
TCTN1	0.455697550571107	-0.00950152233712688	0.99850355776877	-0.00950152233712688
SYT16	0.455702945731851	0.0143912176684954	0.99850355776877	0.0143912176684954
PDSS2	0.455712684191085	0.00408847135869939	0.99850355776877	0.00408847135869939
WDR55	0.455753300239779	-0.011927885992015	0.99850355776877	-0.011927885992015
AKT1	0.455779836813817	0.00681559348679609	0.99850355776877	0.00681559348679609
SMURF2	0.455841253837945	0.00447695739279823	0.99850355776877	0.00447695739279823
HNRNPR	0.456177240223285	0.00422038204146825	0.99850355776877	0.00422038204146825
ASTN1	0.45653320259663	0.0131695838102949	0.99850355776877	0.0131695838102949
HSD17B11	0.456694804107369	0.00790688107088065	0.99850355776877	0.00790688107088065
ATF7IP	0.456892164377094	0.00347965869996689	0.99850355776877	0.00347965869996689
FGFR1	0.45701810593025	0.0113619759905242	0.99850355776877	0.0113619759905242
FAAH2	0.457038093092478	-0.0095509818211761	0.99850355776877	-0.0095509818211761
ZNF488	0.457058680415597	0.0093801480848706	0.99850355776877	0.0093801480848706
RGS6	0.457092723436634	0.0142817305887881	0.99850355776877	0.0142817305887881
ARMC5	0.457319213497289	0.013612053322385	0.99850355776877	0.013612053322385
TRPV1	0.457616118622393	0.0064527253223914	0.99850355776877	0.0064527253223914
TLK2	0.457789750039865	0.00420601237711654	0.99850355776877	0.00420601237711654
VSTM2B	0.457803768858377	0.00506116779333011	0.99850355776877	0.00506116779333011
PRAF2	0.457856833492153	0.00971366473935567	0.99850355776877	0.00971366473935567
ZBTB16	0.457899955005879	-0.00384961205855677	0.99850355776877	-0.00384961205855677
SNTB2	0.458175496260651	-0.0088108931610664	0.99850355776877	-0.0088108931610664
VEGFD	0.45818063057357	-0.0103453609069599	0.99850355776877	-0.0103453609069599
EWSR1	0.458192582741529	0.00486243112464299	0.99850355776877	0.00486243112464299
RUNDC3A	0.458298171535497	0.0165712893369316	0.99850355776877	0.0165712893369316
JUP	0.45840127949578	0.00644718896354146	0.99850355776877	0.00644718896354146
ZBED4	0.458427299558495	-0.00765676038512544	0.99850355776877	-0.00765676038512544
SPSB3	0.458436962333536	0.00808943535057479	0.99850355776877	0.00808943535057479
TMOD3	0.458445815776418	-0.00657715618225146	0.99850355776877	-0.00657715618225146
ATP13A3	0.458484386820416	-0.00548904954732872	0.99850355776877	-0.00548904954732872
CISD2	0.458487479990702	-0.00865918318205837	0.99850355776877	-0.00865918318205837
KANSL1L	0.458839056455611	-0.00380040700476669	0.99850355776877	-0.00380040700476669
FDFT1	0.458850125203231	-0.0044020238891611	0.99850355776877	-0.0044020238891611
HSPBAP1	0.458887981410719	0.0062923631994584	0.99850355776877	0.0062923631994584
HHATL	0.459060078656177	0.00471454294068693	0.99850355776877	0.00471454294068693
AC104170.1	0.459180608639345	-0.0110039692505545	0.99850355776877	-0.0110039692505545
NDN	0.459209390928519	-0.0167224434318603	0.99850355776877	-0.0167224434318603
EDA	0.459242321654004	0.00536893528574822	0.99850355776877	0.00536893528574822
BZW1	0.459378200512273	-0.0100731559186223	0.99850355776877	-0.0100731559186223
DNAJC9	0.459545218594315	0.00457622386892951	0.99850355776877	0.00457622386892951
PEX6	0.45961545915742	-0.00623421037087384	0.99850355776877	-0.00623421037087384
AL117335.1	0.459789760469395	0.0123979750490511	0.99850355776877	0.0123979750490511
SLC26A6	0.459914618576187	0.012315732723574	0.99850355776877	0.012315732723574
CASP8AP2	0.460346953191366	0.00541834702950958	0.99850355776877	0.00541834702950958
CDK7	0.460434965328521	0.00967500873298108	0.99850355776877	0.00967500873298108
MEG8	0.460573017635682	-0.0162245536665866	0.99850355776877	-0.0162245536665866
MTM1	0.460579930424748	-0.00540141989927637	0.99850355776877	-0.00540141989927637
FAM182A	0.460592131617786	-0.0137040348953124	0.99850355776877	-0.0137040348953124
CYP4V2	0.460592991653308	0.00653497452579877	0.99850355776877	0.00653497452579877
ZNF134	0.4606203179052	0.0112731981147144	0.99850355776877	0.0112731981147144
PTPN13	0.460681144318565	0.00443977186544959	0.99850355776877	0.00443977186544959
USP30	0.460714535541044	0.00487454180437015	0.99850355776877	0.00487454180437015
H1FX	0.460892317402725	-0.0114007353742024	0.99850355776877	-0.0114007353742024
HID1	0.460915814483928	-0.00430781754139585	0.99850355776877	-0.00430781754139585
ACACA	0.461033324657065	0.00306634428205103	0.99850355776877	0.00306634428205103
ZNF181	0.461041334065171	0.00945853259988938	0.99850355776877	0.00945853259988938
UBQLN2	0.461217664435926	0.00836506786003592	0.99850355776877	0.00836506786003592
FAM219B	0.461228902152905	0.00898574352096646	0.99850355776877	0.00898574352096646
DYRK4	0.461413346740163	0.0101157708238598	0.99850355776877	0.0101157708238598
LRCH3	0.461614437298997	0.00270231405756257	0.99850355776877	0.00270231405756257
FILIP1L	0.461740563006033	-0.0121763200419973	0.99850355776877	-0.0121763200419973
RAB14	0.461760129081061	0.00543736482447697	0.99850355776877	0.00543736482447697
AC138649.1	0.461837100540258	-0.0134613675338507	0.99850355776877	-0.0134613675338507
TOP2B	0.461907672038024	-0.00428031506521168	0.99850355776877	-0.00428031506521168
EFNA1	0.462000675815784	-0.00717215738231878	0.99850355776877	-0.00717215738231878
MOSPD3	0.462028358033637	0.0111996379722242	0.99850355776877	0.0111996379722242
NUAK1	0.462061766848901	0.00446024109481544	0.99850355776877	0.00446024109481544
SMAD4	0.462081667857462	-0.00394759720124554	0.99850355776877	-0.00394759720124554
LMBRD1	0.46209939070613	0.0042127249400272	0.99850355776877	0.0042127249400272
XYLB	0.462225970341209	0.00830540137618741	0.99850355776877	0.00830540137618741
ASTN2	0.462326442337983	-0.00356956972772741	0.99850355776877	-0.00356956972772741
CSRNP3	0.462458163291474	0.0103977945859805	0.99850355776877	0.0103977945859805
PPIF	0.462663909430496	0.0130384182496708	0.99850355776877	0.0130384182496708
ARL6IP6	0.462683428865566	0.00543156822651219	0.99850355776877	0.00543156822651219
ZNF778	0.462723371282266	-0.00956669410409826	0.99850355776877	-0.00956669410409826
ZNF263	0.462818216729946	0.00869333860325219	0.99850355776877	0.00869333860325219
CCDC149	0.462848178748042	0.00669781797794574	0.99850355776877	0.00669781797794574
GAK	0.462970224190175	-0.00522059591606659	0.99850355776877	-0.00522059591606659
MOSMO	0.463263420063566	0.00402297020183323	0.99850355776877	0.00402297020183323
AL031651.2	0.463330693177138	0.013527843884729	0.99850355776877	0.013527843884729
FAM185A	0.463529936372076	-0.00638907419244835	0.99850355776877	-0.00638907419244835
MYH10	0.463742560568739	0.018683045224688	0.99850355776877	0.018683045224688
AC008124.1	0.463792074416535	0.00564494563390701	0.99850355776877	0.00564494563390701
ZNF566	0.463802463666713	0.00564494029627144	0.99850355776877	0.00564494029627144
EFCAB13	0.464011805216505	-0.0127206007361336	0.99850355776877	-0.0127206007361336
TLCD4	0.464026593083661	-0.0107342760270295	0.99850355776877	-0.0107342760270295
MIGA1	0.464119503021782	-0.00286413363011557	0.99850355776877	-0.00286413363011557
ZMAT1	0.464248802321089	0.0047570781407933	0.99850355776877	0.0047570781407933
EFR3A	0.464395227432405	0.00677214253893001	0.99850355776877	0.00677214253893001
TBCEL	0.464737605557353	0.00651068725826611	0.99850355776877	0.00651068725826611
QRICH2	0.464756414706468	-0.00991409130522684	0.99850355776877	-0.00991409130522684
AC079447.1	0.465040537347942	0.00395241457439874	0.99850355776877	0.00395241457439874
RAP1GDS1	0.465173281805987	0.0028310927843813	0.99850355776877	0.0028310927843813
UBE3D	0.465220173584531	0.00473682645629426	0.99850355776877	0.00473682645629426
XIAP	0.465478164845984	-0.00388312969307368	0.99850355776877	-0.00388312969307368
VSNL1	0.465482508094015	0.0155082997425587	0.99850355776877	0.0155082997425587
KIAA0319L	0.465519221036869	0.00385229835868318	0.99850355776877	0.00385229835868318
CMAS	0.465670180741885	-0.00844859240355521	0.99850355776877	-0.00844859240355521
PRRG1	0.465717475102187	0.00312046300799901	0.99850355776877	0.00312046300799901
PSEN1	0.466171096280171	0.00316624766552759	0.99850355776877	0.00316624766552759
ZC3H15	0.466303776938774	0.00689939405660427	0.99850355776877	0.00689939405660427
MBD1	0.466476920449802	-0.00715245981434459	0.99850355776877	-0.00715245981434459
RILPL1	0.466657634000164	-0.0043664176649641	0.99850355776877	-0.0043664176649641
KLHL20	0.466683878020187	0.00477001540464266	0.99850355776877	0.00477001540464266
UBL5	0.466698212250488	0.0121982246837003	0.99850355776877	0.0121982246837003
RPL18A	0.466757084299656	0.00970916515616869	0.99850355776877	0.00970916515616869
SYT9	0.466757444611502	-0.00384156932137478	0.99850355776877	-0.00384156932137478
KLRG1	0.466997898390554	-0.00784022612850903	0.99850355776877	-0.00784022612850903
COBL	0.467045051685567	-0.00263456187218976	0.99850355776877	-0.00263456187218976
MLX	0.467047195677672	-0.0128694104878802	0.99850355776877	-0.0128694104878802
SPNS2	0.467129934874623	0.00366976026254399	0.99850355776877	0.00366976026254399
SMG7	0.467266841132266	-0.00391349062617608	0.99850355776877	-0.00391349062617608
MTBP	0.467278965287127	-0.0092338337851924	0.99850355776877	-0.0092338337851924
MAGI3	0.467603196814978	-0.0159164269657294	0.99850355776877	-0.0159164269657294
INTS7	0.467739245687253	-0.00544227398729457	0.99850355776877	-0.00544227398729457
RPS15A	0.467895765139803	-0.00982544206728324	0.99850355776877	-0.00982544206728324
SMOX	0.467898391072221	0.00985348101205009	0.99850355776877	0.00985348101205009
METTL17	0.468132459426608	0.00707058486465939	0.99850355776877	0.00707058486465939
LSM3	0.468156991572292	0.0120521047338736	0.99850355776877	0.0120521047338736
DCUN1D2	0.468482044897844	0.00493958767614763	0.99850355776877	0.00493958767614763
ZSCAN18	0.468573116696161	-0.0050643984155963	0.99850355776877	-0.0050643984155963
ICMT	0.468678357031332	0.0109862184486542	0.99850355776877	0.0109862184486542
LINC00205	0.468881433044778	0.0110302893647755	0.99850355776877	0.0110302893647755
BRI3BP	0.468989295930686	-0.00652941220439356	0.99850355776877	-0.00652941220439356
ANKRD40	0.469033174716802	0.00720532777483312	0.99850355776877	0.00720532777483312
DDX31	0.469069564887351	0.00744319984799337	0.99850355776877	0.00744319984799337
ATG10	0.469319268786419	-0.00586749704081181	0.99850355776877	-0.00586749704081181
BEX1	0.469322952150525	-0.0142181905331331	0.99850355776877	-0.0142181905331331
PER1	0.469380143669114	-0.00599293202222983	0.99850355776877	-0.00599293202222983
OFD1	0.469439072105847	-0.00430522873859312	0.99850355776877	-0.00430522873859312
C7orf50	0.469477667268991	-0.00750565521383461	0.99850355776877	-0.00750565521383461
NELFE	0.469563983765077	0.00724199882019569	0.99850355776877	0.00724199882019569
CDC23	0.469640447409788	0.00915220978895698	0.99850355776877	0.00915220978895698
ATP6V1G2	0.469726527168616	0.0170601046266121	0.99850355776877	0.0170601046266121
VMP1	0.469987895371473	0.00329031057693292	0.99850355776877	0.00329031057693292
ITPK1	0.470210835172306	-0.00365740768935923	0.99850355776877	-0.00365740768935923
C2CD6	0.470405084861367	-0.0108284453846653	0.99850355776877	-0.0108284453846653
CXorf56	0.470501597134256	-0.0125675288871351	0.99850355776877	-0.0125675288871351
GRSF1	0.47052013000604	0.00736586930335874	0.99850355776877	0.00736586930335874
DUSP18	0.470637279383444	0.00640107884235422	0.99850355776877	0.00640107884235422
AP003100.2	0.470668996272331	0.00752883338523925	0.99850355776877	0.00752883338523925
PPM1A	0.470670370734074	-0.00587668514943466	0.99850355776877	-0.00587668514943466
EPC1	0.470693491761751	0.00259985953748181	0.99850355776877	0.00259985953748181
ZNF676	0.470716654916294	0.00717638553975176	0.99850355776877	0.00717638553975176
EIF3G	0.47077658321234	0.00756286628546348	0.99850355776877	0.00756286628546348
RNF11	0.470778880256319	0.00760773904271147	0.99850355776877	0.00760773904271147
MT-CO2	0.470896817891983	0.00476047835026122	0.99850355776877	0.00476047835026122
AC025171.2	0.470921051730815	-0.00747646116662115	0.99850355776877	-0.00747646116662115
PHF14	0.470982728970832	0.00293442846510635	0.99850355776877	0.00293442846510635
TASOR	0.47100055163388	0.00363358615511635	0.99850355776877	0.00363358615511635
CARM1	0.471181178614785	-0.00610297889666725	0.99850355776877	-0.00610297889666725
MYL12B	0.471193967212011	0.0118115512284845	0.99850355776877	0.0118115512284845
STX3	0.471225428573185	-0.00791829642067601	0.99850355776877	-0.00791829642067601
RBM7	0.471356807217684	0.0111847075088961	0.99850355776877	0.0111847075088961
OGT	0.471530309164902	-0.00488858151158535	0.99850355776877	-0.00488858151158535
NKAIN1	0.471540794878377	-0.00639725989813528	0.99850355776877	-0.00639725989813528
LIFR-AS1	0.471713666326387	-0.0091585604598676	0.99850355776877	-0.0091585604598676
RPTOR	0.471802920727103	-0.00407035597486579	0.99850355776877	-0.00407035597486579
PHF11	0.471847002978319	-0.00679330148903193	0.99850355776877	-0.00679330148903193
MCRIP1	0.471919268717606	0.00699656470065252	0.99850355776877	0.00699656470065252
KDM6B	0.472242061776916	-0.0134744551553178	0.99850355776877	-0.0134744551553178
ABCD3	0.472514695342739	-0.00448171526935702	0.99850355776877	-0.00448171526935702
NEIL1	0.472554054181301	0.0124920813142472	0.99850355776877	0.0124920813142472
MARK3	0.472608065143188	0.00297981180054663	0.99850355776877	0.00297981180054663
RALGAPA1	0.47261384039171	0.00259834168222355	0.99850355776877	0.00259834168222355
NEGR1	0.472644889697111	0.00863105726876815	0.99850355776877	0.00863105726876815
MIEF1	0.47292805531528	-0.00967483724835575	0.99850355776877	-0.00967483724835575
CD164	0.47298870673901	0.00506260138338961	0.99850355776877	0.00506260138338961
GALNT17	0.473040195160291	-0.0139930866776554	0.99850355776877	-0.0139930866776554
MAPK8	0.47310832350408	-0.00372474809789307	0.99850355776877	-0.00372474809789307
ZNF567	0.473257021550152	-0.00799735669403115	0.99850355776877	-0.00799735669403115
LINC01252	0.473272580482547	-0.0117067769777718	0.99850355776877	-0.0117067769777718
TM9SF2	0.473394410088127	-0.00523316872142645	0.99850355776877	-0.00523316872142645
FAM98B	0.473655467626514	0.00666797102047429	0.99850355776877	0.00666797102047429
FBXL17	0.473680503893068	-0.00508731038698479	0.99850355776877	-0.00508731038698479
AP4M1	0.473707032405621	0.0107821812051089	0.99850355776877	0.0107821812051089
TEX264	0.473723063052197	-0.0101685057519616	0.99850355776877	-0.0101685057519616
BNIP2	0.473727960917617	0.00582501341747664	0.99850355776877	0.00582501341747664
AC073332.1	0.47403295829093	0.0115436311790995	0.99850355776877	0.0115436311790995
MIR762HG	0.474156858777098	0.0128762959630399	0.99850355776877	0.0128762959630399
PARP4	0.474188210044061	0.00551115788172517	0.99850355776877	0.00551115788172517
DGAT1	0.474276766260835	-0.0111177654872269	0.99850355776877	-0.0111177654872269
CA10	0.474320778598264	-0.0156204329968775	0.99850355776877	-0.0156204329968775
KIDINS220	0.47464831018574	0.00257245890881622	0.99850355776877	0.00257245890881622
HEXIM1	0.474726427599281	-0.0134980929175003	0.99850355776877	-0.0134980929175003
ADGRL2	0.475045571823827	0.0148587919370559	0.99850355776877	0.0148587919370559
ZNF343	0.47528260431629	-0.00967629364610898	0.99850355776877	-0.00967629364610898
SLC25A40	0.47544402954175	-0.00771898284931809	0.99850355776877	-0.00771898284931809
PIK3R4	0.475563142296191	-0.00627212031031591	0.99850355776877	-0.00627212031031591
ARMC2	0.475576775585684	0.0101674911542177	0.99850355776877	0.0101674911542177
PRKACA	0.475742819884811	-0.00748213689431806	0.99850355776877	-0.00748213689431806
HCG17	0.475749372003184	-0.00462109502658647	0.99850355776877	-0.00462109502658647
FEM1A	0.476018015497616	0.00689757443454833	0.99850355776877	0.00689757443454833
GPR135	0.476031685675998	-0.00590173449837758	0.99850355776877	-0.00590173449837758
AC006115.2	0.476063913986902	0.00412876613051111	0.99850355776877	0.00412876613051111
GPRASP1	0.476100144547863	-0.012289459280378	0.99850355776877	-0.012289459280378
GAPVD1	0.476302550080815	0.00407426614125257	0.99850355776877	0.00407426614125257
ADNP2	0.476459692841377	-0.0053154266708511	0.99850355776877	-0.0053154266708511
PSME4	0.476660636332879	-0.00322788326633315	0.99850355776877	-0.00322788326633315
GNAO1	0.476671240560364	-0.00251978247335972	0.99850355776877	-0.00251978247335972
ST3GAL3	0.476730268225507	0.0039845690315894	0.99850355776877	0.0039845690315894
RPL10A	0.476828815331024	-0.0109945625583407	0.99850355776877	-0.0109945625583407
KANSL1	0.476876550595357	-0.0032903039703349	0.99850355776877	-0.0032903039703349
AC015983.2	0.476983299536658	-0.00691157931341399	0.99850355776877	-0.00691157931341399
MAP1LC3A	0.477106098185779	0.00715717536626665	0.99850355776877	0.00715717536626665
STRBP	0.477420647765881	0.00923839707611252	0.99850355776877	0.00923839707611252
ARFIP2	0.47749944830859	-0.0108489558500961	0.99850355776877	-0.0108489558500961
MAF	0.477509151475938	0.0142014652737355	0.99850355776877	0.0142014652737355
TRIM46	0.47751882597326	-0.0111183783772381	0.99850355776877	-0.0111183783772381
ZDHHC18	0.477671865201099	0.00864507655076708	0.99850355776877	0.00864507655076708
INTS6-AS1	0.477728058193366	0.00739459628982417	0.99850355776877	0.00739459628982417
NAA16	0.47788750699341	-0.00427849895215005	0.99850355776877	-0.00427849895215005
DUOX1	0.478029943450827	-0.0120496315163091	0.99850355776877	-0.0120496315163091
ATP5F1A	0.478111552401303	0.0102228126209738	0.99850355776877	0.0102228126209738
THAP7	0.478181721986297	-0.0131395671006574	0.99850355776877	-0.0131395671006574
SRPK1	0.478238921530412	-0.00672255368910009	0.99850355776877	-0.00672255368910009
RAB30-DT	0.478295246599029	0.00388174203898579	0.99850355776877	0.00388174203898579
PLEKHA6	0.478531882957162	-0.0108897839546766	0.99850355776877	-0.0108897839546766
APC2	0.478712932064625	-0.00816916599118254	0.99850355776877	-0.00816916599118254
CAMKK2	0.478748977862265	0.00995262662166914	0.99850355776877	0.00995262662166914
CUTC	0.478754455286044	0.00581201461220906	0.99850355776877	0.00581201461220906
NOMO1	0.479166676261975	0.00591946419531063	0.99850355776877	0.00591946419531063
TBC1D15	0.479199669049032	0.00333677300738137	0.99850355776877	0.00333677300738137
MMACHC	0.479242054612753	0.0121195901072566	0.99850355776877	0.0121195901072566
EPHB1	0.479311539134877	-0.0121214825276885	0.99850355776877	-0.0121214825276885
TUG1	0.479350405231463	0.00452566542801804	0.99850355776877	0.00452566542801804
SELENOI	0.479481858633822	-0.00569987297779385	0.99850355776877	-0.00569987297779385
RANBP1	0.47957497935192	0.010012577292131	0.99850355776877	0.010012577292131
WFS1	0.479686336044501	0.013767386200215	0.99850355776877	0.013767386200215
DHRS4-AS1	0.479922365974573	-0.00968770394826283	0.99850355776877	-0.00968770394826283
MANEA	0.480021422296453	0.010048494201144	0.99850355776877	0.010048494201144
SLC25A53	0.480082259887655	0.00558893784889698	0.99850355776877	0.00558893784889698
ITCH	0.480102112036852	0.00294339756387164	0.99850355776877	0.00294339756387164
GAS6	0.480279269918665	-0.0104953028763497	0.99850355776877	-0.0104953028763497
ZSCAN25	0.480322397592915	0.00915711270600311	0.99850355776877	0.00915711270600311
CBWD1	0.480334641530582	-0.007774384374561	0.99850355776877	-0.007774384374561
GLIDR	0.480361803839912	0.0106071700557042	0.99850355776877	0.0106071700557042
OSBPL9	0.480417839437936	-0.00285269471146674	0.99850355776877	-0.00285269471146674
CACNA1E	0.480464352805216	0.0151761807599865	0.99850355776877	0.0151761807599865
CTNNA1	0.480698713862231	0.00337301118344828	0.99850355776877	0.00337301118344828
PDCD10	0.480728292445353	0.00533400777669661	0.99850355776877	0.00533400777669661
ASB16-AS1	0.480889792953782	-0.0101075767310529	0.99850355776877	-0.0101075767310529
ZNF600	0.480919328613602	0.0114452934866933	0.99850355776877	0.0114452934866933
CCDC148	0.480969659267679	0.00963139449977399	0.99850355776877	0.00963139449977399
TMED4	0.481195070528868	-0.00600066644038723	0.99850355776877	-0.00600066644038723
SPEF2	0.481231629523402	-0.0133699019851138	0.99850355776877	-0.0133699019851138
OTUD7A	0.481315431522865	-0.00325060853781545	0.99850355776877	-0.00325060853781545
ZNF780B	0.481398702670882	-0.00525484236067663	0.99850355776877	-0.00525484236067663
SMAD5	0.481460515031731	0.00398330058850118	0.99850355776877	0.00398330058850118
TMED8	0.48150398917483	0.00798256851892454	0.99850355776877	0.00798256851892454
PLXNB1	0.481557832253906	0.00449818964758561	0.99850355776877	0.00449818964758561
GANAB	0.481660994576825	0.00566418289599583	0.99850355776877	0.00566418289599583
NFKBIZ	0.481689844755447	-0.00616548976470778	0.99850355776877	-0.00616548976470778
DLEU1	0.481722322938702	-0.00613515192335905	0.99850355776877	-0.00613515192335905
TBRG4	0.481751419630642	0.00758506717544979	0.99850355776877	0.00758506717544979
BDH1	0.481835050838191	-0.00881392126418692	0.99850355776877	-0.00881392126418692
TAMM41	0.481839860803655	-0.00466153759578803	0.99850355776877	-0.00466153759578803
IFI27L2	0.481854868198759	0.0110625214672759	0.99850355776877	0.0110625214672759
AC041005.1	0.481924880342827	-0.0098927363235532	0.99850355776877	-0.0098927363235532
RFX3-AS1	0.481930602214936	-0.00595041540433563	0.99850355776877	-0.00595041540433563
ZCCHC3	0.482183546936145	0.00923155636323421	0.99850355776877	0.00923155636323421
TLCD5	0.482212561981458	-0.00865069138035682	0.99850355776877	-0.00865069138035682
AL590807.1	0.482507333285782	-0.0128679403453712	0.99850355776877	-0.0128679403453712
FXR2	0.482573343908451	0.00735716196343073	0.99850355776877	0.00735716196343073
ARIH2	0.482810398502744	-0.00305535637344933	0.99850355776877	-0.00305535637344933
SRFBP1	0.482847284829512	-0.00575521871255669	0.99850355776877	-0.00575521871255669
STK24	0.482967867104389	-0.00856219674516445	0.99850355776877	-0.00856219674516445
AKNAD1	0.48299789882788	-0.00727482657508316	0.99850355776877	-0.00727482657508316
KCNK12	0.483094517192277	-0.0130074832196099	0.99850355776877	-0.0130074832196099
TSC22D1	0.483131521628975	-0.00598026303651501	0.99850355776877	-0.00598026303651501
CTNNBIP1	0.48313306651731	0.00558673026933735	0.99850355776877	0.00558673026933735
MBD3	0.483152092851107	0.00498297269367504	0.99850355776877	0.00498297269367504
IRGQ	0.483183155719045	0.00853319983717576	0.99850355776877	0.00853319983717576
ZNF286A	0.483286720593248	0.00579298062139375	0.99850355776877	0.00579298062139375
MED9	0.48329046533939	-0.00973916280962495	0.99850355776877	-0.00973916280962495
PRR7	0.483337513785977	0.013196482670536	0.99850355776877	0.013196482670536
KIAA0232	0.483340117229156	0.00316380806599846	0.99850355776877	0.00316380806599846
NPDC1	0.483398263191103	-0.00864514890689738	0.99850355776877	-0.00864514890689738
ANKMY2	0.48378086151976	0.0117294147714066	0.99850355776877	0.0117294147714066
RDX	0.48386299460761	-0.00277101179995803	0.99850355776877	-0.00277101179995803
AC092115.3	0.483915239676871	0.0103393893783842	0.99850355776877	0.0103393893783842
ITPR2	0.483928252468759	0.00762659185895333	0.99850355776877	0.00762659185895333
A1BG	0.483967190526046	0.0116958277977566	0.99850355776877	0.0116958277977566
FOXJ2	0.48420950487979	-0.00921480430435647	0.99850355776877	-0.00921480430435647
SAP25	0.484296796864539	-0.00779906265977682	0.99850355776877	-0.00779906265977682
RASGEF1C	0.484547609809166	0.010168312193063	0.99850355776877	0.010168312193063
ARID3A	0.484553517109398	-0.0113110390541607	0.99850355776877	-0.0113110390541607
ATF4	0.484574909086144	0.00667981059256888	0.99850355776877	0.00667981059256888
TMEM164	0.48465616369593	-0.0103524108542886	0.99850355776877	-0.0103524108542886
TTC28	0.484744956021974	-0.00349705194272903	0.99850355776877	-0.00349705194272903
SGSM3	0.484775598165251	-0.00810281438921475	0.99850355776877	-0.00810281438921475
RPSA	0.484807219516079	-0.00787283559776586	0.99850355776877	-0.00787283559776586
SCCPDH	0.484855676479409	-0.00748188622249218	0.99850355776877	-0.00748188622249218
TOM1L1	0.484900629565185	0.015282131195808	0.99850355776877	0.015282131195808
RAI1	0.485025884934336	-0.00532904530740035	0.99850355776877	-0.00532904530740035
EIF2AK4	0.485223919344821	-0.00445733215204031	0.99850355776877	-0.00445733215204031
USP11	0.485249079081187	-0.00770437291431025	0.99850355776877	-0.00770437291431025
BOD1	0.485297005763164	-0.00960426930718121	0.99850355776877	-0.00960426930718121
TRPV5	0.485554161175497	-0.00952007536634071	0.99850355776877	-0.00952007536634071
CAP2	0.48558321807274	-0.0155739340280482	0.99850355776877	-0.0155739340280482
NKIRAS2	0.485618354532608	0.010624842913204	0.99850355776877	0.010624842913204
CCNE2	0.485638459086208	0.00813266459049833	0.99850355776877	0.00813266459049833
NDUFB10	0.485683445859914	-0.0126050846724312	0.99850355776877	-0.0126050846724312
ANKRD36	0.485701309002127	0.00336253412402773	0.99850355776877	0.00336253412402773
NDUFA7	0.485968333509149	-0.0120840713221757	0.99850355776877	-0.0120840713221757
SKIL	0.486088649129889	-0.00744827546976488	0.99850355776877	-0.00744827546976488
CHTOP	0.486197067457669	0.00442933000932521	0.99850355776877	0.00442933000932521
NKX6-2	0.486457854546651	-0.00446771870809536	0.99850355776877	-0.00446771870809536
C19orf81	0.486762643975887	0.0140583126282827	0.99850355776877	0.0140583126282827
PKDCC	0.486805995486624	-0.0157222498213631	0.99850355776877	-0.0157222498213631
SNHG5	0.486966479144898	0.00419016957635429	0.99850355776877	0.00419016957635429
CADPS	0.487198171560613	0.0135035638893885	0.99850355776877	0.0135035638893885
DYM	0.487472125491402	-0.00262408424317305	0.99850355776877	-0.00262408424317305
CCDC14	0.48760405366743	0.00547300082855167	0.99850355776877	0.00547300082855167
NDUFAF4	0.487622616558561	-0.0121210920373294	0.99850355776877	-0.0121210920373294
GRB2	0.487757724221744	-0.0041088147823354	0.99850355776877	-0.0041088147823354
ZNF266	0.487841454508963	0.00661802895280614	0.99850355776877	0.00661802895280614
AL022311.1	0.487843283498904	-0.0105708095623031	0.99850355776877	-0.0105708095623031
MAF1	0.4879134184151	-0.00895467788147238	0.99850355776877	-0.00895467788147238
FLCN	0.488152367912232	-0.00515935821185859	0.99850355776877	-0.00515935821185859
XXYLT1	0.488255243495181	-0.00696390795380617	0.99850355776877	-0.00696390795380617
EFS	0.488464879422497	0.00644774891465877	0.99850355776877	0.00644774891465877
IFIT2	0.48855714967055	0.00928860634645176	0.99850355776877	0.00928860634645176
SBNO2	0.4885666806619	-0.007524924511177	0.99850355776877	-0.007524924511177
DAGLB	0.48896198566846	-0.00829353969750414	0.99850355776877	-0.00829353969750414
LINC01137	0.489000010230527	-0.00779152049654281	0.99850355776877	-0.00779152049654281
PIP5K1C	0.489417974831567	0.00825188271924323	0.99850355776877	0.00825188271924323
TESK1	0.489662315173065	0.00965176695217551	0.99850355776877	0.00965176695217551
ZNF347	0.489692754028034	-0.00634267605322935	0.99850355776877	-0.00634267605322935
INVS	0.489749160127403	-0.00318577658958711	0.99850355776877	-0.00318577658958711
AL353688.1	0.489844765785263	-0.00839985151415865	0.99850355776877	-0.00839985151415865
MAP2K5	0.489938875797927	-0.00295828506750931	0.99850355776877	-0.00295828506750931
STRADA	0.490072710562403	0.00417317504614363	0.99850355776877	0.00417317504614363
MMP16	0.490231336344028	-0.015874331706016	0.99850355776877	-0.015874331706016
H2AFZ	0.490434509518903	0.0135616846835782	0.99850355776877	0.0135616846835782
GIT2	0.490547122086682	0.00448707640935291	0.99850355776877	0.00448707640935291
PRDX3	0.490937801503919	0.00909964412829143	0.99850355776877	0.00909964412829143
UNKL	0.491054101334787	-0.00610036513768356	0.99850355776877	-0.00610036513768356
SEPTIN2	0.491622968948407	0.00353268211386227	0.99850355776877	0.00353268211386227
SLITRK1	0.491683557180699	0.00795972415340263	0.99850355776877	0.00795972415340263
AREL1	0.491692062505735	0.0051609499016068	0.99850355776877	0.0051609499016068
CEP70	0.491773547138506	-0.00544180478939481	0.99850355776877	-0.00544180478939481
ATAD5	0.491827095748641	0.00782140647865537	0.99850355776877	0.00782140647865537
FAM120A	0.491864269006673	0.00343699836480138	0.99850355776877	0.00343699836480138
KIAA0895	0.491894617590245	-0.010142444156432	0.99850355776877	-0.010142444156432
RASGRF1	0.491923144268406	0.00774631557283711	0.99850355776877	0.00774631557283711
ATIC	0.492030186397677	0.0063336471940265	0.99850355776877	0.0063336471940265
KLHL24	0.492140631133428	0.00274706301533804	0.99850355776877	0.00274706301533804
CTNNA3	0.492153604407469	0.00216121754377192	0.99850355776877	0.00216121754377192
ZNF142	0.492175968087435	-0.00937904341908391	0.99850355776877	-0.00937904341908391
ST8SIA3	0.492181428055556	0.01532463537774	0.99850355776877	0.01532463537774
C20orf194	0.492219045527743	-0.00287146671884783	0.99850355776877	-0.00287146671884783
PTPRT	0.492340537597262	0.012325949106899	0.99850355776877	0.012325949106899
AC092296.2	0.492573960228235	0.00901500339022948	0.99850355776877	0.00901500339022948
CLVS1	0.492655623673612	0.008857736163411	0.99850355776877	0.008857736163411
PSIP1	0.492799748827512	-0.00417334590347775	0.99850355776877	-0.00417334590347775
AC073475.1	0.492805283100371	0.00540598828842116	0.99850355776877	0.00540598828842116
HERC5	0.492823872393503	0.01056278781307	0.99850355776877	0.01056278781307
SSRP1	0.493107179419735	-0.00743966039455366	0.99850355776877	-0.00743966039455366
WRAP73	0.493131143528577	0.00888696604256365	0.99850355776877	0.00888696604256365
SMARCB1	0.493180876710516	0.00475123879807752	0.99850355776877	0.00475123879807752
CHD4	0.493202774161064	0.00291680289453364	0.99850355776877	0.00291680289453364
HSPE1	0.493230215192836	-0.00842443857936602	0.99850355776877	-0.00842443857936602
ZNF552	0.493255156971731	-0.00764355006764378	0.99850355776877	-0.00764355006764378
ZNF169	0.49334917260193	-0.00596066243130002	0.99850355776877	-0.00596066243130002
C17orf80	0.493415502262746	-0.01043158599145	0.99850355776877	-0.01043158599145
GSTP1	0.493551907758889	0.00857926897128369	0.99850355776877	0.00857926897128369
KCNT1	0.493579740849016	0.0253004721271093	0.99850355776877	0.0253004721271093
INSYN2A	0.493586412621445	-0.0109880681068756	0.99850355776877	-0.0109880681068756
TAS2R4	0.493657284430864	-0.0101264573819648	0.99850355776877	-0.0101264573819648
LRCH4	0.493669022796121	-0.00824482568226581	0.99850355776877	-0.00824482568226581
SKAP2	0.493784301573722	-0.0117446362217335	0.99850355776877	-0.0117446362217335
TGFB3	0.494068937853084	0.00941249635190876	0.99850355776877	0.00941249635190876
SGK1	0.494095680582843	-0.00230032254646062	0.99850355776877	-0.00230032254646062
CHCHD2	0.494151108502245	-0.00894152494158985	0.99850355776877	-0.00894152494158985
MYT1L	0.494284605678872	0.0114960781142127	0.99850355776877	0.0114960781142127
PARD3	0.494395062491669	-0.0118228279652867	0.99850355776877	-0.0118228279652867
HNRNPF	0.494398642292038	-0.00509089546017416	0.99850355776877	-0.00509089546017416
CALM3	0.494455970221711	-0.011758523200224	0.99850355776877	-0.011758523200224
SOGA1	0.494656710825053	0.00373977864528281	0.99850355776877	0.00373977864528281
TSFM	0.494711399997084	0.0101937884999563	0.99850355776877	0.0101937884999563
SNX12	0.494750390546112	0.0105791461502321	0.99850355776877	0.0105791461502321
RPA2	0.494763210045129	-0.00579328673089395	0.99850355776877	-0.00579328673089395
RPLP1	0.494769313361615	0.00784676567917802	0.99850355776877	0.00784676567917802
TMEM141	0.494794843198579	0.0132633746473339	0.99850355776877	0.0132633746473339
MRPL24	0.494803035494944	0.0102632346175738	0.99850355776877	0.0102632346175738
CDK19	0.495040472086813	0.00223405953393695	0.99850355776877	0.00223405953393695
RNF149	0.49516746919522	0.00378215648786986	0.99850355776877	0.00378215648786986
TSPYL2	0.495241638038535	-0.0128761433789472	0.99850355776877	-0.0128761433789472
C12orf57	0.495334692264431	0.0136534030200572	0.99850355776877	0.0136534030200572
PIGX	0.495350522094069	-0.00800673117541107	0.99850355776877	-0.00800673117541107
FKBP8	0.495370235228999	0.00526304344956045	0.99850355776877	0.00526304344956045
DTX3	0.495556229709399	0.0080919298340092	0.99850355776877	0.0080919298340092
CFAP53	0.49557987277284	0.00846707832866285	0.99850355776877	0.00846707832866285
SLC27A5	0.495741316625863	-0.00718618875687343	0.99850355776877	-0.00718618875687343
EIF4E	0.495889312883145	0.00451827527703199	0.99850355776877	0.00451827527703199
NPIPB15	0.495897497237595	0.0125136373751698	0.99850355776877	0.0125136373751698
CCNC	0.496182798458046	-0.00826204584818951	0.99850355776877	-0.00826204584818951
ARF6	0.496464503190797	0.011679078240918	0.99850355776877	0.011679078240918
DAXX	0.49667784480305	0.0092631947604649	0.99850355776877	0.0092631947604649
PPP5C	0.496735754830237	-0.00709867243856272	0.99850355776877	-0.00709867243856272
ZNF143	0.496735995670439	0.00656645641725009	0.99850355776877	0.00656645641725009
ARHGAP35	0.49687094126395	0.00315412369912545	0.99850355776877	0.00315412369912545
FAM107A	0.49719043750622	0.0133970572321465	0.99850355776877	0.0133970572321465
EFCAB14	0.497218501277993	0.00564437937784495	0.99850355776877	0.00564437937784495
TMA7	0.497391189338887	-0.0102207688113601	0.99850355776877	-0.0102207688113601
AC004083.1	0.497432316883415	0.00681725134277787	0.99850355776877	0.00681725134277787
CELF5	0.497524915420313	0.01316536597554	0.99850355776877	0.01316536597554
MAP1LC3B	0.497545373387804	0.00748978197061108	0.99850355776877	0.00748978197061108
SSH3	0.497752115836817	-0.00829757683045441	0.99850355776877	-0.00829757683045441
MARF1	0.498104404026059	-0.0041960300230886	0.99850355776877	-0.0041960300230886
ATP5MC1	0.498168935361524	-0.0138354964026907	0.99850355776877	-0.0138354964026907
MED27	0.49833344280553	-0.00349978673004342	0.99850355776877	-0.00349978673004342
CDR2	0.498387463806575	-0.00651257277493347	0.99850355776877	-0.00651257277493347
DENND10	0.498551817177156	0.00692102583970431	0.99850355776877	0.00692102583970431
TPPP3	0.498693101965738	0.0109533305997129	0.99850355776877	0.0109533305997129
COG6	0.498770013592232	0.00445369492446826	0.99850355776877	0.00445369492446826
UBQLN1	0.498974802084977	-0.00487715080596455	0.99850355776877	-0.00487715080596455
AC008945.2	0.499071600582596	0.00699079322918455	0.99850355776877	0.00699079322918455
HNRNPA3	0.499566712017802	0.00334360126526853	0.99850355776877	0.00334360126526853
NEDD1	0.499681590483945	0.00724899848337833	0.99850355776877	0.00724899848337833
GNB1	0.499754225082758	0.0028764460784418	0.99850355776877	0.0028764460784418
MEX3D	0.499771671253741	0.00992557450078062	0.99850355776877	0.00992557450078062
GMCL1	0.499797999998697	0.00481526575750723	0.99850355776877	0.00481526575750723
RHBDD2	0.500127493108393	-0.0109655250568562	0.99850355776877	-0.0109655250568562
COASY	0.500174564375921	0.00841446019082275	0.99850355776877	0.00841446019082275
CRHBP	0.50020709136723	0.00999841623080658	0.99850355776877	0.00999841623080658
LPCAT2	0.500459656462597	0.00690338430342414	0.99850355776877	0.00690338430342414
AL022322.1	0.500534627052956	-0.0125487233083939	0.99850355776877	-0.0125487233083939
DAD1	0.500641349002122	0.00956667137316634	0.99850355776877	0.00956667137316634
PSMB6	0.500719214764828	-0.0126934477226847	0.99850355776877	-0.0126934477226847
UCHL3	0.500725657464449	0.00647743359452264	0.99850355776877	0.00647743359452264
MAG	0.500733563960102	0.00422364468112831	0.99850355776877	0.00422364468112831
TIMP2	0.500937215665752	0.00341512566858779	0.99850355776877	0.00341512566858779
OTULIN	0.501001765347316	0.00594984880604955	0.99850355776877	0.00594984880604955
DGKQ	0.501005917604451	-0.0131188184417246	0.99850355776877	-0.0131188184417246
AC099343.4	0.501095193646238	0.0109936678520042	0.99850355776877	0.0109936678520042
POLR2E	0.501174530882132	0.00877438791552117	0.99850355776877	0.00877438791552117
DIMT1	0.501201582039828	0.00654949128154568	0.99850355776877	0.00654949128154568
AC073529.1	0.501297276971898	0.0064481645364864	0.99850355776877	0.0064481645364864
SS18	0.501316044483812	0.00385991296642206	0.99850355776877	0.00385991296642206
ZNF512B	0.501517437301251	0.00870043885005333	0.99850355776877	0.00870043885005333
PHPT1	0.501535166436679	0.0101466570530476	0.99850355776877	0.0101466570530476
TPP2	0.501586171154537	0.00403586677908331	0.99850355776877	0.00403586677908331
SPCS1	0.501658229803428	0.00752935744139376	0.99850355776877	0.00752935744139376
PSMD1	0.501860621668948	-0.00430108247566907	0.99850355776877	-0.00430108247566907
DYNLT1	0.501928937871328	-0.0104992023940127	0.99850355776877	-0.0104992023940127
CHAMP1	0.502179515431399	-0.0085956381273559	0.99850355776877	-0.0085956381273559
RETSAT	0.502222683870678	-0.00853390700786793	0.99850355776877	-0.00853390700786793
BLZF1	0.50228054262133	0.00478576926512777	0.99850355776877	0.00478576926512777
EXT2	0.502314422969508	-0.00478772348563922	0.99850355776877	-0.00478772348563922
PHGDH	0.502377515631085	0.0070666133373765	0.99850355776877	0.0070666133373765
SEC24B	0.502386715259009	-0.00353041068163993	0.99850355776877	-0.00353041068163993
CECR2	0.502428225441857	0.0036197697193777	0.99850355776877	0.0036197697193777
ZSWIM3	0.50244748426693	0.00935278596958295	0.99850355776877	0.00935278596958295
RTN4	0.502530619340683	-0.00190998018025408	0.99850355776877	-0.00190998018025408
DIS3L	0.502598745243115	0.00477028233652275	0.99850355776877	0.00477028233652275
SORCS2	0.50264514862544	-0.00548454748308049	0.99850355776877	-0.00548454748308049
CAMSAP1	0.502663153250302	-0.00438565416222626	0.99850355776877	-0.00438565416222626
ZMYM3	0.502694555266436	0.00892266989292013	0.99850355776877	0.00892266989292013
ST13	0.502983612969919	0.00582897254177984	0.99850355776877	0.00582897254177984
FRMPD4	0.503021995517128	0.0136360132408147	0.99850355776877	0.0136360132408147
DEGS1	0.503250499943765	-0.00907193680330111	0.99850355776877	-0.00907193680330111
CDC37	0.503411639956453	0.00633921947977126	0.99850355776877	0.00633921947977126
APBA3	0.503456444476994	-0.00843599146980532	0.99850355776877	-0.00843599146980532
FLVCR1	0.503487454037416	0.00529685656297649	0.99850355776877	0.00529685656297649
PYGB	0.503543544696473	0.0068020310941471	0.99850355776877	0.0068020310941471
TRIM26	0.503550998706215	0.00557322221776592	0.99850355776877	0.00557322221776592
ACAD9	0.503695605292078	-0.00525906447796928	0.99850355776877	-0.00525906447796928
LINC01563	0.503941212980304	0.00864238993121974	0.99850355776877	0.00864238993121974
ANKDD1A	0.504011007533681	-0.0090291277719833	0.99850355776877	-0.0090291277719833
BFAR	0.504074311248788	0.00639502156320042	0.99850355776877	0.00639502156320042
RMND5A	0.504148065083988	0.00466105864511635	0.99850355776877	0.00466105864511635
EIF4G1	0.50422585986201	-0.00591803343131061	0.99850355776877	-0.00591803343131061
LRRC59	0.504342402173722	0.0104214878058128	0.99850355776877	0.0104214878058128
TSPYL1	0.504421159440356	0.012878945846019	0.99850355776877	0.012878945846019
TTBK2	0.504469167238091	-0.00296305280717856	0.99850355776877	-0.00296305280717856
UBE4A	0.504490162314713	-0.00360250163033356	0.99850355776877	-0.00360250163033356
TCFL5	0.504749094567098	-0.00501204770407653	0.99850355776877	-0.00501204770407653
DNAL1	0.504752739922087	-0.00986189853188683	0.99850355776877	-0.00986189853188683
AL080250.1	0.504869629220278	0.00730669674898542	0.99850355776877	0.00730669674898542
USP9Y	0.504891022261159	0.00996700350378106	0.99850355776877	0.00996700350378106
KDM2A	0.504918780988193	0.00296764421720077	0.99850355776877	0.00296764421720077
SLC38A10	0.504919847412688	0.00483911041546342	0.99850355776877	0.00483911041546342
RBFOX2	0.504962439008958	0.00493526720421122	0.99850355776877	0.00493526720421122
FAM32A	0.505115696371383	-0.0139915455888447	0.99850355776877	-0.0139915455888447
PCSK2	0.505193298937951	-0.0141867292500169	0.99850355776877	-0.0141867292500169
C7orf61	0.505494666716035	-0.00639670675563753	0.99850355776877	-0.00639670675563753
CEP78	0.505499349667282	0.00451342197535595	0.99850355776877	0.00451342197535595
MCM9	0.505569689031441	-0.0052538499613101	0.99850355776877	-0.0052538499613101
ATXN7	0.505570918399969	-0.00509583324059136	0.99850355776877	-0.00509583324059136
ARHGAP39	0.50579996925768	-0.0110039532250619	0.99850355776877	-0.0110039532250619
HIPK3	0.505809123586535	0.00365097323785538	0.99850355776877	0.00365097323785538
DNAJB2	0.505826460510217	0.00358495331118503	0.99850355776877	0.00358495331118503
ZBTB40	0.505836004431517	0.00578442840376045	0.99850355776877	0.00578442840376045
RPL34-AS1	0.50583927783254	0.00666121180065987	0.99850355776877	0.00666121180065987
SIL1	0.505947100063916	0.00347166034871992	0.99850355776877	0.00347166034871992
ERP29	0.50604734386779	-0.0101418123544878	0.99850355776877	-0.0101418123544878
GALNT7	0.506108752653192	0.00502087876346625	0.99850355776877	0.00502087876346625
FAM117B	0.506266741212048	-0.00564004901141867	0.99850355776877	-0.00564004901141867
TMEM161B-AS1	0.506464168180159	-0.00235122915964688	0.99850355776877	-0.00235122915964688
AC066613.1	0.506490713918879	-0.0109734425048694	0.99850355776877	-0.0109734425048694
WASHC2A	0.506552599391331	0.00689549901103429	0.99850355776877	0.00689549901103429
SMU1	0.506587672914359	-0.00500998331566823	0.99850355776877	-0.00500998331566823
CSNK1G1	0.506641252185183	-0.00474608123769647	0.99850355776877	-0.00474608123769647
BICRA	0.506674937749615	-0.00891949167286801	0.99850355776877	-0.00891949167286801
FNBP4	0.506776910025872	0.00337013963342013	0.99850355776877	0.00337013963342013
ATF1	0.506850829538273	-0.00476639013116025	0.99850355776877	-0.00476639013116025
HSPA12A	0.507128348907192	-0.00461216946323505	0.99850355776877	-0.00461216946323505
PSPC1	0.50715270135919	-0.0035176599889206	0.99850355776877	-0.0035176599889206
TP53TG5	0.507171496065699	-0.00465098706409143	0.99850355776877	-0.00465098706409143
LDLR	0.507233162354758	-0.00843948640970743	0.99850355776877	-0.00843948640970743
EMSY	0.507340381398605	-0.00341207498894808	0.99850355776877	-0.00341207498894808
MARCH9	0.507525417782953	-0.0090634469378251	0.99850355776877	-0.0090634469378251
ELL2	0.507537325462231	-0.00251605172285597	0.99850355776877	-0.00251605172285597
PDSS1	0.507636428504077	0.00960725807848754	0.99850355776877	0.00960725807848754
ARSK	0.507822757377131	0.00923610121953721	0.99850355776877	0.00923610121953721
IPO9	0.507896209604425	-0.00394625945172122	0.99850355776877	-0.00394625945172122
TRAPPC11	0.507905157423152	0.00457073336957982	0.99850355776877	0.00457073336957982
LRRC28	0.508063069210399	0.00538103534243352	0.99850355776877	0.00538103534243352
SCG5	0.508092545187407	-0.00778722037212729	0.99850355776877	-0.00778722037212729
HAT1	0.508110601350507	0.00511424415568837	0.99850355776877	0.00511424415568837
RNF24	0.508222004871633	-0.00687907154383148	0.99850355776877	-0.00687907154383148
C1D	0.508244796138988	-0.00633355511031253	0.99850355776877	-0.00633355511031253
NTMT1	0.508297235060654	-0.00867325911234965	0.99850355776877	-0.00867325911234965
USP25	0.508312006176432	-0.00527542715061693	0.99850355776877	-0.00527542715061693
LONP2	0.508386442509382	-0.00275815219243458	0.99850355776877	-0.00275815219243458
NOCT	0.508509918920418	-0.0110050515755516	0.99850355776877	-0.0110050515755516
RTCB	0.508626300516052	-0.00506846136753818	0.99850355776877	-0.00506846136753818
SART1	0.50881884096131	0.0054814788352982	0.99850355776877	0.0054814788352982
LEMD3	0.508842520808453	-0.00495476090392094	0.99850355776877	-0.00495476090392094
ZBTB10	0.508854393414838	0.00818408143347547	0.99850355776877	0.00818408143347547
GMFB	0.508855120469064	-0.00960379940500333	0.99850355776877	-0.00960379940500333
WWC2	0.509134146804168	0.00601727494506676	0.99850355776877	0.00601727494506676
RAB5A	0.509163004161381	-0.00533183348584968	0.99850355776877	-0.00533183348584968
TUBB4B	0.509240056221307	0.0150663242351576	0.99850355776877	0.0150663242351576
HADHB	0.50944873795817	-0.00455905270491278	0.99850355776877	-0.00455905270491278
LINC00271	0.509598223139214	0.00753672163448185	0.99850355776877	0.00753672163448185
NUP133	0.509735972613915	0.00360037597424958	0.99850355776877	0.00360037597424958
ZNF12	0.509750739863317	0.00640837748900578	0.99850355776877	0.00640837748900578
PPID	0.509815140765106	0.00828958414575657	0.99850355776877	0.00828958414575657
ATP5F1D	0.509977881229572	-0.00938887519963711	0.99850355776877	-0.00938887519963711
AC009063.3	0.51019121219838	-0.00950226546071953	0.99850355776877	-0.00950226546071953
PON2	0.510264330587048	0.00394626704915767	0.99850355776877	0.00394626704915767
THAP6	0.510950255216837	-0.00498072367153858	0.99850355776877	-0.00498072367153858
HAVCR2	0.511091886065922	0.00468533114677092	0.99850355776877	0.00468533114677092
ADGRB3	0.511167656047853	0.00405514791737633	0.99850355776877	0.00405514791737633
SLC39A6	0.511320921879231	0.00708938407573941	0.99850355776877	0.00708938407573941
KHDRBS3	0.511462062267262	-0.0107422907630735	0.99850355776877	-0.0107422907630735
DTX2	0.511481741499238	0.00931139791878422	0.99850355776877	0.00931139791878422
LARP7	0.511630831620603	0.00444162645811678	0.99850355776877	0.00444162645811678
EMC8	0.511923843251459	0.00636527351729035	0.99850355776877	0.00636527351729035
JMY	0.511930043401694	0.00446058617512515	0.99850355776877	0.00446058617512515
POLR1D	0.512117363430609	0.00676663121491564	0.99850355776877	0.00676663121491564
MANBAL	0.512215071584447	-0.0107708754007024	0.99850355776877	-0.0107708754007024
LINC01409	0.512317471777049	0.00861132209273033	0.99850355776877	0.00861132209273033
MASTL	0.512585436672024	0.00959952675712608	0.99850355776877	0.00959952675712608
CYP20A1	0.512710582200297	0.00365044315186516	0.99850355776877	0.00365044315186516
GRK5	0.512850363506555	-0.00988294798963776	0.99850355776877	-0.00988294798963776
MRPL33	0.512980181798897	0.00587540811614632	0.99850355776877	0.00587540811614632
PDCD2	0.513229275815979	-0.00905759052365266	0.99850355776877	-0.00905759052365266
TRAPPC6B	0.513353423118814	0.00518443180873723	0.99850355776877	0.00518443180873723
MDH2	0.513387779178293	0.0105079532396418	0.99850355776877	0.0105079532396418
NDEL1	0.51340971648353	-0.00592822937030253	0.99850355776877	-0.00592822937030253
TET2	0.513527238613487	0.0033380399018584	0.99850355776877	0.0033380399018584
ABTB2	0.513564787484637	0.00533779485639366	0.99850355776877	0.00533779485639366
GMEB2	0.513788373378244	0.00819843824475037	0.99850355776877	0.00819843824475037
CPT1C	0.513801920290273	-0.00715542548533956	0.99850355776877	-0.00715542548533956
FAM217B	0.513823246481974	0.0042812527657794	0.99850355776877	0.0042812527657794
TSPAN17	0.513836076417633	-0.0141447679093305	0.99850355776877	-0.0141447679093305
PHF5A	0.513868032251237	0.00894519586833273	0.99850355776877	0.00894519586833273
SMC4	0.513910228676711	0.00576402855110668	0.99850355776877	0.00576402855110668
GCSH	0.514413106112222	-0.0069171133748672	0.99850355776877	-0.0069171133748672
MAD2L2	0.514512108647781	-0.0112528159962248	0.99850355776877	-0.0112528159962248
MIOS	0.514531667577018	-0.00740460269607716	0.99850355776877	-0.00740460269607716
PRKCQ-AS1	0.514534552165485	0.00605544770215	0.99850355776877	0.00605544770215
UFC1	0.514659085012338	0.0101845271535174	0.99850355776877	0.0101845271535174
BBS2	0.514670852907302	-0.00296422471257005	0.99850355776877	-0.00296422471257005
ATP5MF	0.514708446930844	0.0127317349946284	0.99850355776877	0.0127317349946284
PPP1R13B	0.514710446520637	-0.00696551709940394	0.99850355776877	-0.00696551709940394
LIPE-AS1	0.51482245845002	0.00502150695390925	0.99850355776877	0.00502150695390925
KIAA1109	0.514918558058191	0.00294927154166763	0.99850355776877	0.00294927154166763
AC107884.1	0.515052028729519	-0.00740979551770576	0.99850355776877	-0.00740979551770576
FAM76B	0.515094634721594	-0.00607053534095327	0.99850355776877	-0.00607053534095327
ATG4A	0.515199734297577	-0.00850977557385984	0.99850355776877	-0.00850977557385984
NIPSNAP2	0.515405299054	0.00367559143959739	0.99850355776877	0.00367559143959739
ATG16L1	0.515579467232188	-0.00625548436688618	0.99850355776877	-0.00625548436688618
AC110285.2	0.515927723696353	-0.00654841763557667	0.99850355776877	-0.00654841763557667
AGBL3	0.516032945709665	-0.00625343275560146	0.99850355776877	-0.00625343275560146
RUBCN	0.516229965181445	-0.00533347975085803	0.99850355776877	-0.00533347975085803
AC005520.5	0.516267527000662	0.0116293916921914	0.99850355776877	0.0116293916921914
UTP3	0.516386593438625	-0.0090434992159063	0.99850355776877	-0.0090434992159063
SCOC	0.516473207412687	0.00713451668246707	0.99850355776877	0.00713451668246707
EFL1	0.516513109691978	-0.00583938700013502	0.99850355776877	-0.00583938700013502
AL355999.1	0.516588760217382	0.00839287181436375	0.99850355776877	0.00839287181436375
GLG1	0.517041234717989	-0.00241442665123227	0.99850355776877	-0.00241442665123227
HNRNPH1	0.517068357454851	-0.00492129670381243	0.99850355776877	-0.00492129670381243
TSC2	0.51736170354465	-0.00414661168568006	0.99850355776877	-0.00414661168568006
CACNB4	0.517369901752428	-0.0120062529862027	0.99850355776877	-0.0120062529862027
MED12L	0.517388223792365	-0.0148980532770609	0.99850355776877	-0.0148980532770609
RCBTB2	0.517421423480282	-0.00894601629877319	0.99850355776877	-0.00894601629877319
KCNIP4	0.517536024586386	0.0123401747316478	0.99850355776877	0.0123401747316478
USP47	0.517572410343276	-0.00245902378323879	0.99850355776877	-0.00245902378323879
CNTRL	0.517592777391551	-0.00398721721830357	0.99850355776877	-0.00398721721830357
PSKH1	0.517918793030631	-0.00620755417601462	0.99850355776877	-0.00620755417601462
AL732509.1	0.517931632470437	-0.00828510999629908	0.99850355776877	-0.00828510999629908
SUCLG2	0.517934457204718	-0.00447542031874976	0.99850355776877	-0.00447542031874976
AC073050.1	0.518050873072165	0.0114709947130962	0.99850355776877	0.0114709947130962
AL158152.1	0.518208554548559	-0.00602706722570682	0.99850355776877	-0.00602706722570682
SELENON	0.518422863153954	0.00883925479755914	0.99850355776877	0.00883925479755914
PPRC1	0.518468611285628	0.00755370917287394	0.99850355776877	0.00755370917287394
LUC7L	0.518560791309569	-0.00454983301147665	0.99850355776877	-0.00454983301147665
RIMS3	0.518679651480734	-0.0160322911130161	0.99850355776877	-0.0160322911130161
RNASEH1-AS1	0.518817097093614	0.00699619404981036	0.99850355776877	0.00699619404981036
HYDIN	0.518939063109219	-0.0078086118007199	0.99850355776877	-0.0078086118007199
ARL8A	0.518969165114528	0.00454971960943711	0.99850355776877	0.00454971960943711
UBE3B	0.519274182981106	0.00346765208683987	0.99850355776877	0.00346765208683987
PET100	0.519395465144724	0.013077384897495	0.99850355776877	0.013077384897495
WDFY3-AS2	0.519402268016945	0.00823231273346729	0.99850355776877	0.00823231273346729
MED10	0.519454595377479	-0.00876874354252975	0.99850355776877	-0.00876874354252975
PPP1R11	0.519471816120315	-0.0119608963926755	0.99850355776877	-0.0119608963926755
MED25	0.51949018219488	0.00576731253482524	0.99850355776877	0.00576731253482524
AP4B1	0.519730234671479	0.00977973147962358	0.99850355776877	0.00977973147962358
ECE1	0.519737423757092	-0.00368715947203447	0.99850355776877	-0.00368715947203447
ATXN10	0.520011059938682	-0.00291535529345755	0.99850355776877	-0.00291535529345755
CLCN7	0.520023939205526	-0.00497265277801279	0.99850355776877	-0.00497265277801279
VAT1	0.520029690690912	0.0119363706835936	0.99850355776877	0.0119363706835936
RAPGEF6	0.520147247049812	-0.00274160838553152	0.99850355776877	-0.00274160838553152
MRPL35	0.520152506490509	0.00897205121791344	0.99850355776877	0.00897205121791344
SYP	0.52015983587832	0.00908249659954003	0.99850355776877	0.00908249659954003
AC123912.1	0.52028700700822	0.0105953885672002	0.99850355776877	0.0105953885672002
CTC1	0.520378388286698	0.00740545597709859	0.99850355776877	0.00740545597709859
GLI4	0.520388915351555	-0.00831282282167059	0.99850355776877	-0.00831282282167059
MON1B	0.520433098114707	-0.00583465512190184	0.99850355776877	-0.00583465512190184
RNF146	0.520444844486996	0.00543558846880882	0.99850355776877	0.00543558846880882
CFAP298	0.520461903892175	-0.00647172575210326	0.99850355776877	-0.00647172575210326
SETD4	0.520688250644723	-0.00626928882701074	0.99850355776877	-0.00626928882701074
CDC42EP2	0.520716235179873	0.00837269950856527	0.99850355776877	0.00837269950856527
SYTL2	0.520814345521647	0.00441582060106335	0.99850355776877	0.00441582060106335
PUM2	0.520880167321105	-0.00232186210009017	0.99850355776877	-0.00232186210009017
FRMD4A	0.520904360928516	0.00743392326639342	0.99850355776877	0.00743392326639342
IWS1	0.520906912473196	-0.00406191637348262	0.99850355776877	-0.00406191637348262
CDK5R1	0.52106897023342	-0.0109799195127743	0.99850355776877	-0.0109799195127743
ARHGAP22	0.521256152142758	-0.00423771158785585	0.99850355776877	-0.00423771158785585
NAA35	0.521735155819621	-0.0037083729751299	0.99850355776877	-0.0037083729751299
AC011287.1	0.521843201034333	-0.0159154842268453	0.99850355776877	-0.0159154842268453
GRIA4	0.522229511758137	-0.00685362992495835	0.99850355776877	-0.00685362992495835
NDUFB8	0.522250896544128	-0.00703275218481274	0.99850355776877	-0.00703275218481274
CMTR1	0.522408346833686	-0.00647807094436203	0.99850355776877	-0.00647807094436203
MIB2	0.522508056799087	0.00637678501820153	0.99850355776877	0.00637678501820153
CLK1	0.522525698180824	0.00381299023482504	0.99850355776877	0.00381299023482504
HINT1	0.522577963508103	-0.00867218512203217	0.99850355776877	-0.00867218512203217
GPX4	0.52305139875211	0.00755660917843642	0.99850355776877	0.00755660917843642
NBPF1	0.523170400628977	0.00763847169088432	0.99850355776877	0.00763847169088432
MPDU1	0.523348047381487	0.00768944269227497	0.99850355776877	0.00768944269227497
ZNF268	0.523367275698219	0.00703111845179392	0.99850355776877	0.00703111845179392
TCEAL7	0.523423216353569	0.00813604901600286	0.99850355776877	0.00813604901600286
ZBTB7A	0.523445324961545	-0.00350565827450197	0.99850355776877	-0.00350565827450197
RBM4B	0.523460123522323	-0.00707548505020233	0.99850355776877	-0.00707548505020233
LINC01949	0.523486755975127	0.0110351933718858	0.99850355776877	0.0110351933718858
MFHAS1	0.523492473804419	-0.01074216288126	0.99850355776877	-0.01074216288126
CDADC1	0.523559674850304	0.00749508082327266	0.99850355776877	0.00749508082327266
TIAM1	0.523671507754033	-0.00339495556508211	0.99850355776877	-0.00339495556508211
OIP5-AS1	0.523882948145025	-0.00518527699626415	0.99850355776877	-0.00518527699626415
C1orf131	0.523896419725598	-0.00691250187070606	0.99850355776877	-0.00691250187070606
FNTB	0.523938973579072	0.0039672296424545	0.99850355776877	0.0039672296424545
NAA15	0.523948725923123	-0.00361066425525133	0.99850355776877	-0.00361066425525133
PRKDC	0.523966931580124	-0.00319717338214677	0.99850355776877	-0.00319717338214677
UBE2D4	0.524181211325582	0.00878378289174198	0.99850355776877	0.00878378289174198
TTBK1	0.524200278523274	0.00497319071692842	0.99850355776877	0.00497319071692842
LIFR	0.524222789039053	0.00253285641846349	0.99850355776877	0.00253285641846349
PLIN3	0.524380006731942	-0.00552229490937077	0.99850355776877	-0.00552229490937077
KDM4C	0.524439996120188	0.0023556398954196	0.99850355776877	0.0023556398954196
HSF4	0.524507633049148	0.00681340350882721	0.99850355776877	0.00681340350882721
HULC	0.524843836065161	0.00340156137399496	0.99850355776877	0.00340156137399496
NME7	0.524963210498274	0.00464011727781288	0.99850355776877	0.00464011727781288
ARMC6	0.525024919698003	0.00829087465174504	0.99850355776877	0.00829087465174504
ERCC3	0.525044511803668	0.00442006378680675	0.99850355776877	0.00442006378680675
TMEM63A	0.525062965054575	-0.00293334085931854	0.99850355776877	-0.00293334085931854
FAM184B	0.525081554844634	-0.0075156447312132	0.99850355776877	-0.0075156447312132
SZRD1	0.525107038423101	0.00536230671057776	0.99850355776877	0.00536230671057776
HIKESHI	0.52510853250052	0.00484249003057959	0.99850355776877	0.00484249003057959
SLC5A3	0.525138464336947	-0.0129878136485755	0.99850355776877	-0.0129878136485755
SRSF6	0.525281154451425	0.00530195263498021	0.99850355776877	0.00530195263498021
DOP1B	0.525324768389836	0.0101371551117168	0.99850355776877	0.0101371551117168
ZDHHC14	0.525345370583165	0.00338938850898605	0.99850355776877	0.00338938850898605
MAP6D1	0.525586051982549	-0.00511966560257726	0.99850355776877	-0.00511966560257726
ZFYVE27	0.525687549750284	-0.00600037807273053	0.99850355776877	-0.00600037807273053
GTF2H5	0.52571284506736	0.00633223068075612	0.99850355776877	0.00633223068075612
RPS7	0.525822271989244	0.00860661629627972	0.99850355776877	0.00860661629627972
COQ6	0.525890935311443	0.01097437873861	0.99850355776877	0.01097437873861
TMEM106A	0.525980880566252	-0.00754340907086475	0.99850355776877	-0.00754340907086475
DENND11	0.525982134956585	0.00337884934154268	0.99850355776877	0.00337884934154268
AC009522.1	0.526012968707543	-0.0108510267580154	0.99850355776877	-0.0108510267580154
ACAA1	0.526172580098825	0.00637331676377177	0.99850355776877	0.00637331676377177
RAB4B	0.526579705853522	0.00384485876503694	0.99850355776877	0.00384485876503694
ABHD17B	0.526807729418794	0.0030790769021365	0.99850355776877	0.0030790769021365
PLCG1	0.526819061982021	0.00457338056639759	0.99850355776877	0.00457338056639759
HSPA8	0.526870538355755	-0.00978290550237417	0.99850355776877	-0.00978290550237417
AC093297.2	0.527123498046658	-0.0110864511165973	0.99850355776877	-0.0110864511165973
EID1	0.527172522249401	-0.0061235341982283	0.99850355776877	-0.0061235341982283
SNU13	0.527212451961315	0.00829879584753222	0.99850355776877	0.00829879584753222
HDHD5	0.527303796267032	0.00595338773912969	0.99850355776877	0.00595338773912969
HIST1H2BE	0.527357993066733	-0.0107654058069599	0.99850355776877	-0.0107654058069599
PJA2	0.527528208557987	-0.00510313388030418	0.99850355776877	-0.00510313388030418
HERC1	0.527808555662268	0.00286529657778094	0.99850355776877	0.00286529657778094
CACNA1D	0.527856301521662	-0.012394006201103	0.99850355776877	-0.012394006201103
TFB1M	0.528155722863734	-0.00576536452671918	0.99850355776877	-0.00576536452671918
SLC25A26	0.528201948748419	0.00367447695715457	0.99850355776877	0.00367447695715457
ST3GAL6	0.528272060607605	-0.00592464140163282	0.99850355776877	-0.00592464140163282
ZDHHC6	0.528291270734951	0.00756471521157744	0.99850355776877	0.00756471521157744
CLSTN1	0.528311952751121	-0.00563478642168179	0.99850355776877	-0.00563478642168179
GCN1	0.528531490970104	0.00531592174846187	0.99850355776877	0.00531592174846187
RTF2	0.528628503396254	0.00519414301862672	0.99850355776877	0.00519414301862672
ZNF202	0.528767271674673	-0.00899529618656922	0.99850355776877	-0.00899529618656922
PREPL	0.52881710241935	-0.00528893940710415	0.99850355776877	-0.00528893940710415
SYNGR2	0.528855580493686	0.00677989655997408	0.99850355776877	0.00677989655997408
HOOK2	0.528909463814453	-0.00646774093899318	0.99850355776877	-0.00646774093899318
EBNA1BP2	0.529095008532519	-0.0129398340567591	0.99850355776877	-0.0129398340567591
TAGLN3	0.529327663745071	0.0146536942408822	0.99850355776877	0.0146536942408822
COX6A1	0.529371867809794	0.010083311217229	0.99850355776877	0.010083311217229
CPSF6	0.529540314386478	-0.00359271752501162	0.99850355776877	-0.00359271752501162
PRELID3A	0.529838595720953	0.0069802327417304	0.99850355776877	0.0069802327417304
ZBTB2	0.53000550233213	-0.00771261671906543	0.99850355776877	-0.00771261671906543
PNN	0.530159002424399	0.00400805431764812	0.99850355776877	0.00400805431764812
LSM12	0.530172303501437	-0.0056155498627843	0.99850355776877	-0.0056155498627843
LMBRD2	0.530177066303882	-0.00623557646240199	0.99850355776877	-0.00623557646240199
ZFHX2	0.530351286548764	-0.00492609968039501	0.99850355776877	-0.00492609968039501
TMED7	0.530586889551363	0.0056926998980113	0.99850355776877	0.0056926998980113
GDI2	0.530630355553506	-0.00383593720062762	0.99850355776877	-0.00383593720062762
CRAMP1	0.530689268859728	0.0044421027697608	0.99850355776877	0.0044421027697608
PCYT1A	0.530945285032117	-0.00512294627447115	0.99850355776877	-0.00512294627447115
FKBP14	0.530982466011149	-0.0108794356000244	0.99850355776877	-0.0108794356000244
IGF1R	0.531057388865266	-0.00307692889189572	0.99850355776877	-0.00307692889189572
SMG1	0.531298782917496	0.00338541844708224	0.99850355776877	0.00338541844708224
MCCC2	0.531361439122634	-0.00567979823608962	0.99850355776877	-0.00567979823608962
AMY2B	0.531511527023157	0.00607799392676295	0.99850355776877	0.00607799392676295
MXD1	0.531530596982516	0.00557426951639252	0.99850355776877	0.00557426951639252
KRBA2	0.531610334681986	0.00467593747918995	0.99850355776877	0.00467593747918995
TYRO3	0.531613307184348	0.00285183356184958	0.99850355776877	0.00285183356184958
ZNF785	0.531649553869685	-0.00564170925086703	0.99850355776877	-0.00564170925086703
CUEDC2	0.531804626526436	-0.0092481796329232	0.99850355776877	-0.0092481796329232
VCPIP1	0.531826745084872	0.00614153919600613	0.99850355776877	0.00614153919600613
CTR9	0.532049939055188	-0.00608506886527379	0.99850355776877	-0.00608506886527379
SDAD1	0.532214443377209	-0.00427411451274726	0.99850355776877	-0.00427411451274726
GPATCH8	0.532275312044643	-0.00234060446878204	0.99850355776877	-0.00234060446878204
GPAM	0.532447789601063	-0.00973755190355371	0.99850355776877	-0.00973755190355371
ELOA-AS1	0.532478239781862	0.00347343352995689	0.99850355776877	0.00347343352995689
POLR3H	0.53256664879941	-0.00821423893802802	0.99850355776877	-0.00821423893802802
SLC30A6	0.53264916169207	-0.00482945718405985	0.99850355776877	-0.00482945718405985
SESN1	0.53268459305878	-0.00333175538103973	0.99850355776877	-0.00333175538103973
SEC61B	0.532819190361611	-0.00735015617708379	0.99850355776877	-0.00735015617708379
MORF4L2	0.532834021881326	0.00560555147277308	0.99850355776877	0.00560555147277308
AL512343.2	0.532838335048408	-0.0083832996245835	0.99850355776877	-0.0083832996245835
BRCA1	0.532845820979719	-0.00551545865593073	0.99850355776877	-0.00551545865593073
SPRYD3	0.532859539677492	-0.0119244402123409	0.99850355776877	-0.0119244402123409
SPATA13	0.532866150075636	-0.00304274519569641	0.99850355776877	-0.00304274519569641
MSL2	0.533106415174345	-0.00357517939148466	0.99850355776877	-0.00357517939148466
CMTM5	0.533163347081537	0.00720980097164833	0.99850355776877	0.00720980097164833
CALM2	0.533195564183982	-0.00433689524588434	0.99850355776877	-0.00433689524588434
ALG1L9P	0.533382990617631	-0.00660849859253268	0.99850355776877	-0.00660849859253268
RUFY2	0.533437682849118	0.00339254053181257	0.99850355776877	0.00339254053181257
XPOT	0.533470903952268	0.00569689602233427	0.99850355776877	0.00569689602233427
AC245187.2	0.533503598344968	-0.0174636080944518	0.99850355776877	-0.0174636080944518
CPLANE1	0.533720339774725	-0.00360220528035334	0.99850355776877	-0.00360220528035334
MACROD1	0.533949081849161	0.00614235765913189	0.99850355776877	0.00614235765913189
NELFCD	0.53396650053694	-0.00552020148533715	0.99850355776877	-0.00552020148533715
POLR3D	0.53404039176616	-0.0107645780081157	0.99850355776877	-0.0107645780081157
NRP2	0.534170202274343	-0.00949264325697925	0.99850355776877	-0.00949264325697925
DAZAP2	0.534228919258217	0.00559668520211099	0.99850355776877	0.00559668520211099
NSMAF	0.534297986756501	-0.00476890192588074	0.99850355776877	-0.00476890192588074
UBN2	0.534314748414855	-0.00332195675835561	0.99850355776877	-0.00332195675835561
EEF1AKMT1	0.534878360345679	0.00660323222853909	0.99850355776877	0.00660323222853909
CEP126	0.534933069621829	0.00656685557784326	0.99850355776877	0.00656685557784326
AC098679.5	0.534947158720849	-0.00610492302470317	0.99850355776877	-0.00610492302470317
EPM2A	0.535018324589566	-0.0044879214262353	0.99850355776877	-0.0044879214262353
AIG1	0.535097708799234	0.00324871571515886	0.99850355776877	0.00324871571515886
G6PC3	0.535143453423555	0.00908230664094749	0.99850355776877	0.00908230664094749
PHYHIP	0.535256350608874	0.0153838482750595	0.99850355776877	0.0153838482750595
COL7A1	0.535419291656642	-0.00893321952706505	0.99850355776877	-0.00893321952706505
SFMBT1	0.535451472842711	0.00465137900952794	0.99850355776877	0.00465137900952794
ZNF106	0.535536116885937	-0.0056446591021065	0.99850355776877	-0.0056446591021065
AC009063.2	0.535598454841807	-0.00433291262350471	0.99850355776877	-0.00433291262350471
RHOA	0.535628333055161	0.00497603885938239	0.99850355776877	0.00497603885938239
PRCD	0.535759990330445	-0.00796108254266858	0.99850355776877	-0.00796108254266858
RASAL1	0.535915813278276	0.00513815488361062	0.99850355776877	0.00513815488361062
ARHGAP23	0.535928663552044	0.00327550613249366	0.99850355776877	0.00327550613249366
SLC25A38	0.536016486891513	-0.0105482683256304	0.99850355776877	-0.0105482683256304
TXN	0.536022398022224	0.012921842163963	0.99850355776877	0.012921842163963
MGA	0.536055152666882	0.00343290083311587	0.99850355776877	0.00343290083311587
BBIP1	0.536153070224377	-0.00506853526240214	0.99850355776877	-0.00506853526240214
HELQ	0.536230820484478	0.00738376947314864	0.99850355776877	0.00738376947314864
CBL	0.536301364748358	0.0053465518027811	0.99850355776877	0.0053465518027811
MBNL2	0.536418566661674	0.00170387876688575	0.99850355776877	0.00170387876688575
WARS2-AS1	0.536536957821068	0.00409453143982626	0.99850355776877	0.00409453143982626
ARHGEF1	0.536556423273759	0.00527860545038842	0.99850355776877	0.00527860545038842
TTC27	0.536735870958833	-0.00390280338414322	0.99850355776877	-0.00390280338414322
NT5C	0.536841727999621	-0.00980950221265474	0.99850355776877	-0.00980950221265474
GSDMB	0.537038888701855	-0.00792915001588712	0.99850355776877	-0.00792915001588712
RAD51-AS1	0.537256517072804	0.00476736836238827	0.99850355776877	0.00476736836238827
AL162253.2	0.537271974873109	-0.00388913645002915	0.99850355776877	-0.00388913645002915
INPP5E	0.537287492416738	-0.00850873662023863	0.99850355776877	-0.00850873662023863
GDE1	0.537363787190881	-0.00552645016317008	0.99850355776877	-0.00552645016317008
GPT2	0.53743218435208	-0.00476924528821264	0.99850355776877	-0.00476924528821264
RNF111	0.537579902338745	0.00366378106138859	0.99850355776877	0.00366378106138859
FRMD8	0.53759014848368	0.00599772273817795	0.99850355776877	0.00599772273817795
ELOF1	0.537598002126427	0.0105820104751184	0.99850355776877	0.0105820104751184
PAK3	0.53764324437297	0.0124238819437937	0.99850355776877	0.0124238819437937
PDE1C	0.537662834495065	-0.00215252621414432	0.99850355776877	-0.00215252621414432
C9orf78	0.53780468508484	0.00676062990105333	0.99850355776877	0.00676062990105333
TMEM18	0.537810550316626	0.00949301299971764	0.99850355776877	0.00949301299971764
SLCO3A1	0.537842557232348	-0.00199345042948579	0.99850355776877	-0.00199345042948579
AP1G1	0.537889180090383	0.00328826399728755	0.99850355776877	0.00328826399728755
ZBED8	0.537992571434675	-0.00830344814146849	0.99850355776877	-0.00830344814146849
HNRNPA1	0.538064558120026	0.00535258360573477	0.99850355776877	0.00535258360573477
DSCAM	0.53808851993017	0.0117710257669427	0.99850355776877	0.0117710257669427
OR2L3	0.538275730105075	0.0112497672126908	0.99850355776877	0.0112497672126908
BRWD1	0.538358592002186	-0.00264180262799126	0.99850355776877	-0.00264180262799126
RNF167	0.538362258118945	0.00711078705245605	0.99850355776877	0.00711078705245605
IP6K2	0.538380015004306	0.00307096412017064	0.99850355776877	0.00307096412017064
TTC14	0.538471525710109	-0.00411614738346565	0.99850355776877	-0.00411614738346565
CTSF	0.53852617265799	-0.0059121004846225	0.99850355776877	-0.0059121004846225
CCDC6	0.538551636265733	-0.00641008509064298	0.99850355776877	-0.00641008509064298
STAG1	0.53855702379598	0.00228609533310462	0.99850355776877	0.00228609533310462
METTL2A	0.5385688372743	0.0100069871097223	0.99850355776877	0.0100069871097223
ZNF573	0.538689569916804	-0.00492409160946437	0.99850355776877	-0.00492409160946437
TTI1	0.538835123939179	-0.00486403876833073	0.99850355776877	-0.00486403876833073
MTMR2	0.538987164874099	-0.00292631771287138	0.99850355776877	-0.00292631771287138
AL356599.1	0.539026511159306	0.0058915560809976	0.99850355776877	0.0058915560809976
PPP2R2C	0.539101468737899	-0.005884802834472	0.99850355776877	-0.005884802834472
AC012442.2	0.539305302697297	-0.00711328275219428	0.99850355776877	-0.00711328275219428
NRDC	0.539305705465182	-0.00272195114976277	0.99850355776877	-0.00272195114976277
MSH4	0.539351078285415	0.00864847829008697	0.99850355776877	0.00864847829008697
DCAF13	0.539429084862568	0.00803747917582207	0.99850355776877	0.00803747917582207
SETX	0.539597834314084	0.00303179223983757	0.99850355776877	0.00303179223983757
LINC00907	0.539840969191655	0.00689995124560361	0.99850355776877	0.00689995124560361
SEPSECS-AS1	0.5400553609511	-0.0101016467693963	0.99850355776877	-0.0101016467693963
TAF5	0.540180646227891	0.00881039233564964	0.99850355776877	0.00881039233564964
AC078846.1	0.540401844540985	-0.00868461746132605	0.99850355776877	-0.00868461746132605
LRBA	0.540532276311414	-0.00251785855960926	0.99850355776877	-0.00251785855960926
C1orf50	0.540561751664385	-0.00807630390866388	0.99850355776877	-0.00807630390866388
ATG4D	0.540803554423647	0.0068121270284546	0.99850355776877	0.0068121270284546
AP002381.2	0.540841084264428	0.00621538458482405	0.99850355776877	0.00621538458482405
PIK3C2B	0.540874751847451	-0.00332905347711848	0.99850355776877	-0.00332905347711848
IER3IP1	0.54092641588341	0.00637693105205154	0.99850355776877	0.00637693105205154
SKIV2L	0.541027315956753	0.00915131741114661	0.99850355776877	0.00915131741114661
SACM1L	0.541029003849142	0.0052150423867133	0.99850355776877	0.0052150423867133
NGLY1	0.541093087642266	0.00434826432136046	0.99850355776877	0.00434826432136046
CEP97	0.541110925876583	-0.00316872676341559	0.99850355776877	-0.00316872676341559
HNRNPU	0.541203583078514	-0.0025634412542064	0.99850355776877	-0.0025634412542064
ZDHHC21	0.541234715638819	-0.00483657713461418	0.99850355776877	-0.00483657713461418
AC091946.1	0.541244382159213	-0.0105402638020247	0.99850355776877	-0.0105402638020247
KDM5B	0.541308426354371	-0.0054862208090374	0.99850355776877	-0.0054862208090374
FAHD2A	0.541344554764169	-0.00471426469189162	0.99850355776877	-0.00471426469189162
MYH15	0.541392787321197	0.00983479959239927	0.99850355776877	0.00983479959239927
EPRS	0.54148946232234	0.00378374593433144	0.99850355776877	0.00378374593433144
GPI	0.541556296483455	-0.00354404231354477	0.99850355776877	-0.00354404231354477
COMMD2	0.541640924610563	0.00661938018174867	0.99850355776877	0.00661938018174867
MAML1	0.541758558866077	0.00505392815902346	0.99850355776877	0.00505392815902346
DENND4B	0.541832696083214	0.00376549101933583	0.99850355776877	0.00376549101933583
PLD5	0.541913814018913	-0.00379630215355834	0.99850355776877	-0.00379630215355834
PRPF3	0.541983607221363	0.0052426265177301	0.99850355776877	0.0052426265177301
MARK1	0.542048825029319	-0.00969535118696154	0.99850355776877	-0.00969535118696154
ILF3-DT	0.542094936034734	0.0049553632294323	0.99850355776877	0.0049553632294323
FBXL19	0.542127276930188	-0.00789990634274719	0.99850355776877	-0.00789990634274719
GBA2	0.542144202428713	0.006065154952837	0.99850355776877	0.006065154952837
TRIM52	0.542151382133276	-0.00635897156493738	0.99850355776877	-0.00635897156493738
MYLK	0.54230112207616	-0.00656257613908008	0.99850355776877	-0.00656257613908008
SOD2	0.542332786951401	-0.00437010359253359	0.99850355776877	-0.00437010359253359
MED4	0.542345719036322	-0.00362008405796192	0.99850355776877	-0.00362008405796192
IER2	0.542482006924267	-0.0091268349005015	0.99850355776877	-0.0091268349005015
MKNK2	0.542484557237164	0.00784376688647146	0.99850355776877	0.00784376688647146
HEATR5B	0.542707132084275	0.00372492319238573	0.99850355776877	0.00372492319238573
TOR1AIP2	0.54275398632761	-0.00468749318064723	0.99850355776877	-0.00468749318064723
XKR4	0.542789346490013	0.0109438653040441	0.99850355776877	0.0109438653040441
PNRC2	0.542894846902848	-0.00802465980783619	0.99850355776877	-0.00802465980783619
CIC	0.54294132347043	-0.00657871820098268	0.99850355776877	-0.00657871820098268
PSAP	0.543020990627152	0.00463252839253491	0.99850355776877	0.00463252839253491
ASIC3	0.54310336430934	0.00636242956953485	0.99850355776877	0.00636242956953485
ISOC2	0.543136931491663	-0.00787226037535282	0.99850355776877	-0.00787226037535282
EIF1B	0.543297061838662	-0.00824218440676579	0.99850355776877	-0.00824218440676579
VIRMA	0.543315652712252	0.00391393500204144	0.99850355776877	0.00391393500204144
FRA10AC1	0.543472977000152	-0.00377878784556502	0.99850355776877	-0.00377878784556502
CCT7	0.543475935431563	-0.00968218166598638	0.99850355776877	-0.00968218166598638
ZNF865	0.543675836254472	-0.00801247196817008	0.99850355776877	-0.00801247196817008
TBCD	0.543739723787783	-0.00405540384464717	0.99850355776877	-0.00405540384464717
TYW3	0.543752384087893	0.0059233254103114	0.99850355776877	0.0059233254103114
SCAMP5	0.543770596718718	0.00653456881361205	0.99850355776877	0.00653456881361205
LINC02018	0.543819395753994	0.00550094499749248	0.99850355776877	0.00550094499749248
POLD1	0.543899408815722	-0.0104446392682811	0.99850355776877	-0.0104446392682811
MID1	0.543900185654005	0.00598271625304596	0.99850355776877	0.00598271625304596
PRR7-AS1	0.543910500179359	-0.0105888124568336	0.99850355776877	-0.0105888124568336
RIPOR1	0.544104495643447	-0.0112444620926595	0.99850355776877	-0.0112444620926595
IMMT	0.544169110645331	-0.00486611496415477	0.99850355776877	-0.00486611496415477
ZMYM4	0.544278555309803	0.00343601890570382	0.99850355776877	0.00343601890570382
PDCD5	0.544542593660943	-0.00868364665359157	0.99850355776877	-0.00868364665359157
CSNK1G2	0.544640627302752	-0.00561999600443902	0.99850355776877	-0.00561999600443902
YIPF4	0.54489242913834	0.00295701701509783	0.99850355776877	0.00295701701509783
USP48	0.544943483194253	0.002968888908996	0.99850355776877	0.002968888908996
BRF1	0.54497956990665	-0.00408473016968077	0.99850355776877	-0.00408473016968077
HMGA1	0.545096252277085	-0.0105153315380528	0.99850355776877	-0.0105153315380528
CSMD3	0.545159851511894	0.00913575856273375	0.99850355776877	0.00913575856273375
DCAF4	0.545220371360207	0.00924169655105158	0.99850355776877	0.00924169655105158
TUBB3	0.545308712494778	0.0182917923373262	0.99850355776877	0.0182917923373262
SLC7A1	0.545323694100425	-0.00821854915747882	0.99850355776877	-0.00821854915747882
EFNA5	0.545482901479871	0.0130214249457255	0.99850355776877	0.0130214249457255
SENP5	0.545511452223252	-0.00349491346524548	0.99850355776877	-0.00349491346524548
SFRP1	0.54553783222493	-0.00619065749307269	0.99850355776877	-0.00619065749307269
SRRM1	0.545614722976944	-0.00381350611822062	0.99850355776877	-0.00381350611822062
AC022075.1	0.545675353786728	-0.00746801592005968	0.99850355776877	-0.00746801592005968
GJA9	0.545723929095183	0.00867540780794001	0.99850355776877	0.00867540780794001
AC079336.4	0.545775876242586	0.0160029290172852	0.99850355776877	0.0160029290172852
SHC2	0.545795136238412	0.00790723840923221	0.99850355776877	0.00790723840923221
AL139317.5	0.545799308263889	0.00463160282277392	0.99850355776877	0.00463160282277392
DZANK1	0.545823574817133	0.00702802389408996	0.99850355776877	0.00702802389408996
MED17	0.546221557439262	-0.0061532321961246	0.99850355776877	-0.0061532321961246
PCGF3	0.5462240375441	0.00496393266817367	0.99850355776877	0.00496393266817367
CCDC171	0.546326012655754	-0.00506641646261569	0.99850355776877	-0.00506641646261569
KIF3C	0.546491222751123	-0.00702121512054145	0.99850355776877	-0.00702121512054145
ACOT11	0.546592435181756	0.0101269472805875	0.99850355776877	0.0101269472805875
SRM	0.546618512329242	0.00716572570248856	0.99850355776877	0.00716572570248856
AC027130.1	0.546688381662004	0.0114895610255854	0.99850355776877	0.0114895610255854
CACNA1A	0.546818784860312	-0.0111139654307568	0.99850355776877	-0.0111139654307568
NAIP	0.546876758228723	0.00480010779398704	0.99850355776877	0.00480010779398704
CIAO2A	0.546986202731033	0.00515690526628672	0.99850355776877	0.00515690526628672
PLEKHB1	0.547085087979588	0.00395885840922131	0.99850355776877	0.00395885840922131
SIGMAR1	0.547386104294031	-0.0107195745359768	0.99850355776877	-0.0107195745359768
NDUFV1	0.547408783564425	-0.00437504008574288	0.99850355776877	-0.00437504008574288
RER1	0.547461495003494	0.00478641367907303	0.99850355776877	0.00478641367907303
DCAF10	0.54749946319946	-0.00341570191897599	0.99850355776877	-0.00341570191897599
TIMM9	0.547662035513105	-0.00665646205360801	0.99850355776877	-0.00665646205360801
LINC00294	0.547759158128128	0.00836972629708025	0.99850355776877	0.00836972629708025
ADGRE5	0.547855543276979	-0.00715195771648422	0.99850355776877	-0.00715195771648422
INPP5A	0.548003235448457	-0.00395942551928082	0.99850355776877	-0.00395942551928082
IFNAR2	0.548092990248537	-0.00410045208491515	0.99850355776877	-0.00410045208491515
DESI2	0.54812012019666	-0.00517655698468034	0.99850355776877	-0.00517655698468034
TNRC6A	0.548185211719291	0.00264319209355648	0.99850355776877	0.00264319209355648
RNF123	0.548431628593657	-0.00944220174735836	0.99850355776877	-0.00944220174735836
CLIC4	0.54860872072798	0.00291577572589227	0.99850355776877	0.00291577572589227
USO1	0.548611519258197	0.0036062501201097	0.99850355776877	0.0036062501201097
TBC1D24	0.548740329781669	0.0094535381850191	0.99850355776877	0.0094535381850191
DAPK1	0.548762461435554	-0.0139039926573728	0.99850355776877	-0.0139039926573728
DHX38	0.548796157777924	0.00559599461019808	0.99850355776877	0.00559599461019808
GUCA1B	0.548800901971339	-0.00633667462101205	0.99850355776877	-0.00633667462101205
KCNMB3	0.548876849625768	-0.00850257160222527	0.99850355776877	-0.00850257160222527
MORC3	0.548961937148873	0.00415151581843933	0.99850355776877	0.00415151581843933
PAPPA2	0.549157096960922	0.00796960963420182	0.99850355776877	0.00796960963420182
SLF2	0.549171640878682	-0.00327595439266702	0.99850355776877	-0.00327595439266702
SEPTIN4	0.549234013343588	0.00373509789113496	0.99850355776877	0.00373509789113496
AC090518.1	0.549249014592434	0.00939776809046733	0.99850355776877	0.00939776809046733
NBPF12	0.549275506069146	0.00463626093492132	0.99850355776877	0.00463626093492132
MAT2B	0.549306225715715	-0.00926462591006587	0.99850355776877	-0.00926462591006587
NSD2	0.549451161096589	0.00322013961200391	0.99850355776877	0.00322013961200391
RPL7A	0.549634648841937	-0.0077419923240139	0.99850355776877	-0.0077419923240139
RDH5	0.54967586964241	-0.00950650494105782	0.99850355776877	-0.00950650494105782
UGCG	0.549688139394768	0.00801664989343748	0.99850355776877	0.00801664989343748
MRPS10	0.549734773838506	0.00644185507893258	0.99850355776877	0.00644185507893258
STPG4	0.549895445879022	0.00822603192825738	0.99850355776877	0.00822603192825738
FAT3	0.549927442457992	0.0128162792758084	0.99850355776877	0.0128162792758084
INSIG2	0.550031130028883	-0.00738880973318083	0.99850355776877	-0.00738880973318083
CSE1L	0.550100815588245	-0.00467113175545697	0.99850355776877	-0.00467113175545697
DNAH17	0.550137868107723	-0.00587054484190216	0.99850355776877	-0.00587054484190216
SYNGR1	0.550165576540938	-0.00766491185537245	0.99850355776877	-0.00766491185537245
SKA2	0.550209619891488	-0.00432415145768283	0.99850355776877	-0.00432415145768283
PHF7	0.550463391335371	0.00545799071375903	0.99850355776877	0.00545799071375903
NOS1	0.550755106883001	0.00728658621879834	0.99850355776877	0.00728658621879834
SHANK2	0.550782457524635	-0.00929515228308861	0.99850355776877	-0.00929515228308861
MRPS34	0.550817720278819	0.0105000239196809	0.99850355776877	0.0105000239196809
PDS5B	0.550871281189269	-0.00277106886432785	0.99850355776877	-0.00277106886432785
AL591043.2	0.55091018982545	0.00535484957706705	0.99850355776877	0.00535484957706705
CUL9	0.550913321762913	0.0059198918797691	0.99850355776877	0.0059198918797691
AC006994.2	0.551062303771962	0.011553198127453	0.99850355776877	0.011553198127453
FNIP2	0.551142917581226	-0.00225624042265094	0.99850355776877	-0.00225624042265094
CLOCK	0.551164312746867	0.00381668371877925	0.99850355776877	0.00381668371877925
PCDH11X	0.551393881423566	0.0131170017832274	0.99850355776877	0.0131170017832274
CCDC137	0.551396221076478	-0.0073321867290683	0.99850355776877	-0.0073321867290683
GABARAP	0.551434208451708	-0.00764951947486874	0.99850355776877	-0.00764951947486874
ZNF512	0.551455670264178	0.00514207027803047	0.99850355776877	0.00514207027803047
ZBTB20-AS5	0.55155781366637	0.0133963981121157	0.99850355776877	0.0133963981121157
HADHA	0.551695538663107	-0.00367871709234898	0.99850355776877	-0.00367871709234898
NDUFS4	0.551703506308899	0.00410413116322981	0.99850355776877	0.00410413116322981
CFAP44	0.551872589403058	-0.00600554221383983	0.99850355776877	-0.00600554221383983
AL645465.1	0.551954399833657	-0.00576103392325935	0.99850355776877	-0.00576103392325935
COA1	0.552110793840066	-0.00354005872191125	0.99850355776877	-0.00354005872191125
CDH20	0.55216308904323	-0.00218160772966701	0.99850355776877	-0.00218160772966701
STK11IP	0.552209138664918	0.00957181212255226	0.99850355776877	0.00957181212255226
KCTD3	0.55227631690872	0.00293882263140886	0.99850355776877	0.00293882263140886
CEP295	0.552304307922798	-0.00460889712835104	0.99850355776877	-0.00460889712835104
TAF4B	0.552435376544819	-0.00799636932967213	0.99850355776877	-0.00799636932967213
CARHSP1	0.552453679396319	0.00371050927887727	0.99850355776877	0.00371050927887727
CSNK2B	0.552471980000617	-0.00739513176497902	0.99850355776877	-0.00739513176497902
SLC11A2	0.552507497991742	0.00309640594947322	0.99850355776877	0.00309640594947322
RBM15B	0.552661587738548	-0.00949061611174554	0.99850355776877	-0.00949061611174554
LINC02610	0.552697221305354	-0.0105641402353914	0.99850355776877	-0.0105641402353914
ALG6	0.552702694042488	-0.00672148197535355	0.99850355776877	-0.00672148197535355
ZYG11B	0.552728465401895	0.00414589707808079	0.99850355776877	0.00414589707808079
ACTR2	0.552856673704199	0.00512089143893009	0.99850355776877	0.00512089143893009
DAPK3	0.552897495826873	-0.00767168535266725	0.99850355776877	-0.00767168535266725
ERMARD	0.552963689695181	0.00621252650273066	0.99850355776877	0.00621252650273066
AC132153.1	0.553006336034795	0.0065086952830937	0.99850355776877	0.0065086952830937
SYAP1	0.553139571277378	0.00447166611865884	0.99850355776877	0.00447166611865884
BCO2	0.553282440707353	0.006070616035696	0.99850355776877	0.006070616035696
SNRPA	0.553441972101799	-0.00670082329181305	0.99850355776877	-0.00670082329181305
UPF3B	0.553479869584623	-0.00330399120605478	0.99850355776877	-0.00330399120605478
AC006001.2	0.553481331778534	0.00379292384808367	0.99850355776877	0.00379292384808367
PNISR	0.553643343601094	-0.00310702814666325	0.99850355776877	-0.00310702814666325
CHGA	0.553970628194816	0.0195500772572456	0.99850355776877	0.0195500772572456
ATP2A2	0.554128882198945	0.00396994686567595	0.99850355776877	0.00396994686567595
RIDA	0.554234460761007	0.00744391753611782	0.99850355776877	0.00744391753611782
RAB11FIP3	0.554303755751111	0.00324279669964723	0.99850355776877	0.00324279669964723
ATF6B	0.554405415766302	0.00455456527539956	0.99850355776877	0.00455456527539956
IREB2	0.554439525866533	-0.00360894279150664	0.99850355776877	-0.00360894279150664
AATK	0.554497173570106	0.0026649732311499	0.99850355776877	0.0026649732311499
GTF2I	0.5545364435014	-0.00168521234844858	0.99850355776877	-0.00168521234844858
SHLD2	0.554684583642776	0.00416497595675516	0.99850355776877	0.00416497595675516
UBAC2	0.554739990646172	0.00398924804719493	0.99850355776877	0.00398924804719493
CUL1	0.554811139343593	0.00279478383464045	0.99850355776877	0.00279478383464045
ZCCHC4	0.554880147427724	-0.00718983732345447	0.99850355776877	-0.00718983732345447
TCF3	0.554902346143475	-0.00723916453039091	0.99850355776877	-0.00723916453039091
ST3GAL2	0.554925053366232	0.00595401011646743	0.99850355776877	0.00595401011646743
MTA1	0.554932286073089	-0.00470579178923129	0.99850355776877	-0.00470579178923129
FASTK	0.554933256840985	0.00528671689920188	0.99850355776877	0.00528671689920188
PDE9A	0.555172391705997	-0.00674704492765205	0.99850355776877	-0.00674704492765205
AC090115.1	0.555196593601819	-0.00874887437116412	0.99850355776877	-0.00874887437116412
ATP5MC3	0.55522194826277	-0.0144041014284313	0.99850355776877	-0.0144041014284313
NIT2	0.555371315244077	-0.00969918501525053	0.99850355776877	-0.00969918501525053
CABCOCO1	0.555397273184462	-0.00779521233861708	0.99850355776877	-0.00779521233861708
C19orf38	0.55557960544256	0.00961498265722951	0.99850355776877	0.00961498265722951
RGS7	0.555695311757777	0.0104071761091948	0.99850355776877	0.0104071761091948
GLCE	0.555901455132448	0.00367995275471587	0.99850355776877	0.00367995275471587
AL445250.1	0.555935721164566	-0.00695579414998134	0.99850355776877	-0.00695579414998134
CXADR	0.555947846852763	0.00401927930257932	0.99850355776877	0.00401927930257932
AC021752.1	0.556086969018095	0.00511767033919817	0.99850355776877	0.00511767033919817
MIR181A1HG	0.55644878923336	0.00266838365800624	0.99850355776877	0.00266838365800624
KAT2B	0.556470841949195	0.00238424164959716	0.99850355776877	0.00238424164959716
COQ5	0.556512133867064	0.00511478557900468	0.99850355776877	0.00511478557900468
FLAD1	0.556520790674669	0.00639745874143295	0.99850355776877	0.00639745874143295
MTFMT	0.556539268091184	0.00655299655910547	0.99850355776877	0.00655299655910547
SNX15	0.556565123797945	0.00917085098089354	0.99850355776877	0.00917085098089354
SAMD1	0.556798596465165	-0.00555224444239348	0.99850355776877	-0.00555224444239348
FCF1	0.556846069752015	0.00513840614106167	0.99850355776877	0.00513840614106167
CASC3	0.557198706908762	0.00367777163469572	0.99850355776877	0.00367777163469572
NR1H3	0.557351648041307	0.00558574817376357	0.99850355776877	0.00558574817376357
TGOLN2	0.557413108137802	-0.00426991319963179	0.99850355776877	-0.00426991319963179
ST6GALNAC3	0.557481637460177	0.00257770161331137	0.99850355776877	0.00257770161331137
DDX3X	0.557560508371667	-0.00449533165511819	0.99850355776877	-0.00449533165511819
TTL	0.557628082044856	0.00346334653507965	0.99850355776877	0.00346334653507965
LGR5	0.557868559057678	-0.00422137379552096	0.99850355776877	-0.00422137379552096
EIF3H	0.557907497410922	-0.00353446174403471	0.99850355776877	-0.00353446174403471
PRRC2A	0.558007955290533	0.00386748906219783	0.99850355776877	0.00386748906219783
METTL26	0.558116194559058	0.00773634958448783	0.99850355776877	0.00773634958448783
RPL34	0.558623541207455	0.00841247824492506	0.99850355776877	0.00841247824492506
SNAPC1	0.558717586018466	-0.00800283559368788	0.99850355776877	-0.00800283559368788
ATP10B	0.558776240135155	0.00268907012480531	0.99850355776877	0.00268907012480531
ATP5MD	0.558891684126953	0.011505971261986	0.99850355776877	0.011505971261986
SPOCK1	0.558990608457697	-0.0019135008571421	0.99850355776877	-0.0019135008571421
SWI5	0.559041594838827	-0.00463967561021533	0.99850355776877	-0.00463967561021533
ESCO1	0.559199112645094	0.00451750294009088	0.99850355776877	0.00451750294009088
TRAF1	0.559214731946797	-0.0070681280726081	0.99850355776877	-0.0070681280726081
DCAF6	0.559441524424016	0.00527058628078483	0.99850355776877	0.00527058628078483
PMP2	0.559460219474587	0.00596295884158929	0.99850355776877	0.00596295884158929
NDUFA1	0.559704195456663	0.0120476724777836	0.99850355776877	0.0120476724777836
KANK1	0.559988684356038	-0.00253223089664661	0.99850355776877	-0.00253223089664661
UQCRC2	0.560040131146642	0.00474351163297316	0.99850355776877	0.00474351163297316
ARHGAP26	0.560051206366475	-0.0106929008475187	0.99850355776877	-0.0106929008475187
HMGN4	0.560090431476633	-0.00834219870125407	0.99850355776877	-0.00834219870125407
ITSN1	0.560099341283625	-0.00386984630891058	0.99850355776877	-0.00386984630891058
AC091912.3	0.560221292400476	0.00638207511642151	0.99850355776877	0.00638207511642151
HEXA	0.560387988068173	0.00378988933478697	0.99850355776877	0.00378988933478697
RAB35	0.560397389588827	-0.00611099261956198	0.99850355776877	-0.00611099261956198
AC012363.1	0.560454990956303	0.00746090020463382	0.99850355776877	0.00746090020463382
SLC30A5	0.560474664640538	-0.00496238330115308	0.99850355776877	-0.00496238330115308
ZNF664	0.560626233418433	0.00601010366436113	0.99850355776877	0.00601010366436113
TMEM167B	0.560819699160198	0.00749408689909888	0.99850355776877	0.00749408689909888
HMGB1	0.561082820954672	0.00246116910018686	0.99850355776877	0.00246116910018686
CHL1	0.561435872487757	-0.0126595018419723	0.99850355776877	-0.0126595018419723
BCAP29	0.561523144019775	0.00666472704690149	0.99850355776877	0.00666472704690149
CLIP3	0.561538084691537	-0.00820958722254749	0.99850355776877	-0.00820958722254749
ZNF594	0.56155264103742	-0.00601931262971073	0.99850355776877	-0.00601931262971073
NOL3	0.561716081479541	-0.00576580343581199	0.99850355776877	-0.00576580343581199
MRPL27	0.561818848443607	0.0108057850030552	0.99850355776877	0.0108057850030552
PGBD5	0.561887713989754	-0.00362395779215217	0.99850355776877	-0.00362395779215217
VKORC1L1	0.562253324717851	0.00383787710476838	0.99850355776877	0.00383787710476838
CNOT6L	0.562321829779033	-0.00367438645490673	0.99850355776877	-0.00367438645490673
CDC26	0.562323055309511	0.00798423533261463	0.99850355776877	0.00798423533261463
AC068282.1	0.562391551561659	0.0130364362062171	0.99850355776877	0.0130364362062171
ZSCAN5A	0.562419033018729	0.00490092384402057	0.99850355776877	0.00490092384402057
STARD9	0.562491170385591	-0.0029314122239505	0.99850355776877	-0.0029314122239505
CLPP	0.562503035136527	0.00620965816960188	0.99850355776877	0.00620965816960188
MAGEH1	0.5625665845949	0.00979851190751258	0.99850355776877	0.00979851190751258
RIMKLB	0.56271716361889	0.00918522441933876	0.99850355776877	0.00918522441933876
TOB1-AS1	0.562767481066104	-0.00653309276902896	0.99850355776877	-0.00653309276902896
TTC23L	0.563125221554361	0.00869793024415156	0.99850355776877	0.00869793024415156
NXF1	0.563172691198348	0.00781063030734727	0.99850355776877	0.00781063030734727
LRP2	0.563402059613354	-0.00305171944963141	0.99850355776877	-0.00305171944963141
MYLK-AS1	0.563469420366165	-0.00619424825628806	0.99850355776877	-0.00619424825628806
SUMO2	0.563529942002714	0.00637782952482717	0.99850355776877	0.00637782952482717
GPCPD1	0.563541988012996	0.0100073702115616	0.99850355776877	0.0100073702115616
CUL4B	0.563625057881907	0.00638412818972006	0.99850355776877	0.00638412818972006
NDUFV2	0.563638973417545	-0.00613002396187447	0.99850355776877	-0.00613002396187447
AGAP1	0.563682024964754	-0.00176831993248847	0.99850355776877	-0.00176831993248847
HSPA4L	0.563750640343559	-0.0124539675035687	0.99850355776877	-0.0124539675035687
FA2H	0.563855590484753	0.00238366213819428	0.99850355776877	0.00238366213819428
AC055855.2	0.563968937672522	-0.0102515799497854	0.99850355776877	-0.0102515799497854
MEMO1	0.563979546169579	0.00914217357158881	0.99850355776877	0.00914217357158881
SERPINE2	0.564059637117518	-0.0126731680560423	0.99850355776877	-0.0126731680560423
FAT4	0.564201820265325	-0.00393421920515163	0.99850355776877	-0.00393421920515163
RUSC2	0.564385869465484	0.00307293551721809	0.99850355776877	0.00307293551721809
ZNF92	0.564421435905681	-0.00842519551865163	0.99850355776877	-0.00842519551865163
CPEB1-AS1	0.5646045994195	0.00513894622999199	0.99850355776877	0.00513894622999199
SNX30	0.564714932610397	0.00283329595020818	0.99850355776877	0.00283329595020818
RABL2A	0.564755793402172	0.00515903229109042	0.99850355776877	0.00515903229109042
DDHD1	0.565058253059536	-0.00336433205009772	0.99850355776877	-0.00336433205009772
C18orf54	0.565068520279862	0.00728384942320802	0.99850355776877	0.00728384942320802
ALAD	0.56507107107072	0.00528064170171681	0.99850355776877	0.00528064170171681
PIGC	0.565081310370012	-0.00678665384316105	0.99850355776877	-0.00678665384316105
TSPAN31	0.565143088975958	-0.00645407780337515	0.99850355776877	-0.00645407780337515
PDK1	0.565157747586286	-0.0075325119411134	0.99850355776877	-0.0075325119411134
LRRC37A3	0.565335059796283	-0.00600753684774092	0.99850355776877	-0.00600753684774092
FAM135A	0.565395860122826	-0.00302640320002072	0.99850355776877	-0.00302640320002072
CC2D1B	0.565482601311228	-0.00665957418652824	0.99850355776877	-0.00665957418652824
TRMT44	0.565505530273979	0.00527165651184869	0.99850355776877	0.00527165651184869
GASK1A	0.565517794630582	0.00662852761381705	0.99850355776877	0.00662852761381705
MYL6B	0.565612017330437	0.0116765681528143	0.99850355776877	0.0116765681528143
SORT1	0.565684337468393	-0.00201240935106175	0.99850355776877	-0.00201240935106175
KATNAL2	0.565697510284514	0.00539098582685805	0.99850355776877	0.00539098582685805
CHMP2A	0.565724929344538	-0.00891030795057397	0.99850355776877	-0.00891030795057397
DCLK1	0.565771449170317	-0.0110856923669845	0.99850355776877	-0.0110856923669845
RPS25	0.565809177941405	-0.0081494203801825	0.99850355776877	-0.0081494203801825
TRNT1	0.566233302818488	0.00747948317372352	0.99850355776877	0.00747948317372352
MAP4K2	0.566315358881631	-0.00522267377753876	0.99850355776877	-0.00522267377753876
ATP10D	0.566408687923965	-0.0053449754677472	0.99850355776877	-0.0053449754677472
ZNF670	0.566548044504869	0.00741533898658937	0.99850355776877	0.00741533898658937
SF3B5	0.566611508690801	0.00990450073128431	0.99850355776877	0.00990450073128431
ASF1A	0.566695769212266	-0.00912675399740558	0.99850355776877	-0.00912675399740558
C5orf56	0.566725853630747	-0.00398080217471493	0.99850355776877	-0.00398080217471493
MFAP3L	0.567012809496382	0.0033617378000291	0.99850355776877	0.0033617378000291
TIPARP	0.567086923678826	0.00553035705411607	0.99850355776877	0.00553035705411607
PRDX6	0.567150217449736	0.00793074948779261	0.99850355776877	0.00793074948779261
ZNF341	0.567232039436848	0.0064703358773846	0.99850355776877	0.0064703358773846
SQLE	0.567388041017887	0.00502121260792419	0.99850355776877	0.00502121260792419
MAP9	0.56746915228447	-0.00909267862968456	0.99850355776877	-0.00909267862968456
AC135507.1	0.567573041783719	-0.00778140454400667	0.99850355776877	-0.00778140454400667
NEK3	0.567607584788139	0.00438872756585268	0.99850355776877	0.00438872756585268
PPP2R2D	0.567647516379184	0.00336840205131661	0.99850355776877	0.00336840205131661
FAM181B	0.567764740001828	-0.00836234003482778	0.99850355776877	-0.00836234003482778
OMG	0.567807011459462	-0.00489874439405917	0.99850355776877	-0.00489874439405917
HSPA9	0.567974244827891	0.00370449260265149	0.99850355776877	0.00370449260265149
PITPNB	0.568018471978091	0.00321873872301065	0.99850355776877	0.00321873872301065
LANCL2	0.568166262252448	0.00351884738487809	0.99850355776877	0.00351884738487809
GALNTL6	0.568267731504271	0.0111939428526399	0.99850355776877	0.0111939428526399
SMDT1	0.56831026841791	-0.00837117724977322	0.99850355776877	-0.00837117724977322
CAMK1D	0.568351699682274	0.0114704109725411	0.99850355776877	0.0114704109725411
MAPKAPK5	0.568383649162909	0.00422292115659759	0.99850355776877	0.00422292115659759
DHCR24	0.568487463031776	-0.00554018980007411	0.99850355776877	-0.00554018980007411
CHID1	0.56855552380575	0.00651193507138273	0.99850355776877	0.00651193507138273
NARS2	0.568850996477671	0.00340894591734598	0.99850355776877	0.00340894591734598
SCLT1	0.568860456809097	-0.00349702028256894	0.99850355776877	-0.00349702028256894
CADM1	0.568984883253493	0.00166002627490852	0.99850355776877	0.00166002627490852
AP000446.1	0.569159019987644	-0.00726971310249311	0.99850355776877	-0.00726971310249311
GNAQ	0.56923536960984	0.0017306124981858	0.99850355776877	0.0017306124981858
AC104596.1	0.569557644883419	0.00408010220451575	0.99850355776877	0.00408010220451575
AC091180.2	0.569612084095778	-0.00953663915360406	0.99850355776877	-0.00953663915360406
NOP56	0.569647240665179	0.00448391330441172	0.99850355776877	0.00448391330441172
PHYKPL	0.569683135771028	0.00417188315762683	0.99850355776877	0.00417188315762683
LYPD5	0.569730978313116	0.0073922769243051	0.99850355776877	0.0073922769243051
AGK	0.569738802102692	-0.00480339153592517	0.99850355776877	-0.00480339153592517
RASGRP3	0.569853113778322	-0.00319278636336236	0.99850355776877	-0.00319278636336236
ENDOV	0.569887116452721	-0.0053905969832427	0.99850355776877	-0.0053905969832427
UBE2J2	0.570049974106858	0.00425101710706918	0.99850355776877	0.00425101710706918
MFGE8	0.570146011406124	0.00971265079270992	0.99850355776877	0.00971265079270992
DDX27	0.570153021624475	0.00583794114371669	0.99850355776877	0.00583794114371669
ZNF789	0.570306098216532	-0.00534341071203872	0.99850355776877	-0.00534341071203872
RPS6KA3	0.57030641968557	-0.00591353463956901	0.99850355776877	-0.00591353463956901
TXNL4B	0.570349661224445	-0.00519634056495686	0.99850355776877	-0.00519634056495686
AL117329.1	0.570512680510694	-0.0134314434889505	0.99850355776877	-0.0134314434889505
DHX33	0.57054019112595	-0.00598146031558626	0.99850355776877	-0.00598146031558626
NF1	0.570685801992668	-0.00194224785776396	0.99850355776877	-0.00194224785776396
MYLIP	0.570700447580861	0.00442988203179134	0.99850355776877	0.00442988203179134
SUMO3	0.570839127879641	-0.011332161697841	0.99850355776877	-0.011332161697841
U2AF2	0.57085069600074	-0.00579867497860902	0.99850355776877	-0.00579867497860902
SHPRH	0.570883299906486	-0.00215459855389632	0.99850355776877	-0.00215459855389632
NUP43	0.571127434334165	0.00522025893326383	0.99850355776877	0.00522025893326383
EIF3L	0.571157627480648	0.00582470524578624	0.99850355776877	0.00582470524578624
MNS1	0.57119411235102	-0.0101971560991674	0.99850355776877	-0.0101971560991674
FN3KRP	0.571212388843706	0.00550742973641869	0.99850355776877	0.00550742973641869
TRIM28	0.571265701955843	0.00564339769499484	0.99850355776877	0.00564339769499484
PRKD3	0.571286851934565	0.0060592720210664	0.99850355776877	0.0060592720210664
GABBR2	0.571345080949384	-0.0116210000205234	0.99850355776877	-0.0116210000205234
ZRANB2	0.571378446498991	0.00311465677577098	0.99850355776877	0.00311465677577098
AC048382.5	0.571427456397531	0.00616670178881616	0.99850355776877	0.00616670178881616
AGT	0.571583745180085	-0.00953106082595139	0.99850355776877	-0.00953106082595139
MYL6	0.571631368407347	0.00596039992515493	0.99850355776877	0.00596039992515493
ATP1A1	0.571665949741705	-0.0058585493253093	0.99850355776877	-0.0058585493253093
MRTO4	0.571800644633611	0.00916275078993175	0.99850355776877	0.00916275078993175
DDX19A	0.571996945964467	0.00562154643214446	0.99850355776877	0.00562154643214446
TMEM11	0.572006019405154	0.00907064599263676	0.99850355776877	0.00907064599263676
C1S	0.572174652234333	0.00680769383459607	0.99850355776877	0.00680769383459607
CCDC126	0.572223714241753	-0.00496364624395294	0.99850355776877	-0.00496364624395294
BRAT1	0.572317339107488	0.00597404553852319	0.99850355776877	0.00597404553852319
RPS26	0.572374654692881	-0.00935557071622557	0.99850355776877	-0.00935557071622557
USP49	0.572610191855325	-0.00375763183217454	0.99850355776877	-0.00375763183217454
SMIM13	0.572723546587388	0.00530909310076272	0.99850355776877	0.00530909310076272
AC021054.1	0.572770714188555	0.0108153281806868	0.99850355776877	0.0108153281806868
CLPX	0.572915409924747	0.00422300461017201	0.99850355776877	0.00422300461017201
DDX51	0.57308894709923	0.00577509276990463	0.99850355776877	0.00577509276990463
B4GALT5	0.573195895709733	-0.00462293105641816	0.99850355776877	-0.00462293105641816
CDR2L	0.573298572585599	0.00552902509123308	0.99850355776877	0.00552902509123308
PEG3	0.573356902110954	-0.00653767906129454	0.99850355776877	-0.00653767906129454
MEGF10	0.573450131206859	-0.00237543084063549	0.99850355776877	-0.00237543084063549
SLC17A5	0.573684899746648	-0.0057521294997009	0.99850355776877	-0.0057521294997009
PRIM1	0.573819303009514	-0.00612921689513912	0.99850355776877	-0.00612921689513912
PLEKHA7	0.573894541102603	-0.00575761208993604	0.99850355776877	-0.00575761208993604
RAB3GAP1	0.573918767604272	0.00288410370103413	0.99850355776877	0.00288410370103413
VCP	0.574002904011755	-0.00459615525331452	0.99850355776877	-0.00459615525331452
TMX3	0.574095092587561	0.00468089618859733	0.99850355776877	0.00468089618859733
SNHG21	0.574345563945	0.00894464982309222	0.99850355776877	0.00894464982309222
ROGDI	0.574384365738168	0.00513342928368127	0.99850355776877	0.00513342928368127
NPRL3	0.574484462580316	-0.00324979761185755	0.99850355776877	-0.00324979761185755
CLTA	0.574724075408691	-0.00335583787889319	0.99850355776877	-0.00335583787889319
LENG8-AS1	0.574808736660515	-0.00838278721969826	0.99850355776877	-0.00838278721969826
PTPRU	0.57493870574547	-0.0131704524262526	0.99850355776877	-0.0131704524262526
LRP4-AS1	0.575022814270566	-0.0137115329529076	0.99850355776877	-0.0137115329529076
ALDOC	0.575074511266076	0.0120688920207647	0.99850355776877	0.0120688920207647
ALG11	0.575160085358322	0.00948794982249527	0.99850355776877	0.00948794982249527
AC127024.2	0.575415220229811	-0.00875931790007863	0.99850355776877	-0.00875931790007863
FRMD5	0.57546623336004	-0.00138492707832077	0.99850355776877	-0.00138492707832077
POLA1	0.575737516346927	0.00326501560340825	0.99850355776877	0.00326501560340825
MFSD8	0.575854525399759	-0.0054817229097372	0.99850355776877	-0.0054817229097372
COPB1	0.575916772050633	0.00386146459139507	0.99850355776877	0.00386146459139507
ADAM12	0.575993254655516	-0.00455807108650407	0.99850355776877	-0.00455807108650407
AL033523.1	0.576017146995447	0.00545986535263288	0.99850355776877	0.00545986535263288
ADGRL3	0.576035355316741	0.00367113852505754	0.99850355776877	0.00367113852505754
BMPR1A	0.57609318260067	-0.00293820968210226	0.99850355776877	-0.00293820968210226
HSPA2	0.576225524602254	-0.00548950147836193	0.99850355776877	-0.00548950147836193
REST	0.576338350298881	-0.00511771541541352	0.99850355776877	-0.00511771541541352
AK3	0.576378194195049	0.00352434619826498	0.99850355776877	0.00352434619826498
MED21	0.576434713509321	-0.00751341776248056	0.99850355776877	-0.00751341776248056
TFIP11	0.576479265428513	0.0078858355930699	0.99850355776877	0.0078858355930699
RBMX	0.576505475215355	0.00310040155742709	0.99850355776877	0.00310040155742709
NIPBL-DT	0.576528930626937	-0.00623587799130241	0.99850355776877	-0.00623587799130241
TRMT2A	0.576596793395064	0.00682069522528072	0.99850355776877	0.00682069522528072
KPNA2	0.576690570638729	0.0107187730353973	0.99850355776877	0.0107187730353973
RMDN1	0.576700585249457	0.00407740310665669	0.99850355776877	0.00407740310665669
ARHGEF18	0.576722228616574	-0.00364935969275406	0.99850355776877	-0.00364935969275406
AC087854.1	0.576832717871218	-0.00693427122242814	0.99850355776877	-0.00693427122242814
CEP170	0.576840343732029	0.00246557077837322	0.99850355776877	0.00246557077837322
CLN5	0.576899043711091	0.00539746283906204	0.99850355776877	0.00539746283906204
GLUL	0.576902632178274	-0.00427101296300447	0.99850355776877	-0.00427101296300447
SNHG32	0.576976246676081	-0.00974003874449255	0.99850355776877	-0.00974003874449255
SAMM50	0.577008737841934	-0.00722473066887559	0.99850355776877	-0.00722473066887559
AC006059.1	0.577140173798474	0.00435326695399449	0.99850355776877	0.00435326695399449
RPL22	0.577185665071925	0.00713343727380494	0.99850355776877	0.00713343727380494
PRTFDC1	0.577353025190928	0.00305808738651171	0.99850355776877	0.00305808738651171
ESRRA	0.577391498192559	0.00657424891293281	0.99850355776877	0.00657424891293281
SARM1	0.577436463568649	0.00446961049096314	0.99850355776877	0.00446961049096314
PARN	0.577523933540326	0.00339650230088498	0.99850355776877	0.00339650230088498
PCNT	0.577669239033365	-0.00519122119327732	0.99850355776877	-0.00519122119327732
AC004466.1	0.577736699526928	0.00987742602856066	0.99850355776877	0.00987742602856066
PTPRD	0.577763505791754	0.00167356340460957	0.99850355776877	0.00167356340460957
SLC25A44	0.577771612001045	0.00658585898863434	0.99850355776877	0.00658585898863434
TATDN1	0.577887481155105	0.00343565738439289	0.99850355776877	0.00343565738439289
BMPR2	0.577981234503594	-0.00523636287978961	0.99850355776877	-0.00523636287978961
PIN1	0.57814884507872	-0.00792378064005385	0.99850355776877	-0.00792378064005385
NIPAL4	0.578215664782177	-0.008792666331316	0.99850355776877	-0.008792666331316
GRIN2A	0.578246773146964	-0.00744375766118206	0.99850355776877	-0.00744375766118206
ICE1	0.578258779475408	-0.00335574560885333	0.99850355776877	-0.00335574560885333
CEP192	0.578260933424152	0.00300470833818155	0.99850355776877	0.00300470833818155
MANSC1	0.57830663525258	0.00744675268164934	0.99850355776877	0.00744675268164934
LRRC7	0.578347682450889	0.00316667473501394	0.99850355776877	0.00316667473501394
LINC02175	0.5786303003941	0.00453662464166214	0.99850355776877	0.00453662464166214
AC139887.2	0.578771513816809	0.00435491974642164	0.99850355776877	0.00435491974642164
PSMD12	0.578781136689039	0.00550312785091559	0.99850355776877	0.00550312785091559
ZSWIM4	0.578941422477291	0.00874573024060272	0.99850355776877	0.00874573024060272
TTTY10	0.578986227932536	-0.00785113628617391	0.99850355776877	-0.00785113628617391
SCRN1	0.579265463080578	0.00596718738493244	0.99850355776877	0.00596718738493244
AL110114.1	0.579267133041925	0.00493430791844191	0.99850355776877	0.00493430791844191
ASB8	0.57929318357909	-0.00604568216569619	0.99850355776877	-0.00604568216569619
ABCC10	0.579309713578448	0.00628515534251175	0.99850355776877	0.00628515534251175
FLII	0.579322870960416	0.00449878141367895	0.99850355776877	0.00449878141367895
GAS7	0.579411593167552	-0.00252285353337158	0.99850355776877	-0.00252285353337158
TOM1L2	0.57955293870004	0.00215892072357343	0.99850355776877	0.00215892072357343
ZCCHC2	0.579624508583101	-0.00392803549329257	0.99850355776877	-0.00392803549329257
SEC61A2	0.579714754311969	0.0046658052876967	0.99850355776877	0.0046658052876967
PPP4R3A	0.580019718864758	-0.00312173249270205	0.99850355776877	-0.00312173249270205
CPOX	0.580169649095662	0.00309691191146925	0.99850355776877	0.00309691191146925
SSPN	0.580249024687764	-0.00577624489360829	0.99850355776877	-0.00577624489360829
LACTB	0.580260592635628	0.0064299126167151	0.99850355776877	0.0064299126167151
RNF185	0.580369201686202	-0.00408618246689261	0.99850355776877	-0.00408618246689261
TMSB10	0.580432036087632	0.0115309793793248	0.99850355776877	0.0115309793793248
DOK6	0.580446417686758	0.0117201500910168	0.99850355776877	0.0117201500910168
PABPC4	0.580691092070144	0.00661729605808568	0.99850355776877	0.00661729605808568
CTCF	0.580740377446147	0.00357240300123228	0.99850355776877	0.00357240300123228
DNAJC3	0.580973754838855	-0.00344565703095332	0.99850355776877	-0.00344565703095332
TFRC	0.581126494210285	-0.00875891550180719	0.99850355776877	-0.00875891550180719
GLB1	0.581194299826184	0.00500283325618387	0.99850355776877	0.00500283325618387
TRIM47	0.581313097952127	-0.00975083759673579	0.99850355776877	-0.00975083759673579
TOMM6	0.581328773237782	-0.00829359960064816	0.99850355776877	-0.00829359960064816
FBXO45	0.581381337074957	0.0088918402825354	0.99850355776877	0.0088918402825354
SYBU	0.581452205376208	0.0168473699903796	0.99850355776877	0.0168473699903796
ACSF3	0.581836534214515	0.00552516067506629	0.99850355776877	0.00552516067506629
ZNF460-AS1	0.581860302736831	-0.00595868335539662	0.99850355776877	-0.00595868335539662
CYB5R1	0.58195544240355	-0.00843997636925552	0.99850355776877	-0.00843997636925552
IPP	0.581965179320792	-0.00567013045774515	0.99850355776877	-0.00567013045774515
AC010894.3	0.58204091440432	-0.0112724903491856	0.99850355776877	-0.0112724903491856
IRF3	0.582049708629457	-0.00503984088865083	0.99850355776877	-0.00503984088865083
SYNJ2	0.582169090098754	-0.00201020821992116	0.99850355776877	-0.00201020821992116
PRMT3	0.58236090267124	0.003688303546831	0.99850355776877	0.003688303546831
SNHG15	0.582552762181766	-0.00901126028171966	0.99850355776877	-0.00901126028171966
TENT2	0.582600926961062	0.00257150779341697	0.99850355776877	0.00257150779341697
ZNF667	0.582690863156879	-0.00621263781550799	0.99850355776877	-0.00621263781550799
NXPE3	0.582719500246351	0.00239371289737354	0.99850355776877	0.00239371289737354
EEF1A1	0.582720492188266	0.00549470022270913	0.99850355776877	0.00549470022270913
TLN1	0.58272887953741	0.00491382873161901	0.99850355776877	0.00491382873161901
FOXK1	0.582756188962117	0.00254563170390697	0.99850355776877	0.00254563170390697
QDPR	0.582784372847093	-0.00282956432917814	0.99850355776877	-0.00282956432917814
ZFAND6	0.582970877400286	-0.00316556643018028	0.99850355776877	-0.00316556643018028
ESS2	0.583052156459586	0.0102469621875868	0.99850355776877	0.0102469621875868
CCDC92	0.583170968954867	-0.00355345818681156	0.99850355776877	-0.00355345818681156
BACE1	0.583173944368757	0.0033165695310922	0.99850355776877	0.0033165695310922
QSER1	0.583183014797954	-0.00340752368486274	0.99850355776877	-0.00340752368486274
TRMT10C	0.583244571952027	-0.0108251075955086	0.99850355776877	-0.0108251075955086
C5orf64	0.583258492913504	-0.00340949776314224	0.99850355776877	-0.00340949776314224
ITSN2	0.58337454644372	0.00229853581830568	0.99850355776877	0.00229853581830568
KCNN3	0.583424358831253	0.00805477193078917	0.99850355776877	0.00805477193078917
MARCKSL1	0.583454718894465	-0.00524807486273257	0.99850355776877	-0.00524807486273257
CEP135	0.583685083775654	0.00600389578070872	0.99850355776877	0.00600389578070872
EHBP1	0.583885291387347	-0.0034581690188551	0.99850355776877	-0.0034581690188551
JADE1	0.583899505611869	0.00476688492717636	0.99850355776877	0.00476688492717636
SNRPF	0.583967457010907	-0.00582429172858997	0.99850355776877	-0.00582429172858997
MRPS25	0.584008514337736	-0.00490707607443965	0.99850355776877	-0.00490707607443965
NCAPG2	0.584199595405829	0.00651527476204643	0.99850355776877	0.00651527476204643
GFM2	0.584205602566145	-0.00487497382483701	0.99850355776877	-0.00487497382483701
DDA1	0.584313028048602	0.00748970036665063	0.99850355776877	0.00748970036665063
UTP14A	0.584425516527902	-0.00768501996040842	0.99850355776877	-0.00768501996040842
BTBD3	0.58468059356051	0.0026702502777415	0.99850355776877	0.0026702502777415
PPIL6	0.584690714557304	0.00849119491819704	0.99850355776877	0.00849119491819704
ACSS1	0.584713003098326	-0.00382987228818413	0.99850355776877	-0.00382987228818413
GCC2	0.584770905975831	-0.00419975403644343	0.99850355776877	-0.00419975403644343
KLHL26	0.584854040481682	0.00821281272838526	0.99850355776877	0.00821281272838526
HEXD	0.584879389067171	-0.00406816631999528	0.99850355776877	-0.00406816631999528
CLDN15	0.584884368656571	-0.0061029549945582	0.99850355776877	-0.0061029549945582
SLC2A13	0.584995226314159	0.0104772061493708	0.99850355776877	0.0104772061493708
FXYD6	0.585062065995312	0.00968517369623386	0.99850355776877	0.00968517369623386
AC005786.3	0.585121757670978	-0.00903730196924855	0.99850355776877	-0.00903730196924855
ZCCHC9	0.585241070090455	0.00691451189255204	0.99850355776877	0.00691451189255204
ERCC4	0.585260742977907	-0.00453116202254937	0.99850355776877	-0.00453116202254937
MYBBP1A	0.585524539941729	-0.00877801728116832	0.99850355776877	-0.00877801728116832
CALM1	0.585524615847893	0.00417791363720664	0.99850355776877	0.00417791363720664
RASSF1	0.585857279175573	-0.00657399792422954	0.99850355776877	-0.00657399792422954
ZBED1	0.58594313603925	0.00809744829875163	0.99850355776877	0.00809744829875163
MAP3K13	0.586133623438164	-0.0051261214576314	0.99850355776877	-0.0051261214576314
CRCP	0.586279620444952	-0.00454790322889207	0.99850355776877	-0.00454790322889207
PAIP2B	0.586342605133892	-0.00419825409719089	0.99850355776877	-0.00419825409719089
RNF168	0.586417877078595	-0.00369363976722269	0.99850355776877	-0.00369363976722269
NDUFS1	0.586457219314523	-0.00281227094585002	0.99850355776877	-0.00281227094585002
ABCB6	0.586457401531064	-0.00790691522451818	0.99850355776877	-0.00790691522451818
ORC2	0.586594650604158	-0.00307298616598991	0.99850355776877	-0.00307298616598991
EIF3B	0.586665089002957	0.00391587281228188	0.99850355776877	0.00391587281228188
RAPGEF3	0.586686753199727	0.00384329201027688	0.99850355776877	0.00384329201027688
PGLS	0.586763081221605	0.00535911302837288	0.99850355776877	0.00535911302837288
ABLIM2	0.586783869370219	0.00694119910143653	0.99850355776877	0.00694119910143653
FAM228B	0.586793378376706	-0.0034550460097247	0.99850355776877	-0.0034550460097247
MCCC1	0.587074680558578	-0.00263988538499322	0.99850355776877	-0.00263988538499322
STRN4	0.58708462719074	-0.0052699396021663	0.99850355776877	-0.0052699396021663
HOOK3	0.587311136116925	0.0025341043332293	0.99850355776877	0.0025341043332293
FBXO44	0.587344924466453	-0.00957086016833037	0.99850355776877	-0.00957086016833037
GART	0.587497214335637	0.00519027096575056	0.99850355776877	0.00519027096575056
AL365259.1	0.587555535059379	-0.00705543608508598	0.99850355776877	-0.00705543608508598
UBAP2	0.587667245666984	0.00313763073974098	0.99850355776877	0.00313763073974098
NHP2	0.587815207313501	0.00943249788846504	0.99850355776877	0.00943249788846504
ZNF626	0.587990115432535	0.0034254379372094	0.99850355776877	0.0034254379372094
SAP30L	0.588024105599269	-0.00680122454074614	0.99850355776877	-0.00680122454074614
ARHGAP33	0.588473030355155	0.00513144796456702	0.99850355776877	0.00513144796456702
SOCS7	0.588609426634828	0.00411651886085237	0.99850355776877	0.00411651886085237
KPNA4	0.58861508680697	0.00341208776567348	0.99850355776877	0.00341208776567348
ZNHIT6	0.588867483836016	-0.00322839304313201	0.99850355776877	-0.00322839304313201
ZNF326	0.589040275996681	-0.00328170812918293	0.99850355776877	-0.00328170812918293
LINGO1	0.589083779451422	-0.00971530055854518	0.99850355776877	-0.00971530055854518
MAN2B2	0.589281275127177	-0.00519379302046671	0.99850355776877	-0.00519379302046671
AL157911.1	0.589323748828503	0.00851373998290474	0.99850355776877	0.00851373998290474
ETAA1	0.589351462813317	0.00658386354256829	0.99850355776877	0.00658386354256829
CCDC59	0.589377367303605	-0.00398006241600919	0.99850355776877	-0.00398006241600919
SELENOW	0.589414842116866	-0.00409893356254039	0.99850355776877	-0.00409893356254039
SEC61G	0.589596291539737	-0.0109469301382565	0.99850355776877	-0.0109469301382565
ZNF727	0.589648725364055	0.00473236968920235	0.99850355776877	0.00473236968920235
ATP6V1A	0.589695046005215	0.00443616683790261	0.99850355776877	0.00443616683790261
SOCS6	0.589737398036427	-0.00428625128179565	0.99850355776877	-0.00428625128179565
AP002026.1	0.589915163526945	0.00888759695096341	0.99850355776877	0.00888759695096341
KIAA1841	0.589958701867125	-0.00397496434565618	0.99850355776877	-0.00397496434565618
ZNF667-AS1	0.590218894667694	0.00722596820373458	0.99850355776877	0.00722596820373458
LMBR1L	0.590254330780227	-0.00517724181692099	0.99850355776877	-0.00517724181692099
GFER	0.590282925967285	-0.00973092266426797	0.99850355776877	-0.00973092266426797
GLRX2	0.590339474990066	0.00899441601587432	0.99850355776877	0.00899441601587432
ZNF782	0.59041607236811	-0.00307967376832587	0.99850355776877	-0.00307967376832587
RPS3	0.590512356438195	-0.00553255757191635	0.99850355776877	-0.00553255757191635
TRMT1L	0.590672798507122	0.00382797744808203	0.99850355776877	0.00382797744808203
YEATS4	0.590733608268704	-0.00872727414517954	0.99850355776877	-0.00872727414517954
CMSS1	0.590792253027494	0.00275972181803459	0.99850355776877	0.00275972181803459
SDHD	0.590795487042262	0.00665039371539262	0.99850355776877	0.00665039371539262
MADCAM1	0.590956027893659	0.00616446734432104	0.99850355776877	0.00616446734432104
CYB5D2	0.59125844223095	0.00419195293611397	0.99850355776877	0.00419195293611397
NFIC	0.591355757009174	-0.00271413715731815	0.99850355776877	-0.00271413715731815
FAM193A	0.591616055269076	0.00300824622636788	0.99850355776877	0.00300824622636788
ERC1	0.591644492314572	0.00275672037066558	0.99850355776877	0.00275672037066558
PLPP2	0.59167305371598	0.0045488398853119	0.99850355776877	0.0045488398853119
LINC02177	0.591758156969011	-0.00838321146882208	0.99850355776877	-0.00838321146882208
GRIK4	0.591793059697608	0.00418331128961184	0.99850355776877	0.00418331128961184
CALCOCO1	0.591803939666122	0.00430765926258718	0.99850355776877	0.00430765926258718
AMMECR1	0.591889999758795	-0.0078695001367969	0.99850355776877	-0.0078695001367969
NCDN	0.592206015359549	-0.00945708999895815	0.99850355776877	-0.00945708999895815
GALNT11	0.592430939930325	-0.00608317338947049	0.99850355776877	-0.00608317338947049
AL080276.2	0.592677257315969	0.00906968599315237	0.99850355776877	0.00906968599315237
LY6G5B	0.59269413942728	-0.00810883780606324	0.99850355776877	-0.00810883780606324
AL139260.1	0.592785751087908	0.00323727443541627	0.99850355776877	0.00323727443541627
SLC23A2	0.592841113044182	0.00311119313930916	0.99850355776877	0.00311119313930916
ZNF630	0.592926594219053	0.00658708833316506	0.99850355776877	0.00658708833316506
CUL3	0.592942265370507	-0.00268690409262876	0.99850355776877	-0.00268690409262876
ZBED5	0.592978088691251	-0.00290601205617386	0.99850355776877	-0.00290601205617386
MYDGF	0.593015548627106	-0.00626240769574985	0.99850355776877	-0.00626240769574985
AZIN1	0.59305006800082	-0.00565732887854674	0.99850355776877	-0.00565732887854674
MED13L	0.593147323429584	0.00192206651558087	0.99850355776877	0.00192206651558087
LINC01135	0.593147547464501	-0.00360973580076374	0.99850355776877	-0.00360973580076374
GSPT1	0.593366679609978	0.0042420744291074	0.99850355776877	0.0042420744291074
GSTCD	0.593489247321475	0.00450346511550635	0.99850355776877	0.00450346511550635
MFSD13A	0.593612657250986	-0.00732984011335485	0.99850355776877	-0.00732984011335485
ORC3	0.593616665220334	-0.00400174277360271	0.99850355776877	-0.00400174277360271
ADCY9	0.593721962465754	-0.00459781892518347	0.99850355776877	-0.00459781892518347
PCSK7	0.593766817955282	-0.00263884198586741	0.99850355776877	-0.00263884198586741
PARG	0.593832143670332	-0.00386223094031552	0.99850355776877	-0.00386223094031552
ZNF274	0.593895490873278	-0.00424826879471319	0.99850355776877	-0.00424826879471319
AK5	0.593945811652448	0.00203422829252253	0.99850355776877	0.00203422829252253
ROBO1	0.593953561786132	-0.00174853597713379	0.99850355776877	-0.00174853597713379
ANAPC16	0.593954923163121	-0.0028487340203905	0.99850355776877	-0.0028487340203905
TMCC3	0.59395879053123	-0.002791421070123	0.99850355776877	-0.002791421070123
IFNGR1	0.593961876789249	0.00511818234093542	0.99850355776877	0.00511818234093542
CWF19L2	0.59397247318332	-0.00290268192384359	0.99850355776877	-0.00290268192384359
HELZ	0.593988373090135	0.00289580690975727	0.99850355776877	0.00289580690975727
CBLL1	0.594015093628187	0.00698562945176739	0.99850355776877	0.00698562945176739
TCF4	0.594096230499005	-0.00155909687001215	0.99850355776877	-0.00155909687001215
CDK5RAP2	0.594261801652531	0.00285909045121158	0.99850355776877	0.00285909045121158
SCN8A	0.594281684833828	-0.0108291139725182	0.99850355776877	-0.0108291139725182
LARP6	0.594507765786346	-0.00392272558453291	0.99850355776877	-0.00392272558453291
DPH6-DT	0.594708633143092	0.00352163469267487	0.99850355776877	0.00352163469267487
GAL3ST1	0.594731463215051	-0.00405837757296201	0.99850355776877	-0.00405837757296201
ATP1A3	0.594813291870492	0.0152525770497071	0.99850355776877	0.0152525770497071
L2HGDH	0.594932577059991	-0.00452784306999064	0.99850355776877	-0.00452784306999064
ZNF382	0.594979456154265	-0.00701197452617417	0.99850355776877	-0.00701197452617417
ARIH1	0.595000241240142	0.00243480106838969	0.99850355776877	0.00243480106838969
PRPF4	0.595038855685501	0.00936549207142789	0.99850355776877	0.00936549207142789
MRNIP	0.595090736743236	0.00445199988931555	0.99850355776877	0.00445199988931555
AC015813.1	0.595155120071809	0.00789258063848981	0.99850355776877	0.00789258063848981
COLQ	0.59527208490919	0.00488471924207439	0.99850355776877	0.00488471924207439
SCYL2	0.595356205336422	-0.00388141637344763	0.99850355776877	-0.00388141637344763
SPOCK3	0.595370775002475	-0.00156162421120031	0.99850355776877	-0.00156162421120031
ALKBH8	0.595470371518824	-0.00642193902059519	0.99850355776877	-0.00642193902059519
SH3BP5-AS1	0.595472096032914	0.00855074473544214	0.99850355776877	0.00855074473544214
FMN2	0.595524799138444	0.0100280948404485	0.99850355776877	0.0100280948404485
MCEE	0.595589968509035	-0.00521737233949179	0.99850355776877	-0.00521737233949179
LINC02241	0.595683521077001	-0.00836736420118464	0.99850355776877	-0.00836736420118464
WDR35	0.595733820761722	0.00495196674540762	0.99850355776877	0.00495196674540762
RPL24	0.595749071603793	0.0084192030735808	0.99850355776877	0.0084192030735808
TAZ	0.595870942037867	0.00355127683172204	0.99850355776877	0.00355127683172204
APLP2	0.59594302196087	0.00727887351729072	0.99850355776877	0.00727887351729072
AL035670.1	0.595955067831273	-0.00724544676220907	0.99850355776877	-0.00724544676220907
ANKRD10	0.596000946128949	0.00349423434382156	0.99850355776877	0.00349423434382156
TBC1D31	0.596010961376503	-0.00605291333941625	0.99850355776877	-0.00605291333941625
MLLT1	0.596152466565847	-0.00440747781203469	0.99850355776877	-0.00440747781203469
TSNARE1	0.59618799479476	-0.00413347455664791	0.99850355776877	-0.00413347455664791
TP53BP1	0.596249340774174	0.00365002493809248	0.99850355776877	0.00365002493809248
WDR47	0.59644080460996	0.00562295109909088	0.99850355776877	0.00562295109909088
NDUFA2	0.596456594051046	-0.00972468608796441	0.99850355776877	-0.00972468608796441
ABCA10	0.596522745876942	-0.00953608672968921	0.99850355776877	-0.00953608672968921
ILVBL	0.596633036754256	-0.00601705885069484	0.99850355776877	-0.00601705885069484
CCSER2	0.596683266298688	0.00188189642650622	0.99850355776877	0.00188189642650622
LDB2	0.596722636499229	0.0101263109375036	0.99850355776877	0.0101263109375036
RORA-AS1	0.596975384184997	-0.00497454611546188	0.99850355776877	-0.00497454611546188
TRPM7	0.597074078179334	0.00225866144480722	0.99850355776877	0.00225866144480722
CEP63	0.597083385638009	0.00287054185885455	0.99850355776877	0.00287054185885455
SPIN1	0.597101139478859	0.0023343896046966	0.99850355776877	0.0023343896046966
ERRFI1	0.59711725705972	-0.00546434608926693	0.99850355776877	-0.00546434608926693
SUPT7L	0.597154377229699	-0.00580661851689038	0.99850355776877	-0.00580661851689038
KMT2C	0.59717446090395	-0.0018420773599768	0.99850355776877	-0.0018420773599768
PIBF1	0.597568280318841	0.00212941747634571	0.99850355776877	0.00212941747634571
HMGN1	0.597616550587218	-0.00439468108876003	0.99850355776877	-0.00439468108876003
BTBD2	0.597628146601987	-0.00406015117820654	0.99850355776877	-0.00406015117820654
CLUH	0.597687512063694	0.00798136329801482	0.99850355776877	0.00798136329801482
CDH1	0.597758693180018	-0.0041522860984503	0.99850355776877	-0.0041522860984503
SGSM2	0.597954690566787	-0.00717586942074544	0.99850355776877	-0.00717586942074544
PPA2	0.59796416106548	0.0025906370703136	0.99850355776877	0.0025906370703136
CADM4	0.598140659000453	0.00367929454434296	0.99850355776877	0.00367929454434296
ECHS1	0.598167544328169	0.00533361363411923	0.99850355776877	0.00533361363411923
POLR2J	0.5981686425468	0.00848772462295024	0.99850355776877	0.00848772462295024
SNRNP48	0.598204099424945	0.00422082484776039	0.99850355776877	0.00422082484776039
NCOA7	0.598207668074474	-0.00207717189891248	0.99850355776877	-0.00207717189891248
PDK2	0.598231788311184	-0.00926407610497658	0.99850355776877	-0.00926407610497658
SIPA1	0.598253864598337	0.00775892902832408	0.99850355776877	0.00775892902832408
KCND2	0.598310866169709	0.0110920611165925	0.99850355776877	0.0110920611165925
AP3M2	0.598534877443301	0.00813276667777076	0.99850355776877	0.00813276667777076
MBNL1	0.598732497995714	-0.00195080434914946	0.99850355776877	-0.00195080434914946
DPH7	0.598843430691603	0.00444278523040527	0.99850355776877	0.00444278523040527
ZNF555	0.598890051365744	-0.00638522289155653	0.99850355776877	-0.00638522289155653
RAB3C	0.598927121983438	0.0127967782377303	0.99850355776877	0.0127967782377303
CR1	0.599067887540189	-0.00580543142724885	0.99850355776877	-0.00580543142724885
DENND2A	0.599433770474739	-0.00313749867392539	0.99850355776877	-0.00313749867392539
ZNF621	0.599443310195544	0.00423723712042791	0.99850355776877	0.00423723712042791
GTF3C1	0.599470729350921	0.00377026617771384	0.99850355776877	0.00377026617771384
STOX2	0.59967656423981	-0.00231163837843396	0.99850355776877	-0.00231163837843396
COX5A	0.599750272372048	0.00958259864594056	0.99850355776877	0.00958259864594056
HSD17B12	0.59979822899746	0.00479426332096411	0.99850355776877	0.00479426332096411
CACNA1B	0.600137985618987	0.0100792963372356	0.99850355776877	0.0100792963372356
RAP1GAP	0.600141357231239	-0.00687182207167948	0.99850355776877	-0.00687182207167948
AC092279.1	0.600291407137436	-0.00578188382177106	0.99850355776877	-0.00578188382177106
ZNRF1	0.60042429328654	-0.00425886325682881	0.99850355776877	-0.00425886325682881
NADSYN1	0.600473850261183	0.0032509328265227	0.99850355776877	0.0032509328265227
NEDD4L	0.600480163537104	-0.00785747845042407	0.99850355776877	-0.00785747845042407
CDK5RAP1	0.60074044647823	-0.00388968515586859	0.99850355776877	-0.00388968515586859
LDOC1	0.600858801456244	0.00673279670105896	0.99850355776877	0.00673279670105896
TAFA2	0.600908587786767	-0.0104524066975311	0.99850355776877	-0.0104524066975311
PRKCZ	0.60101308962693	-0.00362943045597587	0.99850355776877	-0.00362943045597587
STEAP1B	0.60102527834128	-0.00389586287339303	0.99850355776877	-0.00389586287339303
C2CD2	0.601082661731035	-0.00793780460665608	0.99850355776877	-0.00793780460665608
AZIN1-AS1	0.601129202790666	0.00460781103113207	0.99850355776877	0.00460781103113207
ACADM	0.601171772324675	-0.00463077189961568	0.99850355776877	-0.00463077189961568
NDE1	0.601290411924609	-0.00310073178776285	0.99850355776877	-0.00310073178776285
LINC01301	0.601382703158805	0.00756441184595961	0.99850355776877	0.00756441184595961
INTS12	0.601394685289414	-0.00566085089376693	0.99850355776877	-0.00566085089376693
MTRF1L	0.601470941711494	-0.00693965874444512	0.99850355776877	-0.00693965874444512
CDC73	0.601629295831025	-0.00261453166133806	0.99850355776877	-0.00261453166133806
LINC02245	0.601658597068208	-0.00639390900254735	0.99850355776877	-0.00639390900254735
ADAP1	0.601701548934976	0.00454837539950981	0.99850355776877	0.00454837539950981
RCAN2	0.601866490530114	-0.00231150327952197	0.99850355776877	-0.00231150327952197
TSC22D2	0.601888289509303	-0.00327119566232686	0.99850355776877	-0.00327119566232686
LMF1-AS1	0.601928008449891	-0.00919577019535352	0.99850355776877	-0.00919577019535352
DDX50	0.601933714151387	0.00338493533891864	0.99850355776877	0.00338493533891864
MAPT-AS1	0.602206819262724	0.00502578044281105	0.99850355776877	0.00502578044281105
AC108519.1	0.602277682000469	0.00443087346047934	0.99850355776877	0.00443087346047934
TASP1	0.602403396635601	0.00519649455229451	0.99850355776877	0.00519649455229451
LINC02511	0.602555491931815	0.0082988612494795	0.99850355776877	0.0082988612494795
RPS9	0.60255876936259	-0.00536028838693339	0.99850355776877	-0.00536028838693339
RBM14	0.602597658935087	0.00489376452112267	0.99850355776877	0.00489376452112267
WDR82	0.602609728017244	0.00464601254642847	0.99850355776877	0.00464601254642847
PSMB1	0.602676844533958	0.00478459723224574	0.99850355776877	0.00478459723224574
ENOX1	0.60269003428298	-0.00180257968362158	0.99850355776877	-0.00180257968362158
GPC5	0.602742092634927	0.00751487179200679	0.99850355776877	0.00751487179200679
REX1BD	0.602855378723255	0.00833514311896648	0.99850355776877	0.00833514311896648
SLC2A1	0.602912413991296	0.00619529113486047	0.99850355776877	0.00619529113486047
FAM131A	0.602962612680567	-0.00588708005239358	0.99850355776877	-0.00588708005239358
VPS9D1	0.603187653743466	0.00469925694933105	0.99850355776877	0.00469925694933105
ZDHHC16	0.603246383224308	0.00771697164523608	0.99850355776877	0.00771697164523608
HNRNPC	0.603321257107662	-0.0023254548723994	0.99850355776877	-0.0023254548723994
ATP2B1	0.60333773179894	0.0082202992223181	0.99850355776877	0.0082202992223181
RANBP3	0.603383919049153	-0.00402756882259891	0.99850355776877	-0.00402756882259891
PRMT2	0.603523082729112	-0.00215547656635952	0.99850355776877	-0.00215547656635952
SP3	0.603534744380567	-0.00314428006895107	0.99850355776877	-0.00314428006895107
AC079781.5	0.603731159010911	0.00354715367437078	0.99850355776877	0.00354715367437078
NTM	0.603742700151609	0.00243348501846699	0.99850355776877	0.00243348501846699
ATAD2B	0.603755333934162	0.0028120596811153	0.99850355776877	0.0028120596811153
CNOT9	0.604010012243947	-0.00492812208988785	0.99850355776877	-0.00492812208988785
AIDA	0.604125347140629	0.00362289624657866	0.99850355776877	0.00362289624657866
SNRPC	0.604141586824433	0.00783124618678659	0.99850355776877	0.00783124618678659
AC002558.3	0.604234295744296	0.00633917388499614	0.99850355776877	0.00633917388499614
EPS8	0.604236266353187	0.00399822426905278	0.99850355776877	0.00399822426905278
GALNT12	0.604387057838659	-0.00787876320259833	0.99850355776877	-0.00787876320259833
KIF3B	0.604548451294026	-0.00596804064459839	0.99850355776877	-0.00596804064459839
ANO8	0.604560676506202	-0.00676248994490424	0.99850355776877	-0.00676248994490424
PPP1CA	0.604638465013654	0.00542248723313861	0.99850355776877	0.00542248723313861
PHLDB1	0.604727949108052	0.00252719454350009	0.99850355776877	0.00252719454350009
ARF1	0.604748758962968	0.00488414189086601	0.99850355776877	0.00488414189086601
C14orf119	0.605054625102846	0.00927822423635776	0.99850355776877	0.00927822423635776
ZNF16	0.605067167884998	-0.00792243086099909	0.99850355776877	-0.00792243086099909
ARMCX3	0.605195704946881	0.00651575948158547	0.99850355776877	0.00651575948158547
SMURF1	0.605324845917706	-0.00247326864475546	0.99850355776877	-0.00247326864475546
NMNAT3	0.605447667499652	-0.0055637722659734	0.99850355776877	-0.0055637722659734
ARPC5	0.605467761604476	-0.00393712888943072	0.99850355776877	-0.00393712888943072
SAXO2	0.605519729704824	-0.00754918416135336	0.99850355776877	-0.00754918416135336
HSPA4	0.605535052550337	0.0046244510591155	0.99850355776877	0.0046244510591155
SLC25A6	0.605553483677399	-0.00761030130983263	0.99850355776877	-0.00761030130983263
MAP3K5	0.605602670830778	-0.0114275521945271	0.99850355776877	-0.0114275521945271
IL3RA	0.605874469618974	0.00800970198650243	0.99850355776877	0.00800970198650243
PLPPR1	0.605920224906146	0.00262393138915437	0.99850355776877	0.00262393138915437
GDNF-AS1	0.605938139961175	0.00560537912966459	0.99850355776877	0.00560537912966459
HPN-AS1	0.606100173819844	0.00316642070667896	0.99850355776877	0.00316642070667896
TMEM101	0.606328822314634	0.00771021781980679	0.99850355776877	0.00771021781980679
FAM161A	0.606392713204968	0.00440046330662934	0.99850355776877	0.00440046330662934
TPI1	0.606466412189779	-0.0103257580858552	0.99850355776877	-0.0103257580858552
SYNE1	0.606698685608638	0.00536134016174543	0.99850355776877	0.00536134016174543
NSUN3	0.606770747408945	-0.00601799756490443	0.99850355776877	-0.00601799756490443
RPS6KA5	0.60690398039982	-0.00205286831017653	0.99850355776877	-0.00205286831017653
CCDC134	0.606937714608152	0.00795512609057285	0.99850355776877	0.00795512609057285
SLC5A6	0.607204291765977	-0.00779549015805913	0.99850355776877	-0.00779549015805913
RCAN1	0.607234050002392	0.0030639605640942	0.99850355776877	0.0030639605640942
FTCD	0.607243726780662	-0.00769784605942108	0.99850355776877	-0.00769784605942108
SLC9A9	0.60738695066444	-0.0020303484419136	0.99850355776877	-0.0020303484419136
CCDC58	0.607441122604773	-0.00752594029773939	0.99850355776877	-0.00752594029773939
RYK	0.607598615701342	-0.00335142435658633	0.99850355776877	-0.00335142435658633
MVD	0.607765973814877	0.00486807598768046	0.99850355776877	0.00486807598768046
VRK3	0.608149618549111	-0.00402439722362282	0.99850355776877	-0.00402439722362282
RPL3	0.608156460178127	-0.00685179334647549	0.99850355776877	-0.00685179334647549
C18orf25	0.608216960829546	-0.00526761793978929	0.99850355776877	-0.00526761793978929
NELL2	0.608290350404702	-0.0109970292709568	0.99850355776877	-0.0109970292709568
FAM53C	0.608376933115761	-0.00431524486909733	0.99850355776877	-0.00431524486909733
DARS	0.608441878997613	0.00357781736161003	0.99850355776877	0.00357781736161003
STAM2	0.608484401308232	-0.00321059466684405	0.99850355776877	-0.00321059466684405
FBXO31	0.60853703403525	-0.00497568834986712	0.99850355776877	-0.00497568834986712
HIST1H2AC	0.608553122809449	0.00425471814137843	0.99850355776877	0.00425471814137843
CAPN15	0.60857394293453	-0.00702122693483155	0.99850355776877	-0.00702122693483155
SEC31B	0.608629719598207	-0.00480538431985562	0.99850355776877	-0.00480538431985562
ZNF8	0.608697001324881	-0.00621911756562306	0.99850355776877	-0.00621911756562306
NF2	0.60869904417484	0.00422530233012165	0.99850355776877	0.00422530233012165
SEMA4B	0.608947700629183	0.0060853692038229	0.99850355776877	0.0060853692038229
NUP210	0.60910183500769	0.00384122738566223	0.99850355776877	0.00384122738566223
C1QTNF6	0.60918404568619	-0.007072363115802	0.99850355776877	-0.007072363115802
ENO1	0.609427399716601	-0.00747980130683174	0.99850355776877	-0.00747980130683174
ARL1	0.609796141298894	-0.00727085225464558	0.99850355776877	-0.00727085225464558
PSD	0.609919106324168	0.0174155810475053	0.99850355776877	0.0174155810475053
NPEPL1	0.609945527422565	-0.0065175573897212	0.99850355776877	-0.0065175573897212
TMEM254	0.610306212344211	-0.00593635872018132	0.99850355776877	-0.00593635872018132
POLD3	0.610345072058077	-0.00397323734435822	0.99850355776877	-0.00397323734435822
TLL2	0.610346538210275	-0.00530379902914652	0.99850355776877	-0.00530379902914652
NUTF2	0.610407208922454	0.00591984243936862	0.99850355776877	0.00591984243936862
AMER2	0.610559145229364	-0.00206003052703781	0.99850355776877	-0.00206003052703781
AL021707.1	0.610566162933426	-0.0104795797314646	0.99850355776877	-0.0104795797314646
PTAR1	0.610642910065172	0.0033677991050035	0.99850355776877	0.0033677991050035
ARCN1	0.610673426714787	0.00530538541937597	0.99850355776877	0.00530538541937597
PPP2R5E	0.610909570058799	0.00236369110508867	0.99850355776877	0.00236369110508867
ACYP1	0.610967122461268	0.0047576877878176	0.99850355776877	0.0047576877878176
KCND3	0.611066588555838	0.0091283679305519	0.99850355776877	0.0091283679305519
CORO1C	0.611090893360876	-0.00303017443465959	0.99850355776877	-0.00303017443465959
CCT4	0.611147869355038	0.00440044103778151	0.99850355776877	0.00440044103778151
ATP8A2	0.611202915322343	0.00696294074750255	0.99850355776877	0.00696294074750255
TRPV3	0.611264650879139	0.00505093765238544	0.99850355776877	0.00505093765238544
NHEJ1	0.611700719980574	-0.00679051803094406	0.99850355776877	-0.00679051803094406
DBNDD2	0.611880148329478	0.00419851411627718	0.99850355776877	0.00419851411627718
UBE2E1	0.61190937083141	0.00287327901565121	0.99850355776877	0.00287327901565121
ZNF404	0.611931782247686	0.00951476597637328	0.99850355776877	0.00951476597637328
CCDC93	0.611957494444512	0.00333023018103506	0.99850355776877	0.00333023018103506
PACC1	0.61203086469319	-0.00396888643435472	0.99850355776877	-0.00396888643435472
RANBP17	0.612060903757245	-0.00848254633153658	0.99850355776877	-0.00848254633153658
ZMAT2	0.612341980033657	0.00787472304909514	0.99850355776877	0.00787472304909514
CRB2	0.612371779772935	0.0045908941788198	0.99850355776877	0.0045908941788198
PPP4R2	0.612413308893352	-0.00229309600106915	0.99850355776877	-0.00229309600106915
BCORL1	0.612528358607394	-0.0061963899416062	0.99850355776877	-0.0061963899416062
NELFA	0.613040155977833	0.00332411583133599	0.99850355776877	0.00332411583133599
RABEP1	0.613425650471749	-0.0021046579372843	0.99850355776877	-0.0021046579372843
SYCP2L	0.613426069404524	-0.0064009442827867	0.99850355776877	-0.0064009442827867
BCAS2	0.613467374888622	0.00490925145973082	0.99850355776877	0.00490925145973082
AKAP10	0.61349110845999	0.00260119586966559	0.99850355776877	0.00260119586966559
STARD7	0.613516287874455	0.00343615641326616	0.99850355776877	0.00343615641326616
MIB1	0.613551600148206	0.0029627921552197	0.99850355776877	0.0029627921552197
CBY1	0.613618620111417	-0.00568241924696882	0.99850355776877	-0.00568241924696882
GET1	0.613684588267793	-0.00485626685355987	0.99850355776877	-0.00485626685355987
CDK10	0.61369909225854	0.00545327906824729	0.99850355776877	0.00545327906824729
RNF8	0.61377909178821	0.00430029104796004	0.99850355776877	0.00430029104796004
PTBP3	0.613830766383695	-0.00508816857132915	0.99850355776877	-0.00508816857132915
CCNL1	0.613923638435997	-0.00267173013968801	0.99850355776877	-0.00267173013968801
CCDC186	0.614012098225257	-0.00400801128797248	0.99850355776877	-0.00400801128797248
C12orf4	0.614080694908886	-0.0048958537795672	0.99850355776877	-0.0048958537795672
ALOX12-AS1	0.61423452417512	-0.00253073766411055	0.99850355776877	-0.00253073766411055
UBE2D3	0.614237215271887	0.00240350319880683	0.99850355776877	0.00240350319880683
CYB561D2	0.614280535778766	0.0062838902043489	0.99850355776877	0.0062838902043489
SNCB	0.614311529498143	0.0109661009637882	0.99850355776877	0.0109661009637882
RCC2	0.614358300700888	-0.00477967016397036	0.99850355776877	-0.00477967016397036
MFSD14C	0.61450115420259	0.00295375386382442	0.99850355776877	0.00295375386382442
MAPK8IP3	0.614538463204767	0.00223925960248718	0.99850355776877	0.00223925960248718
PRDX2	0.614588676570652	0.00837798197979634	0.99850355776877	0.00837798197979634
RPP14	0.614613641559813	0.00673665346680094	0.99850355776877	0.00673665346680094
SMYD5	0.614622706827518	-0.00889562840023235	0.99850355776877	-0.00889562840023235
ACTB	0.61488597469275	0.00450239991115399	0.99850355776877	0.00450239991115399
MAGEC3	0.615141902496033	0.00524321057476371	0.99850355776877	0.00524321057476371
IFT122	0.615167197127903	-0.00489292793413476	0.99850355776877	-0.00489292793413476
MSTO1	0.615187051528093	-0.00840107327616525	0.99850355776877	-0.00840107327616525
RABEP2	0.615210967607671	-0.00503419041328794	0.99850355776877	-0.00503419041328794
POLR3C	0.615256703558816	-0.00496014526446169	0.99850355776877	-0.00496014526446169
COPS4	0.615304955694619	-0.00441455191696764	0.99850355776877	-0.00441455191696764
BCAN	0.615441684285477	0.00973368214821048	0.99850355776877	0.00973368214821048
ZNF107	0.615644870706233	0.00541135071531514	0.99850355776877	0.00541135071531514
JAZF1	0.615795958090998	-0.00267663034199133	0.99850355776877	-0.00267663034199133
WBP1L	0.615819438315161	0.00363381288351596	0.99850355776877	0.00363381288351596
AL133346.1	0.615976233657685	-0.00648904801184164	0.99850355776877	-0.00648904801184164
DUT	0.616014086994091	0.00346963974810891	0.99850355776877	0.00346963974810891
SLC38A1	0.616081264175234	-0.00617161348436455	0.99850355776877	-0.00617161348436455
ADCY1	0.616259689738759	-0.0130750322303412	0.99850355776877	-0.0130750322303412
EPN2-AS1	0.616284693273558	0.00740934667536421	0.99850355776877	0.00740934667536421
QSOX1	0.616468290777013	-0.00485446681899909	0.99850355776877	-0.00485446681899909
YTHDF2	0.616511081320357	0.00391801277612158	0.99850355776877	0.00391801277612158
SREBF2	0.616704774429214	0.00222631960465802	0.99850355776877	0.00222631960465802
ASNSD1	0.616758358109143	-0.00859550625306756	0.99850355776877	-0.00859550625306756
MYO6	0.616918634710654	0.0018609288741302	0.99850355776877	0.0018609288741302
RMI1	0.616923717376084	0.00648002398701243	0.99850355776877	0.00648002398701243
AC006504.5	0.617059099503954	0.00662260295760577	0.99850355776877	0.00662260295760577
VPS37A	0.617071791008309	-0.00434091013513011	0.99850355776877	-0.00434091013513011
TESK2	0.617218574147421	0.0027517949940977	0.99850355776877	0.0027517949940977
SAFB2	0.617231283835802	-0.0033810032349482	0.99850355776877	-0.0033810032349482
PHLPP2	0.617309459992856	-0.00462548277170798	0.99850355776877	-0.00462548277170798
CES2	0.617346157918748	0.00506307647432661	0.99850355776877	0.00506307647432661
AC093879.1	0.617432168031715	-0.0116663032535388	0.99850355776877	-0.0116663032535388
SUGCT	0.617628009014064	0.00483963345266303	0.99850355776877	0.00483963345266303
SLC2A8	0.61771578880676	0.00746064450506412	0.99850355776877	0.00746064450506412
LERFS	0.617813674190284	0.0118876271059187	0.99850355776877	0.0118876271059187
ZBED5-AS1	0.617887356390082	-0.00636032524660557	0.99850355776877	-0.00636032524660557
ISOC1	0.617954688729626	0.00688696476464475	0.99850355776877	0.00688696476464475
ARFGEF2	0.617976119648692	0.00307747449421426	0.99850355776877	0.00307747449421426
POC1B-AS1	0.618009064159132	-0.00417478412229013	0.99850355776877	-0.00417478412229013
MAN1C1	0.618052276387776	-0.00639740659266742	0.99850355776877	-0.00639740659266742
COPB2	0.618090597306119	-0.00378312643060778	0.99850355776877	-0.00378312643060778
ARL6	0.618103241369128	-0.0057796893026019	0.99850355776877	-0.0057796893026019
NFIX	0.618180050437682	0.00201105652927107	0.99850355776877	0.00201105652927107
CDKN2B-AS1	0.618257514472275	-0.00608807615370312	0.99850355776877	-0.00608807615370312
ITPKB	0.618264688342944	0.00266538651159463	0.99850355776877	0.00266538651159463
AC096564.1	0.618265928849933	-0.00261086000490023	0.99850355776877	-0.00261086000490023
SEC23IP	0.618302673094392	-0.00358419611099192	0.99850355776877	-0.00358419611099192
ENY2	0.618362941419289	-0.0057759987579757	0.99850355776877	-0.0057759987579757
RILPL2	0.618461000536427	0.0079667852352209	0.99850355776877	0.0079667852352209
TYMSOS	0.618677160995965	0.0042288868630064	0.99850355776877	0.0042288868630064
AL135784.1	0.618787383450382	0.00788322692029896	0.99850355776877	0.00788322692029896
RPRD2	0.61879982176579	-0.00206864591745062	0.99850355776877	-0.00206864591745062
UPP2	0.618809705419199	-0.00844419728934603	0.99850355776877	-0.00844419728934603
SMOC1	0.618935271126476	-0.0047016910803991	0.99850355776877	-0.0047016910803991
EVI5	0.619083428591941	0.0021440913844459	0.99850355776877	0.0021440913844459
BAHD1	0.619106316815297	0.00542560444031205	0.99850355776877	0.00542560444031205
PRDM4	0.619197422072055	-0.00476848550169801	0.99850355776877	-0.00476848550169801
IL10RB	0.619213790497441	-0.0041102266870334	0.99850355776877	-0.0041102266870334
WDR53	0.619574078721182	-0.00745152918498593	0.99850355776877	-0.00745152918498593
RTN1	0.619593283449681	-0.0042422970168371	0.99850355776877	-0.0042422970168371
AC105941.1	0.619606894099082	0.00608658401152666	0.99850355776877	0.00608658401152666
UNC13D	0.619710278205136	0.00595882510738122	0.99850355776877	0.00595882510738122
VPS51	0.619794741480868	-0.00316537800886971	0.99850355776877	-0.00316537800886971
SMUG1	0.61979824959299	0.00599800859952826	0.99850355776877	0.00599800859952826
SFXN4	0.619918431569742	0.00427032086777707	0.99850355776877	0.00427032086777707
SLC33A1	0.62006945796092	0.00404316593876466	0.99850355776877	0.00404316593876466
ZNF830	0.620085774766179	0.00627189470342618	0.99850355776877	0.00627189470342618
SLC26A11	0.620089888219114	0.00550457258748063	0.99850355776877	0.00550457258748063
RMND5B	0.620297754763917	0.00428482260452708	0.99850355776877	0.00428482260452708
DENND4C	0.620350116331496	-0.00285082722069917	0.99850355776877	-0.00285082722069917
SIK3	0.620370409648861	0.0017823267641465	0.99850355776877	0.0017823267641465
SCN3B	0.620503886414354	-0.0116626763095119	0.99850355776877	-0.0116626763095119
SARS	0.620684145896121	0.00430294285636634	0.99850355776877	0.00430294285636634
MTFR1L	0.62079545941699	0.00702738361214316	0.99850355776877	0.00702738361214316
PRPSAP1	0.620941590083473	0.00393936449162341	0.99850355776877	0.00393936449162341
PRORP	0.621093847811246	0.00359106126800132	0.99850355776877	0.00359106126800132
SCAND1	0.621162767003731	0.00761703971083158	0.99850355776877	0.00761703971083158
DONSON	0.621261438266961	0.0043603995611249	0.99850355776877	0.0043603995611249
PURB	0.621333877988205	-0.00339870341540845	0.99850355776877	-0.00339870341540845
LRIG2	0.621405753333661	-0.00296740560564728	0.99850355776877	-0.00296740560564728
RPS21	0.62145078151186	0.00729830215999454	0.99850355776877	0.00729830215999454
TMC6	0.621537272507906	0.0028606641471299	0.99850355776877	0.0028606641471299
TMEM258	0.621573414054236	-0.00659204614046441	0.99850355776877	-0.00659204614046441
AC083862.3	0.621743912711455	0.00708103443225959	0.99850355776877	0.00708103443225959
MRPS27	0.621812320880047	0.00332360743595312	0.99850355776877	0.00332360743595312
CDKAL1	0.62188089488746	0.00184099960233529	0.99850355776877	0.00184099960233529
BAG2	0.621967019677352	-0.00726845366753052	0.99850355776877	-0.00726845366753052
NIN	0.622097889897041	-0.00329008933475135	0.99850355776877	-0.00329008933475135
PCYOX1	0.622269718544584	0.00655119791911163	0.99850355776877	0.00655119791911163
DCAF8	0.622420109877206	0.00259038354630468	0.99850355776877	0.00259038354630468
ELMO1-AS1	0.622447256888254	-0.00956416412224347	0.99850355776877	-0.00956416412224347
SH3GL3	0.62260744757167	-0.00177129465947645	0.99850355776877	-0.00177129465947645
RNF6	0.622612090075537	0.00488261918634152	0.99850355776877	0.00488261918634152
LINC00601	0.622715217280775	-0.00555099172484207	0.99850355776877	-0.00555099172484207
TM2D3	0.622775956963815	-0.00412501530503043	0.99850355776877	-0.00412501530503043
OAT	0.622818312902054	0.00508848027774332	0.99850355776877	0.00508848027774332
FCSK	0.622846734403625	0.00569931773885993	0.99850355776877	0.00569931773885993
KRAS	0.623102851379163	0.00618725344817373	0.99850355776877	0.00618725344817373
TATDN2	0.623232522259066	0.00716705229565395	0.99850355776877	0.00716705229565395
PIAS1	0.623243207403446	0.00237369037184442	0.99850355776877	0.00237369037184442
SNX21	0.62333249636853	0.00885785552692473	0.99850355776877	0.00885785552692473
MEF2B	0.623576520482228	0.00476038158361372	0.99850355776877	0.00476038158361372
FRS3	0.623707224020518	0.00719273905229408	0.99850355776877	0.00719273905229408
PDE2A	0.623751311813932	-0.00838025023528712	0.99850355776877	-0.00838025023528712
HEY2	0.623787617189796	-0.004833449960787	0.99850355776877	-0.004833449960787
SHISA7	0.623794644153779	-0.00399211069075603	0.99850355776877	-0.00399211069075603
AC112206.2	0.623898571815759	0.00660356174408667	0.99850355776877	0.00660356174408667
ABCA2	0.624031789702941	-0.00177707112620247	0.99850355776877	-0.00177707112620247
ZNF451-AS1	0.624057227640748	-0.0109074920045615	0.99850355776877	-0.0109074920045615
SNRPD2	0.624245649592359	-0.00878307712532756	0.99850355776877	-0.00878307712532756
ZIC1	0.624258481374734	0.00304336610831901	0.99850355776877	0.00304336610831901
ELF2	0.624262402161773	-0.00176739904829265	0.99850355776877	-0.00176739904829265
TMEM178A	0.624440947042648	-0.0107833887042112	0.99850355776877	-0.0107833887042112
PGRMC1	0.624497642724397	0.00616239065196153	0.99850355776877	0.00616239065196153
MNT	0.624504155329493	-0.00604901913419364	0.99850355776877	-0.00604901913419364
HSPA1B	0.624573560751647	0.00921075986845172	0.99850355776877	0.00921075986845172
HMGCL	0.624576132662363	0.00425438676361043	0.99850355776877	0.00425438676361043
ZNF536	0.624603963705917	-0.00166658686302052	0.99850355776877	-0.00166658686302052
SRSF2	0.624642562851264	-0.00435754007635812	0.99850355776877	-0.00435754007635812
BRICD5	0.624742958789089	-0.00687325334939571	0.99850355776877	-0.00687325334939571
STK3	0.624743146091657	0.00249460582200415	0.99850355776877	0.00249460582200415
COX15	0.624766886698446	0.00498966374025352	0.99850355776877	0.00498966374025352
SLMAP	0.624784029284857	0.00218093401637953	0.99850355776877	0.00218093401637953
LTBP4	0.624817004110285	0.00740820669545296	0.99850355776877	0.00740820669545296
TSN	0.624845664804568	-0.00433904368052949	0.99850355776877	-0.00433904368052949
TMEM59L	0.625068240554917	0.00918897611828396	0.99850355776877	0.00918897611828396
ARHGAP19	0.62506898480993	-0.0057892737158671	0.99850355776877	-0.0057892737158671
PLEKHG3	0.625246731161777	-0.00280323285136194	0.99850355776877	-0.00280323285136194
RNF41	0.625378430041116	0.00443644821628427	0.99850355776877	0.00443644821628427
MFSD4B	0.625414223026933	-0.00436349491066472	0.99850355776877	-0.00436349491066472
PIWIL4	0.625502659003174	0.00470932490519053	0.99850355776877	0.00470932490519053
RAD51B	0.625694973741516	-0.00217132510732928	0.99850355776877	-0.00217132510732928
MFSD14A	0.625875899753221	0.00302057167417677	0.99850355776877	0.00302057167417677
AC079760.1	0.625936921151333	-0.00620124758864156	0.99850355776877	-0.00620124758864156
CCDC25	0.626023060376274	0.00482046718680579	0.99850355776877	0.00482046718680579
LMAN2L	0.626301199269204	0.00520664264869955	0.99850355776877	0.00520664264869955
FAM172A	0.626416163196033	-0.00161515783492864	0.99850355776877	-0.00161515783492864
BRD9	0.626569256772029	0.00386526677701476	0.99850355776877	0.00386526677701476
C12orf45	0.626575511890281	-0.00409480991064166	0.99850355776877	-0.00409480991064166
CASP9	0.626607042556106	0.00604944800358801	0.99850355776877	0.00604944800358801
GCDH	0.626621736293237	-0.00342400304614903	0.99850355776877	-0.00342400304614903
MCUR1	0.626658202895411	-0.00592068548034579	0.99850355776877	-0.00592068548034579
SRPRA	0.626732827882258	0.00729704288505092	0.99850355776877	0.00729704288505092
ADH5	0.626842463479752	0.00635617241750598	0.99850355776877	0.00635617241750598
PSMD14	0.626915039827219	-0.00424764036953587	0.99850355776877	-0.00424764036953587
RNLS	0.626926703251332	-0.00341142969466429	0.99850355776877	-0.00341142969466429
DNAH12	0.626954202838939	0.00516253764803301	0.99850355776877	0.00516253764803301
AKR7A2	0.627045783939277	0.00838030387463218	0.99850355776877	0.00838030387463218
TEX10	0.627059731836022	0.00546630043833532	0.99850355776877	0.00546630043833532
RHBDD1	0.627150844081586	0.0028842854911951	0.99850355776877	0.0028842854911951
ATP6V1E2	0.627477147250463	0.00725761731415103	0.99850355776877	0.00725761731415103
DNM1	0.627583021059267	-0.0101910314371469	0.99850355776877	-0.0101910314371469
EFHD1	0.62764042799118	0.00234030574636696	0.99850355776877	0.00234030574636696
ASPH	0.62767177432691	-0.00405084740749509	0.99850355776877	-0.00405084740749509
INTS11	0.627676053066614	0.003465535829145	0.99850355776877	0.003465535829145
LAYN	0.62780450288025	-0.00425678648290198	0.99850355776877	-0.00425678648290198
AC104211.1	0.627987006198498	0.00577978224151208	0.99850355776877	0.00577978224151208
RETREG3	0.627998898290028	0.00335359861340231	0.99850355776877	0.00335359861340231
ZSCAN32	0.628009974097586	0.00811919455490145	0.99850355776877	0.00811919455490145
PPP2R5B	0.628045818355258	0.00463675658419169	0.99850355776877	0.00463675658419169
SNAP47	0.628121746669756	-0.00781899722198184	0.99850355776877	-0.00781899722198184
NSMCE3	0.628421391587526	0.00827224858921578	0.99850355776877	0.00827224858921578
SENP3	0.628517522665042	0.00452147561175133	0.99850355776877	0.00452147561175133
CDC123	0.62854226717225	0.00384869057378991	0.99850355776877	0.00384869057378991
CBR1	0.628592377513674	-0.00399329775315412	0.99850355776877	-0.00399329775315412
ZCCHC8	0.628597589302545	0.00385715262374016	0.99850355776877	0.00385715262374016
AGPAT4	0.628710036558193	0.00248016288016292	0.99850355776877	0.00248016288016292
MMP24	0.628906758128052	0.00988791987651978	0.99850355776877	0.00988791987651978
PNO1	0.62898918664644	-0.00763495488766632	0.99850355776877	-0.00763495488766632
ZDHHC11B	0.629033239477166	-0.00335046763818072	0.99850355776877	-0.00335046763818072
NUDCD1	0.629050666931113	0.00532360925300491	0.99850355776877	0.00532360925300491
ERCC2	0.62908712445505	0.00678153408722185	0.99850355776877	0.00678153408722185
SEMA5A	0.629189273146976	0.00401852595053668	0.99850355776877	0.00401852595053668
ZNF76	0.629281864273612	0.00375721969010455	0.99850355776877	0.00375721969010455
EFCAB11	0.629525652848522	0.00388608426202778	0.99850355776877	0.00388608426202778
ADAP2	0.629559373271209	-0.00658470588577852	0.99850355776877	-0.00658470588577852
PPP1R3E	0.629562083565408	-0.00288373156918	0.99850355776877	-0.00288373156918
TMEM98	0.629640311219265	-0.00280541508301362	0.99850355776877	-0.00280541508301362
SYF2	0.629933148724641	0.00552990419808585	0.99850355776877	0.00552990419808585
OXLD1	0.630010579339157	0.00777102932141539	0.99850355776877	0.00777102932141539
PLCXD1	0.630045831967664	-0.00884585678090843	0.99850355776877	-0.00884585678090843
LDHB	0.630126374259356	-0.00785940822451629	0.99850355776877	-0.00785940822451629
NOLC1	0.630433618324897	-0.00681864343863541	0.99850355776877	-0.00681864343863541
PIGL	0.630490432888567	-0.00345231405398082	0.99850355776877	-0.00345231405398082
AC012291.3	0.630572949807468	0.00341814940349036	0.99850355776877	0.00341814940349036
SLC25A23	0.630586098221449	-0.00391913308321611	0.99850355776877	-0.00391913308321611
STRADB	0.630627759768845	0.00504260129331727	0.99850355776877	0.00504260129331727
ARPC3	0.63078146305809	0.00438721377516578	0.99850355776877	0.00438721377516578
FTO	0.63098292743862	0.00144650389230139	0.99850355776877	0.00144650389230139
ATP9B	0.631089316443915	0.00267459765791065	0.99850355776877	0.00267459765791065
RWDD1	0.631206656861128	0.00520384132641306	0.99850355776877	0.00520384132641306
RAF1	0.631354062810601	0.00231323801257018	0.99850355776877	0.00231323801257018
STK32C	0.631397773800583	0.00571033493417259	0.99850355776877	0.00571033493417259
POLDIP3	0.63150884212419	-0.00373742143892018	0.99850355776877	-0.00373742143892018
C16orf58	0.631535900594269	0.00406448008829686	0.99850355776877	0.00406448008829686
RPL12	0.631612301136768	0.00670106906317422	0.99850355776877	0.00670106906317422
WDYHV1	0.631832151641249	-0.00477672057892131	0.99850355776877	-0.00477672057892131
FARP2	0.632145765341096	-0.00244996382805916	0.99850355776877	-0.00244996382805916
USP37	0.632150745927259	0.00291666316575699	0.99850355776877	0.00291666316575699
WDPCP	0.632157085525422	-0.00195072943806219	0.99850355776877	-0.00195072943806219
CAT	0.632313469266665	0.00432847208353285	0.99850355776877	0.00432847208353285
PPP4R1	0.63238583509661	-0.00293606063768809	0.99850355776877	-0.00293606063768809
MAPK1IP1L	0.632538472738345	0.00329971967286871	0.99850355776877	0.00329971967286871
SIN3B	0.632604542957968	0.00375557951113741	0.99850355776877	0.00375557951113741
SEPTIN7-AS1	0.63297814719296	0.00463340744884091	0.99850355776877	0.00463340744884091
RCBTB1	0.633119207673329	0.00349828697864162	0.99850355776877	0.00349828697864162
RABGAP1	0.633129108152198	-0.00214759155224207	0.99850355776877	-0.00214759155224207
WASF3	0.633141366672325	-0.00452359683993299	0.99850355776877	-0.00452359683993299
MRPL13	0.633143498600029	0.00719569588424631	0.99850355776877	0.00719569588424631
SLC12A2	0.633186209586901	0.00220509171887915	0.99850355776877	0.00220509171887915
KLHL13	0.63326506780512	0.00506567214846723	0.99850355776877	0.00506567214846723
EDC4	0.633289994782349	0.00480930645927728	0.99850355776877	0.00480930645927728
RXRA	0.633315514878375	0.00669086946389702	0.99850355776877	0.00669086946389702
HELLS	0.63339960475931	-0.00618304971228357	0.99850355776877	-0.00618304971228357
NCALD	0.633462956041356	-0.00935487874681464	0.99850355776877	-0.00935487874681464
THUMPD3-AS1	0.633466092678988	-0.00358734110560692	0.99850355776877	-0.00358734110560692
USP10	0.633497785297755	0.00363721787180635	0.99850355776877	0.00363721787180635
MRPL4	0.633536636747069	0.0055070486900476	0.99850355776877	0.0055070486900476
HEPACAM	0.633594363594114	0.00240934286836618	0.99850355776877	0.00240934286836618
MAST1	0.63364701325414	-0.0139944210892251	0.99850355776877	-0.0139944210892251
KYAT1	0.633691191616387	0.00403962137903108	0.99850355776877	0.00403962137903108
FAM20B	0.633732178393329	0.00377026610254685	0.99850355776877	0.00377026610254685
TIAF1	0.633769397651875	-0.00911121868855777	0.99850355776877	-0.00911121868855777
TCP11L2	0.633863570424189	0.00294939193872495	0.99850355776877	0.00294939193872495
MN1	0.63390438319176	-0.00597452898132443	0.99850355776877	-0.00597452898132443
AC004797.1	0.633909118007107	-0.0093813773525741	0.99850355776877	-0.0093813773525741
QSOX2	0.633911782669368	-0.00589493322592211	0.99850355776877	-0.00589493322592211
PLAG1	0.633942761496021	-0.00627681342169383	0.99850355776877	-0.00627681342169383
TERF2IP	0.633981388251353	-0.00278725290537055	0.99850355776877	-0.00278725290537055
RPS24	0.634001820917894	0.00522176374754964	0.99850355776877	0.00522176374754964
RPS19	0.634085592918021	0.0055381645887231	0.99850355776877	0.0055381645887231
ZER1	0.634138019773266	0.00235606693420998	0.99850355776877	0.00235606693420998
FAM174B	0.634197015023252	0.0031406656016777	0.99850355776877	0.0031406656016777
PTCD1	0.634278407215248	0.00507500228504288	0.99850355776877	0.00507500228504288
ZNF678	0.634329562859021	-0.00343423476705436	0.99850355776877	-0.00343423476705436
FBRS	0.634396360006033	-0.00490254174625665	0.99850355776877	-0.00490254174625665
TMEM222	0.634446537517249	0.00375717065156246	0.99850355776877	0.00375717065156246
MTERF3	0.634466229220853	-0.00623276899241364	0.99850355776877	-0.00623276899241364
ASCC2	0.634498918902704	0.00434142502484971	0.99850355776877	0.00434142502484971
CHRAC1	0.634507063926445	0.00582670274305942	0.99850355776877	0.00582670274305942
ZNF133	0.634507802463458	0.00376323732034664	0.99850355776877	0.00376323732034664
LINC02615	0.634585422299645	0.0040392287382365	0.99850355776877	0.0040392287382365
GRK2	0.63462458892928	0.00635068329850126	0.99850355776877	0.00635068329850126
H3F3A	0.634685952833283	0.00404812703001215	0.99850355776877	0.00404812703001215
MRPS24	0.634778111620415	-0.0096083447487576	0.99850355776877	-0.0096083447487576
CAPN10-DT	0.634803524673697	-0.00789617717574304	0.99850355776877	-0.00789617717574304
RABL6	0.635001048696999	0.00279598599801465	0.99850355776877	0.00279598599801465
MTRNR2L12	0.635024473994461	0.00555637042072214	0.99850355776877	0.00555637042072214
POR	0.635034266524764	-0.0038515793307282	0.99850355776877	-0.0038515793307282
CREG1	0.635052551808602	0.0044552404578339	0.99850355776877	0.0044552404578339
GATD1	0.635247435116074	0.00534773303308693	0.99850355776877	0.00534773303308693
ICK	0.635345612334452	-0.0027747544169977	0.99850355776877	-0.0027747544169977
AC040934.1	0.635396633416993	-0.00519982075392249	0.99850355776877	-0.00519982075392249
ZMAT5	0.635571284207964	0.00709149828817789	0.99850355776877	0.00709149828817789
SLC35F5	0.635624356711965	-0.00281996391385042	0.99850355776877	-0.00281996391385042
BAP1	0.63567386876307	0.00634473917455671	0.99850355776877	0.00634473917455671
MLLT6	0.635810401499039	0.00271880116738007	0.99850355776877	0.00271880116738007
CLCN4	0.635810868769713	0.00316967363175489	0.99850355776877	0.00316967363175489
ZNF544	0.635851272038798	0.00360918583778521	0.99850355776877	0.00360918583778521
URGCP	0.63602351082275	-0.00272399141898911	0.99850355776877	-0.00272399141898911
OBI1	0.636212411823642	0.00490973532967453	0.99850355776877	0.00490973532967453
PREX2	0.636227588373129	0.00327946400566767	0.99850355776877	0.00327946400566767
ADCK2	0.636252504330431	0.00547683394094302	0.99850355776877	0.00547683394094302
AXIN1	0.636301076445047	0.00445335133278303	0.99850355776877	0.00445335133278303
RAB11A	0.636318807540332	-0.00521129005504506	0.99850355776877	-0.00521129005504506
RIC3	0.636350697259984	-0.00594017409136182	0.99850355776877	-0.00594017409136182
PDE12	0.636384008123882	-0.00585401246709022	0.99850355776877	-0.00585401246709022
RBM26-AS1	0.636668429316902	0.00684271280455926	0.99850355776877	0.00684271280455926
GANC	0.636769616087884	0.00233017677185811	0.99850355776877	0.00233017677185811
COQ7	0.636802798827648	0.00560359209638747	0.99850355776877	0.00560359209638747
ZC3H7B	0.636815445802191	-0.00322827928765545	0.99850355776877	-0.00322827928765545
GPATCH3	0.637085609657126	0.00756251141631815	0.99850355776877	0.00756251141631815
COX7B	0.637088744401463	0.00906859915431742	0.99850355776877	0.00906859915431742
TNPO1	0.637113108161792	-0.00260989068812452	0.99850355776877	-0.00260989068812452
CIAO1	0.637199345666896	-0.00382366626495886	0.99850355776877	-0.00382366626495886
TRIP4	0.637355657028699	0.00341237530977051	0.99850355776877	0.00341237530977051
SMPD4	0.637429358299349	0.0028902837997437	0.99850355776877	0.0028902837997437
KCNQ3	0.637696105185473	-0.00763662260039336	0.99850355776877	-0.00763662260039336
MAGT1	0.637848914773889	-0.00379919073112226	0.99850355776877	-0.00379919073112226
SERF2	0.637917124374739	0.00523811932599934	0.99850355776877	0.00523811932599934
HPCAL1	0.638020531450575	-0.00668308205607984	0.99850355776877	-0.00668308205607984
FXR1	0.6380220368257	-0.00226650513357765	0.99850355776877	-0.00226650513357765
RPUSD4	0.638066000626238	-0.00757704007643869	0.99850355776877	-0.00757704007643869
MESD	0.638119293766441	0.00345249832994652	0.99850355776877	0.00345249832994652
UCHL1	0.638915211289688	0.00871730431690321	0.99850355776877	0.00871730431690321
TMEM14C	0.639019333522246	0.00819309445807384	0.99850355776877	0.00819309445807384
BSG	0.639107395668115	0.0052731543161092	0.99850355776877	0.0052731543161092
RANGRF	0.63925879828727	0.00744054317915973	0.99850355776877	0.00744054317915973
R3HDM2	0.639404796661964	0.00206331174076154	0.99850355776877	0.00206331174076154
TRMT61A	0.639417956857698	-0.0057646849619852	0.99850355776877	-0.0057646849619852
ARHGEF10L	0.639424318002524	0.00592464848163169	0.99850355776877	0.00592464848163169
ATP6V1F	0.639590320506842	-0.00811038609753132	0.99850355776877	-0.00811038609753132
AL023284.4	0.639620526070839	-0.00495722557512504	0.99850355776877	-0.00495722557512504
EPHB2	0.639881806993002	0.00404987405380264	0.99850355776877	0.00404987405380264
CENPB	0.639948238306086	0.00584889599157329	0.99850355776877	0.00584889599157329
WDR75	0.640067754840538	0.0041379682421931	0.99850355776877	0.0041379682421931
UBE2G1	0.640137931460918	0.00283842803350212	0.99850355776877	0.00283842803350212
CLTCL1	0.640153740041347	0.00535724719368472	0.99850355776877	0.00535724719368472
MTRES1	0.640246550608639	-0.00546486447453838	0.99850355776877	-0.00546486447453838
FOXN3	0.640339251597092	-0.0023721200670479	0.99850355776877	-0.0023721200670479
ZC2HC1A	0.640758953696258	0.00543422133875357	0.99850355776877	0.00543422133875357
SPPL2A	0.640824360230166	0.00340875014024022	0.99850355776877	0.00340875014024022
H2AFY2	0.640824638907647	0.00576546350805941	0.99850355776877	0.00576546350805941
PURA	0.640828995839914	-0.00293079655230427	0.99850355776877	-0.00293079655230427
ELP5	0.64094728076722	-0.00700838193047593	0.99850355776877	-0.00700838193047593
DPYD	0.640961987034647	-0.00158643504885806	0.99850355776877	-0.00158643504885806
ELAVL4	0.640982166598655	0.0100809161214032	0.99850355776877	0.0100809161214032
STMP1	0.640999946130248	-0.00403477185999952	0.99850355776877	-0.00403477185999952
RPS20	0.641015910390701	-0.00626847506840456	0.99850355776877	-0.00626847506840456
IFIT3	0.641148391368705	-0.00730575484719347	0.99850355776877	-0.00730575484719347
MRPS14	0.64116824910198	0.00579085961692387	0.99850355776877	0.00579085961692387
ANXA7	0.64130946567862	0.0030756819082588	0.99850355776877	0.0030756819082588
CCDC125	0.641318722818206	-0.0048505539700791	0.99850355776877	-0.0048505539700791
GPR158	0.641492928161242	0.00959916145081617	0.99850355776877	0.00959916145081617
PDE4DIP	0.641594975817132	-0.00448235465109981	0.99850355776877	-0.00448235465109981
MIA3	0.641604945121755	0.00408768872788071	0.99850355776877	0.00408768872788071
VPS37B	0.641656159387872	-0.00440129466784041	0.99850355776877	-0.00440129466784041
ABCA5	0.641764444884827	0.00416691637793497	0.99850355776877	0.00416691637793497
PDLIM5	0.641805577267875	-0.00328504557839887	0.99850355776877	-0.00328504557839887
DHX8	0.641819192741153	0.00333553687905997	0.99850355776877	0.00333553687905997
ASB13	0.64186850474653	-0.00599259635269405	0.99850355776877	-0.00599259635269405
ZEB2	0.642014314408787	0.00135480704509368	0.99850355776877	0.00135480704509368
THOP1	0.642243319594074	0.00441239270574069	0.99850355776877	0.00441239270574069
SPCS2	0.64224687728222	0.00406924933025906	0.99850355776877	0.00406924933025906
ANKRD37	0.642251167980259	-0.00798575022284302	0.99850355776877	-0.00798575022284302
RELA	0.64227536855664	-0.00464070601858681	0.99850355776877	-0.00464070601858681
CREBZF	0.642311281693005	-0.00335525595234524	0.99850355776877	-0.00335525595234524
NUBPL	0.642456442846387	-0.00235992890398177	0.99850355776877	-0.00235992890398177
GOLGA5	0.642536668852482	-0.0040085261140288	0.99850355776877	-0.0040085261140288
HECTD3	0.642561567671968	-0.00740473115463327	0.99850355776877	-0.00740473115463327
KIFAP3	0.642673700892617	-0.00549205518571754	0.99850355776877	-0.00549205518571754
SMG5	0.642736016317587	-0.00265883801350825	0.99850355776877	-0.00265883801350825
C6orf62	0.642921457397665	-0.00367890675912538	0.99850355776877	-0.00367890675912538
SNTA1	0.64297785836931	-0.00667158847891241	0.99850355776877	-0.00667158847891241
SAC3D1	0.643053933945987	0.00689960592307662	0.99850355776877	0.00689960592307662
ARPP21	0.643136092466349	-0.00582453084371458	0.99850355776877	-0.00582453084371458
MAML2	0.643159027535312	0.0032454864171448	0.99850355776877	0.0032454864171448
VOPP1	0.64318305747291	0.00668430284737989	0.99850355776877	0.00668430284737989
PFKFB4	0.643342749385074	-0.00428446164382051	0.99850355776877	-0.00428446164382051
FXYD7	0.643600318971011	-0.0112623971950673	0.99850355776877	-0.0112623971950673
CWC27	0.64360086193692	0.00248497564877644	0.99850355776877	0.00248497564877644
TMCC1	0.643673734410072	0.00193616281479223	0.99850355776877	0.00193616281479223
TTLL7	0.643919533882234	0.00133113381793349	0.99850355776877	0.00133113381793349
RBM8A	0.64393601117877	0.00469903262740923	0.99850355776877	0.00469903262740923
NPC1	0.643940522610931	-0.00193603355581872	0.99850355776877	-0.00193603355581872
KCNQ2	0.643973864473056	-0.0141257919206806	0.99850355776877	-0.0141257919206806
ITGAV	0.643990632664736	0.00388890581015028	0.99850355776877	0.00388890581015028
CLCN3	0.644006709293517	0.0026620900486015	0.99850355776877	0.0026620900486015
SUPT4H1	0.644181912997093	-0.00853745473746815	0.99850355776877	-0.00853745473746815
SLC12A5	0.644211959283246	0.0119174785310338	0.99850355776877	0.0119174785310338
NUB1	0.644235770450276	-0.00350618692732981	0.99850355776877	-0.00350618692732981
AC092683.1	0.64426096140225	0.00895816635631617	0.99850355776877	0.00895816635631617
WDR18	0.644271798775137	-0.00592384310917385	0.99850355776877	-0.00592384310917385
CCAR1	0.644372081651453	0.00219988359304673	0.99850355776877	0.00219988359304673
LINC01535	0.644402265865877	0.00632585658134704	0.99850355776877	0.00632585658134704
RFTN2	0.644538063052129	-0.00160368736163304	0.99850355776877	-0.00160368736163304
ZNF367	0.644697656668653	-0.00767513462578836	0.99850355776877	-0.00767513462578836
DENND4A	0.64474284167662	0.00183068427533278	0.99850355776877	0.00183068427533278
GRIA3	0.645088036154145	0.00692944419592225	0.99850355776877	0.00692944419592225
UROS	0.645200865060247	-0.0036273120382024	0.99850355776877	-0.0036273120382024
SYNE3	0.645270855891412	-0.00341450350875917	0.99850355776877	-0.00341450350875917
KLK6	0.64529126025696	0.00395508929682513	0.99850355776877	0.00395508929682513
TTC5	0.645316945647784	0.00530695575411834	0.99850355776877	0.00530695575411834
CTTN	0.645476379093042	0.00198994482269908	0.99850355776877	0.00198994482269908
MPP5	0.64554344999339	-0.00223279333977791	0.99850355776877	-0.00223279333977791
SNAPC4	0.645772492144822	-0.00630945258756886	0.99850355776877	-0.00630945258756886
HSPA1A	0.645911836432052	0.00704513917814723	0.99850355776877	0.00704513917814723
FRMD3	0.645918069601333	-0.00468944072772508	0.99850355776877	-0.00468944072772508
B4GALT2	0.646044458509887	0.00442664327632061	0.99850355776877	0.00442664327632061
MZF1	0.646088436718417	0.00329654686979052	0.99850355776877	0.00329654686979052
CTIF	0.646093230047406	-0.00244844447685721	0.99850355776877	-0.00244844447685721
DPF3	0.646194595077612	-0.00271706353620054	0.99850355776877	-0.00271706353620054
AC063944.1	0.64631531914567	-0.00378126783983839	0.99850355776877	-0.00378126783983839
CLIP4	0.646325357911238	0.00217495270401877	0.99850355776877	0.00217495270401877
MED28	0.646557358726801	-0.00310006772884496	0.99850355776877	-0.00310006772884496
AC113370.1	0.646711436929833	-0.00542133754198305	0.99850355776877	-0.00542133754198305
SV2B	0.64672216892496	-0.00638909765776095	0.99850355776877	-0.00638909765776095
BTRC	0.646804287545833	-0.00215887226901338	0.99850355776877	-0.00215887226901338
FOXP4	0.646888531740158	-0.00682449015018412	0.99850355776877	-0.00682449015018412
COX16	0.646893032480209	0.00481708570293748	0.99850355776877	0.00481708570293748
ELK4	0.647081429737613	-0.00405277067583383	0.99850355776877	-0.00405277067583383
AC011603.2	0.647098504962353	0.00456382342090311	0.99850355776877	0.00456382342090311
AP001372.2	0.647108471017091	0.00674454491177212	0.99850355776877	0.00674454491177212
AP000944.7	0.64733539728899	-0.00704509428445696	0.99850355776877	-0.00704509428445696
SNX19	0.647483207013423	0.00405713680696345	0.99850355776877	0.00405713680696345
TPGS2	0.647631231010081	-0.00402865213635476	0.99850355776877	-0.00402865213635476
AC002463.1	0.64765515012926	0.00963470768137327	0.99850355776877	0.00963470768137327
CYSTM1	0.647692158537362	0.0064095656241269	0.99850355776877	0.0064095656241269
PCNP	0.647747286965862	-0.0036099747860455	0.99850355776877	-0.0036099747860455
TMEM161B	0.6478149280446	0.00368353337870218	0.99850355776877	0.00368353337870218
SRSF5	0.64782858967653	0.00242327170975132	0.99850355776877	0.00242327170975132
ATG2B	0.647938635674735	-0.00287302882383435	0.99850355776877	-0.00287302882383435
AL139289.2	0.648048431301264	-0.00563559673505462	0.99850355776877	-0.00563559673505462
TECPR2	0.648059869066373	-0.00228127812378559	0.99850355776877	-0.00228127812378559
FMNL2	0.648066481931841	-0.00127592245093826	0.99850355776877	-0.00127592245093826
HNRNPAB	0.648068093721522	0.00635306074535069	0.99850355776877	0.00635306074535069
AC025034.1	0.64813581906071	0.00623516016694292	0.99850355776877	0.00623516016694292
FAM151B	0.648329551904563	0.00639206778264471	0.99850355776877	0.00639206778264471
FIGN	0.648401122975633	0.00253115133336262	0.99850355776877	0.00253115133336262
EPB41L2	0.648409687460964	-0.00199733472231763	0.99850355776877	-0.00199733472231763
AP000688.1	0.648778328337389	0.005707779467338	0.99850355776877	0.005707779467338
METTL25	0.648788616157915	0.00254299955157446	0.99850355776877	0.00254299955157446
PPM1L	0.648849922865275	0.00479552334795787	0.99850355776877	0.00479552334795787
WDR81	0.648874450160458	0.00493027719784917	0.99850355776877	0.00493027719784917
SEMA6A	0.648894987663046	-0.00186007710279314	0.99850355776877	-0.00186007710279314
LINC00870	0.648930576562187	0.00806030572941773	0.99850355776877	0.00806030572941773
UNC13C	0.648979795175269	0.00998474499760287	0.99850355776877	0.00998474499760287
SNX16	0.649029785352368	-0.00611128556217106	0.99850355776877	-0.00611128556217106
JAGN1	0.649231768278501	-0.00900094659351493	0.99850355776877	-0.00900094659351493
SCAF11	0.649403744785709	-0.00201269705900568	0.99850355776877	-0.00201269705900568
NADK2	0.649569371875429	0.00412782492238089	0.99850355776877	0.00412782492238089
COPG2	0.649861986180861	-0.00376563698257296	0.99850355776877	-0.00376563698257296
TMEM132B	0.649938553046808	-0.00812087246085457	0.99850355776877	-0.00812087246085457
FAM168A	0.650010711755949	-0.00230215107277882	0.99850355776877	-0.00230215107277882
RPS15	0.650112744674209	0.00530778744679106	0.99850355776877	0.00530778744679106
MB21D2	0.650120293379026	-0.00370260788411229	0.99850355776877	-0.00370260788411229
C1QTNF3	0.650271316516184	-0.00418504674128513	0.99850355776877	-0.00418504674128513
SNHG20	0.650371190270954	0.00641355439593879	0.99850355776877	0.00641355439593879
USP32	0.650437478580242	-0.00188848480936711	0.99850355776877	-0.00188848480936711
BLOC1S6	0.650458988956845	0.00412763333774958	0.99850355776877	0.00412763333774958
DICER1-AS1	0.650549218656809	0.00390987630826194	0.99850355776877	0.00390987630826194
SHOC2	0.65064759380273	0.00310919039836719	0.99850355776877	0.00310919039836719
CDKN2A	0.650752493536848	0.00620733956198434	0.99850355776877	0.00620733956198434
TCP1	0.650773703663578	-0.0058285906562292	0.99850355776877	-0.0058285906562292
CCT6A	0.650912393918743	-0.00591252440907297	0.99850355776877	-0.00591252440907297
RPL35	0.650933853772641	0.00558117580611679	0.99850355776877	0.00558117580611679
YLPM1	0.650979416790418	0.00227309048932033	0.99850355776877	0.00227309048932033
ELMOD2	0.651210352370097	0.00431054941156156	0.99850355776877	0.00431054941156156
ZDHHC3	0.651272347593715	0.00494674456601296	0.99850355776877	0.00494674456601296
BRINP2	0.651682961989271	0.00819367190020835	0.99850355776877	0.00819367190020835
SCPEP1	0.651727814571796	0.00422151372120802	0.99850355776877	0.00422151372120802
BAZ2A	0.651841917990233	-0.00260733875761144	0.99850355776877	-0.00260733875761144
PGAM1	0.651866875549873	0.00782791832458311	0.99850355776877	0.00782791832458311
AC136489.1	0.651983215027023	-0.00837780993158524	0.99850355776877	-0.00837780993158524
KPNA6	0.652106495861597	-0.00208009346644534	0.99850355776877	-0.00208009346644534
COPS5	0.652143763231467	-0.00501808188239566	0.99850355776877	-0.00501808188239566
CDKN2AIP	0.652185280739014	-0.00822537851829027	0.99850355776877	-0.00822537851829027
RACGAP1	0.652342863753603	0.00612132991458155	0.99850355776877	0.00612132991458155
UEVLD	0.652522986944693	0.00329244187624752	0.99850355776877	0.00329244187624752
TRMT10A	0.652648498820794	0.00656009242504761	0.99850355776877	0.00656009242504761
CASTOR2	0.652805836282019	0.00331288570494718	0.99850355776877	0.00331288570494718
EIF2A	0.652871042431226	-0.00493388335636275	0.99850355776877	-0.00493388335636275
HMGCR	0.653142589808765	0.00611075915332749	0.99850355776877	0.00611075915332749
DDX25	0.653172298304669	0.00921786049851264	0.99850355776877	0.00921786049851264
CC2D1A	0.653433151130774	0.00262710359443137	0.99850355776877	0.00262710359443137
SUGP1	0.653476094676989	-0.00447713181854159	0.99850355776877	-0.00447713181854159
MTRNR2L8	0.653514820450872	-0.00897474476386933	0.99850355776877	-0.00897474476386933
PDS5A	0.653542795683683	0.00185309620227824	0.99850355776877	0.00185309620227824
ATP5MC2	0.653611859938302	-0.00412907149507656	0.99850355776877	-0.00412907149507656
FGF12	0.653617153692453	0.00843748337257035	0.99850355776877	0.00843748337257035
SOX13	0.653769618794869	-0.00483585882148412	0.99850355776877	-0.00483585882148412
EIF2AK1	0.653809710274549	-0.00314911415001004	0.99850355776877	-0.00314911415001004
SEC61A1	0.653836491406424	0.00403300109518157	0.99850355776877	0.00403300109518157
RIMS1	0.653871257254966	0.00843082214797927	0.99850355776877	0.00843082214797927
GMPS	0.653881392938995	-0.00348688460902529	0.99850355776877	-0.00348688460902529
MYO18A	0.653982087575121	0.00353038451118243	0.99850355776877	0.00353038451118243
PLXND1	0.654007378989331	-0.00361465362667419	0.99850355776877	-0.00361465362667419
ARG2	0.654108067492475	-0.010830169834868	0.99850355776877	-0.010830169834868
SENP7	0.654138293706273	0.00259093838014334	0.99850355776877	0.00259093838014334
RMC1	0.654163508736744	-0.00421959412859594	0.99850355776877	-0.00421959412859594
CCND3	0.654202460163225	0.00722561493381811	0.99850355776877	0.00722561493381811
TGFBRAP1	0.654288523499533	0.00449426809182201	0.99850355776877	0.00449426809182201
CADM3	0.654305701227156	-0.010926543953806	0.99850355776877	-0.010926543953806
SRGAP2	0.654436818155883	0.00282066026133675	0.99850355776877	0.00282066026133675
XAB2	0.65446548952749	0.00515054622231424	0.99850355776877	0.00515054622231424
NEK1	0.65447681279224	0.0023313515079596	0.99850355776877	0.0023313515079596
NRGN	0.654545089889835	0.0105635800878457	0.99850355776877	0.0105635800878457
RAB27A	0.65465616967369	0.00566580926896136	0.99850355776877	0.00566580926896136
AP003469.4	0.654694118690415	-0.00525874126786406	0.99850355776877	-0.00525874126786406
LINC00963	0.654776780532082	-0.00483004491523617	0.99850355776877	-0.00483004491523617
ACBD3	0.654910417346006	-0.00323512005828413	0.99850355776877	-0.00323512005828413
RFLNA	0.654963805119535	0.0049140272916844	0.99850355776877	0.0049140272916844
AC009113.1	0.654973544161717	0.00649727742584485	0.99850355776877	0.00649727742584485
ZDHHC7	0.654999773703122	0.0043358708282205	0.99850355776877	0.0043358708282205
BMI1	0.655029542614881	-0.00351581853140836	0.99850355776877	-0.00351581853140836
NCKAP5	0.655035587727586	-0.00161174185711756	0.99850355776877	-0.00161174185711756
DPYD-AS1	0.655196302518033	-0.00936693105507152	0.99850355776877	-0.00936693105507152
AL117336.2	0.655374174611435	-0.00432749570537739	0.99850355776877	-0.00432749570537739
TACR3	0.655387473441348	-0.00609706663423418	0.99850355776877	-0.00609706663423418
CCNT2-AS1	0.655460597578306	0.00582963814194335	0.99850355776877	0.00582963814194335
RIT1	0.655613799638643	-0.00668837374753392	0.99850355776877	-0.00668837374753392
CHKB-DT	0.655940191519397	0.00525869255984498	0.99850355776877	0.00525869255984498
AKAP17A	0.656002849908513	-0.00433397940739635	0.99850355776877	-0.00433397940739635
PPARA	0.656014455200129	-0.00307149586809708	0.99850355776877	-0.00307149586809708
SLC35E2B	0.656161107868392	-0.00453284520755502	0.99850355776877	-0.00453284520755502
WWP1	0.65617911012568	0.00207924143738494	0.99850355776877	0.00207924143738494
CNTROB	0.656369280543521	0.00594999993037046	0.99850355776877	0.00594999993037046
ALCAM	0.656582279270314	0.0013600547274539	0.99850355776877	0.0013600547274539
MIPOL1	0.656686767254958	0.00577064611763258	0.99850355776877	0.00577064611763258
C4orf47	0.656720649882561	-0.0069292012917779	0.99850355776877	-0.0069292012917779
MEF2A	0.656813679845909	-0.00208819674456112	0.99850355776877	-0.00208819674456112
CA11	0.6569266565669	-0.00992996146623904	0.99850355776877	-0.00992996146623904
AP3B1	0.656950177618962	0.00182181375384663	0.99850355776877	0.00182181375384663
AC051619.5	0.657037540813738	0.00658311298727813	0.99850355776877	0.00658311298727813
ZNF112	0.65707424975268	0.00559889061722706	0.99850355776877	0.00559889061722706
H2AFV	0.657276194628296	-0.00334081666011114	0.99850355776877	-0.00334081666011114
GUCY1B1	0.65741216974089	0.00851376497435281	0.99850355776877	0.00851376497435281
SENP6	0.657536331288563	0.00170202647201245	0.99850355776877	0.00170202647201245
GSAP	0.657554832628645	0.00652827220720596	0.99850355776877	0.00652827220720596
EP400	0.657734674720917	-0.00258459781397929	0.99850355776877	-0.00258459781397929
CHMP5	0.657874901506619	0.00472144368427157	0.99850355776877	0.00472144368427157
MAN2A2	0.657954875967373	0.00310712771380088	0.99850355776877	0.00310712771380088
KIAA1324L	0.658348857233699	-0.00215966695931373	0.99850355776877	-0.00215966695931373
CDC37L1	0.658372829508281	0.00430735271884732	0.99850355776877	0.00430735271884732
SLC1A2	0.658421178049564	0.0102672644061919	0.99850355776877	0.0102672644061919
AS3MT	0.658553694629274	0.00490678694721039	0.99850355776877	0.00490678694721039
TCAF1	0.658743190955684	-0.00330909752648902	0.99850355776877	-0.00330909752648902
UBA5	0.658816855696889	-0.00490989197229044	0.99850355776877	-0.00490989197229044
SPOUT1	0.659085890823728	-0.00451298485637141	0.99850355776877	-0.00451298485637141
ZNF250	0.659124175607277	-0.00645939943930885	0.99850355776877	-0.00645939943930885
RNF180	0.659209642668199	0.00734252526131755	0.99850355776877	0.00734252526131755
AATF	0.659744101155997	0.00316830212930228	0.99850355776877	0.00316830212930228
AC024597.1	0.659918496792714	0.00742022392422621	0.99850355776877	0.00742022392422621
PANK2	0.659932376257286	-0.00418273430924242	0.99850355776877	-0.00418273430924242
IKZF4	0.659941153548991	0.00396071712036839	0.99850355776877	0.00396071712036839
RNF128	0.659985618450248	-0.0147560126387199	0.99850355776877	-0.0147560126387199
FAXDC2	0.660000467739298	0.00211736411033474	0.99850355776877	0.00211736411033474
RPF1	0.660080598759821	0.00618084018691648	0.99850355776877	0.00618084018691648
EXOSC6	0.660097312809136	0.00447603101486518	0.99850355776877	0.00447603101486518
CAPZB	0.660144161987095	-0.00207737755184545	0.99850355776877	-0.00207737755184545
NOX4	0.660151946835224	0.00613748425859178	0.99850355776877	0.00613748425859178
ARAP1	0.660199901671198	-0.00296983137302785	0.99850355776877	-0.00296983137302785
XRCC1	0.660220629039325	0.00455732566804426	0.99850355776877	0.00455732566804426
TFDP1	0.660383832264538	0.00703523539830297	0.99850355776877	0.00703523539830297
PAXIP1-AS1	0.660421193431217	0.00524210234828152	0.99850355776877	0.00524210234828152
ST6GALNAC5	0.660704842918475	-0.00914340567616985	0.99850355776877	-0.00914340567616985
MAP2	0.660724325839713	0.00812851583796502	0.99850355776877	0.00812851583796502
ZNF880	0.660756328023559	0.00608338052376984	0.99850355776877	0.00608338052376984
RBFOX3	0.660964024445658	-0.00832014293087285	0.99850355776877	-0.00832014293087285
RPL31	0.661009142097286	0.00612417380414697	0.99850355776877	0.00612417380414697
SAMD13	0.661177282592675	-0.00454297807388088	0.99850355776877	-0.00454297807388088
CNP	0.661358778407566	0.00311049243195806	0.99850355776877	0.00311049243195806
ZBTB43	0.661401085892849	0.00338024012673353	0.99850355776877	0.00338024012673353
SERBP1	0.661844319484035	-0.00325624510815731	0.99850355776877	-0.00325624510815731
C1orf61	0.66222704886916	-0.00547608433847188	0.99850355776877	-0.00547608433847188
IL17RB	0.662444855274548	-0.00712414604939613	0.99850355776877	-0.00712414604939613
IVNS1ABP	0.662484464528814	0.00290188637642938	0.99850355776877	0.00290188637642938
COPS8	0.662554647977102	0.00584700368372038	0.99850355776877	0.00584700368372038
FLNA	0.662565615142821	-0.00870537885261352	0.99850355776877	-0.00870537885261352
GADD45GIP1	0.66262215504621	0.00979796377888642	0.99850355776877	0.00979796377888642
SSBP2	0.662656754997391	-0.00160608408438221	0.99850355776877	-0.00160608408438221
TP53TG1	0.66267779993616	-0.00652776898954195	0.99850355776877	-0.00652776898954195
PCDH10	0.662704011014541	-0.00353053211615968	0.99850355776877	-0.00353053211615968
POLR1C	0.66273691881413	-0.00474526270913183	0.99850355776877	-0.00474526270913183
PGRMC2	0.662813336508975	-0.00467438527273567	0.99850355776877	-0.00467438527273567
EEF1AKNMT	0.662837115608232	0.00656115499690267	0.99850355776877	0.00656115499690267
MVB12B	0.662913267809571	-0.00181829798793196	0.99850355776877	-0.00181829798793196
MYO9A	0.662955432713026	-0.0018544739047058	0.99850355776877	-0.0018544739047058
PFKFB2	0.662966433696016	-0.00568011892865319	0.99850355776877	-0.00568011892865319
CRYBG3	0.663000529504206	0.00329908498334458	0.99850355776877	0.00329908498334458
DUSP16	0.663006916287412	-0.00242276003555491	0.99850355776877	-0.00242276003555491
MRPL18	0.663013419297547	-0.005813068712317	0.99850355776877	-0.005813068712317
STK31	0.663026271964401	-0.00838056564846022	0.99850355776877	-0.00838056564846022
MRPS18B	0.663203477748298	0.00449372823896027	0.99850355776877	0.00449372823896027
HSBP1	0.663303028598405	-0.00475996319630447	0.99850355776877	-0.00475996319630447
PGM3	0.663305813178749	0.00441660566199109	0.99850355776877	0.00441660566199109
NEAT1	0.663311005766082	-0.00295044360016359	0.99850355776877	-0.00295044360016359
ZNF91	0.663385432704385	-0.00259008089450811	0.99850355776877	-0.00259008089450811
PHF13	0.663600742611626	0.00578146274309889	0.99850355776877	0.00578146274309889
TTLL7-IT1	0.663876032149526	0.006062338912048	0.99850355776877	0.006062338912048
BICD1	0.663982938020758	0.00200596252625106	0.99850355776877	0.00200596252625106
KCNC2	0.664240711353479	0.00909074444130056	0.99850355776877	0.00909074444130056
RECQL5	0.664267075066421	0.00379620721244623	0.99850355776877	0.00379620721244623
NTPCR	0.664451178516915	0.00382862004389198	0.99850355776877	0.00382862004389198
AL139424.2	0.664465192409971	-0.0056077494706505	0.99850355776877	-0.0056077494706505
GOLGA3	0.664559773586202	-0.00348958201936616	0.99850355776877	-0.00348958201936616
AL354740.1	0.664743268158938	-0.00736200378109587	0.99850355776877	-0.00736200378109587
BBS5	0.664809064417336	0.0055172819751379	0.99850355776877	0.0055172819751379
RAD9A	0.664913403223987	-0.00465706184297459	0.99850355776877	-0.00465706184297459
HIBCH	0.665077880098086	-0.00222065713062978	0.99850355776877	-0.00222065713062978
ZNF350	0.66508197201384	0.00683193740109519	0.99850355776877	0.00683193740109519
SRR	0.665102436747078	0.00482613375956447	0.99850355776877	0.00482613375956447
SRRM4	0.665135291457379	0.00895984250607282	0.99850355776877	0.00895984250607282
AC092958.1	0.665660929417321	-0.00286631205855161	0.99850355776877	-0.00286631205855161
ZNF37A	0.665818717967624	-0.00200184235389061	0.99850355776877	-0.00200184235389061
TCEAL3	0.665829925922789	0.00689833805664776	0.99850355776877	0.00689833805664776
GAREM1	0.665835246299851	-0.00206076136524581	0.99850355776877	-0.00206076136524581
GFAP	0.666101274452242	0.00948796451537818	0.99850355776877	0.00948796451537818
KLHL42	0.666203924569679	0.00265141891490327	0.99850355776877	0.00265141891490327
WASHC3	0.666297572713628	-0.00323617348997148	0.99850355776877	-0.00323617348997148
PRELID3B	0.666393167927136	0.00694567625723052	0.99850355776877	0.00694567625723052
LRIF1	0.666434188121635	0.005191220773632	0.99850355776877	0.005191220773632
HDX	0.666482033623973	0.00342701229381502	0.99850355776877	0.00342701229381502
UTP25	0.666709873255071	-0.00514085212470353	0.99850355776877	-0.00514085212470353
NSD3	0.666893489069986	-0.00157633265648451	0.99850355776877	-0.00157633265648451
BICD2	0.666894794841101	-0.00428478729104106	0.99850355776877	-0.00428478729104106
AL008633.1	0.667109267567287	-0.00920480024206155	0.99850355776877	-0.00920480024206155
ELOA	0.667280052875125	-0.00473749322833829	0.99850355776877	-0.00473749322833829
AL137009.1	0.667305335602973	0.00664779381443525	0.99850355776877	0.00664779381443525
PUS7	0.667350530822003	0.00356733897405021	0.99850355776877	0.00356733897405021
MIF4GD	0.667394509485325	0.00682222647545138	0.99850355776877	0.00682222647545138
ERI2	0.667670048194289	0.00519882417347682	0.99850355776877	0.00519882417347682
FBXL14	0.667700909032172	-0.00435743788402554	0.99850355776877	-0.00435743788402554
PBX1	0.667814446572937	-0.00184577771560267	0.99850355776877	-0.00184577771560267
C12orf60	0.667878245804636	0.00612301607379705	0.99850355776877	0.00612301607379705
ABL1	0.668073396628746	-0.00192098826637314	0.99850355776877	-0.00192098826637314
ZNF595	0.668080853193609	-0.00410838333710361	0.99850355776877	-0.00410838333710361
PEX11G	0.668102222947243	-0.00491952650534036	0.99850355776877	-0.00491952650534036
ABHD14A	0.668206021442736	-0.00777815790903251	0.99850355776877	-0.00777815790903251
GAMT	0.668284927529348	-0.00349122547981348	0.99850355776877	-0.00349122547981348
HACD2	0.668354322562627	0.00240360298986497	0.99850355776877	0.00240360298986497
CLHC1	0.668492254287992	0.00526156043995339	0.99850355776877	0.00526156043995339
SNHG3	0.668578795334688	0.0071522741446026	0.99850355776877	0.0071522741446026
ERH	0.668620123316234	-0.0060077721838854	0.99850355776877	-0.0060077721838854
PPP1R9A	0.668644828254992	-0.0017927541712869	0.99850355776877	-0.0017927541712869
RPLP0	0.668666999930459	-0.0056068751415896	0.99850355776877	-0.0056068751415896
RFX2	0.668861264661791	0.00443959225831881	0.99850355776877	0.00443959225831881
NCOA6	0.668889027564454	0.0020857723744117	0.99850355776877	0.0020857723744117
CCT3	0.668890610556009	-0.00353199338506639	0.99850355776877	-0.00353199338506639
CFAP20	0.669125546529264	0.00421708009233486	0.99850355776877	0.00421708009233486
SP1	0.669192455947286	0.00365970856245733	0.99850355776877	0.00365970856245733
AC104806.2	0.669260431084708	-0.00571536043673958	0.99850355776877	-0.00571536043673958
NDUFS6	0.66929668829174	-0.00625738176036513	0.99850355776877	-0.00625738176036513
POLR2L	0.669302927123151	-0.00995316460104596	0.99850355776877	-0.00995316460104596
LINC01422	0.669336683766113	-0.00534774595221672	0.99850355776877	-0.00534774595221672
PCM1	0.669453127249062	0.0017494642111411	0.99850355776877	0.0017494642111411
UBN1	0.669626798918321	-0.00338127118485835	0.99850355776877	-0.00338127118485835
HIVEP1	0.669639346753464	-0.00325179888804908	0.99850355776877	-0.00325179888804908
RRN3	0.669815476774385	0.00463804453025741	0.99850355776877	0.00463804453025741
SNX11	0.669855039255153	0.00579066006784852	0.99850355776877	0.00579066006784852
DHRSX	0.669976085107047	0.00312651919354685	0.99850355776877	0.00312651919354685
ZFR	0.67002619447748	0.0015941054070508	0.99850355776877	0.0015941054070508
ZNF180	0.670043656865324	-0.00630760468390606	0.99850355776877	-0.00630760468390606
SEMA3C	0.670231893206978	0.00300965820349915	0.99850355776877	0.00300965820349915
C2orf69	0.670391370253524	-0.00451612149890504	0.99850355776877	-0.00451612149890504
ECSIT	0.670402479793183	-0.00395612906291943	0.99850355776877	-0.00395612906291943
HDAC2	0.670449397372974	0.0035461499274911	0.99850355776877	0.0035461499274911
PVALEF	0.670475897208773	-0.00620159938902669	0.99850355776877	-0.00620159938902669
TMEM256	0.670530824070509	0.00796598383529497	0.99850355776877	0.00796598383529497
WASHC1	0.670533702642644	0.00358963681289126	0.99850355776877	0.00358963681289126
SGPP1	0.67058983753009	-0.00251801338965828	0.99850355776877	-0.00251801338965828
MLLT10	0.670652244524601	-0.00170400231255605	0.99850355776877	-0.00170400231255605
MCTP1	0.67066464617068	-0.00869323814843598	0.99850355776877	-0.00869323814843598
FAM160B1	0.670775900025641	0.0057105423293954	0.99850355776877	0.0057105423293954
STPG1	0.670968620768316	0.00381459293370544	0.99850355776877	0.00381459293370544
EPHA6	0.67099313905742	0.0084600185314936	0.99850355776877	0.0084600185314936
RGP1	0.671278279207323	-0.00654184115312269	0.99850355776877	-0.00654184115312269
GID4	0.671324452339171	-0.00462217082437131	0.99850355776877	-0.00462217082437131
RALYL	0.671339738608324	0.00882840880289555	0.99850355776877	0.00882840880289555
PPT2	0.671449572186791	-0.0064081369892158	0.99850355776877	-0.0064081369892158
PRR18	0.671459386156621	-0.00315657081747833	0.99850355776877	-0.00315657081747833
GNG8	0.671623873109547	0.00686805373059032	0.99850355776877	0.00686805373059032
TBCC	0.671679975837202	-0.00836175473159314	0.99850355776877	-0.00836175473159314
SLC16A1	0.67185669271323	0.00514852858606107	0.99850355776877	0.00514852858606107
GLT8D1	0.671899384186597	-0.00724389265321881	0.99850355776877	-0.00724389265321881
LPAR1	0.6719051199361	-0.00185501957710529	0.99850355776877	-0.00185501957710529
JMJD8	0.671956600450326	-0.00816058564825131	0.99850355776877	-0.00816058564825131
NSRP1	0.671976199948939	0.00242604151497925	0.99850355776877	0.00242604151497925
PRDM10	0.672009532214919	0.00353734728067431	0.99850355776877	0.00353734728067431
AC106791.1	0.672038968458539	0.00241333675076114	0.99850355776877	0.00241333675076114
TUBGCP4	0.6720667235013	0.00464166680446283	0.99850355776877	0.00464166680446283
C11orf74	0.672069180592134	-0.00598186373808025	0.99850355776877	-0.00598186373808025
GRIPAP1	0.672375046463572	0.00399231590650037	0.99850355776877	0.00399231590650037
TTC38	0.6724145373676	-0.00501565178912608	0.99850355776877	-0.00501565178912608
PHC1	0.672496608975305	0.00483882643744899	0.99850355776877	0.00483882643744899
GALNT15	0.672541134114097	-0.00401800226218483	0.99850355776877	-0.00401800226218483
DNAH1	0.672665566518889	0.00496493218242236	0.99850355776877	0.00496493218242236
PODXL2	0.672782651721151	-0.00793146390711	0.99850355776877	-0.00793146390711
GSTO1	0.672816759838049	-0.00504018470539197	0.99850355776877	-0.00504018470539197
UFL1	0.672889835164637	0.00324511715154799	0.99850355776877	0.00324511715154799
CSTB	0.673031471936027	0.00707513152496675	0.99850355776877	0.00707513152496675
RNF150	0.673073625612099	0.00920564125668698	0.99850355776877	0.00920564125668698
PMPCB	0.673212576599566	-0.00331774365444514	0.99850355776877	-0.00331774365444514
EP300	0.673291868461448	0.00176738888038668	0.99850355776877	0.00176738888038668
CAMK2D	0.673629626097926	-0.0024899906172784	0.99850355776877	-0.0024899906172784
POLR2K	0.673732276342768	0.00931124212435441	0.99850355776877	0.00931124212435441
CHMP1B	0.673825080228238	0.00629178127930626	0.99850355776877	0.00629178127930626
THOC1	0.67384292098381	-0.00229307744669802	0.99850355776877	-0.00229307744669802
MTHFD1	0.673856314359198	0.00550274900243581	0.99850355776877	0.00550274900243581
PPM1E	0.673910324677781	-0.00721661142426146	0.99850355776877	-0.00721661142426146
CAMK2N1	0.673910841165157	-0.00288175105285936	0.99850355776877	-0.00288175105285936
DOLPP1	0.6743251767802	0.00759491451248672	0.99850355776877	0.00759491451248672
ATP5F1B	0.674738918177209	0.00679268190823084	0.99850355776877	0.00679268190823084
AL160313.1	0.674932494269242	0.00659896324818412	0.99850355776877	0.00659896324818412
STPG2	0.675031654292189	-0.00308763907531109	0.99850355776877	-0.00308763907531109
CCNT1	0.6751453696173	0.00323553024132763	0.99850355776877	0.00323553024132763
RBM4	0.6752694864287	0.00314506987570522	0.99850355776877	0.00314506987570522
SYN1	0.675331683990927	0.0136191004312358	0.99850355776877	0.0136191004312358
DPH5	0.675347617043535	0.00385189695922704	0.99850355776877	0.00385189695922704
CSTF3	0.67550357068292	0.00294248551089736	0.99850355776877	0.00294248551089736
MAP1B	0.675617505258138	-0.00391123139726947	0.99850355776877	-0.00391123139726947
HTRA2	0.675715809932163	-0.00739681817470785	0.99850355776877	-0.00739681817470785
SRD5A3-AS1	0.675864644616146	-0.00664845815915766	0.99850355776877	-0.00664845815915766
CHODL	0.675918227874343	-0.00372961614101122	0.99850355776877	-0.00372961614101122
AC023389.1	0.676174869701264	0.00919119531531728	0.99850355776877	0.00919119531531728
AC016831.5	0.676254281922674	0.00462481494392666	0.99850355776877	0.00462481494392666
PCA3	0.676310001383154	-0.00644376459655374	0.99850355776877	-0.00644376459655374
TMEM8B	0.676320034389414	0.00460822374260051	0.99850355776877	0.00460822374260051
TFE3	0.676727774942236	0.00464077651278233	0.99850355776877	0.00464077651278233
RCC1L	0.677191391986656	-0.00372214918860854	0.99850355776877	-0.00372214918860854
ACADVL	0.677239693479262	0.00401080113850616	0.99850355776877	0.00401080113850616
BET1	0.677278066019132	0.00367202493870172	0.99850355776877	0.00367202493870172
NUTM2B-AS1	0.677279740798626	-0.00285928369178202	0.99850355776877	-0.00285928369178202
Z83843.1	0.677307458503579	-0.00501971864046473	0.99850355776877	-0.00501971864046473
VAMP7	0.677308882667077	0.00491937160496739	0.99850355776877	0.00491937160496739
IPO7	0.677313327611364	-0.00301408528188542	0.99850355776877	-0.00301408528188542
SMAD7	0.677352804300083	0.00442996824012104	0.99850355776877	0.00442996824012104
HSPB1	0.677416503228454	0.0130033359258254	0.99850355776877	0.0130033359258254
VPS50	0.677429343293988	0.00240403124236263	0.99850355776877	0.00240403124236263
STRN3	0.677542112903307	0.00214040078330691	0.99850355776877	0.00214040078330691
ERCC8	0.677564827618559	-0.00331046314992229	0.99850355776877	-0.00331046314992229
PHIP	0.677611248632166	0.00135944342233584	0.99850355776877	0.00135944342233584
MAP2K6	0.677746079849805	0.00271688064460828	0.99850355776877	0.00271688064460828
TEP1	0.677758763059464	0.00561759477779476	0.99850355776877	0.00561759477779476
EGLN3	0.677796147954698	-0.00312056392292294	0.99850355776877	-0.00312056392292294
CENPX	0.678114668583622	0.00792803353561442	0.99850355776877	0.00792803353561442
CD200	0.678231563821329	0.00392322195636248	0.99850355776877	0.00392322195636248
RBM6	0.678293791666719	0.0015044757044816	0.99850355776877	0.0015044757044816
MBTD1	0.678369402498907	0.00192917821560605	0.99850355776877	0.00192917821560605
RBM25	0.678386692465558	-0.00235586643100126	0.99850355776877	-0.00235586643100126
CLASP1	0.678397229411757	-0.00152646548380367	0.99850355776877	-0.00152646548380367
GNPAT	0.678533142329522	0.00345314140273225	0.99850355776877	0.00345314140273225
ARID3B	0.678634640135205	-0.0052328016550048	0.99850355776877	-0.0052328016550048
PXK	0.678680900764845	-0.00151106310542966	0.99850355776877	-0.00151106310542966
CEP83	0.678703527866507	-0.00330665319857945	0.99850355776877	-0.00330665319857945
AL359091.1	0.678758982548092	0.00277294629296265	0.99850355776877	0.00277294629296265
CFAP161	0.678858840077942	0.00671633753403004	0.99850355776877	0.00671633753403004
EML5	0.678882564292542	0.00440026572498636	0.99850355776877	0.00440026572498636
HNRNPH3	0.679113907547483	0.0022032732476923	0.99850355776877	0.0022032732476923
MAX	0.679174614653426	-0.00263912521418732	0.99850355776877	-0.00263912521418732
C2CD5	0.679411730153093	0.00310029877797356	0.99850355776877	0.00310029877797356
SLC25A13	0.679444838245062	0.0020354653231548	0.99850355776877	0.0020354653231548
YARS	0.679445646031099	-0.00331122309305254	0.99850355776877	-0.00331122309305254
MVB12A	0.679560176523463	0.00449665887950867	0.99850355776877	0.00449665887950867
SNRPE	0.679602476634332	0.00790209716592592	0.99850355776877	0.00790209716592592
EPB41L1	0.679674894151704	-0.0025552051100879	0.99850355776877	-0.0025552051100879
FRS2	0.67969582833233	-0.00231184060312196	0.99850355776877	-0.00231184060312196
YIPF2	0.679733332492625	0.00550764014253765	0.99850355776877	0.00550764014253765
PRMT7	0.67979743987457	-0.00337959422105029	0.99850355776877	-0.00337959422105029
PACRGL	0.679891629891327	-0.00274119540870115	0.99850355776877	-0.00274119540870115
PHACTR2	0.680012937277439	0.00469428025657471	0.99850355776877	0.00469428025657471
LTBP3	0.680113812440894	0.00293239960469951	0.99850355776877	0.00293239960469951
ULK2	0.680198353179515	-0.00247082017322324	0.99850355776877	-0.00247082017322324
APPL2	0.680335871499908	0.00249506350153127	0.99850355776877	0.00249506350153127
ZNF81	0.680349146942268	0.00304455716997397	0.99850355776877	0.00304455716997397
PFN1	0.680522675489054	0.00515117478357303	0.99850355776877	0.00515117478357303
FKBP15	0.680528403476837	-0.0027526866362482	0.99850355776877	-0.0027526866362482
ERAL1	0.680755831037795	0.0069625667830763	0.99850355776877	0.0069625667830763
LINC02427	0.68097505373339	-0.00640150007856902	0.99850355776877	-0.00640150007856902
NDUFA10	0.680980339646888	-0.00205653434428247	0.99850355776877	-0.00205653434428247
RRP36	0.680987057202356	-0.00438254968503676	0.99850355776877	-0.00438254968503676
C12orf73	0.681031819720672	-0.00344627208370258	0.99850355776877	-0.00344627208370258
TSPAN7	0.681070634021121	0.00821436548868772	0.99850355776877	0.00821436548868772
SAMD12	0.681249917910742	-0.00161934955666981	0.99850355776877	-0.00161934955666981
DMXL2	0.681360967618085	-0.00469595068924126	0.99850355776877	-0.00469595068924126
MPC2	0.681391554311986	-0.00709056498606598	0.99850355776877	-0.00709056498606598
ZNF668	0.681578039149478	0.00630227444882265	0.99850355776877	0.00630227444882265
DR1	0.681615310107417	-0.00513292697501669	0.99850355776877	-0.00513292697501669
SCP2	0.681977349657375	-0.00337651366281772	0.99850355776877	-0.00337651366281772
LANCL1	0.682053749715294	0.00184923516694822	0.99850355776877	0.00184923516694822
SYNRG	0.68231328573217	-0.00204693012446674	0.99850355776877	-0.00204693012446674
ZNF197	0.682344425215402	-0.00288038931731161	0.99850355776877	-0.00288038931731161
CFAP410	0.682536471672162	0.00528919731947767	0.99850355776877	0.00528919731947767
SH3TC2-DT	0.682675835884968	0.00318072770331331	0.99850355776877	0.00318072770331331
ACTR3	0.682743981390026	-0.00258895296521604	0.99850355776877	-0.00258895296521604
CRY1	0.682813755066819	-0.00362528833621471	0.99850355776877	-0.00362528833621471
RCL1	0.683005101387829	0.00305863421932627	0.99850355776877	0.00305863421932627
UBB	0.683193438537782	0.00476001695684798	0.99850355776877	0.00476001695684798
GGPS1	0.683279581899331	-0.00642802398814433	0.99850355776877	-0.00642802398814433
ZNF800	0.683394185143597	-0.00251386820629616	0.99850355776877	-0.00251386820629616
LPCAT3	0.683419838273578	0.00358282863908721	0.99850355776877	0.00358282863908721
GSTO2	0.683512751349127	0.00368199947364802	0.99850355776877	0.00368199947364802
AL162586.1	0.683539679909392	-0.00772286694221269	0.99850355776877	-0.00772286694221269
MIATNB	0.683805251005648	-0.00423254915396055	0.99850355776877	-0.00423254915396055
SYPL1	0.683847700001511	0.00390385916228891	0.99850355776877	0.00390385916228891
PKIA	0.684096590761251	-0.00797877142019872	0.99850355776877	-0.00797877142019872
DPP8	0.684148943296674	-0.00247743724571942	0.99850355776877	-0.00247743724571942
TMEM169	0.684149883934003	0.00630107061509851	0.99850355776877	0.00630107061509851
FAN1	0.684230042227592	-0.00234852254929677	0.99850355776877	-0.00234852254929677
ZNF527	0.68429013950988	-0.00649338395857837	0.99850355776877	-0.00649338395857837
RPUSD3	0.684583665314668	-0.00568320573041286	0.99850355776877	-0.00568320573041286
SRSF4	0.684715616840731	0.00224959627762709	0.99850355776877	0.00224959627762709
UVRAG	0.685106024735274	-0.00169782817633092	0.99850355776877	-0.00169782817633092
SPARCL1	0.685138454228725	0.00892669170351481	0.99850355776877	0.00892669170351481
NME2	0.685285358267753	-0.00847195774209177	0.99850355776877	-0.00847195774209177
VSIG10	0.685328464631057	0.00342565851639812	0.99850355776877	0.00342565851639812
DPP9	0.68536698251332	-0.00333805313922475	0.99850355776877	-0.00333805313922475
DGKG	0.68556655526522	0.00851041739075366	0.99850355776877	0.00851041739075366
DDIT4	0.685671807414576	0.00489104119348648	0.99850355776877	0.00489104119348648
CLPTM1	0.68594096020622	-0.00318179384984662	0.99850355776877	-0.00318179384984662
GDAP1	0.685989812719029	-0.00268169218823357	0.99850355776877	-0.00268169218823357
NLGN3	0.685995111747058	-0.00236031747438381	0.99850355776877	-0.00236031747438381
MARCH2	0.686038521090396	0.00336063115899707	0.99850355776877	0.00336063115899707
ARFIP1	0.686153589880048	-0.00220246773099388	0.99850355776877	-0.00220246773099388
CFL2	0.686248498074512	0.00352466855922386	0.99850355776877	0.00352466855922386
ZCCHC14	0.686372824830271	-0.0025139954609006	0.99850355776877	-0.0025139954609006
CAPS2	0.686420911390627	0.00268580216195735	0.99850355776877	0.00268580216195735
ANAPC7	0.686560390222867	-0.00322204592555556	0.99850355776877	-0.00322204592555556
UQCC2	0.686576023625732	-0.0048426774514757	0.99850355776877	-0.0048426774514757
BMERB1	0.686581272885562	0.00184725489195018	0.99850355776877	0.00184725489195018
RRBP1	0.686659525306766	0.00257316847698578	0.99850355776877	0.00257316847698578
COPS2	0.686683465478884	-0.00313662103878253	0.99850355776877	-0.00313662103878253
C7orf31	0.687026832455981	-0.0062354839009048	0.99850355776877	-0.0062354839009048
NUP188	0.687035166678021	0.00386972144065704	0.99850355776877	0.00386972144065704
CDKL2	0.687208506069172	0.00403235092683236	0.99850355776877	0.00403235092683236
MED22	0.687250488394705	0.00670946962418883	0.99850355776877	0.00670946962418883
COMMD3	0.687444212180345	0.0043414377919763	0.99850355776877	0.0043414377919763
YKT6	0.687736559363927	-0.00465783757533111	0.99850355776877	-0.00465783757533111
RB1CC1	0.687861887253093	-0.00206007394759513	0.99850355776877	-0.00206007394759513
DPM1	0.68810350847071	0.00299913382411383	0.99850355776877	0.00299913382411383
CACNA2D1	0.688265280793453	-0.00129019789722397	0.99850355776877	-0.00129019789722397
SNHG14	0.688268226638915	-0.0044786747421564	0.99850355776877	-0.0044786747421564
USP36	0.688307037098144	-0.00292107155756654	0.99850355776877	-0.00292107155756654
WDR11	0.68843809577682	-0.00226676409530457	0.99850355776877	-0.00226676409530457
FASN	0.68854349121235	0.00414432400891927	0.99850355776877	0.00414432400891927
ASB1	0.688558378002454	0.00492558874715134	0.99850355776877	0.00492558874715134
EXOC6B	0.68900350837517	-0.00122429176971389	0.99850355776877	-0.00122429176971389
STX10	0.689554541937145	-0.00501168294975663	0.99850355776877	-0.00501168294975663
MT-ATP6	0.68957162546583	-0.00298248785011421	0.99850355776877	-0.00298248785011421
AC068025.2	0.689573986175581	0.00445699730638263	0.99850355776877	0.00445699730638263
ATG4C	0.689586241020932	-0.00155253260217183	0.99850355776877	-0.00155253260217183
MID1IP1	0.689586281928209	-0.00456236429100489	0.99850355776877	-0.00456236429100489
SUGP2	0.689905586582099	-0.00294260674667259	0.99850355776877	-0.00294260674667259
DDI2	0.68993307021412	0.00264739301402556	0.99850355776877	0.00264739301402556
TRIP11	0.689988733159123	-0.00235222993505937	0.99850355776877	-0.00235222993505937
CHST3	0.689998820710345	-0.00307433449251007	0.99850355776877	-0.00307433449251007
SNX27	0.690047841658013	0.00210024793669933	0.99850355776877	0.00210024793669933
ZNF175	0.69015276309068	-0.00497169144571312	0.99850355776877	-0.00497169144571312
AL136038.5	0.690349476297764	0.00351235028345436	0.99850355776877	0.00351235028345436
CASD1	0.69047755282101	0.00215577004419833	0.99850355776877	0.00215577004419833
DHTKD1	0.690612857297044	-0.00328079323122956	0.99850355776877	-0.00328079323122956
DMTN	0.69076626618146	-0.00912042151386869	0.99850355776877	-0.00912042151386869
FAM133A	0.69084497907979	0.00532029986239922	0.99850355776877	0.00532029986239922
CDKN1C	0.69085586076546	-0.00318294493152455	0.99850355776877	-0.00318294493152455
DNAJA2	0.690989764479201	-0.00694572242293963	0.99850355776877	-0.00694572242293963
MRPS26	0.691078965908117	0.00599387383085166	0.99850355776877	0.00599387383085166
RAVER1	0.691129312678751	0.00482398959877806	0.99850355776877	0.00482398959877806
ARL6IP1	0.691136049515491	0.00493365840395403	0.99850355776877	0.00493365840395403
TMEM171	0.691289299400564	0.00727594318415225	0.99850355776877	0.00727594318415225
LAMTOR5	0.691311377886065	-0.00592461570784287	0.99850355776877	-0.00592461570784287
AC007038.1	0.691366504608806	0.00413673084375089	0.99850355776877	0.00413673084375089
FBXL13	0.691437106729111	-0.00404527737184143	0.99850355776877	-0.00404527737184143
CEP162	0.691449164466582	0.00247975720428531	0.99850355776877	0.00247975720428531
SNRPA1	0.69164290517927	-0.00415976447046213	0.99850355776877	-0.00415976447046213
RRAGD	0.691733986031079	0.00429207102834603	0.99850355776877	0.00429207102834603
NDUFA3	0.691779700528165	0.00768288745163182	0.99850355776877	0.00768288745163182
DNAJA1	0.691821810997442	-0.00445584266489393	0.99850355776877	-0.00445584266489393
CSAD	0.691862127309424	0.00278976575205792	0.99850355776877	0.00278976575205792
LRRC27	0.691937966256697	0.00621129221745815	0.99850355776877	0.00621129221745815
ZNF182	0.691997798296128	-0.00670363311359407	0.99850355776877	-0.00670363311359407
CDC14B	0.692310193566378	-0.00169359608602953	0.99850355776877	-0.00169359608602953
PPP4R3B	0.692485961267787	0.00184138488990924	0.99850355776877	0.00184138488990924
PI4KB	0.692570826275212	0.00226672256712069	0.99850355776877	0.00226672256712069
GNPTAB	0.692644115940396	-0.00565146024774363	0.99850355776877	-0.00565146024774363
ATP6V1C1	0.692723126633738	-0.00331794218889	0.99850355776877	-0.00331794218889
SAR1B	0.692887326110063	0.00301845487277304	0.99850355776877	0.00301845487277304
CDH10	0.69304523424474	-0.00854438625980272	0.99850355776877	-0.00854438625980272
TMCO3	0.693165565723229	0.00287054087798577	0.99850355776877	0.00287054087798577
DICER1	0.693198581188674	-0.00151809328304478	0.99850355776877	-0.00151809328304478
RECQL	0.693280464012017	0.00412803581460696	0.99850355776877	0.00412803581460696
RNF20	0.693314610065849	-0.00371505032136762	0.99850355776877	-0.00371505032136762
KCTD13	0.693476033618665	-0.00261644112137921	0.99850355776877	-0.00261644112137921
MYNN	0.693823103616964	0.00628990397233691	0.99850355776877	0.00628990397233691
FAAP100	0.693960466859143	0.00693574470943165	0.99850355776877	0.00693574470943165
USP5	0.694033080706697	0.00398168668675065	0.99850355776877	0.00398168668675065
PDPR	0.694129785311164	0.00296408345788603	0.99850355776877	0.00296408345788603
NEO1	0.69420214519813	-0.00139896007066955	0.99850355776877	-0.00139896007066955
LINC01358	0.694244717428067	-0.0053864313982318	0.99850355776877	-0.0053864313982318
CACYBP	0.694470043892888	-0.00613484849611684	0.99850355776877	-0.00613484849611684
SESN3	0.694664834464558	-0.00806644593896001	0.99850355776877	-0.00806644593896001
PKIG	0.694797844561056	-0.00364096856648447	0.99850355776877	-0.00364096856648447
UBE2D1	0.695100858246576	-0.00429355867879429	0.99850355776877	-0.00429355867879429
ZDHHC2	0.695229582522354	-0.00288712134917352	0.99850355776877	-0.00288712134917352
ZNF677	0.695507808034353	-0.00489373151600367	0.99850355776877	-0.00489373151600367
FAM107B	0.695570688005534	0.00126799400754578	0.99850355776877	0.00126799400754578
SNX5	0.695572281882288	-0.00401744643420796	0.99850355776877	-0.00401744643420796
YWHAE	0.69568042068381	0.00236875847029585	0.99850355776877	0.00236875847029585
CAST	0.695694544826521	-0.00242055624389998	0.99850355776877	-0.00242055624389998
CCNT2	0.695726629260036	-0.00235306775175538	0.99850355776877	-0.00235306775175538
HOMER3	0.695756804851298	0.00469885448573786	0.99850355776877	0.00469885448573786
WNT2B	0.695798157679729	-0.00416492176877928	0.99850355776877	-0.00416492176877928
CUBN	0.695879939108929	0.00594675696768049	0.99850355776877	0.00594675696768049
KATNA1	0.695917421461658	-0.00353501331478837	0.99850355776877	-0.00353501331478837
VAPB	0.695931687482113	-0.00280996738882428	0.99850355776877	-0.00280996738882428
EPM2AIP1	0.695971703456859	-0.00270588719124156	0.99850355776877	-0.00270588719124156
UPF1	0.696000337418919	-0.0037086254556253	0.99850355776877	-0.0037086254556253
AGPAT3	0.696011801813373	0.00228787411864893	0.99850355776877	0.00228787411864893
XPC	0.696211098199226	0.00270961288041844	0.99850355776877	0.00270961288041844
HDHD2	0.696289598019867	0.00239216220336162	0.99850355776877	0.00239216220336162
BCAP31	0.696317923397003	-0.00644804560215642	0.99850355776877	-0.00644804560215642
ITGA2B	0.696334995450015	0.005308324293736	0.99850355776877	0.005308324293736
FNDC3B	0.696676323665402	-0.00314771443305263	0.99850355776877	-0.00314771443305263
VTI1A	0.696856394524973	0.00183520186681229	0.99850355776877	0.00183520186681229
AC005726.1	0.696928251122032	-0.00599308318149278	0.99850355776877	-0.00599308318149278
SORL1	0.697008489899634	-0.00522664303350061	0.99850355776877	-0.00522664303350061
HSPD1	0.69701874092357	0.00341241219195173	0.99850355776877	0.00341241219195173
GTPBP10	0.69712150793395	0.00314799122916041	0.99850355776877	0.00314799122916041
GOLT1B	0.697160983720268	-0.00486651247724858	0.99850355776877	-0.00486651247724858
CD55	0.697174858066335	0.00272966146128973	0.99850355776877	0.00272966146128973
POLR2F	0.697241274690262	0.00188777055365816	0.99850355776877	0.00188777055365816
AVL9	0.697250338500243	0.00190971501480424	0.99850355776877	0.00190971501480424
TOPBP1	0.697274866358338	-0.00384807620524753	0.99850355776877	-0.00384807620524753
PTK2B	0.69738023898282	0.00740026583698727	0.99850355776877	0.00740026583698727
SYT7	0.69740233468195	-0.00888807574028085	0.99850355776877	-0.00888807574028085
NCSTN	0.697486825572444	0.00385669813783774	0.99850355776877	0.00385669813783774
DDX59	0.697737834951546	0.00455633902841264	0.99850355776877	0.00455633902841264
CYP2R1	0.69784630963602	0.00503122803196481	0.99850355776877	0.00503122803196481
SMIM15-AS1	0.698015282418395	-0.00519631192534587	0.99850355776877	-0.00519631192534587
NDST2	0.698040119070657	-0.00555036132556887	0.99850355776877	-0.00555036132556887
DEF8	0.698281271750713	-0.00361875011267344	0.99850355776877	-0.00361875011267344
AC016383.2	0.698421021424255	-0.00613996484373234	0.99850355776877	-0.00613996484373234
DACT3	0.698682637415567	0.00335501064701641	0.99850355776877	0.00335501064701641
SMARCA1	0.698743259465463	-0.00593228950197661	0.99850355776877	-0.00593228950197661
ARID4B	0.699134946781445	-0.00137309275999331	0.99850355776877	-0.00137309275999331
ANTKMT	0.699161526843832	-0.00587506655858436	0.99850355776877	-0.00587506655858436
ADAMTS18	0.699172844322508	0.0067979136521207	0.99850355776877	0.0067979136521207
MT-ND4L	0.699237563129438	0.00378255652858363	0.99850355776877	0.00378255652858363
RIOX2	0.699285876470992	0.00449658946084151	0.99850355776877	0.00449658946084151
MRPL9	0.699406949488994	0.00576685300365457	0.99850355776877	0.00576685300365457
PSMC4	0.699513959356542	-0.00552452323610203	0.99850355776877	-0.00552452323610203
TMBIM4	0.699697615793306	-0.00314722321817121	0.99850355776877	-0.00314722321817121
SEL1L	0.699894710010079	-0.00215465500128991	0.99850355776877	-0.00215465500128991
ADAMTS4	0.69989472865518	0.00336963534814512	0.99850355776877	0.00336963534814512
PIDD1	0.699906515568392	-0.00239921321516561	0.99850355776877	-0.00239921321516561
MRPS36	0.699970760756541	0.00400325809215522	0.99850355776877	0.00400325809215522
DNAJC1	0.700111628063316	-0.00180797751161496	0.99850355776877	-0.00180797751161496
GLIPR2	0.700144765027554	0.00327775497799294	0.99850355776877	0.00327775497799294
ZNF587	0.7003730088581	-0.00366366481270887	0.99850355776877	-0.00366366481270887
LINC02328	0.700710855337477	-0.00366838891159763	0.99850355776877	-0.00366838891159763
PRKD1	0.700807809091826	-0.00276388353193542	0.99850355776877	-0.00276388353193542
MT-CO3	0.700896259863453	0.00272082535312709	0.99850355776877	0.00272082535312709
NDUFAF7	0.70091859635141	0.00466933554921689	0.99850355776877	0.00466933554921689
ZFP2	0.700945372019361	-0.0037011684184802	0.99850355776877	-0.0037011684184802
PTPN4	0.701035898523389	-0.00243679109212942	0.99850355776877	-0.00243679109212942
LINC00632	0.70107507805284	0.00285436799143989	0.99850355776877	0.00285436799143989
SNX29	0.701105819802655	0.00205438605261613	0.99850355776877	0.00205438605261613
TRUB2	0.701269780714899	-0.00357101200071039	0.99850355776877	-0.00357101200071039
EDRF1	0.701340685000651	-0.00312045817315162	0.99850355776877	-0.00312045817315162
RNFT2	0.701474566774139	0.0047745093054541	0.99850355776877	0.0047745093054541
LINC00960	0.701543391215828	-0.0088933720973573	0.99850355776877	-0.0088933720973573
RAP2C-AS1	0.701566654230246	0.00401653506752719	0.99850355776877	0.00401653506752719
PDIA3	0.701569330462431	0.00265786236378746	0.99850355776877	0.00265786236378746
RPS2	0.701677804214564	-0.00421620827990926	0.99850355776877	-0.00421620827990926
PLEKHJ1	0.701700446154651	0.00631846517464582	0.99850355776877	0.00631846517464582
NOP14-AS1	0.701801224724689	-0.00612611102495663	0.99850355776877	-0.00612611102495663
AC008443.1	0.702081246627799	0.00356071680631682	0.99850355776877	0.00356071680631682
TXNDC16	0.702089974307531	0.00279114369283173	0.99850355776877	0.00279114369283173
TMEM183A	0.702188936771204	0.00521274977620106	0.99850355776877	0.00521274977620106
AC113414.1	0.702217858291805	-0.00266541128353642	0.99850355776877	-0.00266541128353642
GLMN	0.702304492399847	-0.00409248037294446	0.99850355776877	-0.00409248037294446
ZNF410	0.702305051467257	-0.0032498896448545	0.99850355776877	-0.0032498896448545
CFAP54	0.702340907600365	0.00716327894696939	0.99850355776877	0.00716327894696939
LHFPL6	0.702379665257249	0.00337122456760813	0.99850355776877	0.00337122456760813
MPPE1	0.702623465785326	-0.0032912108890843	0.99850355776877	-0.0032912108890843
FAM155A	0.702854810276137	0.00749338600376988	0.99850355776877	0.00749338600376988
NQO2	0.702926014097714	0.00522347780853584	0.99850355776877	0.00522347780853584
LTA4H	0.702956542216374	-0.00407861223262895	0.99850355776877	-0.00407861223262895
GPC6	0.703046786636947	-0.00804786519112287	0.99850355776877	-0.00804786519112287
PRKN	0.703177883506032	-0.00152888158005352	0.99850355776877	-0.00152888158005352
SNHG12	0.703523602889122	0.00486687152599338	0.99850355776877	0.00486687152599338
DUSP7	0.703827766176152	0.00383655071108772	0.99850355776877	0.00383655071108772
SERP1	0.703914874197364	0.00272895303481382	0.99850355776877	0.00272895303481382
RPP38	0.703979960276382	0.00346945483443996	0.99850355776877	0.00346945483443996
GNS	0.704138160839776	-0.00318659399272848	0.99850355776877	-0.00318659399272848
CENPQ	0.704162131286929	0.00467828990701028	0.99850355776877	0.00467828990701028
RPL14	0.704191204987903	-0.00446664928336725	0.99850355776877	-0.00446664928336725
REXO1	0.704277302533374	0.00385250960749086	0.99850355776877	0.00385250960749086
TOP1	0.704394081273267	-0.00173625273179625	0.99850355776877	-0.00173625273179625
MITF	0.704405035903881	-0.00191850642403047	0.99850355776877	-0.00191850642403047
ATOH8	0.704429046750038	-0.00480554661613708	0.99850355776877	-0.00480554661613708
DFFA	0.704461138871939	0.00265032463045142	0.99850355776877	0.00265032463045142
RERE	0.70449188978017	-0.00120129079185783	0.99850355776877	-0.00120129079185783
SMIM12	0.704513211743817	-0.00375420117742839	0.99850355776877	-0.00375420117742839
LRFN4	0.704525629502375	0.00592521780954379	0.99850355776877	0.00592521780954379
KPNA5	0.704658084520489	0.00269499896906806	0.99850355776877	0.00269499896906806
MZT2B	0.704687273794426	-0.00457743891066252	0.99850355776877	-0.00457743891066252
IMP3	0.704931333859543	0.00932619455903384	0.99850355776877	0.00932619455903384
TMEM39A	0.704953827798824	-0.00413644491408979	0.99850355776877	-0.00413644491408979
CNTNAP2	0.70502901489598	-0.00223922311981941	0.99850355776877	-0.00223922311981941
AL049828.1	0.705414277461061	-0.00288776422281783	0.99850355776877	-0.00288776422281783
SRP14-AS1	0.705455796621179	0.00400674133815211	0.99850355776877	0.00400674133815211
LINC00893	0.705561773449786	0.00698940901711315	0.99850355776877	0.00698940901711315
UBFD1	0.705642332887626	0.00514191377878378	0.99850355776877	0.00514191377878378
FCHSD1	0.705649548697615	0.00520826881447142	0.99850355776877	0.00520826881447142
ARGLU1	0.705740997377207	-0.00181235504526582	0.99850355776877	-0.00181235504526582
RENBP	0.705847338566878	0.00431274268539315	0.99850355776877	0.00431274268539315
MAZ	0.705940995896969	-0.00387311444385077	0.99850355776877	-0.00387311444385077
FGFR2	0.70597626269834	0.00156681537730625	0.99850355776877	0.00156681537730625
AASDHPPT	0.705989520680153	-0.00383347572315954	0.99850355776877	-0.00383347572315954
ANAPC11	0.706015136072202	-0.00674205267953362	0.99850355776877	-0.00674205267953362
ATXN2L	0.706040647626803	0.00264656039534741	0.99850355776877	0.00264656039534741
MDH1	0.706436841564471	0.00695235680699753	0.99850355776877	0.00695235680699753
ZNF577	0.706610282138684	-0.00279414789280372	0.99850355776877	-0.00279414789280372
NUP205	0.706821428046962	-0.00306087630815874	0.99850355776877	-0.00306087630815874
ZNF761	0.706896090695065	-0.00497429757997468	0.99850355776877	-0.00497429757997468
ANAPC4	0.706932819078593	0.00293382604077445	0.99850355776877	0.00293382604077445
ABHD6	0.707150229627741	-0.00211549175847159	0.99850355776877	-0.00211549175847159
RBMS3	0.707321632598504	-0.00546028943862845	0.99850355776877	-0.00546028943862845
CCDC136	0.707326756473129	-0.0052389523194212	0.99850355776877	-0.0052389523194212
NRXN2	0.70734385755105	-0.00461399691963037	0.99850355776877	-0.00461399691963037
DPYSL5	0.707608374216195	0.00251686278069948	0.99850355776877	0.00251686278069948
PLBD2	0.70772992705147	-0.00306449605942838	0.99850355776877	-0.00306449605942838
COPS7B	0.707752018525885	0.00377297460858168	0.99850355776877	0.00377297460858168
TPD52L2	0.707776093219882	-0.0030268833386555	0.99850355776877	-0.0030268833386555
L3MBTL2	0.707834351016799	0.00401349360730173	0.99850355776877	0.00401349360730173
ARMC3	0.707988043905238	0.0051134753013642	0.99850355776877	0.0051134753013642
COQ8B	0.708031576569637	-0.0049357762384252	0.99850355776877	-0.0049357762384252
HMGCS1	0.708258616791299	-0.00425010624611979	0.99850355776877	-0.00425010624611979
RASA1	0.708301353788883	-0.00210681504804262	0.99850355776877	-0.00210681504804262
DLGAP4	0.708341427411078	-0.00556710015847059	0.99850355776877	-0.00556710015847059
ZNF207	0.708636732860922	0.00167943505665334	0.99850355776877	0.00167943505665334
AL589843.1	0.708704194777457	-0.00431373333391098	0.99850355776877	-0.00431373333391098
G3BP2	0.708849418627676	0.00348462689365434	0.99850355776877	0.00348462689365434
SLC25A27	0.708952698856294	0.00220246323503158	0.99850355776877	0.00220246323503158
CYP27A1	0.709140262253483	0.001956665945296	0.99850355776877	0.001956665945296
MMP17	0.709206119657317	-0.00747541897549677	0.99850355776877	-0.00747541897549677
DCXR	0.709270334279253	-0.00478286986996681	0.99850355776877	-0.00478286986996681
TAF9	0.709388767963638	-0.00710009159144125	0.99850355776877	-0.00710009159144125
TAPBP	0.709399007089366	0.00496253507250939	0.99850355776877	0.00496253507250939
KIF26B	0.709569750024065	-0.00470109804794826	0.99850355776877	-0.00470109804794826
CACNG8	0.709698786188693	-0.00798322791046543	0.99850355776877	-0.00798322791046543
ATG7	0.709766577769069	-0.00161666735148347	0.99850355776877	-0.00161666735148347
ZFPM1	0.710007671234014	-0.00575189209330083	0.99850355776877	-0.00575189209330083
CYP51A1	0.710235121193589	-0.00397289099691129	0.99850355776877	-0.00397289099691129
COQ3	0.71030961286878	0.00605689450159907	0.99850355776877	0.00605689450159907
DENND6A-AS1	0.710378601929448	0.00466109130879772	0.99850355776877	0.00466109130879772
KLC2	0.710643456103352	0.00624139606985058	0.99850355776877	0.00624139606985058
KPNA3	0.710661565121228	0.00222985796587217	0.99850355776877	0.00222985796587217
KIAA0408	0.710666007355936	-0.00449072122649841	0.99850355776877	-0.00449072122649841
ZNF771	0.710779217824963	0.00412132779162135	0.99850355776877	0.00412132779162135
ADAT1	0.710830279757328	-0.00386196705818438	0.99850355776877	-0.00386196705818438
EIF4G3	0.710933013286024	0.00114524413205955	0.99850355776877	0.00114524413205955
NDFIP1	0.71098262335695	0.00242136485524778	0.99850355776877	0.00242136485524778
MYEF2	0.711164789215426	0.00478610219809138	0.99850355776877	0.00478610219809138
ZMYM1	0.711183918931657	0.00374045156259816	0.99850355776877	0.00374045156259816
SUMO1	0.711210189555837	-0.00480547028754724	0.99850355776877	-0.00480547028754724
CBX6	0.711228215291236	-0.00295790966238604	0.99850355776877	-0.00295790966238604
CUTA	0.711309369348738	-0.0063415949360945	0.99850355776877	-0.0063415949360945
TENM4	0.711377495502032	0.00680748875711625	0.99850355776877	0.00680748875711625
RCHY1	0.711497980998062	0.00363079106958631	0.99850355776877	0.00363079106958631
MAL	0.711639382154764	-0.0015511240944119	0.99850355776877	-0.0015511240944119
TRAP1	0.71183607175453	-0.00319953627543228	0.99850355776877	-0.00319953627543228
ICE2	0.712040324315287	0.00208013693904314	0.99850355776877	0.00208013693904314
LGALS8	0.712171937219638	0.00578555239110485	0.99850355776877	0.00578555239110485
YTHDF1	0.712392961098351	-0.00314482201819444	0.99850355776877	-0.00314482201819444
MBTPS2	0.712524208328706	0.00341834246814535	0.99850355776877	0.00341834246814535
ADARB2	0.712673142191709	-0.00242403703424304	0.99850355776877	-0.00242403703424304
LINC01500	0.712972117992304	-0.00514045489891388	0.99850355776877	-0.00514045489891388
PDCD6IP	0.712996504337418	0.00191174661059411	0.99850355776877	0.00191174661059411
CANX	0.713012057255265	0.00248130975455508	0.99850355776877	0.00248130975455508
CHP1	0.713036292073942	0.00302660934420172	0.99850355776877	0.00302660934420172
ZNF189	0.713049032703218	-0.00302730699252068	0.99850355776877	-0.00302730699252068
RPL21	0.713075131952478	0.00448791364545109	0.99850355776877	0.00448791364545109
GABARAPL1	0.713155474501928	0.00421065625015208	0.99850355776877	0.00421065625015208
ZNF346	0.713294103317865	0.0029341991542761	0.99850355776877	0.0029341991542761
ADCY2	0.713580636349145	0.00744859023856593	0.99850355776877	0.00744859023856593
WIZ	0.713736677661892	0.00574957369068265	0.99850355776877	0.00574957369068265
MT-ND5	0.713868340044451	0.00267499210815407	0.99850355776877	0.00267499210815407
ALK	0.714023400838159	-0.00502522392609635	0.99850355776877	-0.00502522392609635
INTS2	0.714169700536572	0.00342803018492158	0.99850355776877	0.00342803018492158
TOP3B	0.714237505707748	-0.00462564954622001	0.99850355776877	-0.00462564954622001
WDFY3	0.714421435278748	0.00117574782659505	0.99850355776877	0.00117574782659505
AC116362.1	0.714444863413078	-0.00319938200420559	0.99850355776877	-0.00319938200420559
AC048341.1	0.714472591673827	-0.00414573262542825	0.99850355776877	-0.00414573262542825
RPL36A	0.714498289940888	-0.00633645934697597	0.99850355776877	-0.00633645934697597
RRP15	0.714618777008497	-0.00444092348286487	0.99850355776877	-0.00444092348286487
SFT2D1	0.714637516735072	-0.00352438539821595	0.99850355776877	-0.00352438539821595
NOMO3	0.714646416734351	0.0031153488506726	0.99850355776877	0.0031153488506726
ZNF808	0.714874389402083	-0.00397250512226057	0.99850355776877	-0.00397250512226057
EAPP	0.714879212269069	-0.00234458626351793	0.99850355776877	-0.00234458626351793
RNF34	0.715033701492766	0.0026051599783971	0.99850355776877	0.0026051599783971
SEPHS1	0.715071816879958	0.00443888803897563	0.99850355776877	0.00443888803897563
PDIA2	0.715115229937269	0.00632168425856456	0.99850355776877	0.00632168425856456
TCEAL4	0.715554428570174	-0.00367322085647257	0.99850355776877	-0.00367322085647257
PRR3	0.715675043266462	-0.00397516085332161	0.99850355776877	-0.00397516085332161
FIP1L1	0.715697112729063	-0.00188873674764244	0.99850355776877	-0.00188873674764244
AMBRA1	0.715731275223735	-0.00178637724297866	0.99850355776877	-0.00178637724297866
CLINT1	0.715922405791823	-0.00303347860790968	0.99850355776877	-0.00303347860790968
PPCS	0.716159430451637	-0.00631502575510601	0.99850355776877	-0.00631502575510601
SLC12A6	0.716354094997907	-0.00203468042227875	0.99850355776877	-0.00203468042227875
USP38	0.716429598455243	-0.00374452887950872	0.99850355776877	-0.00374452887950872
ZNF875	0.716479343507685	-0.00275991996432599	0.99850355776877	-0.00275991996432599
PAAF1	0.716482126604769	0.00228799085467479	0.99850355776877	0.00228799085467479
CAMK4	0.716525322249413	0.0098890862486989	0.99850355776877	0.0098890862486989
AC092691.1	0.716533942242717	-0.00525136186898597	0.99850355776877	-0.00525136186898597
SDF4	0.716543384064765	0.00343703348976045	0.99850355776877	0.00343703348976045
TRHDE	0.716665049009502	0.00707442776010107	0.99850355776877	0.00707442776010107
RAB9A	0.716928463798017	0.00315625292975872	0.99850355776877	0.00315625292975872
MSANTD3	0.717061665981407	-0.00377085619827116	0.99850355776877	-0.00377085619827116
STXBP5	0.717208627986164	-0.00273863082929557	0.99850355776877	-0.00273863082929557
C2orf68	0.717360808157981	-0.00316267516527702	0.99850355776877	-0.00316267516527702
NBEAL1	0.717418939262743	0.00192484577946113	0.99850355776877	0.00192484577946113
PNRC1	0.717437966099165	-0.00346437710793164	0.99850355776877	-0.00346437710793164
CREB5	0.717766215459	-0.00119842384489685	0.99850355776877	-0.00119842384489685
TMEM209	0.717867876667428	-0.00432646545332569	0.99850355776877	-0.00432646545332569
DGKE	0.718063614906316	-0.00460520420684878	0.99850355776877	-0.00460520420684878
AC026316.5	0.718187781279004	0.00691931841165973	0.99850355776877	0.00691931841165973
ZMAT4	0.718302064240468	0.0081242905174831	0.99850355776877	0.0081242905174831
TAPT1	0.718307768248572	0.00184459438430153	0.99850355776877	0.00184459438430153
ADAMTS17	0.718377722206446	-0.0058506641964155	0.99850355776877	-0.0058506641964155
PCNX4	0.718403820538752	0.00274175783392607	0.99850355776877	0.00274175783392607
RGL1	0.718407702281765	0.00161951842410659	0.99850355776877	0.00161951842410659
CPSF7	0.718490351795653	-0.00234926970419674	0.99850355776877	-0.00234926970419674
UBE2D3-AS1	0.718500370578657	0.00453328431328874	0.99850355776877	0.00453328431328874
RASGEF1B	0.718727034779111	0.00288777992740328	0.99850355776877	0.00288777992740328
TFAP4	0.718893552871515	0.00537476858408501	0.99850355776877	0.00537476858408501
PRMT5	0.718985261946887	0.00664006352765377	0.99850355776877	0.00664006352765377
TBC1D8B	0.719006711551017	-0.00318279821139855	0.99850355776877	-0.00318279821139855
TRAPPC10	0.719224755308292	-0.00182809416655491	0.99850355776877	-0.00182809416655491
RAI14	0.719282562264992	-0.00285908267602353	0.99850355776877	-0.00285908267602353
AC025048.2	0.719304547336411	0.00657123936709606	0.99850355776877	0.00657123936709606
TUBA1A	0.719349526741371	-0.00285808975000872	0.99850355776877	-0.00285808975000872
NDUFA9	0.719498770039965	-0.00355033781053669	0.99850355776877	-0.00355033781053669
KDM6A	0.719507981531212	0.00159836252391079	0.99850355776877	0.00159836252391079
RFFL	0.719606882181866	0.00177812209178747	0.99850355776877	0.00177812209178747
WDR27	0.719726818969767	0.00318207723488412	0.99850355776877	0.00318207723488412
BTG2	0.719737409872378	-0.0047684179938063	0.99850355776877	-0.0047684179938063
NUMBL	0.719831750829086	0.00629853169465232	0.99850355776877	0.00629853169465232
FBN1	0.719852003098415	0.00180457844025571	0.99850355776877	0.00180457844025571
MSN	0.719862435250059	0.00469112051160892	0.99850355776877	0.00469112051160892
USP2	0.720071405471546	0.00310954702667005	0.99850355776877	0.00310954702667005
ZNF814	0.720237202919912	0.00282575077422014	0.99850355776877	0.00282575077422014
AC114763.1	0.720406723587193	-0.00392383087112343	0.99850355776877	-0.00392383087112343
ZKSCAN7-AS1	0.720556208747753	0.00351526782455282	0.99850355776877	0.00351526782455282
OS9	0.720565938175041	0.0029605029690722	0.99850355776877	0.0029605029690722
RNF115	0.720648235469878	0.00168061604649766	0.99850355776877	0.00168061604649766
SARNP	0.720728964306431	-0.00193988421793169	0.99850355776877	-0.00193988421793169
TDG	0.720738900290033	-0.00355125578868785	0.99850355776877	-0.00355125578868785
CAMLG	0.721007180039735	-0.00446305108210657	0.99850355776877	-0.00446305108210657
UBE2W	0.72128434976976	0.00217088228836674	0.99850355776877	0.00217088228836674
ZNF276	0.721297150599935	-0.00252525656128815	0.99850355776877	-0.00252525656128815
LINC01344	0.721430764099956	-0.0053048750705419	0.99850355776877	-0.0053048750705419
ZNF414	0.721615344301589	-0.00483602786519214	0.99850355776877	-0.00483602786519214
RIPK2	0.721654879010328	-0.00443101900213909	0.99850355776877	-0.00443101900213909
TAF4	0.721682779754737	-0.00282071692727853	0.99850355776877	-0.00282071692727853
PSG8-AS1	0.721867963204712	-0.00466113118573394	0.99850355776877	-0.00466113118573394
PCGF6	0.721890754254085	0.00371189067012926	0.99850355776877	0.00371189067012926
ALKBH7	0.721926872137769	0.00554281553718554	0.99850355776877	0.00554281553718554
ETFA	0.721997580473048	0.00318506299896507	0.99850355776877	0.00318506299896507
DEK	0.722196841582849	0.00213737507905059	0.99850355776877	0.00213737507905059
LEPR	0.722305908309826	0.00418904659892142	0.99850355776877	0.00418904659892142
TSTD3	0.722348259030699	0.002427517135143	0.99850355776877	0.002427517135143
WDR6	0.722365846057291	-0.00313736751506885	0.99850355776877	-0.00313736751506885
COX10	0.722518540112446	0.00357231787236983	0.99850355776877	0.00357231787236983
ASXL1	0.722525281527067	0.0014707118588301	0.99850355776877	0.0014707118588301
GLMP	0.722527320299621	0.00535104692225423	0.99850355776877	0.00535104692225423
KAT6B	0.722666161304275	0.00188899325781974	0.99850355776877	0.00188899325781974
DMPK	0.722668646893263	0.00368436399846133	0.99850355776877	0.00368436399846133
APOO	0.722730410900234	-0.00509574639619683	0.99850355776877	-0.00509574639619683
MAPKAPK2	0.722804453942117	0.00297204459539359	0.99850355776877	0.00297204459539359
LHPP	0.722865804742135	-0.00220294606310123	0.99850355776877	-0.00220294606310123
AC114956.3	0.72302027802394	0.00447699750062449	0.99850355776877	0.00447699750062449
HARS	0.723224678226266	-0.00279966079765889	0.99850355776877	-0.00279966079765889
SHTN1	0.723295131805787	-0.00115113282685223	0.99850355776877	-0.00115113282685223
PEX26	0.723473946877069	0.00317758759642958	0.99850355776877	0.00317758759642958
UBE3C	0.723620770532258	0.00168170096890142	0.99850355776877	0.00168170096890142
PDE10A	0.72370993176098	-0.00487776680229871	0.99850355776877	-0.00487776680229871
HACL1	0.72380502301709	-0.00231324792044324	0.99850355776877	-0.00231324792044324
C19orf25	0.723811155410804	0.00288509346797215	0.99850355776877	0.00288509346797215
RNF215	0.723857120557893	0.00397457106007864	0.99850355776877	0.00397457106007864
AL160272.1	0.723962686782887	0.00610875454336165	0.99850355776877	0.00610875454336165
PTPRG	0.723984798657106	-0.00631223259287792	0.99850355776877	-0.00631223259287792
CLPTM1L	0.724020914692146	0.00344532471390498	0.99850355776877	0.00344532471390498
VWA1	0.724078331101516	0.00336875529150943	0.99850355776877	0.00336875529150943
UTP4	0.724094354074814	0.00415125071364483	0.99850355776877	0.00415125071364483
APOD	0.724170172779245	0.00379347724437356	0.99850355776877	0.00379347724437356
FDPS	0.724376391656194	-0.00234088289706817	0.99850355776877	-0.00234088289706817
SRSF7	0.724434901087546	-0.00319333032345642	0.99850355776877	-0.00319333032345642
VTI1B	0.724459312658266	-0.00335126533515057	0.99850355776877	-0.00335126533515057
OXCT1	0.724660336880182	-0.00333215429579351	0.99850355776877	-0.00333215429579351
LZIC	0.724735638301717	0.00252229227206678	0.99850355776877	0.00252229227206678
GNB1L	0.724751354893359	0.00553725559541457	0.99850355776877	0.00553725559541457
NDUFB9	0.724865999546532	-0.00548760197971751	0.99850355776877	-0.00548760197971751
AP000477.3	0.724986954544448	0.00487816359603386	0.99850355776877	0.00487816359603386
POPDC3	0.725028916079054	-0.00551881938337756	0.99850355776877	-0.00551881938337756
CEP76	0.725180804198049	0.00511593941122956	0.99850355776877	0.00511593941122956
SHROOM4	0.725394949056402	-0.00141120749659403	0.99850355776877	-0.00141120749659403
UNC5D	0.725406632852453	-0.00778274986948422	0.99850355776877	-0.00778274986948422
RABAC1	0.725412674165802	0.00450409563932469	0.99850355776877	0.00450409563932469
ENTPD4	0.725434911864739	-0.00292831204573192	0.99850355776877	-0.00292831204573192
RBFA	0.725451143994217	-0.00449190175246027	0.99850355776877	-0.00449190175246027
RTN4IP1	0.725601003247663	-0.00416669794893255	0.99850355776877	-0.00416669794893255
AC233296.1	0.725619150741262	0.00260261793052206	0.99850355776877	0.00260261793052206
SPCS3	0.725894111082149	0.00302750581194535	0.99850355776877	0.00302750581194535
DAP	0.726009218913305	-0.00469229884400903	0.99850355776877	-0.00469229884400903
ZGPAT	0.726134042820176	-0.00420167403814689	0.99850355776877	-0.00420167403814689
KCNQ5	0.726150469162565	0.00672106177923114	0.99850355776877	0.00672106177923114
SPTSSA	0.726180708720163	-0.00443035371092215	0.99850355776877	-0.00443035371092215
COL6A1	0.726236208696098	-0.00942232411199593	0.99850355776877	-0.00942232411199593
CASK	0.726262781222541	-0.0021648612347075	0.99850355776877	-0.0021648612347075
FRMD4B	0.726314375653821	-0.00118163632139299	0.99850355776877	-0.00118163632139299
WWOX	0.7264441383716	-0.00114602080280914	0.99850355776877	-0.00114602080280914
RCN2	0.726461718892114	-0.00285914263289006	0.99850355776877	-0.00285914263289006
AP005901.5	0.726462079687831	-0.00638506137222189	0.99850355776877	-0.00638506137222189
TXNRD2	0.726501503404913	0.00392778181622372	0.99850355776877	0.00392778181622372
DPF1	0.726693971976694	-0.00662406942222445	0.99850355776877	-0.00662406942222445
SLC25A46	0.726993765765355	-0.00247865204556081	0.99850355776877	-0.00247865204556081
MFAP1	0.727027374619313	0.003767750978282	0.99850355776877	0.003767750978282
LDB3	0.727197012646784	0.00208512555597763	0.99850355776877	0.00208512555597763
TRAF4	0.727201335939897	-0.00424107841245122	0.99850355776877	-0.00424107841245122
ZNF623	0.727202498043323	0.00334518265650176	0.99850355776877	0.00334518265650176
RNF187	0.727227882969634	0.00506521425847922	0.99850355776877	0.00506521425847922
TDRD6	0.72740907738019	-0.0039043876700114	0.99850355776877	-0.0039043876700114
AC105402.3	0.727409676364846	-0.0119301546783459	0.99850355776877	-0.0119301546783459
AC093227.1	0.727494878511944	-0.00553504618817176	0.99850355776877	-0.00553504618817176
POLR3G	0.727614636437768	0.0031113695897598	0.99850355776877	0.0031113695897598
ME1	0.72766262825949	0.00460092219848338	0.99850355776877	0.00460092219848338
IL6ST	0.72772622582032	0.00237850553953955	0.99850355776877	0.00237850553953955
TWISTNB	0.727746717882357	-0.00510283623422422	0.99850355776877	-0.00510283623422422
PLAA	0.727846870295583	-0.00247853300811997	0.99850355776877	-0.00247853300811997
PTPN12	0.727897240032484	-0.00235856198274451	0.99850355776877	-0.00235856198274451
RPL10	0.727929141693791	0.00336068157425395	0.99850355776877	0.00336068157425395
YARS2	0.727994429994422	-0.00307076625855402	0.99850355776877	-0.00307076625855402
AP000547.3	0.728120513742771	0.00504229348115788	0.99850355776877	0.00504229348115788
DPH6	0.728163866204348	0.00242076952495254	0.99850355776877	0.00242076952495254
CCNL2	0.728241964472651	-0.002096031204242	0.99850355776877	-0.002096031204242
MAN1A2	0.728254764882063	0.00215509851386914	0.99850355776877	0.00215509851386914
MGME1	0.728293825556626	-0.00472607825565946	0.99850355776877	-0.00472607825565946
DAAM2	0.72868245957765	0.00134587616968038	0.99850355776877	0.00134587616968038
ANKRD44	0.728848885891465	0.00142284358218434	0.99850355776877	0.00142284358218434
PDPK1	0.728877283556988	-0.00250853946543997	0.99850355776877	-0.00250853946543997
AC073957.3	0.728919287495661	0.00551321844703208	0.99850355776877	0.00551321844703208
ACVR2A	0.728982003557963	0.0039277075672145	0.99850355776877	0.0039277075672145
REEP3	0.72920029988058	0.00171437935343986	0.99850355776877	0.00171437935343986
ZNF2	0.729220983010554	-0.00537347098164389	0.99850355776877	-0.00537347098164389
MPG	0.729223613772296	0.00435659586663774	0.99850355776877	0.00435659586663774
NAXE	0.729271804698965	0.00642322808405973	0.99850355776877	0.00642322808405973
BANP	0.729323474440401	0.00251324418127809	0.99850355776877	0.00251324418127809
SEPTIN3	0.72940871448972	-0.00758466319713729	0.99850355776877	-0.00758466319713729
STARD3NL	0.7294452827079	-0.00397792921947488	0.99850355776877	-0.00397792921947488
MAP4	0.729454901641591	0.00149741678952665	0.99850355776877	0.00149741678952665
DGKH	0.729458992072882	-0.00515243595347532	0.99850355776877	-0.00515243595347532
FAM133B	0.729544860195736	-0.00168478873786425	0.99850355776877	-0.00168478873786425
ZNF638	0.729673276529707	0.00111833244046099	0.99850355776877	0.00111833244046099
LGR4	0.729684548231429	-0.00269155751295043	0.99850355776877	-0.00269155751295043
ARRB1	0.729713520507667	-0.00214954067430202	0.99850355776877	-0.00214954067430202
TAF2	0.729727393054186	-0.0020385199279934	0.99850355776877	-0.0020385199279934
RPL32	0.729875116058054	-0.00471982776718971	0.99850355776877	-0.00471982776718971
THADA	0.729894280459041	0.00152388501356626	0.99850355776877	0.00152388501356626
SPPL2B	0.730142534381449	-0.00283548982824667	0.99850355776877	-0.00283548982824667
MSH6	0.730473510513958	0.00254707409166995	0.99850355776877	0.00254707409166995
AL132780.1	0.730499540858189	-0.00579396610147358	0.99850355776877	-0.00579396610147358
ST3GAL1	0.73067476943252	-0.0048670391245656	0.99850355776877	-0.0048670391245656
WASHC2C	0.730679824828524	0.00287160400684082	0.99850355776877	0.00287160400684082
FLRT1	0.730762285481806	0.00437115020095179	0.99850355776877	0.00437115020095179
DGCR8	0.730834574484513	0.00278188048549134	0.99850355776877	0.00278188048549134
NDUFB2	0.730953345192171	0.00493098339783676	0.99850355776877	0.00493098339783676
RNF44	0.731296583666444	0.0049943804114471	0.99850355776877	0.0049943804114471
EMC10	0.731336556361692	-0.00295797642915524	0.99850355776877	-0.00295797642915524
ZNF561-AS1	0.73139206777447	0.00376932020668315	0.99850355776877	0.00376932020668315
KIF1A	0.731510856210153	0.00212344655828803	0.99850355776877	0.00212344655828803
LSM7	0.731652518744805	-0.00438614002885401	0.99850355776877	-0.00438614002885401
TRPC1	0.731707675147891	-0.00174371330120699	0.99850355776877	-0.00174371330120699
ARHGEF3	0.731932818430553	0.00393147327006474	0.99850355776877	0.00393147327006474
ZFYVE26	0.731941600688579	0.00341131123164199	0.99850355776877	0.00341131123164199
ZFPM2	0.731966459477879	0.00533679074621128	0.99850355776877	0.00533679074621128
RAB6B	0.732056370401413	-0.00724253612381739	0.99850355776877	-0.00724253612381739
ELAVL3	0.73225855432572	0.0015553635080535	0.99850355776877	0.0015553635080535
LAP3	0.73227092490761	-0.00355238361323043	0.99850355776877	-0.00355238361323043
NKRF	0.732295111409102	0.00550485586933244	0.99850355776877	0.00550485586933244
DNM3	0.732607852563804	-0.000889097066565746	0.99850355776877	-0.000889097066565746
MYBL1	0.733300768669052	0.00415343486169338	0.99850355776877	0.00415343486169338
PATZ1	0.733950073573354	-0.00349770958074831	0.99850355776877	-0.00349770958074831
FARSA	0.733953208177943	-0.00538477599479722	0.99850355776877	-0.00538477599479722
PNKD	0.734024280209293	0.00410693204493308	0.99850355776877	0.00410693204493308
SRRM2	0.734175011190295	-0.00167747366129123	0.99850355776877	-0.00167747366129123
DHX9	0.734247132180215	0.00209134467977208	0.99850355776877	0.00209134467977208
AC040168.1	0.734337217190922	0.00287746448573016	0.99850355776877	0.00287746448573016
RALGDS	0.734417770012486	0.00155923299948105	0.99850355776877	0.00155923299948105
DSTYK	0.734586969067593	0.00200417129340841	0.99850355776877	0.00200417129340841
UBR3	0.734756641203299	0.00127277774216712	0.99850355776877	0.00127277774216712
LZTFL1	0.734789971715384	0.00425772628465671	0.99850355776877	0.00425772628465671
SPATA6	0.734883098891394	-0.00185470075390418	0.99850355776877	-0.00185470075390418
TOMM7	0.7349998540595	0.00521776383955636	0.99850355776877	0.00521776383955636
FSD1	0.735096099063328	-0.00426497109642704	0.99850355776877	-0.00426497109642704
ADAM22	0.735163649303734	-0.0026111031969086	0.99850355776877	-0.0026111031969086
MRPL3	0.735239614239929	-0.00342298187769537	0.99850355776877	-0.00342298187769537
PUS10	0.735354087453188	0.00366659096099676	0.99850355776877	0.00366659096099676
COLGALT1	0.735384849537854	0.00338382792284302	0.99850355776877	0.00338382792284302
RAD50	0.735390195701786	-0.00172417400988222	0.99850355776877	-0.00172417400988222
TRMT12	0.735512358172607	0.00509715934719487	0.99850355776877	0.00509715934719487
RPL15	0.735567084776114	-0.00424385270227357	0.99850355776877	-0.00424385270227357
RNF214	0.735568991281241	0.00307331934869958	0.99850355776877	0.00307331934869958
LANCL1-AS1	0.735605533454458	-0.00850320873572534	0.99850355776877	-0.00850320873572534
PHACTR1	0.735651543018924	-0.00396337700474957	0.99850355776877	-0.00396337700474957
ZBTB47	0.735778793577287	0.00324207952412543	0.99850355776877	0.00324207952412543
DDX17	0.735855121442175	-0.00122976031909845	0.99850355776877	-0.00122976031909845
ARAP2	0.73591081030087	-0.00097261076919358	0.99850355776877	-0.00097261076919358
TOP3A	0.735960702627916	0.00341996797721472	0.99850355776877	0.00341996797721472
C1GALT1	0.736089145573801	-0.00212123635540944	0.99850355776877	-0.00212123635540944
ORC4	0.736171841385378	0.00256543900507114	0.99850355776877	0.00256543900507114
OSER1-DT	0.736237482411135	0.00365146755617646	0.99850355776877	0.00365146755617646
CCDC144A	0.736239150579963	0.00239318814501701	0.99850355776877	0.00239318814501701
HMG20A	0.736471628140804	-0.00225591784543669	0.99850355776877	-0.00225591784543669
STARD10	0.73662619586842	0.00325967133041796	0.99850355776877	0.00325967133041796
ZNF425	0.736721515713335	-0.00367003028480714	0.99850355776877	-0.00367003028480714
TCP11L1	0.736764072679572	-0.00241551987912405	0.99850355776877	-0.00241551987912405
SPIDR	0.736780605804747	0.00183478500209989	0.99850355776877	0.00183478500209989
BRINP3	0.736818159766205	-0.00774389596494768	0.99850355776877	-0.00774389596494768
KAT7	0.736898793436204	0.00285290193710282	0.99850355776877	0.00285290193710282
MSI2	0.736955295926764	-0.00194664731399388	0.99850355776877	-0.00194664731399388
YTHDC1	0.736980888410223	-0.00170313923398723	0.99850355776877	-0.00170313923398723
AL592183.1	0.737007830002179	-0.00274996963331434	0.99850355776877	-0.00274996963331434
S100PBP	0.73705067601509	-0.00209394357922538	0.99850355776877	-0.00209394357922538
RPAP2	0.737134574741503	0.00169915095521653	0.99850355776877	0.00169915095521653
TRABD	0.737149862169724	0.00328224801481405	0.99850355776877	0.00328224801481405
MLLT3	0.737193337936035	-0.00167713806647613	0.99850355776877	-0.00167713806647613
PCBP1	0.737341743956007	-0.00329570061874321	0.99850355776877	-0.00329570061874321
MYADM	0.737391494492051	-0.0047081668187987	0.99850355776877	-0.0047081668187987
DGKB	0.73750711402471	-0.00770686162248475	0.99850355776877	-0.00770686162248475
EEPD1	0.737679073354195	-0.00229534721850183	0.99850355776877	-0.00229534721850183
TRMT6	0.737731196351111	0.00601043387129787	0.99850355776877	0.00601043387129787
ORMDL1	0.737852568043453	0.00351074278630472	0.99850355776877	0.00351074278630472
AC132192.2	0.737854652382749	0.00589995707213817	0.99850355776877	0.00589995707213817
ADA	0.737968693933844	-0.00335079268107776	0.99850355776877	-0.00335079268107776
BMP7	0.737976418307283	0.00530072916231125	0.99850355776877	0.00530072916231125
FBXO17	0.738402710072031	-0.00613970396271908	0.99850355776877	-0.00613970396271908
ADCK1	0.738417817196553	-0.00280695961531242	0.99850355776877	-0.00280695961531242
SELENOT	0.738522112534886	0.00302865699179062	0.99850355776877	0.00302865699179062
AC240274.1	0.738888374332453	-0.00515558196666731	0.99850355776877	-0.00515558196666731
SLC45A1	0.738897625099468	-0.00554391219713661	0.99850355776877	-0.00554391219713661
IPO11	0.738988081001141	0.0025529776292749	0.99850355776877	0.0025529776292749
MRPS31	0.738997289374613	0.00248067039858774	0.99850355776877	0.00248067039858774
AP000282.1	0.739005862637551	0.00328769137206554	0.99850355776877	0.00328769137206554
MAML3	0.739037173018634	-0.00193415830287409	0.99850355776877	-0.00193415830287409
MRTFA	0.739056634950267	-0.00167444164935496	0.99850355776877	-0.00167444164935496
ATP6V1H	0.739082926626724	0.00300857272413448	0.99850355776877	0.00300857272413448
CLTC	0.739171938973873	0.00227735535064723	0.99850355776877	0.00227735535064723
FBXL7	0.739200343736778	-0.00112138957128015	0.99850355776877	-0.00112138957128015
POU5F2	0.739326257677564	0.00504692927346199	0.99850355776877	0.00504692927346199
AIMP2	0.739363711052029	0.00436880604662337	0.99850355776877	0.00436880604662337
USP31	0.739364504486813	-0.00200458402121241	0.99850355776877	-0.00200458402121241
HSF2	0.739466382175024	0.00369651022925032	0.99850355776877	0.00369651022925032
ATP8B2	0.73991395972283	-0.00403087274777153	0.99850355776877	-0.00403087274777153
PPFIA2	0.739942744097125	0.00173460208769331	0.99850355776877	0.00173460208769331
GPSM1	0.740013813117228	0.00355536490151288	0.99850355776877	0.00355536490151288
PPP1R3F	0.74005630848568	-0.00265151478173745	0.99850355776877	-0.00265151478173745
ELP3	0.740093123713761	0.0021812160347474	0.99850355776877	0.0021812160347474
SNHG30	0.740152866882037	-0.00332371697672728	0.99850355776877	-0.00332371697672728
ATP6V1G1	0.740160734345278	-0.00520681461335017	0.99850355776877	-0.00520681461335017
FMO4	0.740186594735197	0.00391544632908715	0.99850355776877	0.00391544632908715
CPEB1	0.740239686941285	0.00184821843719509	0.99850355776877	0.00184821843719509
HIGD2A	0.740266630386652	-0.00677887501290432	0.99850355776877	-0.00677887501290432
ADHFE1	0.740295836499772	-0.00283819522690457	0.99850355776877	-0.00283819522690457
NAB1	0.740354837099156	0.0024979115767665	0.99850355776877	0.0024979115767665
KCNJ9	0.740417082688079	0.0052972916276797	0.99850355776877	0.0052972916276797
TMEM168	0.740664759533872	0.0023980339702985	0.99850355776877	0.0023980339702985
RNF4	0.740766847010974	-0.00271475955013421	0.99850355776877	-0.00271475955013421
RSL24D1	0.740793238055398	-0.00648729375231221	0.99850355776877	-0.00648729375231221
TMX1	0.740906390016208	-0.00341933420249163	0.99850355776877	-0.00341933420249163
GALK2	0.740940926310829	0.00183462149868378	0.99850355776877	0.00183462149868378
AC010210.1	0.741181648179341	-0.00312191037167908	0.99850355776877	-0.00312191037167908
ELOB	0.74152820839348	0.00504906543644743	0.99850355776877	0.00504906543644743
AL137140.1	0.741707317910996	-0.00512271999657017	0.99850355776877	-0.00512271999657017
TAF5L	0.741762234204504	0.00290965071673415	0.99850355776877	0.00290965071673415
KHSRP	0.741968354210495	0.00223239304637789	0.99850355776877	0.00223239304637789
AL133304.3	0.742246328317086	0.00254792482194328	0.99850355776877	0.00254792482194328
PCGF5	0.742390380368396	0.00117998195855266	0.99850355776877	0.00117998195855266
THOC5	0.742393762528062	0.00394862544507932	0.99850355776877	0.00394862544507932
STAT5A	0.742409721121191	0.00452661082946134	0.99850355776877	0.00452661082946134
SLC48A1	0.74245950681317	-0.00214433942014706	0.99850355776877	-0.00214433942014706
SORBS3	0.742630360333455	0.00457715819701035	0.99850355776877	0.00457715819701035
ANKLE2	0.742644491121946	-0.00299344623105398	0.99850355776877	-0.00299344623105398
ZMIZ2	0.742737249891556	0.002664452866791	0.99850355776877	0.002664452866791
LRP10	0.742748528205373	-0.00357189306883667	0.99850355776877	-0.00357189306883667
DIDO1	0.742914931287811	0.00208499935474919	0.99850355776877	0.00208499935474919
SLC17A7	0.742988130805262	0.0079895962899809	0.99850355776877	0.0079895962899809
LIPE	0.743153880423621	-0.00195753448511527	0.99850355776877	-0.00195753448511527
AC008610.1	0.743174980234366	-0.00684890775777919	0.99850355776877	-0.00684890775777919
PCLO	0.743192011206818	0.00594439782564078	0.99850355776877	0.00594439782564078
NPHP1	0.743379890109684	0.00415022748087415	0.99850355776877	0.00415022748087415
SPEN	0.74340856811327	-0.00180828855135367	0.99850355776877	-0.00180828855135367
ZNF280D	0.743409022299191	0.00149142578402983	0.99850355776877	0.00149142578402983
C16orf87	0.743464930265968	-0.00427524958480952	0.99850355776877	-0.00427524958480952
P3H2	0.743704873958184	-0.0054722479988122	0.99850355776877	-0.0054722479988122
YY1AP1	0.743820693605491	0.00177305294268556	0.99850355776877	0.00177305294268556
TRIM16L	0.743920368197582	0.00351868404500094	0.99850355776877	0.00351868404500094
ASIC2	0.744180171725548	-0.00666523676110624	0.99850355776877	-0.00666523676110624
INTS1	0.744372361945236	-0.002834534734587	0.99850355776877	-0.002834534734587
POU6F2	0.744583945338023	0.00722160459978325	0.99850355776877	0.00722160459978325
FAM156A	0.744601638377891	0.00338844261756385	0.99850355776877	0.00338844261756385
NPIPA1	0.744656762687467	-0.004257228979647	0.99850355776877	-0.004257228979647
P4HB	0.744695404860882	0.00224463993124592	0.99850355776877	0.00224463993124592
OPALIN	0.744813886277581	-0.00219963555032398	0.99850355776877	-0.00219963555032398
VAMP1	0.744887308900679	0.00360569831245026	0.99850355776877	0.00360569831245026
DNM1L	0.744926496357503	0.0022683042900528	0.99850355776877	0.0022683042900528
NME9	0.744947435842817	-0.00306097747691935	0.99850355776877	-0.00306097747691935
MT-ND6	0.745049963602182	0.00569830301084774	0.99850355776877	0.00569830301084774
RACK1	0.745181707718621	0.00347107846063507	0.99850355776877	0.00347107846063507
ETV6	0.745214502597032	-0.00317233999534091	0.99850355776877	-0.00317233999534091
PACRG	0.745292211297759	0.00549846295823644	0.99850355776877	0.00549846295823644
PGAP3	0.745298298451752	-0.00443865055661653	0.99850355776877	-0.00443865055661653
DHPS	0.745349625305926	-0.00391890265293742	0.99850355776877	-0.00391890265293742
POLR1A	0.745390135339403	-0.00255510622517404	0.99850355776877	-0.00255510622517404
SYMPK	0.74545469291538	0.00178253880114793	0.99850355776877	0.00178253880114793
MAP6	0.745548522002202	0.00672955360382122	0.99850355776877	0.00672955360382122
TFAP2E	0.745561363928904	0.00300642116013016	0.99850355776877	0.00300642116013016
U2AF1	0.745570374417455	0.00683896640907814	0.99850355776877	0.00683896640907814
NPAT	0.745622716405569	-0.00278588362761095	0.99850355776877	-0.00278588362761095
SH3GLB1	0.745635746348844	-0.00206226364381289	0.99850355776877	-0.00206226364381289
CCDC107	0.74579637654153	-0.00521671237299212	0.99850355776877	-0.00521671237299212
PPA1	0.745854884669066	-0.00273805452566852	0.99850355776877	-0.00273805452566852
SLC9A3R1	0.746122835571629	-0.00365506346851343	0.99850355776877	-0.00365506346851343
AOAH	0.746126431069761	-0.00307917749821051	0.99850355776877	-0.00307917749821051
GAS5	0.746209974968095	-0.0043468123890109	0.99850355776877	-0.0043468123890109
TMA16	0.746234682300711	0.00456993292286343	0.99850355776877	0.00456993292286343
CSTF2T	0.746291621827831	-0.00574115579742489	0.99850355776877	-0.00574115579742489
DDOST	0.746424385089297	0.00401256448184694	0.99850355776877	0.00401256448184694
RNF213	0.746435212808268	0.00209280713438599	0.99850355776877	0.00209280713438599
YPEL3	0.746483610242531	-0.00230914188081998	0.99850355776877	-0.00230914188081998
XRCC5	0.746493967524014	-0.00135458606569858	0.99850355776877	-0.00135458606569858
EIPR1	0.746517817454422	-0.00308923958648564	0.99850355776877	-0.00308923958648564
AKIP1	0.746518365968834	-0.0051052555052744	0.99850355776877	-0.0051052555052744
GOLGA2	0.746780680462586	-0.0026320424767044	0.99850355776877	-0.0026320424767044
C6orf136	0.746787753374301	-0.00492192193450447	0.99850355776877	-0.00492192193450447
PRKAA2	0.746915700667613	0.00611445361064858	0.99850355776877	0.00611445361064858
ALKBH1	0.746959964612225	0.0028276507989249	0.99850355776877	0.0028276507989249
AL109824.1	0.747047907383005	-0.00760484907135049	0.99850355776877	-0.00760484907135049
AGRN	0.747241862477222	-0.00380411436327693	0.99850355776877	-0.00380411436327693
MBOAT7	0.747243851761664	0.00454274352072411	0.99850355776877	0.00454274352072411
CPLX2	0.747361162599962	-0.00705022728571405	0.99850355776877	-0.00705022728571405
PTTG1IP	0.747677957725823	-0.00286954466995785	0.99850355776877	-0.00286954466995785
DTNB	0.747725195497919	0.00117124302442676	0.99850355776877	0.00117124302442676
RNF181	0.747960426910757	-0.00706594353508173	0.99850355776877	-0.00706594353508173
NORAD	0.748085905675958	0.0029134223600076	0.99850355776877	0.0029134223600076
TMEM219	0.748086320834181	0.00337369020291386	0.99850355776877	0.00337369020291386
DLAT	0.748368770297453	0.00340779568478373	0.99850355776877	0.00340779568478373
SLC35B3	0.748369385358235	0.00251321141296201	0.99850355776877	0.00251321141296201
UBE2H	0.748369919536432	-0.00135219429793007	0.99850355776877	-0.00135219429793007
PDLIM3	0.748533295647258	-0.00386157438874088	0.99850355776877	-0.00386157438874088
ATP13A4	0.748576110011125	0.00326504103710624	0.99850355776877	0.00326504103710624
TMEM33	0.748579583226449	0.00253545145798247	0.99850355776877	0.00253545145798247
TXLNA	0.748606680509233	0.00302668455435852	0.99850355776877	0.00302668455435852
FAU	0.748651350933981	-0.00414479782565583	0.99850355776877	-0.00414479782565583
RPS13	0.748721168920941	0.00469471255046191	0.99850355776877	0.00469471255046191
PSMD11	0.748795181589289	0.00186093985908684	0.99850355776877	0.00186093985908684
DBI	0.748938149964023	-0.00409372941137837	0.99850355776877	-0.00409372941137837
LIAS	0.748947480421939	0.00265914231832578	0.99850355776877	0.00265914231832578
EPS15L1	0.748956022933311	0.00185833989190606	0.99850355776877	0.00185833989190606
IFT140	0.749251566523144	-0.00391777889422821	0.99850355776877	-0.00391777889422821
DHRS7B	0.749420556685385	0.00245366950293482	0.99850355776877	0.00245366950293482
SLC38A7	0.749441886472632	-0.00352180052395423	0.99850355776877	-0.00352180052395423
COX4I1	0.749475727500827	-0.00466031293094907	0.99850355776877	-0.00466031293094907
RBM19	0.74953230082717	-0.00291345087255655	0.99850355776877	-0.00291345087255655
IKZF5	0.749714530163774	0.00248748448933388	0.99850355776877	0.00248748448933388
MAP3K12	0.749895741097508	-0.00401040436038755	0.99850355776877	-0.00401040436038755
AC244131.2	0.750136091615686	-0.003842267745984	0.99850355776877	-0.003842267745984
PRUNE1	0.750141267719488	0.00344920900196535	0.99850355776877	0.00344920900196535
SLC38A2	0.750311424346616	-0.00252959824525415	0.99850355776877	-0.00252959824525415
SBF1	0.750313080203165	-0.00254376619190284	0.99850355776877	-0.00254376619190284
GIPC2	0.75038368884956	0.00392477583844543	0.99850355776877	0.00392477583844543
THAP9	0.750511022297821	0.00411291675919633	0.99850355776877	0.00411291675919633
NFS1	0.750622097509544	0.00492857665808923	0.99850355776877	0.00492857665808923
SORBS1	0.750635609166641	0.00472360034595538	0.99850355776877	0.00472360034595538
DLG1	0.750720098776398	0.000899551167838745	0.99850355776877	0.000899551167838745
ODR4	0.750771728255545	-0.00177047426667579	0.99850355776877	-0.00177047426667579
API5	0.75087388054352	0.00228626327206779	0.99850355776877	0.00228626327206779
THRAP3	0.750875148460853	-0.00172551287991329	0.99850355776877	-0.00172551287991329
TDP1	0.750938414062105	-0.00359577669797019	0.99850355776877	-0.00359577669797019
WDR70	0.750951434219867	0.00136406617587408	0.99850355776877	0.00136406617587408
NUDT2	0.751061150372437	0.00320981720505723	0.99850355776877	0.00320981720505723
TBC1D2B	0.751283641247943	0.00337170040306687	0.99850355776877	0.00337170040306687
POLDIP2	0.751534726902993	-0.00402150728468914	0.99850355776877	-0.00402150728468914
BMP1	0.751602175935277	0.00313978081620072	0.99850355776877	0.00313978081620072
KLHL28	0.751828680577553	0.00308087821707246	0.99850355776877	0.00308087821707246
AKAP9	0.751878614806103	0.00168452762923357	0.99850355776877	0.00168452762923357
AC061708.1	0.752065156602914	0.00264362226872409	0.99850355776877	0.00264362226872409
TMEFF2	0.752106421027755	0.0011454630380422	0.99850355776877	0.0011454630380422
TLE4	0.752181669805606	-0.00169950908836688	0.99850355776877	-0.00169950908836688
PCCB	0.752222842263639	0.00181855859868529	0.99850355776877	0.00181855859868529
AK2	0.752249290172592	-0.0027505726139358	0.99850355776877	-0.0027505726139358
TIGD7	0.752252383474571	0.00399846405949014	0.99850355776877	0.00399846405949014
BCAT1	0.752454420876577	0.00350513149824232	0.99850355776877	0.00350513149824232
LINC01176	0.752486798780163	0.00511905112665825	0.99850355776877	0.00511905112665825
R3HCC1L	0.752526703852655	0.00225819821373731	0.99850355776877	0.00225819821373731
GATAD1	0.752614483535426	-0.00218319668319687	0.99850355776877	-0.00218319668319687
DTNA	0.752642751723278	-0.00319348622491711	0.99850355776877	-0.00319348622491711
DIPK2B	0.752755729556324	0.00272407402174003	0.99850355776877	0.00272407402174003
TPR	0.752766139644456	0.00190882144359876	0.99850355776877	0.00190882144359876
PLCH2	0.752941854460555	-0.00358073986825771	0.99850355776877	-0.00358073986825771
AC061958.1	0.752984417731251	-0.00651932895026963	0.99850355776877	-0.00651932895026963
RUFY1	0.75298692320229	0.00211276582871158	0.99850355776877	0.00211276582871158
NAA40	0.753179800649129	-0.00396484602930656	0.99850355776877	-0.00396484602930656
RBMX2	0.753197191121271	0.00383894364528326	0.99850355776877	0.00383894364528326
NRXN1	0.753413884002568	0.00558560984390732	0.99850355776877	0.00558560984390732
TNFAIP6	0.753577060696488	-0.00554882443876596	0.99850355776877	-0.00554882443876596
GID8	0.753647737695135	0.00331686304397157	0.99850355776877	0.00331686304397157
MFN1	0.753850715597485	0.00232981297498467	0.99850355776877	0.00232981297498467
DPYSL4	0.753878262797288	-0.00395544677299266	0.99850355776877	-0.00395544677299266
NCKIPSD	0.754038668330123	-0.00352567362560758	0.99850355776877	-0.00352567362560758
AUXG01000058.1	0.754106136483611	-0.00681416220233457	0.99850355776877	-0.00681416220233457
TIMM23	0.754165731276276	0.00326072390635081	0.99850355776877	0.00326072390635081
CYB5R2	0.754308815374517	0.00503334830036841	0.99850355776877	0.00503334830036841
TPST1	0.754372743206533	-0.00272448857624774	0.99850355776877	-0.00272448857624774
ZDHHC9	0.75443916399734	-0.00214681930839887	0.99850355776877	-0.00214681930839887
LINC01266	0.754457897875019	0.00382331155222735	0.99850355776877	0.00382331155222735
CRTC3-AS1	0.754626580666564	-0.00495984327295119	0.99850355776877	-0.00495984327295119
GCLC	0.754713462678308	-0.00167592135611717	0.99850355776877	-0.00167592135611717
MMADHC	0.754759335926162	0.00507645163811594	0.99850355776877	0.00507645163811594
RNMT	0.754847396999466	0.00170720741020732	0.99850355776877	0.00170720741020732
SLC25A24	0.754886826251865	-0.00450845513562934	0.99850355776877	-0.00450845513562934
IL11RA	0.754898649623791	0.00417628086144386	0.99850355776877	0.00417628086144386
INPP4A	0.755017643445078	-0.00483961402209113	0.99850355776877	-0.00483961402209113
DTD2	0.755112572318023	-0.00230037676583052	0.99850355776877	-0.00230037676583052
GEMIN7-AS1	0.755146910991042	0.00439680145849688	0.99850355776877	0.00439680145849688
TAF8	0.75515724149813	0.00291025516875427	0.99850355776877	0.00291025516875427
PPARD	0.755292776293836	0.00211635228362153	0.99850355776877	0.00211635228362153
PLEKHM2	0.755473126264217	0.00227564547423146	0.99850355776877	0.00227564547423146
EGLN2	0.755674706422238	0.00308793852474599	0.99850355776877	0.00308793852474599
SPATS2	0.755800573568643	0.00417226888572763	0.99850355776877	0.00417226888572763
DGKI	0.755827739902038	0.00282584641517615	0.99850355776877	0.00282584641517615
ZNF236	0.755847529370979	-0.00221347598386652	0.99850355776877	-0.00221347598386652
DDX10	0.75588781465568	0.00175911181287908	0.99850355776877	0.00175911181287908
LINC01006	0.755896863262189	0.00351544970367451	0.99850355776877	0.00351544970367451
JUND	0.755915600950208	0.0018128441361334	0.99850355776877	0.0018128441361334
TMEM91	0.755938528741193	0.00409659484033187	0.99850355776877	0.00409659484033187
STN1	0.756140923509423	-0.00336124469954383	0.99850355776877	-0.00336124469954383
ATXN7L3	0.75616938376067	0.00455394758551151	0.99850355776877	0.00455394758551151
ALDH9A1	0.756323551319915	-0.00514386954188813	0.99850355776877	-0.00514386954188813
ILRUN	0.75645984474902	-0.00223591066218438	0.99850355776877	-0.00223591066218438
NPAS3	0.756477252520054	-0.000804062846723272	0.99850355776877	-0.000804062846723272
ATPAF1	0.756704712344664	0.00247853845399343	0.99850355776877	0.00247853845399343
METTL15	0.756879203449524	-0.00183316848557242	0.99850355776877	-0.00183316848557242
TCERG1	0.75693332610151	0.002086762835547	0.99850355776877	0.002086762835547
DCTN2	0.757057641456935	-0.00283384483860689	0.99850355776877	-0.00283384483860689
SUZ12	0.757165080106674	0.00195703818066671	0.99850355776877	0.00195703818066671
AASS	0.757188329000598	-0.00188265037826741	0.99850355776877	-0.00188265037826741
FSCN1	0.757256346831718	0.00233395385731137	0.99850355776877	0.00233395385731137
PIK3IP1	0.757343823595629	-0.00259538945845472	0.99850355776877	-0.00259538945845472
OSBP2	0.757374579452359	0.00135846355177279	0.99850355776877	0.00135846355177279
MYO9B	0.757530488785949	-0.00168220023533554	0.99850355776877	-0.00168220023533554
MIEN1	0.757766443691509	0.00563069582856833	0.99850355776877	0.00563069582856833
NCL	0.757848512258159	0.00252110588207475	0.99850355776877	0.00252110588207475
FYN	0.757864831914182	-0.00119889083414079	0.99850355776877	-0.00119889083414079
AP000787.1	0.757882837781356	0.00459840052737688	0.99850355776877	0.00459840052737688
SELENOM	0.757913840500602	-0.0046045022374605	0.99850355776877	-0.0046045022374605
ACTN2	0.757919795478134	0.00327410955264867	0.99850355776877	0.00327410955264867
SLC6A17	0.758010150570218	0.00693949553971628	0.99850355776877	0.00693949553971628
METTL6	0.758186855652781	0.00238122115205184	0.99850355776877	0.00238122115205184
TMCC2	0.758195260152232	-0.00156936546208074	0.99850355776877	-0.00156936546208074
FBXO2	0.758226872976359	-0.00635186515780986	0.99850355776877	-0.00635186515780986
AL133244.2	0.758317055562194	0.00403960367069039	0.99850355776877	0.00403960367069039
ENAH	0.758398309714009	-0.00150878243237828	0.99850355776877	-0.00150878243237828
TUBB2A	0.758411815431284	-0.00703629039554981	0.99850355776877	-0.00703629039554981
FCHSD2	0.758531792817125	0.0014262931699464	0.99850355776877	0.0014262931699464
TIMM44	0.758537650224454	-0.00290910279815025	0.99850355776877	-0.00290910279815025
SLC66A1	0.758581346762863	-0.00475128055598604	0.99850355776877	-0.00475128055598604
KHDRBS2	0.75863697570901	-0.00667281858117747	0.99850355776877	-0.00667281858117747
TMEM179B	0.758774880171512	0.00347585846010826	0.99850355776877	0.00347585846010826
PTPRN2	0.758780424129168	-0.00555145061381703	0.99850355776877	-0.00555145061381703
WDR59	0.758881127060122	-0.00141294728099219	0.99850355776877	-0.00141294728099219
ITM2A	0.758902882698288	-0.0050311967178487	0.99850355776877	-0.0050311967178487
CHTF18	0.758971229131156	-0.00482232485722808	0.99850355776877	-0.00482232485722808
KLKB1	0.759015079935367	-0.00446747191996647	0.99850355776877	-0.00446747191996647
MAPRE2	0.75952202697065	-0.00120492771127757	0.99850355776877	-0.00120492771127757
UBA6-AS1	0.759554183585931	-0.00218821803874992	0.99850355776877	-0.00218821803874992
BCHE	0.759592718078597	0.00455236539205698	0.99850355776877	0.00455236539205698
USP14	0.759730035784198	0.00179706507804745	0.99850355776877	0.00179706507804745
MAATS1	0.759758087849803	0.0045010535036591	0.99850355776877	0.0045010535036591
SLC7A6OS	0.759796610128665	-0.00308396096630238	0.99850355776877	-0.00308396096630238
TNRC6C-AS1	0.75982100814254	0.00237049401992165	0.99850355776877	0.00237049401992165
ARFGEF1	0.759929681812603	-0.0014708816698174	0.99850355776877	-0.0014708816698174
MCMBP	0.759956160325659	0.00260702052942684	0.99850355776877	0.00260702052942684
DCTN1	0.76008065782885	0.00300156118052477	0.99850355776877	0.00300156118052477
PC	0.760219826644628	0.00253721530362473	0.99850355776877	0.00253721530362473
ZNF121	0.760302758685635	-0.00339839768302009	0.99850355776877	-0.00339839768302009
RARS	0.760532798996439	0.00252066086685343	0.99850355776877	0.00252066086685343
ATP5PF	0.760595386824898	-0.00438736876099297	0.99850355776877	-0.00438736876099297
BVES-AS1	0.760617603777123	-0.00391922008457072	0.99850355776877	-0.00391922008457072
SEPTIN10	0.760677471085288	-0.00269735590470292	0.99850355776877	-0.00269735590470292
ABHD12B	0.760739115233658	0.00508190135862425	0.99850355776877	0.00508190135862425
OSBPL5	0.760956144316158	0.00235105650811601	0.99850355776877	0.00235105650811601
SETD2	0.760967186682595	0.00149121710627856	0.99850355776877	0.00149121710627856
ZNF302	0.761151212685078	-0.00262765115936523	0.99850355776877	-0.00262765115936523
SLITRK2	0.761163837640358	-0.00282973898467995	0.99850355776877	-0.00282973898467995
PSMA2	0.761231782340418	-0.00386673714256328	0.99850355776877	-0.00386673714256328
EEA1	0.761306332314619	-0.00165905359255991	0.99850355776877	-0.00165905359255991
SUDS3	0.761428054996186	0.00248976137221486	0.99850355776877	0.00248976137221486
ARFGEF3	0.761479103911118	-0.000923237499529823	0.99850355776877	-0.000923237499529823
TMEM132C	0.761502749773894	0.00277788048263091	0.99850355776877	0.00277788048263091
AC023282.1	0.761803445339391	-0.00368190315212095	0.99850355776877	-0.00368190315212095
CHM	0.76182370504472	-0.00196264087740763	0.99850355776877	-0.00196264087740763
ABHD14B	0.761833861768653	-0.00449201404384874	0.99850355776877	-0.00449201404384874
POP5	0.76207476123766	0.00506495542903009	0.99850355776877	0.00506495542903009
RASAL2	0.762161745796128	-0.00456455876787184	0.99850355776877	-0.00456455876787184
ITGA2	0.762271498094134	0.00158094091492626	0.99850355776877	0.00158094091492626
LRCH2	0.762316083546447	-0.002785155346618	0.99850355776877	-0.002785155346618
ACVR1C	0.762521140696245	0.0020927621961228	0.99850355776877	0.0020927621961228
AC068707.1	0.762656841503484	-0.00444830430240377	0.99850355776877	-0.00444830430240377
ETS1	0.762820385123079	0.00454843191359159	0.99850355776877	0.00454843191359159
SMG6	0.762833366206751	0.0016405137708195	0.99850355776877	0.0016405137708195
AL162231.2	0.762897428834382	-0.00499309720236859	0.99850355776877	-0.00499309720236859
WDR66	0.763003219468867	-0.0039294929914283	0.99850355776877	-0.0039294929914283
BUB3	0.763018493111383	0.00271379090300853	0.99850355776877	0.00271379090300853
CABLES2	0.763045614504552	-0.00455790697817551	0.99850355776877	-0.00455790697817551
SOCS4	0.763130425547749	-0.0030682729415329	0.99850355776877	-0.0030682729415329
LPGAT1	0.763290950163083	0.00126013880371809	0.99850355776877	0.00126013880371809
SHPK	0.763414909782061	-0.00317914324108512	0.99850355776877	-0.00317914324108512
PAK2	0.763429157033881	-0.00134985721243757	0.99850355776877	-0.00134985721243757
SPINT2	0.763488314727778	-0.0042350165514738	0.99850355776877	-0.0042350165514738
ZNF609	0.763509148867714	0.00129198929898911	0.99850355776877	0.00129198929898911
TERF2	0.763668794053599	0.00269940502355724	0.99850355776877	0.00269940502355724
PUDP	0.764101641521289	-0.00196475260658765	0.99850355776877	-0.00196475260658765
ZNF674	0.764164739584242	0.00395240037571408	0.99850355776877	0.00395240037571408
DDX46	0.764376626835203	-0.00163858356592522	0.99850355776877	-0.00163858356592522
SGO2	0.764439023242446	-0.00414165614497917	0.99850355776877	-0.00414165614497917
ACTR5	0.76444918260279	-0.00413284220413451	0.99850355776877	-0.00413284220413451
PIGQ	0.764460455542588	-0.00479441186497453	0.99850355776877	-0.00479441186497453
AC091180.5	0.764485861084188	0.00385855751426635	0.99850355776877	0.00385855751426635
HSPG2	0.764838582814373	0.00381121702104232	0.99850355776877	0.00381121702104232
REXO2	0.764923041836093	-0.00291999209770102	0.99850355776877	-0.00291999209770102
LMBR1	0.765134344001793	-0.00188204200552269	0.99850355776877	-0.00188204200552269
GGA1	0.765159279842968	0.00186169221808875	0.99850355776877	0.00186169221808875
ZNF511	0.765445432444594	0.00451271370829597	0.99850355776877	0.00451271370829597
MIER3	0.765662415490146	0.00360745534710043	0.99850355776877	0.00360745534710043
MICU3	0.765722901492981	-0.00190392993260032	0.99850355776877	-0.00190392993260032
CKMT2-AS1	0.765790919416674	0.00199141032650087	0.99850355776877	0.00199141032650087
EIF4B	0.765809241038648	-0.00270096360865593	0.99850355776877	-0.00270096360865593
PIGN	0.765971797828226	-0.00170268047625964	0.99850355776877	-0.00170268047625964
CCT6B	0.766007504115659	0.00472123733176747	0.99850355776877	0.00472123733176747
ZNF565	0.766072668758553	-0.00259155334698532	0.99850355776877	-0.00259155334698532
CHD8	0.766151100960604	0.00203621101507939	0.99850355776877	0.00203621101507939
SPRED2	0.766195259578882	-0.00388286231135636	0.99850355776877	-0.00388286231135636
AP001029.2	0.766231940784113	0.00478399874457767	0.99850355776877	0.00478399874457767
MRPL39	0.766292775211388	0.00343348369350977	0.99850355776877	0.00343348369350977
PSMD13	0.766341448807367	0.00314019891677712	0.99850355776877	0.00314019891677712
ORC5	0.76636034353241	-0.00244975912452365	0.99850355776877	-0.00244975912452365
DOCK3	0.766412830266438	0.0010069372805691	0.99850355776877	0.0010069372805691
PARP10	0.766448200210826	0.00510346307511315	0.99850355776877	0.00510346307511315
NDUFA6-DT	0.766561559489593	-0.0037166399888596	0.99850355776877	-0.0037166399888596
IRAK4	0.766600105934127	0.00388323321193669	0.99850355776877	0.00388323321193669
AL139220.2	0.766642483412143	-0.00376860878954104	0.99850355776877	-0.00376860878954104
LRP1	0.766657963703984	-0.00653064573925297	0.99850355776877	-0.00653064573925297
AL034405.1	0.766814415167894	-0.00254521331222561	0.99850355776877	-0.00254521331222561
RAB2A	0.766826920521	-0.00148027117833028	0.99850355776877	-0.00148027117833028
PPT1	0.766857266167666	0.00382431594053474	0.99850355776877	0.00382431594053474
STXBP6	0.767117985635314	0.00143757435633592	0.99850355776877	0.00143757435633592
ACLY	0.767124033703687	0.00287170593184901	0.99850355776877	0.00287170593184901
PMS2	0.767476893497246	-0.00287023872211215	0.99850355776877	-0.00287023872211215
SMARCD1	0.767524193529935	0.00282840930218421	0.99850355776877	0.00282840930218421
UTP18	0.767758353325327	0.00267267998979243	0.99850355776877	0.00267267998979243
AC005225.2	0.767992558751622	-0.00535756900295927	0.99850355776877	-0.00535756900295927
SMARCC2	0.76825251150686	0.00241182815391107	0.99850355776877	0.00241182815391107
AL354696.2	0.768317288248178	0.00294305738639121	0.99850355776877	0.00294305738639121
GLE1	0.768471223049377	-0.00264062812279467	0.99850355776877	-0.00264062812279467
EXOC4	0.768496978418851	0.0011058246121005	0.99850355776877	0.0011058246121005
UTP11	0.768504473206114	-0.00485045819023025	0.99850355776877	-0.00485045819023025
CYTH1	0.768517801294783	0.0013263774244179	0.99850355776877	0.0013263774244179
AIFM1	0.768551047710855	-0.00280110384409789	0.99850355776877	-0.00280110384409789
HMBOX1	0.768596337735495	0.00144868955034015	0.99850355776877	0.00144868955034015
CBWD2	0.768798097334563	-0.00347334181916607	0.99850355776877	-0.00347334181916607
GLTP	0.76882077451731	0.00133689215877751	0.99850355776877	0.00133689215877751
PTPN18	0.76883032223734	0.00465307268463545	0.99850355776877	0.00465307268463545
SELENOS	0.768853720420575	-0.00371885015393041	0.99850355776877	-0.00371885015393041
DUBR	0.768942767734889	-0.00132917968339422	0.99850355776877	-0.00132917968339422
AZI2	0.769029174330472	0.00305906825983732	0.99850355776877	0.00305906825983732
ERLIN1	0.769074462372331	-0.00297796440183113	0.99850355776877	-0.00297796440183113
ITGB4	0.769085980625001	0.00404135039710931	0.99850355776877	0.00404135039710931
NDUFAB1	0.769195191059387	0.00567467514509369	0.99850355776877	0.00567467514509369
SERAC1	0.769372349637743	-0.00266088011817735	0.99850355776877	-0.00266088011817735
ERAP1	0.769579107402829	-0.00382851807396541	0.99850355776877	-0.00382851807396541
NUP62	0.76959528686626	0.00343724867282765	0.99850355776877	0.00343724867282765
G6PD	0.769707089440766	-0.00490060990423089	0.99850355776877	-0.00490060990423089
LRATD2	0.770032076021319	-0.0039290959772304	0.99850355776877	-0.0039290959772304
LAMTOR4	0.770058373892653	-0.00342679856021031	0.99850355776877	-0.00342679856021031
ADO	0.770076003381119	-0.00451521752525869	0.99850355776877	-0.00451521752525869
NCK1-DT	0.77024656912773	-0.00433915544753786	0.99850355776877	-0.00433915544753786
AL359504.2	0.770485274000354	-0.00398341289416712	0.99850355776877	-0.00398341289416712
HHLA3	0.770521936777929	0.00374785805808483	0.99850355776877	0.00374785805808483
HSD11B1L	0.770573384979206	-0.00623733059990623	0.99850355776877	-0.00623733059990623
ISCU	0.770635256542895	0.00440331552249074	0.99850355776877	0.00440331552249074
GPR107	0.770745129357653	0.00187282445821817	0.99850355776877	0.00187282445821817
UBTD2	0.770768876822468	0.00267343202480141	0.99850355776877	0.00267343202480141
KIT	0.771020437153067	0.00578949323421121	0.99850355776877	0.00578949323421121
GRID2	0.771034050618007	0.00415797945753426	0.99850355776877	0.00415797945753426
ZNF736	0.771098858701995	0.002585394249961	0.99850355776877	0.002585394249961
CZIB	0.771190453886835	0.00261677249142994	0.99850355776877	0.00261677249142994
FBXO15	0.771232734024926	0.00358336860374816	0.99850355776877	0.00358336860374816
TBC1D25	0.771240911400134	-0.00332656330471948	0.99850355776877	-0.00332656330471948
TOX4	0.771334643135209	-0.00315703691087697	0.99850355776877	-0.00315703691087697
FZD3	0.771453251888927	0.00763057340587167	0.99850355776877	0.00763057340587167
GFM1	0.771473781921211	0.0026798552658255	0.99850355776877	0.0026798552658255
CASP3	0.771491623811069	0.00325876954821192	0.99850355776877	0.00325876954821192
SF3B2	0.771560798480109	-0.0021062414335739	0.99850355776877	-0.0021062414335739
TECR	0.771627001743499	0.0015830599796018	0.99850355776877	0.0015830599796018
MIIP	0.77201558033569	-0.00362361734918289	0.99850355776877	-0.00362361734918289
PAICS	0.772115680293869	0.00335271541930732	0.99850355776877	0.00335271541930732
LRSAM1	0.772162841475555	-0.00185993364664358	0.99850355776877	-0.00185993364664358
FBXL5	0.772168015839851	-0.00129545616772242	0.99850355776877	-0.00129545616772242
POLM	0.772239547543447	-0.00342345524604356	0.99850355776877	-0.00342345524604356
SDCBP	0.772304815847285	0.00440023116551127	0.99850355776877	0.00440023116551127
NELFB	0.772375165514	-0.00260555028426526	0.99850355776877	-0.00260555028426526
ACTG1	0.772451889781243	-0.00345412378419162	0.99850355776877	-0.00345412378419162
DMTF1	0.772464430090551	0.00146106858349279	0.99850355776877	0.00146106858349279
ZFYVE9	0.772530662641999	0.00245110322671901	0.99850355776877	0.00245110322671901
FLOT1	0.772549792631887	-0.0033711352678796	0.99850355776877	-0.0033711352678796
TSC1	0.772592923267571	0.00195995199352008	0.99850355776877	0.00195995199352008
RRP8	0.772680142767296	-0.00398028512866102	0.99850355776877	-0.00398028512866102
SRCAP	0.772736882429285	0.0024225546004318	0.99850355776877	0.0024225546004318
CTTNBP2	0.772757963774083	0.0012785821192841	0.99850355776877	0.0012785821192841
NCBP3	0.772812961543122	-0.00201186134450547	0.99850355776877	-0.00201186134450547
UNC80	0.772835175740985	-0.00606280934540665	0.99850355776877	-0.00606280934540665
DLST	0.772919591006518	-0.00310811015465733	0.99850355776877	-0.00310811015465733
VLDLR-AS1	0.773046939663029	-0.00190499811582553	0.99850355776877	-0.00190499811582553
SPATA5	0.77320075675619	0.00154377226704834	0.99850355776877	0.00154377226704834
ZNF446	0.773268887669242	-0.00431004528092759	0.99850355776877	-0.00431004528092759
MTF2	0.773283655588046	0.00217741307634797	0.99850355776877	0.00217741307634797
TRAPPC2L	0.773361950296009	0.00401179790804596	0.99850355776877	0.00401179790804596
SETDB1	0.773364807522888	0.00205105960377924	0.99850355776877	0.00205105960377924
GOPC	0.77341215496163	0.00205926560197383	0.99850355776877	0.00205926560197383
MIR181A2HG	0.773626837914962	-0.00243316899604691	0.99850355776877	-0.00243316899604691
C21orf58	0.773656848077674	0.00378474836015802	0.99850355776877	0.00378474836015802
CRTC2	0.773688112751373	0.00392975871614758	0.99850355776877	0.00392975871614758
SMARCAD1	0.773702153706211	0.00151789202267351	0.99850355776877	0.00151789202267351
FBF1	0.773769545224535	0.002683499852636	0.99850355776877	0.002683499852636
TRMT2B	0.773963409908539	0.00462199085898783	0.99850355776877	0.00462199085898783
ATP6AP1	0.774210210219624	-0.0034801273190817	0.99850355776877	-0.0034801273190817
SRGAP1	0.774353178182728	-0.00144097740868316	0.99850355776877	-0.00144097740868316
SLC25A17	0.774398512006109	0.00222354014182471	0.99850355776877	0.00222354014182471
AQP11	0.774431845399941	-0.00541645004705165	0.99850355776877	-0.00541645004705165
ABCA8	0.774455103921379	-0.00130220035400504	0.99850355776877	-0.00130220035400504
AC068389.1	0.774476234531275	0.0053744513929403	0.99850355776877	0.0053744513929403
CAPRIN2	0.774601488445909	-0.00345594588246184	0.99850355776877	-0.00345594588246184
STK35	0.77480676257449	-0.00302152131095076	0.99850355776877	-0.00302152131095076
CHMP6	0.774831819410101	-0.0033603437723116	0.99850355776877	-0.0033603437723116
AACS	0.775043571288725	-0.003933734163112	0.99850355776877	-0.003933734163112
CCDC50	0.775130083585097	0.00329222890668368	0.99850355776877	0.00329222890668368
PLPP3	0.775308955504686	0.0019341955104226	0.99850355776877	0.0019341955104226
SLC7A14	0.775317041510665	0.0034042570449523	0.99850355776877	0.0034042570449523
RNF121	0.775419912042738	0.00284419042931956	0.99850355776877	0.00284419042931956
DENND5A	0.775431417156909	0.00129621558888516	0.99850355776877	0.00129621558888516
RRAGA	0.7755519088184	0.00494119014792221	0.99850355776877	0.00494119014792221
CYCS	0.775555736947999	0.00572881948047778	0.99850355776877	0.00572881948047778
ZNF24	0.775966227137804	0.00187935598655498	0.99850355776877	0.00187935598655498
PRR14	0.776024959872164	0.00326871383867993	0.99850355776877	0.00326871383867993
ARHGEF4	0.776094911204493	-0.00497114068409075	0.99850355776877	-0.00497114068409075
LYRM2	0.776146413975264	-0.00188516938904541	0.99850355776877	-0.00188516938904541
SRD5A1	0.776162410011396	0.00398864716509359	0.99850355776877	0.00398864716509359
PDE4B	0.776282437065404	-0.000822883482671239	0.99850355776877	-0.000822883482671239
VAMP2	0.776318005378942	-0.00211987225813292	0.99850355776877	-0.00211987225813292
MICALL2	0.776380663023076	0.00309008123523753	0.99850355776877	0.00309008123523753
CNTNAP1	0.776420500415015	-0.00834558457787646	0.99850355776877	-0.00834558457787646
EEF1D	0.776485682211819	-0.00168625687179603	0.99850355776877	-0.00168625687179603
APLF	0.776674356213484	0.00220451733836841	0.99850355776877	0.00220451733836841
SPTBN1	0.77671665200861	-0.00101253773367406	0.99850355776877	-0.00101253773367406
TMEM241	0.776738632847374	-0.00467534125082064	0.99850355776877	-0.00467534125082064
YJU2	0.776829025910222	-0.00339534057806526	0.99850355776877	-0.00339534057806526
HABP4	0.777002221428701	0.00243916189960445	0.99850355776877	0.00243916189960445
RHOT1	0.777054636183156	0.00141783313978792	0.99850355776877	0.00141783313978792
KMT2B	0.777071286554293	-0.00234325751201248	0.99850355776877	-0.00234325751201248
EIF1B-AS1	0.777132571555623	-0.00196313083630737	0.99850355776877	-0.00196313083630737
BBS10	0.777133077204532	-0.0044478668324869	0.99850355776877	-0.0044478668324869
AP002360.1	0.777280735642637	0.00425530576729163	0.99850355776877	0.00425530576729163
CA2	0.777473712304359	-0.00207768101593381	0.99850355776877	-0.00207768101593381
C1orf198	0.777657691140045	0.00194873939883701	0.99850355776877	0.00194873939883701
DCUN1D5	0.777858304008106	0.00324058653976688	0.99850355776877	0.00324058653976688
NKAPD1	0.777885538300086	-0.00365935246748503	0.99850355776877	-0.00365935246748503
SEC24B-AS1	0.777947956463695	-0.00393981979723758	0.99850355776877	-0.00393981979723758
HDGFL2	0.777972522385096	-0.00297732576707028	0.99850355776877	-0.00297732576707028
TBC1D5	0.778037315264153	-0.000844911435782985	0.99850355776877	-0.000844911435782985
AC105942.1	0.778054677970175	-0.00377264372189762	0.99850355776877	-0.00377264372189762
AC012063.1	0.778144612300989	0.00325624876131511	0.99850355776877	0.00325624876131511
E2F4	0.778454614684578	-0.00363441907945223	0.99850355776877	-0.00363441907945223
TMEM69	0.778526897085799	0.00361054446195181	0.99850355776877	0.00361054446195181
FAM13A-AS1	0.778552856586095	0.00217916528537827	0.99850355776877	0.00217916528537827
DNTTIP2	0.778639914003368	-0.00492779997120507	0.99850355776877	-0.00492779997120507
COIL	0.778690787868934	0.0031007932443434	0.99850355776877	0.0031007932443434
AP000462.1	0.778716372088444	-0.00596701176108204	0.99850355776877	-0.00596701176108204
SLC22A17	0.778789253763327	0.00304622380343531	0.99850355776877	0.00304622380343531
IKBKG	0.778825040854545	0.00493664858039879	0.99850355776877	0.00493664858039879
MKRN3	0.77911299132476	-0.0014531522887611	0.99850355776877	-0.0014531522887611
AC004918.1	0.77927806106616	0.00338020204388976	0.99850355776877	0.00338020204388976
GCAT	0.779279467811425	0.00440795984337891	0.99850355776877	0.00440795984337891
TMEM144	0.779343367424242	-0.000960426173226596	0.99850355776877	-0.000960426173226596
PRKAG2	0.779610450826698	0.00615458494271328	0.99850355776877	0.00615458494271328
SYT4	0.779699540828564	0.00618094528992976	0.99850355776877	0.00618094528992976
SLC4A10	0.779789237464373	0.00558835410289701	0.99850355776877	0.00558835410289701
HAUS5	0.77979173780667	-0.0030533162056211	0.99850355776877	-0.0030533162056211
CAND1	0.780048082155121	-0.002151301919765	0.99850355776877	-0.002151301919765
GABRB2	0.780059407497145	-0.00545191965685445	0.99850355776877	-0.00545191965685445
ZNF490	0.780070331418752	0.00274812144950908	0.99850355776877	0.00274812144950908
COG7	0.78011618504142	0.00166413943842662	0.99850355776877	0.00166413943842662
MTRNR2L1	0.780137509896289	-0.00954933578323317	0.99850355776877	-0.00954933578323317
SCARB1	0.780217125259406	-0.00198528371452493	0.99850355776877	-0.00198528371452493
CFDP1	0.780435584940906	0.00150183167426058	0.99850355776877	0.00150183167426058
EIF2S2	0.780440612842286	-0.00223405864389548	0.99850355776877	-0.00223405864389548
TOMM20	0.780703695480573	0.00264196832543229	0.99850355776877	0.00264196832543229
HNRNPH2	0.780716494784478	-0.00415521767096015	0.99850355776877	-0.00415521767096015
LRRC4B	0.780784851454611	0.00156375763769607	0.99850355776877	0.00156375763769607
LCMT1-AS1	0.780811471919938	-0.00372100434588738	0.99850355776877	-0.00372100434588738
AL162458.1	0.78084295258231	0.00379421981174004	0.99850355776877	0.00379421981174004
LCOR	0.781219906596662	0.00106228041055351	0.99850355776877	0.00106228041055351
LIMK2	0.78141390362336	-0.00445459897816078	0.99850355776877	-0.00445459897816078
MAP2K3	0.781488438858861	0.0042916532109254	0.99850355776877	0.0042916532109254
SRPRB	0.781497474316883	-0.00249599356564589	0.99850355776877	-0.00249599356564589
USP39	0.781658936358503	0.00291884008480471	0.99850355776877	0.00291884008480471
FKTN	0.781680997207761	0.0018143237116918	0.99850355776877	0.0018143237116918
PAGR1	0.781919056297855	0.00334208780843298	0.99850355776877	0.00334208780843298
PEX13	0.781940332298352	0.00285637695515434	0.99850355776877	0.00285637695515434
PI4K2A	0.781954200922231	-0.00452238008924788	0.99850355776877	-0.00452238008924788
NOL9	0.781991013566237	-0.00270706166755718	0.99850355776877	-0.00270706166755718
SERINC5	0.782116251604409	0.00123265372424538	0.99850355776877	0.00123265372424538
ABCA3	0.782171064296892	0.00156638669819691	0.99850355776877	0.00156638669819691
MDN1	0.782188194802914	0.00191390444071543	0.99850355776877	0.00191390444071543
AL390198.1	0.782215775939023	-0.00319811800956558	0.99850355776877	-0.00319811800956558
SETMAR	0.782234735709146	0.00360483682082691	0.99850355776877	0.00360483682082691
LINC01445	0.782290339589058	0.00289556864352005	0.99850355776877	0.00289556864352005
RNF145	0.782420496357191	0.00328505653165519	0.99850355776877	0.00328505653165519
PEBP1	0.782692333618741	0.00217469413970193	0.99850355776877	0.00217469413970193
FUBP1	0.782721043338617	-0.00167505866830652	0.99850355776877	-0.00167505866830652
RELN	0.782763807993272	0.00346000207267931	0.99850355776877	0.00346000207267931
HSDL2	0.782792778135209	0.00247885948115198	0.99850355776877	0.00247885948115198
INTS9	0.782801365712207	-0.0018904304812107	0.99850355776877	-0.0018904304812107
INIP	0.782839747636208	-0.00183929642593308	0.99850355776877	-0.00183929642593308
AC009093.2	0.782855666287302	-0.0024232987145782	0.99850355776877	-0.0024232987145782
ALG12	0.78295083849568	-0.00394245378696644	0.99850355776877	-0.00394245378696644
LRRC49	0.782995654714262	0.00303910421208417	0.99850355776877	0.00303910421208417
AC245060.5	0.783011705539184	-0.00324114774443607	0.99850355776877	-0.00324114774443607
PPP1CB	0.783057675405827	-0.002023388496245	0.99850355776877	-0.002023388496245
PAXIP1	0.783083605077067	0.00220817968184776	0.99850355776877	0.00220817968184776
TRMT112	0.783101838193008	-0.00430157026965277	0.99850355776877	-0.00430157026965277
AC005480.1	0.783109854863942	0.00262956968351832	0.99850355776877	0.00262956968351832
WDFY2	0.78312015388198	-0.00104714685556563	0.99850355776877	-0.00104714685556563
TET3	0.783152863804288	-0.0016216064036364	0.99850355776877	-0.0016216064036364
C21orf62-AS1	0.78318226719785	0.00182719889343073	0.99850355776877	0.00182719889343073
PSMB4	0.78336520405063	-0.00354043766965654	0.99850355776877	-0.00354043766965654
ATP5IF1	0.783558563558182	-0.00406167158702578	0.99850355776877	-0.00406167158702578
KDM5D	0.783629058155524	-0.00342848439687667	0.99850355776877	-0.00342848439687667
CNOT1	0.783650096344587	-0.00189060705227872	0.99850355776877	-0.00189060705227872
OSTM1	0.783934599138013	0.00197983969063121	0.99850355776877	0.00197983969063121
ZC3H4	0.783962696918994	0.00227038122653706	0.99850355776877	0.00227038122653706
JPH4	0.783994607076869	0.00601673895720889	0.99850355776877	0.00601673895720889
ITM2B	0.784005191595312	-0.00254057366570519	0.99850355776877	-0.00254057366570519
SNHG9	0.784052396680025	0.00439661992370754	0.99850355776877	0.00439661992370754
CHD9	0.784187548963413	0.0010278342668642	0.99850355776877	0.0010278342668642
FTL	0.784198775465596	0.00258594083063913	0.99850355776877	0.00258594083063913
AC073878.1	0.784231721539337	0.00406422464597683	0.99850355776877	0.00406422464597683
YEATS2	0.784314023527052	-0.00168955108594349	0.99850355776877	-0.00168955108594349
APBA1	0.784334012610164	-0.00129740203726706	0.99850355776877	-0.00129740203726706
PPIL2	0.784439007359049	-0.00178662928379772	0.99850355776877	-0.00178662928379772
OPA3	0.784750181589223	0.00342737656933847	0.99850355776877	0.00342737656933847
KCTD20	0.784766336713753	0.00230324692926076	0.99850355776877	0.00230324692926076
PSMB9	0.784839776174683	-0.00393066310927828	0.99850355776877	-0.00393066310927828
TMEFF1	0.784898583826378	-0.00159268771950102	0.99850355776877	-0.00159268771950102
KLHL32	0.784899133358041	0.00102756775765887	0.99850355776877	0.00102756775765887
UNC5C	0.784962571387586	-0.000926320199838315	0.99850355776877	-0.000926320199838315
DNAJC3-DT	0.785083728446908	-0.00353171845628895	0.99850355776877	-0.00353171845628895
IMPAD1	0.785198606882358	0.00223714044473843	0.99850355776877	0.00223714044473843
CEP68	0.785249567371234	-0.00241913390114638	0.99850355776877	-0.00241913390114638
RBM27	0.78527906101599	0.00157230816829684	0.99850355776877	0.00157230816829684
PIAS3	0.785324367011704	-0.00362472608713629	0.99850355776877	-0.00362472608713629
PDZD4	0.785390921547737	-0.00926124400287086	0.99850355776877	-0.00926124400287086
ANKH	0.785435206355133	0.00109629430647694	0.99850355776877	0.00109629430647694
TRIM8	0.785477578418036	-0.00204738718815883	0.99850355776877	-0.00204738718815883
VIPAS39	0.78555640904523	-0.00273233226625493	0.99850355776877	-0.00273233226625493
CYREN	0.785598196928094	0.00185280955846196	0.99850355776877	0.00185280955846196
MCF2L2	0.785735581976756	-0.00222360729582888	0.99850355776877	-0.00222360729582888
GALT	0.785874611241389	-0.00328943973135395	0.99850355776877	-0.00328943973135395
STX4	0.785910390917836	0.00290394878781816	0.99850355776877	0.00290394878781816
PIP4K2B	0.786062278170438	0.00223516620046901	0.99850355776877	0.00223516620046901
STXBP5L	0.786198882991657	0.00517807407346661	0.99850355776877	0.00517807407346661
MRPS21	0.786307119416836	-0.00317527098968887	0.99850355776877	-0.00317527098968887
ZNHIT3	0.786553813242158	-0.00379757159686911	0.99850355776877	-0.00379757159686911
TUBGCP3	0.786906405996288	0.00188264288007502	0.99850355776877	0.00188264288007502
MRFAP1	0.786953232649685	0.00355327992175465	0.99850355776877	0.00355327992175465
CMC1	0.787000680963834	0.00219462207091411	0.99850355776877	0.00219462207091411
RNPS1	0.787078908953962	0.00200519337091211	0.99850355776877	0.00200519337091211
RRP1B	0.787115948252096	-0.00231875886187192	0.99850355776877	-0.00231875886187192
PLPP7	0.787217779365116	-0.00279612853376308	0.99850355776877	-0.00279612853376308
STARD4	0.787361305283072	0.00478888746034581	0.99850355776877	0.00478888746034581
SNHG8	0.78736187035411	-0.00491254909863764	0.99850355776877	-0.00491254909863764
OTUD1	0.787650197723261	0.00433002811332618	0.99850355776877	0.00433002811332618
ATRNL1	0.787709938888798	-0.00612676349963412	0.99850355776877	-0.00612676349963412
SUGT1	0.788029030323155	0.00156031741379619	0.99850355776877	0.00156031741379619
MRPL19	0.78819756310085	-0.00219508682516291	0.99850355776877	-0.00219508682516291
PRDX5	0.788207337050511	0.00575779120047628	0.99850355776877	0.00575779120047628
PICALM	0.788296448908701	-0.000854721576406965	0.99850355776877	-0.000854721576406965
CYC1	0.788378058251627	0.00474672758786258	0.99850355776877	0.00474672758786258
NDUFB4	0.78851659131148	-0.0045202473605183	0.99850355776877	-0.0045202473605183
ARL6IP4	0.788559476497848	0.00235625703107908	0.99850355776877	0.00235625703107908
CCDC66	0.788568924407616	0.00122545151437738	0.99850355776877	0.00122545151437738
ZNF776	0.788575148526539	-0.00454591874818243	0.99850355776877	-0.00454591874818243
OTUD3	0.788635106924003	-0.00351181787404987	0.99850355776877	-0.00351181787404987
ALS2	0.788660746740762	-0.00258394991323396	0.99850355776877	-0.00258394991323396
MTERF2	0.788892448744145	-0.00373066685126639	0.99850355776877	-0.00373066685126639
STUB1	0.789293655434614	0.0037089501767956	0.99850355776877	0.0037089501767956
PLEKHA8	0.789393573835926	-0.0023350144441775	0.99850355776877	-0.0023350144441775
CYB561D1	0.78941267595144	-0.00409756170209235	0.99850355776877	-0.00409756170209235
TSPO	0.789422358741408	0.00424891013133918	0.99850355776877	0.00424891013133918
COMT	0.789425601449997	0.0019844078984079	0.99850355776877	0.0019844078984079
ZC3H10	0.789494505509017	0.00395360930885525	0.99850355776877	0.00395360930885525
CCAR2	0.789539435565842	-0.00378895416966822	0.99850355776877	-0.00378895416966822
NLGN1	0.789544974817836	-0.00106409090727258	0.99850355776877	-0.00106409090727258
SEC14L5	0.789578747444728	-0.0014415698368677	0.99850355776877	-0.0014415698368677
ZNF654	0.789664574334289	-0.0017454857299125	0.99850355776877	-0.0017454857299125
ZNF579	0.789678409931031	-0.00383111603616264	0.99850355776877	-0.00383111603616264
POGK	0.789706970157385	0.00206277151166916	0.99850355776877	0.00206277151166916
SSBP4	0.789776160822006	-0.00620129057111928	0.99850355776877	-0.00620129057111928
SERTAD2	0.789883624867855	-0.00176198012665257	0.99850355776877	-0.00176198012665257
P4HTM	0.78988607001475	-0.00320178112597307	0.99850355776877	-0.00320178112597307
UBTD1	0.789939394166007	0.00253715117381448	0.99850355776877	0.00253715117381448
AP006621.3	0.789974556253712	-0.00264655181252352	0.99850355776877	-0.00264655181252352
REL	0.79011892891876	-0.00389436942193029	0.99850355776877	-0.00389436942193029
CAD	0.790223700752128	-0.00302388175631809	0.99850355776877	-0.00302388175631809
KLF6	0.790243388907315	0.00404349526902395	0.99850355776877	0.00404349526902395
LINC00630	0.790304095877182	-0.003119256794047	0.99850355776877	-0.003119256794047
PBX3	0.790383809325566	-0.00152297371777609	0.99850355776877	-0.00152297371777609
MPRIP	0.79040187821119	-0.00110051042904243	0.99850355776877	-0.00110051042904243
VPS37C	0.79040878075351	-0.00291267940573726	0.99850355776877	-0.00291267940573726
NAPB	0.790582903489996	0.00364607046831535	0.99850355776877	0.00364607046831535
ABCC1	0.790638474808516	-0.00444575593608014	0.99850355776877	-0.00444575593608014
SUB1	0.790754933995752	0.00289787579111239	0.99850355776877	0.00289787579111239
SLC39A1	0.790792210605012	0.0047539579356778	0.99850355776877	0.0047539579356778
ABCF1	0.79081788841945	-0.00227239757768201	0.99850355776877	-0.00227239757768201
ABHD2	0.790831832531439	0.00257641752727471	0.99850355776877	0.00257641752727471
MRVI1-AS1	0.790853683421671	-0.00392609646741961	0.99850355776877	-0.00392609646741961
COMMD7	0.79096165563824	0.00276553761656758	0.99850355776877	0.00276553761656758
MGAT5	0.791130477525506	0.0014386106614326	0.99850355776877	0.0014386106614326
ZNF75A	0.791353171379705	0.00172996748446538	0.99850355776877	0.00172996748446538
PSMD7	0.791430978425086	0.00279414350970853	0.99850355776877	0.00279414350970853
TTTY14	0.791478430250553	-0.00273583367614697	0.99850355776877	-0.00273583367614697
PLEKHG1	0.791735572928264	0.00343201726266745	0.99850355776877	0.00343201726266745
VAC14	0.791755434638992	-0.00246222095788456	0.99850355776877	-0.00246222095788456
AP3S1	0.79193948735895	0.00234977540536176	0.99850355776877	0.00234977540536176
SRRM3	0.792022081702637	0.0050049259756644	0.99850355776877	0.0050049259756644
MRPL50	0.79205580729816	-0.00531020325081323	0.99850355776877	-0.00531020325081323
AC007785.1	0.79233710861705	0.00298058701932643	0.99850355776877	0.00298058701932643
CTSA	0.79267863788696	-0.00464148276237597	0.99850355776877	-0.00464148276237597
SYNC	0.792679848110987	-0.00601952451141839	0.99850355776877	-0.00601952451141839
ZNF487	0.792704762016961	0.00347894737889064	0.99850355776877	0.00347894737889064
INPP1	0.792726314359203	0.00174812375081751	0.99850355776877	0.00174812375081751
INTS6L	0.79273850010267	0.0026395313825958	0.99850355776877	0.0026395313825958
CPEB2	0.792767464766195	0.00109344921495257	0.99850355776877	0.00109344921495257
AC034195.1	0.792882841395734	0.00235261953841184	0.99850355776877	0.00235261953841184
RPARP-AS1	0.79290206963886	0.00525394246026382	0.99850355776877	0.00525394246026382
REPS2	0.792942579311161	-0.00144306275163053	0.99850355776877	-0.00144306275163053
ADGRL1	0.793197405349152	-0.00187093744874168	0.99850355776877	-0.00187093744874168
SLC31A2	0.793253775247677	0.0013608443628761	0.99850355776877	0.0013608443628761
GRIN1	0.793262399905577	0.00511288202096166	0.99850355776877	0.00511288202096166
HSF1	0.793283286979664	0.00197042225093964	0.99850355776877	0.00197042225093964
ETF1	0.793299766420977	0.00254028206958776	0.99850355776877	0.00254028206958776
SLC6A12	0.79330362980867	-0.00348991240502131	0.99850355776877	-0.00348991240502131
ARHGEF37	0.793342048982414	0.00165712700676026	0.99850355776877	0.00165712700676026
ADGRE2	0.793508656758508	-0.00273263871428166	0.99850355776877	-0.00273263871428166
LIMS1	0.794047344467728	0.00152777018763374	0.99850355776877	0.00152777018763374
MTMR10	0.79409726492025	0.00122645589774505	0.99850355776877	0.00122645589774505
MOCS2	0.79414837860201	-0.00414173478844093	0.99850355776877	-0.00414173478844093
EHMT1	0.794166905164541	0.00125544493849378	0.99850355776877	0.00125544493849378
UBL7	0.794183180458245	-0.00406238091314726	0.99850355776877	-0.00406238091314726
ZNF445	0.794293795961597	-0.00212336369940156	0.99850355776877	-0.00212336369940156
TBL3	0.794320289125775	-0.00436195382055716	0.99850355776877	-0.00436195382055716
PSMG2	0.794346311022414	0.00197950570110781	0.99850355776877	0.00197950570110781
SF3A3	0.794583789816015	0.002748963738084	0.99850355776877	0.002748963738084
TOX	0.794587737502885	-0.00548783972100029	0.99850355776877	-0.00548783972100029
AL365295.1	0.79460163625731	-0.002745242708101	0.99850355776877	-0.002745242708101
GNB2	0.794800108275721	-0.00393280770613748	0.99850355776877	-0.00393280770613748
ZNF436-AS1	0.794821783810458	0.00483625195551908	0.99850355776877	0.00483625195551908
TMBIM1	0.795003467803594	-0.00252779066220336	0.99850355776877	-0.00252779066220336
KYAT3	0.795388360207212	0.00187335069692531	0.99850355776877	0.00187335069692531
ITGB1	0.795415224963602	0.00198634396924392	0.99850355776877	0.00198634396924392
KIAA1143	0.795498782544214	-0.00316489991831263	0.99850355776877	-0.00316489991831263
STAT5B	0.795507979591279	-0.00132266252696971	0.99850355776877	-0.00132266252696971
AKAP8	0.795750689573473	0.00224962573583154	0.99850355776877	0.00224962573583154
ASXL2	0.795851030231389	-0.0015231998405636	0.99850355776877	-0.0015231998405636
QTRT2	0.795894284123959	0.00352620781064962	0.99850355776877	0.00352620781064962
NIPSNAP1	0.795934866937702	-0.00325332616189134	0.99850355776877	-0.00325332616189134
PCBP3	0.79600629170135	-0.00283702416545329	0.99850355776877	-0.00283702416545329
FH	0.796038399110824	-0.00447211781118095	0.99850355776877	-0.00447211781118095
MTDH	0.796088959904487	0.00111765097019021	0.99850355776877	0.00111765097019021
ZNF506	0.796156196033937	0.00164950969386442	0.99850355776877	0.00164950969386442
STXBP3	0.796277387329165	-0.00119161399462803	0.99850355776877	-0.00119161399462803
GOT1	0.796312728606862	0.00273170608933223	0.99850355776877	0.00273170608933223
EDC3	0.796346638834252	0.00251416761230377	0.99850355776877	0.00251416761230377
TRAF3IP1	0.796364310343833	0.00252598633418503	0.99850355776877	0.00252598633418503
IFT57	0.79641512519693	-0.00356081792569183	0.99850355776877	-0.00356081792569183
SLC20A2	0.796455765699385	0.00112204263534689	0.99850355776877	0.00112204263534689
POLR2G	0.796465617962812	-0.00414902239205645	0.99850355776877	-0.00414902239205645
LOXL2	0.796558783907273	-0.00308556334067475	0.99850355776877	-0.00308556334067475
POLE2	0.796575768718031	-0.00333716303707067	0.99850355776877	-0.00333716303707067
RAB5IF	0.796643269657228	0.00452322502448782	0.99850355776877	0.00452322502448782
NT5C3A	0.796778505430519	-0.00211333779868092	0.99850355776877	-0.00211333779868092
PSMB7	0.796789392495384	-0.00214492468706566	0.99850355776877	-0.00214492468706566
DNAJC12	0.796832256203547	-0.00398427121020856	0.99850355776877	-0.00398427121020856
KIAA0355	0.797228136777583	-0.00153506313117087	0.99850355776877	-0.00153506313117087
TTF2	0.797234276554822	-0.00235527885732917	0.99850355776877	-0.00235527885732917
KIF27	0.797282629655703	0.00238258595367678	0.99850355776877	0.00238258595367678
DCAF5	0.797426411065536	0.00140401933362727	0.99850355776877	0.00140401933362727
NEURL4	0.797529880084493	-0.00338324216935029	0.99850355776877	-0.00338324216935029
SCAPER	0.797544575032753	-0.00112067196091991	0.99850355776877	-0.00112067196091991
FSIP2-AS1	0.797699150029496	0.0024916092517587	0.99850355776877	0.0024916092517587
ASH1L	0.797855322309825	-0.000918984211262749	0.99850355776877	-0.000918984211262749
TMEM120A	0.797888332276083	0.00266661631753971	0.99850355776877	0.00266661631753971
SMARCA5	0.797891702956761	-0.00154976560018193	0.99850355776877	-0.00154976560018193
ZNF653	0.798010113772669	-0.00332854262094187	0.99850355776877	-0.00332854262094187
CCDC159	0.798033554702918	0.00203193656346888	0.99850355776877	0.00203193656346888
FAM3A	0.798035255876814	0.00274732710552785	0.99850355776877	0.00274732710552785
DCAF12	0.798066983547633	0.00284451678567633	0.99850355776877	0.00284451678567633
ABI1	0.798096472210243	0.00292419414790763	0.99850355776877	0.00292419414790763
GAPDH	0.798362315364201	-0.00347008749966988	0.99850355776877	-0.00347008749966988
YWHAG	0.798542071761219	-0.00271149702318345	0.99850355776877	-0.00271149702318345
AOPEP	0.798801491424847	-0.000867635630317373	0.99850355776877	-0.000867635630317373
LINC02798	0.798884182936753	-0.00325178344982752	0.99850355776877	-0.00325178344982752
MED12	0.798893327357823	0.00299252227882511	0.99850355776877	0.00299252227882511
ZCWPW2	0.799132558479278	-0.00238253075752457	0.99850355776877	-0.00238253075752457
EID2B	0.799140861845384	-0.00386893482564984	0.99850355776877	-0.00386893482564984
MEGF8	0.799310710196008	0.00256284200329115	0.99850355776877	0.00256284200329115
FBXW4	0.799326380093501	-0.00156219400408089	0.99850355776877	-0.00156219400408089
NUP58	0.799338157731142	0.00154558131522898	0.99850355776877	0.00154558131522898
LACC1	0.799386282706879	-0.00259090675808102	0.99850355776877	-0.00259090675808102
MYH9	0.799417849134903	-0.00173636340620737	0.99850355776877	-0.00173636340620737
ZNF836	0.799430141404159	0.00414007872586881	0.99850355776877	0.00414007872586881
RANGAP1	0.799442767062362	0.00165045966505567	0.99850355776877	0.00165045966505567
SIPA1L2	0.799445499964972	-0.00319288219521549	0.99850355776877	-0.00319288219521549
VPS35	0.799472004290325	-0.00268017966557314	0.99850355776877	-0.00268017966557314
ASB6	0.799540203687959	-0.00454321884130857	0.99850355776877	-0.00454321884130857
PAXBP1	0.799676339038867	-0.0015185971990498	0.99850355776877	-0.0015185971990498
NME3	0.799734299549859	-0.00228737031458115	0.99850355776877	-0.00228737031458115
LINC01630	0.799742622385423	-0.00135850226435172	0.99850355776877	-0.00135850226435172
DHX35	0.799908091224582	0.00233795702600586	0.99850355776877	0.00233795702600586
AL513166.1	0.800123977945106	-0.0045970807786262	0.99850355776877	-0.0045970807786262
YWHAQ	0.800389491261067	0.001182930577599	0.99850355776877	0.001182930577599
EPB41L3	0.800435757917184	0.00240721475383402	0.99850355776877	0.00240721475383402
CLU	0.800457343985584	0.0044768697137153	0.99850355776877	0.0044768697137153
SRP54	0.80052911968794	-0.00180269082472132	0.99850355776877	-0.00180269082472132
VMA21	0.800580486614265	0.00299309680885434	0.99850355776877	0.00299309680885434
NUPR1	0.800627530712411	-0.0037620525326703	0.99850355776877	-0.0037620525326703
TRPC4AP	0.800895463023946	0.00109639466145934	0.99850355776877	0.00109639466145934
ODF2	0.800929395493523	0.00218366317843141	0.99850355776877	0.00218366317843141
SSR3	0.80106294304755	0.0026016592878333	0.99850355776877	0.0026016592878333
CCDC88A	0.801096236299988	-0.00104090837345911	0.99850355776877	-0.00104090837345911
SRI	0.801097220593282	-0.00366933783553002	0.99850355776877	-0.00366933783553002
GATM	0.80109782554813	0.00130465038446029	0.99850355776877	0.00130465038446029
EXT1	0.80134810357521	-0.00144863376591243	0.99850355776877	-0.00144863376591243
COA3	0.801463226799253	0.0050679194883565	0.99850355776877	0.0050679194883565
CTBP1-DT	0.801525597628277	0.00264110487932915	0.99850355776877	0.00264110487932915
GPATCH1	0.801535715736034	-0.00271154278317256	0.99850355776877	-0.00271154278317256
ZC3H7A	0.80162254657078	0.00185407132731392	0.99850355776877	0.00185407132731392
TBL1X	0.801640130687958	0.00155730768395425	0.99850355776877	0.00155730768395425
HEATR3	0.801720376487141	-0.00241584648241006	0.99850355776877	-0.00241584648241006
FAM120B	0.801802191660661	0.00117634856078094	0.99850355776877	0.00117634856078094
ASB3	0.801913658415687	-0.00121941403235218	0.99850355776877	-0.00121941403235218
DMAC2	0.802145503160612	0.00432304268073171	0.99850355776877	0.00432304268073171
FAM104B	0.802163104369237	-0.00398189136085993	0.99850355776877	-0.00398189136085993
VPS13B	0.802201358432846	-0.000969259035590915	0.99850355776877	-0.000969259035590915
STK11	0.802374844043279	0.00251064254797781	0.99850355776877	0.00251064254797781
AL353151.2	0.802448832112455	-0.00293980523212533	0.99850355776877	-0.00293980523212533
CEPT1	0.802466974342168	-0.00183010875760105	0.99850355776877	-0.00183010875760105
MBP	0.802515336935674	-0.000772354992703579	0.99850355776877	-0.000772354992703579
NAA10	0.802781318168042	-0.00240254100363253	0.99850355776877	-0.00240254100363253
NACA	0.802846396932935	0.0026623609157401	0.99850355776877	0.0026623609157401
PLCL1	0.802851976952681	-0.000772549133977878	0.99850355776877	-0.000772549133977878
DUSP26	0.80287984797567	0.00476614195259335	0.99850355776877	0.00476614195259335
TMEM160	0.802949627954827	-0.00489159518333791	0.99850355776877	-0.00489159518333791
AIFM2	0.803013338658347	0.00358574081370501	0.99850355776877	0.00358574081370501
GPR89B	0.803036027715286	0.00247740592378603	0.99850355776877	0.00247740592378603
ZNF713	0.803223170102461	-0.00220903986531479	0.99850355776877	-0.00220903986531479
MMUT	0.803372124377658	0.00243270163610347	0.99850355776877	0.00243270163610347
RNPEP	0.803655342119225	-0.00341741806392208	0.99850355776877	-0.00341741806392208
NASP	0.803701525790505	0.0013170615826801	0.99850355776877	0.0013170615826801
DEDD2	0.804086014555673	0.00462139896911699	0.99850355776877	0.00462139896911699
TLN2	0.804247704479847	-0.00171900297121937	0.99850355776877	-0.00171900297121937
HDAC7	0.804291108148132	0.00204429939610022	0.99850355776877	0.00204429939610022
CABIN1	0.804293538916803	-0.00187703503304396	0.99850355776877	-0.00187703503304396
KIAA1586	0.804357672899986	0.00339891196589529	0.99850355776877	0.00339891196589529
WASL	0.804499971985847	0.00220853492772933	0.99850355776877	0.00220853492772933
DYNLRB1	0.804542025336366	0.00332708202374859	0.99850355776877	0.00332708202374859
CYLD	0.804738358285499	-0.00118156124059069	0.99850355776877	-0.00118156124059069
YTHDF3	0.804962260017208	0.00178069659211875	0.99850355776877	0.00178069659211875
SDR39U1	0.804996648968272	-0.00299630224639005	0.99850355776877	-0.00299630224639005
IPPK	0.805105276604652	-0.00227540728624791	0.99850355776877	-0.00227540728624791
NSA2	0.805179224512426	0.00268404497354093	0.99850355776877	0.00268404497354093
RAD51C	0.805227709437381	-0.00187428586789417	0.99850355776877	-0.00187428586789417
SHKBP1	0.805310359930209	0.0030182811586471	0.99850355776877	0.0030182811586471
TULP4	0.805590923891582	-0.00101132327974063	0.99850355776877	-0.00101132327974063
RAB33A	0.805637189816236	0.0029183056075646	0.99850355776877	0.0029183056075646
MAK	0.805733610818792	0.00474705608336051	0.99850355776877	0.00474705608336051
ZFP41	0.805945894402335	0.00337247276361076	0.99850355776877	0.00337247276361076
TUBD1	0.8059700496224	-0.00199642497481569	0.99850355776877	-0.00199642497481569
PTBP1	0.806092565415051	0.00230901222444114	0.99850355776877	0.00230901222444114
OSTF1	0.806368735174539	-0.00189308316014366	0.99850355776877	-0.00189308316014366
ACP1	0.806536496148664	0.00241816828296542	0.99850355776877	0.00241816828296542
SCAMP4	0.80660126770476	0.00209393353099561	0.99850355776877	0.00209393353099561
SLC41A1	0.806661007688926	-0.00309827689055189	0.99850355776877	-0.00309827689055189
CBX4	0.806755289186528	0.00241092807772318	0.99850355776877	0.00241092807772318
AC018647.1	0.806767542936692	0.00240966272826231	0.99850355776877	0.00240966272826231
NDUFB11	0.807108851873698	0.00516588490980821	0.99850355776877	0.00516588490980821
RAB7A	0.80727734432167	0.00123398056046441	0.99850355776877	0.00123398056046441
HM13	0.807316444264635	0.00154834859043448	0.99850355776877	0.00154834859043448
NBEA	0.807403272828854	0.00207176787065837	0.99850355776877	0.00207176787065837
CENPJ	0.807418825371915	-0.00233781976392357	0.99850355776877	-0.00233781976392357
TMEM116	0.807715412274936	0.00237631773056138	0.99850355776877	0.00237631773056138
PTPN2	0.807766831523836	0.00195669534939773	0.99850355776877	0.00195669534939773
MOB2	0.807779830324232	-0.00165332278496071	0.99850355776877	-0.00165332278496071
LPP	0.808010133241013	0.00123125406802075	0.99850355776877	0.00123125406802075
TOB1	0.808078041595588	0.00242838562301899	0.99850355776877	0.00242838562301899
USP33	0.80810245350533	-0.000999095382770672	0.99850355776877	-0.000999095382770672
NSMCE2	0.808110263756158	0.000900935628806381	0.99850355776877	0.000900935628806381
ZKSCAN1	0.808221585649133	0.00118225433370636	0.99850355776877	0.00118225433370636
FBXW2	0.808244361950565	0.00210378200942217	0.99850355776877	0.00210378200942217
LIMA1	0.808493568029425	0.00205669763482514	0.99850355776877	0.00205669763482514
KCNMB4	0.80854307539615	0.00128597789775477	0.99850355776877	0.00128597789775477
COPS6	0.80863800282135	0.0021463815063088	0.99850355776877	0.0021463815063088
RAMP1	0.808785970578532	0.00470554179639076	0.99850355776877	0.00470554179639076
KIF1BP	0.808789988143957	0.00277484837461131	0.99850355776877	0.00277484837461131
RNASEH2C	0.808841974138706	-0.00297515252870754	0.99850355776877	-0.00297515252870754
PRDX1	0.808867263874008	-0.00307391799020611	0.99850355776877	-0.00307391799020611
METTL23	0.808915833208609	0.00256232254643473	0.99850355776877	0.00256232254643473
TAF9B	0.808968306875594	0.0045804784778081	0.99850355776877	0.0045804784778081
SNX22	0.809017829168442	0.0029398365272323	0.99850355776877	0.0029398365272323
PINK1	0.809131594055755	-0.00471639786016348	0.99850355776877	-0.00471639786016348
VAMP3	0.809214412501047	-0.00277828824273873	0.99850355776877	-0.00277828824273873
PRKAR1B	0.809263783046273	-0.0052812766401188	0.99850355776877	-0.0052812766401188
KIAA0825	0.809307741743732	0.00239959210089193	0.99850355776877	0.00239959210089193
ENTPD1-AS1	0.809326269778774	0.00144607173875493	0.99850355776877	0.00144607173875493
ZFP37	0.80932760862526	-0.00271882772658489	0.99850355776877	-0.00271882772658489
UBXN1	0.809514944018765	-0.00323993873881113	0.99850355776877	-0.00323993873881113
FGF17	0.80968823897705	-0.00730635007053647	0.99850355776877	-0.00730635007053647
ALMS1	0.809732641044248	-0.00149852908287836	0.99850355776877	-0.00149852908287836
NMT1	0.809917511399951	0.00179200436257786	0.99850355776877	0.00179200436257786
MUTYH	0.80992906271762	0.00212460533204602	0.99850355776877	0.00212460533204602
ZNF417	0.809955198632925	-0.00244249880626895	0.99850355776877	-0.00244249880626895
ATRX	0.810005582754984	-0.00100988385028984	0.99850355776877	-0.00100988385028984
ARNTL	0.810109501246852	0.00395217651014674	0.99850355776877	0.00395217651014674
PNMA2	0.810117004427319	-0.00528475474790009	0.99850355776877	-0.00528475474790009
BZW2	0.810321171791557	0.00293039203169585	0.99850355776877	0.00293039203169585
PAG1	0.810447795106217	0.00149427519821757	0.99850355776877	0.00149427519821757
HDAC2-AS2	0.81046485056953	0.0010014526498571	0.99850355776877	0.0010014526498571
ETV5	0.810579868928334	-0.00317833831378943	0.99850355776877	-0.00317833831378943
RWDD4	0.810628328130612	-0.00290179763008355	0.99850355776877	-0.00290179763008355
RAB1B	0.810649557460479	-0.0029393191833751	0.99850355776877	-0.0029393191833751
FAM214A	0.810796090789654	-0.00147793732930185	0.99850355776877	-0.00147793732930185
AC104162.2	0.810836736901512	-0.00389774480817198	0.99850355776877	-0.00389774480817198
SCGB2B2	0.811018426597311	-0.00153995274121647	0.99850355776877	-0.00153995274121647
ZFYVE1	0.811428270320374	-0.00191196612711945	0.99850355776877	-0.00191196612711945
CEBPZOS	0.811507158108054	0.00162418220539363	0.99850355776877	0.00162418220539363
AC107223.1	0.811634151061978	-0.00356625413453255	0.99850355776877	-0.00356625413453255
IGSF8	0.811662814894249	0.00188052022411353	0.99850355776877	0.00188052022411353
CAMSAP2	0.811807785851877	-0.00126727597786356	0.99850355776877	-0.00126727597786356
MSL3	0.811861044338771	-0.00357661633859792	0.99850355776877	-0.00357661633859792
SEPSECS	0.811914767645793	0.00264156416455447	0.99850355776877	0.00264156416455447
ZNF25	0.811972265398217	0.00181949983537799	0.99850355776877	0.00181949983537799
EPN2	0.812049866287251	0.000791216040585592	0.99850355776877	0.000791216040585592
SPTY2D1	0.81222955422543	-0.00330665308940615	0.99850355776877	-0.00330665308940615
SSR4	0.812242015387995	0.00333499297775475	0.99850355776877	0.00333499297775475
ADAMTS14	0.812280752248864	-0.00243490054209988	0.99850355776877	-0.00243490054209988
ACOT7	0.812285383169424	-0.0028178505598459	0.99850355776877	-0.0028178505598459
LINC01792	0.812396856647586	-0.00158258228314715	0.99850355776877	-0.00158258228314715
FHIT	0.812435955681375	0.000850803154052614	0.99850355776877	0.000850803154052614
NBN	0.812736031128725	-0.00224265284885465	0.99850355776877	-0.00224265284885465
ACADSB	0.8128074978821	0.00156808910182847	0.99850355776877	0.00156808910182847
TAF11	0.812810835918756	-0.00213651561319967	0.99850355776877	-0.00213651561319967
MTREX	0.812813061723838	0.00132240382471501	0.99850355776877	0.00132240382471501
PRIM2	0.81297313283405	-0.00190715826739517	0.99850355776877	-0.00190715826739517
EIF3J-DT	0.81299686784631	0.00178550246910941	0.99850355776877	0.00178550246910941
NOP2	0.813164547463061	0.00336923337384507	0.99850355776877	0.00336923337384507
ARMC1	0.813205015173084	0.00178424784196278	0.99850355776877	0.00178424784196278
NDUFA8	0.813234944078027	-0.00512202266252289	0.99850355776877	-0.00512202266252289
MLF1	0.813265427987508	-0.00334745732998197	0.99850355776877	-0.00334745732998197
AHCYL2	0.813303494774364	-0.00140011705194496	0.99850355776877	-0.00140011705194496
FBXL15	0.813377602021454	-0.00529562680391574	0.99850355776877	-0.00529562680391574
NUMB	0.813434790431699	0.00154013003439732	0.99850355776877	0.00154013003439732
ZNF236-DT	0.813447871690126	0.00297477611443284	0.99850355776877	0.00297477611443284
CIT	0.813547013707229	0.00498211920078605	0.99850355776877	0.00498211920078605
NOC4L	0.813583399342056	0.00381722057409452	0.99850355776877	0.00381722057409452
AC012178.1	0.81376626819995	-0.00180017747310202	0.99850355776877	-0.00180017747310202
CEBPZ	0.814369691705498	0.0023317936028112	0.99850355776877	0.0023317936028112
FAM53A	0.814416178563301	-0.00319164655452096	0.99850355776877	-0.00319164655452096
ACOX3	0.81443809178692	0.00202337647859921	0.99850355776877	0.00202337647859921
RPL13A	0.814477761678408	0.00269528022406402	0.99850355776877	0.00269528022406402
TBC1D14	0.814512195755498	0.00148446715037776	0.99850355776877	0.00148446715037776
WDR37	0.814607363993171	-0.00116371490293826	0.99850355776877	-0.00116371490293826
RTRAF	0.814650070163934	0.00274359974945834	0.99850355776877	0.00274359974945834
ENGASE	0.814721942610738	-0.00251072660039251	0.99850355776877	-0.00251072660039251
METTL21A	0.814788049171743	-0.00251352067504363	0.99850355776877	-0.00251352067504363
AC115622.1	0.814827433890363	0.00202286495510382	0.99850355776877	0.00202286495510382
ZNF484	0.814867010472874	-0.00250515551463393	0.99850355776877	-0.00250515551463393
NIPAL3	0.814890884695655	0.00106845356376353	0.99850355776877	0.00106845356376353
AC009318.1	0.815313432802448	-0.00355556939578604	0.99850355776877	-0.00355556939578604
UBAP1L	0.815382870607409	0.00159568331255343	0.99850355776877	0.00159568331255343
RFC1	0.815462273380936	-0.0012281840606199	0.99850355776877	-0.0012281840606199
UBXN2B	0.815472674803901	0.00193386876476998	0.99850355776877	0.00193386876476998
PAPOLG	0.815483319849724	0.00201729520345469	0.99850355776877	0.00201729520345469
LYNX1	0.815576794866213	-0.00339946705414507	0.99850355776877	-0.00339946705414507
HECW1	0.815798966102369	0.00469319791738087	0.99850355776877	0.00469319791738087
HIVEP3	0.815810455853459	0.00171378407577741	0.99850355776877	0.00171378407577741
MBNL3	0.815822082630592	-0.00315564256692432	0.99850355776877	-0.00315564256692432
ZNF160	0.815829977137772	0.00183553107386277	0.99850355776877	0.00183553107386277
FARP1	0.816187943235862	0.00492611277942359	0.99850355776877	0.00492611277942359
PTN	0.816214630111716	-0.00161202260246184	0.99850355776877	-0.00161202260246184
SCNN1D	0.816299857646511	0.00358770380242951	0.99850355776877	0.00358770380242951
GIGYF1	0.816656005141621	0.00151012882259962	0.99850355776877	0.00151012882259962
MIR34AHG	0.816738704060848	0.00406409229264821	0.99850355776877	0.00406409229264821
CHN2	0.816741189587252	0.00283049989075431	0.99850355776877	0.00283049989075431
ARMC8	0.816764739902311	-0.00117169869152718	0.99850355776877	-0.00117169869152718
APMAP	0.816938503798955	0.00307328150923308	0.99850355776877	0.00307328150923308
SBNO1	0.817104016891283	-0.00134490118447325	0.99850355776877	-0.00134490118447325
ZNF438	0.81712997410572	-0.00154810585547586	0.99850355776877	-0.00154810585547586
APTR	0.817246954845962	0.00197361437852306	0.99850355776877	0.00197361437852306
CTSB	0.817432428839051	0.00428422427062624	0.99850355776877	0.00428422427062624
CRYAB	0.817451815987968	-0.00220641357261919	0.99850355776877	-0.00220641357261919
THOC7	0.81754971304726	-0.00262679207369335	0.99850355776877	-0.00262679207369335
ZNF596	0.817735806261501	-0.00320765190916962	0.99850355776877	-0.00320765190916962
CANT1	0.817853262467585	0.0031539492557552	0.99850355776877	0.0031539492557552
MTG2	0.817866488198385	-0.00177609274646792	0.99850355776877	-0.00177609274646792
ZNF701	0.817911704105507	0.00242104077853019	0.99850355776877	0.00242104077853019
GDAP2	0.817928092957632	0.00209212034507803	0.99850355776877	0.00209212034507803
SNF8	0.817934187890931	-0.00220368328107184	0.99850355776877	-0.00220368328107184
SBF2	0.818135149911229	-0.000975715062688217	0.99850355776877	-0.000975715062688217
PUF60	0.818259359416959	-0.00236988776010708	0.99850355776877	-0.00236988776010708
CDYL	0.818260189078941	-0.00148055132372623	0.99850355776877	-0.00148055132372623
KLHL18	0.818265243878008	0.00192846752411677	0.99850355776877	0.00192846752411677
AFDN	0.818303049399104	-0.00114442511112412	0.99850355776877	-0.00114442511112412
FAM169A	0.818321706670868	-0.00198991024113229	0.99850355776877	-0.00198991024113229
DKC1	0.818422162137622	-0.00247756929468696	0.99850355776877	-0.00247756929468696
ZNF100	0.818575457079043	-0.00221936450923561	0.99850355776877	-0.00221936450923561
SLC9A6	0.818624848438501	0.00259309150608156	0.99850355776877	0.00259309150608156
RALA	0.818648211435907	-0.00172002654825404	0.99850355776877	-0.00172002654825404
ADAMTS8	0.81885046796792	-0.00285895478194492	0.99850355776877	-0.00285895478194492
MAGED1	0.818857968192206	-0.00199728003306654	0.99850355776877	-0.00199728003306654
LINC01378	0.818894369161071	0.00606328095218366	0.99850355776877	0.00606328095218366
KRTCAP2	0.819004142385114	0.003121572432283	0.99850355776877	0.003121572432283
PMS1	0.819092193998094	0.00152514148861071	0.99850355776877	0.00152514148861071
TMEM181	0.819140242870312	-0.00115859912262752	0.99850355776877	-0.00115859912262752
PSTK	0.819229429356044	-0.00198081489257823	0.99850355776877	-0.00198081489257823
GPSM2	0.819264767807069	-0.000971761437597128	0.99850355776877	-0.000971761437597128
WSCD1	0.819335553461547	-0.00189218561176282	0.99850355776877	-0.00189218561176282
AL683813.1	0.819343913782532	-0.00178943320383391	0.99850355776877	-0.00178943320383391
SNRPB	0.819391139356407	-0.00386189059028318	0.99850355776877	-0.00386189059028318
GLYR1	0.819437317864273	0.00131512334103057	0.99850355776877	0.00131512334103057
ITFG2	0.819531666774201	-0.00152683424729522	0.99850355776877	-0.00152683424729522
TMEM205	0.819626407707713	-0.00305805455166128	0.99850355776877	-0.00305805455166128
ZBTB26	0.819679797139556	0.00250650761702505	0.99850355776877	0.00250650761702505
SLC6A8	0.819695074160345	0.0014220121819923	0.99850355776877	0.0014220121819923
ELK1	0.819774424416266	-0.0058093145083365	0.99850355776877	-0.0058093145083365
CD63	0.819888163314654	-0.00320845423842454	0.99850355776877	-0.00320845423842454
LBR	0.819975245165237	0.00172843284201131	0.99850355776877	0.00172843284201131
AKAP11	0.820198961894521	-0.00156298047947777	0.99850355776877	-0.00156298047947777
LYSMD4	0.820338377203915	0.00213442261654065	0.99850355776877	0.00213442261654065
ATPAF2	0.820342029902794	0.00220085480562132	0.99850355776877	0.00220085480562132
SAT2	0.820531056500401	0.00279330608464674	0.99850355776877	0.00279330608464674
COQ10B	0.820615262331631	0.0022771580401702	0.99850355776877	0.0022771580401702
CRKL	0.820675453194189	0.00192334077130587	0.99850355776877	0.00192334077130587
HSD17B1	0.820797673600615	0.00285935448771738	0.99850355776877	0.00285935448771738
PTK2	0.820838586602688	-0.000761256125927546	0.99850355776877	-0.000761256125927546
ARF4	0.820877676376589	-0.00275222177881766	0.99850355776877	-0.00275222177881766
MYH11	0.821016777946719	-0.00400123323193102	0.99850355776877	-0.00400123323193102
OAZ2	0.821081589736491	0.0017549090790626	0.99850355776877	0.0017549090790626
AC023590.1	0.821107795916845	-0.00528409042803949	0.99850355776877	-0.00528409042803949
ZNF546	0.821146053721222	-0.00228992674290118	0.99850355776877	-0.00228992674290118
EXOC5	0.821272044184712	0.00134122428418071	0.99850355776877	0.00134122428418071
LRRFIP2	0.821491485437667	-0.000979957147512481	0.99850355776877	-0.000979957147512481
KLHDC1	0.821599721813597	0.0013137714857163	0.99850355776877	0.0013137714857163
AC067852.3	0.821729412485418	0.00391564944507842	0.99850355776877	0.00391564944507842
ZGRF1	0.821781273650401	0.00167727743331233	0.99850355776877	0.00167727743331233
CDH9	0.821876571216224	0.00469210351269007	0.99850355776877	0.00469210351269007
PPP3R1	0.822293655801551	0.00177102218510103	0.99850355776877	0.00177102218510103
TJP1	0.822298441171242	-0.000627117895570337	0.99850355776877	-0.000627117895570337
SAR1A	0.822384564050942	0.00218427669126579	0.99850355776877	0.00218427669126579
USP16	0.8224539448562	-0.00141677384442241	0.99850355776877	-0.00141677384442241
AC092835.1	0.822499829128235	-0.0018119307606747	0.99850355776877	-0.0018119307606747
NR3C2	0.822546889130222	0.00157748505136128	0.99850355776877	0.00157748505136128
PER3	0.822549940503419	-0.00133037824939171	0.99850355776877	-0.00133037824939171
SUCO	0.82256137657913	0.00140956445621276	0.99850355776877	0.00140956445621276
DNPEP	0.82259600709018	0.00277715605107134	0.99850355776877	0.00277715605107134
RNF126	0.822734219314128	-0.00217932389984515	0.99850355776877	-0.00217932389984515
AC079352.1	0.823038344081648	0.00134812149124344	0.99850355776877	0.00134812149124344
NUDCD2	0.82316052492722	-0.00290708478695112	0.99850355776877	-0.00290708478695112
SSNA1	0.823258845807976	0.00265825101794148	0.99850355776877	0.00265825101794148
SYT14	0.823425073296053	0.00219502631899646	0.99850355776877	0.00219502631899646
NUDT9	0.823459470106811	-0.00263604558000174	0.99850355776877	-0.00263604558000174
CDHR1	0.823503707775009	-0.00427146585985728	0.99850355776877	-0.00427146585985728
NDUFAF1	0.823640236078153	-0.002557476316477	0.99850355776877	-0.002557476316477
CDH8	0.824119024023337	0.00180661888783651	0.99850355776877	0.00180661888783651
RELCH	0.82412289550729	0.00092087202103629	0.99850355776877	0.00092087202103629
NUDT5	0.824156217502932	0.00185052479973396	0.99850355776877	0.00185052479973396
ARMCX5-GPRASP2	0.82417028086496	0.00240899477154076	0.99850355776877	0.00240899477154076
INTS4	0.82418559425469	0.00168618957843	0.99850355776877	0.00168618957843
AP002387.2	0.82438807391868	-0.00296557840196091	0.99850355776877	-0.00296557840196091
MAPRE1	0.824576009463236	0.00306572176451359	0.99850355776877	0.00306572176451359
UFM1	0.824673601730055	0.00195961360678853	0.99850355776877	0.00195961360678853
ATP6V1E1	0.824914611016658	0.00236888559832182	0.99850355776877	0.00236888559832182
TMEM14B	0.824982869736163	-0.0011364372997119	0.99850355776877	-0.0011364372997119
SUPV3L1	0.825029270177119	0.00214596740569297	0.99850355776877	0.00214596740569297
CNIH4	0.825053544607256	-0.00233853669234616	0.99850355776877	-0.00233853669234616
NDUFS3	0.825236491678812	-0.00345676092434501	0.99850355776877	-0.00345676092434501
RNF208	0.825407619007127	0.00463170324475398	0.99850355776877	0.00463170324475398
PWWP2A	0.825484991769448	0.000959038025451663	0.99850355776877	0.000959038025451663
RPL17	0.825592258804678	0.00276275010261382	0.99850355776877	0.00276275010261382
ACSBG1	0.825669812245073	0.00308836625300405	0.99850355776877	0.00308836625300405
EEFSEC	0.825751330510598	-0.00192006348715534	0.99850355776877	-0.00192006348715534
ARHGEF40	0.825903580465249	0.00211794983748882	0.99850355776877	0.00211794983748882
SNORC	0.82604006769702	0.0023614442190643	0.99850355776877	0.0023614442190643
CCT5	0.826092678267264	-0.00261800501878942	0.99850355776877	-0.00261800501878942
CCM2	0.826171778900026	-0.00145906825974401	0.99850355776877	-0.00145906825974401
USP28	0.826277514086907	0.00218970419821634	0.99850355776877	0.00218970419821634
C8orf33	0.826474524531026	0.00297581501863148	0.99850355776877	0.00297581501863148
RPL36	0.826809718914263	0.0030852438249611	0.99850355776877	0.0030852438249611
CPSF1	0.826902815241498	0.00217629686637897	0.99850355776877	0.00217629686637897
MIRLET7BHG	0.826906901107621	0.00133080382919698	0.99850355776877	0.00133080382919698
NUP54	0.826949959366891	-0.0016639354972561	0.99850355776877	-0.0016639354972561
IRF2	0.827020749762742	-0.00121601492794789	0.99850355776877	-0.00121601492794789
ACVR2B	0.827073326657145	-0.00168107225942163	0.99850355776877	-0.00168107225942163
ENTPD3-AS1	0.827262493362256	0.00138703527373072	0.99850355776877	0.00138703527373072
SOX2-OT	0.827542068945193	0.000690763573509322	0.99850355776877	0.000690763573509322
UQCR10	0.827762606463829	-0.00408310424163508	0.99850355776877	-0.00408310424163508
FBXO27	0.827864778227979	-0.00205848140038579	0.99850355776877	-0.00205848140038579
GPR137	0.827890158880986	0.00218752037144482	0.99850355776877	0.00218752037144482
SENP1	0.827902127505864	-0.00212317139948812	0.99850355776877	-0.00212317139948812
NOA1	0.827952411369211	-0.00277487197921873	0.99850355776877	-0.00277487197921873
AL442067.3	0.82797961312352	-0.00327702920347882	0.99850355776877	-0.00327702920347882
WAC	0.828058348014728	0.000819087536746305	0.99850355776877	0.000819087536746305
ADPRHL2	0.828119833422013	0.0020029844231819	0.99850355776877	0.0020029844231819
BEST1	0.828241351125782	0.00177844695677313	0.99850355776877	0.00177844695677313
CISD1	0.828512651850497	0.00309052402149996	0.99850355776877	0.00309052402149996
UBXN4	0.828519177691917	0.00103205520687651	0.99850355776877	0.00103205520687651
RELA-DT	0.828621549422024	0.00316439652420886	0.99850355776877	0.00316439652420886
RAB28	0.828741366747611	-0.00111136862754449	0.99850355776877	-0.00111136862754449
LINC01278	0.82874837275266	0.00169037062948093	0.99850355776877	0.00169037062948093
GALNT6	0.828901328379816	-0.00169387926774056	0.99850355776877	-0.00169387926774056
CAPN10	0.828930459186769	0.00341728034858192	0.99850355776877	0.00341728034858192
PSMD3	0.829021698226159	-0.00233149806996901	0.99850355776877	-0.00233149806996901
CREB3	0.829137720415992	-0.00434068596564302	0.99850355776877	-0.00434068596564302
OTUD6B	0.829148710057849	-0.00208959902073195	0.99850355776877	-0.00208959902073195
ARHGAP17	0.8293851883825	-0.0011766865758454	0.99850355776877	-0.0011766865758454
SNAP29	0.829621646743856	-0.00189754956177574	0.99850355776877	-0.00189754956177574
ABLIM1	0.829702438165854	0.0046123986933719	0.99850355776877	0.0046123986933719
NKTR	0.829754408817318	0.0010647067627111	0.99850355776877	0.0010647067627111
AC068888.1	0.829778571794133	-0.00235120561495844	0.99850355776877	-0.00235120561495844
AP004608.1	0.829875948588598	-0.00292848803169558	0.99850355776877	-0.00292848803169558
PIAS2	0.829991766296924	0.00127134530137897	0.99850355776877	0.00127134530137897
YBX1	0.830163912922955	-0.00193195276709627	0.99850355776877	-0.00193195276709627
SH3BGRL2	0.830221979328247	-0.00318480644949877	0.99850355776877	-0.00318480644949877
AC006160.1	0.830293176085877	-0.00322688255215758	0.99850355776877	-0.00322688255215758
CSTF1	0.830398948838092	0.00344944459256465	0.99850355776877	0.00344944459256465
WARS	0.830496829730876	-0.00292807680569873	0.99850355776877	-0.00292807680569873
ATRN	0.83070454452001	-0.00113345046115371	0.99850355776877	-0.00113345046115371
ZNF846	0.830713482512487	0.00219321418015939	0.99850355776877	0.00219321418015939
HERC2	0.830789473109545	-0.00105096659980116	0.99850355776877	-0.00105096659980116
ZNF770	0.830855973260059	-0.00267082964291216	0.99850355776877	-0.00267082964291216
MAD1L1	0.830906866815403	0.00138055451698581	0.99850355776877	0.00138055451698581
MRPS15	0.83096560176369	-0.0030721788338562	0.99850355776877	-0.0030721788338562
ANKRD54	0.830993432928483	-0.00239265659055915	0.99850355776877	-0.00239265659055915
NFYC	0.83107648351674	-0.00134625740272931	0.99850355776877	-0.00134625740272931
AC078909.1	0.831169665803983	0.00413208602037793	0.99850355776877	0.00413208602037793
BACE2	0.831170048168638	-0.00335844383055054	0.99850355776877	-0.00335844383055054
PELI2	0.831255687581544	0.00140595292519113	0.99850355776877	0.00140595292519113
VPS33A	0.831451184348749	0.0018792296300659	0.99850355776877	0.0018792296300659
CTU2	0.831509937177604	0.00427346615868902	0.99850355776877	0.00427346615868902
RAB10	0.831574436890349	-0.00074420302898624	0.99850355776877	-0.00074420302898624
IPO9-AS1	0.831586958451265	0.00325802088977736	0.99850355776877	0.00325802088977736
ENTR1	0.831609648600987	-0.00226086656497306	0.99850355776877	-0.00226086656497306
WDR83OS	0.831699404374684	0.00292351200175428	0.99850355776877	0.00292351200175428
AFF3	0.831727358987969	0.00326641956054515	0.99850355776877	0.00326641956054515
TMEM246	0.831917765286676	0.00246227801735269	0.99850355776877	0.00246227801735269
TTC37	0.831923408947903	-0.00100285813657347	0.99850355776877	-0.00100285813657347
TTC7B	0.831939427135142	-0.00119802685243173	0.99850355776877	-0.00119802685243173
TAOK3	0.831948950755505	-0.000768696718901844	0.99850355776877	-0.000768696718901844
MARCH1	0.832002573755815	-0.000623822954658355	0.99850355776877	-0.000623822954658355
EEF1B2	0.832096517842688	-0.00365347107861529	0.99850355776877	-0.00365347107861529
TFG	0.832111252542059	-0.00165292358750953	0.99850355776877	-0.00165292358750953
COG3	0.832132469669178	-0.00152700631417561	0.99850355776877	-0.00152700631417561
MPHOSPH9	0.832145376431818	0.00148924465118693	0.99850355776877	0.00148924465118693
GUK1	0.832159380218195	0.0020835201271489	0.99850355776877	0.0020835201271489
CD27-AS1	0.832163728094593	0.00170272217309506	0.99850355776877	0.00170272217309506
INTU	0.832273106859702	0.00254140499530237	0.99850355776877	0.00254140499530237
KIF6	0.832430395614634	0.00103710081282411	0.99850355776877	0.00103710081282411
SDHA	0.832466750829615	-0.00150666171742428	0.99850355776877	-0.00150666171742428
C3orf14	0.832545106341147	0.00366594335132629	0.99850355776877	0.00366594335132629
FAM104A	0.832984467114703	0.00317426842896451	0.99850355776877	0.00317426842896451
AF165147.1	0.833117264793024	-0.00150289940134321	0.99850355776877	-0.00150289940134321
SFMBT2	0.833475510439985	-0.00138682652631402	0.99850355776877	-0.00138682652631402
KIZ	0.833666107487591	0.000957322870183851	0.99850355776877	0.000957322870183851
BAX	0.833674059488685	-0.00296118578728762	0.99850355776877	-0.00296118578728762
OGFOD3	0.833848281349764	0.00269448225051582	0.99850355776877	0.00269448225051582
TLE1	0.833884765001895	-0.00317620824011332	0.99850355776877	-0.00317620824011332
ZNF30	0.834001004898095	0.00235324078248356	0.99850355776877	0.00235324078248356
KCNAB2	0.834007860712771	-0.0045993905760457	0.99850355776877	-0.0045993905760457
KAT6A	0.83411439567307	-0.000854641681203353	0.99850355776877	-0.000854641681203353
KNDC1	0.834117692476415	0.00474678921159949	0.99850355776877	0.00474678921159949
FEM1C	0.834134402554003	-0.00248372431378516	0.99850355776877	-0.00248372431378516
TMED10	0.834187042612951	0.0012389378928029	0.99850355776877	0.0012389378928029
SLC6A6	0.834286883605625	-0.00230441227811691	0.99850355776877	-0.00230441227811691
LYRM7	0.834372960839368	0.00157369650956921	0.99850355776877	0.00157369650956921
CHST6	0.834503948102715	-0.00233200363346557	0.99850355776877	-0.00233200363346557
CSRNP2	0.834641493739994	0.00215254093688472	0.99850355776877	0.00215254093688472
ZC3H13	0.834654147760344	-0.00115005523390991	0.99850355776877	-0.00115005523390991
DDX56	0.834884299408145	0.00223845960565413	0.99850355776877	0.00223845960565413
SCLY	0.835113732529357	0.00144106364622311	0.99850355776877	0.00144106364622311
NRBF2	0.835300283358778	-0.00296584080975261	0.99850355776877	-0.00296584080975261
ABCG1	0.83537146996523	-0.00123349744207477	0.99850355776877	-0.00123349744207477
NUP50-DT	0.835399864660704	0.00149862753886397	0.99850355776877	0.00149862753886397
AC097634.3	0.835415512235296	0.00253669474779326	0.99850355776877	0.00253669474779326
PACSIN3	0.835585206643014	-0.00388292688104481	0.99850355776877	-0.00388292688104481
SLC16A1-AS1	0.835675710523343	-0.00117693795564718	0.99850355776877	-0.00117693795564718
IKZF2	0.835685452689889	0.00120664190323311	0.99850355776877	0.00120664190323311
REV3L	0.835748973784726	-0.00102147043252281	0.99850355776877	-0.00102147043252281
MARCKS	0.835751138814513	-0.00453100076270945	0.99850355776877	-0.00453100076270945
UGT8	0.835822967720993	0.000812959812359455	0.99850355776877	0.000812959812359455
BAG4	0.835826117570762	-0.0020348329415559	0.99850355776877	-0.0020348329415559
TMEM128	0.835913405089878	0.0025896022295299	0.99850355776877	0.0025896022295299
TIMM17B	0.836046308380122	0.00430741431077939	0.99850355776877	0.00430741431077939
H1F0	0.836103211728994	-0.00372517625827886	0.99850355776877	-0.00372517625827886
EPB41L5	0.836236507090362	-0.00198920801023065	0.99850355776877	-0.00198920801023065
AC083870.1	0.836330005164959	-0.00208900076710696	0.99850355776877	-0.00208900076710696
POMP	0.836457095421433	-0.00308658436394024	0.99850355776877	-0.00308658436394024
HAUS6	0.836568723907071	-0.00221392653711205	0.99850355776877	-0.00221392653711205
CEP57	0.836689654516379	-0.00130650645652284	0.99850355776877	-0.00130650645652284
AAR2	0.836695183817857	0.00238865574525962	0.99850355776877	0.00238865574525962
POLR3A	0.837134752963202	0.00157701149244724	0.99850355776877	0.00157701149244724
SPIRE2	0.837275602299312	-0.00490388875592825	0.99850355776877	-0.00490388875592825
TMEM87A	0.837367321928404	-0.000902373403525768	0.99850355776877	-0.000902373403525768
MPHOSPH8	0.837379725066365	-0.000902490881214829	0.99850355776877	-0.000902490881214829
PDAP1	0.837383502497314	-0.00192089164457613	0.99850355776877	-0.00192089164457613
CHCHD3	0.837415495678382	-0.000985986478294991	0.99850355776877	-0.000985986478294991
PHLPP1	0.837654202898936	-0.000558794982967307	0.99850355776877	-0.000558794982967307
ARHGEF25	0.837767354551661	-0.00664434193927905	0.99850355776877	-0.00664434193927905
RPL26	0.837891620887653	-0.00335821757299276	0.99850355776877	-0.00335821757299276
LUC7L3	0.837913171191983	0.000905574216651396	0.99850355776877	0.000905574216651396
ZNF529-AS1	0.837956101765231	0.00250990562596467	0.99850355776877	0.00250990562596467
DLL1	0.83800113049235	-0.00170237684527431	0.99850355776877	-0.00170237684527431
ROBO3	0.838055855480584	0.00282797247895674	0.99850355776877	0.00282797247895674
NCBP2AS2	0.838102920885832	-0.00442150282272688	0.99850355776877	-0.00442150282272688
MCFD2	0.838401650242113	0.00259437635008495	0.99850355776877	0.00259437635008495
ZNF254	0.838444156277481	0.00116429218808472	0.99850355776877	0.00116429218808472
HNRNPA0	0.838453575780362	0.00208477518227242	0.99850355776877	0.00208477518227242
RETREG2	0.838596301089411	0.00236826912813717	0.99850355776877	0.00236826912813717
AC023787.2	0.838652185938174	0.00294617581780865	0.99850355776877	0.00294617581780865
ZNF84	0.838679516337208	0.00141184561605812	0.99850355776877	0.00141184561605812
TMEM232	0.838867061977808	-0.00308657143378004	0.99850355776877	-0.00308657143378004
USP42	0.838974349635131	0.00144501460034858	0.99850355776877	0.00144501460034858
PLD1	0.839009698615459	-0.000737961593822281	0.99850355776877	-0.000737961593822281
XKR9	0.839090923792772	0.00367917704346192	0.99850355776877	0.00367917704346192
POU2F1	0.839142906284966	0.000871610953760023	0.99850355776877	0.000871610953760023
PEX7	0.839171400882133	0.00215480007103864	0.99850355776877	0.00215480007103864
BX664615.2	0.839196761790977	0.0034258126308904	0.99850355776877	0.0034258126308904
PRPF31	0.839366147554149	-0.00195743573187914	0.99850355776877	-0.00195743573187914
DGUOK	0.839637451168523	0.00177193884318887	0.99850355776877	0.00177193884318887
AC092910.3	0.839697083853634	-0.00206515154211803	0.99850355776877	-0.00206515154211803
WBP4	0.839773739842249	-0.00126632110515912	0.99850355776877	-0.00126632110515912
RNASEH1	0.839806202392321	0.00214951654995534	0.99850355776877	0.00214951654995534
KIF22	0.839958672382427	-0.00253990658232391	0.99850355776877	-0.00253990658232391
GINM1	0.840020117475461	0.00121150997493586	0.99850355776877	0.00121150997493586
LURAP1L	0.840037613571594	-0.00229599183439439	0.99850355776877	-0.00229599183439439
NCOR1	0.840454392915599	-0.00063947551769974	0.99850355776877	-0.00063947551769974
RNPC3	0.840488935986441	0.00109501354414495	0.99850355776877	0.00109501354414495
HSPBP1	0.840564633905698	-0.00304612926529257	0.99850355776877	-0.00304612926529257
PROSER3	0.84062763735666	-0.00346591710336456	0.99850355776877	-0.00346591710336456
EIF5B	0.840648185662778	0.00118020622974339	0.99850355776877	0.00118020622974339
MOBP	0.841099625952541	0.000917851757593118	0.99850355776877	0.000917851757593118
NCBP1	0.841166969605237	0.00232210273961256	0.99850355776877	0.00232210273961256
DPYSL2	0.841318028946887	0.000795938863418948	0.99850355776877	0.000795938863418948
CKAP5	0.841396414666385	0.00138046254922243	0.99850355776877	0.00138046254922243
LINC02762	0.841401441492936	-0.00250707265688872	0.99850355776877	-0.00250707265688872
RAPH1	0.841410069545924	-0.00372736850959266	0.99850355776877	-0.00372736850959266
FIS1	0.841430859764225	0.00176790862145563	0.99850355776877	0.00176790862145563
ZNF384	0.841741009373386	-0.00224210258138427	0.99850355776877	-0.00224210258138427
CIAO2B	0.842081871494333	-0.00217869327017323	0.99850355776877	-0.00217869327017323
IDI2-AS1	0.842206650995062	0.00221290705378936	0.99850355776877	0.00221290705378936
KLHL3	0.84229273869412	0.0010693359368642	0.99850355776877	0.0010693359368642
TCEANC2	0.842297901789313	-0.0020239989509491	0.99850355776877	-0.0020239989509491
FBXO30	0.842298326783695	-0.00234205869135343	0.99850355776877	-0.00234205869135343
ATP6V0E1	0.842306850852606	-0.00131819770776489	0.99850355776877	-0.00131819770776489
R3HCC1	0.842314795705344	-0.00231478616754087	0.99850355776877	-0.00231478616754087
CACNG3	0.842424094200096	-0.00402097211300563	0.99850355776877	-0.00402097211300563
SH3GL2	0.842468469564157	-0.00453799488126566	0.99850355776877	-0.00453799488126566
TPCN2	0.842482801493073	-0.00321532244004508	0.99850355776877	-0.00321532244004508
LURAP1L-AS1	0.842483802416882	0.00247041177970708	0.99850355776877	0.00247041177970708
GTF2F1	0.842644369943315	0.0031114872842116	0.99850355776877	0.0031114872842116
URI1	0.842715350987445	0.00096726167089374	0.99850355776877	0.00096726167089374
ULK1	0.842779127293443	0.00176366445379474	0.99850355776877	0.00176366445379474
NBR1	0.842806656345387	-0.00100011399799345	0.99850355776877	-0.00100011399799345
ZNF737	0.842970454370546	0.00173636401826735	0.99850355776877	0.00173636401826735
AC008050.1	0.84316098590897	0.00247073486920079	0.99850355776877	0.00247073486920079
FLNB	0.843175242113247	0.00198148314014015	0.99850355776877	0.00198148314014015
C2orf76	0.843364659510374	-0.00174525861964683	0.99850355776877	-0.00174525861964683
PHTF1	0.843390540833707	0.00491212592025345	0.99850355776877	0.00491212592025345
GLUD1	0.843421075872912	0.00112680383988693	0.99850355776877	0.00112680383988693
MICAL1	0.843570639530371	0.00380426313724067	0.99850355776877	0.00380426313724067
CALY	0.843607357323369	-0.00437656420930107	0.99850355776877	-0.00437656420930107
SCN3A	0.843822050460517	-0.00475627711789885	0.99850355776877	-0.00475627711789885
THY1	0.843972973326187	0.00403722641267562	0.99850355776877	0.00403722641267562
C2orf42	0.844095275869745	0.00192253647259236	0.99850355776877	0.00192253647259236
CTNNB1	0.844119259275775	0.00151563501388527	0.99850355776877	0.00151563501388527
HPS5	0.844300193423824	0.00162755050055304	0.99850355776877	0.00162755050055304
C12orf76	0.84432463855045	0.000829167616448483	0.99850355776877	0.000829167616448483
TMEM167A	0.844800476431797	-0.00184060066260956	0.99850355776877	-0.00184060066260956
NFAT5	0.844813723772626	-0.00087473814332919	0.99850355776877	-0.00087473814332919
ACYP2	0.844882313614407	-0.000749753702932942	0.99850355776877	-0.000749753702932942
AC007262.2	0.844890597572318	0.00171309190439446	0.99850355776877	0.00171309190439446
WDFY1	0.844924328501615	-0.00115535060940685	0.99850355776877	-0.00115535060940685
GABRG3	0.845293246799183	0.0038152658464606	0.99850355776877	0.0038152658464606
RPS10	0.84540532986754	0.00360993062351006	0.99850355776877	0.00360993062351006
SIRPA	0.845409264073098	0.00169943812855327	0.99850355776877	0.00169943812855327
HIP1	0.84544989534437	-0.000792449047876351	0.99850355776877	-0.000792449047876351
SPSB1	0.845459250407217	-0.00132547245537689	0.99850355776877	-0.00132547245537689
CNKSR3	0.845617221137549	0.00101673544616719	0.99850355776877	0.00101673544616719
ENC1	0.845809653015338	0.00473347215616323	0.99850355776877	0.00473347215616323
EIF2D	0.845847118722379	0.00159306729922165	0.99850355776877	0.00159306729922165
AKT2	0.845890813615899	0.00126942582016555	0.99850355776877	0.00126942582016555
EHMT2	0.845983485667731	-0.00140232158761879	0.99850355776877	-0.00140232158761879
DDT	0.846102943608269	0.0038031000363965	0.99850355776877	0.0038031000363965
SLC6A15	0.846130884011556	0.00143113277680309	0.99850355776877	0.00143113277680309
PDXK	0.846153792038873	0.00251416881632958	0.99850355776877	0.00251416881632958
CAVIN1	0.846186723834262	0.00230579346265787	0.99850355776877	0.00230579346265787
PPP1R14B	0.846457558231562	-0.0030113984537706	0.99850355776877	-0.0030113984537706
TVP23C	0.846484526048457	-0.00148084923827444	0.99850355776877	-0.00148084923827444
FAM24B	0.846520650339616	0.0031471502568466	0.99850355776877	0.0031471502568466
CELSR2	0.846797850969688	0.00114827622070884	0.99850355776877	0.00114827622070884
NEK5	0.846818554567303	-0.00235499900133944	0.99850355776877	-0.00235499900133944
INAFM1	0.84687084388016	-0.00385971337471924	0.99850355776877	-0.00385971337471924
TMEM123	0.846893917270614	0.00109809937747676	0.99850355776877	0.00109809937747676
KIF5A	0.846910310322662	0.00495215908588055	0.99850355776877	0.00495215908588055
LMTK2	0.846960527264415	0.0016389390720092	0.99850355776877	0.0016389390720092
USP45	0.847244006928391	0.0016157866900392	0.99850355776877	0.0016157866900392
AKR1B1	0.84736829639572	-0.00265077179639696	0.99850355776877	-0.00265077179639696
ARL13B	0.847434526680838	-0.00147899751058149	0.99850355776877	-0.00147899751058149
TEAD1	0.847441993241429	-0.00100892098764807	0.99850355776877	-0.00100892098764807
LINC01128	0.84764408535604	-0.00283800953504045	0.99850355776877	-0.00283800953504045
LARP1B	0.847667270185769	0.00143152631314092	0.99850355776877	0.00143152631314092
TMED5	0.847674692097083	-0.00205501100488912	0.99850355776877	-0.00205501100488912
CTBS	0.847692187278734	-0.00271204821104816	0.99850355776877	-0.00271204821104816
SERPINI1	0.847693635484048	0.00157773460982031	0.99850355776877	0.00157773460982031
SCFD2	0.847791956385724	-0.00102552880463865	0.99850355776877	-0.00102552880463865
LINC02062	0.847818215224924	0.00120595966536076	0.99850355776877	0.00120595966536076
TPD52	0.847867761980277	-0.000780757733449546	0.99850355776877	-0.000780757733449546
MYRIP	0.847983446465668	0.00258965710038629	0.99850355776877	0.00258965710038629
HIVEP2	0.848201717992356	-0.00111236279744849	0.99850355776877	-0.00111236279744849
ELN	0.848282030377164	-0.00209099060705769	0.99850355776877	-0.00209099060705769
HEMK1	0.848288591530875	0.00220055721914152	0.99850355776877	0.00220055721914152
ANKRD36C	0.848337925086946	-0.00104745175156748	0.99850355776877	-0.00104745175156748
PXYLP1	0.84840488063403	-0.00280243926476485	0.99850355776877	-0.00280243926476485
MAPK3	0.848427180639821	-0.00223221373831634	0.99850355776877	-0.00223221373831634
CPB2	0.848526878846556	-0.00467337035633696	0.99850355776877	-0.00467337035633696
PA2G4	0.848590325322011	-0.00204470455796162	0.99850355776877	-0.00204470455796162
VAMP4	0.848615963959233	-0.0025447327115301	0.99850355776877	-0.0025447327115301
EPB41L4A	0.848780445564912	-0.00199601154553623	0.99850355776877	-0.00199601154553623
PLAAT4	0.848903052947357	-0.00337203724496081	0.99850355776877	-0.00337203724496081
FCHO2	0.84900293384076	0.0012017528251605	0.99850355776877	0.0012017528251605
KLHL22	0.849041977510858	-0.00106186989264805	0.99850355776877	-0.00106186989264805
ARPP19	0.849094897728866	-0.00187326233520993	0.99850355776877	-0.00187326233520993
MAP3K11	0.849109172448957	0.00141834339158853	0.99850355776877	0.00141834339158853
EIF4E3	0.849207063669407	-0.00224840033441946	0.99850355776877	-0.00224840033441946
ETHE1	0.849232597813553	-0.00251026788250911	0.99850355776877	-0.00251026788250911
HIST2H2BE	0.849233555351218	0.00312556190067819	0.99850355776877	0.00312556190067819
ZNF763	0.849301800993859	-0.00234563729798779	0.99850355776877	-0.00234563729798779
MAP1S	0.849413212265754	-0.00296816704666142	0.99850355776877	-0.00296816704666142
MED16	0.849490856668257	-0.00206246680431083	0.99850355776877	-0.00206246680431083
ZNF426	0.849517240057149	-0.00256177222347532	0.99850355776877	-0.00256177222347532
RXRB	0.849725388123643	0.00260687091577392	0.99850355776877	0.00260687091577392
GACAT3	0.849755613879699	0.00329052892417269	0.99850355776877	0.00329052892417269
SPG21	0.849921557790689	-0.00199802984709498	0.99850355776877	-0.00199802984709498
HAGH	0.849926175587135	-0.00112700317474935	0.99850355776877	-0.00112700317474935
LINC01473	0.850171033353488	0.000974644612517249	0.99850355776877	0.000974644612517249
FURIN	0.850245037459102	-0.00320831118663974	0.99850355776877	-0.00320831118663974
TCHP	0.850271097501167	-0.00148712277730161	0.99850355776877	-0.00148712277730161
PLXNA3	0.850297127431174	0.00241805620386381	0.99850355776877	0.00241805620386381
DNAJB14	0.850508723484757	0.00137200277076523	0.99850355776877	0.00137200277076523
MMP24OS	0.850531946885246	0.00144405312108994	0.99850355776877	0.00144405312108994
TMEM127	0.850896335489077	-0.00286153730411259	0.99850355776877	-0.00286153730411259
LSM5	0.850932503093214	-0.0024078329750038	0.99850355776877	-0.0024078329750038
EIF4A2	0.850997512786362	0.00219272201066672	0.99850355776877	0.00219272201066672
AL035681.1	0.85105853488129	-0.00183061961803961	0.99850355776877	-0.00183061961803961
LINC02073	0.851120625446173	0.00173826151477982	0.99850355776877	0.00173826151477982
RPS6KA2	0.851233058807284	-0.0012424755632114	0.99850355776877	-0.0012424755632114
TRIM65	0.851260174461058	-0.0020034315914573	0.99850355776877	-0.0020034315914573
NPTXR	0.851285063042543	0.00226785043633366	0.99850355776877	0.00226785043633366
ERF	0.851377848609497	-0.00176057264647256	0.99850355776877	-0.00176057264647256
CTDP1	0.851435095586789	-0.00193546104629496	0.99850355776877	-0.00193546104629496
INPP5B	0.85145655381017	-0.00133285216792231	0.99850355776877	-0.00133285216792231
MAP2K7	0.851465565810029	0.00112970368927155	0.99850355776877	0.00112970368927155
BLVRB	0.851622467042589	0.00303792143715689	0.99850355776877	0.00303792143715689
NDRG1	0.851718740694086	-0.000849871008890905	0.99850355776877	-0.000849871008890905
ESRRG	0.851789135157836	-0.0013765584077621	0.99850355776877	-0.0013765584077621
MICAL3	0.851791105432764	0.00075203226739667	0.99850355776877	0.00075203226739667
YIPF6	0.851862058687151	0.00175897975237861	0.99850355776877	0.00175897975237861
MAN1B1	0.852137696197005	0.00205059636342607	0.99850355776877	0.00205059636342607
TOMM22	0.852197095508615	-0.00400789055730037	0.99850355776877	-0.00400789055730037
FSTL3	0.852233399269888	-0.00452782448645334	0.99850355776877	-0.00452782448645334
LYRM1	0.852456737501171	-0.00218981357646866	0.99850355776877	-0.00218981357646866
SURF6	0.85246232773026	0.00244005680768368	0.99850355776877	0.00244005680768368
TIMM21	0.852478715319092	0.00266555007916123	0.99850355776877	0.00266555007916123
TTYH2	0.852741313153606	0.000684707755010362	0.99850355776877	0.000684707755010362
LATS1	0.852856715873421	-0.00107218992992066	0.99850355776877	-0.00107218992992066
PLA2G4C	0.852951825269886	-0.00134168426376098	0.99850355776877	-0.00134168426376098
PPIA	0.853131662219403	-0.0025858673188851	0.99850355776877	-0.0025858673188851
SFXN3	0.853684763699562	0.00160662191017553	0.99850355776877	0.00160662191017553
DDX54	0.853879355713212	-0.00258857919138232	0.99850355776877	-0.00258857919138232
PRPF8	0.854014662304408	0.00111551995364503	0.99850355776877	0.00111551995364503
FBXO38	0.854264299425713	-0.00148285384595837	0.99850355776877	-0.00148285384595837
TSPAN5	0.85432336338882	0.000644938525311777	0.99850355776877	0.000644938525311777
TAB1	0.854450954763721	0.00124064417314501	0.99850355776877	0.00124064417314501
TMC7	0.85461502506123	-0.00109677522361188	0.99850355776877	-0.00109677522361188
NRDE2	0.854820230539612	0.001252920287577	0.99850355776877	0.001252920287577
SELENOK	0.854883102369267	-0.00282321659718964	0.99850355776877	-0.00282321659718964
BDP1	0.854986332715063	0.00117362949207394	0.99850355776877	0.00117362949207394
SPOPL	0.85505132058489	0.00135894042228381	0.99850355776877	0.00135894042228381
MIR4300HG	0.855090865748967	0.00311583490583159	0.99850355776877	0.00311583490583159
ZC3H3	0.855125308322648	0.00169020893486764	0.99850355776877	0.00169020893486764
TSR3	0.855136304106356	0.00320869810885512	0.99850355776877	0.00320869810885512
MEIS1	0.855188267654458	-0.00104897614663588	0.99850355776877	-0.00104897614663588
AP000688.2	0.855198205259635	0.00201446764394019	0.99850355776877	0.00201446764394019
ABHD13	0.855231893925054	-0.0023277568800021	0.99850355776877	-0.0023277568800021
PDHX	0.855259396493096	0.00132179519704982	0.99850355776877	0.00132179519704982
MRFAP1L1	0.855596531373948	0.00255978890906766	0.99850355776877	0.00255978890906766
PARD6G-AS1	0.8557404825241	-0.00405675167143814	0.99850355776877	-0.00405675167143814
OGFR	0.855766667090478	0.00176415808583958	0.99850355776877	0.00176415808583958
ZNF232	0.855984623969027	0.00275210909664943	0.99850355776877	0.00275210909664943
LIMCH1	0.856109116567826	-0.000526045858616945	0.99850355776877	-0.000526045858616945
AGPAT1	0.856161042692507	0.0022493291440291	0.99850355776877	0.0022493291440291
PDE11A	0.856172715303039	0.0030037004507015	0.99850355776877	0.0030037004507015
PARP6	0.856196271635265	-0.00108349967443859	0.99850355776877	-0.00108349967443859
NAA38	0.856259255309819	-0.00409428466539856	0.99850355776877	-0.00409428466539856
TNPO3	0.856320922132651	-0.00108192901876745	0.99850355776877	-0.00108192901876745
FER	0.856327028178154	-0.00075224451365478	0.99850355776877	-0.00075224451365478
TBC1D2	0.856537995352761	-0.00132096326326711	0.99850355776877	-0.00132096326326711
RPL6	0.856539819365256	0.00225469140659912	0.99850355776877	0.00225469140659912
AP1B1	0.856543918372443	-0.00168847145568037	0.99850355776877	-0.00168847145568037
NHLRC2	0.856593071736747	0.00102531370928826	0.99850355776877	0.00102531370928826
LINC01004	0.856701475308256	0.00110887663685077	0.99850355776877	0.00110887663685077
H3F3B	0.856801347928981	0.00162520566563688	0.99850355776877	0.00162520566563688
TMPRSS5	0.856806479817958	-0.0025092447063509	0.99850355776877	-0.0025092447063509
ZNF675	0.856963103848676	-0.0020069388607936	0.99850355776877	-0.0020069388607936
GREB1	0.85700940510341	0.00188766868772491	0.99850355776877	0.00188766868772491
FAM200A	0.857126932797376	0.00182886402642325	0.99850355776877	0.00182886402642325
ZBTB37	0.857132748733571	-0.00133340130555216	0.99850355776877	-0.00133340130555216
MIR646HG	0.857232660771349	-0.00232488942576546	0.99850355776877	-0.00232488942576546
KLHDC3	0.857264394634072	0.00239478222684286	0.99850355776877	0.00239478222684286
CDS2	0.857361502736574	0.000859526757229439	0.99850355776877	0.000859526757229439
PTPRD-AS1	0.857445712786924	0.00325442757665946	0.99850355776877	0.00325442757665946
RPL29	0.857494966483897	-0.00220649259765063	0.99850355776877	-0.00220649259765063
TBC1D19	0.857715834622079	-0.00141743322305172	0.99850355776877	-0.00141743322305172
SPNS1	0.857780142048424	0.0020689712060798	0.99850355776877	0.0020689712060798
ZNF710-AS1	0.857805312066183	0.00264255762044987	0.99850355776877	0.00264255762044987
ERO1A	0.857874085744828	-0.00191352188738845	0.99850355776877	-0.00191352188738845
ZFP36L2	0.857910818647146	-0.00138652140985701	0.99850355776877	-0.00138652140985701
ZRANB3	0.857945383790613	-0.00110069758693762	0.99850355776877	-0.00110069758693762
ABCA9	0.8579743631777	-0.00297349856186048	0.99850355776877	-0.00297349856186048
RPS4X	0.85817577577381	0.00250155876496818	0.99850355776877	0.00250155876496818
FUT11	0.858367171479106	0.00169362094557319	0.99850355776877	0.00169362094557319
RPL35A	0.858368086770154	-0.00265068490642011	0.99850355776877	-0.00265068490642011
AC008771.1	0.858394682768184	-0.00250912111219876	0.99850355776877	-0.00250912111219876
SPDYE2	0.858499354926506	0.0046676411793157	0.99850355776877	0.0046676411793157
AC009961.1	0.858612147137967	-0.00294420506352251	0.99850355776877	-0.00294420506352251
MIS18BP1	0.859006205560644	-0.00329874538064998	0.99850355776877	-0.00329874538064998
DSEL	0.859034609915386	0.00109071754553356	0.99850355776877	0.00109071754553356
CLASRP	0.859056178179852	0.000842602377833449	0.99850355776877	0.000842602377833449
RPL23A	0.859083085688976	0.00226722329973272	0.99850355776877	0.00226722329973272
CYB5B	0.859096992135633	-0.00121617058811679	0.99850355776877	-0.00121617058811679
PHF8	0.859450836054689	-0.00130614013559154	0.99850355776877	-0.00130614013559154
TNRC6C	0.85956032422036	0.000586701645071929	0.99850355776877	0.000586701645071929
ZNF415	0.859606824163221	0.00186692462117168	0.99850355776877	0.00186692462117168
EIF4A3	0.859698050463137	-0.00340966539675694	0.99850355776877	-0.00340966539675694
EDIL3	0.85977299156044	0.000486752426387934	0.99850355776877	0.000486752426387934
SGSM1	0.859849700083213	0.00237195554196071	0.99850355776877	0.00237195554196071
ZHX2	0.860119214123456	-0.000816167154383036	0.99850355776877	-0.000816167154383036
ATP5PB	0.86030903877947	-0.00200099675939452	0.99850355776877	-0.00200099675939452
YIPF1	0.860322862334609	-0.00187879870107339	0.99850355776877	-0.00187879870107339
BAD	0.860477959434106	0.00267124719783156	0.99850355776877	0.00267124719783156
XPNPEP1	0.860498557605108	-0.00160708721380185	0.99850355776877	-0.00160708721380185
EEF2	0.86051826938165	0.00174977651342269	0.99850355776877	0.00174977651342269
TRIM24	0.86052498770863	0.00106727006647497	0.99850355776877	0.00106727006647497
LYPLAL1-DT	0.86067709864298	-0.00250505382214553	0.99850355776877	-0.00250505382214553
AFG1L	0.860702381588203	0.00134426548397863	0.99850355776877	0.00134426548397863
TMEM145	0.860721264861517	-0.00276469963481178	0.99850355776877	-0.00276469963481178
PLEKHA5	0.860768998291383	-0.00252126917333457	0.99850355776877	-0.00252126917333457
SLITRK5	0.860775542977195	-0.00396764972689896	0.99850355776877	-0.00396764972689896
SLC43A2	0.860844424164443	0.00341629230462812	0.99850355776877	0.00341629230462812
LRRC4C	0.860937982072389	-0.0013290479625496	0.99850355776877	-0.0013290479625496
TCEANC	0.8609516292899	-0.00252233296089528	0.99850355776877	-0.00252233296089528
TMEM131L	0.860965802521057	-0.00117974268750548	0.99850355776877	-0.00117974268750548
ZDHHC8	0.860978397596379	-0.00150983615378935	0.99850355776877	-0.00150983615378935
SEM1	0.861075502708432	0.00125161334182693	0.99850355776877	0.00125161334182693
NFU1	0.861176874972501	0.00142815510524246	0.99850355776877	0.00142815510524246
MRPL38	0.861281511329634	-0.00160301479474773	0.99850355776877	-0.00160301479474773
EBAG9	0.861317918203523	0.0024006906142886	0.99850355776877	0.0024006906142886
ANGEL1	0.861420319465763	0.00148844830379477	0.99850355776877	0.00148844830379477
HNRNPLL	0.861462685131732	0.0018236486433884	0.99850355776877	0.0018236486433884
NCS1	0.861513566033941	-0.00341746125271786	0.99850355776877	-0.00341746125271786
PIGM	0.861556898904356	0.00136008850913755	0.99850355776877	0.00136008850913755
HTATIP2	0.861568615520703	-0.00147523110814074	0.99850355776877	-0.00147523110814074
CSMD2	0.861582315670009	0.00112837160536583	0.99850355776877	0.00112837160536583
WDR36	0.861629206121488	-0.00216751191796539	0.99850355776877	-0.00216751191796539
RBBP4	0.861651595422318	-0.000957067984535404	0.99850355776877	-0.000957067984535404
ZMAT3	0.861679968468995	-0.00222454381366337	0.99850355776877	-0.00222454381366337
DTX4	0.861783322323287	0.00222635763204391	0.99850355776877	0.00222635763204391
PCSK5	0.861993697835915	0.00245095201857505	0.99850355776877	0.00245095201857505
REPIN1	0.862318183134017	-0.00193521142569914	0.99850355776877	-0.00193521142569914
PTGES3	0.86239224291185	0.00131788492032549	0.99850355776877	0.00131788492032549
CRTAP	0.862534677123612	0.00176546846266874	0.99850355776877	0.00176546846266874
WDR60	0.862703484108849	-0.0011168841333471	0.99850355776877	-0.0011168841333471
CHMP4A	0.862886406221887	0.00166648523212692	0.99850355776877	0.00166648523212692
PPP3CB-AS1	0.862958204012116	0.00333523883461251	0.99850355776877	0.00333523883461251
PYROXD2	0.863068883270287	0.00206985707446675	0.99850355776877	0.00206985707446675
PSME2	0.863191069194896	0.00236431255643804	0.99850355776877	0.00236431255643804
RIPK1	0.86339315704058	-0.00177994654007041	0.99850355776877	-0.00177994654007041
SNX2	0.863418692895687	-0.00121849413194504	0.99850355776877	-0.00121849413194504
KLF15	0.863539577592274	-0.00179306772822628	0.99850355776877	-0.00179306772822628
CYB561A3	0.863810731044097	0.0024289068762118	0.99850355776877	0.0024289068762118
HSD17B7	0.863842235389502	0.00154329406259476	0.99850355776877	0.00154329406259476
RASA2	0.864178962925667	-0.00112782436237643	0.99850355776877	-0.00112782436237643
BCL2	0.864245573642941	0.0010625365011525	0.99850355776877	0.0010625365011525
RFWD3	0.864277086719973	0.00160945775580141	0.99850355776877	0.00160945775580141
SELENOH	0.864360855514497	-0.00233436127261189	0.99850355776877	-0.00233436127261189
YJEFN3	0.864655667861678	-0.00298839960381074	0.99850355776877	-0.00298839960381074
R3HDM4	0.864790385845492	0.00268289143970589	0.99850355776877	0.00268289143970589
PSPH	0.864833020158672	-0.00156690626904014	0.99850355776877	-0.00156690626904014
RGCC	0.864882291130413	0.0013043457658206	0.99850355776877	0.0013043457658206
KCNMB2	0.864992680518444	-0.00346982949073571	0.99850355776877	-0.00346982949073571
SLC3A2	0.86504480417146	0.00255446897981627	0.99850355776877	0.00255446897981627
CXXC1	0.865339829911049	0.00150973057236571	0.99850355776877	0.00150973057236571
IPO13	0.865470182548215	0.00123630671663808	0.99850355776877	0.00123630671663808
DIAPH2	0.865471963595089	0.00253118151234906	0.99850355776877	0.00253118151234906
EPC2	0.865507542632644	0.00103604711996993	0.99850355776877	0.00103604711996993
WDHD1	0.86563723760593	0.00249401101062416	0.99850355776877	0.00249401101062416
REXO4	0.865639739294716	0.00183416675389105	0.99850355776877	0.00183416675389105
PAXBP1-AS1	0.865652427481028	0.0020713307799874	0.99850355776877	0.0020713307799874
TMED9	0.865750148300778	0.00275691046732329	0.99850355776877	0.00275691046732329
AC007614.1	0.865790701601896	0.0029099408297892	0.99850355776877	0.0029099408297892
AL583829.1	0.865930500268754	-0.00240295530569426	0.99850355776877	-0.00240295530569426
SEC24A	0.866114052081843	-0.00146408551093715	0.99850355776877	-0.00146408551093715
TENT4B	0.866132302692812	-0.00119956730951357	0.99850355776877	-0.00119956730951357
AK9	0.866211669451971	0.00118750289640047	0.99850355776877	0.00118750289640047
XRN1	0.866281444606062	-0.000692737627930951	0.99850355776877	-0.000692737627930951
MAFG	0.866314575385455	-0.00180633004874625	0.99850355776877	-0.00180633004874625
CASKIN2	0.866456605777938	-0.00180213303547133	0.99850355776877	-0.00180213303547133
DTHD1	0.866495712492646	0.00259038405561499	0.99850355776877	0.00259038405561499
PAQR4	0.866528368591023	-0.00139968239782446	0.99850355776877	-0.00139968239782446
PAM16	0.866549534118997	0.00125277778235484	0.99850355776877	0.00125277778235484
TMEM129	0.866644622520845	-0.00172407816100801	0.99850355776877	-0.00172407816100801
NDUFB7	0.866857403323437	0.00228954558772513	0.99850355776877	0.00228954558772513
COX6B1	0.866873828826842	-0.00259610071351805	0.99850355776877	-0.00259610071351805
D2HGDH	0.866997850276545	0.00154707311484598	0.99850355776877	0.00154707311484598
GK5	0.86706045944869	0.00164736781724879	0.99850355776877	0.00164736781724879
PLLP	0.86714864866229	-0.00082691492381305	0.99850355776877	-0.00082691492381305
ECD	0.867264318778548	0.00133353708552118	0.99850355776877	0.00133353708552118
GATAD2A	0.867307365785102	0.0014036346226191	0.99850355776877	0.0014036346226191
MOB1A	0.86749064676669	0.00190373510062709	0.99850355776877	0.00190373510062709
RAD21	0.867720563792939	-0.00128296062264241	0.99850355776877	-0.00128296062264241
MAEA	0.867843954081363	-0.00134953813031089	0.99850355776877	-0.00134953813031089
LINC00862	0.868055604846064	0.00115423406803005	0.99850355776877	0.00115423406803005
AGFG1	0.868104736725572	-0.000741735272489071	0.99850355776877	-0.000741735272489071
YWHAB	0.868357335597222	-0.00182442469609436	0.99850355776877	-0.00182442469609436
CXorf38	0.868408363820076	-0.00177906105377467	0.99850355776877	-0.00177906105377467
PLEKHH1	0.868492114684832	0.000727196741715236	0.99850355776877	0.000727196741715236
NTAN1	0.868512014349433	0.00247587822182024	0.99850355776877	0.00247587822182024
MGAT4B	0.868605083222123	-0.00274069081339721	0.99850355776877	-0.00274069081339721
PPIL4	0.86872559563405	0.00119387361555869	0.99850355776877	0.00119387361555869
ZNF557	0.868736055913285	0.00197363654440186	0.99850355776877	0.00197363654440186
AC022146.2	0.868859408572065	0.00327480944637825	0.99850355776877	0.00327480944637825
RBM18	0.868948284689869	-0.00201285323776046	0.99850355776877	-0.00201285323776046
GIGYF2	0.868989932166826	-0.000777278007300341	0.99850355776877	-0.000777278007300341
GUF1	0.869013301544496	0.00182880511673031	0.99850355776877	0.00182880511673031
PHF1	0.869063192832877	0.00157749803241634	0.99850355776877	0.00157749803241634
TPCN1	0.86928863861103	-0.000788122700685477	0.99850355776877	-0.000788122700685477
FAM168B	0.869352319555061	-0.00108976903358447	0.99850355776877	-0.00108976903358447
NOL7	0.869530731366467	-0.00195122409897465	0.99850355776877	-0.00195122409897465
VPS16	0.869607116182034	0.00175189721955918	0.99850355776877	0.00175189721955918
SPTBN4	0.86963225231024	0.0027980195433674	0.99850355776877	0.0027980195433674
RAB8B	0.869644141021553	-0.000964694179900718	0.99850355776877	-0.000964694179900718
MHENCR	0.86964825365656	-0.00171396461320448	0.99850355776877	-0.00171396461320448
DGCR9	0.869879961269398	-0.00352950510152601	0.99850355776877	-0.00352950510152601
KCNMA1	0.8698983576676	-0.00285841352550711	0.99850355776877	-0.00285841352550711
MTMR9	0.869942907919035	-0.00128420271360289	0.99850355776877	-0.00128420271360289
ARPIN	0.870012237239691	-0.00271432835679746	0.99850355776877	-0.00271432835679746
NDUFB3	0.870329904244886	0.00325712930660176	0.99850355776877	0.00325712930660176
CAPZA2	0.870390367166759	0.00141855386740808	0.99850355776877	0.00141855386740808
SND1	0.87040684569381	0.000970524165117865	0.99850355776877	0.000970524165117865
AMPH	0.870486225718936	-0.00356850402506598	0.99850355776877	-0.00356850402506598
IRF2BP2	0.870713951236915	-0.00132606043495544	0.99850355776877	-0.00132606043495544
LRIG1	0.87075522417023	0.00107660569948889	0.99850355776877	0.00107660569948889
MTCH2	0.871048725647032	-0.0011862989578161	0.99850355776877	-0.0011862989578161
BTD	0.871162192862683	-0.00121894322655672	0.99850355776877	-0.00121894322655672
PPME1	0.871249339238445	0.00124704484156983	0.99850355776877	0.00124704484156983
FAM160A2	0.871381894718744	-0.00203930815312417	0.99850355776877	-0.00203930815312417
SLC22A23	0.871387213405275	-0.000738739524103715	0.99850355776877	-0.000738739524103715
CTNND2	0.871457308611635	0.000600339205515055	0.99850355776877	0.000600339205515055
GSK3A	0.871496869652163	0.00171779374980414	0.99850355776877	0.00171779374980414
NAPG	0.871692718976336	0.000999063679907301	0.99850355776877	0.000999063679907301
TSGA10	0.871876998325725	-0.00106783675140456	0.99850355776877	-0.00106783675140456
RGS12	0.871895746817354	-0.00124726826878641	0.99850355776877	-0.00124726826878641
ABHD17A	0.871962495670644	0.00125050833254768	0.99850355776877	0.00125050833254768
C19orf53	0.872019519361708	-0.00297430166592123	0.99850355776877	-0.00297430166592123
NUP153	0.872190563564191	-0.000945344791264535	0.99850355776877	-0.000945344791264535
MSL1	0.872227191816225	-0.001146311178001	0.99850355776877	-0.001146311178001
TMEM199	0.872328572383267	0.00263218371718445	0.99850355776877	0.00263218371718445
CNIH3	0.872527815693523	-0.00180052123597884	0.99850355776877	-0.00180052123597884
SURF4	0.872553236452783	0.00155712117455161	0.99850355776877	0.00155712117455161
RNF170	0.872649617579544	0.000902823781658779	0.99850355776877	0.000902823781658779
NSUN2	0.872734086401974	0.00149779761991804	0.99850355776877	0.00149779761991804
RBM17	0.872879212673981	-0.00102200623762708	0.99850355776877	-0.00102200623762708
SLC35C2	0.872888899135214	-0.00155033931135884	0.99850355776877	-0.00155033931135884
TCTE3	0.873277548264812	0.00301382547494875	0.99850355776877	0.00301382547494875
ZBTB3	0.873395666637424	0.00215814494414088	0.99850355776877	0.00215814494414088
LIN52	0.873431478535952	-0.000892709771665931	0.99850355776877	-0.000892709771665931
ZSWIM6	0.873752820644399	-0.000550690224704009	0.99850355776877	-0.000550690224704009
NINJ2	0.873769124393432	0.000858198669273705	0.99850355776877	0.000858198669273705
MOG	0.873871206541575	-0.000867366993798188	0.99850355776877	-0.000867366993798188
HR	0.87394656698037	0.00192191945983526	0.99850355776877	0.00192191945983526
CACUL1	0.873959085008055	-0.000953330845679068	0.99850355776877	-0.000953330845679068
BEX4	0.874015822140343	0.00179909858060524	0.99850355776877	0.00179909858060524
KIAA1191	0.874082416157892	0.00192967030518546	0.99850355776877	0.00192967030518546
AURKAIP1	0.874106189664947	-0.00249894801101083	0.99850355776877	-0.00249894801101083
RRNAD1	0.874262109069989	-0.00155108261219445	0.99850355776877	-0.00155108261219445
RP9	0.874282509345622	0.00181625707002573	0.99850355776877	0.00181625707002573
PARD3B	0.87448894037997	-0.00141358610318851	0.99850355776877	-0.00141358610318851
TP53BP2	0.874490080832211	-0.00128329196292528	0.99850355776877	-0.00128329196292528
SYNCRIP	0.874545322476139	-0.00101516526829714	0.99850355776877	-0.00101516526829714
LMNB2	0.874558045190268	-0.00215844658402598	0.99850355776877	-0.00215844658402598
NDUFB1	0.874651586713511	-0.00240247573203662	0.99850355776877	-0.00240247573203662
NOL4L	0.874696947709296	-0.00099174533338436	0.99850355776877	-0.00099174533338436
DDX39A	0.874729681681875	0.00172839870039317	0.99850355776877	0.00172839870039317
OSBPL8	0.874734333934816	-0.00115651065804898	0.99850355776877	-0.00115651065804898
MYO19	0.874779775421571	0.00122181547309866	0.99850355776877	0.00122181547309866
AC020907.1	0.874796261531976	-0.0022750770835447	0.99850355776877	-0.0022750770835447
CHST10	0.874987004405427	-0.00230080895267292	0.99850355776877	-0.00230080895267292
RAPGEF4	0.875089457038218	0.00269972666217708	0.99850355776877	0.00269972666217708
ERG28	0.875204782789317	0.00207508077436874	0.99850355776877	0.00207508077436874
SCHIP1	0.875212281600047	-0.00154634646673228	0.99850355776877	-0.00154634646673228
IDH3G	0.875215216152682	-0.00257675412161467	0.99850355776877	-0.00257675412161467
CCDC85B	0.875260321802279	-0.00303774801123114	0.99850355776877	-0.00303774801123114
ARHGAP1	0.875584773463979	-0.000802339745679886	0.99850355776877	-0.000802339745679886
CPEB2-DT	0.875601208642582	0.00230175449510306	0.99850355776877	0.00230175449510306
ILK	0.875654428453476	-0.00151574350270925	0.99850355776877	-0.00151574350270925
IGIP	0.875826885322282	0.00170314813387206	0.99850355776877	0.00170314813387206
STK38	0.875847123504038	-0.00107891119753806	0.99850355776877	-0.00107891119753806
KLHL5	0.875879318089255	-0.000964515809439976	0.99850355776877	-0.000964515809439976
TOMM40	0.875972997291005	-0.00147162069876273	0.99850355776877	-0.00147162069876273
PCBP4	0.876202709742596	-0.00113418455639836	0.99850355776877	-0.00113418455639836
FPGS	0.876344238408752	0.00122257776709939	0.99850355776877	0.00122257776709939
TRIM16	0.876462353314167	-0.00128695835144177	0.99850355776877	-0.00128695835144177
SEMA7A	0.876574662021948	-0.001664644209956	0.99850355776877	-0.001664644209956
KLHL7	0.876601206619293	0.00127445512153025	0.99850355776877	0.00127445512153025
XPO6	0.876639585535969	-0.000824638752263528	0.99850355776877	-0.000824638752263528
C16orf72	0.876712730276174	-0.00149257316640336	0.99850355776877	-0.00149257316640336
UMPS	0.876886607758146	0.00179558794448065	0.99850355776877	0.00179558794448065
SPP1	0.87688942902479	0.00108246109844359	0.99850355776877	0.00108246109844359
STX7	0.876996101479369	0.000841433965317744	0.99850355776877	0.000841433965317744
PSMB2	0.877131295925879	0.00177462776685815	0.99850355776877	0.00177462776685815
FAM221A	0.877152586265111	0.00160909341418185	0.99850355776877	0.00160909341418185
ZNRF3	0.87722341242928	-0.00188113007318748	0.99850355776877	-0.00188113007318748
MAGI2-AS3	0.877254936769706	0.000693717925964654	0.99850355776877	0.000693717925964654
CSMD1	0.877358206749056	0.00289222210430948	0.99850355776877	0.00289222210430948
LETMD1	0.877489265139183	-0.00148175321372272	0.99850355776877	-0.00148175321372272
OLMALINC	0.877560807190208	-0.000945395997339339	0.99850355776877	-0.000945395997339339
CLIP1	0.877590875237396	0.00153820458503635	0.99850355776877	0.00153820458503635
CSNK1G3	0.877722990545891	-0.00136609761731805	0.99850355776877	-0.00136609761731805
SCML1	0.877770521686943	0.00208833487223407	0.99850355776877	0.00208833487223407
ITGB8	0.87779484526576	-0.000697663783049798	0.99850355776877	-0.000697663783049798
ZNF665	0.877898422435619	-0.00197683069013182	0.99850355776877	-0.00197683069013182
GTF2IRD2	0.87793394497288	-0.00114565078624227	0.99850355776877	-0.00114565078624227
EIF2B2	0.877995001414299	0.00236888395478846	0.99850355776877	0.00236888395478846
GALC	0.878076792868108	-0.00132671822516322	0.99850355776877	-0.00132671822516322
TMX4	0.878299548220899	0.00155195058023435	0.99850355776877	0.00155195058023435
PRKCA	0.878369270990647	0.000973965835440808	0.99850355776877	0.000973965835440808
HNRNPUL2	0.878445431035821	0.00139138615116203	0.99850355776877	0.00139138615116203
ZNF720	0.878497303102855	0.00154692075634157	0.99850355776877	0.00154692075634157
NOP14	0.878595789468475	0.00244054348627571	0.99850355776877	0.00244054348627571
CDH11	0.878701623686116	-0.00112999181533955	0.99850355776877	-0.00112999181533955
BBS4	0.878731885473977	0.00147673031807521	0.99850355776877	0.00147673031807521
AK1	0.87873913039015	0.0022065887822464	0.99850355776877	0.0022065887822464
PDE6D	0.878811595843851	-0.00112072569724704	0.99850355776877	-0.00112072569724704
ARHGDIA	0.879175237966441	0.00145897887462933	0.99850355776877	0.00145897887462933
SLC16A7	0.879325047870583	-0.00131568889666601	0.99850355776877	-0.00131568889666601
CPT1B	0.879705768452636	0.00149853665573926	0.99850355776877	0.00149853665573926
MED11	0.879765525050376	0.00232153929853761	0.99850355776877	0.00232153929853761
GABRG2	0.879780631003532	0.00341303281692176	0.99850355776877	0.00341303281692176
AC008969.1	0.880222590699013	0.00136721894202803	0.99850355776877	0.00136721894202803
FZD5	0.880278653341997	-0.00225995217330747	0.99850355776877	-0.00225995217330747
LYRM4	0.880287266050801	-0.000959146870939326	0.99850355776877	-0.000959146870939326
YAE1	0.880584293104113	-0.00109307257234263	0.99850355776877	-0.00109307257234263
ARNT2	0.880591412140734	-0.000865189611911128	0.99850355776877	-0.000865189611911128
BTBD16	0.880875385764292	-0.00215437825344726	0.99850355776877	-0.00215437825344726
ANK2	0.880890185939096	-0.000477723935610025	0.99850355776877	-0.000477723935610025
AC009630.1	0.88104700618633	-0.00241116336332735	0.99850355776877	-0.00241116336332735
FTH1	0.88114902409565	0.00133549434660423	0.99850355776877	0.00133549434660423
IFRD1	0.881195927510624	-0.00108053068607151	0.99850355776877	-0.00108053068607151
KPNB1	0.881210307290627	-0.000739518297936237	0.99850355776877	-0.000739518297936237
IFT27	0.881247341381239	-0.00160204238359354	0.99850355776877	-0.00160204238359354
TTLL9	0.881271317685328	-0.00142827227528992	0.99850355776877	-0.00142827227528992
SAMD4B	0.88141721023503	-0.00085168341059181	0.99850355776877	-0.00085168341059181
RPE	0.881503271788202	0.00147241779826568	0.99850355776877	0.00147241779826568
DYNLL2	0.882026048790611	0.00151750751416448	0.99850355776877	0.00151750751416448
UNC13B	0.882032812332081	0.00113346341147428	0.99850355776877	0.00113346341147428
SNX9	0.882078344792656	0.00066709969672952	0.99850355776877	0.00066709969672952
NUCB2	0.882169268489782	0.0017449353052185	0.99850355776877	0.0017449353052185
HIRIP3	0.882212722591216	0.00204693366107585	0.99850355776877	0.00204693366107585
ASPA	0.882359975631144	-0.000868947844323482	0.99850355776877	-0.000868947844323482
OCIAD1	0.882433503778727	0.000793001870913925	0.99850355776877	0.000793001870913925
SH3TC2	0.882496630375706	0.000639778393957582	0.99850355776877	0.000639778393957582
DTWD1	0.882543416342591	-0.0009150116863211	0.99850355776877	-0.0009150116863211
RIF1	0.882571415293678	-0.000679485313613023	0.99850355776877	-0.000679485313613023
MOCS1	0.882703164837656	-0.00211776986450083	0.99850355776877	-0.00211776986450083
NEK4	0.882756216841576	-0.00129021773396816	0.99850355776877	-0.00129021773396816
HBP1	0.882762608157808	0.000892980884341581	0.99850355776877	0.000892980884341581
ZNF138	0.882800860641524	-0.00116342920369114	0.99850355776877	-0.00116342920369114
SLC30A9	0.883055544284389	-0.000815731991396591	0.99850355776877	-0.000815731991396591
ZNF177	0.883195690692	0.00163566687752345	0.99850355776877	0.00163566687752345
PPP2R5A	0.88328164963448	-0.000757408943724181	0.99850355776877	-0.000757408943724181
DMD	0.883454106488203	0.000640486236547941	0.99850355776877	0.000640486236547941
CACNG7	0.883621411396838	-0.00119254077919598	0.99850355776877	-0.00119254077919598
KRBA1	0.883727949873578	0.00227762810345314	0.99850355776877	0.00227762810345314
ZMIZ1	0.883737159112199	0.00103838923230623	0.99850355776877	0.00103838923230623
AL162391.1	0.883904278013756	0.00204101780798415	0.99850355776877	0.00204101780798415
AC118549.1	0.883974493841583	0.000535899234385474	0.99850355776877	0.000535899234385474
ARMH1	0.884047500417591	0.00215221003630029	0.99850355776877	0.00215221003630029
ITGB1BP1	0.884150364817334	-0.00102043493607688	0.99850355776877	-0.00102043493607688
RABEPK	0.884161640400601	-0.0011841547746192	0.99850355776877	-0.0011841547746192
CD9	0.884244689768363	0.0012730319434214	0.99850355776877	0.0012730319434214
SIK2	0.884377411041312	0.000544109756123245	0.99850355776877	0.000544109756123245
CLCA4	0.884379119814624	-0.00142798851553861	0.99850355776877	-0.00142798851553861
ZNF251	0.884391023630067	0.000818771673740117	0.99850355776877	0.000818771673740117
PPP6R1	0.884527468283142	0.0011045897946873	0.99850355776877	0.0011045897946873
JAM3	0.884565148882006	-0.000593569205686187	0.99850355776877	-0.000593569205686187
MTR	0.884588986438083	-0.000875050397780918	0.99850355776877	-0.000875050397780918
FGF14	0.884592189311624	0.00260961033476693	0.99850355776877	0.00260961033476693
SUMF1	0.884702042954543	0.000777913607480657	0.99850355776877	0.000777913607480657
SYNPR	0.884711288785357	-0.00272113030619578	0.99850355776877	-0.00272113030619578
ARL17B	0.884764037207291	0.00234095009523419	0.99850355776877	0.00234095009523419
PSMB10	0.884816398334759	-0.00310134530633269	0.99850355776877	-0.00310134530633269
C14orf132	0.884858574682199	-0.00113522988894168	0.99850355776877	-0.00113522988894168
MSMO1	0.885041536020614	0.00168437999133586	0.99850355776877	0.00168437999133586
RALGAPB	0.885078170796034	-0.000699902041731684	0.99850355776877	-0.000699902041731684
PFKL	0.885202982306609	0.00104458879619233	0.99850355776877	0.00104458879619233
KCNK10	0.885368762928598	0.00168116800717147	0.99850355776877	0.00168116800717147
DDX6	0.885503415984355	0.000666331699135341	0.99850355776877	0.000666331699135341
AC027644.3	0.885574173656658	-0.00268035020628294	0.99850355776877	-0.00268035020628294
TFEB	0.885696916753537	0.000655620142777679	0.99850355776877	0.000655620142777679
CALU	0.885857057111022	0.00127085515592703	0.99850355776877	0.00127085515592703
COX11	0.885867766930121	-0.00164789004756631	0.99850355776877	-0.00164789004756631
SOX6	0.886000373899143	0.00276318477315519	0.99850355776877	0.00276318477315519
CHMP3	0.886057102573883	-0.00113588736263414	0.99850355776877	-0.00113588736263414
AGL	0.886178278959607	0.00129839133483494	0.99850355776877	0.00129839133483494
NUP37	0.886190365661337	-0.0020307977256234	0.99850355776877	-0.0020307977256234
SARS2	0.886379660610124	-0.00261691697957739	0.99850355776877	-0.00261691697957739
CSGALNACT1	0.886509249711383	-0.00295370333414914	0.99850355776877	-0.00295370333414914
SNHG29	0.886581536244303	0.00105115898883464	0.99850355776877	0.00105115898883464
RNF40	0.886644896211926	-0.00154480547926192	0.99850355776877	-0.00154480547926192
ANO4	0.886683257824959	-0.000528452889972555	0.99850355776877	-0.000528452889972555
LINC01578	0.886769777754607	-0.0007453245566237	0.99850355776877	-0.0007453245566237
RANBP9	0.886999098927689	-0.00117602530256979	0.99850355776877	-0.00117602530256979
NR4A2	0.887245241858147	-0.00175086507705237	0.99850355776877	-0.00175086507705237
EPCAM-DT	0.887413463409289	-0.00111027446410661	0.99850355776877	-0.00111027446410661
ADAL	0.887413465806143	-0.00159444440386788	0.99850355776877	-0.00159444440386788
LINC01138	0.887516238016081	0.00132150340638697	0.99850355776877	0.00132150340638697
AP002812.2	0.887595608687582	0.00149996429976193	0.99850355776877	0.00149996429976193
KCTD17	0.887623503194315	-0.00210888790383344	0.99850355776877	-0.00210888790383344
VEZF1	0.887674225338424	0.000905761488901194	0.99850355776877	0.000905761488901194
HEBP1	0.887757290034705	0.00183574053865116	0.99850355776877	0.00183574053865116
LDLRAP1	0.887771333237153	0.00105449780962546	0.99850355776877	0.00105449780962546
COMMD9	0.887818660823564	-0.00230390334375459	0.99850355776877	-0.00230390334375459
BAZ2B	0.887820717765338	-0.000667066302896485	0.99850355776877	-0.000667066302896485
COL9A3	0.8878962943339	-0.00153904227784722	0.99850355776877	-0.00153904227784722
PAOX	0.888041806818724	0.00165536541343196	0.99850355776877	0.00165536541343196
OTUD7B	0.888148808078399	0.000577063469844508	0.99850355776877	0.000577063469844508
CNTN3	0.888409775586654	0.00268574156502928	0.99850355776877	0.00268574156502928
SCAMP2	0.888411863442313	-0.00115591671823922	0.99850355776877	-0.00115591671823922
GNAI2	0.888424758557481	0.00100093191618343	0.99850355776877	0.00100093191618343
MYO1D	0.88856938050252	0.000519423560770121	0.99850355776877	0.000519423560770121
ACAT2	0.888771888047592	-0.00179820409425504	0.99850355776877	-0.00179820409425504
SIDT2	0.888853266339594	0.00125403479295346	0.99850355776877	0.00125403479295346
ZNF317	0.889025068690491	0.00176989947257548	0.99850355776877	0.00176989947257548
GALNT18	0.889163787493041	0.00211817961033999	0.99850355776877	0.00211817961033999
PTCD2	0.889195715587867	-0.00130357863820208	0.99850355776877	-0.00130357863820208
PRELID1	0.88920267504113	0.0023618595028775	0.99850355776877	0.0023618595028775
TANC1	0.889333477077015	0.000732620063408876	0.99850355776877	0.000732620063408876
TMEM126B	0.889381259984579	-0.0019950640041502	0.99850355776877	-0.0019950640041502
AL589740.1	0.889599871018581	0.000898000149580962	0.99850355776877	0.000898000149580962
PEX11B	0.889776690855492	0.00177881983503383	0.99850355776877	0.00177881983503383
ALDH16A1	0.889862486602045	0.00198369550425259	0.99850355776877	0.00198369550425259
SNX6	0.889975258667113	-0.000763981620868154	0.99850355776877	-0.000763981620868154
BPTF	0.889986593033331	0.000588684000552673	0.99850355776877	0.000588684000552673
RABGGTB	0.890110593881982	0.00209060919205679	0.99850355776877	0.00209060919205679
BACH2	0.890330433643128	0.000535703723269226	0.99850355776877	0.000535703723269226
ADSL	0.890364901486898	-0.00122955768355141	0.99850355776877	-0.00122955768355141
CCSER1	0.890428039578685	0.00250438454250098	0.99850355776877	0.00250438454250098
PAQR3	0.890445619130426	0.00162526992418484	0.99850355776877	0.00162526992418484
ACBD5	0.890523984934561	-0.00116365364859591	0.99850355776877	-0.00116365364859591
SMIM8	0.890589281710077	0.00148365704885727	0.99850355776877	0.00148365704885727
FKBP3	0.890690289478554	-0.00151639789787856	0.99850355776877	-0.00151639789787856
ALKBH4	0.890713325347826	-0.00175241726944758	0.99850355776877	-0.00175241726944758
MIF	0.89088194125076	0.00257525827495922	0.99850355776877	0.00257525827495922
AC005899.5	0.89102293894416	0.00222943762073562	0.99850355776877	0.00222943762073562
SERINC3	0.891091286306402	-0.00129864897788675	0.99850355776877	-0.00129864897788675
TMEM235	0.891355066390711	-0.000864121769986301	0.99850355776877	-0.000864121769986301
TBP	0.891436946576795	-0.00170590294230855	0.99850355776877	-0.00170590294230855
UHRF1	0.891605446593145	-0.00218826697795263	0.99850355776877	-0.00218826697795263
AC009403.2	0.891655038902873	-0.00184011242222121	0.99850355776877	-0.00184011242222121
TMEM25	0.891666121479192	-0.00278890664983501	0.99850355776877	-0.00278890664983501
MLXIP	0.891708365960142	0.000896912728044009	0.99850355776877	0.000896912728044009
AC023509.6	0.891710159953579	-0.00258691363368946	0.99850355776877	-0.00258691363368946
ARL2	0.891747559514537	-0.00147382610743355	0.99850355776877	-0.00147382610743355
PATL1	0.891784977179965	0.00143698862586598	0.99850355776877	0.00143698862586598
FUCA2	0.891891053289882	-0.00182771859487413	0.99850355776877	-0.00182771859487413
CCDC102B	0.891942231204424	-0.0011856593877474	0.99850355776877	-0.0011856593877474
MED23	0.891960659400114	0.00113909304188703	0.99850355776877	0.00113909304188703
HDGF	0.891970522812789	0.00146402951144862	0.99850355776877	0.00146402951144862
GRINA	0.89202153301963	0.00236601466656578	0.99850355776877	0.00236601466656578
MORF4L1	0.892171284082118	0.000939816303218297	0.99850355776877	0.000939816303218297
MEF2C-AS1	0.892177067602291	-0.00299405111604363	0.99850355776877	-0.00299405111604363
PI4KA	0.892226254298766	0.00079052310152582	0.99850355776877	0.00079052310152582
CAPN7	0.892241962383186	-0.000635073873795121	0.99850355776877	-0.000635073873795121
CNPY3	0.892335530974418	0.00233710849140269	0.99850355776877	0.00233710849140269
TMEM106B	0.892355653285615	-0.000902115845925594	0.99850355776877	-0.000902115845925594
ANKRD13D	0.89260151235686	-0.00105823532709929	0.99850355776877	-0.00105823532709929
WBP2	0.892638907001407	-0.00103632861409889	0.99850355776877	-0.00103632861409889
AC060780.1	0.892791224996641	0.00128334619297233	0.99850355776877	0.00128334619297233
SLC35F6	0.892796240553548	0.00198401268166137	0.99850355776877	0.00198401268166137
LINC02284	0.892824493673678	-0.00217496166130696	0.99850355776877	-0.00217496166130696
RPS23	0.893091856410164	-0.00181150915526823	0.99850355776877	-0.00181150915526823
PROX1-AS1	0.89327745416949	0.00137923962510524	0.99850355776877	0.00137923962510524
NDRG2	0.893461661759477	-0.000830628466709192	0.99850355776877	-0.000830628466709192
ARL2BP	0.893561539675033	-0.00139558297282266	0.99850355776877	-0.00139558297282266
KCTD10	0.893606785332534	-0.00177043157689803	0.99850355776877	-0.00177043157689803
LINC00240	0.893778843693678	0.00144052461908511	0.99850355776877	0.00144052461908511
ANKS6	0.893799377638807	0.000808543721796827	0.99850355776877	0.000808543721796827
PFDN6	0.893830765857087	0.00216920565020221	0.99850355776877	0.00216920565020221
STIM2	0.894146060879612	0.00080984163852909	0.99850355776877	0.00080984163852909
AC091563.1	0.894312074530573	-0.00140208727042038	0.99850355776877	-0.00140208727042038
RSRP1	0.894337438955278	-0.000601586589178177	0.99850355776877	-0.000601586589178177
NMT2	0.894771131631451	-0.0017793218152246	0.99850355776877	-0.0017793218152246
KDM5A	0.894804381829267	0.000734720671515809	0.99850355776877	0.000734720671515809
RGS4	0.894980126685046	0.00280722230175121	0.99850355776877	0.00280722230175121
EIF2AK2	0.895103832799121	0.00129592716327383	0.99850355776877	0.00129592716327383
USF2	0.89524294773558	-0.000941823722524605	0.99850355776877	-0.000941823722524605
LINC00706	0.895269573200493	-0.00180810286045848	0.99850355776877	-0.00180810286045848
GTF2E2	0.895316905076329	-0.0012782353183242	0.99850355776877	-0.0012782353183242
PAPSS1	0.895383056383389	-0.000700427493904523	0.99850355776877	-0.000700427493904523
DSTN	0.895485330203471	0.00162489535606369	0.99850355776877	0.00162489535606369
TLNRD1	0.895603055915923	0.00177722133124805	0.99850355776877	0.00177722133124805
RAC1	0.895605161262016	0.00107393755926208	0.99850355776877	0.00107393755926208
TERF1	0.895680097218473	0.000745307275944285	0.99850355776877	0.000745307275944285
NGDN	0.895725836686145	0.00146944104376697	0.99850355776877	0.00146944104376697
PTMS	0.895784247641433	0.00372607742998845	0.99850355776877	0.00372607742998845
LCLAT1	0.895915981222802	-0.00156643903525863	0.99850355776877	-0.00156643903525863
ZMYND11	0.896027829830218	-0.000607460900404878	0.99850355776877	-0.000607460900404878
MARCH8	0.896121302426199	-0.000805001969378591	0.99850355776877	-0.000805001969378591
SPPL3	0.896291149494472	0.000468378567132491	0.99850355776877	0.000468378567132491
MFSD12	0.896336666789009	0.000845630933714002	0.99850355776877	0.000845630933714002
PGAP1	0.89640369210308	-0.00102686784775752	0.99850355776877	-0.00102686784775752
TRAPPC2	0.896430028441018	-0.0016039806404784	0.99850355776877	-0.0016039806404784
MAN2B1	0.896439970661205	0.00103152916550354	0.99850355776877	0.00103152916550354
FLNC	0.896468307196154	0.00243493862686337	0.99850355776877	0.00243493862686337
NMRK1	0.896591266305916	-0.0014296854374272	0.99850355776877	-0.0014296854374272
METTL4	0.896842781103521	0.00141065418757577	0.99850355776877	0.00141065418757577
RBPJ	0.896886957507493	-0.000548213197474581	0.99850355776877	-0.000548213197474581
PPP1CC	0.89692390656317	0.00118292630257686	0.99850355776877	0.00118292630257686
HLA-DMA	0.896936630768298	0.00296237936617731	0.99850355776877	0.00296237936617731
KATNAL1	0.897030748606407	-0.000941652934462329	0.99850355776877	-0.000941652934462329
PTCH2	0.897169829655579	0.0023253898505443	0.99850355776877	0.0023253898505443
SEC11C	0.897196121997634	-0.00147442626222832	0.99850355776877	-0.00147442626222832
ANKHD1	0.897402682174125	0.000539040238051339	0.99850355776877	0.000539040238051339
ZNF558	0.89752529081617	-0.00154210134449476	0.99850355776877	-0.00154210134449476
TAF1B	0.897622471868004	-0.00133766686633516	0.99850355776877	-0.00133766686633516
TP53	0.897645774752182	-0.00185020778614491	0.99850355776877	-0.00185020778614491
STXBP1	0.897735888260662	-0.00206540784409577	0.99850355776877	-0.00206540784409577
GIN1	0.897864959849311	0.00135360101760441	0.99850355776877	0.00135360101760441
MDM1	0.8978796283714	0.00165740117373061	0.99850355776877	0.00165740117373061
WDR91	0.897947055684766	0.00143860853706661	0.99850355776877	0.00143860853706661
TAF10	0.897956592699687	-0.00167235154419279	0.99850355776877	-0.00167235154419279
CBLB	0.898124369733731	0.000757948340384773	0.99850355776877	0.000757948340384773
LAMP2	0.898275031762837	-0.000639055118885007	0.99850355776877	-0.000639055118885007
SRD5A3	0.898578441629955	0.0011470758601488	0.99850355776877	0.0011470758601488
NSUN4	0.898591154079842	0.00115321923482546	0.99850355776877	0.00115321923482546
EMC6	0.898907524190647	0.00254166918724049	0.99850355776877	0.00254166918724049
TNIK	0.899133674429468	-0.000796621415460921	0.99850355776877	-0.000796621415460921
RPL23	0.899406518480859	-0.00199939074724907	0.99850355776877	-0.00199939074724907
NR2F1-AS1	0.899503324539534	0.00285650143139394	0.99850355776877	0.00285650143139394
CD82	0.899520109639621	-0.000962352888280426	0.99850355776877	-0.000962352888280426
STAMBP	0.899532367107833	0.000777433670986109	0.99850355776877	0.000777433670986109
MBIP	0.899576762174744	-0.00158434656739105	0.99850355776877	-0.00158434656739105
PLEKHA3	0.899599253710759	0.00114215857445786	0.99850355776877	0.00114215857445786
MLH3	0.89978996036521	0.000666546034210246	0.99850355776877	0.000666546034210246
RPS8	0.899841825919866	0.00147599713938449	0.99850355776877	0.00147599713938449
CREM	0.900096414662825	-0.000946887566939248	0.99850355776877	-0.000946887566939248
AC080162.1	0.900171097253378	0.00144993066893422	0.99850355776877	0.00144993066893422
IGFL4	0.900230172991609	-0.00214577756523092	0.99850355776877	-0.00214577756523092
PGK1	0.900243732618693	-0.00216238926833815	0.99850355776877	-0.00216238926833815
GALNT1	0.900295208670668	-0.000885508109351996	0.99850355776877	-0.000885508109351996
CCDC117	0.900471086841384	-0.00142040571564885	0.99850355776877	-0.00142040571564885
UGP2	0.900521186199206	-0.000941449459152322	0.99850355776877	-0.000941449459152322
MAP2K1	0.900542970938961	-0.00115107730672256	0.99850355776877	-0.00115107730672256
TANK	0.900581278746317	-0.000804174620572601	0.99850355776877	-0.000804174620572601
MYH3	0.900712037741116	0.00177851627148848	0.99850355776877	0.00177851627148848
ACTR3B	0.900732617793376	-0.00126789846979411	0.99850355776877	-0.00126789846979411
AGTPBP1	0.900798593831897	0.000444469553715637	0.99850355776877	0.000444469553715637
DPP7	0.901048289261909	-0.00103361398472991	0.99850355776877	-0.00103361398472991
TAOK1	0.901205701157862	-0.000498744067538369	0.99850355776877	-0.000498744067538369
PRR12	0.901226016049215	0.00101583289567932	0.99850355776877	0.00101583289567932
HACD3	0.901245807012963	-0.000863955912328669	0.99850355776877	-0.000863955912328669
ZHX3	0.901257087787652	0.000561486179642965	0.99850355776877	0.000561486179642965
DOCK11	0.901302755978815	-0.00117725949396241	0.99850355776877	-0.00117725949396241
LINC-PINT	0.901346663204717	0.00102212421611784	0.99850355776877	0.00102212421611784
MTMR3	0.901393532597747	0.000773933468341093	0.99850355776877	0.000773933468341093
GPIHBP1	0.901497541158867	-0.00125646492008442	0.99850355776877	-0.00125646492008442
DIS3L2	0.901507709130052	-0.000591681992925196	0.99850355776877	-0.000591681992925196
RBP7	0.901542654904598	-0.00151309004216373	0.99850355776877	-0.00151309004216373
GNA13	0.901690561430782	0.000939256831568286	0.99850355776877	0.000939256831568286
AGAP3	0.901733502191741	-0.000663774884310983	0.99850355776877	-0.000663774884310983
MED24	0.901846851253559	0.00106505824893112	0.99850355776877	0.00106505824893112
GRIK2	0.902199952170638	-0.00226962899981055	0.99850355776877	-0.00226962899981055
C2orf49	0.90230293592257	-0.00144856041110655	0.99850355776877	-0.00144856041110655
PSMC1	0.902449125455857	-0.00130197481821497	0.99850355776877	-0.00130197481821497
PSMF1	0.902494571414022	-0.000807284168076369	0.99850355776877	-0.000807284168076369
AF001548.2	0.902750287107834	-0.00198461006441953	0.99850355776877	-0.00198461006441953
RAB5C	0.90290724015542	0.00105406569041833	0.99850355776877	0.00105406569041833
KBTBD7	0.903054828168182	-0.00193399516100236	0.99850355776877	-0.00193399516100236
GPBP1	0.90320195413845	0.000480798578321636	0.99850355776877	0.000480798578321636
HSD17B6	0.903278259185446	0.00145395643314295	0.99850355776877	0.00145395643314295
TMEM208	0.903299688568945	0.00237378387013032	0.99850355776877	0.00237378387013032
NDUFB5	0.903453652316572	0.00198402473165163	0.99850355776877	0.00198402473165163
ADIPOR1	0.903472389944126	-0.00131789383525357	0.99850355776877	-0.00131789383525357
ZCWPW1	0.903508531268314	-0.00098848584526304	0.99850355776877	-0.00098848584526304
MRPS23	0.903568876766548	0.00136737027122571	0.99850355776877	0.00136737027122571
YWHAH	0.903888391887253	0.00227225976907903	0.99850355776877	0.00227225976907903
GOLIM4	0.903903304955	0.00130415994741772	0.99850355776877	0.00130415994741772
CPPED1	0.903997663018944	-0.000646622430865485	0.99850355776877	-0.000646622430865485
AC138150.1	0.904034668742782	-0.00128842934997408	0.99850355776877	-0.00128842934997408
MAP4K3-DT	0.904177962587383	-0.00178157681270457	0.99850355776877	-0.00178157681270457
SFXN1	0.904318391340928	0.000718562509564287	0.99850355776877	0.000718562509564287
SDK1	0.904375867113301	0.00198579474236155	0.99850355776877	0.00198579474236155
EMC3	0.904467226734734	-0.00120725002431643	0.99850355776877	-0.00120725002431643
ZNF510	0.904531786766277	-0.00138917204219087	0.99850355776877	-0.00138917204219087
TMEM120B	0.904588350049868	-0.00178678278247312	0.99850355776877	-0.00178678278247312
KHDC4	0.904633195666082	-0.00102524344761215	0.99850355776877	-0.00102524344761215
TRNAU1AP	0.904659880021463	-0.00081057007768435	0.99850355776877	-0.00081057007768435
AMZ1	0.904761117839685	0.00132246056733343	0.99850355776877	0.00132246056733343
MINK1	0.904824389547653	-0.000712996820635961	0.99850355776877	-0.000712996820635961
ZNF746	0.904888754271149	0.0018279060503848	0.99850355776877	0.0018279060503848
GGT7	0.905036771648556	0.000890033064702489	0.99850355776877	0.000890033064702489
SOS1	0.905064531581654	0.000569384442669797	0.99850355776877	0.000569384442669797
ELOC	0.905095268572732	0.00157483948677408	0.99850355776877	0.00157483948677408
NECTIN3-AS1	0.905319253895159	-0.00185614622644534	0.99850355776877	-0.00185614622644534
PLP1	0.905485183440271	0.000743021928919823	0.99850355776877	0.000743021928919823
RPS4Y1	0.905514421623479	-0.00240810822383732	0.99850355776877	-0.00240810822383732
PTPDC1	0.905704662249877	0.000771886506557305	0.99850355776877	0.000771886506557305
PCIF1	0.905720228851093	-0.00169354939317248	0.99850355776877	-0.00169354939317248
MRPS30	0.905734487130145	0.00187291115764614	0.99850355776877	0.00187291115764614
VBP1	0.905830602877747	-0.00175428752406844	0.99850355776877	-0.00175428752406844
CLCN2	0.905918612143111	-0.0012055467442248	0.99850355776877	-0.0012055467442248
DCAF15	0.905963531048053	-0.00188349955354247	0.99850355776877	-0.00188349955354247
AC007221.1	0.905977217205166	-0.00128351684856365	0.99850355776877	-0.00128351684856365
DNAJA4	0.906040300685473	0.00188291139271463	0.99850355776877	0.00188291139271463
CELF1	0.906188324874838	-0.000612749174394476	0.99850355776877	-0.000612749174394476
GMDS	0.906239408744611	0.000941167873332015	0.99850355776877	0.000941167873332015
TMPO	0.906269423506638	0.00103106705051718	0.99850355776877	0.00103106705051718
PRKX	0.906326861350105	-0.001437453595622	0.99850355776877	-0.001437453595622
TTN-AS1	0.906357015290672	-0.00106524108963172	0.99850355776877	-0.00106524108963172
MALSU1	0.906499157311055	-0.000918343995318178	0.99850355776877	-0.000918343995318178
ATP1A1-AS1	0.906578614830232	-0.00108684899999938	0.99850355776877	-0.00108684899999938
ZNF839	0.906634946373601	0.00121095780464689	0.99850355776877	0.00121095780464689
AC025580.3	0.90664878292167	0.00160667870251917	0.99850355776877	0.00160667870251917
TMEM44-AS1	0.906752076825819	0.00145294831961896	0.99850355776877	0.00145294831961896
CKB	0.906853253895548	0.00117957604885294	0.99850355776877	0.00117957604885294
MPP2	0.90703476502706	0.00077476223781304	0.99850355776877	0.00077476223781304
NRIP2	0.907149145364529	-0.00208149098149892	0.99850355776877	-0.00208149098149892
GPR108	0.907214003846098	-0.00145379913985169	0.99850355776877	-0.00145379913985169
SENP2	0.907247350933072	-0.000701443991754859	0.99850355776877	-0.000701443991754859
ECH1	0.907294524829002	-0.00143437888979379	0.99850355776877	-0.00143437888979379
DFFB	0.907478037345927	0.00126467870617317	0.99850355776877	0.00126467870617317
IQGAP1	0.907703882343972	-0.000594861823403779	0.99850355776877	-0.000594861823403779
ALDH1L2	0.907718100493882	-0.00180168229282443	0.99850355776877	-0.00180168229282443
STIM1	0.907761586631757	-0.00242862946531435	0.99850355776877	-0.00242862946531435
CBLN2	0.907923165138335	-0.00304995846214074	0.99850355776877	-0.00304995846214074
ACBD6	0.908047508338522	-0.000482127196440497	0.99850355776877	-0.000482127196440497
ZNF26	0.908319295831576	-0.00114449228003009	0.99850355776877	-0.00114449228003009
ZNF28	0.908405870436665	0.00180582679096598	0.99850355776877	0.00180582679096598
GEMIN2	0.908548226993124	0.00168560527558856	0.99850355776877	0.00168560527558856
UBE2A	0.908809246814895	-0.00132032255643542	0.99850355776877	-0.00132032255643542
SSR1	0.908895394240988	-0.000852211075229871	0.99850355776877	-0.000852211075229871
GABPB1-AS1	0.909066758595068	-0.000688140706698014	0.99850355776877	-0.000688140706698014
ABHD5	0.909177677791813	0.00103778985885993	0.99850355776877	0.00103778985885993
MAPKAPK5-AS1	0.90918561811191	0.00172913067108475	0.99850355776877	0.00172913067108475
GNAI1	0.909390946510667	0.000479924897348498	0.99850355776877	0.000479924897348498
GNL3	0.909473382724653	0.00156281089007436	0.99850355776877	0.00156281089007436
TPRG1	0.9095173151273	-0.0016112421810837	0.99850355776877	-0.0016112421810837
LRRC57	0.90954579575588	-0.00201181126326312	0.99850355776877	-0.00201181126326312
EIF3J	0.909567174578273	-0.000784846114822244	0.99850355776877	-0.000784846114822244
SNUPN	0.909613047542792	-0.00132017398752408	0.99850355776877	-0.00132017398752408
RPF2	0.909770714205763	0.00104774185373373	0.99850355776877	0.00104774185373373
NISCH	0.909850799062999	-0.00106841711558784	0.99850355776877	-0.00106841711558784
CPXM2	0.910026060585491	-0.00221006606992115	0.99850355776877	-0.00221006606992115
ZNF316	0.910156532558445	0.00103471413766029	0.99850355776877	0.00103471413766029
DPY19L1	0.910172392816578	-0.00159733253295231	0.99850355776877	-0.00159733253295231
ALG3	0.910331922037697	0.00168046064396062	0.99850355776877	0.00168046064396062
BBX	0.910363730949846	-0.000365603391584439	0.99850355776877	-0.000365603391584439
LGI4	0.910388497614734	0.00169262586594123	0.99850355776877	0.00169262586594123
DNAJC6	0.910456334213211	-0.000314190756861875	0.99850355776877	-0.000314190756861875
ANKUB1	0.910465348287947	0.00202268618963571	0.99850355776877	0.00202268618963571
SORBS2	0.910502156210539	0.0022235685503653	0.99850355776877	0.0022235685503653
EMC1	0.910577204293033	0.00137247749395485	0.99850355776877	0.00137247749395485
MRPL22	0.910848912840722	0.00125013796514833	0.99850355776877	0.00125013796514833
SCAP	0.910856880504278	-0.000832393671925312	0.99850355776877	-0.000832393671925312
ZNF649	0.910897804465672	0.00157491765459258	0.99850355776877	0.00157491765459258
CATSPERG	0.910914210103662	-0.00102467077644914	0.99850355776877	-0.00102467077644914
CCT8	0.911075943471045	0.0016848580163677	0.99850355776877	0.0016848580163677
EIF3M	0.911232469452924	0.00110924439167389	0.99850355776877	0.00110924439167389
ITPA	0.911238036416717	0.0011250049956422	0.99850355776877	0.0011250049956422
EXOSC3	0.911374879131488	0.000888326260668449	0.99850355776877	0.000888326260668449
CCDC97	0.911489567600801	0.00160782041496902	0.99850355776877	0.00160782041496902
SUPT20H	0.911987808653669	-0.000704663000563475	0.99850355776877	-0.000704663000563475
PDIK1L	0.912092650836796	-0.00127653277981432	0.99850355776877	-0.00127653277981432
ERO1B	0.912125227127888	-0.000900784074651859	0.99850355776877	-0.000900784074651859
ZFHX4	0.912206699449192	-0.000437246043912679	0.99850355776877	-0.000437246043912679
AHI1	0.91237805859856	0.000594953454534118	0.99850355776877	0.000594953454534118
TRAF2	0.912428830878392	-0.00135763201543903	0.99850355776877	-0.00135763201543903
IARS2	0.912443703100155	0.000954594610368845	0.99850355776877	0.000954594610368845
C12orf29	0.91245636337512	0.00199847790988316	0.99850355776877	0.00199847790988316
KANSL3	0.912582430363435	-0.000860766182008235	0.99850355776877	-0.000860766182008235
KDM7A	0.912802492923831	0.00107292734485143	0.99850355776877	0.00107292734485143
EXOSC10	0.912890480329954	0.000938487295520411	0.99850355776877	0.000938487295520411
CCDC77	0.913025196682932	0.00126070237081115	0.99850355776877	0.00126070237081115
RRP12	0.913052907072824	0.00132047206606594	0.99850355776877	0.00132047206606594
ADI1	0.913053249036611	0.00148901921610964	0.99850355776877	0.00148901921610964
B4GAT1	0.913144392303036	-0.00191381729041911	0.99850355776877	-0.00191381729041911
FAF2	0.913169245501697	0.000732506046561706	0.99850355776877	0.000732506046561706
SLC35B1	0.913191274762193	-0.00152760616985086	0.99850355776877	-0.00152760616985086
FAM124A	0.91322730468445	0.000553159454677265	0.99850355776877	0.000553159454677265
NUDT12	0.913257442976771	0.00160227162925189	0.99850355776877	0.00160227162925189
PCMTD1	0.913341833653991	0.000546862404175828	0.99850355776877	0.000546862404175828
USP24	0.913352633573902	0.000581864222565313	0.99850355776877	0.000581864222565313
ADCY6	0.91335899280258	0.00195407728684047	0.99850355776877	0.00195407728684047
CNPPD1	0.913482123937116	0.00179094273456699	0.99850355776877	0.00179094273456699
AFF1	0.913544388004264	0.000617659231676862	0.99850355776877	0.000617659231676862
CCNK	0.913549960821732	0.00105090025161147	0.99850355776877	0.00105090025161147
DLC1	0.913682302415577	-0.000488702038238657	0.99850355776877	-0.000488702038238657
RIC1	0.913737749205431	0.000894410352152735	0.99850355776877	0.000894410352152735
LRRTM3	0.913800266725775	0.000975746853597282	0.99850355776877	0.000975746853597282
ZNF354B	0.913906523446631	-0.00115297675767317	0.99850355776877	-0.00115297675767317
TCEAL1	0.914018497551107	0.00200448373839286	0.99850355776877	0.00200448373839286
AMT	0.914048314295188	0.00168194171320852	0.99850355776877	0.00168194171320852
BNIP1	0.914083709274253	-0.00169630328706296	0.99850355776877	-0.00169630328706296
PRRC1	0.914132732796661	0.00109135599366279	0.99850355776877	0.00109135599366279
CEP152	0.914237376089141	0.0013401950708096	0.99850355776877	0.0013401950708096
AC010145.1	0.914268096564448	0.00162487402979286	0.99850355776877	0.00162487402979286
FAM81A	0.914274529143362	0.00145311499876617	0.99850355776877	0.00145311499876617
GOLPH3L	0.914742199133976	-0.00141907904438512	0.99850355776877	-0.00141907904438512
NRAS	0.914747931715813	-0.00148416551730828	0.99850355776877	-0.00148416551730828
APBA2	0.914924756879137	-0.000644957284116215	0.99850355776877	-0.000644957284116215
TOM1	0.91506977158749	0.000992479259694207	0.99850355776877	0.000992479259694207
LINC02649	0.915302588437191	-0.00170546310909544	0.99850355776877	-0.00170546310909544
CRBN	0.915481471940011	0.000699218753885478	0.99850355776877	0.000699218753885478
RRAGC	0.915495993558761	0.000969554926919457	0.99850355776877	0.000969554926919457
MTRR	0.915523382984159	-0.000746165354175601	0.99850355776877	-0.000746165354175601
NKIRAS1	0.91563522530397	0.00147937169116665	0.99850355776877	0.00147937169116665
ZNF622	0.915769399193194	-0.00205809926356138	0.99850355776877	-0.00205809926356138
TXNL1	0.915795930591092	0.00081599691377657	0.99850355776877	0.00081599691377657
VAPA	0.915852789524845	0.000547855079958846	0.99850355776877	0.000547855079958846
PPP4C	0.915853653414917	-0.00100270995518579	0.99850355776877	-0.00100270995518579
FAM114A1	0.915956287623976	0.000815934250724739	0.99850355776877	0.000815934250724739
DCP2	0.916138711956925	-0.000900051156601904	0.99850355776877	-0.000900051156601904
CERT1	0.916235208526909	-0.000509699785329806	0.99850355776877	-0.000509699785329806
ARL6IP5	0.916289758851346	0.000771963279239027	0.99850355776877	0.000771963279239027
CNKSR1	0.916323636213368	0.00131591838111959	0.99850355776877	0.00131591838111959
CDC40	0.916363819154229	0.000775238483051789	0.99850355776877	0.000775238483051789
AC090114.2	0.916518721291259	0.00113082183952267	0.99850355776877	0.00113082183952267
M6PR	0.916607974068703	-0.0012877664430939	0.99850355776877	-0.0012877664430939
RNF103	0.916796584370444	0.00104601006675293	0.99850355776877	0.00104601006675293
NFE2L1	0.916801885469748	-0.00116360115683056	0.99850355776877	-0.00116360115683056
SOX10	0.916834107308721	0.000542221943208196	0.99850355776877	0.000542221943208196
AVIL	0.916929476362193	0.00120501519898398	0.99850355776877	0.00120501519898398
ZNF354A	0.916931043676149	0.00118200951068276	0.99850355776877	0.00118200951068276
ARRDC2	0.917015727209255	0.000920183129379801	0.99850355776877	0.000920183129379801
FZR1	0.91703797044779	0.000847995916203201	0.99850355776877	0.000847995916203201
A1BG-AS1	0.917087038656166	0.00120167104935321	0.99850355776877	0.00120167104935321
PURG	0.917092773212634	0.00108079899136185	0.99850355776877	0.00108079899136185
KCTD4	0.917201920457237	0.00201347552802317	0.99850355776877	0.00201347552802317
AC096677.1	0.917250331779157	0.000782538151865177	0.99850355776877	0.000782538151865177
PKP4	0.917298898600038	-0.000390977557605111	0.99850355776877	-0.000390977557605111
LINC01572	0.917456947833552	0.000985329152694326	0.99850355776877	0.000985329152694326
PTPRF	0.917597937643128	0.000482418766043537	0.99850355776877	0.000482418766043537
NEFL	0.917620552724157	0.00259742047932318	0.99850355776877	0.00259742047932318
AL161457.2	0.917668670726888	-0.00141784442240457	0.99850355776877	-0.00141784442240457
PYURF	0.917845291973638	-0.00174162762037201	0.99850355776877	-0.00174162762037201
PHF21A	0.917875240355533	-0.00039634092196953	0.99850355776877	-0.00039634092196953
IFIT1	0.918078959869686	0.00196788303955907	0.99850355776877	0.00196788303955907
SQSTM1	0.918084531966817	-0.00064406093169909	0.99850355776877	-0.00064406093169909
AAMDC	0.918087406905775	-0.000641979488835668	0.99850355776877	-0.000641979488835668
CHFR	0.918270785147209	-0.000646034881228016	0.99850355776877	-0.000646034881228016
NUBP2	0.918383578553929	-0.00130153142797308	0.99850355776877	-0.00130153142797308
DIPK2A	0.918394489740078	0.000598671863921547	0.99850355776877	0.000598671863921547
SIPA1L3	0.918470442409182	0.000521966238113914	0.99850355776877	0.000521966238113914
SNCA	0.918493623804117	0.000710514070674689	0.99850355776877	0.000710514070674689
CELF6	0.918542139715048	0.000972356495452248	0.99850355776877	0.000972356495452248
CDIPT	0.918578615988578	-0.00136614870709812	0.99850355776877	-0.00136614870709812
NOL12	0.918661957758918	0.00120085921860481	0.99850355776877	0.00120085921860481
LCA5	0.91866637762148	-0.00136640492090748	0.99850355776877	-0.00136640492090748
CFL1	0.918694810455974	-0.00111787074258332	0.99850355776877	-0.00111787074258332
RPL4	0.918755360685223	0.00141284228303603	0.99850355776877	0.00141284228303603
NAV3	0.918784961512769	-0.00145723066783767	0.99850355776877	-0.00145723066783767
OSER1	0.918946694923534	-0.001444592376143	0.99850355776877	-0.001444592376143
DUSP10	0.918978628193731	-0.000660181547000053	0.99850355776877	-0.000660181547000053
INPP4B	0.919077585048809	0.00150550275717031	0.99850355776877	0.00150550275717031
ZNF320	0.919111468755037	-0.00150459996129342	0.99850355776877	-0.00150459996129342
KDELR1	0.919121059637849	0.000982741073986024	0.99850355776877	0.000982741073986024
DAPK2	0.919241202642431	0.000721747492509875	0.99850355776877	0.000721747492509875
LINC01470	0.919390260806236	0.00202201735077081	0.99850355776877	0.00202201735077081
LONRF2	0.919512756635538	-0.00166913150655279	0.99850355776877	-0.00166913150655279
ZFAS1	0.919946410281461	-0.0012229810425326	0.99850355776877	-0.0012229810425326
CDH18	0.920363992713182	0.00209041778891274	0.99850355776877	0.00209041778891274
RPL37	0.9204815742643	0.000917489785699426	0.99850355776877	0.000917489785699426
TRIM44	0.920640541381479	-0.000482027456483076	0.99850355776877	-0.000482027456483076
RNF31	0.920768813614768	-0.00106497849332272	0.99850355776877	-0.00106497849332272
ZNF718	0.920930400620994	-0.000630298441616689	0.99850355776877	-0.000630298441616689
GRIN2B	0.9209673284308	-0.00195097733048829	0.99850355776877	-0.00195097733048829
NSUN5	0.921029756090108	0.00118675029441097	0.99850355776877	0.00118675029441097
KLHL21	0.921078856405384	0.000794495589117844	0.99850355776877	0.000794495589117844
HSPA5	0.921312784075321	-0.0012296110138357	0.99850355776877	-0.0012296110138357
NOVA1	0.921317407318014	-0.000456176264961346	0.99850355776877	-0.000456176264961346
LINC00513	0.921434062597588	0.00172774739492344	0.99850355776877	0.00172774739492344
MIR3936HG	0.921462941700826	0.00133020636085468	0.99850355776877	0.00133020636085468
SNIP1	0.921541448655514	0.00153583936616107	0.99850355776877	0.00153583936616107
IMPDH2	0.921592924934317	0.0016532003920409	0.99850355776877	0.0016532003920409
KPNA1	0.921650287219175	-0.000528533100004551	0.99850355776877	-0.000528533100004551
GTPBP1	0.922049095628552	-0.000763713496779416	0.99850355776877	-0.000763713496779416
KDM2B	0.922156021313451	-0.000654117794535501	0.99850355776877	-0.000654117794535501
HNRNPM	0.922354233554823	0.000520789127784337	0.99850355776877	0.000520789127784337
CST3	0.922469001192194	-0.00232035345698864	0.99850355776877	-0.00232035345698864
AL354809.1	0.922579249685034	0.000616880053169561	0.99850355776877	0.000616880053169561
AGO1	0.922783300815264	0.000829335723905779	0.99850355776877	0.000829335723905779
SPATS2L	0.922800257798465	-0.000598459223967781	0.99850355776877	-0.000598459223967781
RFX3	0.922868705299712	-0.000572261499315558	0.99850355776877	-0.000572261499315558
CORO2B	0.922879810767419	0.000529139990308772	0.99850355776877	0.000529139990308772
PEX5	0.92292425224309	0.00137792117915146	0.99850355776877	0.00137792117915146
HNRNPUL1	0.922943813972226	0.000549885371303877	0.99850355776877	0.000549885371303877
ZNF14	0.92294941857421	-0.000920485699639134	0.99850355776877	-0.000920485699639134
CLN3	0.922972657226523	0.000803063151400689	0.99850355776877	0.000803063151400689
NDUFA12	0.923019454719388	0.00179385542838148	0.99850355776877	0.00179385542838148
EFR3B	0.923127405157952	-0.00078352576555674	0.99850355776877	-0.00078352576555674
ATP2B4	0.923258277881867	-0.000732561368271569	0.99850355776877	-0.000732561368271569
TNRC18	0.923305413035005	-0.000803561763394935	0.99850355776877	-0.000803561763394935
KIF13A	0.923351382560008	0.00035701137056983	0.99850355776877	0.00035701137056983
LGI3	0.92341166362694	0.000707702713555146	0.99850355776877	0.000707702713555146
NUS1	0.923419072868359	0.000770365276803142	0.99850355776877	0.000770365276803142
AHCYL1	0.92369876648304	0.000724615517754221	0.99850355776877	0.000724615517754221
TOB2	0.923747296132432	0.000604384534040092	0.99850355776877	0.000604384534040092
AGO4	0.923806211806032	-0.00060657970216515	0.99850355776877	-0.00060657970216515
RARS2	0.923993165017299	-0.000595598642201808	0.99850355776877	-0.000595598642201808
MACF1	0.92406659719066	-0.000480779446600313	0.99850355776877	-0.000480779446600313
TYMS	0.924076998468909	-0.00123991942060591	0.99850355776877	-0.00123991942060591
EPHX2	0.924134424572812	0.00122645950060642	0.99850355776877	0.00122645950060642
PSMC5	0.924151833035337	-0.00129882934349956	0.99850355776877	-0.00129882934349956
S1PR5	0.924223518274824	-0.00116238807737112	0.99850355776877	-0.00116238807737112
DIXDC1	0.924460871005273	0.000476026009001045	0.99850355776877	0.000476026009001045
ZNF514	0.924645133384129	0.000843568950617906	0.99850355776877	0.000843568950617906
UFSP2	0.924660184258803	-0.000768208774094645	0.99850355776877	-0.000768208774094645
ADRM1	0.924810799905647	0.00139109495449825	0.99850355776877	0.00139109495449825
STAM	0.924862230485004	0.000556032808433685	0.99850355776877	0.000556032808433685
LINC01170	0.924883512110638	0.000617120750404036	0.99850355776877	0.000617120750404036
RALGAPA2	0.924902531965271	-0.000495868981556574	0.99850355776877	-0.000495868981556574
ITGAE	0.924929579680664	-0.000921586451980399	0.99850355776877	-0.000921586451980399
RAB8A	0.924982930561643	0.00132674593307204	0.99850355776877	0.00132674593307204
PHB2	0.925024079470818	-0.00122235241138559	0.99850355776877	-0.00122235241138559
C8orf76	0.925156712458873	-0.00103969284386713	0.99850355776877	-0.00103969284386713
CSRP1	0.92523325131988	0.000655560355484225	0.99850355776877	0.000655560355484225
CERS4	0.925414004992045	0.000465819084539987	0.99850355776877	0.000465819084539987
TIMMDC1	0.925480125063273	0.000677207908156542	0.99850355776877	0.000677207908156542
NCAM2	0.925602226784815	-0.000284385900926968	0.99850355776877	-0.000284385900926968
TMX2	0.925603838642656	-0.000646108191982167	0.99850355776877	-0.000646108191982167
PPP1R15B	0.925696216560968	0.00102555203378401	0.99850355776877	0.00102555203378401
GTPBP2	0.925744273562748	-0.00118840367402909	0.99850355776877	-0.00118840367402909
TTC13	0.925748360745976	0.000661062829542042	0.99850355776877	0.000661062829542042
COX6C	0.925760857847406	-0.00169880980258269	0.99850355776877	-0.00169880980258269
IFFO1	0.925774494977714	-0.00141272976828014	0.99850355776877	-0.00141272976828014
SYN3	0.925846449528964	-0.00182279011132631	0.99850355776877	-0.00182279011132631
ZNF521	0.925850752878729	0.000755688813656777	0.99850355776877	0.000755688813656777
SNRPN	0.925915177627998	-0.00146998140545129	0.99850355776877	-0.00146998140545129
SCUBE2	0.925967730348351	-0.00124749296731885	0.99850355776877	-0.00124749296731885
PDZRN4	0.926056784002249	0.00185593935076613	0.99850355776877	0.00185593935076613
C5	0.926098492940533	0.000931501192734236	0.99850355776877	0.000931501192734236
ANKRD26	0.926134399608497	-0.000675216863725682	0.99850355776877	-0.000675216863725682
MRPL20	0.926211947145454	0.000928039692658606	0.99850355776877	0.000928039692658606
ZNF616	0.926341487381492	-0.00152418180771126	0.99850355776877	-0.00152418180771126
TMEM135	0.926438753335027	-0.000524373352900782	0.99850355776877	-0.000524373352900782
HHIP-AS1	0.926513042250967	0.00133623924010863	0.99850355776877	0.00133623924010863
KMT5A	0.926521926277578	-0.000882182202983028	0.99850355776877	-0.000882182202983028
TMEM59	0.926522591908772	0.00055493883411699	0.99850355776877	0.00055493883411699
PPWD1	0.926535514714344	-0.000649198192788478	0.99850355776877	-0.000649198192788478
RAPGEFL1	0.926645944496651	0.00236890408092473	0.99850355776877	0.00236890408092473
ERICH1	0.926746008115395	-0.000716846777863177	0.99850355776877	-0.000716846777863177
RCOR3	0.926757651625351	0.000540071716669036	0.99850355776877	0.000540071716669036
HACE1	0.927128927500207	0.000665699341220106	0.99850355776877	0.000665699341220106
CEP128	0.927192414631605	-0.000504742552033363	0.99850355776877	-0.000504742552033363
SBDS	0.927314122397116	-0.00112358366444913	0.99850355776877	-0.00112358366444913
UGDH	0.927468803218586	0.0010880058907428	0.99850355776877	0.0010880058907428
AAMP	0.927498632769516	-0.00127577148101683	0.99850355776877	-0.00127577148101683
EEF1A2	0.927519807217018	0.00288843275968426	0.99850355776877	0.00288843275968426
PCAT1	0.927626632161746	-0.00135816603791173	0.99850355776877	-0.00135816603791173
PXDNL	0.927643091256724	-0.000999840307535225	0.99850355776877	-0.000999840307535225
MALT1	0.927759802827198	-0.00105577514209415	0.99850355776877	-0.00105577514209415
JOSD1	0.927887974209695	-0.000896182846127279	0.99850355776877	-0.000896182846127279
STX17	0.927889527618904	-0.000769089812379896	0.99850355776877	-0.000769089812379896
PLS3-AS1	0.928002395431393	0.00107483651261497	0.99850355776877	0.00107483651261497
PCBP1-AS1	0.928084360860718	0.000482194311609858	0.99850355776877	0.000482194311609858
LSM2	0.92813715672146	-0.00121346287643133	0.99850355776877	-0.00121346287643133
DCTN6	0.928195090179941	-0.00134866422347547	0.99850355776877	-0.00134866422347547
HP1BP3	0.928283639257427	0.000427295046438972	0.99850355776877	0.000427295046438972
ZNF282	0.928327735507222	0.000923892246033369	0.99850355776877	0.000923892246033369
VPS39	0.928345583201464	0.00053455898648812	0.99850355776877	0.00053455898648812
WDR7	0.928390817615556	0.000324437144964756	0.99850355776877	0.000324437144964756
MOB3B	0.928403117551325	-0.000343167669412001	0.99850355776877	-0.000343167669412001
KMT5C	0.928439831909015	0.000791232575684224	0.99850355776877	0.000791232575684224
ZNF354C	0.928557622582204	0.00100408228671498	0.99850355776877	0.00100408228671498
EBLN3P	0.928704266686917	-0.000988373890295102	0.99850355776877	-0.000988373890295102
ZDHHC11	0.928759310373951	-0.00101225885093706	0.99850355776877	-0.00101225885093706
PITHD1	0.928769343466068	-0.00101552312346697	0.99850355776877	-0.00101552312346697
RXYLT1	0.928825438714602	0.000968110061037861	0.99850355776877	0.000968110061037861
SPATA6L	0.928956794965661	0.00142498721983938	0.99850355776877	0.00142498721983938
SLC4A7	0.929002067982822	-0.00115042144967684	0.99850355776877	-0.00115042144967684
DOCK7	0.929124597443525	0.00106246952416931	0.99850355776877	0.00106246952416931
KCNQ1OT1	0.929292359017892	0.000487142772256232	0.99850355776877	0.000487142772256232
RTEL1	0.92942744149415	0.00114512988549539	0.99850355776877	0.00114512988549539
DGKD	0.929621749468957	0.000540272411487415	0.99850355776877	0.000540272411487415
SHMT1	0.929690978263361	0.000769045654953675	0.99850355776877	0.000769045654953675
CRELD1	0.92970247975778	-0.00112081907166562	0.99850355776877	-0.00112081907166562
AC006299.1	0.929784262682904	-0.00111274594960765	0.99850355776877	-0.00111274594960765
CTDSP1	0.929827367897181	0.000996916734873313	0.99850355776877	0.000996916734873313
RRAGB	0.930283019938409	0.000705782945115815	0.99850355776877	0.000705782945115815
PSG8	0.930429339820813	-0.00134955657055201	0.99850355776877	-0.00134955657055201
NRAD1	0.930559334631179	-0.000993718521581571	0.99850355776877	-0.000993718521581571
CD2BP2	0.930572740799536	-0.00106609464431568	0.99850355776877	-0.00106609464431568
LINC00609	0.930639374485297	0.000489704300143046	0.99850355776877	0.000489704300143046
PTPRE	0.930684323806527	-0.000631637073783617	0.99850355776877	-0.000631637073783617
AL157392.3	0.930686299448347	-0.000791429758849749	0.99850355776877	-0.000791429758849749
CPM	0.930790354905715	-0.000457313988968497	0.99850355776877	-0.000457313988968497
NUP155	0.930952316135199	0.000890150359403164	0.99850355776877	0.000890150359403164
TYK2	0.931061834367828	-0.000795021351406499	0.99850355776877	-0.000795021351406499
OXNAD1	0.93146713225222	0.000564318020886165	0.99850355776877	0.000564318020886165
ADCY5	0.931487391570512	-0.000412593590301403	0.99850355776877	-0.000412593590301403
SLC27A1	0.931559948176933	0.000500131207713729	0.99850355776877	0.000500131207713729
GFPT1	0.931569586923355	-0.000673020658879662	0.99850355776877	-0.000673020658879662
STX18	0.931657778625925	-0.000575910778519706	0.99850355776877	-0.000575910778519706
ZNF606	0.931859731821647	0.0010619692717236	0.99850355776877	0.0010619692717236
ERC2	0.932135035711993	-0.00122421028171557	0.99850355776877	-0.00122421028171557
RB1	0.932162322634896	-0.000381081940899923	0.99850355776877	-0.000381081940899923
C11orf49	0.932227509953978	0.000458311806878879	0.99850355776877	0.000458311806878879
LIN54	0.932269804608649	0.000605742701375725	0.99850355776877	0.000605742701375725
TUSC2	0.932327975756485	0.00116870037868046	0.99850355776877	0.00116870037868046
ARHGEF10	0.932414935087938	-0.000467214007837924	0.99850355776877	-0.000467214007837924
C1orf43	0.932500345892529	0.000596838564142153	0.99850355776877	0.000596838564142153
USP7	0.932523846437344	-0.000577957782602513	0.99850355776877	-0.000577957782602513
FAM47E	0.932854892089437	0.00124400182069057	0.99850355776877	0.00124400182069057
NEDD8	0.932995835853805	-0.000984288419441936	0.99850355776877	-0.000984288419441936
SNRNP70	0.933057143658011	0.00037424519378972	0.99850355776877	0.00037424519378972
ZNF614	0.93319705248435	-0.0011575576427927	0.99850355776877	-0.0011575576427927
SRCIN1	0.933301820823864	0.000347860033351074	0.99850355776877	0.000347860033351074
GDI1	0.933733790509866	-0.000802092213217537	0.99850355776877	-0.000802092213217537
MTUS2	0.93378533978721	-0.00167497293889594	0.99850355776877	-0.00167497293889594
PMVK	0.933873756681695	0.00125225726923164	0.99850355776877	0.00125225726923164
RANBP10	0.933930940986567	-0.000724158222574544	0.99850355776877	-0.000724158222574544
DNAJC8	0.933932687361095	-0.000824818914908398	0.99850355776877	-0.000824818914908398
KCNK15-AS1	0.933967017846061	-0.000936144482169799	0.99850355776877	-0.000936144482169799
MARCH3	0.934032980066622	-0.00106730288977715	0.99850355776877	-0.00106730288977715
ARRDC3	0.934178296033393	-0.000753848012071817	0.99850355776877	-0.000753848012071817
NOL8	0.934192774671124	0.000727684853807925	0.99850355776877	0.000727684853807925
PCMTD2	0.934193977138155	-0.000633391643425863	0.99850355776877	-0.000633391643425863
UBE2N	0.934224970035429	-0.000744247802231791	0.99850355776877	-0.000744247802231791
EIF1AX	0.934280842478737	-0.00071531512484628	0.99850355776877	-0.00071531512484628
FBXW7	0.934319045630389	-0.000840152726880002	0.99850355776877	-0.000840152726880002
SYT11	0.934428907256106	-0.000521540764229444	0.99850355776877	-0.000521540764229444
KCNB2	0.934464367675608	-0.00169680449777386	0.99850355776877	-0.00169680449777386
CHMP1A	0.934490488136723	0.000729429110587527	0.99850355776877	0.000729429110587527
BCKDHA	0.934570074159127	-0.00103899802105461	0.99850355776877	-0.00103899802105461
ABTB1	0.934603131472446	-0.000973833280835539	0.99850355776877	-0.000973833280835539
METTL5	0.934614833510659	0.00108416937799378	0.99850355776877	0.00108416937799378
MAN2C1	0.934659846529894	-0.000643906543845896	0.99850355776877	-0.000643906543845896
RPS11	0.935164213283435	-0.00102781720077873	0.99850355776877	-0.00102781720077873
PRR13	0.935219511676301	-0.00135475805965265	0.99850355776877	-0.00135475805965265
COX17	0.935310504804544	-0.00134414561116318	0.99850355776877	-0.00134414561116318
DCUN1D4	0.935324921951012	-0.000377863002875249	0.99850355776877	-0.000377863002875249
NABP2	0.935404114659591	0.00139737997621418	0.99850355776877	0.00139737997621418
THUMPD3	0.935629962243888	-0.000885625199446039	0.99850355776877	-0.000885625199446039
PRH1	0.935786750248229	0.000440964436539906	0.99850355776877	0.000440964436539906
ZNF624	0.936137400453504	0.000952932129934889	0.99850355776877	0.000952932129934889
ZNF394	0.936183828719748	-0.000778104742822855	0.99850355776877	-0.000778104742822855
MAP3K3	0.936451504696384	0.000460990672097105	0.99850355776877	0.000460990672097105
RPL5	0.936463350798201	-0.000851365781139838	0.99850355776877	-0.000851365781139838
PDCD7	0.936524731106686	-0.000618362842100249	0.99850355776877	-0.000618362842100249
ZBTB25	0.936546960433076	-0.000664953827076383	0.99850355776877	-0.000664953827076383
RSPRY1	0.93659557360901	-0.000562950089447881	0.99850355776877	-0.000562950089447881
CD46	0.93664978790014	-0.000481102478857534	0.99850355776877	-0.000481102478857534
SLC9B2	0.93665998751735	0.0013864291729661	0.99850355776877	0.0013864291729661
CDK11B	0.936689285498479	0.000638611808800876	0.99850355776877	0.000638611808800876
PLPP4	0.936726679510903	0.000885259341638223	0.99850355776877	0.000885259341638223
PELP1	0.936782552592562	0.000611203865570909	0.99850355776877	0.000611203865570909
UBE2E2	0.936798966690467	0.000218589480034369	0.99850355776877	0.000218589480034369
COL9A2	0.937087683319079	-0.000643816677345575	0.99850355776877	-0.000643816677345575
FAM3C	0.937209005580648	0.00104099028042964	0.99850355776877	0.00104099028042964
PSMA1	0.937279565899477	-0.00122086224273269	0.99850355776877	-0.00122086224273269
LNPK	0.937604409581939	-0.000615090541691142	0.99850355776877	-0.000615090541691142
PEX3	0.937609835425009	-0.000574547969384497	0.99850355776877	-0.000574547969384497
RAP1A	0.937854670546612	-0.000367482354142153	0.99850355776877	-0.000367482354142153
RO60	0.937909793358976	-0.000611481351702422	0.99850355776877	-0.000611481351702422
SCAF1	0.937987403427489	0.000920744305267509	0.99850355776877	0.000920744305267509
RPAP3	0.938239317263413	0.000809205922838055	0.99850355776877	0.000809205922838055
LINC01416	0.938442019104215	0.00106836794582897	0.99850355776877	0.00106836794582897
POLR2B	0.938498749790167	-0.000484572630599692	0.99850355776877	-0.000484572630599692
NRF1	0.938679834838517	-0.000356240296966935	0.99850355776877	-0.000356240296966935
LINS1	0.938710820351228	0.000829181034134955	0.99850355776877	0.000829181034134955
CAPN3	0.938801694571471	0.000401136152831838	0.99850355776877	0.000401136152831838
ZNF287	0.938802355305796	0.00111335966716468	0.99850355776877	0.00111335966716468
ATP9A	0.938814485205579	-0.000387590720576109	0.99850355776877	-0.000387590720576109
PIK3C3	0.938912602904602	0.000394382782427179	0.99850355776877	0.000394382782427179
SPOP	0.938927123101507	-0.000426693662062332	0.99850355776877	-0.000426693662062332
LINC00662	0.938973023380111	-0.000466766189003092	0.99850355776877	-0.000466766189003092
ETFRF1	0.939027421630089	-0.00102560148068689	0.99850355776877	-0.00102560148068689
ATG5	0.939032259850484	0.000631464229631826	0.99850355776877	0.000631464229631826
CCDC15	0.9391210917195	-0.00125044480123344	0.99850355776877	-0.00125044480123344
AIP	0.939318440844874	0.00108305849342976	0.99850355776877	0.00108305849342976
POLR1B	0.93939300092619	0.00111238634725697	0.99850355776877	0.00111238634725697
PAK1IP1	0.939461833785431	-0.000788642260842596	0.99850355776877	-0.000788642260842596
CBX7	0.939675719941968	0.000420069719322201	0.99850355776877	0.000420069719322201
AC090360.1	0.939737672188999	-0.00138688871824393	0.99850355776877	-0.00138688871824393
GUSB	0.939815705542371	0.000619505809082068	0.99850355776877	0.000619505809082068
MLST8	0.9399108452159	0.00119136261694627	0.99850355776877	0.00119136261694627
FBRSL1	0.939916971285575	-0.000571884519829675	0.99850355776877	-0.000571884519829675
AC005009.2	0.939996291896024	-0.00100345864267917	0.99850355776877	-0.00100345864267917
SH3D19	0.94006241472292	-0.000270205365496094	0.99850355776877	-0.000270205365496094
AC005070.3	0.940261575959835	0.000933988380981103	0.99850355776877	0.000933988380981103
KREMEN1	0.940329378594682	-0.00101571824497251	0.99850355776877	-0.00101571824497251
BCL2L2	0.940352100863984	0.000964825676098024	0.99850355776877	0.000964825676098024
COL4A5	0.940392445453555	0.000331191798872144	0.99850355776877	0.000331191798872144
CGRRF1	0.94047443713801	-0.00104469213470747	0.99850355776877	-0.00104469213470747
FBXO33	0.940565045227726	-0.000603157713129635	0.99850355776877	-0.000603157713129635
KIAA1755	0.940716608400014	0.00037029793354588	0.99850355776877	0.00037029793354588
CHERP	0.940744327793646	-0.000689509065892353	0.99850355776877	-0.000689509065892353
ISG20L2	0.940752189586672	-0.00112813880765678	0.99850355776877	-0.00112813880765678
NDUFAF5	0.941093274507741	-0.000802353554546554	0.99850355776877	-0.000802353554546554
SLC25A1	0.941311174514454	-0.000966258126886832	0.99850355776877	-0.000966258126886832
HLF	0.941371044880122	-0.00188361982810139	0.99850355776877	-0.00188361982810139
RAP1B	0.941415320869507	-0.000478211298845334	0.99850355776877	-0.000478211298845334
MMGT1	0.941444018705071	0.00123105970408099	0.99850355776877	0.00123105970408099
CHCHD10	0.941591914539934	0.00139119701106282	0.99850355776877	0.00139119701106282
KATNBL1	0.941615588120969	0.000426070202113335	0.99850355776877	0.000426070202113335
TIAL1	0.941616463269473	0.000394560254567143	0.99850355776877	0.000394560254567143
NOXA1	0.941652251284905	0.00152094024841397	0.99850355776877	0.00152094024841397
CDK9	0.941718252239268	0.000761403247191813	0.99850355776877	0.000761403247191813
TADA2A	0.941731602447513	-0.000634502346609273	0.99850355776877	-0.000634502346609273
DUS1L	0.941780574637023	-0.000721269373900525	0.99850355776877	-0.000721269373900525
CDKL5	0.94215506503266	0.000611058215153333	0.99850355776877	0.000611058215153333
PSMC2	0.942223335501872	0.000776084469033402	0.99850355776877	0.000776084469033402
PKD2L2	0.942234254870091	0.00156252145742347	0.99850355776877	0.00156252145742347
MTIF3	0.942301121386779	-0.000431281938020079	0.99850355776877	-0.000431281938020079
CDK16	0.942376347403952	-0.000814310392212179	0.99850355776877	-0.000814310392212179
ASAP1	0.942575356163482	-0.000433698348794115	0.99850355776877	-0.000433698348794115
CDK11A	0.942591924114265	-0.000662507316497646	0.99850355776877	-0.000662507316497646
SOD1	0.942607152034551	0.000990651059935291	0.99850355776877	0.000990651059935291
CDK14	0.942729808496828	-0.00123964152557873	0.99850355776877	-0.00123964152557873
THUMPD2	0.942881701171088	0.000720707286113174	0.99850355776877	0.000720707286113174
NPRL2	0.943049136525134	-0.00100927578446858	0.99850355776877	-0.00100927578446858
CUL4A	0.94308417763927	-0.000386575711621883	0.99850355776877	-0.000386575711621883
FYCO1	0.943245496894305	-0.000694033970075492	0.99850355776877	-0.000694033970075492
BCAS1	0.943304299367893	-0.000280410084909106	0.99850355776877	-0.000280410084909106
KDELR2	0.943351117509673	-0.00104443120793303	0.99850355776877	-0.00104443120793303
NECTIN3	0.943438950289737	-0.000700829654704438	0.99850355776877	-0.000700829654704438
RPAIN	0.943596132766506	-0.000547419432272504	0.99850355776877	-0.000547419432272504
TMEM132D	0.943952226884414	-0.00131908097997758	0.99850355776877	-0.00131908097997758
GAP43	0.94395720969947	-0.00168385839749186	0.99850355776877	-0.00168385839749186
TICAM2	0.944082013096309	0.000921748770803252	0.99850355776877	0.000921748770803252
SCAMP1	0.944185536066403	-0.000542917728303011	0.99850355776877	-0.000542917728303011
BLOC1S5	0.944250767133694	0.000873735545416402	0.99850355776877	0.000873735545416402
SNAPC3	0.944312116172183	-0.00054983942203298	0.99850355776877	-0.00054983942203298
RSAD1	0.944422580537378	0.000790980638314176	0.99850355776877	0.000790980638314176
CWC22	0.944494800862791	-0.000550670764904614	0.99850355776877	-0.000550670764904614
PNPLA6	0.944561637459944	-0.000453862581833919	0.99850355776877	-0.000453862581833919
SERP2	0.944594324019822	-0.000667745938938708	0.99850355776877	-0.000667745938938708
TEX9	0.944776959991989	-0.000842138799119362	0.99850355776877	-0.000842138799119362
NUP210L	0.944989554300881	0.00111816907591766	0.99850355776877	0.00111816907591766
GPM6A	0.945033019221217	0.00128231624950622	0.99850355776877	0.00128231624950622
LRRC69	0.945051328301634	0.000626827375201671	0.99850355776877	0.000626827375201671
NBR2	0.945145212956033	0.000634657786474903	0.99850355776877	0.000634657786474903
RIOK1	0.945262605548208	-0.000890480283911518	0.99850355776877	-0.000890480283911518
CHRM3	0.945268024348384	0.00125017751855023	0.99850355776877	0.00125017751855023
IFNAR1	0.945392923359338	-0.000521992422312443	0.99850355776877	-0.000521992422312443
CAMK2A	0.945865783827202	0.00146935240015397	0.99850355776877	0.00146935240015397
FITM2	0.945881738104413	0.00104216919664679	0.99850355776877	0.00104216919664679
ARL15	0.945891758504302	-0.000518657960743898	0.99850355776877	-0.000518657960743898
AC087473.1	0.945939348875082	0.000726323113214059	0.99850355776877	0.000726323113214059
AAK1	0.946232253841789	-0.000315782360546263	0.99850355776877	-0.000315782360546263
BTBD9	0.946300776275184	0.000321615485065012	0.99850355776877	0.000321615485065012
SDHAF1	0.946320925797249	-0.00130468145834501	0.99850355776877	-0.00130468145834501
AP002336.2	0.946339407072818	-0.00119455502577337	0.99850355776877	-0.00119455502577337
ADCY3	0.946387815471034	0.000533650081662064	0.99850355776877	0.000533650081662064
FOXO3	0.94646735131531	0.000288625936605907	0.99850355776877	0.000288625936605907
ZNF786	0.946505773175177	-0.000849395670578406	0.99850355776877	-0.000849395670578406
NSMCE1-DT	0.946592507635039	0.000966198826042736	0.99850355776877	0.000966198826042736
NCAPD2	0.946595726728066	0.000639779144062842	0.99850355776877	0.000639779144062842
EPG5	0.946601395985906	0.000480519316371762	0.99850355776877	0.000480519316371762
TMEM125	0.946735831730374	0.000868690445903292	0.99850355776877	0.000868690445903292
SFPQ	0.946740815119069	-0.000321384096765356	0.99850355776877	-0.000321384096765356
TRIR	0.947033773798504	-0.000726246696998848	0.99850355776877	-0.000726246696998848
MYCBP2-AS1	0.947246847605892	0.000680891888866228	0.99850355776877	0.000680891888866228
FBXO11	0.947334590572684	0.00022399150843222	0.99850355776877	0.00022399150843222
MAP3K4	0.947708504305085	0.000340948098725077	0.99850355776877	0.000340948098725077
ANKRD17	0.947833499803932	-0.000215536697354974	0.99850355776877	-0.000215536697354974
NAGPA-AS1	0.947852151426518	0.0012259066457026	0.99850355776877	0.0012259066457026
AC109927.1	0.947857672116751	0.000558125062327747	0.99850355776877	0.000558125062327747
LSM6	0.947886943456244	0.000808926338316314	0.99850355776877	0.000808926338316314
CCNH	0.947904149444087	-0.000261363099567633	0.99850355776877	-0.000261363099567633
PILRA	0.948048076002719	-0.000665874989353116	0.99850355776877	-0.000665874989353116
ANKRD23	0.948210764128291	-0.000421735331485914	0.99850355776877	-0.000421735331485914
FTSJ3	0.948274761536636	-0.00100075193189873	0.99850355776877	-0.00100075193189873
WNK2	0.948420410698413	0.00143822797532088	0.99850355776877	0.00143822797532088
ENO4	0.948433447120121	0.000960085323282704	0.99850355776877	0.000960085323282704
GABRB1	0.948651961542714	-0.00118575597608532	0.99850355776877	-0.00118575597608532
SMYD3	0.948656792635369	0.000545802336425037	0.99850355776877	0.000545802336425037
CNDP2	0.948827472855873	-0.000462129687318835	0.99850355776877	-0.000462129687318835
CHURC1	0.948935149202772	-0.000402414083788268	0.99850355776877	-0.000402414083788268
TSPAN3	0.949004473289095	0.000688360448895214	0.99850355776877	0.000688360448895214
AC092329.4	0.949156752633883	-0.000797700807709675	0.99850355776877	-0.000797700807709675
NSD1	0.949163959936364	-0.000277536660647982	0.99850355776877	-0.000277536660647982
NPTX1	0.949273356009866	0.00156093812011257	0.99850355776877	0.00156093812011257
NBPF3	0.94943505980765	0.00116846310603694	0.99850355776877	0.00116846310603694
ANKRD65	0.949504537734946	-0.000803619152074812	0.99850355776877	-0.000803619152074812
NCOR2	0.94950902470086	0.00032427748538788	0.99850355776877	0.00032427748538788
FAM120AOS	0.949570325850759	-0.000475805476734423	0.99850355776877	-0.000475805476734423
ADAM17	0.949776419362202	0.000384806383147875	0.99850355776877	0.000384806383147875
SP2	0.950093272428697	-0.000750091083106932	0.99850355776877	-0.000750091083106932
ZNF765	0.950157765878793	-0.000525824917993173	0.99850355776877	-0.000525824917993173
FAM118A	0.950175097040314	0.000909349362889878	0.99850355776877	0.000909349362889878
UBE2R2	0.950186409089422	-0.00027542025078851	0.99850355776877	-0.00027542025078851
ZNF562	0.950469694178131	-0.000482301753771748	0.99850355776877	-0.000482301753771748
DCAF7	0.950653024649858	0.000371444521317123	0.99850355776877	0.000371444521317123
PDCL	0.95066914249775	0.000631918996353365	0.99850355776877	0.000631918996353365
NCOA4	0.950721908344435	-0.000726749313616916	0.99850355776877	-0.000726749313616916
HIGD1A	0.950727251831395	-0.00105171476046631	0.99850355776877	-0.00105171476046631
HNRNPL	0.950753587568858	0.000326256454937606	0.99850355776877	0.000326256454937606
TBC1D9B	0.950798561529347	0.000504667346122654	0.99850355776877	0.000504667346122654
CCDC18	0.950997211773622	0.000747498904492382	0.99850355776877	0.000747498904492382
LMO3	0.951127165013784	-0.00140701200235891	0.99850355776877	-0.00140701200235891
DYNC2LI1	0.951172843968834	-0.000613830493672117	0.99850355776877	-0.000613830493672117
SYNJ2BP	0.951331519218964	0.000787697339312999	0.99850355776877	0.000787697339312999
SERINC1	0.951770587591278	-0.000553709704569528	0.99850355776877	-0.000553709704569528
PPDPF	0.951918979140762	0.00074435767943302	0.99850355776877	0.00074435767943302
R3HDM1	0.951938067640783	0.000529110620479906	0.99850355776877	0.000529110620479906
TBCCD1	0.952005888969195	-0.000840737680113753	0.99850355776877	-0.000840737680113753
MARK2	0.95207474645327	-0.00031760362897888	0.99850355776877	-0.00031760362897888
STMN1	0.952171621506583	0.000589308114870724	0.99850355776877	0.000589308114870724
TMEM147	0.952174271225516	0.000926279359236333	0.99850355776877	0.000926279359236333
IQCK	0.952487501141074	0.000380537887979221	0.99850355776877	0.000380537887979221
CHD5	0.952535500616727	0.00115016740683004	0.99850355776877	0.00115016740683004
CCDC90B	0.952585906522687	0.000546801802255318	0.99850355776877	0.000546801802255318
TUT1	0.952774454099558	0.000767778008479807	0.99850355776877	0.000767778008479807
CS	0.9530540056765	-0.000599185156998671	0.99850355776877	-0.000599185156998671
AARSD1	0.953106662034149	-0.000791606719064631	0.99850355776877	-0.000791606719064631
LINC02256	0.953435147842136	-0.000788576786852875	0.99850355776877	-0.000788576786852875
CEP170B	0.953563641327641	0.00108431560798401	0.99850355776877	0.00108431560798401
KIAA0930	0.953616438574976	-0.000283517861887041	0.99850355776877	-0.000283517861887041
VARS	0.953646240498446	-0.000865293922193526	0.99850355776877	-0.000865293922193526
MFSD11	0.953650016806653	-0.000314858165930663	0.99850355776877	-0.000314858165930663
TMEM19	0.953733306399377	0.00066629964050095	0.99850355776877	0.00066629964050095
MATN2	0.953760518524936	0.000387119946990816	0.99850355776877	0.000387119946990816
PGBD1	0.953778943750716	-0.000593812355400408	0.99850355776877	-0.000593812355400408
USP21	0.953786201593262	-0.000964683132950208	0.99850355776877	-0.000964683132950208
EMC4	0.953873524931698	0.000939765696296615	0.99850355776877	0.000939765696296615
S100B	0.953891823247924	-0.000508549645542494	0.99850355776877	-0.000508549645542494
UCK1	0.953942961406179	-0.000903448152424889	0.99850355776877	-0.000903448152424889
ZNF790	0.953986736235536	-0.000601462057010597	0.99850355776877	-0.000601462057010597
ZNF69	0.954088824662708	0.000759715349938085	0.99850355776877	0.000759715349938085
MAP4K3	0.954117313375911	0.000284564173080497	0.99850355776877	0.000284564173080497
MAST4	0.954199483574984	0.000622797991227749	0.99850355776877	0.000622797991227749
AC104123.1	0.954290001017898	-0.000415417807235172	0.99850355776877	-0.000415417807235172
SLC9A3-AS1	0.954313325898137	0.00102151365204653	0.99850355776877	0.00102151365204653
AC245123.1	0.954317620074205	0.00173775509688272	0.99850355776877	0.00173775509688272
CTTNBP2NL	0.954361915525513	0.000439631769348658	0.99850355776877	0.000439631769348658
CCZ1	0.954381518854893	-0.000451647867085281	0.99850355776877	-0.000451647867085281
ZNF592	0.954428884106677	0.000421205057917462	0.99850355776877	0.000421205057917462
SRSF10	0.954445361565379	-0.000365408879515861	0.99850355776877	-0.000365408879515861
PLXDC2	0.954529150617178	-0.000207703569465122	0.99850355776877	-0.000207703569465122
ACTL6A	0.954618550508464	-0.000681588410265154	0.99850355776877	-0.000681588410265154
FAM8A1	0.954870681102402	-0.000728210760293789	0.99850355776877	-0.000728210760293789
PIGH	0.954953862199367	-0.00087504728305808	0.99850355776877	-0.00087504728305808
PLCG2	0.955056915738758	-0.000741830282827857	0.99850355776877	-0.000741830282827857
TMEM68	0.955181788396788	-0.000532627672180997	0.99850355776877	-0.000532627672180997
ZFAND2A	0.955523778599085	-0.000956384481651272	0.99850355776877	-0.000956384481651272
ERCC6L2	0.955688359567405	-0.000315584144945143	0.99850355776877	-0.000315584144945143
LAPTM4B	0.955695162464625	-0.000608448940283038	0.99850355776877	-0.000608448940283038
ABCE1	0.955719400009661	0.000478585156008243	0.99850355776877	0.000478585156008243
DHX16	0.955739590769346	-0.000762771635250559	0.99850355776877	-0.000762771635250559
ZSWIM8	0.955796204032165	-0.000456389190700113	0.99850355776877	-0.000456389190700113
IPCEF1	0.9558440584608	0.000991496079039713	0.99850355776877	0.000991496079039713
ZMYM5	0.955918141600421	0.000322995874966322	0.99850355776877	0.000322995874966322
BNIP3	0.956138489371371	0.00069719880351657	0.99850355776877	0.00069719880351657
AC244033.2	0.956306573186068	-0.000409905867705444	0.99850355776877	-0.000409905867705444
ZNF529	0.956368430236101	-0.000345903757584793	0.99850355776877	-0.000345903757584793
ATG2A	0.95638084009662	0.000538848328207535	0.99850355776877	0.000538848328207535
RAD51D	0.956402722240049	0.00046466309225855	0.99850355776877	0.00046466309225855
CERS1	0.956436320621269	-0.000624291356751114	0.99850355776877	-0.000624291356751114
MT-CO1	0.956496528358505	0.000380331715830349	0.99850355776877	0.000380331715830349
TMBIM6	0.956689416392399	0.000432578574253461	0.99850355776877	0.000432578574253461
DTD1	0.956826495606243	0.000400712651604169	0.99850355776877	0.000400712651604169
CREBRF	0.956859243892866	-0.000305580844465891	0.99850355776877	-0.000305580844465891
OGFOD1	0.956914925540798	-0.000661813721299157	0.99850355776877	-0.000661813721299157
C12orf43	0.957110100361653	-0.000739339879168831	0.99850355776877	-0.000739339879168831
C2CD2L	0.957140085056488	-0.000879429569551266	0.99850355776877	-0.000879429569551266
FXN	0.957215743641795	-0.000558916636559887	0.99850355776877	-0.000558916636559887
SH3KBP1	0.957602606596624	0.000244977762118234	0.99850355776877	0.000244977762118234
FBXO9	0.957650686234802	-0.000320177812221951	0.99850355776877	-0.000320177812221951
AP1AR	0.957743997065424	0.000643307565247906	0.99850355776877	0.000643307565247906
DIAPH1	0.958005169498072	0.000717331832813189	0.99850355776877	0.000717331832813189
SPG7	0.958293273773054	-0.000269488761083976	0.99850355776877	-0.000269488761083976
ZNF610	0.958416181087695	0.000653235415428539	0.99850355776877	0.000653235415428539
KIF21A	0.958427574194037	0.000356031462642719	0.99850355776877	0.000356031462642719
RAB3GAP2	0.958469621100077	0.000312989418967857	0.99850355776877	0.000312989418967857
BSCL2	0.958827597294242	0.00128497509366994	0.99850355776877	0.00128497509366994
PIGS	0.958915955181419	-0.000729370193953767	0.99850355776877	-0.000729370193953767
WBP11	0.958945686381976	-0.000551004919448525	0.99850355776877	-0.000551004919448525
AP2A2	0.958968650735186	0.000405516569289746	0.99850355776877	0.000405516569289746
ARHGAP12	0.958984925430997	-0.000527534774492819	0.99850355776877	-0.000527534774492819
CNEP1R1	0.958995294668554	-0.000679093975866518	0.99850355776877	-0.000679093975866518
PIGP	0.959040361861608	-0.00055095224025707	0.99850355776877	-0.00055095224025707
RHOG	0.959139484154285	0.000641306575320192	0.99850355776877	0.000641306575320192
AL049779.4	0.959148794186571	-0.000560099327511497	0.99850355776877	-0.000560099327511497
AC027682.4	0.95933578869896	-0.000866571315399541	0.99850355776877	-0.000866571315399541
SEMA4D	0.959383261223969	-0.000214454202760206	0.99850355776877	-0.000214454202760206
C17orf49	0.959490568459984	0.000987107360342239	0.99850355776877	0.000987107360342239
ARMH4	0.959521514316807	-0.000323119143222203	0.99850355776877	-0.000323119143222203
UIMC1	0.95955688675487	0.000384633514545435	0.99850355776877	0.000384633514545435
RNASE1	0.959997609176067	-0.000555592777468286	0.99850355776877	-0.000555592777468286
ACACB	0.96000179703419	0.000332637727908037	0.99850355776877	0.000332637727908037
INO80	0.96011412986194	0.000300425802600313	0.99850355776877	0.000300425802600313
C18orf32	0.960191170968692	0.000561631727922842	0.99850355776877	0.000561631727922842
MIR99AHG	0.960279630943455	0.000214001617141788	0.99850355776877	0.000214001617141788
PPIB	0.960383150226233	0.000656229010061497	0.99850355776877	0.000656229010061497
CHUK	0.960385465833053	0.000475143133309565	0.99850355776877	0.000475143133309565
TMF1	0.960430481728428	-0.0003189698893801	0.99850355776877	-0.0003189698893801
TMEM151A	0.960624979560699	0.0004531688669841	0.99850355776877	0.0004531688669841
DVL3	0.960635462322439	-0.000528934641769569	0.99850355776877	-0.000528934641769569
EMC2	0.960689553195744	0.000289139682053694	0.99850355776877	0.000289139682053694
ANKRD50	0.961211188396536	-0.000627140231586805	0.99850355776877	-0.000627140231586805
FBXO25	0.96122311588616	0.000373012550277707	0.99850355776877	0.000373012550277707
UBA2	0.961635800114152	0.00026058009196507	0.99850355776877	0.00026058009196507
SLC35E2A	0.96166462385779	0.000442092669075558	0.99850355776877	0.000442092669075558
NFYA	0.961828377487968	-0.000507773561036734	0.99850355776877	-0.000507773561036734
SCRIB	0.96183416836662	0.000452624871363365	0.99850355776877	0.000452624871363365
RING1	0.962071557508269	0.000399427747306488	0.99850355776877	0.000399427747306488
TBC1D22A	0.962146623380367	0.000240060781412839	0.99850355776877	0.000240060781412839
FAM13B	0.962224322191385	-0.000190795883473474	0.99850355776877	-0.000190795883473474
SCN2A	0.962296073249416	-0.00093813228959659	0.99850355776877	-0.00093813228959659
AL731577.2	0.962326699873125	0.000403462142086206	0.99850355776877	0.000403462142086206
ARMCX2	0.962400402164453	0.000796706616236295	0.99850355776877	0.000796706616236295
WWTR1	0.962431287314098	0.000442536092718832	0.99850355776877	0.000442536092718832
ZKSCAN8	0.962528610994084	-0.000532515653412	0.99850355776877	-0.000532515653412
APP	0.962557491203233	-0.000146877409509746	0.99850355776877	-0.000146877409509746
RAB43	0.962631625902434	0.000740139242055725	0.99850355776877	0.000740139242055725
RPL11	0.962652918931448	-0.000527563751033331	0.99850355776877	-0.000527563751033331
CMPK1	0.962877478490189	0.000451789271008313	0.99850355776877	0.000451789271008313
THRB	0.962959523155871	0.000891525588189365	0.99850355776877	0.000891525588189365
MYOT	0.963100668507997	-0.000645875943512698	0.99850355776877	-0.000645875943512698
AC011921.1	0.963139502459509	0.00066718192514384	0.99850355776877	0.00066718192514384
VGLL4	0.963142617136818	0.000277819662201732	0.99850355776877	0.000277819662201732
ANLN	0.963230886798045	-0.000246549958637476	0.99850355776877	-0.000246549958637476
MRPL48	0.963236053803784	0.000312209926201885	0.99850355776877	0.000312209926201885
USF1	0.963304725605914	0.000719027717627174	0.99850355776877	0.000719027717627174
RAPGEF2	0.963311638421618	0.000278317020808937	0.99850355776877	0.000278317020808937
CTNNA2	0.963365256584704	-0.000607074434639229	0.99850355776877	-0.000607074434639229
PAFAH1B1	0.96338540915763	0.000184327904738035	0.99850355776877	0.000184327904738035
METRN	0.963562773427259	0.000368119073070911	0.99850355776877	0.000368119073070911
MAGI1	0.963722488361456	0.000182554257976267	0.99850355776877	0.000182554257976267
ZNF449	0.963872025197489	0.000786652219517984	0.99850355776877	0.000786652219517984
MRPL51	0.963925015219413	0.000815986705558188	0.99850355776877	0.000815986705558188
AKNA	0.963925812599402	0.000464324400183376	0.99850355776877	0.000464324400183376
BRAF	0.963961663469831	0.000186667217382344	0.99850355776877	0.000186667217382344
ZNF35	0.963989127090438	0.000618511943174061	0.99850355776877	0.000618511943174061
RAB6A	0.964020165531096	-0.000207369162777992	0.99850355776877	-0.000207369162777992
MAPRE3	0.964026401912488	0.000521264015370742	0.99850355776877	0.000521264015370742
IL17D	0.964127292205672	-0.000509032795143656	0.99850355776877	-0.000509032795143656
SLC16A2	0.964140067152239	0.00054646932305099	0.99850355776877	0.00054646932305099
THAP8	0.964245342877168	0.000673002218543132	0.99850355776877	0.000673002218543132
DNAJC24	0.964255156556176	-0.000398998948405843	0.99850355776877	-0.000398998948405843
NPLOC4	0.964306358797872	-0.000276337136468544	0.99850355776877	-0.000276337136468544
VHL	0.964373834916644	0.000450121871525265	0.99850355776877	0.000450121871525265
HBS1L	0.964403224319828	-0.000198708883253071	0.99850355776877	-0.000198708883253071
DYNLL1	0.964507791891902	0.000497052374334548	0.99850355776877	0.000497052374334548
POLG	0.964521307222259	0.000418366218922484	0.99850355776877	0.000418366218922484
CRELD2	0.964695664290763	0.000537309596749437	0.99850355776877	0.000537309596749437
DHRS7	0.964696575833225	0.000668364366182058	0.99850355776877	0.000668364366182058
KIAA1328	0.964781783024516	0.000206389469963928	0.99850355776877	0.000206389469963928
ZNF431	0.964784094761545	-0.000289749289118938	0.99850355776877	-0.000289749289118938
YIPF3	0.964850848537757	0.000624293206305286	0.99850355776877	0.000624293206305286
SLC6A1	0.964910617251808	-0.000289805484436567	0.99850355776877	-0.000289805484436567
DHFR	0.964923168142713	0.000583659928320207	0.99850355776877	0.000583659928320207
CREBBP	0.964986032470596	0.000193788566008124	0.99850355776877	0.000193788566008124
KLF3	0.964990075023145	-0.000270012424470555	0.99850355776877	-0.000270012424470555
RBAK	0.965044687834498	0.000589397512063319	0.99850355776877	0.000589397512063319
WDR83	0.965077620102355	-0.000612750495394224	0.99850355776877	-0.000612750495394224
GPS2	0.965129681089286	-0.00029979446093744	0.99850355776877	-0.00029979446093744
ZCCHC24	0.965265143110774	0.000166687890021734	0.99850355776877	0.000166687890021734
GK	0.965329275557023	-0.00049211217067542	0.99850355776877	-0.00049211217067542
AHDC1	0.965396832536527	0.000595805109469257	0.99850355776877	0.000595805109469257
N4BP2L2	0.965662158092343	0.000138362771350837	0.99850355776877	0.000138362771350837
C19orf12	0.965732786966676	0.000344758086513229	0.99850355776877	0.000344758086513229
AF117829.1	0.96573842544839	-0.000321624200020621	0.99850355776877	-0.000321624200020621
TMEM165	0.965839809444757	0.000137618562808074	0.99850355776877	0.000137618562808074
GSK3B	0.965846556645691	-0.000199616653516783	0.99850355776877	-0.000199616653516783
NDUFA13	0.965915316134814	0.000487256899172983	0.99850355776877	0.000487256899172983
SLU7	0.966031924106876	-0.000520515175249835	0.99850355776877	-0.000520515175249835
VPS29	0.966038685738615	-0.000402450897611816	0.99850355776877	-0.000402450897611816
ERLIN2	0.96614753198201	0.000455507232794986	0.99850355776877	0.000455507232794986
COMMD1	0.966212456786052	0.000174405348386916	0.99850355776877	0.000174405348386916
RHOBTB3	0.966264386301616	0.000234305492698333	0.99850355776877	0.000234305492698333
MAPKBP1	0.966333857663757	-0.000208040541705879	0.99850355776877	-0.000208040541705879
KDM2B-DT	0.966361289940489	0.000390510965874046	0.99850355776877	0.000390510965874046
SNAP91	0.966406967103341	-0.000675537869545732	0.99850355776877	-0.000675537869545732
ARSI	0.966440870930898	-0.000514269193501276	0.99850355776877	-0.000514269193501276
TMEM259	0.966520255240323	-0.000321513962223176	0.99850355776877	-0.000321513962223176
B9D1	0.966620195115898	0.000585029782782698	0.99850355776877	0.000585029782782698
CTPS1	0.966652425314037	0.000478983891619423	0.99850355776877	0.000478983891619423
SH3YL1	0.966689949111657	-0.000256982748935031	0.99850355776877	-0.000256982748935031
RPS6KA4	0.966690886253126	0.000539790408657609	0.99850355776877	0.000539790408657609
PTPRA	0.966743551524788	-0.000173306182565972	0.99850355776877	-0.000173306182565972
RBL1	0.966781459005607	-0.000316428106309968	0.99850355776877	-0.000316428106309968
CTDSPL2	0.966802934767263	0.000206617139792519	0.99850355776877	0.000206617139792519
HRAS	0.966949275896653	0.000648216330122313	0.99850355776877	0.000648216330122313
TMEM8A	0.967200336307844	0.00061898334972799	0.99850355776877	0.00061898334972799
KLHDC10	0.967252705683078	-0.000227106526308831	0.99850355776877	-0.000227106526308831
AP000892.1	0.967358875788054	0.000750487578244646	0.99850355776877	0.000750487578244646
TRRAP	0.967586660319989	0.000199410333139415	0.99850355776877	0.000199410333139415
BORCS7	0.967750026145966	0.000436571664870461	0.99850355776877	0.000436571664870461
GBE1	0.967769040628233	0.000335005928259161	0.99850355776877	0.000335005928259161
PHKA2	0.967794966581736	-0.00028544467691818	0.99850355776877	-0.00028544467691818
LRRFIP1	0.967876307263835	0.00104999237953068	0.99850355776877	0.00104999237953068
MPC1	0.967878896829834	-0.000289524833217382	0.99850355776877	-0.000289524833217382
OAF	0.967910169193954	-0.000382080114331223	0.99850355776877	-0.000382080114331223
ALG8	0.968047242804389	-0.000348494779844431	0.99850355776877	-0.000348494779844431
GAB2	0.968061369151582	0.000148303170019683	0.99850355776877	0.000148303170019683
AC005670.3	0.96812574544189	0.000211013344464338	0.99850355776877	0.000211013344464338
CNTN4	0.968207717224358	0.000811583754525443	0.99850355776877	0.000811583754525443
SLC8A2	0.968246869787498	-0.000733738830941897	0.99850355776877	-0.000733738830941897
TMEM9	0.96827657962365	-0.000666388093047793	0.99850355776877	-0.000666388093047793
SH3GLB2	0.968475601410906	-0.000265054292238425	0.99850355776877	-0.000265054292238425
N4BP2L2-IT2	0.96859554894569	0.000563544528156868	0.99850355776877	0.000563544528156868
SEPTIN11	0.968808295979027	-0.000861777569406824	0.99850355776877	-0.000861777569406824
TMEM161A	0.968923212851297	-0.000381033416241618	0.99850355776877	-0.000381033416241618
ARFGAP1	0.968951723804188	0.000297057759502198	0.99850355776877	0.000297057759502198
VPS13C	0.969025258694098	0.000160444331240951	0.99850355776877	0.000160444331240951
LRRC37B	0.969063490406084	0.000359892286874202	0.99850355776877	0.000359892286874202
MT-ND1	0.969425260611092	-0.000281855704165653	0.99850355776877	-0.000281855704165653
RAD18	0.969484715892873	0.000337486837295845	0.99850355776877	0.000337486837295845
PRPF40A	0.969638394215262	-0.00019766617612945	0.99850355776877	-0.00019766617612945
LSM8	0.969643739392341	0.000296912817095804	0.99850355776877	0.000296912817095804
UBL7-AS1	0.969686812109341	0.000479521708094499	0.99850355776877	0.000479521708094499
ZSCAN16-AS1	0.969732380724096	-0.00028815635180557	0.99850355776877	-0.00028815635180557
MYCBP2	0.969760042610994	-0.000209842806194259	0.99850355776877	-0.000209842806194259
ZNF585A	0.969768051549252	0.000266012379622047	0.99850355776877	0.000266012379622047
SLC25A28	0.969789565496107	0.000295203688585558	0.99850355776877	0.000295203688585558
AMN1	0.969791076696597	0.000211656022051681	0.99850355776877	0.000211656022051681
RABGEF1	0.969804110568091	-0.000187693408925078	0.99850355776877	-0.000187693408925078
FSTL4	0.969980485875726	0.000866456663743201	0.99850355776877	0.000866456663743201
PARP16	0.970061352393448	0.000312653439636517	0.99850355776877	0.000312653439636517
AC023283.1	0.970264058729603	-0.000569080842176218	0.99850355776877	-0.000569080842176218
AC092164.1	0.970282855412791	-0.000474659599191787	0.99850355776877	-0.000474659599191787
DRAIC	0.970407360662867	-0.000564314671363144	0.99850355776877	-0.000564314671363144
ZNF500	0.970590557820602	-0.000400044992063152	0.99850355776877	-0.000400044992063152
GNPDA2	0.970648376801245	0.000529108566471539	0.99850355776877	0.000529108566471539
PPIH	0.970667931715018	-0.000435273788030306	0.99850355776877	-0.000435273788030306
AC108047.1	0.97074472200865	-0.000254609108943787	0.99850355776877	-0.000254609108943787
AC025171.1	0.970763913415173	0.000307959806514579	0.99850355776877	0.000307959806514579
PLEKHA1	0.970855743593359	0.00016044193357379	0.99850355776877	0.00016044193357379
KMT2A	0.971028598658275	-0.000167533087327416	0.99850355776877	-0.000167533087327416
ARHGEF2	0.971158869538592	0.000179183338161372	0.99850355776877	0.000179183338161372
MXD3	0.971177772448209	0.000535081208270001	0.99850355776877	0.000535081208270001
SLC39A13	0.971230448406613	-0.000496065571826466	0.99850355776877	-0.000496065571826466
ATP6V0B	0.971384200736649	0.000374273596312598	0.99850355776877	0.000374273596312598
PKN2-AS1	0.971394151075496	0.000604646520661133	0.99850355776877	0.000604646520661133
ZNF358	0.97146603975562	0.000268261738333768	0.99850355776877	0.000268261738333768
ST3GAL6-AS1	0.971536681490391	0.00059024209322582	0.99850355776877	0.00059024209322582
IQCN	0.971550471604255	-0.000683435372175504	0.99850355776877	-0.000683435372175504
GPAT4	0.971573682520771	-0.000320032221173824	0.99850355776877	-0.000320032221173824
SOGA3	0.971626692992937	0.000470277128434025	0.99850355776877	0.000470277128434025
PACRG-AS1	0.971636728695276	-0.000452428246440503	0.99850355776877	-0.000452428246440503
HECTD1	0.971693154880423	0.000172409563328041	0.99850355776877	0.000172409563328041
PHKG1	0.971943349878848	0.000609996317607112	0.99850355776877	0.000609996317607112
EEF1G	0.972035951641522	-0.00043111089779815	0.99850355776877	-0.00043111089779815
C6orf47	0.972069077460454	0.000641108504774758	0.99850355776877	0.000641108504774758
AHSA1	0.972210301733536	0.000398368391189349	0.99850355776877	0.000398368391189349
STK4	0.972299878254887	-0.000249836756292008	0.99850355776877	-0.000249836756292008
RPS6KL1	0.972318936138723	-0.00040133539884893	0.99850355776877	-0.00040133539884893
ATP6V0D2	0.97247747623534	0.000744577327832024	0.99850355776877	0.000744577327832024
DANCR	0.97283273777725	0.000563129740340416	0.99850355776877	0.000563129740340416
SLC7A14-AS1	0.972897513580398	0.000174226039730181	0.99850355776877	0.000174226039730181
RPS18	0.973013810234956	0.000458647383007473	0.99850355776877	0.000458647383007473
PRKAA1	0.973016815817772	-0.000256972042226051	0.99850355776877	-0.000256972042226051
GMDS-DT	0.973020825294475	-0.000216456757932595	0.99850355776877	-0.000216456757932595
UBXN6	0.973024828657017	0.000450979980254725	0.99850355776877	0.000450979980254725
PIK3R1	0.973115147580915	0.000143184847647867	0.99850355776877	0.000143184847647867
GALNT13	0.973182319388874	0.000210426445738848	0.99850355776877	0.000210426445738848
MRPL14	0.973188558524631	-0.000563555199925695	0.99850355776877	-0.000563555199925695
CRAT	0.973188605882764	-0.000530145520017374	0.99850355776877	-0.000530145520017374
TBCE	0.973347315064436	0.00034987226110043	0.99850355776877	0.00034987226110043
LONRF1	0.973531597529177	0.000375745617988799	0.99850355776877	0.000375745617988799
LURAP1	0.973622945890598	-0.000334483198838139	0.99850355776877	-0.000334483198838139
C21orf91	0.973633081245668	0.000204414058705493	0.99850355776877	0.000204414058705493
DPF2	0.973675182247541	-0.000228975303660549	0.99850355776877	-0.000228975303660549
DDX24	0.973752558876984	-0.000357292537568105	0.99850355776877	-0.000357292537568105
DHDDS	0.97378999297294	-0.000369046963200584	0.99850355776877	-0.000369046963200584
FAIM	0.973798563857912	-0.000449015490361736	0.99850355776877	-0.000449015490361736
GPBP1L1	0.973820304498613	-0.000160958783568379	0.99850355776877	-0.000160958783568379
ACAP2	0.974152317417286	-0.000155581504758202	0.99850355776877	-0.000155581504758202
EML6	0.974177873048478	-0.000613486959355273	0.99850355776877	-0.000613486959355273
RFC3	0.974208277338687	-0.000318902792707442	0.99850355776877	-0.000318902792707442
CBX5	0.974232163078379	0.000252834208667864	0.99850355776877	0.000252834208667864
C1orf122	0.974241721871991	0.000329732741229467	0.99850355776877	0.000329732741229467
TMEM43	0.974256584314689	-0.000280378333687737	0.99850355776877	-0.000280378333687737
ZFHX4-AS1	0.974373030987654	-0.000504224521249171	0.99850355776877	-0.000504224521249171
LINC01355	0.97445914479331	0.000371884363445892	0.99850355776877	0.000371884363445892
SCN1A	0.974863780618238	0.000903641587571427	0.99850355776877	0.000903641587571427
SVBP	0.974977418546206	0.00059727164375724	0.99850355776877	0.00059727164375724
MFF	0.974981506387422	-0.000177697186575153	0.99850355776877	-0.000177697186575153
LRRC40	0.975060818034382	0.000349220667257824	0.99850355776877	0.000349220667257824
FAM234B	0.975087189447379	-0.00049241158720289	0.99850355776877	-0.00049241158720289
KAT5	0.975088482128023	-0.000346461668725748	0.99850355776877	-0.000346461668725748
SH3BGR	0.975092635917689	0.000365321115291493	0.99850355776877	0.000365321115291493
P2RY11	0.975145554936048	0.000521369196666908	0.99850355776877	0.000521369196666908
DDX52	0.975188879212877	0.000255382111506478	0.99850355776877	0.000255382111506478
PRRT1	0.975358747509419	0.000651970726618018	0.99850355776877	0.000651970726618018
MTSS2	0.975377905495765	0.000451857000068891	0.99850355776877	0.000451857000068891
SSBP1	0.975449442878219	0.000235984117483631	0.99850355776877	0.000235984117483631
PCBD2	0.975553466762999	0.000293553078361288	0.99850355776877	0.000293553078361288
MTHFR	0.975661424497864	-0.000257348465153496	0.99850355776877	-0.000257348465153496
TAX1BP1	0.975703683204443	-0.000153456983137998	0.99850355776877	-0.000153456983137998
UQCRC1	0.975772059468116	0.00045973241149195	0.99850355776877	0.00045973241149195
AC007364.1	0.975773942095206	0.00025679129751578	0.99850355776877	0.00025679129751578
SLC35D2	0.975885072834616	-0.000197922028353887	0.99850355776877	-0.000197922028353887
RNPEPL1	0.975894539492979	0.000334762776334948	0.99850355776877	0.000334762776334948
PAXX	0.975969998878453	-0.00031142983920767	0.99850355776877	-0.00031142983920767
AC063944.3	0.976016557330943	-0.000591644537663945	0.99850355776877	-0.000591644537663945
MROH8	0.976039204687692	-0.000381066056911855	0.99850355776877	-0.000381066056911855
G3BP1	0.976159567097348	0.000177028432778823	0.99850355776877	0.000177028432778823
UHMK1	0.97627505640707	-0.000279874484054018	0.99850355776877	-0.000279874484054018
ING5	0.976307653530562	-0.000194858134247901	0.99850355776877	-0.000194858134247901
ANXA5	0.976325540123818	0.000374483999668627	0.99850355776877	0.000374483999668627
KALRN	0.97632800289673	-0.000570539248370161	0.99850355776877	-0.000570539248370161
CEND1	0.976387036141716	0.000728888443779608	0.99850355776877	0.000728888443779608
DCAF17	0.976537946461607	-0.000182589368674948	0.99850355776877	-0.000182589368674948
DCP1A	0.976581750238715	0.000152299846435514	0.99850355776877	0.000152299846435514
IGBP1	0.976655724669295	-0.000240745581953077	0.99850355776877	-0.000240745581953077
TTC3	0.976679173189896	-0.000135253444168221	0.99850355776877	-0.000135253444168221
PSMD8	0.976692353276427	0.000340247219666406	0.99850355776877	0.000340247219666406
EPDR1	0.97683189151864	-0.000424909996664693	0.99850355776877	-0.000424909996664693
FGF22	0.976926434262325	0.000399346587762679	0.99850355776877	0.000399346587762679
AARS2	0.976931281389102	0.000424361563313505	0.99850355776877	0.000424361563313505
DNAJC19	0.976995798054031	-0.000429729848859425	0.99850355776877	-0.000429729848859425
MAP3K2	0.977046413203057	-0.000154174845080638	0.99850355776877	-0.000154174845080638
NAP1L3	0.977286108620987	0.000720650769853443	0.998560906807762	0.000720650769853443
WDR26	0.977289124433458	-0.000181499728348352	0.998560906807762	-0.000181499728348352
PITPNC1	0.977460650916836	0.000462550325868473	0.998640831115206	0.000462550325868473
UROD	0.977724032046562	-0.000486426891643621	0.99877216083442	-0.000486426891643621
CREB3L2	0.977958914153639	0.000127060230787306	0.99877216083442	0.000127060230787306
EI24	0.977964723078889	0.000311025400607745	0.99877216083442	0.000311025400607745
ATG4B	0.978011765164209	-0.000191800825979186	0.99877216083442	-0.000191800825979186
RPS12	0.97814974489808	0.000370176883461728	0.99877216083442	0.000370176883461728
CYFIP2	0.978181835965306	-0.000299159798555805	0.99877216083442	-0.000299159798555805
SLC37A3	0.978302895430358	0.000202595286707598	0.99877216083442	0.000202595286707598
TTYH1	0.978516620927628	0.000140360533994526	0.99877216083442	0.000140360533994526
MTMR14	0.978587007701065	0.000227272782834248	0.99877216083442	0.000227272782834248
MEAF6	0.978620003841134	0.000242219534394351	0.99877216083442	0.000242219534394351
TSNAX	0.978756778573594	-0.000190503879497938	0.99877216083442	-0.000190503879497938
POU3F3	0.978765754953167	-0.000168237046748626	0.99877216083442	-0.000168237046748626
DNMT1	0.978802316639468	-0.000198743073133681	0.99877216083442	-0.000198743073133681
EMG1	0.979060029395158	0.000339787798535169	0.998852101925984	0.000339787798535169
MZT2A	0.979329879328081	-0.000346627651981415	0.998852101925984	-0.000346627651981415
LINC01411	0.979346958059112	0.000186433610780573	0.998852101925984	0.000186433610780573
MT2A	0.979371341744517	0.000371307059973237	0.998852101925984	0.000371307059973237
ATP11A	0.979447666192276	-0.000124227430680697	0.998852101925984	-0.000124227430680697
ACSS2	0.979473800479661	0.000148088485209818	0.998852101925984	0.000148088485209818
TRPS1	0.979594407925124	0.000107857600318326	0.998852101925984	0.000107857600318326
PIR	0.979627255341218	0.000183877594061233	0.998852101925984	0.000183877594061233
NKAP	0.979888365298574	0.000217266177428939	0.999011950297457	0.000217266177428939
CWC25	0.980110294257595	0.000250788424292018	0.999011950297457	0.000250788424292018
MRPL40	0.980274408495196	0.000563788281957766	0.999011950297457	0.000563788281957766
RPRD1A	0.980364541381806	0.000120951775552646	0.999011950297457	0.000120951775552646
RBBP7	0.98049478329835	-0.000267461780966094	0.999011950297457	-0.000267461780966094
ZNF460	0.980639964004081	-0.000428394749131622	0.999011950297457	-0.000428394749131622
ANKRD36B	0.980716875630075	0.000139406782344764	0.999011950297457	0.000139406782344764
NDRG4	0.980773972199713	0.000501230692637754	0.999011950297457	0.000501230692637754
PMP22	0.980935513161993	-0.000145974188520768	0.999011950297457	-0.000145974188520768
AC105383.1	0.980992827800189	-0.000176268266064355	0.999011950297457	-0.000176268266064355
SLC45A3	0.981070858273517	0.000205401004473895	0.999011950297457	0.000205401004473895
SH3BP5	0.98113729743965	0.0001876439179033	0.999011950297457	0.0001876439179033
PTGES2	0.981245176169947	-0.000399195081239345	0.999011950297457	-0.000399195081239345
AC098588.3	0.981359731177608	-0.000278706655770174	0.999011950297457	-0.000278706655770174
ERCC6	0.981384772525799	0.00019767689644887	0.999011950297457	0.00019767689644887
TMEM126A	0.981573875529671	-0.000438049596955983	0.999011950297457	-0.000438049596955983
RDH11	0.981886317251293	-0.000196917466857519	0.999011950297457	-0.000196917466857519
MFSD6	0.981977392102141	0.000118532523349563	0.999011950297457	0.000118532523349563
MBD5	0.982250438554171	-7.64130965873606e-05	0.999011950297457	-7.64130965873606e-05
SPACA6	0.98233057422858	0.000190454359699752	0.999011950297457	0.000190454359699752
AARS	0.982433491153521	-0.000152490957031175	0.999011950297457	-0.000152490957031175
RSF1	0.982500236151584	9.18556874725775e-05	0.999011950297457	9.18556874725775e-05
PWP1	0.982528513398183	-0.000182088297723345	0.999011950297457	-0.000182088297723345
GALNT8	0.982708209437862	-0.000273386828660497	0.999011950297457	-0.000273386828660497
REV1	0.983248821191773	0.000112373649306978	0.999011950297457	0.000112373649306978
HAUS2	0.983319313860071	0.000230365854943002	0.999011950297457	0.000230365854943002
PHF21B	0.983349360960242	0.000232257148411693	0.999011950297457	0.000232257148411693
GTF2A2	0.983370168668164	0.000228832328310859	0.999011950297457	0.000228832328310859
GTPBP4	0.983404557174271	-0.000205869216418878	0.999011950297457	-0.000205869216418878
TRIT1	0.983415824279001	-0.000167774263928212	0.999011950297457	-0.000167774263928212
PABPN1	0.983426289637031	0.000111692205350049	0.999011950297457	0.000111692205350049
LEPROTL1	0.98350707732583	0.000219257805916841	0.999011950297457	0.000219257805916841
RPL27	0.983624656825657	0.000341687702434884	0.999011950297457	0.000341687702434884
FADS3	0.983634996439142	0.000193409745351543	0.999011950297457	0.000193409745351543
AC006480.2	0.983670756838718	-0.000324608143551738	0.999011950297457	-0.000324608143551738
CYB5R4	0.983711111870732	0.000115840220462059	0.999011950297457	0.000115840220462059
SNW1	0.983715457714855	0.000144992281420363	0.999011950297457	0.000144992281420363
SACS	0.983729429638984	-0.000146499601691761	0.999011950297457	-0.000146499601691761
MRPL55	0.983743918777645	0.000385584865755335	0.999011950297457	0.000385584865755335
DBT	0.983818428217737	0.000160701779848872	0.999011950297457	0.000160701779848872
SEC62	0.983864860209812	-0.000151538946352298	0.999011950297457	-0.000151538946352298
STAT2	0.983916985510564	-0.000136948519859664	0.999011950297457	-0.000136948519859664
LEPROT	0.983968578445838	0.000249871579228261	0.999011950297457	0.000249871579228261
EDEM2	0.983992421812897	0.000248511202332422	0.999011950297457	0.000248511202332422
BLOC1S2	0.984045054811528	0.000270625913405942	0.999011950297457	0.000270625913405942
MXI1	0.984185298237259	8.32521340143447e-05	0.999011950297457	8.32521340143447e-05
DISC1	0.984337674980919	-0.00012971462466358	0.999011950297457	-0.00012971462466358
NDUFAF6	0.984356462206208	-0.000115059552579213	0.999011950297457	-0.000115059552579213
DDX55	0.984357659332615	0.000177170099120053	0.999011950297457	0.000177170099120053
AL132857.1	0.984454645517019	-0.000222999336007344	0.999015650987831	-0.000222999336007344
MGAT1	0.984692471041505	-0.000177363977858435	0.99904068056089	-0.000177363977858435
PBLD	0.984961888264811	-0.000288852474433771	0.99904068056089	-0.000288852474433771
POP4	0.984990495948134	0.000317727848527706	0.99904068056089	0.000317727848527706
AL035530.2	0.985503229734006	0.000176849093076624	0.99904068056089	0.000176849093076624
OGA	0.985552434231644	0.000109813238431975	0.99904068056089	0.000109813238431975
C5orf30	0.985556016633064	0.000142910454079119	0.99904068056089	0.000142910454079119
TUT4	0.985632921946031	7.06330422782458e-05	0.99904068056089	7.06330422782458e-05
DDHD2	0.985668662834452	-0.000162683344509861	0.99904068056089	-0.000162683344509861
USP34	0.985784544373266	5.87306326334208e-05	0.99904068056089	5.87306326334208e-05
SERPINB6	0.985897930341939	-0.000104800472262479	0.99904068056089	-0.000104800472262479
AKIRIN1	0.986095025024474	0.000108875141800833	0.99904068056089	0.000108875141800833
HS6ST3	0.986424091910429	-0.000377268715675266	0.99904068056089	-0.000377268715675266
AC020915.2	0.98650528538968	0.000255178927731901	0.99904068056089	0.000255178927731901
KDM1A	0.986527939243148	0.000150867169885403	0.99904068056089	0.000150867169885403
CLSTN3	0.986538215609829	0.000509203852162253	0.99904068056089	0.000509203852162253
COPG1	0.986588465412325	0.00019103059834014	0.99904068056089	0.00019103059834014
GLDN	0.986620353902475	-0.000103042389429136	0.99904068056089	-0.000103042389429136
EBF4	0.986655838030084	-0.000120478439325914	0.99904068056089	-0.000120478439325914
PCNA	0.986691210539423	0.000283101116940661	0.99904068056089	0.000283101116940661
KDSR	0.986696572008357	-0.000138248902453167	0.99904068056089	-0.000138248902453167
PTPN21	0.986882165642556	0.000152010578432956	0.99904068056089	0.000152010578432956
SLC38A6	0.986897784426442	-0.000157995601836134	0.99904068056089	-0.000157995601836134
TDRD7	0.986965755680953	0.000150135686567913	0.99904068056089	0.000150135686567913
NAF1	0.987058236471324	0.000161624372391724	0.99904068056089	0.000161624372391724
DAP3	0.987074061755942	8.46584376439797e-05	0.99904068056089	8.46584376439797e-05
PRR5L	0.987155737710426	-9.12458515280642e-05	0.99904068056089	-9.12458515280642e-05
TMEM45A	0.98716009776633	0.000271725733075477	0.99904068056089	0.000271725733075477
TGDS	0.987183984434428	-0.000206102788823008	0.99904068056089	-0.000206102788823008
DLG2	0.987186231674481	-3.269175379884e-05	0.99904068056089	-3.269175379884e-05
FP565260.1	0.987464809271026	-0.000301550314541322	0.999204805466411	-0.000301550314541322
C1QBP	0.987610354487269	0.000299951516432378	0.999204805466411	0.000299951516432378
ZNF704	0.987628481456522	5.98418406346844e-05	0.999204805466411	5.98418406346844e-05
FN3K	0.987823907617716	0.000150077245033074	0.999215132273892	0.000150077245033074
MTRF1	0.987827653643262	-0.000205025671624557	0.999215132273892	-0.000205025671624557
TRO	0.988190476631565	-0.000203423222156672	0.999215132273892	-0.000203423222156672
DVL2	0.988212819460598	0.000186634329225156	0.999215132273892	0.000186634329225156
GXYLT2	0.988389895784102	-9.48892513100957e-05	0.999215132273892	-9.48892513100957e-05
CNOT10	0.988445916896667	8.71458023309671e-05	0.999215132273892	8.71458023309671e-05
MTSS1	0.988460663647547	-7.38998757799545e-05	0.999215132273892	-7.38998757799545e-05
FAM49A	0.988523415618405	0.00023689513085863	0.999215132273892	0.00023689513085863
FBXO7	0.988541800161386	0.000103495163440541	0.999215132273892	0.000103495163440541
SKP1	0.988673473968734	-0.000150163936832824	0.999215132273892	-0.000150163936832824
TMCO1	0.988868416024246	-0.000152927149818475	0.999215132273892	-0.000152927149818475
TTC31	0.988918505334928	-0.000160130179480863	0.999215132273892	-0.000160130179480863
DNTTIP1	0.989069279225063	0.000199466869381721	0.999215132273892	0.000199466869381721
RABL3	0.989232200329456	0.000163097948120286	0.999215132273892	0.000163097948120286
SNX18	0.989482065658514	0.00016027796351672	0.999215132273892	0.00016027796351672
AL392023.2	0.989592940392465	-0.000101592690692197	0.999215132273892	-0.000101592690692197
TBC1D7	0.989600957777698	-0.000203584657927167	0.999215132273892	-0.000203584657927167
FOCAD	0.989671868572173	-0.000187156607943991	0.999215132273892	-0.000187156607943991
BASP1-AS1	0.98974557512018	-0.000298083867771252	0.999215132273892	-0.000298083867771252
PAIP2	0.989777573680878	7.23201492791501e-05	0.999215132273892	7.23201492791501e-05
INTS6	0.989819597953474	-6.60164210951703e-05	0.999215132273892	-6.60164210951703e-05
MT-CYB	0.989895747977121	8.96009329387362e-05	0.999215132273892	8.96009329387362e-05
ZNF709	0.989979127559034	-0.000146119098052497	0.999215132273892	-0.000146119098052497
MTX3	0.989998226585783	0.000139373211455302	0.999215132273892	0.000139373211455302
NFKB1	0.990245893056605	5.6043041669913e-05	0.999215132273892	5.6043041669913e-05
P2RX4	0.990446495861587	0.000116640732941646	0.999215132273892	0.000116640732941646
PACRG-AS3	0.990468092476645	-0.000100437715270225	0.999215132273892	-0.000100437715270225
NACAD	0.990581386106314	9.78116228531382e-05	0.999215132273892	9.78116228531382e-05
PARL	0.990582817417006	8.04143440015364e-05	0.999215132273892	8.04143440015364e-05
COPS3	0.990732878416407	0.00014516578880564	0.999215132273892	0.00014516578880564
RAB2B	0.9909584661498	-0.000100419291880632	0.999215132273892	-0.000100419291880632
AL596244.1	0.991022906820298	-0.000133955951378315	0.999215132273892	-0.000133955951378315
GFOD1	0.991171799327195	0.000122976675105186	0.999215132273892	0.000122976675105186
MAGED2	0.99125305679053	0.000149922671872397	0.999215132273892	0.000149922671872397
JMJD6	0.99128347790192	-0.000150556889885433	0.999215132273892	-0.000150556889885433
ZNF397	0.99140697227801	5.21386046382292e-05	0.999215132273892	5.21386046382292e-05
BRD7	0.991480755777317	6.99833476912077e-05	0.999215132273892	6.99833476912077e-05
AC016597.1	0.991499687832177	6.07038847782377e-05	0.999215132273892	6.07038847782377e-05
AC068724.3	0.991703637725989	0.000118209112576672	0.999215132273892	0.000118209112576672
PHB	0.991713766658054	-0.000147866199514066	0.999215132273892	-0.000147866199514066
TNIP1	0.991717023880111	0.000104770565214283	0.999215132273892	0.000104770565214283
AP002833.1	0.99189359098229	-0.000172525345627198	0.999215132273892	-0.000172525345627198
RPL8	0.99195590450286	0.000126610923363194	0.999215132273892	0.000126610923363194
MYLPF	0.992060419730411	0.000235077027678488	0.999215132273892	0.000235077027678488
CACFD1	0.992115869474229	-0.000134544578220724	0.999215132273892	-0.000134544578220724
CHCHD1	0.99228942786553	0.000198974360482018	0.999215132273892	0.000198974360482018
NLK	0.99235823687506	-3.47543061164464e-05	0.999215132273892	-3.47543061164464e-05
RAB21	0.992571290672221	5.72877212446536e-05	0.999215132273892	5.72877212446536e-05
CERCAM	0.992809595108895	-4.671291788503e-05	0.999215132273892	-4.671291788503e-05
PLAAT3	0.992985834268915	3.76765213385751e-05	0.999215132273892	3.76765213385751e-05
TGFA	0.993031696977835	6.6059236616097e-05	0.999215132273892	6.6059236616097e-05
TAX1BP3	0.993337848782347	-0.000127256425040448	0.999215132273892	-0.000127256425040448
AC007681.1	0.993420583128528	-0.000115524807760261	0.999215132273892	-0.000115524807760261
MAGOH	0.993617967583745	8.23175297041375e-05	0.999215132273892	8.23175297041375e-05
TRIM3	0.993626787027564	0.000112535758498511	0.999215132273892	0.000112535758498511
SNRNP27	0.993671964221933	-0.000108363949257969	0.999215132273892	-0.000108363949257969
OMA1	0.993682238618082	9.30099009177266e-05	0.999215132273892	9.30099009177266e-05
CYHR1	0.993964482458801	6.24164472469184e-05	0.999215132273892	6.24164472469184e-05
NUP85	0.994075351293004	-7.08602400659215e-05	0.999215132273892	-7.08602400659215e-05
CEP112	0.99407863449117	0.000153907893406554	0.999215132273892	0.000153907893406554
COP1	0.994130961179778	3.46523925023991e-05	0.999215132273892	3.46523925023991e-05
AL590550.1	0.994178222739596	-0.000125758724589505	0.999215132273892	-0.000125758724589505
PRELID2	0.994238817699508	8.70948163743181e-05	0.999215132273892	8.70948163743181e-05
RPL41	0.994324988349564	-0.000100658791538583	0.999215132273892	-0.000100658791538583
AL449403.2	0.994359046526285	-0.000112375555005956	0.999215132273892	-0.000112375555005956
PFKFB3	0.99436295672207	-4.78441102130896e-05	0.999215132273892	-4.78441102130896e-05
PSMD9	0.994724146267397	-5.960549653341e-05	0.999215132273892	-5.960549653341e-05
AC098484.4	0.994725190330292	-0.000115261269415883	0.999215132273892	-0.000115261269415883
TAF15	0.99493949740704	2.79604390610376e-05	0.999215132273892	2.79604390610376e-05
PDZRN3	0.994947175172678	0.000127963360757068	0.999215132273892	0.000127963360757068
SPTLC2	0.994981148592001	2.83908414972488e-05	0.999215132273892	2.83908414972488e-05
ZFAND5	0.995163545676157	5.09803686438307e-05	0.999215132273892	5.09803686438307e-05
COG2	0.995184614331259	-4.50688918139191e-05	0.999215132273892	-4.50688918139191e-05
NLN	0.995297915485216	5.22368040779684e-05	0.999215132273892	5.22368040779684e-05
PUM3	0.995338313046059	-3.0151441928313e-05	0.999215132273892	-3.0151441928313e-05
CABYR	0.995433088294255	6.72525725552044e-05	0.999215132273892	6.72525725552044e-05
TSPYL4	0.995454148011875	0.000110091111407249	0.999215132273892	0.000110091111407249
SLC25A36	0.9954608718342	4.21457434873085e-05	0.999215132273892	4.21457434873085e-05
RINT1	0.995496245156508	-7.44783169093077e-05	0.999215132273892	-7.44783169093077e-05
HIPK2	0.995520699052788	1.88065090324514e-05	0.999215132273892	1.88065090324514e-05
AC105916.1	0.995809933288306	-4.82994047311523e-05	0.999215132273892	-4.82994047311523e-05
C5orf24	0.995824098740273	4.24918569969904e-05	0.999215132273892	4.24918569969904e-05
TALDO1	0.995834121648991	3.38641928620311e-05	0.999215132273892	3.38641928620311e-05
TPRG1L	0.995925450053264	-0.000103912210861386	0.999215132273892	-0.000103912210861386
LRRC63	0.995946202613097	3.5616975014806e-05	0.999215132273892	3.5616975014806e-05
TP53I13	0.995966560680786	6.48090764019947e-05	0.999215132273892	6.48090764019947e-05
BORCS8	0.995974626642363	7.33609929989226e-05	0.999215132273892	7.33609929989226e-05
ACER2	0.996070272300613	-7.79209016181524e-05	0.999215132273892	-7.79209016181524e-05
LINC00106	0.996142579271321	6.72937459792976e-05	0.999215132273892	6.72937459792976e-05
ACOT13	0.996271436654277	5.00702132032932e-05	0.999215132273892	5.00702132032932e-05
UTP6	0.996276479992362	-3.98926905348505e-05	0.999215132273892	-3.98926905348505e-05
LRRC8C-DT	0.996342980753261	-3.46157412085143e-05	0.999215132273892	-3.46157412085143e-05
PCDH7	0.996389700927528	8.4186585539756e-05	0.999215132273892	8.4186585539756e-05
CNTN2	0.996478249177459	1.49953825888773e-05	0.999215132273892	1.49953825888773e-05
KSR2	0.996518727344094	8.87050186356971e-05	0.999215132273892	8.87050186356971e-05
RPS27A	0.996601096610651	5.76568923740623e-05	0.999215132273892	5.76568923740623e-05
BRD8	0.99690884322193	2.61414206586455e-05	0.999268301938873	2.61414206586455e-05
LRRC8D	0.997053669875775	-1.48195510074316e-05	0.999268301938873	-1.48195510074316e-05
PDXP	0.997092957722453	8.6820280394948e-05	0.999268301938873	8.6820280394948e-05
BBS9	0.997105013938908	1.7257633332714e-05	0.999268301938873	1.7257633332714e-05
AL392086.3	0.997120944100455	-3.18211336936526e-05	0.999268301938873	-3.18211336936526e-05
MKS1	0.997257253510021	-3.97170870361721e-05	0.999311336421473	-3.97170870361721e-05
EEF1AKMT2	0.997662580309514	2.39699616408247e-05	0.999571158254045	2.39699616408247e-05
SYVN1	0.997839751793309	-3.1399540977795e-05	0.999571158254045	-3.1399540977795e-05
AC245297.3	0.997974128664741	2.01538238621027e-05	0.999571158254045	2.01538238621027e-05
DLG5	0.998035729247509	-1.99203780590558e-05	0.999571158254045	-1.99203780590558e-05
IPO5	0.998093862040886	2.15111474679444e-05	0.999571158254045	2.15111474679444e-05
TMEM134	0.998208980553653	2.95752431250849e-05	0.999571158254045	2.95752431250849e-05
GTF2F2	0.998249583563427	-1.28229783977838e-05	0.999571158254045	-1.28229783977838e-05
TOP1MT	0.998263674724608	3.212985163247e-05	0.999571158254045	3.212985163247e-05
ACTR6	0.998529242731286	-2.39730878919471e-05	0.99958086597452	-2.39730878919471e-05
AL160269.1	0.998622118152105	-1.91920461125095e-05	0.99958086597452	-1.91920461125095e-05
DDIT3	0.998634509765261	-2.71847213466352e-05	0.99958086597452	-2.71847213466352e-05
IL17RA	0.998646940097687	-1.77043944787736e-05	0.99958086597452	-1.77043944787736e-05
FAT1	0.998962604200288	2.21754004015257e-05	0.999803324551681	2.21754004015257e-05
TNS2	0.999147407503537	9.19465604230604e-06	0.999894782843418	9.19465604230604e-06
MRPS16	0.999371036837372	-9.21216726499304e-06	0.999964747202974	-9.21216726499304e-06
SMIM7	0.999413326119456	-4.20476747066305e-06	0.999964747202974	-4.20476747066305e-06
NDUFC1	0.999633546969419	7.07023130292041e-06	0.999964747202974	7.07023130292041e-06
DCLK2	0.999749668348385	-6.7110072735881e-06	0.999964747202974	-6.7110072735881e-06
HCFC1R1	0.999788812503272	-3.57885852544624e-06	0.999964747202974	-3.57885852544624e-06
TMEM80	0.999800572949276	-3.97162659630778e-06	0.999964747202974	-3.97162659630778e-06
TNS1	0.999871318748597	-1.21778290180828e-06	0.999964747202974	-1.21778290180828e-06
ATM	0.999992350422025	4.27562869226707e-08	0.999992350422025	4.27562869226707e-08
