gene	p_BMI_norm	logFC_BMI_norm	FDR	log2FC
ADORA1	1.94860364556688e-05	0.12175299588027	0.208559048185024	0.12175299588027
IRAK2	6.45553156615028e-05	-0.180697854975456	0.274136515284224	-0.180697854975456
DHX15	7.68391615297274e-05	0.102492749099794	0.274136515284224	0.102492749099794
TNKS2	0.000205025868796797	0.115315581079691	0.548597968433028	0.115315581079691
PPP1R36	0.000321802976775385	0.243313634430591	0.59252538395184	0.243313634430591
AC005740.5	0.000378028574968542	0.32088227392087	0.59252538395184	0.32088227392087
AL513217.1	0.000461076890675069	0.248365166361674	0.59252538395184	0.248365166361674
MAMLD1	0.000520071618151704	-0.274913821884382	0.59252538395184	-0.274913821884382
CHMP4B	0.000599025139877693	0.163525185947896	0.59252538395184	0.163525185947896
RAB11B-AS1	0.000689607869086272	0.171284184651685	0.59252538395184	0.171284184651685
SNHG17	0.000740658337540691	0.243479017097626	0.59252538395184	0.243479017097626
DPM3	0.000747045278682102	0.318028593232992	0.59252538395184	0.318028593232992
MRGBP	0.000777556966367743	0.229353749488137	0.59252538395184	0.229353749488137
UQCRB	0.000792746504884163	0.320250480102042	0.59252538395184	0.320250480102042
FAM216A	0.000830410236314827	-0.308331136497187	0.59252538395184	-0.308331136497187
SPRED1	0.0011324693462485	-0.0974435252849541	0.713367507966039	-0.0974435252849541
BRSK1	0.00142228423928762	0.0900214368229232	0.713367507966039	0.0900214368229232
RUNX1	0.00144332496320285	-0.202592803585285	0.713367507966039	-0.202592803585285
AP000873.2	0.00145584445317883	0.138456610563459	0.713367507966039	0.138456610563459
TMEM179	0.00146966830417345	0.307126384654864	0.713367507966039	0.307126384654864
MYO10	0.00147321460626469	0.107659663819205	0.713367507966039	0.107659663819205
HLTF	0.00151426158612199	0.123034308234702	0.713367507966039	0.123034308234702
HINT3	0.00153297698619255	-0.134502487765211	0.713367507966039	-0.134502487765211
MIS12	0.00163661656647897	0.189354972165743	0.729862796292682	0.189354972165743
CHST11	0.00172268055398997	-0.336983563819591	0.737513998774186	-0.336983563819591
POLR2D	0.00202096582847964	0.167645485631842	0.82259771433072	0.167645485631842
NAXD	0.00219073520138346	0.179131940870512	0.82259771433072	0.179131940870512
C3orf62	0.00220662049173747	-0.240148935814086	0.82259771433072	-0.240148935814086
RYR3	0.00222884553074754	0.362758877013723	0.82259771433072	0.362758877013723
AC026401.3	0.00237864065343021	-0.234302753792731	0.822908235978259	-0.234302753792731
SIRT3	0.00257130721063101	0.166029617563858	0.822908235978259	0.166029617563858
ELF1	0.00259255125993059	-0.068273190739311	0.822908235978259	-0.068273190739311
UGGT1	0.00274791951289525	0.0898374692460136	0.822908235978259	0.0898374692460136
AC002451.1	0.00297238503288332	0.155373470542989	0.822908235978259	0.155373470542989
JOSD2	0.00306370593179851	0.146967565119346	0.822908235978259	0.146967565119346
WDR33	0.00308847430005443	-0.0755244585873267	0.822908235978259	-0.0755244585873267
PTCD3	0.00343129357052112	0.0660216022623806	0.822908235978259	0.0660216022623806
LINC01725	0.00349008863819306	0.162631233578401	0.822908235978259	0.162631233578401
MFSD4A	0.00350848121546034	-0.33121153147244	0.822908235978259	-0.33121153147244
INPPL1	0.00351157642631402	-0.222564420778822	0.822908235978259	-0.222564420778822
MIER1	0.00371951050532421	0.0749918802328339	0.822908235978259	0.0749918802328339
SNX1	0.00374593361072074	0.0564484455466222	0.822908235978259	0.0564484455466222
IMP4	0.00375448950794069	0.202465384073175	0.822908235978259	0.202465384073175
PRDM2	0.0037734718693663	-0.0755068477822876	0.822908235978259	-0.0755068477822876
COL14A1	0.00384295833812631	-0.191346956100426	0.822908235978259	-0.191346956100426
SLC7A11	0.00399977482421251	-0.323295389020921	0.822908235978259	-0.323295389020921
COMMD4	0.00412307856958755	0.132077673589793	0.822908235978259	0.132077673589793
RNF14	0.00414566374375774	0.150987091873244	0.822908235978259	0.150987091873244
ATP5F1E	0.00426273968398445	-0.23444448640862	0.822908235978259	-0.23444448640862
TCAIM	0.00426313429172285	-0.128227256733576	0.822908235978259	-0.128227256733576
GOSR2	0.00430157510122311	-0.0989125010753503	0.822908235978259	-0.0989125010753503
CMTM4	0.00443650409797975	-0.0851250862580675	0.822908235978259	-0.0851250862580675
PGBD4	0.00444502720465392	0.19148908508599	0.822908235978259	0.19148908508599
PLXNA4	0.00469273074763476	-0.307248285381844	0.822908235978259	-0.307248285381844
NLRC5	0.00473018671047622	0.186821303781732	0.822908235978259	0.186821303781732
SPATA22	0.0049247094721957	-0.25317531285946	0.822908235978259	-0.25317531285946
RNF157	0.0049999957691388	-0.0960350309439535	0.822908235978259	-0.0960350309439535
CD226	0.00501320162081534	0.136140546454722	0.822908235978259	0.136140546454722
AC002460.2	0.00502051852611159	-0.310630565037649	0.822908235978259	-0.310630565037649
AC025810.1	0.00502585895144798	0.203106822349622	0.822908235978259	0.203106822349622
B4GALT4	0.00506319172869355	0.16760038347359	0.822908235978259	0.16760038347359
SNX13	0.00511741749584254	-0.0811437044542547	0.822908235978259	-0.0811437044542547
POLB	0.00522983923097607	-0.15360587187853	0.822908235978259	-0.15360587187853
RUFY3	0.00529213068208255	-0.0475842521802299	0.822908235978259	-0.0475842521802299
ERBB4	0.00543974498027272	0.0655134462307121	0.822908235978259	0.0655134462307121
DYRK2	0.0054627130848399	0.204330713095881	0.822908235978259	0.204330713095881
SLC35F3	0.00547803108979716	-0.248820498001171	0.822908235978259	-0.248820498001171
SHROOM1	0.00548245887378103	0.101819524306472	0.822908235978259	0.101819524306472
FAM106A	0.00548520558846872	0.130594589200986	0.822908235978259	0.130594589200986
LIPT1	0.00563666058667899	0.216141108107804	0.822908235978259	0.216141108107804
ASAP2	0.0057216483075353	-0.113024933423101	0.822908235978259	-0.113024933423101
ACTR1A	0.00591055732298739	0.122145135185172	0.822908235978259	0.122145135185172
PAN2	0.00593350451447603	0.111085537083669	0.822908235978259	0.111085537083669
ESYT1	0.00593929516707607	-0.287798536497728	0.822908235978259	-0.287798536497728
UBE2O	0.00615266021838061	-0.0989286991006249	0.822908235978259	-0.0989286991006249
AC104825.1	0.00616364748386222	0.196055946727447	0.822908235978259	0.196055946727447
CCDC115	0.0062099646636907	0.166559638974794	0.822908235978259	0.166559638974794
ZNF578	0.00632836376334208	0.200711923103277	0.822908235978259	0.200711923103277
LINC02609	0.00651178709942655	-0.201557787794686	0.822908235978259	-0.201557787794686
ZFY	0.00651220889750433	0.179560122584086	0.822908235978259	0.179560122584086
HCG18	0.00658556512803324	-0.0921453367651489	0.822908235978259	-0.0921453367651489
TMEM260	0.00661542515414608	0.0723086336657684	0.822908235978259	0.0723086336657684
TTLL3	0.00666474315567378	0.111224404923037	0.822908235978259	0.111224404923037
AC092924.2	0.00672120809014498	0.107913078271346	0.822908235978259	0.107913078271346
SPTY2D1OS	0.00672617781404314	0.196442240125134	0.822908235978259	0.196442240125134
RAP1GAP2	0.00680642800715429	-0.297305414504462	0.822908235978259	-0.297305414504462
ASIC1	0.00684756296687541	0.138445767839464	0.822908235978259	0.138445767839464
SNX24	0.00686102146939973	-0.119200886655306	0.822908235978259	-0.119200886655306
RNF220	0.00691483716492554	-0.0397580481245308	0.822908235978259	-0.0397580481245308
FANCC	0.00696356399581094	-0.111685594371092	0.822908235978259	-0.111685594371092
CCDC32	0.00710506679299547	-0.126288859108928	0.822908235978259	-0.126288859108928
GNPDA1	0.00714784548434837	0.141346411106965	0.822908235978259	0.141346411106965
MRPS6	0.00715037521685304	-0.263374546192538	0.822908235978259	-0.263374546192538
ZNF605	0.00733435792721621	-0.108436907497324	0.833453314529519	-0.108436907497324
SLC4A2	0.00753689392453476	0.146897401304088	0.833453314529519	0.146897401304088
BRCC3	0.00760081924432563	0.114949643806339	0.833453314529519	0.114949643806339
RBM12	0.00762991666775084	-0.188241343012138	0.833453314529519	-0.188241343012138
CHIC1	0.00770161182103741	-0.0784151499705982	0.833453314529519	-0.0784151499705982
ZBTB17	0.00783721679542504	0.0902883852361363	0.833453314529519	0.0902883852361363
AC091932.1	0.00783802301881116	0.173497489043647	0.833453314529519	0.173497489043647
RHBDD3	0.00786497101443346	-0.181922310881424	0.833453314529519	-0.181922310881424
AL355076.2	0.00806154932393336	0.203657553230537	0.845909435431948	0.203657553230537
AGO3	0.00818078294810474	-0.0570185747280027	0.847904599370442	-0.0570185747280027
OSBPL1A	0.00830423180150928	-0.0490442890278821	0.847904599370442	-0.0490442890278821
AC026979.2	0.00831822693953998	0.216914610021684	0.847904599370442	0.216914610021684
SCN1B	0.00839874754140154	-0.204527257253432	0.84803580127944	-0.204527257253432
ESF1	0.00853371969289954	0.0947253212274511	0.850250396898163	0.0947253212274511
ERBIN	0.00874751394863153	-0.0497612394709682	0.850250396898163	-0.0497612394709682
AC005532.1	0.00895785586206674	-0.196229480962367	0.850250396898163	-0.196229480962367
TRMT13	0.00903842170074279	0.0747732393797863	0.850250396898163	0.0747732393797863
AL390957.1	0.00906307054682292	-0.256114353421136	0.850250396898163	-0.256114353421136
ATR	0.00909806390145386	0.0768367436556179	0.850250396898163	0.0768367436556179
TMOD2	0.00920182373674049	-0.0920900996035287	0.850250396898163	-0.0920900996035287
ERP44	0.00930572992931005	-0.0825393235553427	0.850250396898163	-0.0825393235553427
BCL7C	0.00951320817433775	0.103322340880833	0.850250396898163	0.103322340880833
FAM53B	0.00952235686760056	-0.0666854276826182	0.850250396898163	-0.0666854276826182
FNTA	0.00963590067427151	0.0862379482587897	0.850250396898163	0.0862379482587897
CPE	0.00965944513676778	-0.29539000035456	0.850250396898163	-0.29539000035456
SSX2IP	0.00968938802854631	-0.185369386724736	0.850250396898163	-0.185369386724736
SAMMSON	0.00973408465062007	-0.179474536092995	0.850250396898163	-0.179474536092995
CDKN2D	0.00994971050755789	-0.301364129700691	0.850250396898163	-0.301364129700691
NRBP2	0.00995384741133072	0.108990072816956	0.850250396898163	0.108990072816956
LIN9	0.0103918759954754	0.199465332860029	0.850250396898163	0.199465332860029
ELOVL1	0.0105157656536372	0.128183965746055	0.850250396898163	0.128183965746055
EPCAM	0.0105639048066202	0.189308176473111	0.850250396898163	0.189308176473111
AC016705.2	0.0105719703387694	0.116246037120704	0.850250396898163	0.116246037120704
SLIT2	0.0105983688688407	0.110189062900332	0.850250396898163	0.110189062900332
USF3	0.0106562537433175	-0.0871584675807775	0.850250396898163	-0.0871584675807775
ZNF3	0.0107238158750528	0.10304259592685	0.850250396898163	0.10304259592685
TMEM267	0.0107239623649993	0.10011511376344	0.850250396898163	0.10011511376344
ACSL4	0.0107408891527174	0.072001880092738	0.850250396898163	0.072001880092738
CHST1	0.0108026470734346	-0.261862010530501	0.850250396898163	-0.261862010530501
PRKRA	0.0108036616054075	-0.113126138041668	0.850250396898163	-0.113126138041668
TRIM56	0.0108888842149597	-0.120078183248973	0.850250396898163	-0.120078183248973
SNHG25	0.0109229991578528	0.137336971904533	0.850250396898163	0.137336971904533
SERPINB1	0.0109534626322198	0.153058099449087	0.850250396898163	0.153058099449087
EXOSC9	0.0109623331359127	0.156234144968921	0.850250396898163	0.156234144968921
PLEKHH2	0.0110174874648016	-0.151941589613659	0.850250396898163	-0.151941589613659
KANTR	0.0110771425183142	-0.0669179003265789	0.850250396898163	-0.0669179003265789
BCR	0.0116108773846888	-0.14465296907591	0.850250396898163	-0.14465296907591
ZDHHC17	0.0118498676606607	0.0609094527074391	0.850250396898163	0.0609094527074391
RRP1	0.011906345120065	0.0937090904174997	0.850250396898163	0.0937090904174997
ZNF493	0.0119647938740698	0.0688270791773926	0.850250396898163	0.0688270791773926
DPY19L3	0.0119867862924527	-0.110828600135077	0.850250396898163	-0.110828600135077
TXNDC11	0.012170945368719	0.0987509215005323	0.850250396898163	0.0987509215005323
CROT	0.0122058376583157	0.145987778126024	0.850250396898163	0.145987778126024
GMPR2	0.0123404729444296	0.16101705123458	0.850250396898163	0.16101705123458
LINC00899	0.0123579104638994	0.170972631947706	0.850250396898163	0.170972631947706
PANK4	0.0123978246391309	0.184714175648358	0.850250396898163	0.184714175648358
LINC00174	0.0124607183549316	0.0920563418458264	0.850250396898163	0.0920563418458264
FBXL4	0.0125100347290756	0.0717540200345925	0.850250396898163	0.0717540200345925
NEDD4	0.0125877047444717	-0.159947969267858	0.850250396898163	-0.159947969267858
HOMER1	0.0126663754692329	-0.272063643444458	0.850250396898163	-0.272063643444458
ZNF692	0.012836804126	0.0845175122096546	0.850250396898163	0.0845175122096546
PHACTR4	0.0128925029970546	0.0546578008146095	0.850250396898163	0.0546578008146095
ANKRD18B	0.0130125318887182	-0.256839090122765	0.850250396898163	-0.256839090122765
NSMF	0.0130432155367108	-0.254641103729997	0.850250396898163	-0.254641103729997
SSR2	0.0130440625601074	0.152818332202508	0.850250396898163	0.152818332202508
LINC02814	0.0130716257901968	0.186302055417664	0.850250396898163	0.186302055417664
RUNX2	0.0131313059687923	-0.174427149986431	0.850250396898163	-0.174427149986431
DNAJC27-AS1	0.0131562367244355	0.100223875525148	0.850250396898163	0.100223875525148
POLE	0.0131639104368274	-0.164251121418118	0.850250396898163	-0.164251121418118
LINC01222	0.0131936953614836	0.201223306248328	0.850250396898163	0.201223306248328
CAVIN4	0.0134548433171168	0.120190559812824	0.850250396898163	0.120190559812824
BCL7B	0.0137350009079587	-0.187531374289037	0.850250396898163	-0.187531374289037
POLRMT	0.0137698609430099	0.114823518233609	0.850250396898163	0.114823518233609
SPRY2	0.0138251955420182	0.215487830793563	0.850250396898163	0.215487830793563
ABL2	0.0138507966911522	0.0713345512893704	0.850250396898163	0.0713345512893704
REPS1	0.0139064088648283	0.0894559359557475	0.850250396898163	0.0894559359557475
TRIM59	0.013949125999329	0.0753828834025011	0.850250396898163	0.0753828834025011
ZC3H8	0.0139537083296175	-0.0927074723506623	0.850250396898163	-0.0927074723506623
AC005562.1	0.0140302243799937	0.0939300525875691	0.850250396898163	0.0939300525875691
CDV3	0.0140871357967461	-0.160326955666626	0.850250396898163	-0.160326955666626
SLC38A9	0.0142997763329664	0.0591659081615911	0.850250396898163	0.0591659081615911
GLS	0.0144290789619365	-0.119689340234657	0.850250396898163	-0.119689340234657
PARP9	0.0144487161544297	-0.178893966253125	0.850250396898163	-0.178893966253125
HSPB11	0.0145562636382346	0.1230032240018	0.850250396898163	0.1230032240018
CDC42SE1	0.0147580433343701	0.106134272484447	0.850250396898163	0.106134272484447
ZNF777	0.0148060261938766	0.172212688797099	0.850250396898163	0.172212688797099
AC011447.3	0.0148362038959615	-0.154248468488295	0.850250396898163	-0.154248468488295
Z93930.2	0.0148833895158292	0.110324622007761	0.850250396898163	0.110324622007761
TMC8	0.0148857641521829	-0.147925693511873	0.850250396898163	-0.147925693511873
TAF13	0.015029777704332	0.160670256099913	0.850250396898163	0.160670256099913
ST8SIA1	0.0150529921358129	-0.277473207657544	0.850250396898163	-0.277473207657544
ACER3	0.0150851217899521	-0.0509328368536049	0.850250396898163	-0.0509328368536049
TRIM4	0.0151299544234734	-0.0968174941169923	0.850250396898163	-0.0968174941169923
TP53INP1	0.0151454796232263	-0.160888839998975	0.850250396898163	-0.160888839998975
CIPC	0.0152043017338725	0.0850393539004717	0.850250396898163	0.0850393539004717
ZNF277	0.0152692115066554	-0.0793357381633262	0.850250396898163	-0.0793357381633262
TASOR2	0.0153590159680812	-0.0634775264229843	0.850250396898163	-0.0634775264229843
LAT	0.0153859004064064	-0.207514838326062	0.850250396898163	-0.207514838326062
MT1E	0.0154092704335928	-0.254647133971956	0.850250396898163	-0.254647133971956
ANKRD11	0.0154221231946981	-0.0657706419690467	0.850250396898163	-0.0657706419690467
AC007319.1	0.0156787125868291	0.240494531493469	0.850250396898163	0.240494531493469
ASH2L	0.0156788035225384	-0.1080705658197	0.850250396898163	-0.1080705658197
LINC00486	0.0156793253179004	0.142502340179294	0.850250396898163	0.142502340179294
XYLT2	0.0158088840702228	0.175160742220939	0.850250396898163	0.175160742220939
STXBP4	0.0160129211265321	0.102163187555569	0.850250396898163	0.102163187555569
RNF114	0.0160457647899262	0.084672350038823	0.850250396898163	0.084672350038823
PECR	0.0161303547783729	0.142263043363692	0.850250396898163	0.142263043363692
DPP10	0.0161421643571388	0.22369794645681	0.850250396898163	0.22369794645681
MCMDC2	0.0161659780058819	0.187428495625078	0.850250396898163	0.187428495625078
NXPH1	0.0163034891353674	0.24138252438958	0.850250396898163	0.24138252438958
GNB5	0.0163741785178617	-0.235732964198436	0.850250396898163	-0.235732964198436
RNF213-AS1	0.0164048204512308	-0.235013256461425	0.850250396898163	-0.235013256461425
PLA2G12A	0.0166155616440005	0.0998757966109029	0.850250396898163	0.0998757966109029
TBC1D10B	0.0166549834257522	0.105431510007073	0.850250396898163	0.105431510007073
BCKDHB	0.0168000429454756	-0.0589985961208851	0.850250396898163	-0.0589985961208851
LRRC39	0.0169997342273642	-0.255598715392342	0.850250396898163	-0.255598715392342
TMEM38B	0.0170502248046776	-0.10907362368216	0.850250396898163	-0.10907362368216
ZNF570	0.0170737910699813	0.159855248704572	0.850250396898163	0.159855248704572
DNAJB4	0.0171644382052362	0.179150214048697	0.850250396898163	0.179150214048697
TSHZ1	0.0171917559549293	-0.154350972434171	0.850250396898163	-0.154350972434171
MPHOSPH6	0.0172564626300865	-0.14580977715323	0.850250396898163	-0.14580977715323
INTS14	0.0172610781089586	0.115260899949825	0.850250396898163	0.115260899949825
ZNF22	0.0174017738943209	-0.148996728761467	0.850250396898163	-0.148996728761467
TAFA1	0.0174121284043082	-0.280740581336657	0.850250396898163	-0.280740581336657
PLS3	0.0174259312086339	0.0730876435564593	0.850250396898163	0.0730876435564593
MAPT	0.0176503326758858	-0.0441810493257023	0.850250396898163	-0.0441810493257023
GAS1	0.0176535304524385	0.184044140358214	0.850250396898163	0.184044140358214
CRPPA	0.0176812614845329	-0.118831591341536	0.850250396898163	-0.118831591341536
ZNF684	0.0177353580707958	0.148315415283576	0.850250396898163	0.148315415283576
LINC00511	0.0177498053695216	-0.213767121967662	0.850250396898163	-0.213767121967662
EVI2B	0.0177946453242258	0.104776964596085	0.850250396898163	0.104776964596085
ZSCAN30	0.0179800597810029	0.113110770940054	0.852466498296006	0.113110770940054
GABPB1	0.0180108984586964	-0.114570256172878	0.852466498296006	-0.114570256172878
SMIM19	0.0181494367475386	0.125215321450123	0.852466498296006	0.125215321450123
EIF1AY	0.0181596152117621	0.20705545177435	0.852466498296006	0.20705545177435
CMTM1	0.0183684370157439	-0.183956178413418	0.852678123505424	-0.183956178413418
BOK	0.0184774265433319	0.0859966386287172	0.852678123505424	0.0859966386287172
ANKRD52	0.0185072678946778	-0.112453253790483	0.852678123505424	-0.112453253790483
METTL3	0.0185138938899534	-0.10883515543416	0.852678123505424	-0.10883515543416
CCDC174	0.0186109517865252	-0.100730433794105	0.852678123505424	-0.100730433794105
METTL16	0.0186651537689903	-0.0715643027700436	0.852678123505424	-0.0715643027700436
PYROXD1	0.0187358335109184	0.115613011728158	0.852678123505424	0.115613011728158
C1QTNF4	0.0188014610060058	-0.271295145702798	0.852678123505424	-0.271295145702798
AC023632.2	0.0191714411165382	-0.158376018124953	0.865788752195394	-0.158376018124953
SCRN3	0.0192855260001922	0.132717258190516	0.867281448655701	0.132717258190516
SSH1	0.0196809489850592	-0.0980178904329234	0.872077616800746	-0.0980178904329234
AC005237.1	0.0198144741663	-0.26150015620477	0.872077616800746	-0.26150015620477
ZNF44	0.0199707047563506	0.0796342542486448	0.872077616800746	0.0796342542486448
LMF1	0.0199982983539091	-0.0811863151784056	0.872077616800746	-0.0811863151784056
ATP1A2	0.0201302602982666	-0.269112152565712	0.872077616800746	-0.269112152565712
ANP32E	0.0201618692225839	-0.215148223710028	0.872077616800746	-0.215148223710028
DECR1	0.0201934285500319	-0.106353564507169	0.872077616800746	-0.106353564507169
EXOG	0.0202734068267994	-0.109786827862624	0.872077616800746	-0.109786827862624
GJC2	0.0203013055819958	0.129319908445919	0.872077616800746	0.129319908445919
MPI	0.0203507945358648	0.134080280571256	0.872077616800746	0.134080280571256
PLCL2	0.0203632530124985	0.159203548347286	0.872077616800746	0.159203548347286
FOPNL	0.0204039680229522	0.102379276605509	0.872077616800746	0.102379276605509
NUFIP1	0.0204514137921132	0.136706647489141	0.872077616800746	0.136706647489141
CROCC	0.0206872913318788	0.0805438479675141	0.878635234623407	0.0805438479675141
OGG1	0.0208317630808095	-0.104247618549888	0.879416649914628	-0.104247618549888
RFXAP	0.0209426277552951	0.110359774999966	0.879416649914628	0.110359774999966
KRIT1	0.0209521859037868	0.053903650408775	0.879416649914628	0.053903650408775
KIF19	0.0211194636034201	-0.106099335650284	0.879874983750718	-0.106099335650284
METTL14	0.0212996570497197	0.086803411450373	0.879874983750718	0.086803411450373
FGFR1OP	0.0213823831213035	-0.133560756982846	0.879874983750718	-0.133560756982846
NCKAP1	0.0214334210108181	0.0855889667163186	0.879874983750718	0.0855889667163186
AC106793.1	0.0214456192931878	0.12991966267865	0.879874983750718	0.12991966267865
KCNB1	0.0215399062819833	-0.246324529354973	0.879874983750718	-0.246324529354973
HAUS1	0.0216391250881487	-0.164452733439057	0.879874983750718	-0.164452733439057
GLRX3	0.0216891592012594	0.0857043608622852	0.879874983750718	0.0857043608622852
IRAK1BP1	0.0217984733126119	-0.11372216434753	0.879874983750718	-0.11372216434753
GPN2	0.0218517476016092	0.120293895498367	0.879874983750718	0.120293895498367
TRMT61B	0.0221096721287662	0.0859212251925407	0.879874983750718	0.0859212251925407
OGDH	0.022164962376685	-0.0710384688072922	0.879874983750718	-0.0710384688072922
CEMIP2	0.0221787499942245	-0.129312447647672	0.879874983750718	-0.129312447647672
GABBR1	0.0222585423573643	-0.153219340708968	0.879874983750718	-0.153219340708968
FAM118B	0.0223443498029848	-0.164101884858298	0.879874983750718	-0.164101884858298
CAV2	0.0223530701681863	-0.22109051267935	0.879874983750718	-0.22109051267935
HDAC5	0.0223606461347468	0.0602050678513503	0.879874983750718	0.0602050678513503
MGAT3	0.0227264905776732	0.0721326865453086	0.889353864682837	0.0721326865453086
ZNF45	0.0231700108642692	-0.189092358286615	0.889353864682837	-0.189092358286615
NPIPB2	0.0231722719104426	0.228650181727143	0.889353864682837	0.228650181727143
HTRA1	0.0233839130815306	-0.0504459214750373	0.889353864682837	-0.0504459214750373
SEPTIN9	0.0234943749300108	0.172716062872278	0.889353864682837	0.172716062872278
GPR173	0.023756127308496	0.0663933867436544	0.889353864682837	0.0663933867436544
DENR	0.0237757661239911	0.0898214905116981	0.889353864682837	0.0898214905116981
ADAMTSL3	0.0238846355512253	-0.0748326785976122	0.889353864682837	-0.0748326785976122
SCO1	0.0239430483331012	-0.123743095917261	0.889353864682837	-0.123743095917261
CDC42EP1	0.0240135500050392	0.0857954798923944	0.889353864682837	0.0857954798923944
GMPPA	0.0241146575248647	0.142211001050906	0.889353864682837	0.142211001050906
DIP2B	0.0241404573893454	-0.0398137852520912	0.889353864682837	-0.0398137852520912
LPIN1	0.024142896003276	0.0694497210513332	0.889353864682837	0.0694497210513332
ZNF583	0.0242355566655148	0.111077315476771	0.889353864682837	0.111077315476771
MAP7	0.024393051339178	-0.0314923091270056	0.889353864682837	-0.0314923091270056
C5orf22	0.0244007006177766	-0.131499853841737	0.889353864682837	-0.131499853841737
RSBN1L	0.0244450886477712	-0.057917901132585	0.889353864682837	-0.057917901132585
STS	0.0245709143582122	-0.156086923236233	0.889353864682837	-0.156086923236233
LINC00665	0.0246769791376419	0.123009987695531	0.889353864682837	0.123009987695531
CRIPAK	0.0248586017133162	0.113374288278255	0.889353864682837	0.113374288278255
TMEM150C	0.0248721355941798	0.135306057480121	0.889353864682837	0.135306057480121
ST8SIA5	0.0248965667167282	-0.187644235084917	0.889353864682837	-0.187644235084917
NKX2-2	0.0249967043398257	0.089442361359461	0.889353864682837	0.089442361359461
ZNF551	0.0250795134883742	0.119085630651664	0.889353864682837	0.119085630651664
MCF2L	0.0251395560185692	-0.114214886684581	0.889353864682837	-0.114214886684581
EXOSC7	0.0253486310347443	0.108425119575293	0.889353864682837	0.108425119575293
RABL2B	0.0257547099611331	0.112384888050234	0.889353864682837	0.112384888050234
MIA2	0.025818287198326	0.0834729702543248	0.889353864682837	0.0834729702543248
CPQ	0.0258282519240605	-0.055569486142454	0.889353864682837	-0.055569486142454
SETD3	0.0258804106969025	-0.0884586554220155	0.889353864682837	-0.0884586554220155
CNOT6	0.0259421192109821	0.0827790701089966	0.889353864682837	0.0827790701089966
THAP9-AS1	0.0259482393612207	0.172141280060261	0.889353864682837	0.172141280060261
GPD2	0.0259487983891395	0.0962057220265285	0.889353864682837	0.0962057220265285
C22orf39	0.0259499323629555	-0.159241368524407	0.889353864682837	-0.159241368524407
TGFBR2	0.0259988353869417	0.167287504835765	0.889353864682837	0.167287504835765
USP3-AS1	0.0261373676993091	-0.193907878970026	0.889353864682837	-0.193907878970026
AC073389.2	0.0264075042636919	0.176868092495341	0.889353864682837	0.176868092495341
CLNS1A	0.0264336315557287	-0.0593104979566455	0.889353864682837	-0.0593104979566455
USP53	0.0264575385662353	-0.212148566219106	0.889353864682837	-0.212148566219106
MIGA2	0.0264627497712917	0.115371209336171	0.889353864682837	0.115371209336171
OTUB1	0.0265441657072101	0.121325390788063	0.889353864682837	0.121325390788063
KCTD7	0.0266643982412265	-0.087536164278615	0.889353864682837	-0.087536164278615
EVL	0.0266727955053515	-0.0928201044922183	0.889353864682837	-0.0928201044922183
CNTN1	0.0267074260400873	0.194182596655615	0.889353864682837	0.194182596655615
AL357153.2	0.0268048381125484	-0.121212223802413	0.889353864682837	-0.121212223802413
BRMS1L	0.0268189445654296	-0.0991199063428978	0.889353864682837	-0.0991199063428978
XPO4	0.0268193958550831	0.0613146519642033	0.889353864682837	0.0613146519642033
ZNF71	0.0268678063214089	0.146282860436641	0.889353864682837	0.146282860436641
CSK	0.02701857286845	0.122841829665137	0.889353864682837	0.122841829665137
SYNM	0.0270533402954774	0.147621682964709	0.889353864682837	0.147621682964709
CEP41	0.0271093891892574	-0.154662810292371	0.889353864682837	-0.154662810292371
WDR61	0.0271417443475376	-0.0987434180752816	0.889353864682837	-0.0987434180752816
DYNC1I1	0.0271583299759591	-0.0663628423806979	0.889353864682837	-0.0663628423806979
LRIG3	0.0271751110083299	0.0940933598917901	0.889353864682837	0.0940933598917901
NDUFAF3	0.0271990321997989	0.187068233631252	0.889353864682837	0.187068233631252
UGGT2	0.0272547946945689	0.0542807239324671	0.889353864682837	0.0542807239324671
CAAP1	0.0273499433334341	0.0937000546937682	0.889746028868526	0.0937000546937682
OGFRL1	0.027545536957443	-0.226539071613159	0.890875668577063	-0.226539071613159
MKRN1	0.0275511395215367	0.106562321791687	0.890875668577063	0.106562321791687
RBM3	0.0277589171165658	-0.132146321960937	0.89489063222471	-0.132146321960937
NEXN	0.0279597579532389	0.177846101561381	0.89628068152373	0.177846101561381
ANKRD7	0.0279695176706462	-0.185976291687093	0.89628068152373	-0.185976291687093
FRG1-DT	0.0281412105950395	-0.130639303162025	0.899090677608084	-0.130639303162025
SSBP3	0.0282402989740469	-0.06643495024231	0.899571190235786	-0.06643495024231
SLC10A7	0.0285250192129882	0.0686218858309618	0.904734041649772	0.0686218858309618
IFT88	0.0285714384824463	0.049434992387142	0.904734041649772	0.049434992387142
FNIP1	0.0288977593499279	-0.0380343610291481	0.910170368959251	-0.0380343610291481
NCOA5	0.0289632488462549	0.0792640633307507	0.910170368959251	0.0792640633307507
AL122035.1	0.0289982337489587	-0.092359543437711	0.910170368959251	-0.092359543437711
PBX2	0.0294537824859425	0.11746226330551	0.917094107307162	0.11746226330551
LPIN2	0.0295000376444715	-0.129272105047553	0.917094107307162	-0.129272105047553
CPNE3	0.0298421326487322	0.0943347832992618	0.917094107307162	0.0943347832992618
HDAC11	0.0298497456636669	0.0687896291242055	0.917094107307162	0.0687896291242055
CYP7B1	0.02991573545935	0.0790903420852572	0.917094107307162	0.0790903420852572
AL731769.2	0.0299454395374406	-0.194507129423422	0.917094107307162	-0.194507129423422
PHF6	0.0299484191125822	0.0844299845674879	0.917094107307162	0.0844299845674879
ZKSCAN5	0.0299938781155757	-0.124011503381001	0.917094107307162	-0.124011503381001
ATCAY	0.0300589323032758	-0.23601023391451	0.917094107307162	-0.23601023391451
POU3F2	0.0301818100929141	-0.114736161731183	0.917094107307162	-0.114736161731183
PPHLN1	0.0302804126960265	-0.0633580980416711	0.917094107307162	-0.0633580980416711
LINC01619	0.0303517630031964	0.199176386841512	0.917094107307162	0.199176386841512
IPO8	0.0303806538380248	0.0764597452100684	0.917094107307162	0.0764597452100684
GNG10	0.0304184254969674	0.12563892189189	0.917094107307162	0.12563892189189
FOXJ3	0.0305563831622774	-0.0439104650287595	0.918665643218692	-0.0439104650287595
ANO10	0.0307188139245001	-0.0768917801209283	0.919285267760529	-0.0768917801209283
IQCE	0.0307487737884957	0.15776027209583	0.919285267760529	0.15776027209583
ST7	0.0310316576327737	-0.183772983032004	0.924441768485643	-0.183772983032004
DISP1	0.0311223259056843	-0.14120128447931	0.924441768485643	-0.14120128447931
UBXN2A	0.0312623298546438	0.0543003173101763	0.924441768485643	0.0543003173101763
DUSP12	0.031266740184229	0.135292033802488	0.924441768485643	0.135292033802488
ROR1	0.0315092716673553	0.0960736208375575	0.92469719203627	0.0960736208375575
TRAF6	0.0315266873657642	-0.101224754076853	0.92469719203627	-0.101224754076853
IDNK	0.0316118228957431	0.130822895596164	0.92469719203627	0.130822895596164
ZMYM2	0.0316209634948402	-0.0400731047649386	0.92469719203627	-0.0400731047649386
ZNF524	0.031838869567324	0.156589582737376	0.926390239891012	0.156589582737376
ATP1B3	0.0318519675119025	-0.106382420582941	0.926390239891012	-0.106382420582941
TARDBP	0.0322411378309121	0.0693107159282934	0.935167745810983	0.0693107159282934
EYA3	0.0323465418613643	0.0527658914552085	0.935689290654547	0.0527658914552085
MRPL10	0.0325931744589739	0.172355859016357	0.936447179151821	0.172355859016357
BNIP3L	0.0327259410177342	-0.0560449744855296	0.936447179151821	-0.0560449744855296
KIAA1614	0.0327478280237012	0.168238827840262	0.936447179151821	0.168238827840262
TCF7L2	0.0327512944285896	-0.0819095894934578	0.936447179151821	-0.0819095894934578
RNF152	0.0328945779735875	0.137557230826704	0.936447179151821	0.137557230826704
LRPPRC	0.0330484705212788	0.0613378448452476	0.936447179151821	0.0613378448452476
PPP2R5C	0.0332253940988033	-0.0545352866151313	0.936447179151821	-0.0545352866151313
AC092068.3	0.0332411763612035	-0.171835900493913	0.936447179151821	-0.171835900493913
SLC39A11	0.0334251894393297	-0.0532085626825646	0.936447179151821	-0.0532085626825646
SLC25A51	0.0334800070317042	-0.0909892499388334	0.936447179151821	-0.0909892499388334
IAH1	0.0335561387813314	-0.102058882458209	0.936447179151821	-0.102058882458209
DGKA	0.0337064206028399	-0.185884322308343	0.936447179151821	-0.185884322308343
RPS10-NUDT3	0.0337551615708877	-0.140807668157824	0.936447179151821	-0.140807668157824
L3MBTL4	0.0338177166475264	-0.0477348730934762	0.936447179151821	-0.0477348730934762
SOX9	0.0339909089424211	0.141706417912241	0.936447179151821	0.141706417912241
CAMKMT	0.0340239660167077	-0.0483328842122216	0.936447179151821	-0.0483328842122216
SLC1A3	0.0340867678660321	0.0620034203173421	0.936447179151821	0.0620034203173421
CDC42BPA	0.0341605447176491	-0.0291323083948099	0.936447179151821	-0.0291323083948099
LRRC58	0.0341845014083322	-0.0697038593437154	0.936447179151821	-0.0697038593437154
IDH3B	0.0342379076544016	0.140107336551005	0.936447179151821	0.140107336551005
SYNE2	0.0343514931241993	-0.135349804846006	0.936447179151821	-0.135349804846006
ACP6	0.0343719449516055	0.132314246123356	0.936447179151821	0.132314246123356
RNF13	0.0343851015048739	-0.0464722224044791	0.936447179151821	-0.0464722224044791
TAFA4	0.0344890079783799	-0.0772932326450944	0.936893026377158	-0.0772932326450944
LINC01310	0.0348796486333832	-0.218758937209252	0.945106023602786	-0.218758937209252
SMCR5	0.0350182263559307	0.205738860138685	0.945933871826609	0.205738860138685
KCNIP3	0.0350948651730827	-0.191436393503074	0.945933871826609	-0.191436393503074
PHACTR3	0.0352196615782817	-0.0420084810689689	0.945933871826609	-0.0420084810689689
MTHFSD	0.0352694676591791	-0.16910560752744	0.945933871826609	-0.16910560752744
CDH12	0.0353771582840251	0.234423765527395	0.945933871826609	0.234423765527395
ARHGEF12	0.0354404823509736	-0.100710758056768	0.945933871826609	-0.100710758056768
LINC00265	0.0359912893988639	0.158327314334655	0.956600976904183	0.158327314334655
STAT1	0.0360311825930487	-0.142250201280484	0.956600976904183	-0.142250201280484
TARBP1	0.0361142144284539	0.111549488660611	0.956600976904183	0.111549488660611
PLAC8L1	0.0362016604524916	0.153477156824478	0.956600976904183	0.153477156824478
PRKAR2A	0.0363331890281631	0.0490268120453127	0.956600976904183	0.0490268120453127
DVL1	0.0363922202638757	0.091204008431801	0.956600976904183	0.091204008431801
AC090945.1	0.0364657758177059	0.0864767496432845	0.956600976904183	0.0864767496432845
GHDC	0.0369127471015288	-0.146754789789544	0.959124879610817	-0.146754789789544
SZT2	0.0369462619717415	0.0825026927580173	0.959124879610817	0.0825026927580173
CRTC1	0.0369603872648704	-0.07265531974554	0.959124879610817	-0.07265531974554
KCTD8	0.0370368172310387	-0.0621235791146327	0.959124879610817	-0.0621235791146327
DRAP1	0.0371210477638665	-0.155341513446484	0.959124879610817	-0.155341513446484
SUPT6H	0.0371295409592757	-0.0720017121592279	0.959124879610817	-0.0720017121592279
HAGHL	0.0372870121419552	0.15188910618295	0.959124879610817	0.15188910618295
SLC22A5	0.0373419895570327	0.170078580005308	0.959124879610817	0.170078580005308
GOLGA1	0.0373685018030189	0.0770113214448039	0.959124879610817	0.0770113214448039
DMAP1	0.0375090058095449	0.110432168952998	0.959865937796727	0.110432168952998
ARSB	0.0375767381049078	-0.0679310025718741	0.959865937796727	-0.0679310025718741
PFN2	0.0378546699198783	-0.174374246215925	0.963578260935236	-0.174374246215925
AC007376.2	0.0379021253717401	-0.114683540583239	0.963578260935236	-0.114683540583239
SOX5	0.0381044977558167	0.201688409924796	0.964297842253149	0.201688409924796
ZNF793	0.0381106220006617	0.0861434971570148	0.964297842253149	0.0861434971570148
USP4	0.0382054349491977	0.0761335440611575	0.964416910993546	0.0761335440611575
ZNF580	0.038406550604535	-0.146490460240936	0.965388406041457	-0.146490460240936
STAU2	0.0384420488424036	0.0592662267534471	0.965388406041457	0.0592662267534471
NOL10	0.0385897307115796	0.0555031557656653	0.965388406041457	0.0555031557656653
TOMM5	0.0387287270597751	-0.214923269716898	0.965388406041457	-0.214923269716898
UTP23	0.038828047895103	-0.0821571896294745	0.965388406041457	-0.0821571896294745
FBXO4	0.0388652287616621	0.134433150046631	0.965388406041457	0.134433150046631
FGFR1OP2	0.038911543589565	0.0637933422655964	0.965388406041457	0.0637933422655964
NMNAT1	0.0391198522886237	0.10713014356338	0.965388406041457	0.10713014356338
CHD7	0.0396940401859442	-0.0540780622520249	0.965388406041457	-0.0540780622520249
SYNGAP1	0.0397472408703708	-0.232674213113843	0.965388406041457	-0.232674213113843
PPP1R35	0.0398487695834578	-0.228948821488275	0.965388406041457	-0.228948821488275
FRG1	0.039886841657293	0.101053398274468	0.965388406041457	0.101053398274468
ZSWIM9	0.0399785960258873	0.0928090322842266	0.965388406041457	0.0928090322842266
LINC01184	0.0399993695633522	0.0512549489288424	0.965388406041457	0.0512549489288424
ST7L	0.0401314671438507	-0.0602355362540972	0.965388406041457	-0.0602355362540972
TUBA1C	0.0402038938018636	-0.201296304846978	0.965388406041457	-0.201296304846978
PDIA6	0.0402429277587433	0.121558122512265	0.965388406041457	0.121558122512265
AC053527.2	0.0402949882674112	0.0716096355086829	0.965388406041457	0.0716096355086829
EIF4EBP2	0.0403627049866131	-0.13196803110912	0.965388406041457	-0.13196803110912
N6AMT1	0.0405707761197569	0.111757108928576	0.965388406041457	0.111757108928576
ZNF790-AS1	0.0405877790699362	0.124735526951567	0.965388406041457	0.124735526951567
GLRX5	0.0406809533417962	-0.196651087241761	0.965388406041457	-0.196651087241761
PTPRS	0.0407591349297243	0.0413398588159704	0.965388406041457	0.0413398588159704
KAZN	0.0408917363341418	-0.0574847000734102	0.965388406041457	-0.0574847000734102
ZC3H6	0.0409380630721583	0.0593802509526191	0.965388406041457	0.0593802509526191
GTPBP6	0.0410083317590751	0.0851129123997793	0.965388406041457	0.0851129123997793
AP1S1	0.041456026004835	0.234372814072391	0.965388406041457	0.234372814072391
COX20	0.0416232298928727	-0.0851303336820452	0.965388406041457	-0.0851303336820452
DEXI	0.0416323931975876	0.197723855010366	0.965388406041457	0.197723855010366
NOP9	0.0416361682455434	0.156394084888406	0.965388406041457	0.156394084888406
ZNF781	0.0418078962628111	0.153259420899797	0.965388406041457	0.153259420899797
AC010974.2	0.041832498975287	-0.233537952200272	0.965388406041457	-0.233537952200272
GARS-DT	0.0418629980911221	0.0552603097370173	0.965388406041457	0.0552603097370173
CFAP36	0.0420821589034002	-0.151704281252403	0.965388406041457	-0.151704281252403
FAM182B	0.0421398966525084	0.12232658873357	0.965388406041457	0.12232658873357
XPO5	0.0422075803731173	-0.0936989021306437	0.965388406041457	-0.0936989021306437
HAPLN2	0.0422333326207708	-0.0620233208934848	0.965388406041457	-0.0620233208934848
MCM5	0.0424595060457661	0.155677161425947	0.965388406041457	0.155677161425947
POLD4	0.0425875220985066	0.156158556672713	0.965388406041457	0.156158556672713
LINC00667	0.0426622036179557	-0.062241682448119	0.965388406041457	-0.062241682448119
SRP9	0.0426741810578804	-0.116237737631324	0.965388406041457	-0.116237737631324
KNTC1	0.0427319316232564	0.152438986816469	0.965388406041457	0.152438986816469
ATG101	0.0427673561266598	0.190743396736967	0.965388406041457	0.190743396736967
AGA	0.0429626275268626	0.108129402348824	0.965388406041457	0.108129402348824
ZNF385B	0.0429977915510561	0.210850047528343	0.965388406041457	0.210850047528343
AC008629.1	0.0432104893258953	0.0871501941887223	0.965388406041457	0.0871501941887223
CETN3	0.0432545375117211	0.114750181547121	0.965388406041457	0.114750181547121
SCOC-AS1	0.0433763785347699	0.147237782052212	0.965388406041457	0.147237782052212
KIF1B	0.0434068553826313	-0.0299573252364689	0.965388406041457	-0.0299573252364689
POLR2H	0.0434561025901634	0.123275109240145	0.965388406041457	0.123275109240145
SMIM5	0.0435183448930782	0.120237864738028	0.965388406041457	0.120237864738028
PTPRO	0.0435266263671355	-0.235776221542697	0.965388406041457	-0.235776221542697
TUBB	0.043620642111956	-0.188345007825441	0.965388406041457	-0.188345007825441
LINC01992	0.0436468718842426	-0.152080731343236	0.965388406041457	-0.152080731343236
BMT2	0.0438228494301996	-0.137960367506931	0.965388406041457	-0.137960367506931
NIM1K	0.0438305230899076	-0.0705685128016588	0.965388406041457	-0.0705685128016588
EXOSC1	0.0442691588584393	-0.08209426544207	0.965388406041457	-0.08209426544207
SDC3	0.0443520715059838	-0.228521163185639	0.965388406041457	-0.228521163185639
PCMT1	0.0443863147721557	-0.0796339079276403	0.965388406041457	-0.0796339079276403
ZNF33A	0.0444191527541163	-0.0517068828829145	0.965388406041457	-0.0517068828829145
TPRN	0.0444301840062348	0.0575272312111538	0.965388406041457	0.0575272312111538
FMO5	0.0444669796782215	-0.155393021681868	0.965388406041457	-0.155393021681868
SLC2A11	0.0445092332095644	0.094771234319438	0.965388406041457	0.094771234319438
VPS8	0.0445585748357626	-0.0417796311092109	0.965388406041457	-0.0417796311092109
ZNF708	0.0447306204041732	-0.0579998794758292	0.965388406041457	-0.0579998794758292
MRPL37	0.0448812786996724	0.127401335695996	0.965388406041457	0.127401335695996
ACTR10	0.0449992736145655	0.0614651920261835	0.965388406041457	0.0614651920261835
AL096803.2	0.0450341164839814	0.0645549340953851	0.965388406041457	0.0645549340953851
PRUNE2	0.0450686164004546	-0.033264405673452	0.965388406041457	-0.033264405673452
MRPS11	0.0451446856856353	-0.0909593305618462	0.965388406041457	-0.0909593305618462
TAB3	0.0451949167639227	0.10184796393052	0.965388406041457	0.10184796393052
LEO1	0.0453071046335254	-0.108576632298822	0.965388406041457	-0.108576632298822
THAP4	0.0453800182123689	0.0913036279483113	0.965388406041457	0.0913036279483113
ZFHX2-AS1	0.0454362641795987	-0.0891636132804413	0.965388406041457	-0.0891636132804413
TPD52L1	0.0455704614995816	-0.200959829331801	0.965388406041457	-0.200959829331801
RBBP5	0.0456256139040778	0.0843227445749778	0.965388406041457	0.0843227445749778
MRPL44	0.0458822140848614	0.13586161249195	0.965388406041457	0.13586161249195
IFT81	0.0459054576283033	0.111930810846348	0.965388406041457	0.111930810846348
CBX3	0.0459201167959087	0.0883518560049649	0.965388406041457	0.0883518560049649
AAGAB	0.0459396821454113	-0.105108280732454	0.965388406041457	-0.105108280732454
TIMM10B	0.0459466545193893	0.143973405841189	0.965388406041457	0.143973405841189
TSSC4	0.0460007335649682	0.116698668372045	0.965388406041457	0.116698668372045
GUCD1	0.0462228610681411	0.143756753945547	0.965388406041457	0.143756753945547
MRTFB	0.0462406148784494	0.186192828843569	0.965388406041457	0.186192828843569
FARS2	0.0462780764723805	-0.0569842403971412	0.965388406041457	-0.0569842403971412
SERGEF	0.0463247047044612	-0.0869502434258929	0.965388406041457	-0.0869502434258929
TRIM41	0.0465300558307147	0.121615728268399	0.965388406041457	0.121615728268399
C8orf37-AS1	0.0465921881842803	-0.134525060498038	0.965388406041457	-0.134525060498038
TAGLN	0.0466318577053775	0.107064638464505	0.965388406041457	0.107064638464505
RAB22A	0.0466912552556853	0.0738523048515864	0.965388406041457	0.0738523048515864
CUL2	0.0469163824644613	-0.0839590834883353	0.965388406041457	-0.0839590834883353
DDX58	0.0469177397818502	-0.108022532710396	0.965388406041457	-0.108022532710396
RPS6KB1	0.0469307823613339	0.0557498107268882	0.965388406041457	0.0557498107268882
ZNF821	0.0470450781238432	-0.102561305477691	0.965388406041457	-0.102561305477691
ZNF891	0.0472861129114258	-0.0822840326007121	0.965388406041457	-0.0822840326007121
PARP11	0.0472944366581588	0.102959009924556	0.965388406041457	0.102959009924556
LDAH	0.0475418833053973	0.0994463242328392	0.965388406041457	0.0994463242328392
ATP8A1	0.0476089356967476	0.0308581029095466	0.965388406041457	0.0308581029095466
WDR89	0.0476108832260865	0.0998208992231508	0.965388406041457	0.0998208992231508
KCNAB1	0.0476256515076181	0.112336612843902	0.965388406041457	0.112336612843902
C9orf153	0.0476711640471218	-0.131474955645967	0.965388406041457	-0.131474955645967
SWT1	0.0476730635335215	0.0588507248136068	0.965388406041457	0.0588507248136068
RORB	0.0476777841879971	0.150004956814818	0.965388406041457	0.150004956814818
SMCHD1	0.0477025901180884	0.0479038938409045	0.965388406041457	0.0479038938409045
ANKS1B	0.0479274322667697	0.0302386743799279	0.965388406041457	0.0302386743799279
AGGF1	0.0479817846180856	0.0719861374942721	0.965388406041457	0.0719861374942721
DNAJA3	0.0480550344466961	0.0774885163392974	0.965388406041457	0.0774885163392974
ARID1A	0.0480738991321391	0.0396808161434121	0.965388406041457	0.0396808161434121
CHAF1A	0.0482359988297855	0.138788439914286	0.965388406041457	0.138788439914286
GPR137C	0.0482816174587474	-0.0559856385797659	0.965388406041457	-0.0559856385797659
AC099489.1	0.0482884371731278	-0.124371782223366	0.965388406041457	-0.124371782223366
PPIL3	0.0483460885394956	0.116792644521878	0.965388406041457	0.116792644521878
STARD3	0.0486271261203358	0.0739440680724626	0.966888193116571	0.0739440680724626
GPATCH4	0.0486977274744228	-0.161057699350817	0.966888193116571	-0.161057699350817
LINC02693	0.0487445345594807	-0.183475944680529	0.966888193116571	-0.183475944680529
KLHL12	0.0487918440264005	0.0938689976603046	0.966888193116571	0.0938689976603046
WAC-AS1	0.0489114663938353	0.0888203696069426	0.966888193116571	0.0888203696069426
GPATCH11	0.0490779788135849	-0.109521697004313	0.966888193116571	-0.109521697004313
DHX37	0.0491062750226428	-0.116349994789418	0.966888193116571	-0.116349994789418
AZIN2	0.0491984799922323	0.0724055803181286	0.966888193116571	0.0724055803181286
TAF6L	0.0494335459760471	0.114586811947629	0.966888193116571	0.114586811947629
GSKIP	0.0496202935651896	0.104378958729952	0.966888193116571	0.104378958729952
TULP3	0.0497186207370155	0.0513327771431974	0.966888193116571	0.0513327771431974
TM7SF2	0.0497955938741653	0.0976309118335972	0.966888193116571	0.0976309118335972
LINC00877	0.0498364149684013	0.0710980046935034	0.966888193116571	0.0710980046935034
TSEN54	0.0499215671195252	0.103718273548048	0.966888193116571	0.103718273548048
AP3B2	0.050008162811601	-0.193374340791197	0.966888193116571	-0.193374340791197
ECI2	0.050073814596676	-0.0918269326754286	0.966888193116571	-0.0918269326754286
PIGF	0.0500746900886574	0.081796570872105	0.966888193116571	0.081796570872105
SLBP	0.0500833714956159	-0.109237953468084	0.966888193116571	-0.109237953468084
C11orf65	0.0501376200298698	0.0971582498243789	0.966888193116571	0.0971582498243789
DNAJC16	0.0503009231323544	0.0694637963805425	0.967588048316322	0.0694637963805425
SLC66A2	0.0503547176410531	0.088907842212681	0.967588048316322	0.088907842212681
PIGU	0.0507677251380128	0.0540377150722882	0.968739913268788	0.0540377150722882
OSBPL11	0.0508845901729075	-0.0966580558809985	0.968739913268788	-0.0966580558809985
SRP72	0.0511403975279074	0.0739443314347195	0.968739913268788	0.0739443314347195
NCOA1	0.0512183639190096	-0.0350765317522751	0.968739913268788	-0.0350765317522751
NAT9	0.0512936109310235	0.109556908012787	0.968739913268788	0.109556908012787
CELF2	0.0514149446013429	0.175174841797465	0.968739913268788	0.175174841797465
TANGO6	0.0514731565445049	0.0522775091931617	0.968739913268788	0.0522775091931617
SLCO1A2	0.0516678567326117	0.037721831887068	0.968739913268788	0.037721831887068
LINC02112	0.0517548139957096	-0.188807135182312	0.968739913268788	-0.188807135182312
AC104417.2	0.0519236097326924	0.15594382225743	0.968739913268788	0.15594382225743
PIP4K2C	0.0519782030865356	-0.157768489965617	0.968739913268788	-0.157768489965617
FUT10	0.0521303922216062	0.106486691370087	0.968739913268788	0.106486691370087
ZNF213	0.0521463361895888	0.139541638361486	0.968739913268788	0.139541638361486
ISY1	0.052302257588704	-0.112481684988091	0.968739913268788	-0.112481684988091
HPS4	0.0524931817340775	0.0674741810409978	0.968739913268788	0.0674741810409978
MFSD10	0.0525956949168449	0.106937092377998	0.968739913268788	0.106937092377998
NCLN	0.0526091499860031	0.0907435929712872	0.968739913268788	0.0907435929712872
TBK1	0.0527168846035322	-0.0643971579663351	0.968739913268788	-0.0643971579663351
SLC25A25-AS1	0.05291268793319	-0.149403525670405	0.968739913268788	-0.149403525670405
ACSL6	0.0530199601988963	-0.200002051096841	0.968739913268788	-0.200002051096841
HS1BP3	0.0534422996394766	-0.0940623325670931	0.968739913268788	-0.0940623325670931
RSU1	0.0535803638119098	0.0607281448174433	0.968739913268788	0.0607281448174433
TRIM62	0.0541017393191778	-0.0640983045720289	0.968739913268788	-0.0640983045720289
ANGEL2	0.0541177599664194	-0.0662729412368792	0.968739913268788	-0.0662729412368792
THEMIS	0.0541291479767415	-0.140904985375529	0.968739913268788	-0.140904985375529
LLGL2	0.0542141665038908	0.0792263950323758	0.968739913268788	0.0792263950323758
SIRT1	0.0543078821172618	-0.0667765112475581	0.968739913268788	-0.0667765112475581
PPP1R14A	0.0543273724589101	0.0896291627688398	0.968739913268788	0.0896291627688398
ABCF3	0.054436036564394	-0.158159127775102	0.968739913268788	-0.158159127775102
ANKRD13A	0.0544609168146235	0.0625802017828836	0.968739913268788	0.0625802017828836
IKBKB	0.0545543551051426	-0.0629323825709139	0.968739913268788	-0.0629323825709139
DRG1	0.0546110429002481	-0.0685099856152551	0.968739913268788	-0.0685099856152551
DENND6A	0.0548252843576581	0.0517340562628428	0.968739913268788	0.0517340562628428
PTRH2	0.0550754090537901	0.0809299725859145	0.968739913268788	0.0809299725859145
WDR12	0.0551219616234402	0.118729569369284	0.968739913268788	0.118729569369284
SEC22A	0.0553206409037052	-0.0618567406030067	0.968739913268788	-0.0618567406030067
NSG2	0.0553425669831862	0.214094178605272	0.968739913268788	0.214094178605272
DTNBP1	0.0554817817345805	-0.0887830826846152	0.968739913268788	-0.0887830826846152
FBXO8	0.0555614495070076	0.116057257355992	0.968739913268788	0.116057257355992
AC110285.1	0.0556225418534635	-0.065114439954654	0.968739913268788	-0.065114439954654
RAB11B	0.0557117434722263	0.0717277861182241	0.968739913268788	0.0717277861182241
UXS1	0.0560264487860225	0.119940686791767	0.968739913268788	0.119940686791767
POGZ	0.0560985668553903	0.0362928708647009	0.968739913268788	0.0362928708647009
FAM122B	0.0562485702370023	0.101877328357067	0.968739913268788	0.101877328357067
RPL7L1	0.0563423062673057	-0.109043414254762	0.968739913268788	-0.109043414254762
SHC4	0.0564191242964488	0.064189641281316	0.968739913268788	0.064189641281316
GHITM	0.0564596921102008	-0.151618152255611	0.968739913268788	-0.151618152255611
AC068633.1	0.0566074291071461	-0.146647988028257	0.968739913268788	-0.146647988028257
LINC00970	0.0566375568133477	-0.175620373952256	0.968739913268788	-0.175620373952256
AL117381.1	0.0566854656499691	-0.248586568234441	0.968739913268788	-0.248586568234441
GKAP1	0.0567627433844494	0.0544823483140462	0.968739913268788	0.0544823483140462
GTF3C4	0.056864315266516	-0.141602603654355	0.968739913268788	-0.141602603654355
AASDH	0.0568831017999611	0.0717590480404175	0.968739913268788	0.0717590480404175
MBD2	0.0568968766527993	-0.0658697498455161	0.968739913268788	-0.0658697498455161
PILRB	0.0569360456358801	0.0774144749733815	0.968739913268788	0.0774144749733815
CDK2AP1	0.0569708137160691	0.104109041767887	0.968739913268788	0.104109041767887
AC106881.1	0.0569766832544376	-0.15622193940153	0.968739913268788	-0.15622193940153
UBE2M	0.0570496817567945	0.15861509720641	0.968739913268788	0.15861509720641
CIB1	0.057073448171535	0.140283465335689	0.968739913268788	0.140283465335689
XPR1	0.057452767654607	-0.0773130008892152	0.968739913268788	-0.0773130008892152
AC092745.5	0.0575103799129959	-0.118288864104369	0.968739913268788	-0.118288864104369
OCRL	0.057585910797045	-0.102305575533951	0.968739913268788	-0.102305575533951
C5orf15	0.0576770621847686	0.0917651041538711	0.968739913268788	0.0917651041538711
MFSD1	0.0576920553061303	-0.096114509297986	0.968739913268788	-0.096114509297986
ZNF429	0.0577044145807111	0.0730745752653651	0.968739913268788	0.0730745752653651
GPANK1	0.057809706928018	0.130115571182002	0.968739913268788	0.130115571182002
AC005225.3	0.0579241459602163	-0.118124902809543	0.968739913268788	-0.118124902809543
PLPPR2	0.0580106366804791	-0.147156004239672	0.968739913268788	-0.147156004239672
OSBPL2	0.0580772581634151	0.0804066118188839	0.968739913268788	0.0804066118188839
DDX19B	0.0583005908574844	0.0800274519940418	0.968739913268788	0.0800274519940418
ZNF804A	0.058300606127405	-0.230479851490027	0.968739913268788	-0.230479851490027
TSTD2	0.0583147843639021	-0.0882217310162037	0.968739913268788	-0.0882217310162037
AKIRIN2	0.0585031192305131	0.116025297158939	0.968739913268788	0.116025297158939
AL035587.1	0.058645642372714	-0.147568548473938	0.968739913268788	-0.147568548473938
CYTH3	0.0587510573618673	-0.124949536174756	0.968739913268788	-0.124949536174756
PDP1	0.0589378114384172	-0.222344623232118	0.968739913268788	-0.222344623232118
POLI	0.0590213514841917	0.0778245621636808	0.968739913268788	0.0778245621636808
SULT4A1	0.0590214019701969	-0.235402916898591	0.968739913268788	-0.235402916898591
GALNT2	0.0591617067436439	-0.0633180139565514	0.968739913268788	-0.0633180139565514
ACAT1	0.0591677052897937	0.0760656286842204	0.968739913268788	0.0760656286842204
ACTR1B	0.0592953498886479	-0.089230625888265	0.968739913268788	-0.089230625888265
FBL	0.05935296301846	0.139630912758947	0.968739913268788	0.139630912758947
ZNF587B	0.0593756705885916	0.0922430438390439	0.968739913268788	0.0922430438390439
FAM126A	0.059385505467811	0.0586359484982862	0.968739913268788	0.0586359484982862
SLC8A1	0.0594036768722057	0.168930792081666	0.968739913268788	0.168930792081666
USE1	0.0594219024452535	0.116706500096024	0.968739913268788	0.116706500096024
AC127502.2	0.0596720192435295	0.126623269643238	0.968739913268788	0.126623269643238
SPART	0.0600797863583318	0.0497996763686656	0.968739913268788	0.0497996763686656
CIRBP	0.0601982708295501	0.0639972183212312	0.968739913268788	0.0639972183212312
ANGPTL2	0.0602039275794283	0.112754602670423	0.968739913268788	0.112754602670423
POLR3GL	0.0604867304970374	-0.126069222984974	0.968739913268788	-0.126069222984974
SUCLG2-AS1	0.0606361995289921	0.109115661468353	0.968739913268788	0.109115661468353
NTRK2	0.060673513513101	0.0745478102824016	0.968739913268788	0.0745478102824016
AC107214.1	0.0607304749914113	0.115181261946838	0.968739913268788	0.115181261946838
SASH1	0.0608249906403476	-0.0339625391333783	0.968739913268788	-0.0339625391333783
FKBP1A	0.0610928508394339	-0.137136298814699	0.968739913268788	-0.137136298814699
LIMD1	0.0611343372668571	-0.163017571276235	0.968739913268788	-0.163017571276235
GOLPH3	0.0611483172080728	-0.0584877716247439	0.968739913268788	-0.0584877716247439
SMARCA2	0.0612425368348734	-0.0597062053483098	0.968739913268788	-0.0597062053483098
ENDOG	0.0613261556816831	-0.19634429193216	0.968739913268788	-0.19634429193216
UBE2B	0.0614216423052767	-0.0514413269902429	0.968739913268788	-0.0514413269902429
AP1M1	0.0615211725689945	0.0918562580863434	0.968739913268788	0.0918562580863434
NEIL2	0.061569553271243	0.147039593599373	0.968739913268788	0.147039593599373
BAG1	0.0615958193292566	0.124813775511458	0.968739913268788	0.124813775511458
SKI	0.0617963765003378	-0.0602406474612358	0.968739913268788	-0.0602406474612358
STARD7-AS1	0.0618139576411132	-0.122965534284657	0.968739913268788	-0.122965534284657
NDOR1	0.061815795617116	-0.107564436149946	0.968739913268788	-0.107564436149946
PCBP2	0.0619916603968848	-0.0450271140743705	0.968739913268788	-0.0450271140743705
TMEM41A	0.0620027151280734	0.136052522868396	0.968739913268788	0.136052522868396
THBS2	0.0620041285182021	0.0991256989596341	0.968739913268788	0.0991256989596341
KIAA0556	0.0622020509218631	-0.0648625272138746	0.968739913268788	-0.0648625272138746
ZNF337	0.0626941400438996	0.0765750489944674	0.968739913268788	0.0765750489944674
AC092939.1	0.0629061746798549	0.104089108010169	0.968739913268788	0.104089108010169
NSF	0.0629372848120438	-0.140911970213827	0.968739913268788	-0.140911970213827
NUCKS1	0.0629599279599768	0.0338590744854781	0.968739913268788	0.0338590744854781
ATAD3B	0.0630112507433311	0.103941870009687	0.968739913268788	0.103941870009687
CYTH2	0.0630242202737395	0.0920960517185216	0.968739913268788	0.0920960517185216
PI16	0.0630250219825978	0.10659981853863	0.968739913268788	0.10659981853863
C19orf18	0.0630329975483244	-0.129828200066998	0.968739913268788	-0.129828200066998
PSMG4	0.063328719373474	-0.0966100336074811	0.968739913268788	-0.0966100336074811
MKLN1	0.0633492582734012	-0.0323336930888834	0.968739913268788	-0.0323336930888834
TNFAIP1	0.0633511041947571	0.111768784956152	0.968739913268788	0.111768784956152
TARS2	0.063372613096918	0.10888402851563	0.968739913268788	0.10888402851563
RBSN	0.0634089841945558	0.0707712541699239	0.968739913268788	0.0707712541699239
LPXN	0.0634375005625823	0.0944416848213563	0.968739913268788	0.0944416848213563
SMARCD3	0.0634388170539548	-0.148276056033198	0.968739913268788	-0.148276056033198
SNRPG	0.0634445414503406	0.113408702833938	0.968739913268788	0.113408702833938
SAT1	0.0636886467266991	-0.162224901327715	0.968739913268788	-0.162224901327715
WDR45	0.0638113883116549	0.0796541698128863	0.968739913268788	0.0796541698128863
AUH	0.0639008433119961	-0.0444626984612157	0.968739913268788	-0.0444626984612157
ZFYVE19	0.0639468052126413	0.1019196906626	0.968739913268788	0.1019196906626
JAK2	0.0640325143598829	-0.0841652939694439	0.968739913268788	-0.0841652939694439
BX255925.3	0.0642688939937288	-0.107392267464256	0.968739913268788	-0.107392267464256
LLPH	0.0642754204679482	0.103864847550487	0.968739913268788	0.103864847550487
NDUFS8	0.0642812946033357	-0.128241215220452	0.968739913268788	-0.128241215220452
FAM114A2	0.0643203670608673	0.135985379021419	0.968739913268788	0.135985379021419
RPS28	0.0643672268719802	0.110449330356426	0.968739913268788	0.110449330356426
ZBTB38	0.0644071870076607	-0.043032753234843	0.968739913268788	-0.043032753234843
TMEM223	0.0645634434490013	-0.145444741582636	0.968739913268788	-0.145444741582636
ABCB8	0.0646114297621696	0.0937658840017032	0.968739913268788	0.0937658840017032
TOX3	0.0646171132233895	-0.124038078545775	0.968739913268788	-0.124038078545775
ELMO1	0.0646558299565626	-0.0277534964495975	0.968739913268788	-0.0277534964495975
MICU1	0.0647327784429967	0.0492752098280213	0.968739913268788	0.0492752098280213
LMAN2	0.0648220381302216	0.11533950719083	0.968739913268788	0.11533950719083
FAM122C	0.064924806550476	-0.132393884134371	0.968739913268788	-0.132393884134371
DOCK4	0.0650202834973323	-0.0261119280324967	0.968739913268788	-0.0261119280324967
SDCBP2-AS1	0.0652928736664741	0.0985063295101821	0.968739913268788	0.0985063295101821
SLC25A32	0.0654703224184996	0.0772490895647484	0.968739913268788	0.0772490895647484
NAA60	0.0654739062684859	0.0914090874923755	0.968739913268788	0.0914090874923755
RDH14	0.0655743800699053	0.127723377803618	0.968739913268788	0.127723377803618
CLDND1	0.0657843644394333	0.0545418167247179	0.968739913268788	0.0545418167247179
BMP8A	0.0658280629548277	-0.164441422991268	0.968739913268788	-0.164441422991268
ZBTB8A	0.0660889541108433	0.0743393384334812	0.968739913268788	0.0743393384334812
PCNX1	0.0661831004412479	-0.0430410275165775	0.968739913268788	-0.0430410275165775
LSG1	0.0662740558571284	-0.093125885831208	0.968739913268788	-0.093125885831208
CELSR3	0.0667649505302086	-0.1992592479973	0.968739913268788	-0.1992592479973
FAM66C	0.0668755687711218	0.0768796546202031	0.968739913268788	0.0768796546202031
KBTBD11	0.0669072027341402	-0.118442870552023	0.968739913268788	-0.118442870552023
SNRNP40	0.0669261586820267	0.0707676117179128	0.968739913268788	0.0707676117179128
DRG2	0.0670588176591167	-0.099712565093366	0.968739913268788	-0.099712565093366
TDP2	0.0671826681590579	-0.0959945441350424	0.968739913268788	-0.0959945441350424
RASSF8-AS1	0.067224858259368	0.101710042938796	0.968739913268788	0.101710042938796
AP3S2	0.0672423608620572	0.0603576049913366	0.968739913268788	0.0603576049913366
LRP12	0.0672495414552738	-0.135481061195751	0.968739913268788	-0.135481061195751
ZNF582	0.0673733784812461	-0.131885681507295	0.968739913268788	-0.131885681507295
AC008505.1	0.0674528385949569	0.116409110404334	0.968739913268788	0.116409110404334
RHBDL3	0.0674953115087753	-0.128122830942269	0.968739913268788	-0.128122830942269
PPP1R2	0.0675885772533439	0.0990318841243635	0.968739913268788	0.0990318841243635
TRUB1	0.0676285999131331	0.112509701435834	0.968739913268788	0.112509701435834
EXOC2	0.0676701619717214	-0.0479194963952186	0.968739913268788	-0.0479194963952186
AC019131.1	0.0678256592007285	0.141090998401744	0.968739913268788	0.141090998401744
KLHL23	0.0679275452201539	-0.102202064955953	0.968739913268788	-0.102202064955953
ZNF420	0.0679686000899423	-0.0768998139215433	0.968739913268788	-0.0768998139215433
TMSB4X	0.0682324593302437	0.123148477313275	0.968739913268788	0.123148477313275
LINC00685	0.068235192708018	0.0829686877270493	0.968739913268788	0.0829686877270493
SH3RF3	0.0682607175392157	-0.212474791840457	0.968739913268788	-0.212474791840457
LINC00844	0.0683590270243153	0.0768515732161852	0.968739913268788	0.0768515732161852
NDRG3	0.0684100971943117	-0.0799295545854596	0.968739913268788	-0.0799295545854596
AHCTF1	0.0684721179294383	0.067429527876668	0.968739913268788	0.067429527876668
FMNL3	0.0686115980399059	-0.0898055794365294	0.968739913268788	-0.0898055794365294
CFLAR	0.0686756547388588	-0.0504201904341455	0.968739913268788	-0.0504201904341455
TENT4A	0.0687035630873661	-0.0690035937657311	0.968739913268788	-0.0690035937657311
ZSWIM7	0.0687152463340187	0.063673581314395	0.968739913268788	0.063673581314395
SPATA5L1	0.0687247423083262	0.102257823252781	0.968739913268788	0.102257823252781
ATMIN	0.0687995094218168	0.0777531679547012	0.968739913268788	0.0777531679547012
RPN1	0.0688222591900566	0.0858420091694204	0.968739913268788	0.0858420091694204
MTOR	0.0688688182945701	-0.064925614525953	0.968739913268788	-0.064925614525953
KCNIP2	0.0688852507224947	0.25947449245998	0.968739913268788	0.25947449245998
BSDC1	0.0689054834927125	-0.0488996734976459	0.968739913268788	-0.0488996734976459
ZNF418	0.0689767812700914	0.135206080473282	0.968739913268788	0.135206080473282
CRB1	0.0690123714862907	0.0600643488042584	0.968739913268788	0.0600643488042584
MED29	0.0690393659331294	-0.0961501949503205	0.968739913268788	-0.0961501949503205
RPS6KB2	0.0690530162670834	0.0976380290232718	0.968739913268788	0.0976380290232718
NIT1	0.0690635414010139	0.109768116628559	0.968739913268788	0.109768116628559
MITD1	0.069088748725423	0.067557419902034	0.968739913268788	0.067557419902034
INO80C	0.0691498640325771	0.137207561520962	0.968739913268788	0.137207561520962
NUDT6	0.069166962035099	0.119961093515761	0.968739913268788	0.119961093515761
HAUS4	0.0692246905603181	0.120903416786636	0.968739913268788	0.120903416786636
AC051619.6	0.0694638081114299	-0.12480068800691	0.968739913268788	-0.12480068800691
ANKRD39	0.0695337855976585	-0.113460381793808	0.968739913268788	-0.113460381793808
DCAF11	0.0695501756212408	-0.0943140892682012	0.968739913268788	-0.0943140892682012
NTM-AS1	0.0695619864233356	0.0818104377755408	0.968739913268788	0.0818104377755408
PIP4P2	0.0696908744520803	0.0743892181492444	0.968739913268788	0.0743892181492444
IQCH-AS1	0.0697993522398541	-0.105322626142212	0.968739913268788	-0.105322626142212
LIMK1	0.0698538018073897	-0.190620484494688	0.968739913268788	-0.190620484494688
CARS	0.0700819656792528	-0.0699334870191644	0.968739913268788	-0.0699334870191644
TMOD1	0.0701372402089129	-0.129771250159832	0.968739913268788	-0.129771250159832
PCID2	0.0702374839850398	-0.0551388726765919	0.968739913268788	-0.0551388726765919
TMEM140	0.0703485306745869	-0.105051536957308	0.968739913268788	-0.105051536957308
AC034102.5	0.0704601074407479	0.143720096992029	0.968739913268788	0.143720096992029
TATDN3	0.0704628324810576	-0.0619866404294531	0.968739913268788	-0.0619866404294531
PPP3CB	0.0704664911762989	0.0773267232405436	0.968739913268788	0.0773267232405436
ANP32A	0.07054690576765	0.0512960568647064	0.968739913268788	0.0512960568647064
ARFGAP3	0.0705769879749874	-0.0560498713430113	0.968739913268788	-0.0560498713430113
HGS	0.0706540806497099	-0.0745249572298203	0.968739913268788	-0.0745249572298203
YPEL4	0.0707088466845045	0.0906214531022092	0.968739913268788	0.0906214531022092
SEMA6D	0.0707985065818951	0.0540869903737499	0.968739913268788	0.0540869903737499
ATG14	0.0708105584390304	0.0659692284588115	0.968739913268788	0.0659692284588115
TMEM72-AS1	0.0708524809091127	0.112000329279628	0.968739913268788	0.112000329279628
AL645568.1	0.0708799393816322	0.0612941177582576	0.968739913268788	0.0612941177582576
BASP1	0.0709151576630567	0.176246437353512	0.968739913268788	0.176246437353512
ELP2	0.0711365500604038	-0.047103399909932	0.968739913268788	-0.047103399909932
MOB1B	0.0712626491462244	-0.163451920837277	0.968739913268788	-0.163451920837277
MZT1	0.0712863875118143	-0.173212101585933	0.968739913268788	-0.173212101585933
ZEB1	0.0714176328674167	-0.197750823573013	0.968739913268788	-0.197750823573013
SRPK2	0.0714946327324691	-0.0263545671462308	0.968739913268788	-0.0263545671462308
ZNF18	0.0715069669710785	0.127711729252646	0.968739913268788	0.127711729252646
BTF3	0.0715112613699183	0.126075869804271	0.968739913268788	0.126075869804271
RHOQ	0.0715617633176048	-0.0712694717245472	0.968739913268788	-0.0712694717245472
TM9SF1	0.0715733687407124	0.122275177293058	0.968739913268788	0.122275177293058
DNAJC13	0.0718357439960915	-0.059665457694466	0.968739913268788	-0.059665457694466
ZNF627	0.0718966436329386	0.0872746467278211	0.968739913268788	0.0872746467278211
RSL1D1	0.0719706053421852	0.102539264832726	0.968739913268788	0.102539264832726
PPP2R3B	0.0719935166938454	-0.087089461307088	0.968739913268788	-0.087089461307088
ZNF234	0.0720126564332451	-0.0981417634202083	0.968739913268788	-0.0981417634202083
H2AFY	0.0720623859856127	0.0613940264021706	0.968739913268788	0.0613940264021706
PGP	0.0721288744178251	-0.0862239832387898	0.968739913268788	-0.0862239832387898
ZNF146	0.0722165426618313	-0.0497283491455749	0.968739913268788	-0.0497283491455749
FOXN2	0.0725149024122385	0.0386879795672575	0.968739913268788	0.0386879795672575
ZSCAN9	0.0727415067842887	0.125855550699926	0.968739913268788	0.125855550699926
PPP1R37	0.072768826779483	-0.102399608117228	0.968739913268788	-0.102399608117228
CEP85L	0.072781188119803	-0.0386021187825172	0.968739913268788	-0.0386021187825172
ATP5MG	0.0730832649401133	-0.0857412753468961	0.968739913268788	-0.0857412753468961
TDRKH	0.0730940892456328	-0.131644203357326	0.968739913268788	-0.131644203357326
PDHB	0.0732136151774786	0.130360873942927	0.968739913268788	0.130360873942927
RBM33	0.0732355652371392	-0.0480108357648318	0.968739913268788	-0.0480108357648318
NAA20	0.07333411273407	0.10445957541206	0.968739913268788	0.10445957541206
FAM219A	0.0734029960133206	0.0582304956947202	0.968739913268788	0.0582304956947202
WDR41	0.0735358800489734	-0.0596516508760575	0.968739913268788	-0.0596516508760575
ZNF470	0.0735788521392626	-0.124064082933468	0.968739913268788	-0.124064082933468
SUMF2	0.07362358819888	0.0719421228893178	0.968739913268788	0.0719421228893178
TYW5	0.0736719855352804	0.0772996235876259	0.968739913268788	0.0772996235876259
AC107032.2	0.0737186661327793	-0.137898748968796	0.968739913268788	-0.137898748968796
KLHL2	0.0737812218443545	-0.051949964717148	0.968739913268788	-0.051949964717148
ANKFY1	0.0738729566217493	-0.0546204064408827	0.968739913268788	-0.0546204064408827
MYO5B	0.0739979194225431	-0.132835984309818	0.968739913268788	-0.132835984309818
XRN2	0.0740828511109201	-0.0523659278342457	0.968739913268788	-0.0523659278342457
NAALADL2	0.0740864644821849	0.0565363418162672	0.968739913268788	0.0565363418162672
DOT1L	0.0740982628232138	0.0778783994416711	0.968739913268788	0.0778783994416711
BCLAF3	0.0741005136154873	0.0645160520153018	0.968739913268788	0.0645160520153018
LMNA	0.0741163489115486	-0.0616157541622205	0.968739913268788	-0.0616157541622205
SAMD8	0.0741523851018402	0.0587460030390273	0.968739913268788	0.0587460030390273
YES1	0.074469100804447	0.0802522168433234	0.968739913268788	0.0802522168433234
LARS	0.0744852336394842	0.0459188733579819	0.968739913268788	0.0459188733579819
LINC02193	0.0745525482470351	0.138318710973192	0.968739913268788	0.138318710973192
DPP6	0.0746698026396806	0.0655197876111908	0.968739913268788	0.0655197876111908
PTPN23	0.074683167925894	0.0761217316626403	0.968739913268788	0.0761217316626403
B3GALNT2	0.0747151368990464	-0.0853388002506686	0.968739913268788	-0.0853388002506686
TMUB2	0.0747621384994879	0.0941430639424798	0.968739913268788	0.0941430639424798
AC025682.1	0.0751080133863765	0.0710239114111289	0.971374487114988	0.0710239114111289
SNRK	0.075210016366231	-0.105047914966714	0.971374487114988	-0.105047914966714
MUC20	0.0753605652523024	-0.107342230748724	0.971374487114988	-0.107342230748724
AL391684.1	0.0753872535077268	-0.119373854957067	0.971374487114988	-0.119373854957067
AL162390.1	0.0755471646492599	0.131375871434778	0.971374487114988	0.131375871434778
NUP160	0.0755994628222769	-0.0511652693908627	0.971374487114988	-0.0511652693908627
ABHD18	0.0756007612600939	0.0589778180994206	0.971374487114988	0.0589778180994206
ZNF248	0.0757298190718104	0.052601624617829	0.971425402073599	0.052601624617829
AL158077.2	0.0757863381199329	0.0629681304779768	0.971425402073599	0.0629681304779768
CEP95	0.0758770098228094	-0.0615002909932849	0.971425402073599	-0.0615002909932849
ATPSCKMT	0.0761092674162066	0.0848770524206369	0.971994417861152	0.0848770524206369
RNF141	0.0761612965791571	0.0668465997053845	0.971994417861152	0.0668465997053845
EBLN2	0.0762526958586082	0.115068452210044	0.971994417861152	0.115068452210044
PTPA	0.0763016955341446	0.0668134359384758	0.971994417861152	0.0668134359384758
ERN1	0.0764335938438713	-0.130987577504464	0.971994417861152	-0.130987577504464
ITGB5	0.0764663458692974	-0.126060921125143	0.971994417861152	-0.126060921125143
MAVS	0.0767235307912888	0.0610984386766826	0.974088520923456	0.0610984386766826
PSMD2	0.0768131095636174	0.111278109492115	0.974088520923456	0.111278109492115
ABCC5	0.0772168633027292	0.0543426495415687	0.974370116654122	0.0543426495415687
TMEM250	0.0772554740818711	0.140574983849095	0.974370116654122	0.140574983849095
NIFK-AS1	0.077277724531082	-0.0621323226309471	0.974370116654122	-0.0621323226309471
PANK3	0.0773341737232133	0.0719180988792844	0.974370116654122	0.0719180988792844
PNMA1	0.0774037312749422	-0.199969027961123	0.974370116654122	-0.199969027961123
EIF4G2	0.0775054938732457	-0.0886843196406222	0.974370116654122	-0.0886843196406222
FAM13C	0.0777328277737749	0.0381898158175646	0.974370116654122	0.0381898158175646
STK40	0.0779345984666176	-0.0907262658106739	0.974370116654122	-0.0907262658106739
NAA30	0.0780576628535033	0.1101595219116	0.974370116654122	0.1101595219116
PITPNA	0.0780915411131756	0.0998355647483912	0.974370116654122	0.0998355647483912
ZBTB8OS	0.0781985674839107	0.0486987977753071	0.974370116654122	0.0486987977753071
DIPK1A	0.0783097363938621	-0.0352444322608444	0.974370116654122	-0.0352444322608444
TBXAS1	0.0783583846638303	-0.155052452602252	0.974370116654122	-0.155052452602252
AC068308.1	0.0783795300240699	-0.147757146592665	0.974370116654122	-0.147757146592665
FUNDC2	0.0785645739766872	-0.125804742145508	0.974370116654122	-0.125804742145508
MBTPS1	0.0789349658140351	0.0597791035122734	0.974370116654122	0.0597791035122734
DET1	0.0790241645274479	0.0958772772934481	0.974370116654122	0.0958772772934481
VPS13B-DT	0.0791019658204523	-0.0709587246618029	0.974370116654122	-0.0709587246618029
FAM204A	0.0793249717843958	0.0808830217966295	0.974370116654122	0.0808830217966295
ADAM15	0.0796541631889784	0.0837801367298829	0.974370116654122	0.0837801367298829
AGPS	0.0797871753654937	-0.0568026095846439	0.974370116654122	-0.0568026095846439
PRRC2C	0.0797980270057826	-0.060855728281812	0.974370116654122	-0.060855728281812
ZMPSTE24	0.0799310693146987	0.0746590376088957	0.974370116654122	0.0746590376088957
LRRTM2	0.079953152230353	-0.108868676285016	0.974370116654122	-0.108868676285016
FAM98C	0.0801155833852783	0.0992725034023441	0.974370116654122	0.0992725034023441
GMEB1	0.0802100627507811	0.0886432944589756	0.974370116654122	0.0886432944589756
KIAA2026	0.0802947554968015	-0.0349994057356256	0.974370116654122	-0.0349994057356256
SCARB2	0.0803639165452804	0.0402164114406651	0.974370116654122	0.0402164114406651
GEMIN5	0.0806288990261463	-0.0763494608787563	0.974370116654122	-0.0763494608787563
GRIK1	0.0806620572718854	0.163140548420058	0.974370116654122	0.163140548420058
AC138627.1	0.0806805926008597	0.0701922937502806	0.974370116654122	0.0701922937502806
AFG3L2	0.080753265824015	-0.0874573561266039	0.974370116654122	-0.0874573561266039
BAG6	0.0808008209328353	0.0874631727102608	0.974370116654122	0.0874631727102608
SGO1-AS1	0.0808118747142446	0.0865453198039878	0.974370116654122	0.0865453198039878
TPM4	0.0809232800029997	0.0629332994742225	0.974370116654122	0.0629332994742225
GLO1	0.0809830086793908	-0.0777528510439522	0.974370116654122	-0.0777528510439522
FKBP5	0.0810212189173667	-0.0695456253356455	0.974370116654122	-0.0695456253356455
PIAS4	0.0810278097314013	0.0616809587772973	0.974370116654122	0.0616809587772973
PPFIBP2	0.0811049357272713	-0.0559723926206819	0.974370116654122	-0.0559723926206819
NELL1	0.081172279098977	-0.213228557327465	0.974370116654122	-0.213228557327465
MAIP1	0.0812489238238004	-0.0824377681775514	0.974370116654122	-0.0824377681775514
LZTS3	0.0812532667219763	-0.162010738724276	0.974370116654122	-0.162010738724276
CENPP	0.0813069101970572	-0.0662227571744553	0.974370116654122	-0.0662227571744553
RUNDC3B	0.0813162392286028	0.198161003276437	0.974370116654122	0.198161003276437
PXN-AS1	0.0815790942037392	0.094654591253657	0.974370116654122	0.094654591253657
LENG8	0.0815827109708212	0.0576517647441322	0.974370116654122	0.0576517647441322
ZXDC	0.0817628021776261	-0.0396115674334305	0.974370116654122	-0.0396115674334305
ARHGAP21	0.0817656079649319	-0.0263689773462946	0.974370116654122	-0.0263689773462946
NR1H2	0.0818661208830776	0.0649193143798151	0.974370116654122	0.0649193143798151
TMEM170A	0.0818902401174741	0.0738493388065045	0.974370116654122	0.0738493388065045
AP5Z1	0.0819408015033202	0.0738290020338112	0.974370116654122	0.0738290020338112
PALM	0.0819491110762389	-0.172229686476618	0.974370116654122	-0.172229686476618
AC046134.2	0.0821575443536407	0.0457137080808068	0.974370116654122	0.0457137080808068
SLC12A9	0.0822362085915881	0.0622995481688019	0.974370116654122	0.0622995481688019
ZNF680	0.0823120436988821	-0.0697773058079762	0.974370116654122	-0.0697773058079762
LUCAT1	0.0824780001336719	-0.150665398705465	0.974370116654122	-0.150665398705465
MROH1	0.0825637608365806	-0.172602713367081	0.974370116654122	-0.172602713367081
SEC13	0.0825984830143145	-0.0861111889362035	0.974370116654122	-0.0861111889362035
ZNF639	0.0826868545221096	0.117206150756661	0.974370116654122	0.117206150756661
UFD1	0.0826991244146856	-0.0740786876838908	0.974370116654122	-0.0740786876838908
ADGRF3	0.0827826145932319	-0.155033669684972	0.974370116654122	-0.155033669684972
LASP1	0.0828915946296052	-0.130727585491908	0.974370116654122	-0.130727585491908
SLC2A1-AS1	0.0829737117368581	0.142246674439104	0.974370116654122	0.142246674439104
CRK	0.0830262178676837	0.0580621752665377	0.974370116654122	0.0580621752665377
KRR1	0.0830770670928228	-0.0856197057671449	0.974370116654122	-0.0856197057671449
ZNF395	0.0832495157712836	-0.112453877798295	0.974370116654122	-0.112453877798295
PIP4K2A	0.0833271186607868	-0.0244976646586019	0.974370116654122	-0.0244976646586019
ITM2C	0.0833716938506652	-0.179312529552524	0.974370116654122	-0.179312529552524
AL603839.3	0.0834406221620114	0.0793403177887372	0.974370116654122	0.0793403177887372
KIAA0895L	0.083468437053475	0.0941150288359448	0.974370116654122	0.0941150288359448
AC008438.1	0.0834918319766891	0.0639836680282222	0.974370116654122	0.0639836680282222
VPS53	0.083567938977971	-0.042257977409919	0.974370116654122	-0.042257977409919
PROX1	0.083623763079548	0.0461067740307154	0.974370116654122	0.0461067740307154
VRK1	0.0838118058381671	0.0760238710621699	0.974370116654122	0.0760238710621699
ATP6AP1L	0.0841173961022016	0.059944143123511	0.974370116654122	0.059944143123511
WDR13	0.0842050598816994	-0.0797433528159861	0.974370116654122	-0.0797433528159861
SLTM	0.0843910325219344	0.0388073864162206	0.974370116654122	0.0388073864162206
HDAC3	0.0843920898536149	-0.0767710220539927	0.974370116654122	-0.0767710220539927
MIS18A	0.0845438692376674	0.129687404945481	0.974370116654122	0.129687404945481
ATP7A	0.0845967939246683	0.13183184494633	0.974370116654122	0.13183184494633
TIPIN	0.0847115412020892	0.0879865906666886	0.974370116654122	0.0879865906666886
C3orf35	0.0848871259112678	-0.112613636884858	0.974370116654122	-0.112613636884858
DGLUCY	0.0848891256464137	-0.0576878491890268	0.974370116654122	-0.0576878491890268
TBC1D17	0.0849574284143255	-0.0548698069584015	0.974370116654122	-0.0548698069584015
TUBGCP5	0.0850113747686873	0.0669951537083682	0.974370116654122	0.0669951537083682
STRAP	0.0851739134034495	-0.111402043489536	0.974370116654122	-0.111402043489536
TIA1	0.0852663672079137	0.0659699941727275	0.974370116654122	0.0659699941727275
SLC5A11	0.0852718764728455	-0.0545763499795429	0.974370116654122	-0.0545763499795429
AC113383.1	0.0853156705725815	0.0894865304283544	0.974370116654122	0.0894865304283544
BRAP	0.0853333042495815	0.0640633310998474	0.974370116654122	0.0640633310998474
RCOR1	0.0853352085717264	-0.0864848005649603	0.974370116654122	-0.0864848005649603
HSP90B1	0.0854609582288516	0.0873688681028878	0.974370116654122	0.0873688681028878
NAPA	0.0854820529051498	0.0596445551017345	0.974370116654122	0.0596445551017345
PAFAH1B2	0.0855335659220998	0.0486427801016041	0.974370116654122	0.0486427801016041
AC090517.5	0.0856597463226846	0.0484760241361287	0.974370116654122	0.0484760241361287
GPATCH2	0.0857489694393819	-0.0870386397666657	0.974370116654122	-0.0870386397666657
ANAPC2	0.0857680646896561	0.0945749651771636	0.974370116654122	0.0945749651771636
KIF9-AS1	0.0857772465303788	0.0605236662715056	0.974370116654122	0.0605236662715056
TEPSIN	0.0859093668781514	0.12088799645587	0.974370116654122	0.12088799645587
C14orf93	0.0862993279804814	-0.126878762298553	0.974370116654122	-0.126878762298553
CHMP2B	0.0864024467952214	0.0868758595442622	0.974370116654122	0.0868758595442622
ZBED3-AS1	0.086429208027683	0.0574450843530266	0.974370116654122	0.0574450843530266
NUDT16	0.0865090162905439	-0.13414431858364	0.974370116654122	-0.13414431858364
STYXL1	0.0866475307468908	0.0602729555403946	0.974370116654122	0.0602729555403946
MED7	0.0867096795510759	-0.179257708708612	0.974370116654122	-0.179257708708612
BICRAL	0.0868192226380935	0.0383695344799153	0.974370116654122	0.0383695344799153
PRCP	0.0869283007323602	0.128162492123031	0.974370116654122	0.128162492123031
DCTN5	0.0869824834824351	-0.077735676254962	0.974370116654122	-0.077735676254962
BIVM	0.0870154202737314	0.0850868694171494	0.974370116654122	0.0850868694171494
ZMYND8	0.0870338257935477	-0.0364498727422341	0.974370116654122	-0.0364498727422341
PDXDC1	0.0871979460926075	0.0629456881889121	0.974370116654122	0.0629456881889121
SUPT16H	0.0872376222854822	0.0702530151294894	0.974370116654122	0.0702530151294894
PLEKHB2	0.0874831979556451	0.0809645837220253	0.974370116654122	0.0809645837220253
EIF2S1	0.0875380338576686	0.0697336192471561	0.974370116654122	0.0697336192471561
ATL3	0.0877098358723825	-0.0668875904805355	0.974370116654122	-0.0668875904805355
MTAP	0.0878785536815808	-0.0471167726297087	0.974370116654122	-0.0471167726297087
CADPS2	0.0879345288052533	0.193746114270309	0.974370116654122	0.193746114270309
LITAF	0.0880000714048597	0.0500541142381549	0.974370116654122	0.0500541142381549
RAD23B	0.088054473190003	-0.0567727735418991	0.974370116654122	-0.0567727735418991
CDK5RAP3	0.0880763401274561	0.0730918889311383	0.974370116654122	0.0730918889311383
INO80D	0.0881197694597128	-0.0515322766989284	0.974370116654122	-0.0515322766989284
PPP3CA	0.0881627626909568	0.0923387227181447	0.974370116654122	0.0923387227181447
HEXB	0.0882417933870431	-0.085011910613282	0.974370116654122	-0.085011910613282
LYG1	0.0882729041074028	-0.11778168146911	0.974370116654122	-0.11778168146911
SLC6A9	0.0882803596529432	0.0708697654612238	0.974370116654122	0.0708697654612238
AP000721.2	0.0883059902041015	0.0745844494876292	0.974370116654122	0.0745844494876292
KIF5B	0.0884079305193707	-0.0418019258493647	0.974490299020417	-0.0418019258493647
FBXO32	0.0885419341381143	-0.0586827357580636	0.974963293292426	-0.0586827357580636
ZNF699	0.0889689802621896	0.131837552089088	0.975171213757992	0.131837552089088
NECAP1	0.0891087991488539	-0.107427970368453	0.975171213757992	-0.107427970368453
ZNF862	0.0893085712986026	0.0595109452272069	0.975171213757992	0.0595109452272069
INTS13	0.0893505827371699	0.0869576383184798	0.975171213757992	0.0869576383184798
PPP1R10	0.089652454757386	-0.0623748077115504	0.975171213757992	-0.0623748077115504
SDHAF4	0.0896907468700477	-0.133603103841276	0.975171213757992	-0.133603103841276
RTKN	0.089700032161724	-0.0470363498748431	0.975171213757992	-0.0470363498748431
PARK7	0.0897906764277626	-0.117376315945394	0.975171213757992	-0.117376315945394
KCNH1	0.089815004772901	0.0899443820644583	0.975171213757992	0.0899443820644583
GRN	0.0900029382742385	0.0976683903931514	0.975171213757992	0.0976683903931514
ATXN1L	0.090166647806626	-0.121702023364442	0.975171213757992	-0.121702023364442
RASSF2	0.0902811555863902	-0.0489354127338301	0.975171213757992	-0.0489354127338301
PGD	0.0904154575136297	0.0903738868830488	0.975171213757992	0.0903738868830488
TPMT	0.0907199072135428	0.116834542416636	0.975171213757992	0.116834542416636
AP2A1	0.0907655039520354	0.0595028476055938	0.975171213757992	0.0595028476055938
UCHL5	0.0908388381608864	-0.0965451464008362	0.975171213757992	-0.0965451464008362
C6orf226	0.090874829588672	0.157150222557082	0.975171213757992	0.157150222557082
ZNF335	0.091015416382845	-0.0855972603406953	0.975171213757992	-0.0855972603406953
MED8	0.09101715162088	0.119907880296148	0.975171213757992	0.119907880296148
SH3BGRL	0.0910508248083563	-0.0722005266859902	0.975171213757992	-0.0722005266859902
WDR92	0.0910541192103767	0.0808840690009309	0.975171213757992	0.0808840690009309
SGMS1	0.09130736206583	-0.0318292684787421	0.975171213757992	-0.0318292684787421
HELB	0.0913671706152366	0.107935722619852	0.975171213757992	0.107935722619852
CTDSP2	0.0914563474378657	0.0542949662506418	0.975171213757992	0.0542949662506418
PML	0.0915317771307506	-0.119865822491679	0.975171213757992	-0.119865822491679
SLC35A3	0.0915851041463758	0.0740187670916147	0.975171213757992	0.0740187670916147
METAP1D	0.0916566930588212	0.0807592014227396	0.975171213757992	0.0807592014227396
TRIP12	0.0916782727774476	0.0351486644498303	0.975171213757992	0.0351486644498303
SUCLA2	0.0918210796210275	-0.0692709846133721	0.975171213757992	-0.0692709846133721
RNF130	0.0918433661872297	-0.0285100607728461	0.975171213757992	-0.0285100607728461
AC025283.2	0.0919581255509859	0.0797545715624345	0.975171213757992	0.0797545715624345
RBX1	0.0919983920256709	0.0570509934575443	0.975171213757992	0.0570509934575443
TTF1	0.0922994605770933	-0.0721038867908414	0.975171213757992	-0.0721038867908414
PLA2G4B	0.0923091597331919	0.107571660732276	0.975171213757992	0.107571660732276
RBM48	0.0923431979717829	-0.0721090215273744	0.975171213757992	-0.0721090215273744
AC018362.1	0.0923804763043191	-0.107841269533324	0.975171213757992	-0.107841269533324
ADAM19	0.0924271946055878	-0.0696164391645633	0.975171213757992	-0.0696164391645633
STK10	0.0925460263468001	0.0927757986152335	0.975171213757992	0.0927757986152335
DGCR2	0.0925791547656065	0.0592671814431796	0.975171213757992	0.0592671814431796
EDF1	0.0926007372897268	0.106266261409263	0.975171213757992	0.106266261409263
DNAAF5	0.0926453085248399	-0.107711642940695	0.975171213757992	-0.107711642940695
HS6ST1	0.0926606760345076	-0.0787894590885258	0.975171213757992	-0.0787894590885258
TOGARAM1	0.0927416212619265	0.0356520053454255	0.975171213757992	0.0356520053454255
SNAPIN	0.0928546711067893	0.147945066187085	0.975171213757992	0.147945066187085
BCL2L13	0.0929261673833755	0.0505179063779168	0.975171213757992	0.0505179063779168
CNNM3	0.0930907221193949	0.0651803338731371	0.975171213757992	0.0651803338731371
TMEM130	0.0931187714054831	-0.199359080054657	0.975171213757992	-0.199359080054657
PMF1	0.0935446819890426	0.0702153229841386	0.975171213757992	0.0702153229841386
MARCH6	0.0938813831827332	-0.0393694465990634	0.975171213757992	-0.0393694465990634
RPIA	0.0939308296099754	0.103456556407152	0.975171213757992	0.103456556407152
ZNF260	0.0939382975538242	0.0787755115751246	0.975171213757992	0.0787755115751246
PSMD4	0.0939627515754432	-0.06812893468979	0.975171213757992	-0.06812893468979
XPA	0.0940501315578847	0.0453723543992144	0.975171213757992	0.0453723543992144
KIAA0100	0.0941695699531096	-0.081793816536202	0.975171213757992	-0.081793816536202
TFCP2	0.0941986846603886	0.0434971429610884	0.975171213757992	0.0434971429610884
SNX8	0.0942549862265702	0.0868815174987236	0.975171213757992	0.0868815174987236
TANC2	0.0943814646937112	-0.0510818479885396	0.975171213757992	-0.0510818479885396
PALM2-AKAP2	0.0944467955354863	-0.0338023201571204	0.975171213757992	-0.0338023201571204
ARHGEF11	0.094490053002902	-0.0522521426719086	0.975171213757992	-0.0522521426719086
LRMDA	0.0946619045683474	-0.14509133769604	0.975171213757992	-0.14509133769604
AC073343.2	0.0947414484271332	-0.121690834140234	0.975171213757992	-0.121690834140234
AL513550.1	0.0948074762207793	0.105287907655973	0.975171213757992	0.105287907655973
LINC01089	0.0948887079806899	0.0688932527510391	0.975171213757992	0.0688932527510391
PDCD4	0.0949196742690268	0.0554631454541786	0.975171213757992	0.0554631454541786
DRD4	0.0949379967269226	-0.183656746283367	0.975171213757992	-0.183656746283367
ABHD10	0.0950261952560159	0.0978803327589402	0.975171213757992	0.0978803327589402
LAMTOR3	0.0950317038084504	0.108932834468704	0.975171213757992	0.108932834468704
PIEZO1	0.0951240803433158	-0.15554122258737	0.975171213757992	-0.15554122258737
SLC8A3	0.0952658486142086	0.164714562995799	0.975171213757992	0.164714562995799
LSM14B	0.0953746042714245	0.0896922656055351	0.975171213757992	0.0896922656055351
AL109811.2	0.0953772456027183	0.101800360855433	0.975171213757992	0.101800360855433
IFNG-AS1	0.0954162345126772	0.121897758087953	0.975171213757992	0.121897758087953
PNPLA2	0.0955174930432649	0.107890543475629	0.975171213757992	0.107890543475629
DMWD	0.0955442753246062	-0.0849372810418978	0.975171213757992	-0.0849372810418978
GTF2H1	0.0955524885311589	0.0624175107067157	0.975171213757992	0.0624175107067157
LRP1B	0.0956045788104188	0.0723211421920653	0.975171213757992	0.0723211421920653
AC073342.1	0.0956290618962368	0.0805956962968443	0.975171213757992	0.0805956962968443
TM9SF4	0.0957711993407027	0.0487064935447806	0.975171213757992	0.0487064935447806
GGNBP2	0.0961374763477665	0.0466295016273715	0.975171213757992	0.0466295016273715
SH3BP5L	0.0961386012622534	0.0925018871560164	0.975171213757992	0.0925018871560164
TMEM138	0.096237643819906	0.127714693719733	0.975171213757992	0.127714693719733
SRPK3	0.0963749854438998	-0.0873618560570277	0.975171213757992	-0.0873618560570277
CASC4	0.0965651417977565	-0.0336758549308252	0.975171213757992	-0.0336758549308252
SHANK3	0.0965851186836186	-0.0830282330315231	0.975171213757992	-0.0830282330315231
PPAT	0.0967536043404953	0.129406661250033	0.975171213757992	0.129406661250033
CARF	0.096786231268973	0.0479468577993187	0.975171213757992	0.0479468577993187
GNA12	0.0967989553581268	0.0634196154119951	0.975171213757992	0.0634196154119951
ATAT1	0.0968377256068005	0.079592725096869	0.975171213757992	0.079592725096869
SMIM26	0.0971501548606501	0.149164728173021	0.975171213757992	0.149164728173021
ZBTB44-DT	0.0972738147136533	-0.120506877878427	0.975171213757992	-0.120506877878427
EIF3I	0.0972878492903579	-0.157776055458446	0.975171213757992	-0.157776055458446
EEF1E1	0.0973074017665042	0.0807836036116266	0.975171213757992	0.0807836036116266
THAP12	0.0975949103877546	-0.0902644189869166	0.975171213757992	-0.0902644189869166
ZNF333	0.0976416256797236	0.063495762153865	0.975171213757992	0.063495762153865
GRB10	0.0976645424447075	-0.0406653385422098	0.975171213757992	-0.0406653385422098
TRPC5	0.0976667616470381	-0.150076170982621	0.975171213757992	-0.150076170982621
Z94721.1	0.0976897702434105	0.0994050023976601	0.975171213757992	0.0994050023976601
PHF3	0.0977587277530048	-0.0411785261792543	0.975171213757992	-0.0411785261792543
FBXL2	0.0977830273031935	-0.153144218852036	0.975171213757992	-0.153144218852036
RLF	0.0979549378167151	-0.0481994501165861	0.975171213757992	-0.0481994501165861
NUDT3	0.0981114712851482	-0.090715881261961	0.975171213757992	-0.090715881261961
IFIT5	0.098442563089066	-0.146147050689292	0.975171213757992	-0.146147050689292
RNF5	0.0984476007375872	-0.168932204013843	0.975171213757992	-0.168932204013843
COA5	0.0985881939082976	0.0841324504708588	0.975171213757992	0.0841324504708588
CDKL1	0.0987954422425734	-0.0659427127480032	0.975171213757992	-0.0659427127480032
C11orf54	0.0989077971220525	0.0592302602939621	0.975171213757992	0.0592302602939621
LINC01285	0.0989362528393691	0.0722337346565376	0.975171213757992	0.0722337346565376
UBE2K	0.0990109867081598	0.0377647613192778	0.975171213757992	0.0377647613192778
DHX57	0.0990745707953504	0.0740726027872708	0.975171213757992	0.0740726027872708
PICK1	0.0992006217950696	-0.0633365883518382	0.975171213757992	-0.0633365883518382
CLK4	0.0992070711232001	0.0605064364890206	0.975171213757992	0.0605064364890206
C15orf40	0.0992816095167268	-0.0833093799548276	0.975171213757992	-0.0833093799548276
ZNF211	0.0997994731879393	0.125932400371724	0.975171213757992	0.125932400371724
RPS3A	0.0998852130687373	-0.122497276859999	0.975171213757992	-0.122497276859999
AC004690.2	0.0999654742307393	0.0756948274636678	0.975171213757992	0.0756948274636678
AC100786.1	0.10004899360542	0.127565739021206	0.975171213757992	0.127565739021206
MRPL21	0.100140798321186	-0.142256662501411	0.975171213757992	-0.142256662501411
TK2	0.100206661939043	0.0651489388549586	0.975171213757992	0.0651489388549586
UPK3BL1	0.100259887904494	0.120435055400766	0.975171213757992	0.120435055400766
AL391840.1	0.100308851723246	0.09374879041391	0.975171213757992	0.09374879041391
PTPRK	0.10036460683667	0.0241144839726683	0.975171213757992	0.0241144839726683
TRAPPC12	0.100419430837294	-0.047368236263721	0.975171213757992	-0.047368236263721
CNNM2	0.100468038007028	0.0354361432936171	0.975171213757992	0.0354361432936171
LINC01608	0.100713391877865	0.0374911741316266	0.975171213757992	0.0374911741316266
PSME1	0.100789987014598	-0.165123778101231	0.975171213757992	-0.165123778101231
IFT74	0.100848492885335	0.0642548423515057	0.975171213757992	0.0642548423515057
PCDH1	0.100963436920878	0.114253191180402	0.975171213757992	0.114253191180402
GTF2H2C	0.101075281127226	0.140127482646496	0.975171213757992	0.140127482646496
BECN1	0.101182447503907	-0.0886428776664546	0.975171213757992	-0.0886428776664546
MINDY2	0.101482139285072	-0.0395075205628464	0.975171213757992	-0.0395075205628464
GAS2	0.101512852992269	0.0807897993901234	0.975171213757992	0.0807897993901234
CREG2	0.10158687707164	-0.117355196243161	0.975171213757992	-0.117355196243161
COPE	0.101620088754915	-0.0686601799341712	0.975171213757992	-0.0686601799341712
JADE3	0.101686678425862	-0.0762450857166222	0.975171213757992	-0.0762450857166222
LINC01102	0.101753435418583	0.0846015855822884	0.975171213757992	0.0846015855822884
L3MBTL1	0.101827924355152	-0.0514799414385151	0.975171213757992	-0.0514799414385151
AL078590.2	0.102025875924424	0.0620401093506278	0.975171213757992	0.0620401093506278
ZNF611	0.102056133274908	0.054204542671892	0.975171213757992	0.054204542671892
ATP11B	0.10216176924077	0.0431897459593879	0.975171213757992	0.0431897459593879
KCTD5	0.102172925883926	0.104178465604592	0.975171213757992	0.104178465604592
RBMS2	0.102229698268561	-0.091056935023102	0.975171213757992	-0.091056935023102
ERCC1	0.102254080801958	0.0980805224384848	0.975171213757992	0.0980805224384848
INF2	0.102494256490407	0.0487784111739235	0.975171213757992	0.0487784111739235
CTNND1	0.102584782508642	0.0439523786980313	0.975171213757992	0.0439523786980313
MANF	0.102620386624689	0.125449511555774	0.975171213757992	0.125449511555774
CSGALNACT2	0.102682090130373	0.0514536001906068	0.975171213757992	0.0514536001906068
C9orf85	0.102709565761542	0.0391966689927019	0.975171213757992	0.0391966689927019
CLCN6	0.102732070657256	-0.0612573925936925	0.975171213757992	-0.0612573925936925
AL035458.2	0.10279650222239	-0.0918286949472429	0.975171213757992	-0.0918286949472429
PSMB3	0.102960567589959	-0.131025971710595	0.975171213757992	-0.131025971710595
STARD13	0.103049651352876	-0.0326614491986218	0.975171213757992	-0.0326614491986218
SALL1	0.103073675393679	0.0775211875836453	0.975171213757992	0.0775211875836453
AC021127.1	0.103103321874274	-0.112385124511703	0.975171213757992	-0.112385124511703
CTPS2	0.103188675356636	-0.0670154100824771	0.975171213757992	-0.0670154100824771
AC025180.1	0.103363623016114	0.138049645392687	0.975171213757992	0.138049645392687
ANKRD27	0.103448620432161	-0.0760401790756677	0.975171213757992	-0.0760401790756677
ZBTB44	0.103581988505026	-0.0353823644679075	0.975171213757992	-0.0353823644679075
ZFP62	0.103590899638003	0.108407402678004	0.975171213757992	0.108407402678004
ZNF385D	0.103626309715985	0.163079462227465	0.975171213757992	0.163079462227465
ENOPH1	0.10379863841111	0.072080439455126	0.975171213757992	0.072080439455126
CTDSPL	0.103924714693339	-0.101277705576193	0.975171213757992	-0.101277705576193
RBM42	0.104124425789858	0.108707616336245	0.975171213757992	0.108707616336245
ZNF213-AS1	0.104383859558638	0.0886601307902077	0.975171213757992	0.0886601307902077
CD81	0.104498085997944	-0.0845224281908819	0.975171213757992	-0.0845224281908819
AC017050.1	0.104535072555748	-0.0863894487726882	0.975171213757992	-0.0863894487726882
ZNF608	0.104643624056041	-0.0404017592956572	0.975171213757992	-0.0404017592956572
NCOA3	0.104646636597937	-0.0695483383070814	0.975171213757992	-0.0695483383070814
SLC35F1	0.104743247038196	-0.169897048509034	0.975171213757992	-0.169897048509034
AMDHD2	0.10480933381461	0.0899320745437998	0.975171213757992	0.0899320745437998
CYFIP1	0.104874711381028	-0.0922214164865354	0.975171213757992	-0.0922214164865354
LIG3	0.104973192484459	0.107735050556055	0.975171213757992	0.107735050556055
PRAM1	0.105297221914254	-0.13586298832606	0.975171213757992	-0.13586298832606
LYSMD3	0.105485941399354	-0.11984953308873	0.975171213757992	-0.11984953308873
SARAF	0.105575992430834	0.0764091140250521	0.975171213757992	0.0764091140250521
WASHC4	0.105577419881627	0.0472497885556975	0.975171213757992	0.0472497885556975
TRAPPC5	0.105838875137318	-0.151837986604481	0.975171213757992	-0.151837986604481
ZNF398	0.105956543228947	-0.0496967585839612	0.975171213757992	-0.0496967585839612
CCS	0.106158966579904	0.0783369309792771	0.975171213757992	0.0783369309792771
PPP2R2A	0.106192948252653	-0.0331562598599181	0.975171213757992	-0.0331562598599181
PCNX2	0.106226703209711	0.10318932190563	0.975171213757992	0.10318932190563
MT-ND2	0.106332485561881	0.0559679418894162	0.975171213757992	0.0559679418894162
STAU1	0.106406970122617	0.0485715560880576	0.975171213757992	0.0485715560880576
AC066613.2	0.106429832943062	-0.0753292596444138	0.975171213757992	-0.0753292596444138
BCLAF1	0.106491082313933	-0.0399460804509942	0.975171213757992	-0.0399460804509942
GBA	0.106528893928462	0.104558327257403	0.975171213757992	0.104558327257403
TRIM27	0.106530116323956	-0.0724341617791372	0.975171213757992	-0.0724341617791372
YOD1	0.10665470866149	0.0960582951659719	0.975171213757992	0.0960582951659719
IGF2R	0.106656200907949	-0.0506327356481854	0.975171213757992	-0.0506327356481854
STX2	0.106696329402528	-0.0828263573921067	0.975171213757992	-0.0828263573921067
PRKCSH	0.106768581535237	0.0528863547329076	0.975171213757992	0.0528863547329076
GNPNAT1	0.106799455472034	0.121133096481245	0.975171213757992	0.121133096481245
PJVK	0.106850789869142	0.0972529056648188	0.975171213757992	0.0972529056648188
RSBN1	0.10712434371352	-0.0609594489823981	0.975171213757992	-0.0609594489823981
ANKS1A	0.10728419217015	-0.0425345394749085	0.975171213757992	-0.0425345394749085
CHIC2	0.107362139050315	-0.0852530480725868	0.975171213757992	-0.0852530480725868
KIF20B	0.107693509548299	0.0995234532819812	0.975171213757992	0.0995234532819812
PTPN9	0.107854013092842	-0.0952178926781652	0.975171213757992	-0.0952178926781652
ZNF43	0.107930945080494	-0.073598759913141	0.975171213757992	-0.073598759913141
PSAT1	0.10799099564094	0.0506387467914764	0.975171213757992	0.0506387467914764
AC007220.1	0.108029427932146	-0.122499456354261	0.975171213757992	-0.122499456354261
CSNK1E	0.108093539988596	0.0410643154958458	0.975171213757992	0.0410643154958458
NDUFA4	0.108126578672904	0.146177143391468	0.975171213757992	0.146177143391468
MVP	0.108165432616925	-0.0765147899232989	0.975171213757992	-0.0765147899232989
MSANTD4	0.108213236059128	0.0733954967154425	0.975171213757992	0.0733954967154425
SEH1L	0.108214990190317	-0.0955523059923643	0.975171213757992	-0.0955523059923643
ADSS	0.108322076350838	-0.0442802147406705	0.975171213757992	-0.0442802147406705
RIN2	0.108370227370115	-0.0438208111037554	0.975171213757992	-0.0438208111037554
FAM234A	0.10843956108715	0.0664482852141337	0.975171213757992	0.0664482852141337
RNF125	0.108456145338493	0.0573341538208324	0.975171213757992	0.0573341538208324
TSC22D3	0.108530503634775	-0.0409099540337202	0.975171213757992	-0.0409099540337202
MRPL16	0.108542680503252	-0.128393412711507	0.975171213757992	-0.128393412711507
GBF1	0.108668219799693	0.0386751843779193	0.975171213757992	0.0386751843779193
TARS	0.108806089763865	0.0955808056955929	0.975171213757992	0.0955808056955929
TMED2	0.108933271604593	0.0944240563507265	0.975171213757992	0.0944240563507265
ARL16	0.109073106302904	0.112584129236646	0.975171213757992	0.112584129236646
MCPH1-AS1	0.109204496638014	0.06615982748962	0.975171213757992	0.06615982748962
BABAM1	0.109277394267224	-0.0776689211478962	0.975171213757992	-0.0776689211478962
NFIA	0.109360720402553	-0.0257781227068573	0.975171213757992	-0.0257781227068573
HYI	0.109439741081358	0.0992847725741449	0.975171213757992	0.0992847725741449
GOLGA7	0.109670883987401	0.0564163789402629	0.975171213757992	0.0564163789402629
TCF12	0.109673723102186	-0.0233940901718163	0.975171213757992	-0.0233940901718163
SMC6	0.109741591163525	-0.0521350485714957	0.975171213757992	-0.0521350485714957
RGL2	0.109808131152541	0.104079542932954	0.975171213757992	0.104079542932954
EIF3E	0.109939031462499	0.0458953155151992	0.975171213757992	0.0458953155151992
APOE	0.109973792430767	-0.183877665459194	0.975171213757992	-0.183877665459194
RNF138	0.110091222578014	-0.0627953346733383	0.975171213757992	-0.0627953346733383
ZCCHC10	0.110159529514292	0.0697390131749163	0.975171213757992	0.0697390131749163
TCTEX1D2	0.110200754615276	-0.118221238588969	0.975171213757992	-0.118221238588969
IFT20	0.1102737287251	0.0697959752653726	0.975171213757992	0.0697959752653726
AC093249.2	0.110312466432038	0.0972122761709822	0.975171213757992	0.0972122761709822
GYG1	0.110382621336596	-0.119598151821793	0.975171213757992	-0.119598151821793
MTX2	0.11053284556925	-0.0488375467123435	0.975171213757992	-0.0488375467123435
EFCAB5	0.110535955928714	0.0867552037298783	0.975171213757992	0.0867552037298783
IMMP1L	0.110631026056316	0.058095532769732	0.975171213757992	0.058095532769732
GALNT4	0.110695372145691	-0.151729304720309	0.975171213757992	-0.151729304720309
PPP2R2B	0.110696062056791	0.0323701824425415	0.975171213757992	0.0323701824425415
AC092650.1	0.110758553357145	0.109276733759966	0.975171213757992	0.109276733759966
RBBP6	0.111216333225274	-0.0499970072222315	0.975171213757992	-0.0499970072222315
SAP30BP	0.111421245723938	0.0452136128311429	0.975171213757992	0.0452136128311429
ACOX1	0.111432201953317	0.072298860439313	0.975171213757992	0.072298860439313
CSKMT	0.111500427133614	0.173252241533545	0.975171213757992	0.173252241533545
RIC8B	0.11164278244115	0.0547624317447917	0.975171213757992	0.0547624317447917
PFDN4	0.11165928285277	0.114199337930641	0.975171213757992	0.114199337930641
ADD1	0.11182008530542	-0.0363212318853911	0.975171213757992	-0.0363212318853911
IGSF11	0.111900889035369	-0.0362728979156472	0.975171213757992	-0.0362728979156472
LYPLA2	0.112009658948739	-0.121924197101815	0.975171213757992	-0.121924197101815
SORD	0.112042806094567	0.0886444497607722	0.975171213757992	0.0886444497607722
RPS17	0.112331275239938	0.131806905537735	0.975171213757992	0.131806905537735
NAALAD2	0.112371188999919	0.0918212227868054	0.975171213757992	0.0918212227868054
PER2	0.112517229765613	-0.104027569060452	0.975171213757992	-0.104027569060452
ZNF561	0.112638922541272	0.0936824785702453	0.975171213757992	0.0936824785702453
MCOLN1	0.112681392157225	-0.0752930536116333	0.975171213757992	-0.0752930536116333
SUPT3H	0.112735024743301	-0.0414259146842803	0.975171213757992	-0.0414259146842803
C7orf26	0.112835694401408	-0.094411408785735	0.975171213757992	-0.094411408785735
MOB4	0.112855340202284	0.0581461400554965	0.975171213757992	0.0581461400554965
ANAPC5	0.112989019213612	0.0380819489387855	0.975171213757992	0.0380819489387855
BIN3	0.113127358043257	-0.0779890059269387	0.975171213757992	-0.0779890059269387
AC016821.1	0.113191870695465	-0.0616883680973286	0.975171213757992	-0.0616883680973286
GSTZ1	0.113194861102188	-0.119730637298702	0.975171213757992	-0.119730637298702
MIR4458HG	0.113202592890469	0.147558703031531	0.975171213757992	0.147558703031531
TNPO2	0.113211601917351	0.0496068818956383	0.975171213757992	0.0496068818956383
SYT1	0.113235398178524	0.144679599374101	0.975171213757992	0.144679599374101
TPM3	0.113303342162706	0.099405444173635	0.975171213757992	0.099405444173635
APC	0.113453123080581	-0.0380279840536243	0.975171213757992	-0.0380279840536243
CSF1	0.113540641950206	0.0831847005153155	0.975171213757992	0.0831847005153155
ATXN7L3B	0.113696555581043	0.0751702208012133	0.975171213757992	0.0751702208012133
ZW10	0.113840294466887	-0.09294545020787	0.975171213757992	-0.09294545020787
ITGA6	0.113868600516708	0.157271890478648	0.975171213757992	0.157271890478648
MAFK	0.11387100537534	-0.10006478902851	0.975171213757992	-0.10006478902851
HS2ST1	0.114067435003952	-0.0773907111973904	0.975171213757992	-0.0773907111973904
DGCR6L	0.114459523342333	0.104490744556298	0.975171213757992	0.104490744556298
XKR6	0.114464352405069	-0.132790249392387	0.975171213757992	-0.132790249392387
DOP1A	0.114471914195715	0.0505984530144279	0.975171213757992	0.0505984530144279
FPGT	0.114477524348876	-0.0610741959074008	0.975171213757992	-0.0610741959074008
NACC1	0.114787077668172	0.0711187416614343	0.975171213757992	0.0711187416614343
ALG9	0.114788649596747	0.0690563622799304	0.975171213757992	0.0690563622799304
AC009163.1	0.114869272416886	0.209057309011479	0.975171213757992	0.209057309011479
PQBP1	0.114949706606669	-0.138159372625213	0.975171213757992	-0.138159372625213
AC004943.2	0.114956327536753	-0.103474920729689	0.975171213757992	-0.103474920729689
MTERF1	0.114994585574156	-0.0489420112845587	0.975171213757992	-0.0489420112845587
LRPAP1	0.11507051306499	0.0983211909969409	0.975171213757992	0.0983211909969409
BLOC1S1	0.115289113893145	0.101257821060405	0.975171213757992	0.101257821060405
LINC01182	0.115631749243473	0.106338574147277	0.975171213757992	0.106338574147277
TRIO	0.115635069407757	-0.071633729158708	0.975171213757992	-0.071633729158708
ARHGEF28	0.115968345885714	-0.127077382725088	0.975171213757992	-0.127077382725088
UBC	0.115970199831423	0.0860761318075136	0.975171213757992	0.0860761318075136
MAST2	0.115990507383361	-0.06294158990328	0.975171213757992	-0.06294158990328
GABPB2	0.116423195972643	0.0543027844854703	0.975171213757992	0.0543027844854703
EXOSC2	0.116446068291056	-0.113876073719011	0.975171213757992	-0.113876073719011
STX1B	0.116554545049424	-0.166527729583874	0.975171213757992	-0.166527729583874
MAP3K14	0.116584667216618	-0.100451087415622	0.975171213757992	-0.100451087415622
BROX	0.116610119802076	-0.0735603959944233	0.975171213757992	-0.0735603959944233
AL118516.1	0.116635651186911	-0.16110551956982	0.975171213757992	-0.16110551956982
DYNC1LI2	0.116640392584439	-0.0335448219966693	0.975171213757992	-0.0335448219966693
EXTL3	0.116689242733685	-0.0565437197048116	0.975171213757992	-0.0565437197048116
SRF	0.116773442965332	0.139689713881861	0.975171213757992	0.139689713881861
NHLH2	0.116996619048361	0.125035039633543	0.975171213757992	0.125035039633543
SMIM10L1	0.117008108683697	-0.127424582276998	0.975171213757992	-0.127424582276998
TIAM2	0.117061631040642	-0.0529833242025799	0.975171213757992	-0.0529833242025799
TYW1B	0.117158294832912	0.0499046212039464	0.975171213757992	0.0499046212039464
VEZT	0.117338994119406	0.0439506644441486	0.975171213757992	0.0439506644441486
TIMM50	0.117471741953508	0.109450923245952	0.975171213757992	0.109450923245952
PPP1R12A	0.117689804562975	0.051610443762688	0.975171213757992	0.051610443762688
LINC00894	0.117763312364411	0.044265637533346	0.975171213757992	0.044265637533346
MEG3	0.117844992991239	0.141987152610281	0.975171213757992	0.141987152610281
PTGDS	0.118055580320136	0.037900329677614	0.975171213757992	0.037900329677614
GPHN	0.118076724919402	-0.0286161197618851	0.975171213757992	-0.0286161197618851
MTPN	0.118097148947591	-0.0991092642191543	0.975171213757992	-0.0991092642191543
LINC01299	0.118143101161792	0.0875030343340379	0.975171213757992	0.0875030343340379
VAMP8	0.118197789869623	0.114862418976467	0.975171213757992	0.114862418976467
LINC00539	0.118240102569744	0.121628952551865	0.975171213757992	0.121628952551865
MED31	0.118280332889404	0.129469394647327	0.975171213757992	0.129469394647327
IFI16	0.118543890343925	-0.0680245194289428	0.975171213757992	-0.0680245194289428
YIPF5	0.118554940153334	-0.108089910931993	0.975171213757992	-0.108089910931993
MTERF4	0.118559219118758	-0.0523321994860163	0.975171213757992	-0.0523321994860163
PCDH9	0.118560915338308	0.0216936401101304	0.975171213757992	0.0216936401101304
B3GAT1	0.118563749116073	-0.0344373192860703	0.975171213757992	-0.0344373192860703
MACO1	0.118590041545082	0.0372353444936847	0.975171213757992	0.0372353444936847
KCTD2	0.118643169898121	0.0707197849717158	0.975171213757992	0.0707197849717158
POLE3	0.118752349693328	0.144645010650495	0.975171213757992	0.144645010650495
DNAJC17	0.118752439546233	-0.0583774822797753	0.975171213757992	-0.0583774822797753
NARF	0.118868230365339	-0.0597926202559028	0.975171213757992	-0.0597926202559028
NPFF	0.118877003900264	-0.122011689462759	0.975171213757992	-0.122011689462759
MT-ND3	0.118950226415226	0.0644075767506711	0.975171213757992	0.0644075767506711
QARS	0.119302361396457	0.0879118131706905	0.975171213757992	0.0879118131706905
PPOX	0.119404187241147	0.0936991134179887	0.975171213757992	0.0936991134179887
PIGB	0.11949982549192	-0.136043559844338	0.975171213757992	-0.136043559844338
GIPC1	0.119752439360664	0.0549800272356003	0.975171213757992	0.0549800272356003
APPL1	0.119812952224066	-0.0526598829523992	0.975171213757992	-0.0526598829523992
DSE	0.119819044201341	0.0488175328931493	0.975171213757992	0.0488175328931493
MAP3K1	0.119984215964354	-0.0967242304248334	0.975171213757992	-0.0967242304248334
ZNF589	0.120081565396931	-0.0650311280696674	0.975171213757992	-0.0650311280696674
DIP2C	0.120154963098233	-0.0279122158625414	0.975171213757992	-0.0279122158625414
IDE	0.120184104077176	0.0652612394658181	0.975171213757992	0.0652612394658181
UCK2	0.120204362604583	-0.0844823510287965	0.975171213757992	-0.0844823510287965
UQCRH	0.120263285209999	-0.116170132906884	0.975171213757992	-0.116170132906884
CATSPERE	0.120430126987355	0.0738640803049204	0.975171213757992	0.0738640803049204
TTLL11	0.12043687784537	-0.0451880932479183	0.975171213757992	-0.0451880932479183
AL022341.2	0.120545894436679	-0.154218589677266	0.975171213757992	-0.154218589677266
TSR1	0.120703930059287	-0.108896101406272	0.975171213757992	-0.108896101406272
EIF3K	0.120778057405445	0.0645701347763567	0.975171213757992	0.0645701347763567
AC011815.2	0.120842779059037	-0.106575013677979	0.975171213757992	-0.106575013677979
TYW1	0.120908290233699	0.0468225620015843	0.975171213757992	0.0468225620015843
CCDC47	0.120919518776647	-0.0841148076066949	0.975171213757992	-0.0841148076066949
ADAMTS13	0.121124207388109	0.132891286653984	0.975171213757992	0.132891286653984
MCL1	0.121134374758392	0.0957112614388464	0.975171213757992	0.0957112614388464
ULK4	0.121143380756056	0.0835144047227326	0.975171213757992	0.0835144047227326
TRADD	0.121288877591646	0.1016308185288	0.975171213757992	0.1016308185288
DAB1	0.121541760372657	-0.090216813764443	0.975171213757992	-0.090216813764443
NAPEPLD	0.121568740133452	-0.033104760575396	0.975171213757992	-0.033104760575396
VPS26B	0.121688392838924	-0.0697907334791036	0.975171213757992	-0.0697907334791036
LIX1-AS1	0.121785523677837	0.086311102330985	0.975171213757992	0.086311102330985
ARL14EP	0.121883596130836	-0.134680229959933	0.975171213757992	-0.134680229959933
C10orf88	0.122115707297232	-0.10597902143112	0.975171213757992	-0.10597902143112
ACIN1	0.122117879878406	0.0414312727044503	0.975171213757992	0.0414312727044503
AC068025.1	0.122166030169263	0.0871389042034052	0.975171213757992	0.0871389042034052
NACC2	0.122225877294413	-0.0529931852768584	0.975171213757992	-0.0529931852768584
NEPRO	0.122236975389492	0.0838059722926248	0.975171213757992	0.0838059722926248
SH2B1	0.12229554546179	0.0547608043468571	0.975171213757992	0.0547608043468571
MORC4	0.122323355280552	0.0794494740201762	0.975171213757992	0.0794494740201762
PCDH9-AS2	0.122485922178358	0.127617841526264	0.975171213757992	0.127617841526264
EMC1-AS1	0.122712094985181	-0.0554310186077324	0.975171213757992	-0.0554310186077324
DNASE1	0.12272302454068	0.0446534520079648	0.975171213757992	0.0446534520079648
VPS54	0.122751185619972	-0.0413433473589947	0.975171213757992	-0.0413433473589947
URB2	0.122869638904623	-0.112595054312284	0.975171213757992	-0.112595054312284
ARL17A	0.12288893365233	-0.0875564151826341	0.975171213757992	-0.0875564151826341
TPT1-AS1	0.123009619791135	0.0408409401216656	0.975171213757992	0.0408409401216656
SLC7A6	0.123052997445335	-0.105562970988603	0.975171213757992	-0.105562970988603
EPB41L4A-AS1	0.123134022578471	-0.112782529615798	0.975171213757992	-0.112782529615798
CBR4	0.123162590502532	-0.034130459568046	0.975171213757992	-0.034130459568046
KLF13	0.123226307882924	-0.0356190358906084	0.975171213757992	-0.0356190358906084
EIF2B1	0.123260731214545	-0.0725415666940003	0.975171213757992	-0.0725415666940003
CAHM	0.123612192677764	0.105154069537537	0.975171213757992	0.105154069537537
ARPC4	0.123693958745896	0.0822024965204964	0.975171213757992	0.0822024965204964
ZNF823	0.123697394029704	0.0919293738257096	0.975171213757992	0.0919293738257096
TKT	0.123703573702496	0.0749712949258417	0.975171213757992	0.0749712949258417
DAB2IP	0.124003146646809	0.102793960980151	0.975171213757992	0.102793960980151
AC138409.3	0.124125401869385	0.104002974163264	0.975171213757992	0.104002974163264
SLC27A4	0.124147657720753	-0.0541709816872495	0.975171213757992	-0.0541709816872495
CDK8	0.124154114278918	-0.043758352523172	0.975171213757992	-0.043758352523172
ROBO2	0.124298079751649	0.14179029839317	0.975171213757992	0.14179029839317
BAIAP2L2	0.12439575000789	-0.115788941014599	0.975171213757992	-0.115788941014599
SREK1IP1	0.124428848027825	-0.0726412000083571	0.975171213757992	-0.0726412000083571
BUD23	0.124529156415852	-0.0733081874248332	0.975171213757992	-0.0733081874248332
TST	0.124545739548797	0.0899103141993993	0.975171213757992	0.0899103141993993
NMD3	0.124560638560551	0.103243227055016	0.975171213757992	0.103243227055016
BRPF3	0.124750291703219	-0.0968299028274701	0.975171213757992	-0.0968299028274701
ZNF283	0.124756624976331	0.0810364704163167	0.975171213757992	0.0810364704163167
LMLN	0.124770960149144	0.131975766078232	0.975171213757992	0.131975766078232
TM9SF3	0.124779099300234	-0.0442083028295651	0.975171213757992	-0.0442083028295651
RAB40B	0.124814285944321	0.0340737664897302	0.975171213757992	0.0340737664897302
RBMXL1	0.124829212677217	-0.1014847032492	0.975171213757992	-0.1014847032492
VPS11	0.125071730665165	0.0875444309655874	0.975171213757992	0.0875444309655874
TPK1	0.125081315940884	0.0733781725068672	0.975171213757992	0.0733781725068672
VPS13D	0.125284709334995	-0.0338447316474696	0.975171213757992	-0.0338447316474696
NOS1AP	0.12533794400164	-0.078313577072715	0.975171213757992	-0.078313577072715
KAT8	0.125480616531667	-0.0668386755106625	0.975171213757992	-0.0668386755106625
KCNMB2-AS1	0.125598073125309	-0.145591304810556	0.975171213757992	-0.145591304810556
KIAA0586	0.126055022218826	-0.0502746243320443	0.975171213757992	-0.0502746243320443
LINC01277	0.126437002462908	-0.116651557258123	0.975171213757992	-0.116651557258123
TAB2	0.126447789607222	0.0446612235798949	0.975171213757992	0.0446612235798949
PRIMPOL	0.126479628158154	0.0671772642600364	0.975171213757992	0.0671772642600364
MRPL1	0.126620773791648	0.0566530880988112	0.975171213757992	0.0566530880988112
DPY30	0.127024423433697	0.0685752136503845	0.975171213757992	0.0685752136503845
POMK	0.127147964145206	-0.112709151327313	0.975171213757992	-0.112709151327313
BCL2L11	0.127159239047366	-0.101844250289459	0.975171213757992	-0.101844250289459
PARP2	0.127181390912481	-0.114523836459776	0.975171213757992	-0.114523836459776
SLC15A4	0.127200682280637	-0.0683929720967428	0.975171213757992	-0.0683929720967428
TGFBR1	0.127210807230864	-0.105768058609635	0.975171213757992	-0.105768058609635
FARSB	0.127230359803303	-0.0613740672440872	0.975171213757992	-0.0613740672440872
PCYT2	0.127230673529922	0.0881660417901747	0.975171213757992	0.0881660417901747
TMEM214	0.127428088639646	0.100911298761785	0.975171213757992	0.100911298761785
CLTB	0.127585575507221	-0.112506170827783	0.975171213757992	-0.112506170827783
HMGN3	0.127862364609273	-0.0519333797328061	0.975171213757992	-0.0519333797328061
SNRPD1	0.127937489919393	0.0997827998002045	0.975171213757992	0.0997827998002045
AC077690.1	0.127963577682728	0.0598943369372697	0.975171213757992	0.0598943369372697
ATXN3	0.128097392070257	-0.0372871474744253	0.975171213757992	-0.0372871474744253
DROSHA	0.128120709715541	-0.0520586534258871	0.975171213757992	-0.0520586534258871
PAQR6	0.128166292835198	0.0884894873610216	0.975171213757992	0.0884894873610216
AC009107.2	0.128182323994665	0.13390276849783	0.975171213757992	0.13390276849783
VDAC2	0.128296212139648	0.116742886060868	0.975171213757992	0.116742886060868
NOSIP	0.128629266256606	0.0664588347771898	0.975171213757992	0.0664588347771898
ANKRD12	0.128843196756413	-0.0313709534020598	0.975171213757992	-0.0313709534020598
ATG16L2	0.129009275852122	0.0765075862686478	0.975171213757992	0.0765075862686478
ZSWIM5	0.12915309510608	-0.035667312070468	0.975171213757992	-0.035667312070468
AC079305.3	0.129231220999869	-0.121142429204716	0.975171213757992	-0.121142429204716
ANO2	0.129265185755761	-0.111149507356816	0.975171213757992	-0.111149507356816
ADAM23	0.1294433673903	-0.141046698028331	0.975171213757992	-0.141046698028331
TMEM87B	0.129641069664971	0.081399198303914	0.975171213757992	0.081399198303914
ASAP3	0.129677055537009	-0.103838758117721	0.975171213757992	-0.103838758117721
UBE2Q1	0.129769633944348	0.0963015573572783	0.975171213757992	0.0963015573572783
SUN1	0.12983038691818	0.0471456580992651	0.975171213757992	0.0471456580992651
LINC02340	0.129843358098174	0.101698611761372	0.975171213757992	0.101698611761372
BMPER	0.129865725109285	-0.181108376830437	0.975171213757992	-0.181108376830437
PIK3CB	0.129920260095038	-0.0414111068569386	0.975171213757992	-0.0414111068569386
BDKRB2	0.12992309476639	0.126901743332037	0.975171213757992	0.126901743332037
ZNF273	0.129954144458475	-0.145557844256801	0.975171213757992	-0.145557844256801
SYCP2	0.130013121355668	-0.144848681215727	0.975171213757992	-0.144848681215727
PRDM15	0.130016022010549	0.0755484437547653	0.975171213757992	0.0755484437547653
MARCH7	0.130051460271815	-0.0416329525459139	0.975171213757992	-0.0416329525459139
DLGAP2	0.130100570947668	0.144645634859458	0.975171213757992	0.144645634859458
CHN1	0.130115615052472	0.173326589857346	0.975171213757992	0.173326589857346
AC132872.1	0.130208556230717	-0.112977218134643	0.975171213757992	-0.112977218134643
SMIM14	0.130361290946592	0.0439282604223673	0.975171213757992	0.0439282604223673
TRPM6	0.130391898420888	0.069507781104695	0.975171213757992	0.069507781104695
NT5C2	0.130400589946022	0.0367992635227338	0.975171213757992	0.0367992635227338
NR3C1	0.130653149843434	-0.0308358540368053	0.975171213757992	-0.0308358540368053
FAM177A1	0.13066157736393	0.0366894339631571	0.975171213757992	0.0366894339631571
VPS36	0.130672208187443	0.0498394033429102	0.975171213757992	0.0498394033429102
RTCA	0.130771532775321	-0.0823913819486115	0.975171213757992	-0.0823913819486115
UBR5	0.130851688534683	0.0339195102904984	0.975171213757992	0.0339195102904984
RGN	0.130851746739189	-0.107850965642083	0.975171213757992	-0.107850965642083
SMC3	0.130972614333497	-0.0511556084495587	0.975171213757992	-0.0511556084495587
MKKS	0.131054371045145	-0.117725696792074	0.975171213757992	-0.117725696792074
GTPBP8	0.131057523083189	0.0923046927276559	0.975171213757992	0.0923046927276559
NDFIP2	0.131286306343261	0.0564461926290695	0.975171213757992	0.0564461926290695
MET	0.131438649813575	-0.0964673106486504	0.975171213757992	-0.0964673106486504
USP46	0.131445369949303	-0.13464533757788	0.975171213757992	-0.13464533757788
MAP2K2	0.131582474404401	-0.0571286753872808	0.975171213757992	-0.0571286753872808
SART3	0.131766648928877	0.0529542813896527	0.975171213757992	0.0529542813896527
AC105285.1	0.131776431136959	-0.0945024861335004	0.975171213757992	-0.0945024861335004
KHDC1	0.131799654873622	0.152431029146301	0.975171213757992	0.152431029146301
TMEM94	0.13195062473836	0.048653686387339	0.975171213757992	0.048653686387339
DUSP3	0.131977929845494	-0.0869121493271732	0.975171213757992	-0.0869121493271732
UTY	0.132049035946082	0.0548522273281921	0.975171213757992	0.0548522273281921
LYAR	0.132099756367006	0.0968499975190057	0.975171213757992	0.0968499975190057
ATXN2	0.132242413195711	0.0275932309314526	0.975171213757992	0.0275932309314526
TENM3	0.132315104826319	-0.0965030418341311	0.975171213757992	-0.0965030418341311
GGCX	0.132426540878221	-0.0995243209801639	0.975171213757992	-0.0995243209801639
IQCH	0.13250854122457	0.118652352259608	0.975171213757992	0.118652352259608
IQCJ-SCHIP1	0.132805800690154	-0.0765239994874548	0.975171213757992	-0.0765239994874548
VPS26C	0.133201617300845	-0.0575145700727737	0.975171213757992	-0.0575145700727737
SNX32	0.133203295036681	0.109165872404188	0.975171213757992	0.109165872404188
UBAP2L	0.133257942384144	0.0568286085050144	0.975171213757992	0.0568286085050144
SSH2	0.133266054182008	-0.0265343289820312	0.975171213757992	-0.0265343289820312
ARHGAP24	0.133299182279014	0.12258188377772	0.975171213757992	0.12258188377772
ATP11C	0.133351366098264	-0.0571234071085711	0.975171213757992	-0.0571234071085711
ZNF620	0.133365766539601	-0.105302692552293	0.975171213757992	-0.105302692552293
SLC31A1	0.133376713286345	-0.0955286204006409	0.975171213757992	-0.0955286204006409
AC064829.1	0.133505564193342	0.103336531273295	0.975171213757992	0.103336531273295
NDUFAF2	0.133593555556771	-0.0452104442049569	0.975171213757992	-0.0452104442049569
NCOA2	0.13361897227775	-0.028900689478633	0.975171213757992	-0.028900689478633
PNCK	0.133867345750382	0.0966393765851856	0.975171213757992	0.0966393765851856
MAST3	0.13405861941923	-0.044473061257944	0.975171213757992	-0.044473061257944
ZFP91	0.134127300320638	-0.0514094961053317	0.975171213757992	-0.0514094961053317
ADIPOR2	0.134240965449391	-0.0290490325883519	0.975171213757992	-0.0290490325883519
APAF1	0.134251857002724	-0.0943074762096991	0.975171213757992	-0.0943074762096991
SNHG22	0.134337037533588	-0.0755120107430671	0.975171213757992	-0.0755120107430671
SRSF1	0.134511335937571	0.0556083446805017	0.975171213757992	0.0556083446805017
ANAPC1	0.13460162265737	0.0576193664781065	0.975171213757992	0.0576193664781065
ELOVL5	0.134625682378303	0.0467207285532406	0.975171213757992	0.0467207285532406
RPH3A	0.134654002715418	-0.167693404618167	0.975171213757992	-0.167693404618167
SMAD2	0.134673483207077	-0.0350103121884111	0.975171213757992	-0.0350103121884111
CRLF3	0.134706310544769	0.071187151295112	0.975171213757992	0.071187151295112
LMAN1	0.134733421957716	0.0580085286966128	0.975171213757992	0.0580085286966128
POU6F1	0.134769574730821	-0.0538083071966848	0.975171213757992	-0.0538083071966848
THSD7A	0.134780616266041	-0.176229456233823	0.975171213757992	-0.176229456233823
TTC23	0.13483929149733	0.0926530430739226	0.975171213757992	0.0926530430739226
APBB1	0.134920825018818	0.0401339681397081	0.975171213757992	0.0401339681397081
SREK1	0.134943254516138	0.0453981358467284	0.975171213757992	0.0453981358467284
NDP	0.135147208041151	0.0879403384397719	0.975171213757992	0.0879403384397719
EPHA3	0.135279585618945	0.101049532967656	0.975171213757992	0.101049532967656
RAB33B	0.135373131721979	0.114703996622344	0.975171213757992	0.114703996622344
PEAK1	0.135529070499952	-0.0269762272494877	0.975171213757992	-0.0269762272494877
BCAT2	0.135540121693709	-0.0596241207685493	0.975171213757992	-0.0596241207685493
NUP50	0.135647001186647	0.0913161312466622	0.975171213757992	0.0913161312466622
LINC01877	0.135702954840683	0.0728602439226306	0.975171213757992	0.0728602439226306
TTC17	0.135709275772485	0.0262983525759595	0.975171213757992	0.0262983525759595
AC087564.1	0.135729354359666	0.0422710243504859	0.975171213757992	0.0422710243504859
CASP2	0.13584066131955	0.0830762050733594	0.975171213757992	0.0830762050733594
PCED1A	0.135921526321567	0.067005772259345	0.975171213757992	0.067005772259345
SLC24A2	0.136128125109389	-0.0209898022071422	0.975171213757992	-0.0209898022071422
MTMR1	0.136187444228215	-0.0793220931671401	0.975171213757992	-0.0793220931671401
BAIAP2	0.136580673108276	-0.169298342288078	0.975171213757992	-0.169298342288078
ELMO2	0.136618832510188	-0.0621433285513696	0.975171213757992	-0.0621433285513696
STX12	0.136668203440855	-0.0441998012719237	0.975171213757992	-0.0441998012719237
AC100810.1	0.136691756291029	-0.144593903441824	0.975171213757992	-0.144593903441824
INSIG1	0.136772374855542	0.0585413864980225	0.975171213757992	0.0585413864980225
COA6-AS1	0.136804594622522	0.13308232382027	0.975171213757992	0.13308232382027
NT5M	0.136820296456154	0.107276043776213	0.975171213757992	0.107276043776213
L3MBTL3	0.136850899171812	-0.119688977720412	0.975171213757992	-0.119688977720412
ANKRD16	0.136874842350863	-0.0763574594058939	0.975171213757992	-0.0763574594058939
MTO1	0.136964253940417	0.0568965461845419	0.975171213757992	0.0568965461845419
TSG101	0.137066894612765	-0.0524446891072745	0.975171213757992	-0.0524446891072745
SERPINB9	0.137138875669744	-0.128932266107663	0.975171213757992	-0.128932266107663
SHISA5	0.137326257646373	0.0767767517350329	0.975171213757992	0.0767767517350329
BRD1	0.137332599595849	0.0597927777388255	0.975171213757992	0.0597927777388255
FAM102A	0.137396671705363	-0.0371013787135891	0.975171213757992	-0.0371013787135891
GORASP2	0.137436106235106	0.0729015578381401	0.975171213757992	0.0729015578381401
RAB39B	0.137468166108539	-0.116224011315495	0.975171213757992	-0.116224011315495
AC012368.1	0.137474577955016	0.123150792598251	0.975171213757992	0.123150792598251
RBM23	0.137599797405536	-0.0619043470934511	0.975171213757992	-0.0619043470934511
EPHX1	0.137769073315553	0.0601454515967847	0.975171213757992	0.0601454515967847
SF3A2	0.137796366294031	-0.0839295500794619	0.975171213757992	-0.0839295500794619
POFUT1	0.138009059898713	-0.0891430857107866	0.975171213757992	-0.0891430857107866
PAPOLA	0.13807988622721	-0.0466786707741141	0.975171213757992	-0.0466786707741141
PSMD10	0.138152056647282	0.112871474513764	0.975171213757992	0.112871474513764
NUP98	0.138337751330912	-0.0442957785565248	0.975171213757992	-0.0442957785565248
NENF	0.138342283372585	0.069170782641704	0.975171213757992	0.069170782641704
MOB3A	0.138506560771886	-0.0801678216846262	0.975171213757992	-0.0801678216846262
TBX6	0.138523420137828	0.1186815163719	0.975171213757992	0.1186815163719
MSANTD2	0.138583966836848	0.0580668060772989	0.975171213757992	0.0580668060772989
WDR78	0.138721655225198	-0.0798174907684278	0.975171213757992	-0.0798174907684278
CYP2U1	0.138732986380139	-0.109030875913037	0.975171213757992	-0.109030875913037
TMEM184B	0.13884830748215	-0.0309180091212054	0.975171213757992	-0.0309180091212054
PTOV1-AS1	0.138894979420668	0.113048284495379	0.975171213757992	0.113048284495379
AL158071.3	0.1389992570341	-0.101927689796349	0.975171213757992	-0.101927689796349
TSEN15	0.139032937237253	-0.0466899406772224	0.975171213757992	-0.0466899406772224
ACAD10	0.139243589578665	0.0596802222068457	0.975171213757992	0.0596802222068457
IRS2	0.139421850788894	0.0498626915314796	0.975171213757992	0.0498626915314796
LSMEM2	0.139685073124634	0.097882011254201	0.975171213757992	0.097882011254201
GREB1L	0.139937497993011	0.0486072284336943	0.975171213757992	0.0486072284336943
NMRAL1	0.13996876559204	0.0606750531771753	0.975171213757992	0.0606750531771753
AC124016.1	0.140033617667977	0.110555015600093	0.975171213757992	0.110555015600093
UBAC1	0.140053223603133	-0.0790573881475421	0.975171213757992	-0.0790573881475421
TBC1D32	0.140160780387665	0.0396414285431055	0.975171213757992	0.0396414285431055
RTL8C	0.140194649995378	-0.111704608854019	0.975171213757992	-0.111704608854019
RGPD8	0.140422502530406	0.1091127125866	0.975171213757992	0.1091127125866
RPL9	0.140502192143798	-0.0991555163913299	0.975171213757992	-0.0991555163913299
HECW2	0.140527870878643	0.0242388801411384	0.975171213757992	0.0242388801411384
ZNF518A	0.140564310360344	0.0391634067232038	0.975171213757992	0.0391634067232038
TSC22D4	0.140655075822154	0.0634250885127553	0.975171213757992	0.0634250885127553
PACS1	0.140806891013585	-0.0529396866165857	0.975171213757992	-0.0529396866165857
NLGN4X	0.140885699429663	-0.100037402782949	0.975171213757992	-0.100037402782949
AFTPH	0.140984527861593	0.0436284287282158	0.975171213757992	0.0436284287282158
DDX11	0.141160287746154	0.0893663449963766	0.975171213757992	0.0893663449963766
AC015845.2	0.141475031258849	-0.132553661313769	0.975171213757992	-0.132553661313769
SGK3	0.141587860206534	-0.0286262214068646	0.975171213757992	-0.0286262214068646
SEC63	0.141693176282235	0.0407399838184465	0.975171213757992	0.0407399838184465
ATG12	0.14173910651559	0.0586060969715185	0.975171213757992	0.0586060969715185
MGMT	0.141770589330115	-0.0551346381678204	0.975171213757992	-0.0551346381678204
SF3A1	0.141858419099833	-0.114083728288477	0.975171213757992	-0.114083728288477
RHCE	0.141861378092267	0.117619956608524	0.975171213757992	0.117619956608524
CCNQ	0.142005325042436	-0.105265079133238	0.975171213757992	-0.105265079133238
DLG4	0.142220964798765	-0.183622718330609	0.975171213757992	-0.183622718330609
KNOP1	0.142238680859656	-0.0577578699700718	0.975171213757992	-0.0577578699700718
MINDY1	0.142278036721119	-0.0655054908231068	0.975171213757992	-0.0655054908231068
MIR100HG	0.142311273640526	0.0272078124391013	0.975171213757992	0.0272078124391013
MYO15B	0.142626720517637	0.0536545806329346	0.975171213757992	0.0536545806329346
PDE4D	0.142732663147573	0.0845975325207938	0.975171213757992	0.0845975325207938
KLC4	0.142938836795948	0.0545533440492161	0.975171213757992	0.0545533440492161
STK19	0.142982963115708	-0.109055459977471	0.975171213757992	-0.109055459977471
NDST3	0.143035624996663	-0.155280723926224	0.975171213757992	-0.155280723926224
COQ4	0.143090693462636	0.0697937568240889	0.975171213757992	0.0697937568240889
AC007216.4	0.143104618373244	0.0594572680414547	0.975171213757992	0.0594572680414547
MRPS33	0.143108170912898	0.0903886264387705	0.975171213757992	0.0903886264387705
PPM1H	0.143241040984682	-0.0307534907591249	0.975171213757992	-0.0307534907591249
EML3	0.14326447687108	-0.0840901670971393	0.975171213757992	-0.0840901670971393
BCAR1	0.143606638045504	0.0412790416351779	0.975171213757992	0.0412790416351779
PCF11	0.143647986831736	-0.0441227801419856	0.975171213757992	-0.0441227801419856
TMEM30A	0.14374756247179	0.0693227451817557	0.975171213757992	0.0693227451817557
CCDC191	0.143894591960613	0.0713907516297065	0.975171213757992	0.0713907516297065
BLMH	0.143916139494801	0.0742532850883726	0.975171213757992	0.0742532850883726
BRSK2	0.144333969262616	-0.0693342581095626	0.975171213757992	-0.0693342581095626
CACTIN	0.1443351111888	0.095335352070446	0.975171213757992	0.095335352070446
DCAF16	0.144345318182059	0.0700978708342191	0.975171213757992	0.0700978708342191
CASTOR3	0.14446902089076	0.0416598253222693	0.975171213757992	0.0416598253222693
PDIA4	0.144781610502585	0.0881243808754453	0.975171213757992	0.0881243808754453
GRAMD1A	0.144945381456017	-0.0624086793017889	0.975171213757992	-0.0624086793017889
TXNIP	0.144958943658682	0.0625089957064459	0.975171213757992	0.0625089957064459
RFX1	0.145115237731076	0.0826544712211022	0.975171213757992	0.0826544712211022
CTBP2	0.145120334060993	-0.04633819473311	0.975171213757992	-0.04633819473311
NIFK	0.145133040817855	-0.107633701593935	0.975171213757992	-0.107633701593935
DMXL1	0.145292170396343	0.0336196043055648	0.975171213757992	0.0336196043055648
SEPTIN8	0.145360706417597	-0.038383590580673	0.975171213757992	-0.038383590580673
MINPP1	0.145423313807244	0.0789602531501963	0.975171213757992	0.0789602531501963
GCA	0.145535920827032	-0.0504720821241112	0.975171213757992	-0.0504720821241112
PHF19	0.145597606678956	-0.0564520848619268	0.975171213757992	-0.0564520848619268
EHD3	0.145677340057572	-0.16984140745036	0.975171213757992	-0.16984140745036
RANBP6	0.145972040308012	-0.0994813259997245	0.975171213757992	-0.0994813259997245
MAP3K10	0.146183359303586	-0.0652745564134956	0.975171213757992	-0.0652745564134956
DHODH	0.146186118870716	0.10961681532471	0.975171213757992	0.10961681532471
POMT2	0.146243251476658	0.043712082226566	0.975171213757992	0.043712082226566
RCAN3	0.146440666109946	0.0644373983098846	0.975171213757992	0.0644373983098846
AC003659.1	0.146498435076331	0.0937692836610684	0.975171213757992	0.0937692836610684
KDM1B	0.146657443646321	0.0599699281166141	0.975171213757992	0.0599699281166141
ACO1	0.146660284635869	-0.0626941039918645	0.975171213757992	-0.0626941039918645
NTNG2	0.146975136250317	0.0828756625908142	0.975171213757992	0.0828756625908142
ZC3H14	0.147121935066046	0.0391546225747472	0.975171213757992	0.0391546225747472
RASA3	0.147394983682055	-0.0551956870802876	0.975171213757992	-0.0551956870802876
ZNRF2	0.147591103316839	-0.0594118068866172	0.975171213757992	-0.0594118068866172
PES1	0.147752346010116	0.0980792935117062	0.975171213757992	0.0980792935117062
NFKBIA	0.147758643549444	-0.0689543578417822	0.975171213757992	-0.0689543578417822
AC027279.1	0.147775209980614	-0.0721897289687056	0.975171213757992	-0.0721897289687056
MBLAC2	0.147905872375175	0.0976322414712052	0.975171213757992	0.0976322414712052
AADAT	0.147956164568257	0.0870123587645197	0.975171213757992	0.0870123587645197
ZCCHC7	0.14797698476919	0.0262755338566937	0.975171213757992	0.0262755338566937
ASMTL	0.148150287548685	0.0980817502341584	0.975171213757992	0.0980817502341584
NDUFV3	0.148157282518324	0.0477079884107501	0.975171213757992	0.0477079884107501
CGN	0.148169054922975	-0.100986874271288	0.975171213757992	-0.100986874271288
SATB2	0.148175033102007	-0.135285987318013	0.975171213757992	-0.135285987318013
PTP4A2	0.148501611355669	0.032441615430685	0.975171213757992	0.032441615430685
NAP1L4	0.148565759037491	-0.0315156219081103	0.975171213757992	-0.0315156219081103
NPTX2	0.148608858764136	-0.133471790631308	0.975171213757992	-0.133471790631308
NOL11	0.14863804860722	-0.076745445784243	0.975171213757992	-0.076745445784243
GNG7	0.148660680497316	-0.0348969347405407	0.975171213757992	-0.0348969347405407
UBALD2	0.14872469620129	0.0751829779642995	0.975171213757992	0.0751829779642995
TPT1	0.148903756970105	0.0902921869011811	0.975171213757992	0.0902921869011811
ARHGAP44	0.149034375105466	0.137394915394259	0.975171213757992	0.137394915394259
MAPK9	0.149043577771554	-0.0734483360033024	0.975171213757992	-0.0734483360033024
TBC1D23	0.14918526782039	0.0455826885847215	0.975171213757992	0.0455826885847215
RFT1	0.149369165066218	0.0843565257023948	0.975171213757992	0.0843565257023948
METTL9	0.149416667003855	-0.09489472685061	0.975171213757992	-0.09489472685061
CLK3	0.149443947493512	0.0650063028726185	0.975171213757992	0.0650063028726185
NFRKB	0.14954061132095	0.0792258432728081	0.975171213757992	0.0792258432728081
DYSF	0.149584645249611	0.0383543476412302	0.975171213757992	0.0383543476412302
NUDT21	0.149613221652851	-0.066481484693501	0.975171213757992	-0.066481484693501
FAM49B	0.149640523434922	0.0288730908928893	0.975171213757992	0.0288730908928893
ZNF66	0.149702858812017	-0.092756150087602	0.975171213757992	-0.092756150087602
EVI5L	0.149844380200897	-0.0389383362045424	0.975171213757992	-0.0389383362045424
WDR1	0.14993637372014	-0.102747474545142	0.975171213757992	-0.102747474545142
PWWP3B	0.149973393248585	0.11585546999807	0.975171213757992	0.11585546999807
CPSF4	0.15011225799718	0.0864572082491001	0.975171213757992	0.0864572082491001
PRKCE	0.150350885035642	-0.050722808843723	0.975171213757992	-0.050722808843723
ACOT8	0.150374334523836	-0.0853703922682589	0.975171213757992	-0.0853703922682589
GRK3	0.150571998275467	-0.0902136144936885	0.975171213757992	-0.0902136144936885
TRAPPC4	0.150595408391858	0.105761142530933	0.975171213757992	0.105761142530933
PAQR8	0.150699732312002	0.0619131122676917	0.975171213757992	0.0619131122676917
PTMA	0.150845541022931	0.0424735523431198	0.975171213757992	0.0424735523431198
ZNF33B	0.150895217643243	0.0967402262637016	0.975171213757992	0.0967402262637016
HECA	0.150895998357508	-0.0867756590631147	0.975171213757992	-0.0867756590631147
SHFL	0.150922723284263	-0.115799401062151	0.975171213757992	-0.115799401062151
MORN4	0.150970688461358	0.100831569282227	0.975171213757992	0.100831569282227
DNAJC27	0.151011513867289	0.0567371954904814	0.975171213757992	0.0567371954904814
N4BP2L1	0.151014598262124	0.0486014939800435	0.975171213757992	0.0486014939800435
DYNC2H1	0.151060133023199	-0.062593758275661	0.975171213757992	-0.062593758275661
CIAPIN1	0.151087533339224	-0.0701414886509422	0.975171213757992	-0.0701414886509422
UACA	0.15117775431723	-0.0654955895602456	0.975171213757992	-0.0654955895602456
ADD2	0.151230263880335	-0.176719467828048	0.975171213757992	-0.176719467828048
INTS3	0.15124526364622	0.0469973434024451	0.975171213757992	0.0469973434024451
DUSP8	0.15128448850652	-0.0827654912564555	0.975171213757992	-0.0827654912564555
UBXN7	0.151318118474959	0.0407328489304217	0.975171213757992	0.0407328489304217
PLXNC1	0.151474598067254	-0.112008178050785	0.975171213757992	-0.112008178050785
PIGG	0.151715157279684	0.0509634170062393	0.975171213757992	0.0509634170062393
LINC02482	0.151767318599513	0.0859509868069759	0.975171213757992	0.0859509868069759
RALGPS1	0.151787895917399	-0.0325351390897237	0.975171213757992	-0.0325351390897237
RNF2	0.151813583982032	0.0855367847282627	0.975171213757992	0.0855367847282627
KAT2A	0.151838374921615	0.0554316436381696	0.975171213757992	0.0554316436381696
CD99L2	0.151969955966598	0.0443973959736585	0.975171213757992	0.0443973959736585
TRIM23	0.152026755778791	-0.0749435249482924	0.975171213757992	-0.0749435249482924
DEDD	0.152037765969227	0.0958838906668089	0.975171213757992	0.0958838906668089
RASGRF2	0.152199306128656	0.0510212678826429	0.975171213757992	0.0510212678826429
AC008269.1	0.152237507038122	0.106970038005241	0.975171213757992	0.106970038005241
MYO1E	0.152342690718828	-0.0308436542781979	0.975171213757992	-0.0308436542781979
NCAPH2	0.152432338407153	0.0849954795593713	0.975171213757992	0.0849954795593713
GRIA2	0.152529269836383	0.0647697488601512	0.975171213757992	0.0647697488601512
GAS8	0.152592228451875	-0.111871529972856	0.975171213757992	-0.111871529972856
HDDC2	0.152672210387515	-0.11248984768005	0.975171213757992	-0.11248984768005
MAPK14	0.152723487650577	-0.0454748156959854	0.975171213757992	-0.0454748156959854
PIEZO2	0.152796471702162	-0.0364493062308891	0.975171213757992	-0.0364493062308891
UBAP1	0.152885338193486	0.0387093359902269	0.975171213757992	0.0387093359902269
TCEA1	0.153103439753288	-0.0498105529929101	0.975171213757992	-0.0498105529929101
BCL7A	0.153184369647885	0.046541912669368	0.975171213757992	0.046541912669368
MCM7	0.153358689468114	-0.0939424368567259	0.975171213757992	-0.0939424368567259
MIDN	0.153633351973205	0.0737013310464213	0.975171213757992	0.0737013310464213
AL513548.1	0.153667376058735	0.112476917340096	0.975171213757992	0.112476917340096
DGKZ	0.153685783023646	-0.0849862988569477	0.975171213757992	-0.0849862988569477
FAM241A	0.153767886877889	0.0580146775615558	0.975171213757992	0.0580146775615558
PTPRM	0.154096898746883	-0.0646065585003178	0.975171213757992	-0.0646065585003178
GRIA1	0.154179614116507	0.137287159808066	0.975171213757992	0.137287159808066
MYH14	0.154226777411519	0.0474251603486849	0.975171213757992	0.0474251603486849
PIH1D1	0.154302506452113	0.0724126535353453	0.975171213757992	0.0724126535353453
APBB2	0.154332978546502	-0.0246920209488061	0.975171213757992	-0.0246920209488061
PKN1	0.154370446952279	0.0537069906481701	0.975171213757992	0.0537069906481701
TCTA	0.154510234741587	0.0736314381140742	0.975171213757992	0.0736314381140742
LINC02614	0.154542085383391	0.103772725859683	0.975171213757992	0.103772725859683
LINC00663	0.154611177200145	0.0810810482553488	0.975171213757992	0.0810810482553488
POLD2	0.154640728497742	-0.0752939069903133	0.975171213757992	-0.0752939069903133
ATP1B1	0.15466965400658	0.0462942732712925	0.975171213757992	0.0462942732712925
GPN3	0.154721863036656	0.106151509031023	0.975171213757992	0.106151509031023
AMOTL2	0.154896270215781	0.0474935762256493	0.975171213757992	0.0474935762256493
SYN2	0.155026121647147	0.141017594196175	0.975171213757992	0.141017594196175
GATD3B	0.155073632404971	0.119637426623373	0.975171213757992	0.119637426623373
CBFB	0.155155396331778	0.0327710879014666	0.975171213757992	0.0327710879014666
GTF3C2	0.155298261660282	0.0569527783218087	0.975171213757992	0.0569527783218087
ZNF519	0.15530214578196	-0.132123183741715	0.975171213757992	-0.132123183741715
CYB5R3	0.155453413772804	0.0488629641208575	0.975171213757992	0.0488629641208575
NEBL	0.1554941636772	-0.141943296825003	0.975171213757992	-0.141943296825003
DHCR7	0.155583995729063	0.0858338443231882	0.975171213757992	0.0858338443231882
RBM15	0.15569063507966	-0.0991135170323987	0.975171213757992	-0.0991135170323987
DANT2	0.155701349797506	0.0545478900187071	0.975171213757992	0.0545478900187071
NAV1	0.155760177832761	-0.0246202342648284	0.975171213757992	-0.0246202342648284
NRG2	0.155789333549162	0.0756496492898934	0.975171213757992	0.0756496492898934
SLC30A7	0.156177880930077	-0.0481162206958703	0.975171213757992	-0.0481162206958703
AC082651.1	0.156189266361735	0.0635216016883568	0.975171213757992	0.0635216016883568
FUT8	0.156370617974215	0.0236964482099496	0.975171213757992	0.0236964482099496
AL021368.2	0.156391017945239	0.0499085442922913	0.975171213757992	0.0499085442922913
ZNF444	0.156434791462175	0.055758537769037	0.975171213757992	0.055758537769037
AP001442.1	0.156435031517042	0.156896782476757	0.975171213757992	0.156896782476757
GABRB3	0.156476315085597	0.149424148069356	0.975171213757992	0.149424148069356
GTF2IRD2B	0.15653783860425	0.0486399952499569	0.975171213757992	0.0486399952499569
LTV1	0.156596631398536	-0.0869256283482089	0.975171213757992	-0.0869256283482089
PRKAR1A	0.156635073249739	0.0683159019249077	0.975171213757992	0.0683159019249077
WHAMM	0.156717299521974	-0.0551612617942899	0.975171213757992	-0.0551612617942899
ZNF235	0.156763388032077	0.0584450523884495	0.975171213757992	0.0584450523884495
STK39	0.156841514972893	-0.0299306832669364	0.975171213757992	-0.0299306832669364
CD59	0.156888504673985	-0.137102754814378	0.975171213757992	-0.137102754814378
ADAMTS19	0.156973216713589	0.0802944727337943	0.975171213757992	0.0802944727337943
IQSEC1	0.156980435438305	-0.040224430060914	0.975171213757992	-0.040224430060914
SELENOF	0.157005581054384	0.0588403990293614	0.975171213757992	0.0588403990293614
XYLT1	0.157086877098738	-0.0642778274999108	0.975171213757992	-0.0642778274999108
AL139294.1	0.157094853338297	-0.159198425893011	0.975171213757992	-0.159198425893011
SLC35E1	0.157122229717781	0.0793317201911224	0.975171213757992	0.0793317201911224
CAPN13	0.157175334679738	0.0906158491342203	0.975171213757992	0.0906158491342203
NFIB	0.157263059540237	-0.0328083143100277	0.975171213757992	-0.0328083143100277
LAMTOR5-AS1	0.157395810996925	-0.0651169189603033	0.975171213757992	-0.0651169189603033
ETFDH	0.157507047518817	-0.0496726351260585	0.975171213757992	-0.0496726351260585
LSM4	0.157696880605038	0.0997413049613551	0.975171213757992	0.0997413049613551
SGPL1	0.157808265182689	0.0625443985515427	0.975171213757992	0.0625443985515427
TCTN3	0.157904864183256	0.074584086723601	0.975171213757992	0.074584086723601
EXOC1	0.158004822790517	0.0355126700039652	0.975171213757992	0.0355126700039652
AC103770.1	0.158008132861992	0.0920451086551543	0.975171213757992	0.0920451086551543
TBC1D20	0.158084260967998	0.06367562265534	0.975171213757992	0.06367562265534
MPST	0.15818997761433	0.0616591458572405	0.975171213757992	0.0616591458572405
AL353135.2	0.158199636945145	0.212903141732825	0.975171213757992	0.212903141732825
AC004158.1	0.158323375641115	0.0462637533011296	0.975171213757992	0.0462637533011296
TMEM218	0.158401365666318	0.112242631303014	0.975171213757992	0.112242631303014
TRAPPC3	0.158500413963777	0.0875060314866838	0.975171213757992	0.0875060314866838
ANKRD6	0.158542024584234	-0.145524757081782	0.975171213757992	-0.145524757081782
TET1	0.158979638830861	-0.0615561337823017	0.975171213757992	-0.0615561337823017
WDR44	0.159027122866391	0.0379123491304469	0.975171213757992	0.0379123491304469
DNAJB1	0.159159921163047	0.0995018977510994	0.975171213757992	0.0995018977510994
AC135050.3	0.159215507486991	0.0697381223130969	0.975171213757992	0.0697381223130969
BTBD7	0.15933512467114	0.0273081487182423	0.975171213757992	0.0273081487182423
ZKSCAN7	0.159417348572622	0.100308639656198	0.975171213757992	0.100308639656198
MGAT4C	0.159425211021199	0.143747659860835	0.975171213757992	0.143747659860835
LINC00463	0.159659127713635	-0.0722196533163346	0.975171213757992	-0.0722196533163346
UBE3A	0.15982638390452	0.0380118675366093	0.975171213757992	0.0380118675366093
FANCB	0.159903097652607	-0.0666667751144153	0.975171213757992	-0.0666667751144153
PPP1R21	0.160227188573589	0.0262233138078399	0.975171213757992	0.0262233138078399
RAB18	0.160299115663044	-0.0550855245336235	0.975171213757992	-0.0550855245336235
TSPAN14	0.160384208591601	-0.0676767645065383	0.975171213757992	-0.0676767645065383
UHRF1BP1	0.16053592896151	-0.0719887761953066	0.975171213757992	-0.0719887761953066
BPNT1	0.160644940866322	0.0952055138439758	0.975171213757992	0.0952055138439758
ZNF345	0.160660543255676	-0.0484170281890241	0.975171213757992	-0.0484170281890241
GREM1	0.160732779619248	-0.0486221554001895	0.975171213757992	-0.0486221554001895
UBE2V2	0.160813188658807	-0.067348815217744	0.975171213757992	-0.067348815217744
BRI3	0.161030869020013	-0.0438259158686644	0.975171213757992	-0.0438259158686644
GOT2	0.161047903623095	0.0729770366068586	0.975171213757992	0.0729770366068586
TUBGCP6	0.161074791780616	0.0726378358163209	0.975171213757992	0.0726378358163209
ZBTB4	0.161078312978937	0.0379201246660084	0.975171213757992	0.0379201246660084
SRRT	0.161081683467053	0.0596511270672549	0.975171213757992	0.0596511270672549
MBOAT2	0.161130355898296	-0.0301722195494589	0.975171213757992	-0.0301722195494589
PHYHIPL	0.161186893751977	-0.0329455703203602	0.975171213757992	-0.0329455703203602
AC008571.2	0.161250745292234	0.0445675267088387	0.975171213757992	0.0445675267088387
RAB30	0.161283794588489	-0.0310887147427763	0.975171213757992	-0.0310887147427763
RYBP	0.161289388026191	-0.029821481458978	0.975171213757992	-0.029821481458978
CIR1	0.161308702501521	0.04665031034956	0.975171213757992	0.04665031034956
TNR	0.161353544932089	-0.154284062036173	0.975171213757992	-0.154284062036173
CEP164	0.161824662616217	0.0479935189201039	0.975171213757992	0.0479935189201039
AC090578.1	0.161930648499046	0.161690668055357	0.975171213757992	0.161690668055357
SIRT5	0.162055156267197	0.0638215012728079	0.975171213757992	0.0638215012728079
ARPC5L	0.162185112776641	-0.137419144733423	0.975171213757992	-0.137419144733423
SRSF9	0.162234780998217	-0.0935765943978144	0.975171213757992	-0.0935765943978144
HADH	0.162541485761138	0.0763043310778745	0.975171213757992	0.0763043310778745
KDM4B	0.162586840199669	-0.0450050304747117	0.975171213757992	-0.0450050304747117
SNTG1	0.162636951290976	0.135441280153176	0.975171213757992	0.135441280153176
CLPB	0.162837306502219	0.0612063225217206	0.975171213757992	0.0612063225217206
ANKRD13C	0.162879000128297	-0.0335259746853081	0.975171213757992	-0.0335259746853081
ZNF226	0.163102682370024	0.0595937772707767	0.975171213757992	0.0595937772707767
ATP5MPL	0.163107195006257	-0.102286893711824	0.975171213757992	-0.102286893711824
MOGS	0.163212250504236	-0.0915934119215957	0.975171213757992	-0.0915934119215957
ITGA9-AS1	0.163251251050043	-0.121806744727158	0.975171213757992	-0.121806744727158
TEX22	0.163326582273464	0.0961197615231705	0.975171213757992	0.0961197615231705
MDC1	0.163398701111162	0.0756572361848935	0.975171213757992	0.0756572361848935
CACNA1C	0.1634069869223	-0.127410931301537	0.975171213757992	-0.127410931301537
NAT10	0.16357207529182	0.0601976895223233	0.975171213757992	0.0601976895223233
FIG4	0.163627295719153	0.0558936876526727	0.975171213757992	0.0558936876526727
SRSF8	0.163975894886736	-0.0882423182794648	0.975171213757992	-0.0882423182794648
MEAK7	0.164034728195399	-0.107617588180795	0.975171213757992	-0.107617588180795
ARFRP1	0.164120334821166	0.0688581693951676	0.975171213757992	0.0688581693951676
ZNF471	0.164167054770221	0.0583205546349196	0.975171213757992	0.0583205546349196
GATB	0.164314014473616	0.0604117175000297	0.975171213757992	0.0604117175000297
TCF20	0.164368261670575	0.0299558805557581	0.975171213757992	0.0299558805557581
TLK1	0.16448356752715	-0.0688712206268221	0.975171213757992	-0.0688712206268221
SLC25A5	0.164555225266586	-0.150763745532383	0.975171213757992	-0.150763745532383
ILDR2	0.164627146450758	-0.085764283723352	0.975171213757992	-0.085764283723352
AP3M1	0.164675174538162	-0.077506770992558	0.975171213757992	-0.077506770992558
UBQLN4	0.164684818533187	0.0662290171829698	0.975171213757992	0.0662290171829698
ZNF23	0.16471587726447	-0.079161129045004	0.975171213757992	-0.079161129045004
RHOBTB1	0.16477246595686	0.0414265738659722	0.975171213757992	0.0414265738659722
TMEM184C	0.164796502189779	-0.060736509912899	0.975171213757992	-0.060736509912899
TBCB	0.164954861370816	0.0533935576967281	0.975171213757992	0.0533935576967281
CYP2J2	0.16502778262363	-0.0515219975874613	0.975171213757992	-0.0515219975874613
CEP250	0.165209567795066	0.0664887726543113	0.975171213757992	0.0664887726543113
PIP5K1A	0.165251667672813	-0.0449203684241367	0.975171213757992	-0.0449203684241367
DDRGK1	0.165335806310989	-0.0677881742598711	0.975171213757992	-0.0677881742598711
ZNF766	0.165340524677152	-0.0709814392313953	0.975171213757992	-0.0709814392313953
NRG3	0.16559696924068	0.135333570030649	0.975171213757992	0.135333570030649
CPSF3	0.165633801349146	-0.0656061169475012	0.975171213757992	-0.0656061169475012
AZGP1	0.165967633546126	-0.0960657065698167	0.975171213757992	-0.0960657065698167
AL078604.4	0.165980404633478	-0.114094338464857	0.975171213757992	-0.114094338464857
IFT52	0.165994796164953	0.0564322834908973	0.975171213757992	0.0564322834908973
MIAT	0.166084908643537	0.145205916679245	0.975171213757992	0.145205916679245
MLKL	0.166114027290264	-0.111445885239187	0.975171213757992	-0.111445885239187
CLEC11A	0.166228864206312	0.128081285700566	0.975171213757992	0.128081285700566
ZBTB24	0.166289880863753	-0.0970901144831682	0.975171213757992	-0.0970901144831682
FNDC3A	0.166381471485211	-0.0307416930548977	0.975171213757992	-0.0307416930548977
AC090015.1	0.166633876611906	0.0468486359452472	0.975171213757992	0.0468486359452472
TIMM29	0.166676576854045	-0.0824892123270671	0.975171213757992	-0.0824892123270671
UBA1	0.166679870035631	0.0555168818342629	0.975171213757992	0.0555168818342629
TMEM50A	0.166819656641195	-0.0755120085359833	0.975171213757992	-0.0755120085359833
SETD1B	0.166859267793241	0.0925520260422972	0.975171213757992	0.0925520260422972
BBS1	0.166931505228058	-0.0951859610017243	0.975171213757992	-0.0951859610017243
YEATS2-AS1	0.167007407434635	0.13554262606592	0.975171213757992	0.13554262606592
POT1-AS1	0.167106486351387	0.049851505305065	0.975171213757992	0.049851505305065
TOPORS	0.167142544848035	0.0708332361109648	0.975171213757992	0.0708332361109648
TMEM175	0.16725990511115	0.0627940736069107	0.975171213757992	0.0627940736069107
NAGLU	0.167272042852966	-0.0569003369692016	0.975171213757992	-0.0569003369692016
RBCK1	0.167274051103991	-0.0611903622482479	0.975171213757992	-0.0611903622482479
ZNF208	0.167416557236947	0.0706117485698499	0.975171213757992	0.0706117485698499
MICOS10	0.167523349453529	0.130420448839295	0.975171213757992	0.130420448839295
AL139383.1	0.167528419506356	0.045640585753101	0.975171213757992	0.045640585753101
ITPR1	0.167571910248249	-0.115845997792111	0.975171213757992	-0.115845997792111
BIRC6	0.167576986760889	0.024026684308462	0.975171213757992	0.024026684308462
DNAJB6	0.167640053431889	-0.0525294823165497	0.975171213757992	-0.0525294823165497
AGAP9	0.167650172012188	-0.0887260742612156	0.975171213757992	-0.0887260742612156
HARBI1	0.167835516512505	0.0824756533112568	0.975171213757992	0.0824756533112568
RNF25	0.167908353539035	-0.125898393472778	0.975171213757992	-0.125898393472778
ZNF706	0.167953039860898	0.0311430769647502	0.975171213757992	0.0311430769647502
MED1	0.168040297247523	-0.05481206558851	0.975171213757992	-0.05481206558851
CDK17	0.168089148508731	-0.0275502055671347	0.975171213757992	-0.0275502055671347
SLC4A5	0.168169322211042	-0.0648915682848159	0.975171213757992	-0.0648915682848159
BLOC1S4	0.168311217731853	-0.125531845134277	0.975171213757992	-0.125531845134277
TRIM2	0.168373091340528	-0.0242117992353243	0.975171213757992	-0.0242117992353243
SH3BP4	0.168512059057208	0.0409978134365005	0.975171213757992	0.0409978134365005
NTHL1	0.16859076011337	0.088037696043867	0.975171213757992	0.088037696043867
SUSD6	0.168614236607746	0.0541794171933343	0.975171213757992	0.0541794171933343
CNTLN	0.168858024485793	0.0585574315604165	0.975171213757992	0.0585574315604165
ALDH3A2	0.168863365057108	-0.0539303329007696	0.975171213757992	-0.0539303329007696
KANSL2	0.16887818065543	0.0654013510310545	0.975171213757992	0.0654013510310545
NOMO2	0.168884713575248	0.115122169638514	0.975171213757992	0.115122169638514
LINC00599	0.168890875421596	0.197045018676225	0.975171213757992	0.197045018676225
ARV1	0.168929616719433	0.0761909471084758	0.975171213757992	0.0761909471084758
TMEM246-AS1	0.169031892831923	0.0806535101992001	0.975171213757992	0.0806535101992001
SATB1	0.169348268695004	-0.143580411851406	0.975171213757992	-0.143580411851406
MND1	0.1694112844629	-0.0766339892782903	0.975171213757992	-0.0766339892782903
LINC00159	0.169583906077793	-0.0678576678770766	0.975171213757992	-0.0678576678770766
CPS1	0.16959417911899	0.104550092510491	0.975171213757992	0.104550092510491
PRKCQ	0.169596842868173	0.0424246562721012	0.975171213757992	0.0424246562721012
SLC44A2	0.169645699747452	0.0593217389238386	0.975171213757992	0.0593217389238386
PRPF6	0.169843648129479	0.0385621777395242	0.975171213757992	0.0385621777395242
ZNF439	0.170259984232307	-0.0464173979458532	0.975171213757992	-0.0464173979458532
HAGLR	0.17026945016491	0.122724625258467	0.975171213757992	0.122724625258467
SLFN5	0.170275101333478	0.123667477184452	0.975171213757992	0.123667477184452
TIMM13	0.170308181085631	0.0975256574273726	0.975171213757992	0.0975256574273726
HCN2	0.17043753342113	0.0582866012793328	0.975171213757992	0.0582866012793328
IFT80	0.170450957723515	0.0341892196549814	0.975171213757992	0.0341892196549814
CNN3	0.170459021928021	0.0714032342236209	0.975171213757992	0.0714032342236209
FAM222A	0.170716981369272	0.0404739316911256	0.975171213757992	0.0404739316911256
AP003086.1	0.170724769369858	0.118361725359146	0.975171213757992	0.118361725359146
NFASC	0.170735694228388	-0.0241803141029682	0.975171213757992	-0.0241803141029682
SGIP1	0.170740295033687	-0.0337814251053163	0.975171213757992	-0.0337814251053163
ZNF451	0.170910257753839	-0.0289776153215584	0.975171213757992	-0.0289776153215584
UBE2L3	0.171102005751134	-0.0400486546229107	0.975171213757992	-0.0400486546229107
NRCAM	0.171133240604084	0.127768238384231	0.975171213757992	0.127768238384231
VPS33B	0.171333807236377	0.0900292038735236	0.975171213757992	0.0900292038735236
HIP1R	0.171365484109733	-0.0358704845453676	0.975171213757992	-0.0358704845453676
AKTIP	0.171400871382747	-0.0816247113299542	0.975171213757992	-0.0816247113299542
FAM200B	0.171589027407058	0.0652471661601391	0.975171213757992	0.0652471661601391
SPARC	0.17169882030387	-0.0994591461895578	0.975171213757992	-0.0994591461895578
SLC35A1	0.171727837966443	0.0839047840493497	0.975171213757992	0.0839047840493497
TTC9C	0.171819717905283	0.0594196720660347	0.975171213757992	0.0594196720660347
CES4A	0.171899658576459	0.056774360126844	0.975171213757992	0.056774360126844
TXLNG	0.172044569466101	0.0497806768560739	0.975171213757992	0.0497806768560739
KEL	0.172047068675556	-0.0734531006956075	0.975171213757992	-0.0734531006956075
PLD3	0.172154411157626	0.047294800129535	0.975171213757992	0.047294800129535
CA5B	0.172156047645366	0.0509787270302748	0.975171213757992	0.0509787270302748
DIO2	0.172286108567559	-0.125780552530148	0.975171213757992	-0.125780552530148
KDM4A	0.172397896603359	0.0689225951490382	0.975171213757992	0.0689225951490382
ANKRD18A	0.172551916597348	-0.0810616886599489	0.975171213757992	-0.0810616886599489
MBD6	0.172689021381982	0.0715255271342402	0.975171213757992	0.0715255271342402
AP2B1	0.172801073266406	0.0427071504657222	0.975171213757992	0.0427071504657222
FBXW11	0.172805582861931	0.0351503439503978	0.975171213757992	0.0351503439503978
MRPL43	0.172869852472169	-0.0792750680101048	0.975171213757992	-0.0792750680101048
TEX261	0.172893560434229	0.0669364339772949	0.975171213757992	0.0669364339772949
EEF2K	0.172965577591667	-0.104706786786478	0.975171213757992	-0.104706786786478
ATE1	0.173058733598351	-0.0286571819724938	0.975171213757992	-0.0286571819724938
AC105052.4	0.17313852616368	-0.0721854352352044	0.975171213757992	-0.0721854352352044
DNAJC7	0.173157051166565	-0.0345165199609699	0.975171213757992	-0.0345165199609699
MARCH5	0.173228079300768	0.0517230775813906	0.975171213757992	0.0517230775813906
ASPHD1	0.173306452089531	0.0447847421959914	0.975171213757992	0.0447847421959914
NEMP1	0.173443594111735	0.100702430031328	0.975171213757992	0.100702430031328
DEAF1	0.173497623462142	-0.0628487613618792	0.975171213757992	-0.0628487613618792
SLC20A1	0.173501965315804	0.077603356178013	0.975171213757992	0.077603356178013
MEPCE	0.173511578078736	0.1047438544567	0.975171213757992	0.1047438544567
FYTTD1	0.173639916692223	-0.0687084470989223	0.975171213757992	-0.0687084470989223
SCAF8	0.17370394472284	-0.0295974875317161	0.975171213757992	-0.0295974875317161
RBM5	0.173726114253327	0.0328375847843719	0.975171213757992	0.0328375847843719
GPR37	0.17381856757095	0.04425691218754	0.975171213757992	0.04425691218754
TAPT1-AS1	0.173861412711104	0.0336835367730892	0.975171213757992	0.0336835367730892
REEP1	0.173946833492728	0.129813871572685	0.975171213757992	0.129813871572685
PEX14	0.173985835974517	-0.0482325664425105	0.975171213757992	-0.0482325664425105
LINC00847	0.174023529789247	0.101453141544856	0.975171213757992	0.101453141544856
PRICKLE2	0.174207311060314	-0.122840080716826	0.975171213757992	-0.122840080716826
HDAC4	0.174280562103887	-0.0348748585291963	0.975171213757992	-0.0348748585291963
ANKRD24	0.174323556525563	0.133536512027126	0.975171213757992	0.133536512027126
TTYH3	0.174324025778145	-0.111809664510317	0.975171213757992	-0.111809664510317
AL512422.1	0.174344103090069	0.142396939423652	0.975171213757992	0.142396939423652
TMEM170B	0.174378187021173	0.0830953697848743	0.975171213757992	0.0830953697848743
NFKBIB	0.174431907168369	-0.0848288496329317	0.975171213757992	-0.0848288496329317
POT1	0.174441631417222	0.0522230604836579	0.975171213757992	0.0522230604836579
CAPRIN1	0.174594453519839	0.0466789297915448	0.975171213757992	0.0466789297915448
AL357079.1	0.174602573181906	0.100450134496852	0.975171213757992	0.100450134496852
DIRAS2	0.174661610461933	-0.147465363474166	0.975171213757992	-0.147465363474166
FBXO36	0.174836163141298	0.0829700767479564	0.975378213304171	0.0829700767479564
UCN	0.174928928895827	-0.0770990170498767	0.975378213304171	-0.0770990170498767
SMC5	0.174990821805996	-0.0352870169593187	0.975378213304171	-0.0352870169593187
EHD1	0.175092586625674	0.0683304890026751	0.975378213304171	0.0683304890026751
CNTNAP5	0.175302335054968	0.132525068753037	0.975378213304171	0.132525068753037
AC013287.1	0.175316925860817	-0.167029705640563	0.975378213304171	-0.167029705640563
SCFD1	0.175336604914251	-0.0339079978724693	0.975378213304171	-0.0339079978724693
EIF6	0.176063135471132	0.121103767638844	0.978911033219493	0.121103767638844
RAB12	0.176194441828263	-0.0471513101986013	0.97913245632809	-0.0471513101986013
AC015712.1	0.176381668734847	0.105139049286579	0.979172492093401	0.105139049286579
AC015871.1	0.176420845365315	-0.100654017837146	0.979172492093401	-0.100654017837146
EIF4H	0.176554003305316	-0.0637933984034166	0.979172492093401	-0.0637933984034166
AL355574.1	0.176591659729266	0.0766472807933946	0.979172492093401	0.0766472807933946
NPTN	0.1767665280854	-0.0871324434449097	0.979172492093401	-0.0871324434449097
TRAF7	0.176825226678461	0.0976247416884794	0.979172492093401	0.0976247416884794
LSM14A	0.176918618188725	0.0258967476490808	0.979172492093401	0.0258967476490808
LIPA	0.177008336693276	0.0266302214340853	0.979172492093401	0.0266302214340853
LRRN1	0.177244116723384	-0.112558823046182	0.979172492093401	-0.112558823046182
TMEM39B	0.177282595064078	0.0624269150680358	0.979172492093401	0.0624269150680358
DHX30	0.177374588186223	0.0428468676339484	0.979172492093401	0.0428468676339484
TPRKB	0.177385188038045	0.0910803152139682	0.979172492093401	0.0910803152139682
CTBP1	0.177390961615351	-0.0564927269724592	0.979172492093401	-0.0564927269724592
YBEY	0.177588845773544	0.0646377694389699	0.979759492945484	0.0646377694389699
LMO4	0.177866029329532	0.116997286709315	0.979881769431838	0.116997286709315
INO80E	0.177960683272183	0.0623413579101009	0.979881769431838	0.0623413579101009
TMLHE	0.177997916647161	-0.0887533373902051	0.979881769431838	-0.0887533373902051
MTIF2	0.178066899395323	-0.0815775357746896	0.979881769431838	-0.0815775357746896
SLK	0.178068769648223	-0.045810734101322	0.979881769431838	-0.045810734101322
DYNC1H1	0.178440526834069	0.0346744070759317	0.98142289758738	0.0346744070759317
HECTD2	0.178885500829336	-0.101378243228985	0.981654176810389	-0.101378243228985
PSD3	0.17893641690804	0.0321334816999549	0.981654176810389	0.0321334816999549
UBALD1	0.178965395145545	0.0739564482523942	0.981654176810389	0.0739564482523942
DNM2	0.178976145469672	-0.0355749517090034	0.981654176810389	-0.0355749517090034
CHPT1	0.178986390620651	0.100145845829349	0.981654176810389	0.100145845829349
MTHFS	0.179103951044526	0.0884373785850999	0.981654176810389	0.0884373785850999
PITRM1	0.179273313881927	-0.0605603739564178	0.981654176810389	-0.0605603739564178
RPL18	0.17928202078085	0.0702052022735817	0.981654176810389	0.0702052022735817
AC093849.4	0.179359282389428	0.0760930141050334	0.981654176810389	0.0760930141050334
AC026341.1	0.179602211441608	0.0591248367927667	0.981654176810389	0.0591248367927667
MYH7B	0.179661292512911	0.0536167215478389	0.981654176810389	0.0536167215478389
HARS2	0.179667342952872	0.0698679636203012	0.981654176810389	0.0698679636203012
CSDE1	0.179674907256989	0.0468303874268518	0.981654176810389	0.0468303874268518
USP22	0.179920534129671	-0.0379562276440986	0.98166507764009	-0.0379562276440986
MLH1	0.180051784450824	-0.0541204793898276	0.98166507764009	-0.0541204793898276
AC020909.2	0.180207830460325	0.075421341756442	0.98166507764009	0.075421341756442
C2CD3	0.180222987640467	-0.0450669400737282	0.98166507764009	-0.0450669400737282
TUT7	0.180227991849185	-0.0408040887073613	0.98166507764009	-0.0408040887073613
SOBP	0.18022948149935	-0.0280043660265228	0.98166507764009	-0.0280043660265228
BTBD8	0.180463618159809	0.0431008877938628	0.98166507764009	0.0431008877938628
DHFR2	0.180719621536469	0.0828730052990173	0.98166507764009	0.0828730052990173
AC096564.2	0.180723357531603	0.0939218795920268	0.98166507764009	0.0939218795920268
AC119674.1	0.180995275656725	-0.0676242869342484	0.98166507764009	-0.0676242869342484
ZNF571	0.181023453584927	-0.0685627548352519	0.98166507764009	-0.0685627548352519
DPY19L4	0.181043753980513	0.046145484418357	0.98166507764009	0.046145484418357
ZNF682	0.181056996675156	0.0585527947191497	0.98166507764009	0.0585527947191497
PIGK	0.181070952464563	0.0510833325333475	0.98166507764009	0.0510833325333475
LSS	0.181272346235535	-0.0348842260609268	0.98166507764009	-0.0348842260609268
DYRK1B	0.181512608202112	-0.101532891038352	0.98166507764009	-0.101532891038352
MKRN2	0.181601244894622	-0.105804100756901	0.98166507764009	-0.105804100756901
THAP2	0.181712155369307	0.0679972499339635	0.98166507764009	0.0679972499339635
JAK1	0.181733942212172	0.0342968795975732	0.98166507764009	0.0342968795975732
WIPI2	0.181743544307158	-0.042981281863496	0.98166507764009	-0.042981281863496
FRK	0.181953300563359	-0.0659043233022014	0.98166507764009	-0.0659043233022014
SPAG9	0.181967257168437	0.0256249745613983	0.98166507764009	0.0256249745613983
NIPA2	0.181990852672247	-0.064350074882756	0.98166507764009	-0.064350074882756
DHRS12	0.182082361119236	0.0784390597105816	0.98166507764009	0.0784390597105816
SAP30	0.182181650788036	0.096704246102062	0.98166507764009	0.096704246102062
INSR	0.182305507139415	0.0298066034039518	0.98166507764009	0.0298066034039518
JUN	0.182333714494429	-0.0882477859917927	0.98166507764009	-0.0882477859917927
MALAT1	0.182373095380572	0.0297146047284116	0.98166507764009	0.0297146047284116
C12orf66	0.182446634243287	0.0861925637234289	0.98166507764009	0.0861925637234289
AL359921.1	0.182479232622212	-0.100332886728133	0.98166507764009	-0.100332886728133
ZFHX3	0.182520181678387	0.0628197823079876	0.98166507764009	0.0628197823079876
STT3A	0.182726397344232	-0.0824522253920028	0.982003012113877	-0.0824522253920028
LIME1	0.182890070554477	0.0683395341122931	0.982003012113877	0.0683395341122931
MAPK6	0.182987875864169	0.034328304770815	0.982003012113877	0.034328304770815
MBD4	0.183031880270669	-0.0570938610935229	0.982003012113877	-0.0570938610935229
CCDC18-AS1	0.183134584322076	0.0325111380899506	0.982003012113877	0.0325111380899506
ZNF586	0.183213137906186	0.0471261811486864	0.982003012113877	0.0471261811486864
PPP2R5D	0.183272031727746	0.0958622894424335	0.982003012113877	0.0958622894424335
RAD52	0.183317015622118	0.0521469358258852	0.982003012113877	0.0521469358258852
CLK2	0.183647662485019	0.0759501435338405	0.982878207415715	0.0759501435338405
ZNF655	0.18376976986606	-0.0455632811283411	0.982878207415715	-0.0455632811283411
NCAM1	0.183928332727204	-0.0164290046358639	0.982878207415715	-0.0164290046358639
STX8	0.184016458392806	0.0342011778340161	0.982878207415715	0.0342011778340161
GOLGA8A	0.184046769202482	-0.112225112961365	0.982878207415715	-0.112225112961365
MMAB	0.184132257731029	-0.040146124748307	0.982878207415715	-0.040146124748307
LYRM9	0.184189914372133	0.0784506517833421	0.982878207415715	0.0784506517833421
HTATSF1	0.184375911175961	0.0754809207035486	0.982878207415715	0.0754809207035486
TMEM143	0.184387868943228	0.0568514071746863	0.982878207415715	0.0568514071746863
WNK3	0.184398714424998	0.0604547945078674	0.982878207415715	0.0604547945078674
POM121	0.185015161083524	0.0406460230358014	0.985075808488217	0.0406460230358014
ZNF212	0.18502229142953	0.0900194038610664	0.985075808488217	0.0900194038610664
GM2A	0.185087120514791	0.0866155383815367	0.985075808488217	0.0866155383815367
HNRNPD	0.185383952385329	-0.0337466328865124	0.98616522981122	-0.0337466328865124
EML2	0.185743595917587	0.03301873711418	0.986405467246566	0.03301873711418
AGBL5	0.185931744452841	0.104219506846272	0.986405467246566	0.104219506846272
RNF19A	0.185958616903887	0.0556039139795168	0.986405467246566	0.0556039139795168
KRBOX4	0.186069062967069	0.043054913728939	0.986405467246566	0.043054913728939
MED26	0.186095516589536	-0.0910555956623418	0.986405467246566	-0.0910555956623418
MON1A	0.186174224721936	-0.0938774803488543	0.986405467246566	-0.0938774803488543
ESYT2	0.186273298961993	-0.0457401001105118	0.986405467246566	-0.0457401001105118
CHADL	0.18646576881804	0.0499433738420579	0.986405467246566	0.0499433738420579
DCUN1D1	0.186478014995748	0.0351471944028622	0.986405467246566	0.0351471944028622
GARNL3	0.186538652771163	0.0318143690841081	0.986405467246566	0.0318143690841081
LRP2BP	0.186571715758202	0.0545914347432818	0.986405467246566	0.0545914347432818
ELMOD3	0.186617063353984	0.0348118520535658	0.986405467246566	0.0348118520535658
LETM1	0.186739226146026	0.0565000290973967	0.986405467246566	0.0565000290973967
LINC00342	0.186768910741842	0.048001830699541	0.986405467246566	0.048001830699541
ARID4A	0.186843000512188	0.0352540473247367	0.986405467246566	0.0352540473247367
TAF12	0.186903698736432	-0.0609257810402127	0.986405467246566	-0.0609257810402127
P4HA1	0.187392178261379	-0.0721723279703671	0.986960037602042	-0.0721723279703671
FASTKD1	0.187397569334781	0.0534937584264506	0.986960037602042	0.0534937584264506
SLC9A8	0.187404146646077	0.0541585820314848	0.986960037602042	0.0541585820314848
SFXN2	0.187525777489119	-0.104574688442155	0.986960037602042	-0.104574688442155
RABGAP1L	0.187553360089797	-0.0246765025978442	0.986960037602042	-0.0246765025978442
BOD1L1	0.187640794939847	-0.0425472026012112	0.986960037602042	-0.0425472026012112
FGGY	0.187654272308713	0.0563959224307982	0.986960037602042	0.0563959224307982
AC010618.3	0.188122395734371	0.0545753203056994	0.98850665330755	0.0545753203056994
DNER	0.188202717456394	0.0291425569954908	0.98850665330755	0.0291425569954908
WASF1	0.188332851416682	-0.0920930641326098	0.98850665330755	-0.0920930641326098
THEMIS2	0.1885145163308	0.0944684032690673	0.98850665330755	0.0944684032690673
AKT3	0.18853980203299	-0.0232897702533472	0.98850665330755	-0.0232897702533472
SLC25A18	0.188597231365523	-0.0986852659238555	0.98850665330755	-0.0986852659238555
SMARCAL1	0.188608849504792	0.0411001002614991	0.98850665330755	0.0411001002614991
ENPP6	0.188735043236242	-0.0730140952621922	0.98850665330755	-0.0730140952621922
PDGFA	0.188779557073777	0.0438646441700629	0.98850665330755	0.0438646441700629
FAAP20	0.18905228509944	-0.0781247778867868	0.989450663774724	-0.0781247778867868
ZNF618	0.189258342325159	-0.081603437404092	0.989862449964763	-0.081603437404092
MCTS1	0.189395771018522	0.0624649331934822	0.989862449964763	0.0624649331934822
CHST12	0.189482346768644	-0.0567964054401774	0.989862449964763	-0.0567964054401774
LINC01099	0.189550552764972	-0.0918384587252572	0.989862449964763	-0.0918384587252572
KIF25	0.189619741764269	-0.12457301752877	0.989862449964763	-0.12457301752877
ALG14	0.189685871706786	-0.048740812957401	0.989862449964763	-0.048740812957401
GRAMD2B	0.18996492180175	0.0436260563094132	0.989990282621777	0.0436260563094132
ST18	0.190493174658544	-0.0237187561479619	0.989990282621777	-0.0237187561479619
MRPL42	0.190495898565481	0.0508051193619809	0.989990282621777	0.0508051193619809
UQCC1	0.190500152021635	0.0364977450156381	0.989990282621777	0.0364977450156381
TCOF1	0.190506534426713	-0.0565867241070553	0.989990282621777	-0.0565867241070553
CCK	0.190702512989209	0.133334563215455	0.989990282621777	0.133334563215455
OPA1	0.190722732428022	-0.0370288417900922	0.989990282621777	-0.0370288417900922
DPM2	0.190757495139849	0.0814737718142991	0.989990282621777	0.0814737718142991
PREB	0.190799270423816	0.109145917434296	0.989990282621777	0.109145917434296
SIAH1	0.190846023480365	-0.0636237541070255	0.989990282621777	-0.0636237541070255
TSPAN15	0.191096146695896	0.0393889759042946	0.989990282621777	0.0393889759042946
DERL1	0.191151605839554	0.0654587449746908	0.989990282621777	0.0654587449746908
GYS1	0.191174300850474	0.0632598614378275	0.989990282621777	0.0632598614378275
MYL5	0.19119850664568	0.120255103981329	0.989990282621777	0.120255103981329
PLXNA2	0.191214606551122	-0.141832284441984	0.989990282621777	-0.141832284441984
DYNC1LI1	0.191350308937103	-0.0494676828565981	0.989990282621777	-0.0494676828565981
CERS5	0.191393925572503	0.0532322410375662	0.989990282621777	0.0532322410375662
BICC1	0.191423964286586	-0.12945242172756	0.989990282621777	-0.12945242172756
ING4	0.191591488524515	0.0531467244854943	0.989990282621777	0.0531467244854943
FAM20C	0.191684396521598	-0.0572742405544265	0.989990282621777	-0.0572742405544265
ANXA4	0.191757536762989	0.0353146193614559	0.989990282621777	0.0353146193614559
KLHL4	0.191817459632988	-0.031682126545633	0.989990282621777	-0.031682126545633
CPNE1	0.191942692917779	-0.0479168561656661	0.989990282621777	-0.0479168561656661
RESF1	0.192025224629917	-0.051973898438682	0.989990282621777	-0.051973898438682
PDE8B	0.192130133152973	0.0755871123637167	0.989990282621777	0.0755871123637167
RAB31	0.192226842612564	-0.0995138164581856	0.989990282621777	-0.0995138164581856
CCDC84	0.192321412621779	0.0474597052075122	0.989990282621777	0.0474597052075122
SPAG16	0.192536889844188	-0.070608306335028	0.989990282621777	-0.070608306335028
PCNX3	0.192541407278464	0.082244729208472	0.989990282621777	0.082244729208472
SEC11A	0.192561778031029	0.0432933809976376	0.989990282621777	0.0432933809976376
PPIP5K1	0.192577760293239	0.0902173818936248	0.989990282621777	0.0902173818936248
WDR11-AS1	0.193112814819164	0.0635382537314974	0.990651180228352	0.0635382537314974
CERS2	0.193247498167771	0.067678545597178	0.990651180228352	0.067678545597178
DEPDC5	0.193444110974075	0.0465148291303645	0.990651180228352	0.0465148291303645
DUS2	0.193461395896789	-0.0732155719498094	0.990651180228352	-0.0732155719498094
OTUD4	0.19346863998907	-0.037186707332293	0.990651180228352	-0.037186707332293
ACSL3	0.193604255819369	0.0366013003917768	0.990651180228352	0.0366013003917768
RUVBL2	0.193744716144311	0.0755193267724857	0.990651180228352	0.0755193267724857
CEP104	0.19375353224519	-0.0463069859076888	0.990651180228352	-0.0463069859076888
VRK2	0.193891991643775	-0.031868868416856	0.990651180228352	-0.031868868416856
TBC1D16	0.194006722669313	-0.0877586537866836	0.990651180228352	-0.0877586537866836
NUDT16L1	0.194115025858363	0.0810480634684631	0.990651180228352	0.0810480634684631
MSRA	0.194135636900766	-0.1102762519759	0.990651180228352	-0.1102762519759
SELENOO	0.194294620529099	0.051163544980727	0.990651180228352	0.051163544980727
ATF3	0.194354393617206	0.0832964666280587	0.990651180228352	0.0832964666280587
LIG4	0.194376558378195	0.0999549544818408	0.990651180228352	0.0999549544818408
URB1	0.194406942378161	0.0457717239811773	0.990651180228352	0.0457717239811773
COQ8A	0.194460572657897	0.0486456967325885	0.990651180228352	0.0486456967325885
FGD4	0.19450934497532	-0.0499757535498456	0.990651180228352	-0.0499757535498456
SPIN3	0.194523500077009	-0.0879496014363987	0.990651180228352	-0.0879496014363987
ADAMTS1	0.194557486764458	0.0622359271770005	0.990651180228352	0.0622359271770005
FMC1	0.194867188711786	0.105044334007987	0.990709616815366	0.105044334007987
PRDM11	0.194868465666255	-0.07297233272697	0.990709616815366	-0.07297233272697
MIR29B2CHG	0.194873528603719	-0.057602492981073	0.990709616815366	-0.057602492981073
GEN1	0.195226958345578	-0.111912208181971	0.990709616815366	-0.111912208181971
TEF	0.195444427464885	-0.0530257176881408	0.990709616815366	-0.0530257176881408
ERI3	0.19575084294642	-0.0357550074161333	0.990709616815366	-0.0357550074161333
SRP19	0.195790854420508	0.0411795111275399	0.990709616815366	0.0411795111275399
DCBLD2	0.195803491986396	-0.0450402027049823	0.990709616815366	-0.0450402027049823
EIF4ENIF1	0.195855927422281	0.050602779798285	0.990709616815366	0.050602779798285
ZNF440	0.195940990117754	-0.0954369368191262	0.990709616815366	-0.0954369368191262
KHNYN	0.196246598467073	-0.115936739033349	0.990709616815366	-0.115936739033349
PHF20L1	0.196311368117792	0.0263468370152109	0.990709616815366	0.0263468370152109
RHOT2	0.196326256345499	0.0594809254082476	0.990709616815366	0.0594809254082476
RAD54L2	0.196356778808314	0.045338402993376	0.990709616815366	0.045338402993376
ABITRAM	0.196363450276074	0.0931203543153054	0.990709616815366	0.0931203543153054
UPF2	0.196441798502139	0.038131051071054	0.990709616815366	0.038131051071054
TRAPPC6A	0.196454828654823	-0.0667604882146149	0.990709616815366	-0.0667604882146149
ZNF461	0.196584985063798	0.0612362032814171	0.990709616815366	0.0612362032814171
GNL3L	0.196636927686844	0.0601470643992493	0.990709616815366	0.0601470643992493
PPP1R9B	0.196687929617557	0.118285790878546	0.990709616815366	0.118285790878546
CLMN	0.1967529455078	-0.0259342449810961	0.990709616815366	-0.0259342449810961
ABHD15-AS1	0.196914837484464	-0.109892719522561	0.990709616815366	-0.109892719522561
QRICH1	0.196922102794824	0.045927712566264	0.990709616815366	0.045927712566264
GABPA	0.197001806478281	0.0483126996570629	0.990709616815366	0.0483126996570629
CHRM5	0.197035166994208	-0.124377198811089	0.990709616815366	-0.124377198811089
POGLUT1	0.197084085882618	0.0644670147003641	0.990709616815366	0.0644670147003641
MIR193BHG	0.197154909554464	0.0888983524702862	0.990709616815366	0.0888983524702862
ABHD16A	0.197189869298067	0.0807602067505709	0.990709616815366	0.0807602067505709
NAA25	0.197253311541955	-0.0372382473842538	0.990709616815366	-0.0372382473842538
KIRREL3	0.197683055082187	-0.0286014357798868	0.991815391830467	-0.0286014357798868
GGA2	0.197694958155863	0.0618880045364916	0.991815391830467	0.0618880045364916
HPN	0.197751475863423	0.0513309240279444	0.991815391830467	0.0513309240279444
CD320	0.198312520489891	0.0749758711701313	0.992118152457781	0.0749758711701313
U2SURP	0.198528653410919	0.0266862098622259	0.992118152457781	0.0266862098622259
PDE8A	0.1985679744781	-0.0259497977374839	0.992118152457781	-0.0259497977374839
PPP2CB	0.198658891241534	0.0371912517095969	0.992118152457781	0.0371912517095969
WASF2	0.198663217700644	-0.0271720614563718	0.992118152457781	-0.0271720614563718
GARS	0.198961130080153	0.0802780171658723	0.992118152457781	0.0802780171658723
AIMP1	0.199104335004988	0.053882298279549	0.992118152457781	0.053882298279549
CRADD	0.199179254196315	-0.0310976242986012	0.992118152457781	-0.0310976242986012
DST	0.199273535911796	-0.0321360972860888	0.992118152457781	-0.0321360972860888
FAM227B	0.199423401161237	-0.0560077158277021	0.992118152457781	-0.0560077158277021
AKAP13	0.19944875400896	-0.13654850595928	0.992118152457781	-0.13654850595928
POLR2J3	0.199455803443148	0.0382020521639771	0.992118152457781	0.0382020521639771
WIPI1	0.199590711697909	-0.0593454195328007	0.992118152457781	-0.0593454195328007
DDR1	0.199663925537072	-0.0592788329265383	0.992118152457781	-0.0592788329265383
TRMT10B	0.199858709177777	0.0598532001830938	0.992118152457781	0.0598532001830938
SCML2	0.199970276106616	0.098832411481802	0.992118152457781	0.098832411481802
YWHAZ	0.199977124585961	-0.0529284722011482	0.992118152457781	-0.0529284722011482
POLH	0.199995824219992	-0.0810043501794842	0.992118152457781	-0.0810043501794842
C6orf89	0.200004421913053	0.0337552562582958	0.992118152457781	0.0337552562582958
PRPF39	0.200099677562852	0.0414729107635545	0.992118152457781	0.0414729107635545
AKAP6	0.200308402053606	-0.0183296566280174	0.992118152457781	-0.0183296566280174
MICU2	0.200310653625259	0.0262034592898323	0.992118152457781	0.0262034592898323
AMZ2	0.200512047437044	0.0840970274755289	0.992118152457781	0.0840970274755289
AMD1	0.2006760943367	0.0261598134730054	0.992118152457781	0.0261598134730054
PPTC7	0.200923487230276	0.07734625808322	0.992118152457781	0.07734625808322
Z95118.2	0.201027289225021	-0.0765506430213083	0.992118152457781	-0.0765506430213083
LIN37	0.201037709897485	-0.0914570802763673	0.992118152457781	-0.0914570802763673
TBL1XR1	0.2011875706206	-0.024999116961149	0.992118152457781	-0.024999116961149
PSD2	0.201258372993514	-0.0934749819487852	0.992118152457781	-0.0934749819487852
XPO7	0.201313670982984	-0.0377535158393769	0.992118152457781	-0.0377535158393769
METAP2	0.201321331998175	0.0396124904803783	0.992118152457781	0.0396124904803783
HNRNPK	0.201370632883606	0.0419565167875944	0.992118152457781	0.0419565167875944
USP54	0.201415634877372	-0.0211384823844532	0.992118152457781	-0.0211384823844532
QKI	0.201715081665659	-0.0171075576457719	0.992118152457781	-0.0171075576457719
SMCR8	0.201949588446399	-0.121042165126147	0.992118152457781	-0.121042165126147
TMEM9B-AS1	0.201952204404431	-0.0727164531969595	0.992118152457781	-0.0727164531969595
UBXN8	0.202258672679413	0.0801196548863686	0.992118152457781	0.0801196548863686
CPD	0.202275219496462	0.0339571751773879	0.992118152457781	0.0339571751773879
SLC9A1	0.202283331796	-0.107828324603812	0.992118152457781	-0.107828324603812
PRKAB2	0.202319529092416	-0.057604123239219	0.992118152457781	-0.057604123239219
FOXP1	0.202325051891575	0.0245259359542017	0.992118152457781	0.0245259359542017
GPS1	0.202359076663944	0.0773421188047638	0.992118152457781	0.0773421188047638
POLE4	0.202545770526679	0.108816028909544	0.992118152457781	0.108816028909544
LINC02362	0.202695277689288	-0.102950225657427	0.992118152457781	-0.102950225657427
SH3PXD2B	0.20271203513954	-0.0418414112060229	0.992118152457781	-0.0418414112060229
DNAJC10	0.202755480421007	0.0572583112763678	0.992118152457781	0.0572583112763678
EFNB2	0.202796325833591	-0.0711421933987752	0.992118152457781	-0.0711421933987752
CHPF	0.202920710231285	0.108640950577589	0.992118152457781	0.108640950577589
AP1S2	0.2030239569953	0.0446423690666986	0.992118152457781	0.0446423690666986
TJP2	0.203092679357324	0.0306586263809168	0.992118152457781	0.0306586263809168
ZBED3	0.203217065805532	-0.0668589071689799	0.992118152457781	-0.0668589071689799
RNH1	0.203234870238532	-0.0580644249596007	0.992118152457781	-0.0580644249596007
EFTUD2	0.203372534215962	0.0576181295655069	0.992118152457781	0.0576181295655069
CEP131	0.203382303847639	-0.107577131473415	0.992118152457781	-0.107577131473415
BMS1	0.203402944791204	0.0514920004342812	0.992118152457781	0.0514920004342812
PTEN	0.203407056320929	-0.036714361230222	0.992118152457781	-0.036714361230222
WSB2	0.203410837857474	-0.0556407173054059	0.992118152457781	-0.0556407173054059
AC010884.1	0.203536898664042	0.0912663519468706	0.992118152457781	0.0912663519468706
CSTF3-DT	0.20376187387176	-0.0977772570375142	0.992118152457781	-0.0977772570375142
SEC22B	0.204040114427461	-0.0659576425665395	0.992118152457781	-0.0659576425665395
TMEM104	0.204211059866328	0.0660049311495634	0.992118152457781	0.0660049311495634
CENPV	0.204234490709543	0.0901746491472524	0.992118152457781	0.0901746491472524
SECISBP2	0.204267312373344	-0.0372437417501414	0.992118152457781	-0.0372437417501414
SNX14	0.204300177682726	0.0358416482649474	0.992118152457781	0.0358416482649474
ZSCAN21	0.204305522731886	0.0760238890709963	0.992118152457781	0.0760238890709963
PPM1G	0.204457601814832	0.0578198641048739	0.992118152457781	0.0578198641048739
FBXW5	0.204547376827139	0.0586913877419499	0.992118152457781	0.0586913877419499
MRPS22	0.204921338725545	0.0619459458545039	0.992118152457781	0.0619459458545039
TAF1C	0.205293451412404	0.0741139242768817	0.992118152457781	0.0741139242768817
LHFPL2	0.205296053966522	-0.0823815551370189	0.992118152457781	-0.0823815551370189
DEPTOR	0.2053264814062	0.0356677738811048	0.992118152457781	0.0356677738811048
SOAT1	0.205475403404506	-0.0874720888564829	0.992118152457781	-0.0874720888564829
WDR43	0.205614479366299	-0.0545643829772351	0.992118152457781	-0.0545643829772351
SMIM29	0.205725703480459	0.0834940962346743	0.992118152457781	0.0834940962346743
NOTCH1	0.205733272412071	0.0510822453558586	0.992118152457781	0.0510822453558586
GRHPR	0.205802980230884	0.0485714207784699	0.992118152457781	0.0485714207784699
NTRK3	0.205970100195113	-0.129411865275127	0.992118152457781	-0.129411865275127
ZNF131	0.205990629454689	0.0334889576901274	0.992118152457781	0.0334889576901274
UBE2I	0.206031834414951	-0.0435249352743494	0.992118152457781	-0.0435249352743494
YTHDC2	0.206032098483877	-0.0374399862730624	0.992118152457781	-0.0374399862730624
USP15	0.206252246128836	-0.0323772086345342	0.992118152457781	-0.0323772086345342
COPA	0.206291831404815	-0.0313673002385908	0.992118152457781	-0.0313673002385908
NPIPB4	0.206564483289342	0.0779719668865621	0.992118152457781	0.0779719668865621
CEP44	0.206774548390054	-0.0536004193769554	0.992118152457781	-0.0536004193769554
WBP2NL	0.206971947550551	0.0681118616636004	0.992118152457781	0.0681118616636004
TIMM17A	0.207037141563377	0.0946274328355304	0.992118152457781	0.0946274328355304
BRINP1	0.207122121970359	-0.14491299023932	0.992118152457781	-0.14491299023932
ASAH1	0.207152473756669	0.0519841164619373	0.992118152457781	0.0519841164619373
EIF1	0.207213700242649	0.0547318411011315	0.992118152457781	0.0547318411011315
PRKAR2B	0.207365273057558	0.14014603470924	0.992118152457781	0.14014603470924
C17orf67	0.207626186727783	-0.0761764228138578	0.992118152457781	-0.0761764228138578
AK7	0.207812929739255	-0.107454142332724	0.992118152457781	-0.107454142332724
ANKMY1	0.20795681846903	-0.0518914741586636	0.992118152457781	-0.0518914741586636
AL138689.2	0.207970666344902	-0.0788598822142799	0.992118152457781	-0.0788598822142799
LRRC23	0.207983252785383	-0.0545821915492426	0.992118152457781	-0.0545821915492426
SDHAF2	0.208141850456844	0.0507172737839488	0.992118152457781	0.0507172737839488
PI4K2B	0.208185508434637	-0.0515330411148373	0.992118152457781	-0.0515330411148373
PCYT1B	0.208226926159078	0.0447524387943573	0.992118152457781	0.0447524387943573
FBXO28	0.208456915484428	-0.035744980727015	0.992118152457781	-0.035744980727015
GRM3	0.208561055610064	0.0222490804877657	0.992118152457781	0.0222490804877657
ARHGEF9	0.208581239097092	-0.0559010387626672	0.992118152457781	-0.0559010387626672
NECAB3	0.20871645484183	0.117674419302579	0.992118152457781	0.117674419302579
CCDC146	0.2088634273659	-0.0453970532645119	0.992118152457781	-0.0453970532645119
SAAL1	0.208884199339259	0.0850817032583563	0.992118152457781	0.0850817032583563
CABP1	0.209011914476488	0.143020942266585	0.992118152457781	0.143020942266585
APPBP2	0.209036209305144	0.0255425699441774	0.992118152457781	0.0255425699441774
MCU	0.209234364499223	0.0446740959946686	0.992118152457781	0.0446740959946686
TRAK2	0.209352843936056	-0.0575992894680517	0.992118152457781	-0.0575992894680517
ZNF791	0.209468025189003	0.0381461544747987	0.992118152457781	0.0381461544747987
FAM89B	0.20962521569375	-0.103133790379687	0.992118152457781	-0.103133790379687
HIRA	0.209679907821966	-0.0622570418726925	0.992118152457781	-0.0622570418726925
ESD	0.209689942984749	0.0592669535194627	0.992118152457781	0.0592669535194627
PREP	0.209705788383967	0.0872732259732119	0.992118152457781	0.0872732259732119
POLR2A	0.209779884482943	0.0476560160824291	0.992118152457781	0.0476560160824291
PRCC	0.209951559191338	-0.0579381726950651	0.992118152457781	-0.0579381726950651
SLC25A12	0.210006723346763	0.0743007998524742	0.992118152457781	0.0743007998524742
TRAPPC13	0.210040186262039	0.04456142037705	0.992118152457781	0.04456142037705
NADK	0.210113488249221	0.067017520631719	0.992118152457781	0.067017520631719
CC2D2A	0.210231131610558	0.0653641032939927	0.992118152457781	0.0653641032939927
CDK2AP2	0.210285178399335	0.089961159495584	0.992118152457781	0.089961159495584
NSFL1C	0.210333284312188	-0.0390367334554005	0.992118152457781	-0.0390367334554005
TAFA5	0.210715421520067	-0.0412798781537881	0.992118152457781	-0.0412798781537881
SPRYD7	0.210878528940536	0.0563257687374042	0.992118152457781	0.0563257687374042
CACNB2	0.211071412370153	0.116337409931294	0.992118152457781	0.116337409931294
DZIP3	0.211219983474809	0.0482407084576996	0.992118152457781	0.0482407084576996
LIG1	0.211426637652411	0.0599044243182666	0.992118152457781	0.0599044243182666
DNAJB9	0.211584490740652	0.133005626987671	0.992118152457781	0.133005626987671
WDR17	0.211635852217311	-0.11123384234474	0.992118152457781	-0.11123384234474
PHAX	0.211636251400567	-0.0650931753593919	0.992118152457781	-0.0650931753593919
DNMT3A	0.211651385202905	0.0383279905149092	0.992118152457781	0.0383279905149092
RBM39	0.211826913202036	0.0239875964789699	0.992118152457781	0.0239875964789699
STIP1	0.21182731603955	0.0638033647055305	0.992118152457781	0.0638033647055305
SFT2D2	0.211858374058641	-0.0496581345445832	0.992118152457781	-0.0496581345445832
MYOM1	0.211908580716249	-0.0780888503072492	0.992118152457781	-0.0780888503072492
CNTNAP4	0.211942163980161	0.0312960623824731	0.992118152457781	0.0312960623824731
TUFM	0.21195808184554	0.0726961356228597	0.992118152457781	0.0726961356228597
APH1A	0.21225732836853	0.069785011810092	0.992118152457781	0.069785011810092
ZNF740	0.21247850278849	0.0794611127676918	0.992118152457781	0.0794611127676918
PEMT	0.212877444361263	0.0830505735839109	0.992118152457781	0.0830505735839109
GON4L	0.212972923178184	-0.043363567889603	0.992118152457781	-0.043363567889603
ENO2	0.213249636107388	-0.09106286019949	0.992118152457781	-0.09106286019949
DIPK1C	0.213256201760683	-0.0464178192365188	0.992118152457781	-0.0464178192365188
IPMK	0.213327460290714	0.05932467454312	0.992118152457781	0.05932467454312
APH1B	0.213480585903345	-0.0611807201269093	0.992118152457781	-0.0611807201269093
AC025159.1	0.213502008572344	-0.0467693728555751	0.992118152457781	-0.0467693728555751
COPZ1	0.21358152059758	-0.0904484653602601	0.992118152457781	-0.0904484653602601
SHISA4	0.213678264228523	0.0726282395729665	0.992118152457781	0.0726282395729665
TFDP2	0.213709320291049	-0.0361640625230561	0.992118152457781	-0.0361640625230561
PSMA3	0.213807501916477	-0.0755623292847599	0.992118152457781	-0.0755623292847599
GABPB1-IT1	0.213898510548023	0.065589784702175	0.992118152457781	0.065589784702175
IMMP2L	0.214010583866821	-0.0277586668232839	0.992118152457781	-0.0277586668232839
AC093827.4	0.214071339790432	0.0754636687827976	0.992118152457781	0.0754636687827976
POC5	0.214097303094621	0.0496156536382689	0.992118152457781	0.0496156536382689
POC1B	0.214116431390405	0.0432540116597802	0.992118152457781	0.0432540116597802
ACTN4	0.214339902122193	0.0267288425904452	0.992118152457781	0.0267288425904452
TXNL4A	0.214456721883559	-0.0541422354948856	0.992118152457781	-0.0541422354948856
ABCF2	0.214487342180958	0.0812391398886676	0.992118152457781	0.0812391398886676
ANAPC10	0.214508252287614	-0.0382120749128361	0.992118152457781	-0.0382120749128361
TTC19	0.214630939270849	0.0356566881675403	0.992118152457781	0.0356566881675403
NCAPD3	0.214638845605651	-0.0609854296329375	0.992118152457781	-0.0609854296329375
MED30	0.214816354976658	0.069523276811937	0.992118152457781	0.069523276811937
HIPK1	0.214906764136402	0.0541628648815769	0.992118152457781	0.0541628648815769
OLFM1	0.214915063079135	-0.139895865122237	0.992118152457781	-0.139895865122237
RICTOR	0.214941249056665	-0.0241954598715466	0.992118152457781	-0.0241954598715466
HEATR5A	0.215057444341642	0.0297967618667817	0.992118152457781	0.0297967618667817
SETD5	0.21509362261586	-0.0221448426769283	0.992118152457781	-0.0221448426769283
POMGNT1	0.215124288058537	0.0554146342928447	0.992118152457781	0.0554146342928447
SCD	0.21531058229268	0.0463691927617358	0.992118152457781	0.0463691927617358
SNX4	0.215779097870859	0.0369804952914758	0.992118152457781	0.0369804952914758
DOCK1	0.215869310308794	-0.0266385575978257	0.992118152457781	-0.0266385575978257
FAM184A	0.216049908028946	-0.0988961245364318	0.992118152457781	-0.0988961245364318
ZFP82	0.21608504602293	-0.0541159465967839	0.992118152457781	-0.0541159465967839
AC097662.1	0.216288364763312	0.082085622498168	0.992118152457781	0.082085622498168
DHRS1	0.216593559941073	0.0721017452794736	0.992118152457781	0.0721017452794736
FBXW8	0.216633854608541	0.074424788186024	0.992118152457781	0.074424788186024
SON	0.216718766099306	-0.0294630901404072	0.992118152457781	-0.0294630901404072
SECISBP2L	0.216786493162849	-0.0237105673642079	0.992118152457781	-0.0237105673642079
HPS1	0.216915434066293	0.0615013654406022	0.992118152457781	0.0615013654406022
THEM4	0.217108549947157	0.0473163702574673	0.992118152457781	0.0473163702574673
COMMD6	0.217159405081031	0.0941174782706449	0.992118152457781	0.0941174782706449
NECTIN1	0.217220538628745	0.0350730679123196	0.992118152457781	0.0350730679123196
SEC14L2	0.217242904940295	-0.0604409295722354	0.992118152457781	-0.0604409295722354
STX6	0.217619959893727	0.0434107178550132	0.992118152457781	0.0434107178550132
NAT8L	0.217622512644457	0.0704370309118499	0.992118152457781	0.0704370309118499
NUDCD3	0.217705490498946	0.0363420231103164	0.992118152457781	0.0363420231103164
MTF1	0.217737725915144	-0.0541568438342404	0.992118152457781	-0.0541568438342404
CCSAP	0.217987870888712	-0.0384373981081393	0.992118152457781	-0.0384373981081393
TADA3	0.218054191067152	0.0632229557615418	0.992118152457781	0.0632229557615418
PIKFYVE	0.218088794475722	-0.0299454930398412	0.992118152457781	-0.0299454930398412
UBP1	0.218201289396895	0.0663073220480119	0.992118152457781	0.0663073220480119
COLGALT2	0.218213362707507	0.0241019520867829	0.992118152457781	0.0241019520867829
C11orf68	0.218312616064367	-0.096118916715436	0.992118152457781	-0.096118916715436
SP4	0.218372805453706	0.0350888822089911	0.992118152457781	0.0350888822089911
AAAS	0.218380402106586	0.0711269168183775	0.992118152457781	0.0711269168183775
BCL6	0.218426211960714	-0.0593411117692495	0.992118152457781	-0.0593411117692495
TRA2A	0.218558825440141	0.0222578019486038	0.992118152457781	0.0222578019486038
DCTN4	0.218639641810814	0.0380319520689729	0.992118152457781	0.0380319520689729
GPD1L	0.218859263640487	0.0884332258607511	0.992118152457781	0.0884332258607511
UBLCP1	0.218940906555053	0.068742894314363	0.992118152457781	0.068742894314363
GXYLT1	0.218943181030997	-0.0645577812682709	0.992118152457781	-0.0645577812682709
FEZ1	0.218988990002208	0.0324505305858252	0.992118152457781	0.0324505305858252
RPP30	0.219005543706271	-0.0706070621692755	0.992118152457781	-0.0706070621692755
AP000487.1	0.21922786775405	0.0701549796115702	0.992118152457781	0.0701549796115702
AC006460.2	0.219539685843449	0.0420450321511479	0.992118152457781	0.0420450321511479
DCTN3	0.219540548511819	-0.11720598617079	0.992118152457781	-0.11720598617079
PIGA	0.219562756119017	0.0859051103816162	0.992118152457781	0.0859051103816162
LRFN5	0.219603072165628	0.130000303821406	0.992118152457781	0.130000303821406
BLCAP	0.219646686590254	-0.080764501070122	0.992118152457781	-0.080764501070122
AC006148.1	0.219863523881938	-0.0369491198640558	0.992118152457781	-0.0369491198640558
GTF3C5	0.219907816776912	0.0456644298400245	0.992118152457781	0.0456644298400245
FMR1	0.219965522208941	0.0592554820776423	0.992118152457781	0.0592554820776423
TRIM37	0.220081317248055	0.0730260064603506	0.992118152457781	0.0730260064603506
PCCA	0.22013043956349	0.0282847488985524	0.992118152457781	0.0282847488985524
FBXL3	0.220149688276755	-0.0510873523604134	0.992118152457781	-0.0510873523604134
KLHL36	0.220278471282391	-0.0618869481566076	0.992118152457781	-0.0618869481566076
ZSCAN29	0.220321409080121	0.0746765272811592	0.992118152457781	0.0746765272811592
SLC41A3	0.220333696909911	0.102236446439452	0.992118152457781	0.102236446439452
NR1D2	0.220392412737346	-0.036470723945859	0.992118152457781	-0.036470723945859
AL133325.3	0.220394197505575	-0.0605737208643742	0.992118152457781	-0.0605737208643742
STIMATE	0.220415346187172	-0.0633460456967723	0.992118152457781	-0.0633460456967723
LINC01978	0.220695104816747	0.088688558041105	0.992118152457781	0.088688558041105
DERL2	0.220728925138726	-0.067223923404549	0.992118152457781	-0.067223923404549
ZNF264	0.22082714121258	-0.0529047211738833	0.992118152457781	-0.0529047211738833
ABAT	0.220889591016939	-0.0572488998156383	0.992118152457781	-0.0572488998156383
SNX17	0.220945764581818	0.10196772078413	0.992118152457781	0.10196772078413
KAT14	0.221160737222502	0.069487003524322	0.992118152457781	0.069487003524322
IDH3A	0.221198560227272	0.0795369582263019	0.992118152457781	0.0795369582263019
AL160314.2	0.221249270440983	0.0476199926867042	0.992118152457781	0.0476199926867042
CALD1	0.221289178250005	-0.0354320123850729	0.992118152457781	-0.0354320123850729
FUZ	0.221310878331668	-0.0897517720990128	0.992118152457781	-0.0897517720990128
GSTA4	0.221451967242684	0.0479705375672797	0.992118152457781	0.0479705375672797
CHD6	0.221468803141366	-0.0264942985763234	0.992118152457781	-0.0264942985763234
BRD2	0.221478102289481	0.0376427587076256	0.992118152457781	0.0376427587076256
SFXN5	0.221552659745566	-0.0664108238323839	0.992118152457781	-0.0664108238323839
TMEM38A	0.221713649893558	-0.153670738993149	0.992118152457781	-0.153670738993149
AC099850.1	0.221733109992838	0.0833185707930316	0.992118152457781	0.0833185707930316
FLYWCH2	0.221765425676578	0.0874901523015017	0.992118152457781	0.0874901523015017
BRD4	0.221844424037408	0.033397984077477	0.992118152457781	0.033397984077477
COX10-AS1	0.221895913197951	-0.0652593095413111	0.992118152457781	-0.0652593095413111
CSNK2A1	0.221946645660923	0.0324918091933581	0.992118152457781	0.0324918091933581
IFNGR2	0.222099103746641	0.0800098961889404	0.992118152457781	0.0800098961889404
PAK4	0.222293983081556	-0.0518603131843739	0.992118152457781	-0.0518603131843739
VPS13A	0.222502575984441	0.149512403204848	0.992118152457781	0.149512403204848
ZSCAN26	0.222645450804388	0.0605156008425055	0.992118152457781	0.0605156008425055
ATL2	0.222776176886857	-0.0693796455154383	0.992118152457781	-0.0693796455154383
FAM210B	0.222845424147386	0.0788789003326442	0.992118152457781	0.0788789003326442
FUT9	0.223067519175366	0.0411046855126183	0.992118152457781	0.0411046855126183
OSTC	0.223143326947765	0.0656067907156778	0.992118152457781	0.0656067907156778
ZNF155	0.223164422182664	-0.057759504371973	0.992118152457781	-0.057759504371973
LINC01122	0.223208553174322	-0.0572971012798899	0.992118152457781	-0.0572971012798899
SP2-AS1	0.22322919849799	0.104488447659173	0.992118152457781	0.104488447659173
HACD1	0.223230369325527	-0.0696509081817789	0.992118152457781	-0.0696509081817789
OLA1	0.223251441516484	0.033247704579766	0.992118152457781	0.033247704579766
GPR137B	0.223364390435004	-0.063353186931326	0.992118152457781	-0.063353186931326
ZSCAN31	0.223394157347621	0.119363625378976	0.992118152457781	0.119363625378976
MCAM	0.223419113896898	-0.0460059529260294	0.992118152457781	-0.0460059529260294
PRPF38B	0.223628566506834	-0.0415459688119881	0.992118152457781	-0.0415459688119881
ME2	0.223652345318636	-0.0422467737879221	0.992118152457781	-0.0422467737879221
TOR1B	0.223656501748352	-0.0635497804050318	0.992118152457781	-0.0635497804050318
TBC1D22B	0.223734680204491	0.048239972680209	0.992118152457781	0.048239972680209
LINC00320	0.223790153576564	0.0293311200007774	0.992118152457781	0.0293311200007774
TLE5	0.223843307326282	-0.0521951555160176	0.992118152457781	-0.0521951555160176
PSMD6	0.223926241518021	-0.0887738224205988	0.992118152457781	-0.0887738224205988
MDGA2	0.223966123052075	0.0877293823691969	0.992118152457781	0.0877293823691969
IQCG	0.224118844702851	-0.0717455831866629	0.992118152457781	-0.0717455831866629
UBE2S	0.224344530456614	-0.126373866025139	0.992118152457781	-0.126373866025139
CHKA	0.22439139743384	-0.0289788441248221	0.992118152457781	-0.0289788441248221
DIP2A	0.224455322779065	0.030119823926541	0.992118152457781	0.030119823926541
NPHP3	0.224586707585864	0.0354460542732709	0.992118152457781	0.0354460542732709
CDK13	0.224600435609745	-0.0210139915055482	0.992118152457781	-0.0210139915055482
DHX40	0.224704785604527	0.0662139283212733	0.992118152457781	0.0662139283212733
AC009061.2	0.224776052477569	0.0579827468610328	0.992118152457781	0.0579827468610328
INPP5K	0.224899592558525	0.061260764638931	0.992118152457781	0.061260764638931
ZBTB21	0.224965063912518	-0.0842985520292835	0.992118152457781	-0.0842985520292835
NAV2	0.225001052452942	0.0466859366086294	0.992118152457781	0.0466859366086294
RPL19	0.225087940878406	0.079720710595318	0.992118152457781	0.079720710595318
CELF4	0.225112560025593	0.115932086424985	0.992118152457781	0.115932086424985
GRAMD1B	0.225175482048394	-0.133603641649926	0.992118152457781	-0.133603641649926
TAF6	0.225238864003315	0.100460092437505	0.992118152457781	0.100460092437505
AGAP4	0.225328671327203	0.0719232050349841	0.992118152457781	0.0719232050349841
EYA4	0.225341366278035	0.0541665689254176	0.992118152457781	0.0541665689254176
REEP5	0.225494793763785	-0.0584541395156115	0.992118152457781	-0.0584541395156115
EDEM3	0.225534697496508	-0.0401592948856273	0.992118152457781	-0.0401592948856273
AP001360.3	0.22560976721077	0.0954743802702211	0.992118152457781	0.0954743802702211
SHISA9	0.225620437550887	-0.122948769322658	0.992118152457781	-0.122948769322658
LDLRAD4	0.225623743123658	0.0305684159536059	0.992118152457781	0.0305684159536059
STT3B	0.225642894748455	0.0370705342778332	0.992118152457781	0.0370705342778332
C3orf38	0.225726999251784	0.0429402606474025	0.992118152457781	0.0429402606474025
TNRC6B	0.225834903546313	0.0170541418532025	0.992118152457781	0.0170541418532025
CXXC5	0.226148129766892	0.0343794892435827	0.992118152457781	0.0343794892435827
MEGF9	0.226323804771561	-0.0267902658543741	0.992118152457781	-0.0267902658543741
ZNF462	0.226490537354909	0.0336201210355995	0.992118152457781	0.0336201210355995
AC009404.1	0.226557789249698	-0.0993590813048099	0.992118152457781	-0.0993590813048099
RPL39	0.22666229936011	-0.102667958863897	0.992118152457781	-0.102667958863897
IMPA1	0.226736844296018	0.0803320774547159	0.992118152457781	0.0803320774547159
ADAMTS2	0.22700854592961	-0.106000845430924	0.992118152457781	-0.106000845430924
PPP1R8	0.227185606003267	-0.0584941024347371	0.992118152457781	-0.0584941024347371
GNAS	0.227357681764894	0.0920571528592636	0.992118152457781	0.0920571528592636
CSNK1A1	0.227467271602667	-0.0216651821372198	0.992118152457781	-0.0216651821372198
ZNF688	0.227544663871221	0.058188559343495	0.992118152457781	0.058188559343495
PPFIBP1	0.2275874840523	-0.0329516208923019	0.992118152457781	-0.0329516208923019
PTS	0.227704511672122	-0.0491197160756853	0.992118152457781	-0.0491197160756853
AUP1	0.227910575851869	0.0550412023865353	0.992118152457781	0.0550412023865353
TXNDC15	0.227959245469579	-0.0563412081889516	0.992118152457781	-0.0563412081889516
ZNF525	0.228086264924195	-0.0918921696810685	0.992118152457781	-0.0918921696810685
BBS7	0.228136396767466	-0.0640644439934733	0.992118152457781	-0.0640644439934733
KIAA0513	0.228179363607175	-0.0928991735248906	0.992118152457781	-0.0928991735248906
PSMC6	0.228199110777145	0.0494033672553572	0.992118152457781	0.0494033672553572
ANKRA2	0.228260522422614	0.0559125134856086	0.992118152457781	0.0559125134856086
HGSNAT	0.228584508144009	0.046073811101635	0.992118152457781	0.046073811101635
AC012184.3	0.228634899008495	-0.0804622782653828	0.992118152457781	-0.0804622782653828
LINC02666	0.228637662584823	-0.0996534387366882	0.992118152457781	-0.0996534387366882
GLCCI1	0.228917348871321	-0.0540211205335775	0.992118152457781	-0.0540211205335775
ZC4H2	0.229018936641267	-0.0393440293699246	0.992118152457781	-0.0393440293699246
RHEB	0.229058186857209	-0.059346629666328	0.992118152457781	-0.059346629666328
ZFAND2B	0.229097904916773	0.0773916242094994	0.992118152457781	0.0773916242094994
STAT3	0.229129604770479	0.037589226002518	0.992118152457781	0.037589226002518
CAMK2G	0.229140870911829	-0.0828927049839579	0.992118152457781	-0.0828927049839579
ERVK3-1	0.229446837720871	0.0689427563838496	0.992118152457781	0.0689427563838496
SRGAP3	0.229470976761602	0.041328306172012	0.992118152457781	0.041328306172012
STYX	0.229588114394739	-0.0733565123824347	0.992118152457781	-0.0733565123824347
CCDC138	0.229707648632127	-0.0417719243001037	0.992118152457781	-0.0417719243001037
BBOF1	0.22975251014991	0.0843890947157457	0.992118152457781	0.0843890947157457
LINC01010	0.229772735762314	0.0631137572710274	0.992118152457781	0.0631137572710274
GASK1B	0.229853639793218	0.0822690756742949	0.992118152457781	0.0822690756742949
WDR5	0.229980780360631	0.0482733879555911	0.992118152457781	0.0482733879555911
LCMT1	0.230017198891748	0.034600812809341	0.992118152457781	0.034600812809341
BCOR	0.230023153467287	0.0618237836646157	0.992118152457781	0.0618237836646157
CTSL	0.230061556690747	0.0718633140336798	0.992118152457781	0.0718633140336798
MRPL47	0.230269116156786	0.0869929475299588	0.992118152457781	0.0869929475299588
FAF1	0.230307367549602	0.0200407300208718	0.992118152457781	0.0200407300208718
LINC00598	0.230341059676966	-0.0569472886962463	0.992118152457781	-0.0569472886962463
TMEM64	0.230399206446947	-0.0377073251073518	0.992118152457781	-0.0377073251073518
AC016027.2	0.230403685201018	0.0757461020922199	0.992118152457781	0.0757461020922199
RAD1	0.230418456849321	0.0821518158114946	0.992118152457781	0.0821518158114946
Z84485.1	0.230517029429633	0.0575794699357739	0.992118152457781	0.0575794699357739
KIFC2	0.230633337221054	0.14401682545846	0.992118152457781	0.14401682545846
NINL	0.230847320584176	0.0683335599407487	0.992118152457781	0.0683335599407487
ZNF652	0.230854817549124	-0.0302420954495088	0.992118152457781	-0.0302420954495088
MYPOP	0.230864585232998	0.0797997350776413	0.992118152457781	0.0797997350776413
IDI1	0.230899064111289	-0.0591325086045659	0.992118152457781	-0.0591325086045659
RUNX1T1	0.230900220304579	0.0855577115628844	0.992118152457781	0.0855577115628844
ILF2	0.231012206841463	-0.0791530372273909	0.992118152457781	-0.0791530372273909
EIF5A2	0.231073957698211	-0.105844749335545	0.992118152457781	-0.105844749335545
CWF19L1	0.231303506384594	0.0495777700645732	0.992118152457781	0.0495777700645732
DNAJC22	0.231361110823618	-0.0955739006080755	0.992118152457781	-0.0955739006080755
MSRB2	0.231393393554605	0.0604227278258327	0.992118152457781	0.0604227278258327
CARNS1	0.231446764970538	0.0433200966892539	0.992118152457781	0.0433200966892539
GCNT1	0.231474980598242	-0.114686184388981	0.992118152457781	-0.114686184388981
TRA2B	0.231498099389477	0.0347953157680091	0.992118152457781	0.0347953157680091
ABCA7	0.231687054444424	0.114251249497839	0.992118152457781	0.114251249497839
ADK	0.231712622060527	-0.0308132618429007	0.992118152457781	-0.0308132618429007
PRPF19	0.23177787829955	-0.0862866488647775	0.992118152457781	-0.0862866488647775
ETNK1	0.231818358817124	-0.0339135005054709	0.992118152457781	-0.0339135005054709
COX8A	0.23183700670204	0.116010397628376	0.992118152457781	0.116010397628376
ANKRD30BL	0.231910610357574	0.126404078577832	0.992118152457781	0.126404078577832
LINC00467	0.232083196046266	-0.0872658288322559	0.992118152457781	-0.0872658288322559
TXNDC12	0.232113004014548	0.0719610863906623	0.992118152457781	0.0719610863906623
TP53INP2	0.232201517578847	0.0773444915805395	0.992118152457781	0.0773444915805395
DHX34	0.232475953325328	0.0459893533012406	0.992118152457781	0.0459893533012406
AC079950.1	0.232650606732404	-0.102032497629266	0.992118152457781	-0.102032497629266
RNF10	0.232673005313897	-0.0325777949721713	0.992118152457781	-0.0325777949721713
LARP1	0.232732406242115	0.0322950704257066	0.992118152457781	0.0322950704257066
ACP7	0.232981761133592	-0.0687347911531799	0.992118152457781	-0.0687347911531799
CCDC7	0.233086254287258	0.0407980246699246	0.992118152457781	0.0407980246699246
LINC00639	0.233111186535316	0.0283026061832011	0.992118152457781	0.0283026061832011
KLRD1	0.233134858481229	0.0821936814440917	0.992118152457781	0.0821936814440917
C1orf174	0.23318953531533	-0.10092991265492	0.992118152457781	-0.10092991265492
RPRD1B	0.233467842619024	0.0485772742552433	0.992118152457781	0.0485772742552433
PSMB5	0.233480680771149	-0.062981431893423	0.992118152457781	-0.062981431893423
TAF1	0.233482400794876	0.0350620337590152	0.992118152457781	0.0350620337590152
ADAMTSL2	0.233708096350479	-0.10546953922742	0.992118152457781	-0.10546953922742
ZNF432	0.233869991856528	-0.076673853537242	0.992118152457781	-0.076673853537242
BEX2	0.233872424869532	-0.0977133439874427	0.992118152457781	-0.0977133439874427
TMEM131	0.233949584322458	-0.0303201474077619	0.992118152457781	-0.0303201474077619
GUCY1A2	0.233994476316849	-0.113467515142783	0.992118152457781	-0.113467515142783
PCSK1N	0.234178011237195	0.118958708437548	0.992118152457781	0.118958708437548
KLC1	0.234180907110875	-0.0352388415525174	0.992118152457781	-0.0352388415525174
C9orf72	0.234199227945444	-0.0554281494174434	0.992118152457781	-0.0554281494174434
KIAA0753	0.234210706767175	-0.085492299832684	0.992118152457781	-0.085492299832684
ANKRD31	0.234244247121806	0.0898177064240418	0.992118152457781	0.0898177064240418
LINC01505	0.234278945895437	0.0468392535305572	0.992118152457781	0.0468392535305572
PPP6R3	0.234385747987647	0.0214107473824447	0.992118152457781	0.0214107473824447
PEX19	0.234411321057401	0.0960110021720524	0.992118152457781	0.0960110021720524
GTF3A	0.234419934574847	0.0679564302443168	0.992118152457781	0.0679564302443168
NRG1	0.234476123733122	-0.124526462382515	0.992118152457781	-0.124526462382515
ENTPD6	0.234528036223064	-0.0822254463603498	0.992118152457781	-0.0822254463603498
LINC01695	0.234562709025653	-0.0978135500365496	0.992118152457781	-0.0978135500365496
PLGLB1	0.2346202128575	0.103345728679499	0.992118152457781	0.103345728679499
PDP2	0.234720986735276	0.0831611451296727	0.992118152457781	0.0831611451296727
TMTC4	0.23486106282632	-0.0350592162487212	0.992118152457781	-0.0350592162487212
CAV1	0.234893280477047	-0.120782227284042	0.992118152457781	-0.120782227284042
ARRDC1-AS1	0.234899990510516	0.0684771740185245	0.992118152457781	0.0684771740185245
DSCAML1	0.234937312251305	-0.0266319031374912	0.992118152457781	-0.0266319031374912
SSU72	0.23497712409525	-0.0720068377870465	0.992118152457781	-0.0720068377870465
ASTE1	0.235031406484377	0.0781517715354192	0.992118152457781	0.0781517715354192
NEK9	0.2350639569711	-0.0305473610592494	0.992118152457781	-0.0305473610592494
APIP	0.235084175758695	0.0519090457416974	0.992118152457781	0.0519090457416974
AP2S1	0.235145040937796	0.109611063646032	0.992118152457781	0.109611063646032
TOR1AIP1	0.23516428648046	0.0436916565554087	0.992118152457781	0.0436916565554087
PDCD11	0.235172582217344	0.0680339616496436	0.992118152457781	0.0680339616496436
SCD5	0.235313052568741	-0.0211247488203964	0.992118152457781	-0.0211247488203964
PLGRKT	0.23534641476143	0.0597033717778253	0.992118152457781	0.0597033717778253
ZC3H18	0.235559661033067	-0.0426950505532254	0.992118152457781	-0.0426950505532254
HUS1	0.235746550228518	0.0806787243992136	0.992118152457781	0.0806787243992136
TM2D1	0.235883642568823	0.0373185565630217	0.992118152457781	0.0373185565630217
FADS1	0.235964163306846	-0.0488331607628949	0.992118152457781	-0.0488331607628949
VPS41	0.236256745815531	0.0354698891449569	0.992118152457781	0.0354698891449569
ICOSLG	0.236401115938989	0.0505509183215232	0.992118152457781	0.0505509183215232
RNF144A	0.236418246654983	-0.0221119742333667	0.992118152457781	-0.0221119742333667
CUL5	0.236572743147066	-0.0306897282901245	0.992118152457781	-0.0306897282901245
TMEM14A	0.236587206713962	-0.142340502128694	0.992118152457781	-0.142340502128694
CCNG1	0.236666017236814	-0.10009536331383	0.992118152457781	-0.10009536331383
RALBP1	0.236686416156257	-0.0431740758040201	0.992118152457781	-0.0431740758040201
FAM189B	0.23680547406047	0.0612298287799687	0.992118152457781	0.0612298287799687
SAFB	0.236834605823949	0.0353457214047384	0.992118152457781	0.0353457214047384
AL359232.1	0.236838971220111	0.0792187438940486	0.992118152457781	0.0792187438940486
DCP1B	0.237047815639868	-0.0501171498095404	0.992118152457781	-0.0501171498095404
CHMP7	0.237056896658613	0.077046991099742	0.992118152457781	0.077046991099742
MANBA	0.237169528369167	-0.0460235207629881	0.992118152457781	-0.0460235207629881
FAIM2	0.237230979942364	0.0490752381557364	0.992118152457781	0.0490752381557364
BRMS1	0.237367243340136	0.0895637969597937	0.992118152457781	0.0895637969597937
FIBP	0.23750004218932	0.119644770920749	0.992118152457781	0.119644770920749
TIPRL	0.237530330998192	-0.0762621445147635	0.992118152457781	-0.0762621445147635
AC078881.1	0.237540936871086	-0.0391245474389494	0.992118152457781	-0.0391245474389494
CFAP43	0.237612751764945	0.0860541038193295	0.992118152457781	0.0860541038193295
ING3	0.23764829880684	0.0560097194069398	0.992118152457781	0.0560097194069398
SOX8	0.237664000023024	0.0437031675026548	0.992118152457781	0.0437031675026548
KIF5C	0.237727427013232	0.0295790277037984	0.992118152457781	0.0295790277037984
GTF3C6	0.237803685469215	0.0905855069644103	0.992118152457781	0.0905855069644103
LRRCC1	0.237862401985509	0.0679060415151008	0.992118152457781	0.0679060415151008
AC016907.2	0.23794108059221	-0.0929979170054438	0.992118152457781	-0.0929979170054438
COG5	0.238036878002484	-0.0255760052585483	0.992118152457781	-0.0255760052585483
ZC3H12C	0.238041615949881	-0.0417749280904436	0.992118152457781	-0.0417749280904436
STX16	0.238263562449058	0.0322981714303803	0.992150418940547	0.0322981714303803
ATAD1	0.238327465160512	-0.065902863179731	0.992150418940547	-0.065902863179731
NLGN2	0.23836313208139	-0.0609706878060333	0.992150418940547	-0.0609706878060333
KARS	0.238439577371204	0.0704732486957639	0.992150418940547	0.0704732486957639
AC078785.1	0.23851284947529	0.0601197328917862	0.992150418940547	0.0601197328917862
ROCK2	0.238631387475531	-0.0619825134749277	0.992257863306376	-0.0619825134749277
CDK18	0.238839494725488	-0.0244014254309447	0.992572066536023	-0.0244014254309447
KCTD6	0.238892426739867	0.0643005639298933	0.992572066536023	0.0643005639298933
HOMER2	0.239341425009089	0.0802506706121334	0.993301387910752	0.0802506706121334
ATL1	0.239619342806055	-0.0301837182848593	0.993301387910752	-0.0301837182848593
XPNPEP3	0.240325853635945	-0.0372149437601331	0.993301387910752	-0.0372149437601331
PLIN2	0.240373731040274	0.0847470167757142	0.993301387910752	0.0847470167757142
DDX39B	0.240419406310934	0.0352852439936047	0.993301387910752	0.0352852439936047
PPP6C	0.240493719456053	0.0345695987043668	0.993301387910752	0.0345695987043668
MEIS2	0.240572427435894	-0.024076746771173	0.993301387910752	-0.024076746771173
MTMR8	0.240584908848892	0.0765850552676066	0.993301387910752	0.0765850552676066
MIR2052HG	0.240625187233015	-0.0856725074582548	0.993301387910752	-0.0856725074582548
AC026202.2	0.240673875903592	0.118582203271065	0.993301387910752	0.118582203271065
CALR	0.240843869206221	0.074635737833603	0.993301387910752	0.074635737833603
AC022098.1	0.240891887395912	0.0775788861703357	0.993301387910752	0.0775788861703357
DDX21	0.240968293846984	-0.051270550918372	0.993301387910752	-0.051270550918372
PKD1L1	0.240971204310946	-0.087766348921245	0.993301387910752	-0.087766348921245
NUP35	0.241143351705769	0.0682321751456283	0.993301387910752	0.0682321751456283
AJM1	0.241231684800643	-0.0987607155783609	0.993301387910752	-0.0987607155783609
VSTM4	0.241456036600335	-0.0642235368691192	0.993301387910752	-0.0642235368691192
AC012494.1	0.241467797848923	0.0429275882099899	0.993301387910752	0.0429275882099899
ZNF383	0.241471621373754	0.0580131189945172	0.993301387910752	0.0580131189945172
ZFX	0.241496445812302	0.0337387593422512	0.993301387910752	0.0337387593422512
IZUMO4	0.241610731981256	-0.0611920889140254	0.993301387910752	-0.0611920889140254
HERC4	0.241647201127252	0.025046860363345	0.993301387910752	0.025046860363345
FEM1B	0.241662184713621	0.0545346334421038	0.993301387910752	0.0545346334421038
CAND2	0.241696498155922	0.0652249168907202	0.993301387910752	0.0652249168907202
CRYZL1	0.24178890302139	0.0307546233770667	0.993301387910752	0.0307546233770667
MCM3AP-AS1	0.241800457672285	0.0728764358350363	0.993301387910752	0.0728764358350363
BRIX1	0.241807438505875	-0.0807645472677983	0.993301387910752	-0.0807645472677983
HDGFL3	0.241877372012186	0.0370295839954701	0.993301387910752	0.0370295839954701
GRIP1	0.241922823347593	0.112615568015222	0.993301387910752	0.112615568015222
JADE2	0.24225870165468	-0.0419788246193757	0.993301387910752	-0.0419788246193757
ZNF585B	0.242400201213033	0.0372692459080069	0.993301387910752	0.0372692459080069
DISC1FP1	0.24250860386202	0.0863810831297618	0.993301387910752	0.0863810831297618
ISCA1	0.242554885554298	0.0723735027645042	0.993301387910752	0.0723735027645042
PMM2	0.242855658433273	0.0549594063906	0.993301387910752	0.0549594063906
TTC28-AS1	0.24327702631338	0.0352621970486173	0.993301387910752	0.0352621970486173
OPHN1	0.243312781695533	-0.0523729907150675	0.993301387910752	-0.0523729907150675
CBFA2T2	0.243338933852915	0.0247641137390543	0.993301387910752	0.0247641137390543
AC093791.2	0.243371746380469	0.0898518368503032	0.993301387910752	0.0898518368503032
TWSG1	0.243647426180669	0.0469112841870338	0.993301387910752	0.0469112841870338
ARID2	0.243664573063763	0.0240575447832909	0.993301387910752	0.0240575447832909
RPS14	0.24379519963446	-0.0696938509171798	0.993301387910752	-0.0696938509171798
ZNF564	0.243807166531128	0.0762124299729072	0.993301387910752	0.0762124299729072
FAHD2B	0.243876162363761	0.0782107579651736	0.993301387910752	0.0782107579651736
PDGFD	0.244003477894916	0.0978898639170274	0.993301387910752	0.0978898639170274
TBRG1	0.244028451926693	0.0529541657389899	0.993301387910752	0.0529541657389899
ZNF253	0.244078579850164	-0.0484690324789475	0.993301387910752	-0.0484690324789475
ANKS3	0.244297741548042	0.0422621390332227	0.993301387910752	0.0422621390332227
SMIM27	0.244313439811353	0.108715335095	0.993301387910752	0.108715335095
UBTF	0.244332958678854	-0.0508569039276414	0.993301387910752	-0.0508569039276414
AC025043.1	0.24442644556804	0.120467188400585	0.993301387910752	0.120467188400585
HSCB	0.244610236596902	0.0530853444284152	0.993301387910752	0.0530853444284152
ZHX1	0.244763856574356	-0.0478828160790945	0.993301387910752	-0.0478828160790945
AC005261.1	0.24477997427104	-0.0368567767159461	0.993301387910752	-0.0368567767159461
MRPL28	0.244811080116863	-0.0981054951400141	0.993301387910752	-0.0981054951400141
GOLGA8B	0.244876714780296	0.125071147460407	0.993301387910752	0.125071147460407
FAM131B	0.244945278265571	0.0631943372477148	0.993301387910752	0.0631943372477148
STAG3	0.245044689532136	-0.110223236932541	0.993301387910752	-0.110223236932541
CHCHD6	0.245316933868425	-0.0499924532494106	0.993301387910752	-0.0499924532494106
ALG10B	0.245377726078391	0.0889893829683401	0.993301387910752	0.0889893829683401
ZRSR2	0.245459456672614	0.0482689050230196	0.993301387910752	0.0482689050230196
KCNJ6	0.245514102633387	0.160928350187202	0.993301387910752	0.160928350187202
EXTL2	0.245623630713583	0.0667205142544489	0.993301387910752	0.0667205142544489
FSTL5	0.245863401889709	0.119387289997256	0.993301387910752	0.119387289997256
SORCS1	0.245891186352979	-0.137419035378327	0.993301387910752	-0.137419035378327
ZNF280C	0.246060043365887	0.0720586941559583	0.993301387910752	0.0720586941559583
AC083798.2	0.246087819760571	-0.073313739731028	0.993301387910752	-0.073313739731028
METTL7A	0.24610913106849	-0.0560920236823009	0.993301387910752	-0.0560920236823009
DUSP11	0.24619821639273	-0.0855005951214793	0.993301387910752	-0.0855005951214793
DPP3	0.246213661811573	-0.0848527972285261	0.993301387910752	-0.0848527972285261
SPG11	0.246266889575532	0.0274379684485083	0.993301387910752	0.0274379684485083
CNNM4	0.246329780129921	0.052139917494584	0.993301387910752	0.052139917494584
FCHO1	0.246471833171186	0.033033398304574	0.993301387910752	0.033033398304574
ZMYM6	0.246485702703277	0.0460256252618577	0.993301387910752	0.0460256252618577
CHD1	0.246510687670835	-0.0301220902716308	0.993301387910752	-0.0301220902716308
KIAA1217	0.246587056213098	0.112134682797165	0.993301387910752	0.112134682797165
CLN6	0.246780103503378	0.0438510002590868	0.993301387910752	0.0438510002590868
SMAP2	0.246780801184827	-0.0743889528826549	0.993301387910752	-0.0743889528826549
AC084198.2	0.246833452812105	0.0459265445015439	0.993301387910752	0.0459265445015439
USP1	0.246915726503151	-0.0625086468457202	0.993301387910752	-0.0625086468457202
CCNYL1	0.247004439827998	-0.0574828061044937	0.993301387910752	-0.0574828061044937
MRPL41	0.247146238602832	0.0722612639491238	0.993301387910752	0.0722612639491238
FTCDNL1	0.24724357717802	0.0422711614969681	0.993301387910752	0.0422711614969681
CARD19	0.247301878616165	-0.0836611336656794	0.993301387910752	-0.0836611336656794
PDZD8	0.247330145824184	-0.0427502964255301	0.993301387910752	-0.0427502964255301
TMTC1	0.247432763322172	-0.107002790449213	0.993301387910752	-0.107002790449213
AC004784.1	0.247563857642283	0.0826996017613784	0.993301387910752	0.0826996017613784
SLC13A3	0.247601461552842	0.034613105592117	0.993301387910752	0.034613105592117
PPP6R2	0.247603000172242	0.0312717745443853	0.993301387910752	0.0312717745443853
DUXAP8	0.247667695549734	-0.0835448641203357	0.993301387910752	-0.0835448641203357
ART3	0.247952685511974	0.102308117032427	0.993301387910752	0.102308117032427
TTLL4	0.247966198510726	-0.0638964217446829	0.993301387910752	-0.0638964217446829
PRRT3-AS1	0.24810704446368	0.069632882958852	0.993301387910752	0.069632882958852
B2M	0.24813022689286	-0.0651869939448425	0.993301387910752	-0.0651869939448425
NUP214	0.24817780850702	0.0325984118836572	0.993301387910752	0.0325984118836572
CNOT11	0.248462976021103	0.0482424850896203	0.993301387910752	0.0482424850896203
SLC35A4	0.248498740957192	0.103899611022775	0.993301387910752	0.103899611022775
CCDC12	0.248523798213174	0.0510558345182324	0.993301387910752	0.0510558345182324
RAB40C	0.248564881963011	-0.0439637862916136	0.993301387910752	-0.0439637862916136
AMACR	0.248703582052691	0.110736300966603	0.993301387910752	0.110736300966603
SURF1	0.248718868277005	0.0857113088035585	0.993301387910752	0.0857113088035585
DOCK9	0.248873454489141	-0.0201515551170277	0.993301387910752	-0.0201515551170277
RBL2	0.248875547233114	-0.0298777802554516	0.993301387910752	-0.0298777802554516
ZNF644	0.248942699562165	-0.0243345561579094	0.993301387910752	-0.0243345561579094
ZNF615	0.24905904058593	0.0673339811387671	0.993301387910752	0.0673339811387671
RNF216	0.249178081545116	-0.0296577501390418	0.993301387910752	-0.0296577501390418
RPLP2	0.249223766043732	0.0668905059986461	0.993301387910752	0.0668905059986461
FAM66D	0.249409493945037	0.0758787044743387	0.993301387910752	0.0758787044743387
ADNP	0.249420528880488	0.0226291667668319	0.993301387910752	0.0226291667668319
WDR74	0.249453364533135	0.0740797328995984	0.993301387910752	0.0740797328995984
ZBTB34	0.249475607949351	-0.0735062181433272	0.993301387910752	-0.0735062181433272
RRM2B	0.249589347826415	0.0666483615578151	0.993301387910752	0.0666483615578151
TSR2	0.249630680414055	-0.103328973059406	0.993301387910752	-0.103328973059406
SEC16A	0.249835563921238	0.0547672418785514	0.993301387910752	0.0547672418785514
TRIM66	0.249852397796354	0.0672991339110092	0.993301387910752	0.0672991339110092
WBP1	0.24989065086516	0.068361369195326	0.993301387910752	0.068361369195326
IQCB1	0.249902588565958	0.0331962151951576	0.993301387910752	0.0331962151951576
AL139807.1	0.249949961577415	-0.070780519086111	0.993301387910752	-0.070780519086111
SCART1	0.250075505170229	0.103519429873374	0.993301387910752	0.103519429873374
PLPBP	0.250111860265297	0.0617435742713756	0.993301387910752	0.0617435742713756
MICALL1	0.250250741171708	0.0593491186991774	0.993484303694656	0.0593491186991774
CMTR2	0.2506055552359	0.0727443514777453	0.994471363482113	0.0727443514777453
ZNF195	0.250741468057243	-0.0492492656082592	0.994471363482113	-0.0492492656082592
LHFPL3	0.250778119222482	-0.0915425413020975	0.994471363482113	-0.0915425413020975
SMG9	0.250957881209609	-0.042744482772153	0.994540266243398	-0.042744482772153
RNF7	0.25122513423746	-0.104904239537763	0.994540266243398	-0.104904239537763
PRDM8	0.251260784758198	0.0954418841447682	0.994540266243398	0.0954418841447682
PRKAG1	0.251335576171318	-0.0532790508657836	0.994540266243398	-0.0532790508657836
CCNI	0.251401854412569	0.0482693644529598	0.994540266243398	0.0482693644529598
SCAF4	0.251463846672791	0.0409493770327473	0.994540266243398	0.0409493770327473
DCAF1	0.251556903957253	0.0474533965738789	0.994540266243398	0.0474533965738789
HEATR1	0.251780958225108	0.0492312944049041	0.994540266243398	0.0492312944049041
EIF2S3	0.25179496609191	-0.0431047030144287	0.994540266243398	-0.0431047030144287
AC027097.2	0.251836408504533	0.069849291047651	0.994540266243398	0.069849291047651
LAPTM4A	0.251875513625495	0.0766375811540366	0.994540266243398	0.0766375811540366
PEX1	0.251970327730367	-0.0419770774031792	0.994540266243398	-0.0419770774031792
DAAM1	0.252037440279876	0.07654855798087	0.994540266243398	0.07654855798087
COPS9	0.252096397488399	0.124270049046134	0.994540266243398	0.124270049046134
ZBTB48	0.252210091944147	-0.0754027882492654	0.994622186469492	-0.0754027882492654
GSS	0.252394448213476	0.0758144883974377	0.994982607450768	0.0758144883974377
POU2AF1	0.252618785361047	0.0739793722268517	0.995168080009615	0.0739793722268517
LSM1	0.252627457104188	0.0769462948351677	0.995168080009615	0.0769462948351677
TMUB1	0.253040044374848	0.0719030582979762	0.996270967122545	0.0719030582979762
VXN	0.253093596151191	0.0411373819674947	0.996270967122545	0.0411373819674947
DMAC1	0.25350183796615	-0.0869345123509471	0.996799164405779	-0.0869345123509471
CARMIL1	0.253514945619371	-0.124714990588755	0.996799164405779	-0.124714990588755
CTNS	0.253695580491506	0.0595743876705375	0.996799164405779	0.0595743876705375
EIF4E2	0.253853192553633	0.0442191324071394	0.996799164405779	0.0442191324071394
SFR1	0.253994074668019	0.0864947509655286	0.996799164405779	0.0864947509655286
GJB1	0.254086227753763	0.0660322797018552	0.996799164405779	0.0660322797018552
MTMR4	0.2540920285152	0.0366656034990473	0.996799164405779	0.0366656034990473
ZNF528	0.254350151813475	0.0634704485147849	0.996799164405779	0.0634704485147849
ZNF318	0.254479640109329	0.0381576219001103	0.996799164405779	0.0381576219001103
C1orf35	0.254600949008137	-0.0547244684409069	0.996799164405779	-0.0547244684409069
AC097534.2	0.254634746957424	0.067644106584555	0.996799164405779	0.067644106584555
SMARCC1	0.254717590771719	0.0289722615475175	0.996799164405779	0.0289722615475175
AC009041.2	0.254758725089976	0.0309257111055924	0.996799164405779	0.0309257111055924
USP9X	0.254773985373978	-0.0301762049814703	0.996799164405779	-0.0301762049814703
DLGAP1	0.254893642426594	0.102829543834116	0.996799164405779	0.102829543834116
PTBP2	0.255008811243001	0.0200301556135514	0.996799164405779	0.0200301556135514
RTL10	0.255051938191419	-0.0913889397751585	0.996799164405779	-0.0913889397751585
DCLRE1C	0.255099241623726	0.0567943697282524	0.996799164405779	0.0567943697282524
NFE2L2	0.255190475883561	-0.0276894315665822	0.996799164405779	-0.0276894315665822
PLEKHM1	0.255202068610456	-0.0488474947118929	0.996799164405779	-0.0488474947118929
LINC01554	0.255205067044389	-0.0908517845850782	0.996799164405779	-0.0908517845850782
POMT1	0.25544029918156	0.0663215480197895	0.996799164405779	0.0663215480197895
PAM	0.25551745319635	0.152012693448792	0.996799164405779	0.152012693448792
HAUS3	0.255522591424039	-0.0766047524502614	0.996799164405779	-0.0766047524502614
UBE2F	0.25579386876312	0.0437203186725495	0.996799164405779	0.0437203186725495
KSR1	0.255892806897492	0.0336798940628264	0.996799164405779	0.0336798940628264
SLC4A8	0.255910603390363	-0.0360083295540373	0.996799164405779	-0.0360083295540373
PDK4	0.256065592930619	-0.0476729664794429	0.996799164405779	-0.0476729664794429
MRRF	0.256096472198629	0.0452148624279062	0.996799164405779	0.0452148624279062
PRKRIP1	0.256101266534726	0.0318820645895244	0.996799164405779	0.0318820645895244
NFYB	0.256206475272713	-0.0564251470267233	0.996799164405779	-0.0564251470267233
CDK12	0.256311173106351	-0.0372073907206032	0.996799164405779	-0.0372073907206032
SP110	0.256340594515173	-0.0564322931084006	0.996799164405779	-0.0564322931084006
MAP4K5	0.256394291283669	-0.0209704906411083	0.996799164405779	-0.0209704906411083
QRSL1	0.256718052092521	0.0428904948469977	0.997607967227361	0.0428904948469977
PRPF4B	0.257062290844559	-0.0396928590545586	0.997607967227361	-0.0396928590545586
AC007389.1	0.257316164720173	-0.113527545134271	0.997607967227361	-0.113527545134271
ZNF430	0.257535132188861	-0.0497467585756328	0.997607967227361	-0.0497467585756328
SRSF11	0.257628995532916	-0.0256347408986054	0.997607967227361	-0.0256347408986054
NAA50	0.257664705090844	0.0468551180449014	0.997607967227361	0.0468551180449014
RAD23A	0.257713525504342	-0.0511647615637423	0.997607967227361	-0.0511647615637423
MAP4K4	0.257873674983197	0.0165608395075419	0.997607967227361	0.0165608395075419
LINC00476	0.257994014278192	0.0357955445554063	0.997607967227361	0.0357955445554063
TM7SF3	0.258156295164238	-0.0500405705200201	0.997607967227361	-0.0500405705200201
POLL	0.258345187101152	0.0608853423117267	0.997607967227361	0.0608853423117267
NPEPPS	0.258380788069786	-0.0289393066135897	0.997607967227361	-0.0289393066135897
CDH23	0.25844753197654	0.0627947972449285	0.997607967227361	0.0627947972449285
AC021660.4	0.25847330446013	-0.0774978188428471	0.997607967227361	-0.0774978188428471
ACD	0.258493243666249	-0.111163577329149	0.997607967227361	-0.111163577329149
AEBP2	0.258565070135617	-0.0420380345367202	0.997607967227361	-0.0420380345367202
VCPKMT	0.258657883942115	0.059034714687203	0.997607967227361	0.059034714687203
EIF2B5	0.258665371843102	-0.0612271347838997	0.997607967227361	-0.0612271347838997
RPL27A	0.258704102488441	0.0775211064698617	0.997607967227361	0.0775211064698617
UBE2E3	0.25878623819943	-0.0362430061328602	0.997607967227361	-0.0362430061328602
METAP1	0.258789907740872	0.0612037661109324	0.997607967227361	0.0612037661109324
IP6K3	0.258968343129986	-0.0572283804899505	0.997607967227361	-0.0572283804899505
MXD4	0.259004191003112	0.0500370016062309	0.997607967227361	0.0500370016062309
PREX1	0.25926127102317	0.0199385845755139	0.997607967227361	0.0199385845755139
MED13	0.259360896834719	-0.0231575017319005	0.997607967227361	-0.0231575017319005
TTI2	0.25950839068455	0.0592845299985808	0.997607967227361	0.0592845299985808
DOCK10	0.259589605840461	0.0176097083205856	0.997607967227361	0.0176097083205856
ENDOD1	0.259694559140387	-0.0335074665728357	0.997607967227361	-0.0335074665728357
BAZ1A	0.259848432642117	0.0344948587311285	0.997607967227361	0.0344948587311285
MTFR1	0.259874189816654	-0.0381274394522239	0.997607967227361	-0.0381274394522239
RYR2	0.259956305660189	-0.0789288897916062	0.997607967227361	-0.0789288897916062
FASTKD2	0.259985470015858	0.0632575868799629	0.997607967227361	0.0632575868799629
H2AFX	0.260036309173463	0.0741543945886399	0.997607967227361	0.0741543945886399
KIAA2013	0.260079859455671	0.0486773783337824	0.997607967227361	0.0486773783337824
ZNF224	0.260099685025374	-0.0485161730595783	0.997607967227361	-0.0485161730595783
AL391807.1	0.260133607250121	0.0587514631699265	0.997607967227361	0.0587514631699265
SCYL3	0.260219609545219	0.0608828231884067	0.997607967227361	0.0608828231884067
TTC26	0.260257069390037	0.0898311115907378	0.997607967227361	0.0898311115907378
SRA1	0.260476918062935	-0.0791122967529859	0.997607967227361	-0.0791122967529859
OLFM3	0.260488294276224	-0.12995212546265	0.997607967227361	-0.12995212546265
MTUS1	0.260709705712193	0.0257708063995768	0.997607967227361	0.0257708063995768
PDE5A	0.260808465869688	0.128393255202808	0.997607967227361	0.128393255202808
KCMF1	0.260856255623915	-0.0413193826387411	0.997607967227361	-0.0413193826387411
SH3BGRL3	0.260879121501038	-0.0740434796652443	0.997607967227361	-0.0740434796652443
MARK4	0.260913274992244	0.03987075362351	0.997607967227361	0.03987075362351
ZNF428	0.260941590855791	0.0709872354057776	0.997607967227361	0.0709872354057776
AL627171.2	0.26126631222702	0.0915640008805102	0.997607967227361	0.0915640008805102
PATJ	0.261566630020561	0.0590343305957063	0.997607967227361	0.0590343305957063
HEG1	0.26167478621109	0.0469355591655729	0.997607967227361	0.0469355591655729
CHCHD7	0.261837195586374	-0.0974187297791177	0.997607967227361	-0.0974187297791177
AUTS2	0.262018208839013	0.0170671158777658	0.997607967227361	0.0170671158777658
HES6	0.262386112495936	0.0687549349060471	0.997607967227361	0.0687549349060471
YIF1A	0.262420320253021	0.0836284582015363	0.997607967227361	0.0836284582015363
ZNF324	0.262591586131588	0.0667819768416032	0.997607967227361	0.0667819768416032
GTPBP3	0.262696838012835	-0.0943133853883995	0.997607967227361	-0.0943133853883995
HNRNPDL	0.262702755477743	-0.0280122626151677	0.997607967227361	-0.0280122626151677
WDSUB1	0.262771297707847	0.0501426574722453	0.997607967227361	0.0501426574722453
AC009126.1	0.262779809387837	0.0437192947125721	0.997607967227361	0.0437192947125721
USP20	0.262812705687334	-0.0469475805272871	0.997607967227361	-0.0469475805272871
SH2D6	0.2628485778155	0.0927669371382527	0.997607967227361	0.0927669371382527
SIRT7	0.262961188496001	-0.0484019776367682	0.997607967227361	-0.0484019776367682
HSPA13	0.263411707697221	0.0694612687778804	0.997607967227361	0.0694612687778804
RBM26	0.263720825460505	0.0220418732782908	0.997607967227361	0.0220418732782908
ATG13	0.263759667878257	-0.0280518383584727	0.997607967227361	-0.0280518383584727
ERGIC3	0.263783149967651	0.0526102743222329	0.997607967227361	0.0526102743222329
SVEP1	0.263968714861607	0.0455124736301968	0.997607967227361	0.0455124736301968
ZNF607	0.264050423371709	-0.0758068766655779	0.997607967227361	-0.0758068766655779
ASPSCR1	0.264095228808318	0.0399971326926127	0.997607967227361	0.0399971326926127
ZBTB18	0.264350264673365	-0.0847101425874918	0.997607967227361	-0.0847101425874918
UGDH-AS1	0.264357919495431	0.0361534733837014	0.997607967227361	0.0361534733837014
USPL1	0.264414670487799	0.0494322658321109	0.997607967227361	0.0494322658321109
CMIP	0.264430966007776	-0.0419420433488002	0.997607967227361	-0.0419420433488002
AP3D1	0.264438461037129	-0.0403769757324914	0.997607967227361	-0.0403769757324914
PPM1D	0.26454263459009	0.0300847494316182	0.997607967227361	0.0300847494316182
FAM76A	0.264751182048533	0.0570146200338287	0.997607967227361	0.0570146200338287
NKD1	0.265000503686715	-0.0566848962541423	0.997607967227361	-0.0566848962541423
RPL37A	0.265066929455743	-0.0571446536757744	0.997607967227361	-0.0571446536757744
PYCR2	0.265177996517985	0.061654721413628	0.997607967227361	0.061654721413628
NDUFAF8	0.265182838057184	0.0791034123802026	0.997607967227361	0.0791034123802026
HCN1	0.265195271014346	-0.116796481768599	0.997607967227361	-0.116796481768599
ITPRID2	0.265221882558404	0.0393729585959334	0.997607967227361	0.0393729585959334
ABCD4	0.265260490328364	0.0364321043159523	0.997607967227361	0.0364321043159523
LRRC14	0.265396600660666	-0.0933105142518828	0.997607967227361	-0.0933105142518828
E2F6	0.265474770591034	-0.0678015508773778	0.997607967227361	-0.0678015508773778
AC026471.4	0.265707246642381	0.0584114647184614	0.997607967227361	0.0584114647184614
SPATA2	0.265792196867536	0.0714261395788817	0.997607967227361	0.0714261395788817
TPPP	0.265834142217083	0.02988460521205	0.997607967227361	0.02988460521205
ULK3	0.265838231346821	-0.0907700919280948	0.997607967227361	-0.0907700919280948
CD247	0.265887962310258	-0.0786739441675721	0.997607967227361	-0.0786739441675721
OXR1	0.265929716533386	0.0936223122082228	0.997607967227361	0.0936223122082228
SCYL1	0.266110029510196	-0.0564969102151664	0.997607967227361	-0.0564969102151664
RPP21	0.26616096138513	0.0914703536643922	0.997607967227361	0.0914703536643922
VPS72	0.266318635225715	0.0635814172296064	0.997607967227361	0.0635814172296064
ST5	0.266412524039423	-0.0889092628878737	0.997607967227361	-0.0889092628878737
PIN4	0.266679468466667	0.041606766586425	0.997607967227361	0.041606766586425
WRNIP1	0.266798395223104	-0.0414323869632014	0.997607967227361	-0.0414323869632014
PANTR1	0.266846619008578	-0.0276401073595403	0.997607967227361	-0.0276401073595403
FAM210A	0.266865665305955	0.0517303464468057	0.997607967227361	0.0517303464468057
RFNG	0.266892356905048	0.0735078766290641	0.997607967227361	0.0735078766290641
KIFC3	0.26700681742993	0.045602986472973	0.997607967227361	0.045602986472973
PRPF18	0.267172018135269	-0.0431349706140201	0.997607967227361	-0.0431349706140201
STXBP5-AS1	0.267202918013078	-0.123792138606772	0.997607967227361	-0.123792138606772
DTYMK	0.267419707171454	0.0702860828948675	0.997607967227361	0.0702860828948675
SREBF1	0.267516429356674	-0.0379179431363693	0.997607967227361	-0.0379179431363693
KCTD9	0.267561088108444	0.0701370591902179	0.997607967227361	0.0701370591902179
NVL	0.267585317567844	0.0375426255651997	0.997607967227361	0.0375426255651997
MINDY3	0.267630166083583	-0.0457810187898978	0.997607967227361	-0.0457810187898978
MUS81	0.267795142099419	0.0620440117456232	0.997607967227361	0.0620440117456232
RPS27	0.267990833447775	0.0738123065899195	0.997607967227361	0.0738123065899195
AC012360.3	0.268160198366191	-0.0957523999700889	0.997607967227361	-0.0957523999700889
EED	0.268287584028232	0.0539509969699914	0.997607967227361	0.0539509969699914
OPCML	0.268419445184761	0.101888830062176	0.997607967227361	0.101888830062176
ATXN7L1	0.268438344026766	0.0334810220521244	0.997607967227361	0.0334810220521244
NFXL1	0.268678694111852	-0.0513751595387629	0.997607967227361	-0.0513751595387629
TTLL1	0.268731300213407	0.0711410885034506	0.997607967227361	0.0711410885034506
SELENOP	0.269033502010652	0.0498477029063662	0.997607967227361	0.0498477029063662
POLR3E	0.26923037321309	-0.0572846660617627	0.997607967227361	-0.0572846660617627
SLAIN1	0.269247639266701	-0.0181253283493196	0.997607967227361	-0.0181253283493196
PM20D2	0.269282943258545	0.0833474475830896	0.997607967227361	0.0833474475830896
PUS7L	0.269299031747114	0.0406836747526968	0.997607967227361	0.0406836747526968
LIN7B	0.269373936255534	-0.110065504279988	0.997607967227361	-0.110065504279988
AC019205.1	0.269867432921407	0.072160767973532	0.997607967227361	0.072160767973532
SASS6	0.269949353953589	0.0597375761923418	0.997607967227361	0.0597375761923418
BORCS5	0.270105696626225	0.0325186151666934	0.997607967227361	0.0325186151666934
LINC01098	0.270125462293314	-0.110199481914015	0.997607967227361	-0.110199481914015
EIF5	0.270185893436673	-0.041207121103522	0.997607967227361	-0.041207121103522
SEZ6L	0.270325002316659	-0.121413828910856	0.997607967227361	-0.121413828910856
ARHGAP5	0.270575755442596	-0.0196839001415851	0.997607967227361	-0.0196839001415851
ANK3	0.270848566331912	-0.0150624093604869	0.997607967227361	-0.0150624093604869
SNAP25	0.271065978285808	0.113778587961865	0.997607967227361	0.113778587961865
MAPK8IP1	0.271135486400106	0.0441160245164316	0.997607967227361	0.0441160245164316
MPPED1	0.271179476430423	-0.116853317952384	0.997607967227361	-0.116853317952384
CPEB4	0.271234091706398	0.0215643675841301	0.997607967227361	0.0215643675841301
OLIG1	0.271269327204082	0.046543058333977	0.997607967227361	0.046543058333977
LINC02473	0.271294633197534	0.0553637566365757	0.997607967227361	0.0553637566365757
SLC44A5	0.271429498389101	0.11330263023599	0.997607967227361	0.11330263023599
GALNT10	0.271466860872488	0.038329127697109	0.997607967227361	0.038329127697109
PSMA5	0.271478311245862	0.0694472905029831	0.997607967227361	0.0694472905029831
LEMD2	0.271568489041169	-0.0427979284981202	0.997607967227361	-0.0427979284981202
ZKSCAN2-DT	0.271655111222092	0.0739618967572507	0.997607967227361	0.0739618967572507
ZBTB7B	0.271721843003177	0.0711818334290058	0.997607967227361	0.0711818334290058
GTDC1	0.271874952653198	0.0210510587622492	0.997607967227361	0.0210510587622492
NR2C1	0.272018739630257	0.0394325311976733	0.997607967227361	0.0394325311976733
SFI1	0.272089116883136	-0.0587418804499654	0.997607967227361	-0.0587418804499654
ZFP14	0.272190048760809	-0.0269405513886188	0.997607967227361	-0.0269405513886188
FAM98A	0.272197698525041	-0.0636232751643779	0.997607967227361	-0.0636232751643779
ZNF768	0.272242086132076	0.0708492195352687	0.997607967227361	0.0708492195352687
OST4	0.272266259236062	0.103799335904479	0.997607967227361	0.103799335904479
SILC1	0.272284809901325	-0.0258770966340697	0.997607967227361	-0.0258770966340697
UBE2Q2	0.272524225521336	-0.0482356253188676	0.997607967227361	-0.0482356253188676
CDH3	0.27276466822817	-0.102019849737914	0.997607967227361	-0.102019849737914
GPM6B	0.272811923534093	-0.0206571247267805	0.997607967227361	-0.0206571247267805
TOMM70	0.2729267540531	-0.0508006147221378	0.997607967227361	-0.0508006147221378
TXNRD1	0.272945052524529	-0.055054649492967	0.997607967227361	-0.055054649492967
TTC7A	0.272948727202569	0.0297802456443494	0.997607967227361	0.0297802456443494
PPP2R3A	0.273157224062441	0.026440788467741	0.997607967227361	0.026440788467741
GATC	0.27330601882062	-0.0587363220896684	0.997607967227361	-0.0587363220896684
GNL2	0.273383807821578	0.0752327136183424	0.997607967227361	0.0752327136183424
SGCZ	0.273393321943516	0.0931305423077783	0.997607967227361	0.0931305423077783
TRIP6	0.273421587143415	-0.0986652349480771	0.997607967227361	-0.0986652349480771
SUFU	0.273423111846964	-0.0420086051076223	0.997607967227361	-0.0420086051076223
CCP110	0.273427696802564	-0.023539160375595	0.997607967227361	-0.023539160375595
CRIM1	0.273444190147429	-0.0521304687420034	0.997607967227361	-0.0521304687420034
FANCL	0.27345276095432	-0.0306565248335949	0.997607967227361	-0.0306565248335949
PKD1	0.27351306552204	-0.0492070895577691	0.997607967227361	-0.0492070895577691
C17orf75	0.273521119358028	-0.0627223303933086	0.997607967227361	-0.0627223303933086
DENND1A	0.273528809893166	-0.0254810378026072	0.997607967227361	-0.0254810378026072
PEX2	0.27366480240254	-0.0476446667164858	0.997607967227361	-0.0476446667164858
DUSP22	0.273963781692307	-0.0489429978874165	0.997607967227361	-0.0489429978874165
COG4	0.273983932266048	0.0403152859146148	0.997607967227361	0.0403152859146148
UBE2V1	0.274251092323963	-0.0389212233869811	0.997607967227361	-0.0389212233869811
TMTC2	0.274275556791774	-0.0157972430183746	0.997607967227361	-0.0157972430183746
LPCAT4	0.274290812365224	-0.128033986321247	0.997607967227361	-0.128033986321247
BAG5	0.274351344940011	-0.0667556317112109	0.997607967227361	-0.0667556317112109
SAMD4A	0.274411557557219	-0.0700063481968148	0.997607967227361	-0.0700063481968148
AL355881.1	0.27477784811551	-0.124933028262679	0.997607967227361	-0.124933028262679
AC021231.1	0.274916579616455	0.0565258637504102	0.997607967227361	0.0565258637504102
LMO7	0.275061422261596	-0.0634089655539243	0.997607967227361	-0.0634089655539243
B3GAT3	0.275149852394127	0.0509515485540194	0.997607967227361	0.0509515485540194
CT69	0.275304897078317	0.0524402884575688	0.997607967227361	0.0524402884575688
ERLEC1	0.275426451829101	0.0553612377796192	0.997607967227361	0.0553612377796192
TUBG2	0.27548616531115	-0.0524512609575368	0.997607967227361	-0.0524512609575368
CCDC124	0.275497723533199	0.0796498039878135	0.997607967227361	0.0796498039878135
SPECC1L	0.275574352073592	-0.0297838723264054	0.997607967227361	-0.0297838723264054
TMEM254-AS1	0.275630041487739	0.071281031378913	0.997607967227361	0.071281031378913
CDKN2AIPNL	0.275685426707799	0.0808683554426732	0.997607967227361	0.0808683554426732
AC021851.2	0.275734279443844	-0.0760380604570413	0.997607967227361	-0.0760380604570413
UBA52	0.275748902974597	0.0667347582729367	0.997607967227361	0.0667347582729367
RPS6KC1	0.275754311812288	0.027743541654117	0.997607967227361	0.027743541654117
GSE1	0.27577533689222	-0.12010887239084	0.997607967227361	-0.12010887239084
CDC16	0.275792324605849	0.03477272738558	0.997607967227361	0.03477272738558
KIN	0.275797057850983	-0.0410741152481126	0.997607967227361	-0.0410741152481126
FLYWCH1	0.275867498234662	0.0433083256883078	0.997607967227361	0.0433083256883078
CIZ1	0.275937687330774	0.0346562176764164	0.997607967227361	0.0346562176764164
SPHK2	0.276117061530644	-0.0598140420335458	0.997607967227361	-0.0598140420335458
LIN7C	0.276892480774425	-0.0740809105250926	0.997607967227361	-0.0740809105250926
C12orf49	0.276970188523078	0.0758061109100318	0.997607967227361	0.0758061109100318
ALDH7A1	0.27701026756416	0.0390503444942153	0.997607967227361	0.0390503444942153
EFCAB6	0.27709476747798	0.0862047985772296	0.997607967227361	0.0862047985772296
MIPEP	0.277186411479811	-0.0446224586327235	0.997607967227361	-0.0446224586327235
GTF2B	0.277423518589614	-0.0481715551191978	0.997607967227361	-0.0481715551191978
LRRC41	0.277482651418755	-0.0375628633009127	0.997607967227361	-0.0375628633009127
BUD13	0.277528280114004	0.0701927838314575	0.997607967227361	0.0701927838314575
LSAMP	0.277568065581613	0.0274960041747464	0.997607967227361	0.0274960041747464
PHKB	0.277643740088397	0.0320049954768488	0.997607967227361	0.0320049954768488
UPRT	0.277678656317912	-0.0742537249601083	0.997607967227361	-0.0742537249601083
PRMT9	0.277887797245577	-0.0701499842412322	0.997607967227361	-0.0701499842412322
IVD	0.277935469855047	0.0378798221407964	0.997607967227361	0.0378798221407964
PHKG2	0.277980255057923	-0.0772130082149941	0.997607967227361	-0.0772130082149941
SF3B4	0.277985681951711	0.0863634053778379	0.997607967227361	0.0863634053778379
CNRIP1	0.278095926572729	-0.0948143965345785	0.997607967227361	-0.0948143965345785
THAP5	0.27809755564727	-0.06391663149722	0.997607967227361	-0.06391663149722
DOHH	0.278118360812021	0.0530427696146398	0.997607967227361	0.0530427696146398
RNF166	0.278125244495228	-0.103164397535372	0.997607967227361	-0.103164397535372
KRT10	0.278162517803429	-0.0896620818446475	0.997607967227361	-0.0896620818446475
ERMN	0.278271802643615	0.0331895885857783	0.997607967227361	0.0331895885857783
SGK2	0.278719138482517	-0.0569725537277634	0.997607967227361	-0.0569725537277634
AC093865.1	0.278847121675256	-0.0463580361069054	0.997607967227361	-0.0463580361069054
BTF3L4	0.278943711567774	0.0376333786616421	0.997607967227361	0.0376333786616421
NAP1L1	0.279133146519897	0.0385346348496701	0.997607967227361	0.0385346348496701
HMGN2	0.279151507691011	-0.0578166154343708	0.997607967227361	-0.0578166154343708
HTR4	0.279267881315313	-0.0948333183043821	0.997607967227361	-0.0948333183043821
CLCC1	0.279430849274335	-0.0596264367307761	0.997607967227361	-0.0596264367307761
NPIPB6	0.279510823855172	0.102224411651608	0.997607967227361	0.102224411651608
RMDN3	0.279965875837138	0.0453603314879988	0.997607967227361	0.0453603314879988
RAB11FIP4	0.280155453765731	0.0289680684036502	0.997607967227361	0.0289680684036502
AC022182.1	0.280163533930916	0.0662339937303431	0.997607967227361	0.0662339937303431
SLC25A3	0.280173696645413	-0.0823182390710915	0.997607967227361	-0.0823182390710915
GPC1	0.280272226106656	0.0961944113220713	0.997607967227361	0.0961944113220713
AC074032.1	0.280343206060137	0.0338058901354541	0.997607967227361	0.0338058901354541
EGFL8	0.280453797947594	-0.0711955670505888	0.997607967227361	-0.0711955670505888
TBCK	0.280477170779618	0.0289055794897133	0.997607967227361	0.0289055794897133
HMGXB3	0.280711143671063	-0.0589356050680768	0.997607967227361	-0.0589356050680768
LRRC47	0.280713169600546	-0.0652578321170789	0.997607967227361	-0.0652578321170789
H2AFJ	0.280889711673332	0.0931953237735548	0.997607967227361	0.0931953237735548
SEC23B	0.280901693150187	0.0504067316007398	0.997607967227361	0.0504067316007398
RANBP2	0.280994747201713	-0.0396453898490335	0.997607967227361	-0.0396453898490335
TFAM	0.281022943192577	-0.0778417675702865	0.997607967227361	-0.0778417675702865
TBPL1	0.281170348014585	-0.0667322436200961	0.997607967227361	-0.0667322436200961
TMEM42	0.281201748123163	0.0611570849702927	0.997607967227361	0.0611570849702927
CDC34	0.281347698450256	0.0723385423627058	0.997607967227361	0.0723385423627058
PHC2	0.281437278826184	0.022502021309584	0.997607967227361	0.022502021309584
ANKRD46	0.281455303754728	-0.0618131163795853	0.997607967227361	-0.0618131163795853
AK6	0.281484297213483	0.0723414269808601	0.997607967227361	0.0723414269808601
COA8	0.281580348016646	0.0850340739036169	0.997607967227361	0.0850340739036169
FOLH1	0.281619973900176	0.0303580411420491	0.997607967227361	0.0303580411420491
DUSP15	0.281655732200051	0.084011942855282	0.997607967227361	0.084011942855282
HPS3	0.281812236540435	0.0481915757952923	0.997607967227361	0.0481915757952923
DNAJB12	0.282132918315484	0.0482239461558793	0.997607967227361	0.0482239461558793
ARL10	0.282133460015092	-0.0452503507730287	0.997607967227361	-0.0452503507730287
SIRT6	0.2821408271661	0.0747139124199633	0.997607967227361	0.0747139124199633
PGM1	0.282288812422474	0.084212502048218	0.997607967227361	0.084212502048218
SLC35B2	0.282453166385789	0.0777464624085576	0.997607967227361	0.0777464624085576
SRGAP2B	0.282867567428624	-0.0844312394632118	0.997607967227361	-0.0844312394632118
AC022893.1	0.282965353092715	-0.072548206772341	0.997607967227361	-0.072548206772341
FAM199X	0.283077658470268	-0.065891828241874	0.997607967227361	-0.065891828241874
NDC1	0.283414180199659	-0.0483752820326075	0.997607967227361	-0.0483752820326075
EPN1	0.283530933067499	0.0537094138512361	0.997607967227361	0.0537094138512361
PPIP5K2	0.283647262782641	0.0457391731071812	0.997607967227361	0.0457391731071812
BARD1	0.283722112920318	-0.0497310819840839	0.997607967227361	-0.0497310819840839
CREB1	0.283854297375946	-0.0257635074189796	0.997607967227361	-0.0257635074189796
GRM5	0.283921382562762	0.101390002419402	0.997607967227361	0.101390002419402
PHTF2	0.283960183006824	-0.0292530735648578	0.997607967227361	-0.0292530735648578
ATP6V1D	0.284207372712042	-0.0650128541590287	0.997607967227361	-0.0650128541590287
COG1	0.284237703033167	-0.0983233409168143	0.997607967227361	-0.0983233409168143
MRPL45	0.284242605559994	0.059885285912809	0.997607967227361	0.059885285912809
ANKZF1	0.284354592870094	0.040752997055775	0.997607967227361	0.040752997055775
BAALC	0.284476692725199	-0.0721813722812805	0.997607967227361	-0.0721813722812805
AC011416.4	0.28451172647635	-0.0641969027661428	0.997607967227361	-0.0641969027661428
THRA	0.284564389189374	-0.0307538999882327	0.997607967227361	-0.0307538999882327
CMC2	0.284729005176827	0.0408692293792369	0.997607967227361	0.0408692293792369
AC064807.1	0.284880821844146	0.0695188599284898	0.997607967227361	0.0695188599284898
PTCH1	0.285174365263435	-0.0411525091048705	0.997607967227361	-0.0411525091048705
DOCK5	0.285274550541479	-0.0182782596321282	0.997607967227361	-0.0182782596321282
TBC1D1	0.28546691469164	-0.104055366619061	0.997607967227361	-0.104055366619061
ZNF136	0.285617357547133	0.0670226002721136	0.997607967227361	0.0670226002721136
UBOX5	0.285657597097675	0.0486416165161645	0.997607967227361	0.0486416165161645
THNSL2	0.285709240875287	0.0665965988955155	0.997607967227361	0.0665965988955155
DNA2	0.285739954795098	-0.0558173939759664	0.997607967227361	-0.0558173939759664
VASH1	0.285854817236198	-0.048696422490665	0.997607967227361	-0.048696422490665
TIMM23B-AGAP6	0.285958914246846	0.0819471871665059	0.997607967227361	0.0819471871665059
LRP11	0.285964939164676	-0.0346957934569268	0.997607967227361	-0.0346957934569268
FAM222B	0.286088068764093	0.0273422642430344	0.997607967227361	0.0273422642430344
PIK3CA	0.286101709205509	0.0393488016549696	0.997607967227361	0.0393488016549696
RELT	0.28614370910456	0.0736641002920256	0.997607967227361	0.0736641002920256
GDF11	0.286164601333925	-0.0952288058635038	0.997607967227361	-0.0952288058635038
UMAD1	0.286367156330848	0.02671605546562	0.997607967227361	0.02671605546562
USP13	0.286847263140377	0.0395740103943536	0.997607967227361	0.0395740103943536
TSBP1-AS1	0.286917851514433	-0.0533288375720032	0.997607967227361	-0.0533288375720032
C3orf33	0.287112306020202	0.0621573326510741	0.997607967227361	0.0621573326510741
FAM13A	0.2872097076222	-0.111638555843616	0.997607967227361	-0.111638555843616
ANP32B	0.287248890405599	-0.0397413521956678	0.997607967227361	-0.0397413521956678
STRN	0.287671581060915	0.0232847734637484	0.997607967227361	0.0232847734637484
ICA1L	0.287677471309977	0.0585256980736538	0.997607967227361	0.0585256980736538
PIP4P1	0.287876225634143	0.0673168057117482	0.997607967227361	0.0673168057117482
CNOT4	0.287883058448301	-0.0232723819749502	0.997607967227361	-0.0232723819749502
MAP7D1	0.28806633366852	-0.031390391418424	0.997607967227361	-0.031390391418424
SGTB	0.288319674319569	-0.0932053367789178	0.997607967227361	-0.0932053367789178
ENPP4	0.288517473675044	0.0446790366913814	0.997607967227361	0.0446790366913814
ANKIB1	0.288619730173605	-0.0172694547564961	0.997607967227361	-0.0172694547564961
NDUFB6	0.288791702155474	-0.0508117196465185	0.997607967227361	-0.0508117196465185
AC130324.2	0.288837110597523	-0.0540936468559679	0.997607967227361	-0.0540936468559679
GNA11	0.288885371272837	0.0451506155343831	0.997607967227361	0.0451506155343831
CDK4	0.288885996450413	0.0799895821527466	0.997607967227361	0.0799895821527466
PSME3	0.288948189049274	0.0789311597682791	0.997607967227361	0.0789311597682791
SEPTIN7	0.289139846345111	0.0176215620633196	0.997607967227361	0.0176215620633196
AC012459.1	0.289369274206402	0.0391796182726874	0.997607967227361	0.0391796182726874
HECTD4	0.289415684648172	0.0266570848364544	0.997607967227361	0.0266570848364544
GIPR	0.289422950721839	-0.0739991662078588	0.997607967227361	-0.0739991662078588
PARP1	0.289700563491724	0.0379790672464318	0.997607967227361	0.0379790672464318
SIVA1	0.289917736249387	0.0698641879701223	0.997607967227361	0.0698641879701223
CCDC91	0.290093842305028	-0.0283169981804057	0.997607967227361	-0.0283169981804057
PPP1R12C	0.290106228965569	-0.0425622521718017	0.997607967227361	-0.0425622521718017
RBM22	0.290187173463739	0.0598424649753181	0.997607967227361	0.0598424649753181
SEC23A	0.290217716986848	-0.0431629534872177	0.997607967227361	-0.0431629534872177
VKORC1	0.290241656540679	0.0727395610928487	0.997607967227361	0.0727395610928487
SEMA4C	0.290273122014162	-0.0481366430363003	0.997607967227361	-0.0481366430363003
GAB1	0.290546595710445	-0.0177404423483305	0.997607967227361	-0.0177404423483305
ACAD11	0.290595123366646	0.030795168112656	0.997607967227361	0.030795168112656
TMEM50B	0.290621682349807	0.0362261264713791	0.997607967227361	0.0362261264713791
NUBP1	0.290707113872463	0.0708815479029218	0.997607967227361	0.0708815479029218
C15orf41	0.290839936989603	-0.0289488418967685	0.997607967227361	-0.0289488418967685
CDAN1	0.290856133377807	0.0755753090317313	0.997607967227361	0.0755753090317313
USP40	0.290876518042238	0.0274758926085394	0.997607967227361	0.0274758926085394
CPB2-AS1	0.290912580817988	0.0265875165497591	0.997607967227361	0.0265875165497591
PSMC3	0.291000562369673	0.0970561315865655	0.997607967227361	0.0970561315865655
CNKSR2	0.291093964244889	-0.130234377762454	0.997607967227361	-0.130234377762454
MICAL2	0.291110813783124	-0.106214264521712	0.997607967227361	-0.106214264521712
WWP2	0.291188804655015	0.0282489784398263	0.997607967227361	0.0282489784398263
ALAS1	0.291320747017113	0.090414332154588	0.997607967227361	0.090414332154588
ZNF532	0.291325471706216	0.0246785128758305	0.997607967227361	0.0246785128758305
CPB1	0.291348356855189	0.0583438574046646	0.997607967227361	0.0583438574046646
ENSA	0.291369652768903	-0.0505453944812495	0.997607967227361	-0.0505453944812495
RAE1	0.291438749312936	-0.0624461094624488	0.997607967227361	-0.0624461094624488
SERHL2	0.291472198710129	-0.0731851857782832	0.997607967227361	-0.0731851857782832
FBXL18	0.291525191337882	-0.0421009990922474	0.997607967227361	-0.0421009990922474
RBM12B	0.291553115624137	-0.0433721070869593	0.997607967227361	-0.0433721070869593
SETBP1	0.291684194703003	-0.0774568502382166	0.997607967227361	-0.0774568502382166
B3GLCT	0.291696211560076	0.0832388754523308	0.997607967227361	0.0832388754523308
MMS19	0.291706998756575	0.0339388803487407	0.997607967227361	0.0339388803487407
RBM45	0.291861552552821	0.0533135391234059	0.997607967227361	0.0533135391234059
PALB2	0.291909911826695	-0.0640211601820799	0.997607967227361	-0.0640211601820799
CWC15	0.291935259972359	-0.0610533492148309	0.997607967227361	-0.0610533492148309
CPNE2	0.292036613600797	-0.0266621967898102	0.997607967227361	-0.0266621967898102
AQP4-AS1	0.292046918141539	-0.107758934276227	0.997607967227361	-0.107758934276227
AC137894.3	0.292179947435658	-0.0554908901387318	0.997607967227361	-0.0554908901387318
MORC2	0.292225758593509	-0.0616161333032572	0.997607967227361	-0.0616161333032572
LRRC37A2	0.292264926180938	0.050559118965574	0.997607967227361	0.050559118965574
CARD8	0.29233639940989	0.0467396152046973	0.997607967227361	0.0467396152046973
YME1L1	0.292464697721151	0.0350378081344555	0.997607967227361	0.0350378081344555
LINC00909	0.292667015747624	0.0648619419940556	0.997607967227361	0.0648619419940556
SAP18	0.292667062397606	0.0824578188736579	0.997607967227361	0.0824578188736579
KCTD1	0.292765086546187	-0.0572245238632101	0.997607967227361	-0.0572245238632101
TEDC1	0.292769473424991	0.0729094192916583	0.997607967227361	0.0729094192916583
SRSF3	0.292896200239162	0.0423542521858923	0.997607967227361	0.0423542521858923
PLCB1	0.293085081172342	0.0915400994698701	0.997607967227361	0.0915400994698701
SUN2	0.293094574112934	0.0324576863695224	0.997607967227361	0.0324576863695224
NPHP4	0.293124380227413	0.0546070690396808	0.997607967227361	0.0546070690396808
NUP42	0.293274215371277	0.0565090298319976	0.997607967227361	0.0565090298319976
CEP350	0.293313099398336	0.0255836487994706	0.997607967227361	0.0255836487994706
ZBTB41	0.293496342635558	-0.0508977329491875	0.997607967227361	-0.0508977329491875
HINFP	0.293525717940947	0.0635913483305458	0.997607967227361	0.0635913483305458
TNKS	0.293529036775018	-0.0200899646212475	0.997607967227361	-0.0200899646212475
CCDC85A	0.293560981571813	-0.119680125533461	0.997607967227361	-0.119680125533461
TENM2	0.293744222615796	0.10273568363643	0.997607967227361	0.10273568363643
DNAJB11	0.293761173786786	0.0537608812630623	0.997607967227361	0.0537608812630623
CCDC28A	0.293869930653531	0.082807604620794	0.997607967227361	0.082807604620794
SHQ1	0.293986174080923	0.0379501804408774	0.997607967227361	0.0379501804408774
FAM174A	0.294006184442655	0.0739193482975682	0.997607967227361	0.0739193482975682
ARNT	0.294112607938115	0.0386874715767165	0.997607967227361	0.0386874715767165
OLIG2	0.294173187913011	0.057493960458925	0.997607967227361	0.057493960458925
MPHOSPH10	0.29426450828668	-0.0443322634370415	0.997607967227361	-0.0443322634370415
DYRK1A	0.294323702760184	-0.0253452780474345	0.997607967227361	-0.0253452780474345
ZRANB1	0.294347193021656	0.0354889777726226	0.997607967227361	0.0354889777726226
TMEM201	0.294372325000216	0.0840712392830547	0.997607967227361	0.0840712392830547
SETD1A	0.294431972624405	0.0579174936480626	0.997607967227361	0.0579174936480626
MAPKAP1	0.294576742336313	0.0278122610177142	0.997607967227361	0.0278122610177142
MAP1A	0.294586451351724	-0.0389238743190326	0.997607967227361	-0.0389238743190326
KMT5B	0.29463443256402	0.0249883301014517	0.997607967227361	0.0249883301014517
ECHDC1	0.29478148941391	0.0431521468460586	0.997607967227361	0.0431521468460586
CLDN12	0.294979986311434	-0.0874065272305987	0.997607967227361	-0.0874065272305987
S100A6	0.295066231808777	-0.102287132481664	0.997607967227361	-0.102287132481664
ZUP1	0.295094271872964	0.0521684717424021	0.997607967227361	0.0521684717424021
NUFIP2	0.295230216845045	-0.0306158392919714	0.997607967227361	-0.0306158392919714
MATN1-AS1	0.295361771187094	0.0721085229495128	0.997607967227361	0.0721085229495128
PAN3	0.295519902209209	0.0214290243602428	0.997607967227361	0.0214290243602428
ATP6V0E2	0.295597160414021	0.0437231503361599	0.997607967227361	0.0437231503361599
PLD2	0.295712682126236	-0.0787274640836971	0.997607967227361	-0.0787274640836971
RNGTT	0.295749230794182	-0.0279808329772769	0.997607967227361	-0.0279808329772769
ARF5	0.295882546200607	-0.120098661335468	0.997607967227361	-0.120098661335468
PYGO2	0.296003034180091	0.065996302856358	0.997607967227361	0.065996302856358
TTLL5	0.29603381616807	-0.0272095957557789	0.997607967227361	-0.0272095957557789
ENTPD5	0.296040511126624	-0.0730603332896171	0.997607967227361	-0.0730603332896171
DNAJC11	0.296077537871089	-0.0389110858651685	0.997607967227361	-0.0389110858651685
AP000866.1	0.296303854140616	0.0590449493266779	0.997607967227361	0.0590449493266779
TRIM13	0.296322006520245	0.04224967480708	0.997607967227361	0.04224967480708
SC5D	0.29658204103594	0.0531560165941863	0.997607967227361	0.0531560165941863
AKAP1	0.296591183338663	-0.0606342063114651	0.997607967227361	-0.0606342063114651
UBE2J1	0.296605201564795	-0.0437071883776921	0.997607967227361	-0.0437071883776921
MTURN	0.29666226216156	-0.0309527358263523	0.997607967227361	-0.0309527358263523
SLC35E4	0.296676410633157	-0.0372412756933991	0.997607967227361	-0.0372412756933991
MEN1	0.296678765726802	0.0779132592914558	0.997607967227361	0.0779132592914558
ZNF34	0.296749855289793	-0.0903017344386153	0.997607967227361	-0.0903017344386153
AL050341.2	0.296821200215229	0.0872140778055539	0.997607967227361	0.0872140778055539
HERPUD1	0.296837830482821	-0.0651577426427017	0.997607967227361	-0.0651577426427017
MRI1	0.296879351849093	0.060404273059489	0.997607967227361	0.060404273059489
NDUFC2	0.296888651937547	-0.0840723794239067	0.997607967227361	-0.0840723794239067
TMEM117	0.296947006042545	-0.0275905837840661	0.997607967227361	-0.0275905837840661
PTDSS2	0.296953303833291	-0.0302496676457012	0.997607967227361	-0.0302496676457012
STOML2	0.297114255682077	-0.0943454194150285	0.997607967227361	-0.0943454194150285
SPATA7	0.297150005290254	-0.0430101284712548	0.997607967227361	-0.0430101284712548
UVSSA	0.297189093280509	0.0584575765234564	0.997607967227361	0.0584575765234564
VEGFB	0.297286974883397	-0.0693311586444166	0.997607967227361	-0.0693311586444166
BABAM2	0.297317868122476	0.0337007157175691	0.997607967227361	0.0337007157175691
NDUFA5	0.29733692622128	0.0743840205778029	0.997607967227361	0.0743840205778029
CCDC167	0.297542461964538	0.077711295489327	0.997607967227361	0.077711295489327
CDC27	0.297856752303566	0.0274419012133838	0.997607967227361	0.0274419012133838
MOSPD2	0.297902429164034	0.0314458507981351	0.997607967227361	0.0314458507981351
PDZD2	0.297960182524351	-0.0353999264350842	0.997607967227361	-0.0353999264350842
LONP1	0.298007326298724	0.0415846790768925	0.997607967227361	0.0415846790768925
CDH26	0.298203476366373	0.0510010463084535	0.997607967227361	0.0510010463084535
LRP4	0.298235507459561	-0.0358457306677717	0.997607967227361	-0.0358457306677717
SLC39A7	0.298486163036755	-0.0774995699501364	0.997607967227361	-0.0774995699501364
SGTA	0.298496875672233	0.0389403218221596	0.997607967227361	0.0389403218221596
SLC25A33	0.298588260576622	-0.0580698508284273	0.997607967227361	-0.0580698508284273
BEND6	0.298704031848112	-0.0588123480188994	0.997607967227361	-0.0588123480188994
KEAP1	0.298712217074001	0.0411562337123463	0.997607967227361	0.0411562337123463
RBM38	0.298836024001799	0.0776063134818526	0.997607967227361	0.0776063134818526
AL353743.2	0.298862583286669	-0.0465986633595684	0.997607967227361	-0.0465986633595684
AL589693.1	0.298982446075125	0.0713197543999254	0.997607967227361	0.0713197543999254
SDHAF3	0.299012005939997	-0.0876870219982168	0.997607967227361	-0.0876870219982168
B4GALNT4	0.299014850217302	0.0557533206481225	0.997607967227361	0.0557533206481225
PACSIN2	0.29907250723979	0.0406811436627063	0.997607967227361	0.0406811436627063
PEA15	0.299169481183776	0.0546273529949304	0.997607967227361	0.0546273529949304
PEPD	0.299286693557128	-0.0413553306588432	0.997607967227361	-0.0413553306588432
DELE1	0.299531048187153	-0.0534975785722735	0.997607967227361	-0.0534975785722735
NTN4	0.299583363408855	-0.104176996364369	0.997607967227361	-0.104176996364369
COL28A1	0.299595205918771	0.067890116038181	0.997607967227361	0.067890116038181
CNBP	0.299695958771109	-0.0488369953941703	0.997607967227361	-0.0488369953941703
AHR	0.299785043133662	-0.0442055077041907	0.997607967227361	-0.0442055077041907
INPP5F	0.299788468893659	-0.0677314917548953	0.997607967227361	-0.0677314917548953
IGHMBP2	0.29979430585348	0.0641841757325941	0.997607967227361	0.0641841757325941
ADPGK	0.299814509799931	0.0425455619779134	0.997607967227361	0.0425455619779134
MTMR6	0.299930999460638	-0.0359844617738932	0.997607967227361	-0.0359844617738932
SHB	0.299961068515355	0.0322508909157011	0.997607967227361	0.0322508909157011
IFT172	0.300118193988024	0.0274331100105868	0.997607967227361	0.0274331100105868
PRNP	0.300144066168101	0.0449565244188443	0.997607967227361	0.0449565244188443
KPTN	0.300286935708935	0.0752880130010196	0.997607967227361	0.0752880130010196
MPDZ	0.300412261301813	0.0234846939192169	0.997607967227361	0.0234846939192169
AKR1A1	0.30044008289003	-0.0628192747206103	0.997607967227361	-0.0628192747206103
MRPS30-DT	0.300638566312142	0.0657206050751592	0.997607967227361	0.0657206050751592
TEX2	0.300647503653964	0.0288710771500365	0.997607967227361	0.0288710771500365
KTN1-AS1	0.300661867985547	0.064491976619356	0.997607967227361	0.064491976619356
CEP120	0.300720445714379	0.0457936551560849	0.997607967227361	0.0457936551560849
SLC25A4	0.300754498100029	-0.0865393094925081	0.997607967227361	-0.0865393094925081
PEX16	0.300823752554294	-0.0525041966782165	0.997607967227361	-0.0525041966782165
NUTM2A-AS1	0.300841929611549	-0.0266379793535462	0.997607967227361	-0.0266379793535462
C12orf65	0.300915559696441	-0.0566581106960179	0.997607967227361	-0.0566581106960179
ARID5B	0.301052026579055	-0.0212191347992169	0.997607967227361	-0.0212191347992169
SNHG19	0.301151520975959	0.0893831004845105	0.997607967227361	0.0893831004845105
UBE4B	0.301164620992977	-0.0203001259028051	0.997607967227361	-0.0203001259028051
NSMCE1	0.301242409896488	-0.054496497387967	0.997607967227361	-0.054496497387967
HHAT	0.301424025848733	-0.0817509143478179	0.997607967227361	-0.0817509143478179
CEP290	0.301518051515999	-0.0315080889891968	0.997607967227361	-0.0315080889891968
MTA2	0.301683522617838	0.0919313918431624	0.997607967227361	0.0919313918431624
AP003486.1	0.301705730589414	-0.0828558004379337	0.997607967227361	-0.0828558004379337
SLC35E3	0.301712468103527	-0.0287089426724226	0.997607967227361	-0.0287089426724226
DUS3L	0.301722657989991	0.0706130568085906	0.997607967227361	0.0706130568085906
LRRC1	0.301804795168195	-0.0290177727813642	0.997607967227361	-0.0290177727813642
HCFC2	0.301807175884428	0.0393483516901532	0.997607967227361	0.0393483516901532
C5orf51	0.301888345374218	0.0498475963285532	0.997607967227361	0.0498475963285532
GOLM1	0.302184195628522	-0.0794219236518907	0.997607967227361	-0.0794219236518907
JAKMIP3	0.302397131385346	-0.0423113130059023	0.997607967227361	-0.0423113130059023
LTN1	0.302424049342145	-0.0314517564471065	0.997607967227361	-0.0314517564471065
PBRM1	0.302631269514477	0.0200086126635088	0.997607967227361	0.0200086126635088
DCAKD	0.302646241961841	-0.0532517129342342	0.997607967227361	-0.0532517129342342
PTGR2	0.302681010744222	0.0505062991544677	0.997607967227361	0.0505062991544677
DMGDH	0.302690765820215	-0.0654091275500907	0.997607967227361	-0.0654091275500907
NEK7	0.302787546044748	-0.0231429869035519	0.997607967227361	-0.0231429869035519
AMPD2	0.302836518288464	-0.082042039329463	0.997607967227361	-0.082042039329463
DDB2	0.302891903151254	-0.043003572898091	0.997607967227361	-0.043003572898091
ARPC2	0.302942068280756	0.0468783034618451	0.997607967227361	0.0468783034618451
CUX2	0.302973246365533	-0.127694818301272	0.997607967227361	-0.127694818301272
HMBS	0.302984881327547	0.0743092683903021	0.997607967227361	0.0743092683903021
SLX4	0.302987139086701	0.0702152296041969	0.997607967227361	0.0702152296041969
SS18L2	0.303050007481829	0.0522479785032006	0.997607967227361	0.0522479785032006
DNAH6	0.303050285614219	-0.103990588587395	0.997607967227361	-0.103990588587395
SGCB	0.303131686296282	0.0522119065466126	0.997607967227361	0.0522119065466126
MT3	0.303330361692827	-0.0688263576476184	0.997607967227361	-0.0688263576476184
WWC3	0.303443778821673	-0.0326389581483454	0.997607967227361	-0.0326389581483454
POLK	0.303470101003253	0.0219786113402119	0.997607967227361	0.0219786113402119
EXOC7	0.303494325440398	0.0362973321744662	0.997607967227361	0.0362973321744662
RC3H1	0.303498701945337	0.0266146948567966	0.997607967227361	0.0266146948567966
SPRTN	0.303648815931561	0.0808082766081177	0.997607967227361	0.0808082766081177
AP001347.1	0.303701212668805	0.0664226006197521	0.997607967227361	0.0664226006197521
CARS2	0.304118741880451	0.0328643670999594	0.997607967227361	0.0328643670999594
CFAP70	0.304322670809859	0.0570608345270211	0.997607967227361	0.0570608345270211
BRK1	0.304344693441895	0.0833043300493902	0.997607967227361	0.0833043300493902
IL1RAPL1	0.304389189673166	0.0139659956453931	0.997607967227361	0.0139659956453931
RFX7	0.304391351404763	0.0258615732922948	0.997607967227361	0.0258615732922948
NAE1	0.304538171902726	0.0349881385652734	0.997607967227361	0.0349881385652734
FBXO42	0.304539638353781	0.0323421152093504	0.997607967227361	0.0323421152093504
AC073263.1	0.304580866886785	0.0679599070851985	0.997607967227361	0.0679599070851985
ZNF83	0.304706048842124	-0.0295557949714663	0.997607967227361	-0.0295557949714663
GNL1	0.304740997378528	-0.063737844100199	0.997607967227361	-0.063737844100199
GOLGA4	0.304813233631957	-0.0282789295177089	0.997607967227361	-0.0282789295177089
RORA	0.304850693225808	0.0555288091884543	0.997607967227361	0.0555288091884543
CHRNE	0.304851115179131	-0.102201169712368	0.997607967227361	-0.102201169712368
RPGR	0.304900879968649	-0.0642222441404945	0.997607967227361	-0.0642222441404945
SMC2	0.304946681318244	-0.0579138846702996	0.997607967227361	-0.0579138846702996
AC079921.1	0.305048916295098	0.0697303552379021	0.997607967227361	0.0697303552379021
ARMCX4	0.305231060449601	-0.0301863786790432	0.997607967227361	-0.0301863786790432
SLC25A39	0.30524115862748	0.0685176139664632	0.997607967227361	0.0685176139664632
NDUFA11	0.305267649698909	0.0690742594732374	0.997607967227361	0.0690742594732374
BTN2A1	0.305410679185779	-0.0784630751381792	0.997607967227361	-0.0784630751381792
FLOT2	0.305468862990274	-0.0508661785583276	0.997607967227361	-0.0508661785583276
ZFP90	0.305519412563468	-0.0346676367634774	0.997607967227361	-0.0346676367634774
EIF1AD	0.305534484964446	0.0816538569223531	0.997607967227361	0.0816538569223531
ZNF10	0.305558820766789	0.0447637744885264	0.997607967227361	0.0447637744885264
PAF1	0.30558637109666	-0.0735664668383386	0.997607967227361	-0.0735664668383386
CNTN5	0.305819337394362	0.0967154559612817	0.997607967227361	0.0967154559612817
C11orf24	0.305886191600943	0.0728885649494525	0.997607967227361	0.0728885649494525
CDC5L	0.306229430146084	-0.0412732295044715	0.997607967227361	-0.0412732295044715
HDAC8	0.306444271510703	0.0213136894807792	0.997607967227361	0.0213136894807792
RWDD3	0.306601696783835	-0.0508352021793833	0.997607967227361	-0.0508352021793833
CRYL1	0.306614090718433	-0.0307552544783066	0.997607967227361	-0.0307552544783066
LINC02352	0.306908681542111	0.068047208823503	0.997607967227361	0.068047208823503
SNRNP200	0.306943872607237	-0.0422060046374109	0.997607967227361	-0.0422060046374109
SGF29	0.306988312016589	-0.0488935670747955	0.997607967227361	-0.0488935670747955
SPAG1	0.307010603333564	-0.0931017398788334	0.997607967227361	-0.0931017398788334
KIF13B	0.307163123159683	-0.0210062734554255	0.997607967227361	-0.0210062734554255
OTUD6B-AS1	0.307272007049665	-0.0615623037700614	0.997607967227361	-0.0615623037700614
RNF38	0.307296562375683	0.0262291622864365	0.997607967227361	0.0262291622864365
SNHG7	0.307318809791413	0.0639538271840922	0.997607967227361	0.0639538271840922
ABCA6	0.307616373117936	0.0568478902663671	0.997607967227361	0.0568478902663671
MTPAP	0.307711315846395	0.0552876621016124	0.997607967227361	0.0552876621016124
AIF1L	0.307731784384931	0.0365895541976778	0.997607967227361	0.0365895541976778
SHARPIN	0.307815414126062	0.0562251543265987	0.997607967227361	0.0562251543265987
JAKMIP2	0.307865948315789	-0.0220350713609522	0.997607967227361	-0.0220350713609522
AC016727.1	0.308064802343116	0.0777053806502986	0.997607967227361	0.0777053806502986
C11orf58	0.308086988327915	0.0356902582860731	0.997607967227361	0.0356902582860731
RTL8A	0.308315241922	0.0712277140953648	0.997607967227361	0.0712277140953648
RAPGEF1	0.308970052610559	-0.0389832870171634	0.997607967227361	-0.0389832870171634
VPS45	0.309137666592443	0.0287211055448041	0.997607967227361	0.0287211055448041
FADS2	0.309172379303978	0.0496660028528321	0.997607967227361	0.0496660028528321
DDB1	0.309197503376004	0.0391887023622588	0.997607967227361	0.0391887023622588
AL450384.2	0.309421307484244	-0.0499398723862956	0.997607967227361	-0.0499398723862956
TMEM240	0.309602795604309	0.105600392215459	0.997607967227361	0.105600392215459
LMTK3	0.309675839609729	-0.0677528842917363	0.997607967227361	-0.0677528842917363
GPR180	0.309700237148459	-0.0742010597307947	0.997607967227361	-0.0742010597307947
POFUT2	0.31006472135472	0.0659575626402537	0.997607967227361	0.0659575626402537
ASB7	0.310083495770628	-0.0477885091125404	0.997607967227361	-0.0477885091125404
NRBP1	0.310162627878073	-0.0392296708807224	0.997607967227361	-0.0392296708807224
NSL1	0.310393359019543	-0.0285803625878033	0.997607967227361	-0.0285803625878033
POP1	0.310407902599305	0.0690285350045618	0.997607967227361	0.0690285350045618
TMIGD3	0.310409913595825	-0.104401519161772	0.997607967227361	-0.104401519161772
ACAD8	0.310454100737153	0.0614711236469721	0.997607967227361	0.0614711236469721
AC016831.7	0.310455879405804	-0.0372995618217846	0.997607967227361	-0.0372995618217846
TSEN2	0.310484445857036	0.0401450104304025	0.997607967227361	0.0401450104304025
KLHDC4	0.310486332421402	0.0456494498244077	0.997607967227361	0.0456494498244077
UBR1	0.310673807335706	0.021834597157346	0.997607967227361	0.021834597157346
COPS7A	0.310681045455747	0.0639479455921357	0.997607967227361	0.0639479455921357
PSMA3-AS1	0.310844656085817	0.0327914059326453	0.997607967227361	0.0327914059326453
BDNF-AS	0.310854168398778	0.0353607718586358	0.997607967227361	0.0353607718586358
JTB	0.311136115583783	-0.0664507668308741	0.997607967227361	-0.0664507668308741
AC117386.2	0.311264103976255	0.0856538873714442	0.997607967227361	0.0856538873714442
P3H1	0.311347983615868	-0.0572280321811643	0.997607967227361	-0.0572280321811643
CXXC4-AS1	0.311447539752438	0.0497346019834491	0.997607967227361	0.0497346019834491
GLOD4	0.311502763814624	0.0638789305120123	0.997607967227361	0.0638789305120123
PIK3IP1-AS1	0.311562779987262	-0.0569681271327419	0.997607967227361	-0.0569681271327419
TELO2	0.3116244126007	-0.0589899471011835	0.997607967227361	-0.0589899471011835
ZNF883	0.31164856393543	-0.0721498214471565	0.997607967227361	-0.0721498214471565
ZFAND4	0.31165342233715	0.0506303929639991	0.997607967227361	0.0506303929639991
BMP2K	0.311676460146103	0.0372493620927485	0.997607967227361	0.0372493620927485
CDH19	0.311775239419791	-0.0267834300772331	0.997607967227361	-0.0267834300772331
AC116552.1	0.311974784166597	-0.0892182298771051	0.997607967227361	-0.0892182298771051
NIPA1	0.312041210127414	-0.0272465887749171	0.997607967227361	-0.0272465887749171
CCDC62	0.312053780688692	0.0662668359327612	0.997607967227361	0.0662668359327612
NOC2L	0.31214358837433	0.0467096391744649	0.997607967227361	0.0467096391744649
PDE6B	0.312212607031357	0.0471942278557477	0.997607967227361	0.0471942278557477
SAP130	0.312254185545587	0.032671256539197	0.997607967227361	0.032671256539197
ARPC1A	0.312272767254996	0.0310312382341146	0.997607967227361	0.0310312382341146
ZNFX1	0.312338434341875	-0.0454782538435389	0.997607967227361	-0.0454782538435389
PPIE	0.312396655093458	0.0539209264400629	0.997607967227361	0.0539209264400629
SPTLC1	0.312567656151421	0.0347789850749266	0.997607967227361	0.0347789850749266
ARL8B	0.312594320528787	0.0309355040421848	0.997607967227361	0.0309355040421848
TNNI3K	0.31261659508465	0.0423155032019366	0.997607967227361	0.0423155032019366
TMEM192	0.312667316920697	0.0276912566700116	0.997607967227361	0.0276912566700116
ZNF329	0.312746553399099	-0.0556587603048374	0.997607967227361	-0.0556587603048374
CLDN11	0.31293492498462	0.0249524264746397	0.997607967227361	0.0249524264746397
GPRC5B	0.312978073396105	0.0236150216698911	0.997607967227361	0.0236150216698911
MGLL	0.31307292541932	0.0569476366697852	0.997607967227361	0.0569476366697852
AP002813.1	0.313216180536221	0.081132884010355	0.997607967227361	0.081132884010355
RC3H2	0.313303730556493	-0.0320794032863932	0.997607967227361	-0.0320794032863932
RPS16	0.313407248627458	-0.0614492636651663	0.997607967227361	-0.0614492636651663
DDX18	0.313520535641012	0.0400699853286784	0.997607967227361	0.0400699853286784
ADAM9	0.313649180265833	0.0439820929608462	0.997607967227361	0.0439820929608462
RPL28	0.313813747552548	0.0454818826854295	0.997607967227361	0.0454818826854295
MRPL12	0.313822555758975	-0.108154521216967	0.997607967227361	-0.108154521216967
AMPD3	0.313847876777783	0.0407617720363316	0.997607967227361	0.0407617720363316
AC005332.6	0.313927998766652	-0.069678493659062	0.997607967227361	-0.069678493659062
SLC29A3	0.313977095272211	-0.0596353737231716	0.997607967227361	-0.0596353737231716
HDLBP	0.314039161029785	0.0306015215901429	0.997607967227361	0.0306015215901429
SPINDOC	0.314484567872869	0.0550317016910565	0.997607967227361	0.0550317016910565
ST6GALNAC6	0.31464064758961	-0.0809550159662979	0.997607967227361	-0.0809550159662979
PEX10	0.31466339055329	0.0836683507700939	0.997607967227361	0.0836683507700939
PRXL2A	0.314698417445994	-0.0976032093448034	0.997607967227361	-0.0976032093448034
PAFAH2	0.314744416205231	-0.0562690165726413	0.997607967227361	-0.0562690165726413
COL11A2	0.314881866278726	0.0788263691296032	0.997607967227361	0.0788263691296032
ACVR1B	0.315095348631047	-0.0621016492112408	0.997607967227361	-0.0621016492112408
CAMTA1	0.315454150686097	-0.0188280248637178	0.997607967227361	-0.0188280248637178
MRPL34	0.315519197687636	-0.121649699271961	0.997607967227361	-0.121649699271961
ZNF337-AS1	0.315619752323769	0.0538498147206805	0.997607967227361	0.0538498147206805
AL591895.1	0.315661234329295	0.0454621856786932	0.997607967227361	0.0454621856786932
ILKAP	0.315914971405924	-0.0278851179089272	0.997607967227361	-0.0278851179089272
TRIM11	0.316076790352279	-0.0936581726113882	0.997607967227361	-0.0936581726113882
RASSF8	0.316274174817625	-0.0349424804067773	0.997607967227361	-0.0349424804067773
ZNF141	0.316299275342014	-0.043722944829258	0.997607967227361	-0.043722944829258
AC099778.1	0.31658758055181	0.065700781423595	0.997607967227361	0.065700781423595
GPR62	0.316735372798956	0.0797046456786025	0.997607967227361	0.0797046456786025
ASCC1	0.31729051640329	0.0261917821049506	0.997607967227361	0.0261917821049506
ARL4A	0.317371612929754	-0.116147362413215	0.997607967227361	-0.116147362413215
FOXK2	0.317468925189677	-0.0240626465657863	0.997607967227361	-0.0240626465657863
ZNF714	0.317651252647429	0.0554319020867271	0.997607967227361	0.0554319020867271
GSN	0.317671106405993	0.0241377953487305	0.997607967227361	0.0241377953487305
KCNH8	0.317737638185515	-0.0223449471810062	0.997607967227361	-0.0223449471810062
WDR45B	0.317783467714162	0.0340065061349484	0.997607967227361	0.0340065061349484
PTPN11	0.317806955858963	-0.0257260728543414	0.997607967227361	-0.0257260728543414
MAPK10	0.317856796098726	-0.0486102543554745	0.997607967227361	-0.0486102543554745
PXN	0.317900566952549	0.0514515350021127	0.997607967227361	0.0514515350021127
TMTC3	0.317931274795632	0.0396396346546864	0.997607967227361	0.0396396346546864
NDUFS7	0.317949357660072	-0.0371143258950763	0.997607967227361	-0.0371143258950763
MYO5A	0.318023625357372	-0.0204708221208098	0.997607967227361	-0.0204708221208098
ZCRB1	0.318063262063028	0.0532622969275631	0.997607967227361	0.0532622969275631
TMEM63B	0.318165465485803	-0.0559930190138075	0.997607967227361	-0.0559930190138075
PRPSAP2	0.318173580917684	0.031065170007366	0.997607967227361	0.031065170007366
HLA-C	0.318357869565054	-0.106650261729056	0.997607967227361	-0.106650261729056
SYNJ1	0.318628817345064	-0.049907952451039	0.997607967227361	-0.049907952451039
AKAP8L	0.318647358596881	-0.0371856622859326	0.997607967227361	-0.0371856622859326
LLGL1	0.31886491989661	0.0684804600899223	0.997607967227361	0.0684804600899223
TRIM33	0.318928260801684	0.0266770763064073	0.997607967227361	0.0266770763064073
ASRGL1	0.319353365715678	-0.0412897638999843	0.997607967227361	-0.0412897638999843
RAPGEF5	0.319407224896905	-0.0166554834717007	0.997607967227361	-0.0166554834717007
ADAM10	0.319412799247175	-0.0184933465188206	0.997607967227361	-0.0184933465188206
FAR1	0.319483429240704	0.0224089096609708	0.997607967227361	0.0224089096609708
ACADS	0.319503119762657	0.0694401432887736	0.997607967227361	0.0694401432887736
CDK6	0.31953100829732	-0.0220022222309557	0.997607967227361	-0.0220022222309557
ZFAND3	0.319596511609737	-0.0167877470781258	0.997607967227361	-0.0167877470781258
RAD17	0.319609636795683	0.0402659240513021	0.997607967227361	0.0402659240513021
EPB41L4B	0.319625096844008	0.140958738270673	0.997607967227361	0.140958738270673
HSPH1	0.319880896893336	0.0833020019461243	0.997607967227361	0.0833020019461243
C9orf147	0.319927497514784	0.0571229947346481	0.997607967227361	0.0571229947346481
NBAS	0.319927556890461	-0.02564500199881	0.997607967227361	-0.02564500199881
ERBB3	0.319967073434452	0.0220206293949425	0.997607967227361	0.0220206293949425
CCT2	0.31998385303099	-0.0582579128970039	0.997607967227361	-0.0582579128970039
TCEAL9	0.320160163212961	0.0786121961941265	0.997607967227361	0.0786121961941265
GOSR1	0.320215403455586	0.0288841483967421	0.997607967227361	0.0288841483967421
ZNF783	0.320224759222984	0.0500664701139859	0.997607967227361	0.0500664701139859
RETREG1	0.3202304348394	0.0209503771238356	0.997607967227361	0.0209503771238356
NUDC	0.320263752911847	-0.0545349151658921	0.997607967227361	-0.0545349151658921
AC087294.1	0.320291740581486	0.0641674560455308	0.997607967227361	0.0641674560455308
CDC42	0.320487927717475	0.0359045613563159	0.997607967227361	0.0359045613563159
FAAH	0.320587143543488	0.0413103756283958	0.997607967227361	0.0413103756283958
NGFR	0.320807210848842	-0.0806968017407691	0.997607967227361	-0.0806968017407691
LMCD1-AS1	0.320812155370744	0.0293111648838235	0.997607967227361	0.0293111648838235
C2orf92	0.320830560308032	-0.0471811158243822	0.997607967227361	-0.0471811158243822
ERVK13-1	0.320866748246156	0.0482493676634325	0.997607967227361	0.0482493676634325
RAB1A	0.321004980697401	0.0215477658925416	0.997607967227361	0.0215477658925416
UNC45A	0.32110930387531	0.0486519039998376	0.997607967227361	0.0486519039998376
SNHG6	0.321179841415231	0.0562363730168566	0.997607967227361	0.0562363730168566
FERMT2	0.321229263467756	0.0249369182492062	0.997607967227361	0.0249369182492062
MXRA7	0.321270908322316	-0.0669883429238261	0.997607967227361	-0.0669883429238261
SLC25A11	0.321515681124064	0.0738304068417995	0.997607967227361	0.0738304068417995
CD2AP	0.321658734633854	0.0505313877695585	0.997607967227361	0.0505313877695585
PRKACB	0.321734561793975	-0.0186593231928593	0.997607967227361	-0.0186593231928593
MTCH1	0.32179159435097	0.0363098011376602	0.997607967227361	0.0363098011376602
TAF3	0.321823866472892	-0.0270789673329082	0.997607967227361	-0.0270789673329082
FAM53B-AS1	0.322063511592658	0.0712658458309082	0.997607967227361	0.0712658458309082
CCDC150	0.322076571709484	-0.0483117861307152	0.997607967227361	-0.0483117861307152
AC005520.2	0.32219044467393	-0.11698319907451	0.997607967227361	-0.11698319907451
AC106729.1	0.322223130523776	-0.081918873443266	0.997607967227361	-0.081918873443266
EIF2B3	0.322241348355035	0.029157463010681	0.997607967227361	0.029157463010681
ERMP1	0.32234542786938	-0.0308242202636457	0.997607967227361	-0.0308242202636457
EYS	0.322395912341272	0.0903879424122427	0.997607967227361	0.0903879424122427
ATXN1	0.322652107871062	-0.0171382772386034	0.997607967227361	-0.0171382772386034
MGRN1	0.32267910254625	-0.0281867267817692	0.997607967227361	-0.0281867267817692
JARID2	0.322782201909721	0.0227047169788807	0.997607967227361	0.0227047169788807
DYNC1I2	0.323089662797344	0.0253112207141257	0.997607967227361	0.0253112207141257
TYSND1	0.32316168499442	0.0546099676171341	0.997607967227361	0.0546099676171341
ATP5PD	0.323172895197505	-0.111050091103437	0.997607967227361	-0.111050091103437
RALY	0.323273789694328	-0.0247853840550192	0.997607967227361	-0.0247853840550192
COL16A1	0.323311239207908	0.0364557596106738	0.997607967227361	0.0364557596106738
PTPN1	0.323360157256279	-0.0372592651987274	0.997607967227361	-0.0372592651987274
IP6K1	0.323511093674329	0.028574891323542	0.997607967227361	0.028574891323542
NEMF	0.323526247744113	0.0205525650685866	0.997607967227361	0.0205525650685866
VTA1	0.323559105680021	-0.0414608002092854	0.997607967227361	-0.0414608002092854
SH3PXD2A	0.32358087319795	-0.030271209224096	0.997607967227361	-0.030271209224096
CDKL3	0.32364814564488	-0.0293951147345518	0.997607967227361	-0.0293951147345518
DNAJC21	0.323691153448285	-0.0396505411270881	0.997607967227361	-0.0396505411270881
ZNF598	0.323878223991744	-0.0800352140354382	0.997607967227361	-0.0800352140354382
TIGAR	0.32393613285274	-0.0510685118176564	0.997607967227361	-0.0510685118176564
LAMP1	0.323950171866325	0.0418873779072341	0.997607967227361	0.0418873779072341
GFPT2	0.323999733436805	-0.0703838831442466	0.997607967227361	-0.0703838831442466
FGD5-AS1	0.324035900811054	-0.0384303513933249	0.997607967227361	-0.0384303513933249
CEP89	0.324086398192639	0.0418332428848451	0.997607967227361	0.0418332428848451
NRIP1	0.324143475257221	-0.0411965778682274	0.997607967227361	-0.0411965778682274
SDF2	0.324217194738317	0.0648517806744048	0.997607967227361	0.0648517806744048
CCNY	0.324225919563357	-0.022180571352982	0.997607967227361	-0.022180571352982
PRMT1	0.324342371327088	-0.0456979101570807	0.997607967227361	-0.0456979101570807
MPV17L	0.324352940968864	0.0679726786439516	0.997607967227361	0.0679726786439516
NNT-AS1	0.324470741821873	0.0360642532936581	0.997607967227361	0.0360642532936581
DNHD1	0.324493286574479	-0.0337673368345077	0.997607967227361	-0.0337673368345077
RIMS2	0.324525034907168	0.0905016421134241	0.997607967227361	0.0905016421134241
MAPK8IP2	0.324536772455446	-0.108355206291978	0.997607967227361	-0.108355206291978
DDX1	0.32461888718952	0.0473875418890886	0.997607967227361	0.0473875418890886
PPM1B	0.324625251502488	-0.02030069914907	0.997607967227361	-0.02030069914907
PFDN5	0.324731383931317	-0.065966228791155	0.997607967227361	-0.065966228791155
LARP4B	0.324737158602568	-0.0258349552925267	0.997607967227361	-0.0258349552925267
MDM2	0.32475883919916	-0.031509716577207	0.997607967227361	-0.031509716577207
APTX	0.324781839964778	0.0315602816649204	0.997607967227361	0.0315602816649204
FBXL6	0.324795647785306	0.108914158403096	0.997607967227361	0.108914158403096
FAM160B2	0.324797581137741	0.0476155419198412	0.997607967227361	0.0476155419198412
NUP93	0.324883306446756	-0.0408433126359133	0.997607967227361	-0.0408433126359133
PLEKHF1	0.324983762007614	-0.076597948397712	0.997607967227361	-0.076597948397712
SPAST	0.325025375604687	0.0318358051809394	0.997607967227361	0.0318358051809394
CTDNEP1	0.325073561794121	0.0491838400128736	0.997607967227361	0.0491838400128736
AC125613.1	0.325352130319663	-0.0594121559496631	0.997607967227361	-0.0594121559496631
SH3RF1	0.325358839121671	-0.0281005022724482	0.997607967227361	-0.0281005022724482
ITGB3BP	0.325505162188281	0.0416800891850576	0.997607967227361	0.0416800891850576
MRAS	0.325560732524943	-0.074982395972002	0.997607967227361	-0.074982395972002
TRAF3	0.325564368721774	-0.0491808278132228	0.997607967227361	-0.0491808278132228
CA14	0.325573193818239	0.0842456883888822	0.997607967227361	0.0842456883888822
HMGXB4	0.325599186098477	-0.0280412976690231	0.997607967227361	-0.0280412976690231
FOXRED2	0.325716011413529	0.0683110558724006	0.997607967227361	0.0683110558724006
MRPS28	0.325722748444744	0.0332114485638216	0.997607967227361	0.0332114485638216
TJAP1	0.325798058747452	0.0261917145483905	0.997607967227361	0.0261917145483905
PLPP1	0.325983230511764	-0.0213521315470591	0.997607967227361	-0.0213521315470591
NBPF11	0.326145787546307	0.0469107179260092	0.997607967227361	0.0469107179260092
UBE2Z	0.326235101485539	0.033295037756072	0.997607967227361	0.033295037756072
TCEA2	0.326253542228553	0.0596888905152592	0.997607967227361	0.0596888905152592
TADA2B	0.326412569477201	0.0749469358922993	0.997607967227361	0.0749469358922993
TRAPPC1	0.326423197657662	0.10072813699696	0.997607967227361	0.10072813699696
MAU2	0.326454310276845	-0.0310803221971166	0.997607967227361	-0.0310803221971166
AL157938.3	0.326570560479095	0.141129367766463	0.997607967227361	0.141129367766463
CRY2	0.326810071464585	-0.0460018697934397	0.997607967227361	-0.0460018697934397
MRPS5	0.326847467383531	0.0265847845584754	0.997607967227361	0.0265847845584754
UFL1-AS1	0.326854810235445	0.0572687895284334	0.997607967227361	0.0572687895284334
TRPM3	0.326896164525082	-0.0982996185287972	0.997607967227361	-0.0982996185287972
SLC46A3	0.326981173372969	-0.0519203061755327	0.997607967227361	-0.0519203061755327
STMN3	0.327006070745253	-0.0960758670229546	0.997607967227361	-0.0960758670229546
DTWD2	0.327181908358377	0.051841216115156	0.997607967227361	0.051841216115156
HMCES	0.327212231182011	0.0485505857288763	0.997607967227361	0.0485505857288763
RPS29	0.327228020453553	0.0546661358138741	0.997607967227361	0.0546661358138741
AP2M1	0.327279999208789	-0.0584430595581975	0.997607967227361	-0.0584430595581975
EAF1	0.327404978514902	0.0968740556699566	0.997607967227361	0.0968740556699566
OXA1L	0.327411912467531	0.0460131171256527	0.997607967227361	0.0460131171256527
WARS2	0.327480172780952	-0.0576075353491434	0.997607967227361	-0.0576075353491434
TPM1	0.327492973513539	-0.0836076298309576	0.997607967227361	-0.0836076298309576
MON2	0.327675528863595	-0.0192083709691394	0.997607967227361	-0.0192083709691394
MAT2A	0.327680365306237	-0.0296248185221939	0.997607967227361	-0.0296248185221939
S100A13	0.327757361627717	0.10162435053026	0.997607967227361	0.10162435053026
FBXO3	0.327760498323192	0.0417656086383786	0.997607967227361	0.0417656086383786
ATAD3C	0.327772878844429	0.0603060429891627	0.997607967227361	0.0603060429891627
EIF3D	0.327821537678553	-0.0564492333531256	0.997607967227361	-0.0564492333531256
SAMHD1	0.327962693162385	-0.0534396702657166	0.997607967227361	-0.0534396702657166
TLE2	0.327999853935633	0.0762946614325159	0.997607967227361	0.0762946614325159
COX7C	0.328236261735373	0.0862431680197973	0.997675711891648	0.0862431680197973
ASCC3	0.328264811710181	-0.0276315968370173	0.997675711891648	-0.0276315968370173
HSD11B1	0.328315857082085	-0.0654288211834762	0.997675711891648	-0.0654288211834762
SGCD	0.328503465391415	-0.0344038016387484	0.997675711891648	-0.0344038016387484
TCP10L	0.328569775791489	-0.0786349072386812	0.997675711891648	-0.0786349072386812
NONO	0.328880517932	0.0443327386852563	0.997675711891648	0.0443327386852563
FBXO34	0.328928296477645	-0.0573982941996753	0.997675711891648	-0.0573982941996753
DKK3	0.328951038426326	0.104463418301383	0.997675711891648	0.104463418301383
VPS28	0.329123928154939	-0.0527289475548397	0.997675711891648	-0.0527289475548397
CARNMT1	0.329260451221517	0.0433267197872817	0.997675711891648	0.0433267197872817
SEZ6L2	0.329394076754962	0.0660748861968719	0.997675711891648	0.0660748861968719
LIX1L	0.329458772290096	0.0559839956104458	0.997675711891648	0.0559839956104458
ARRB2	0.329696068792456	0.0741106841355115	0.997675711891648	0.0741106841355115
MCRS1	0.329696976215753	0.0610856905279758	0.997675711891648	0.0610856905279758
GRID1	0.329908324375164	-0.0214263333447757	0.997675711891648	-0.0214263333447757
BCCIP	0.329966875211197	-0.0368425303560716	0.997675711891648	-0.0368425303560716
OAZ1	0.330048684831349	-0.0574080760977226	0.997675711891648	-0.0574080760977226
ZFAND1	0.330066307377355	-0.0726339071358377	0.997675711891648	-0.0726339071358377
SLX4IP	0.330111705263194	0.0334236035523214	0.997675711891648	0.0334236035523214
GPALPP1	0.330398822007705	-0.027406938056174	0.997675711891648	-0.027406938056174
HMOX2	0.330503127407964	0.040985661724909	0.997675711891648	0.040985661724909
FAM135B	0.330587951301723	-0.0734168694367006	0.997675711891648	-0.0734168694367006
PLA2G6	0.3307183790264	0.0406869908848184	0.997675711891648	0.0406869908848184
TF	0.330803238480308	0.0157327066947936	0.997675711891648	0.0157327066947936
TEFM	0.330818766894878	0.048834855037694	0.997675711891648	0.048834855037694
ZFYVE21	0.330933638513572	0.0526605359260966	0.997675711891648	0.0526605359260966
GRM7	0.331016202352342	0.0991822954509362	0.997675711891648	0.0991822954509362
FIRRE	0.331017925999427	0.0555752508975031	0.997675711891648	0.0555752508975031
U73166.1	0.331048056237208	-0.0943261829066587	0.997675711891648	-0.0943261829066587
UNC13A	0.33108756190785	-0.108850544324324	0.997675711891648	-0.108850544324324
THAP3	0.331112033205037	0.0569111424460666	0.997675711891648	0.0569111424460666
SLC44A1	0.331205524659686	-0.0129224736527966	0.997675711891648	-0.0129224736527966
BSN	0.331214130480314	-0.0959453263985412	0.997675711891648	-0.0959453263985412
MRPL32	0.33133845980539	0.1028222895997	0.997675711891648	0.1028222895997
FIGNL1	0.331360358346027	0.0722323469329548	0.997675711891648	0.0722323469329548
CENPT	0.331377852543661	-0.0673144679865045	0.997675711891648	-0.0673144679865045
UHRF2	0.331526692963618	-0.0273953311156462	0.997676770890758	-0.0273953311156462
PSRC1	0.331793744944148	0.040173271513445	0.997676770890758	0.040173271513445
AJAP1	0.331892898988037	0.0494726078300392	0.997676770890758	0.0494726078300392
C2orf74	0.331969815365096	0.0580039928499476	0.997676770890758	0.0580039928499476
KDM5C	0.331991514776956	0.0342098676752787	0.997676770890758	0.0342098676752787
C9orf16	0.332008697078408	-0.123499256477302	0.997676770890758	-0.123499256477302
LINC01250	0.33203070708333	-0.120046439184149	0.997676770890758	-0.120046439184149
SLC25A48	0.332222327813983	-0.0611468057092973	0.997860966894127	-0.0611468057092973
CD22	0.332284880313768	-0.0230051722886361	0.997860966894127	-0.0230051722886361
RUNDC1	0.332400544223988	-0.0873058009190937	0.997860966894127	-0.0873058009190937
RNF217-AS1	0.33255548535581	0.0562188821293312	0.997860966894127	0.0562188821293312
TUBE1	0.332635316720915	0.0422396980075295	0.997860966894127	0.0422396980075295
PTDSS1	0.332826866583223	-0.0795839606879531	0.997860966894127	-0.0795839606879531
OSBP	0.332866191889322	-0.0364326342620462	0.997860966894127	-0.0364326342620462
RMND1	0.332962535329198	0.0474539354591841	0.997860966894127	0.0474539354591841
WSB1	0.333027946350803	0.0232954048372095	0.997860966894127	0.0232954048372095
JMJD4	0.333075612839613	0.0749779688080013	0.997860966894127	0.0749779688080013
EFCAB7	0.333117559068739	0.0787679716307372	0.997860966894127	0.0787679716307372
SF3B6	0.333347978188905	0.0760519479607363	0.998271799260172	0.0760519479607363
MPV17	0.333744953134719	0.0438450982200886	0.998275906679745	0.0438450982200886
ATF6	0.333757960006527	-0.0226504283692138	0.998275906679745	-0.0226504283692138
ATRAID	0.334190645148941	-0.0752390041648827	0.998275906679745	-0.0752390041648827
ZNF775	0.33425398193349	0.0540513398265181	0.998275906679745	0.0540513398265181
ELP6	0.334296249135648	0.0592770190786977	0.998275906679745	0.0592770190786977
ZNF569	0.334307137282652	0.0405314494794939	0.998275906679745	0.0405314494794939
MAN2A1	0.334348053367312	0.0157472570827357	0.998275906679745	0.0157472570827357
THUMPD1	0.334901020569736	0.0382016451002686	0.998275906679745	0.0382016451002686
BCDIN3D	0.334958362896997	-0.0775738192945652	0.998275906679745	-0.0775738192945652
LGALS3BP	0.334959281277945	-0.0648502125681979	0.998275906679745	-0.0648502125681979
AC036176.1	0.335028801044045	-0.0653089090014517	0.998275906679745	-0.0653089090014517
THBS4	0.335048030927242	0.0450954430491603	0.998275906679745	0.0450954430491603
ENOSF1	0.335091974425727	0.0331759708415943	0.998275906679745	0.0331759708415943
PWRN1	0.335460007007622	-0.0600070358580695	0.998275906679745	-0.0600070358580695
DUSP1	0.335527049837114	-0.0934444680297827	0.998275906679745	-0.0934444680297827
RSKR	0.335528887207474	-0.0726305092395579	0.998275906679745	-0.0726305092395579
RPL13	0.335583591588043	0.0447121878847802	0.998275906679745	0.0447121878847802
EIF2AK3	0.335681851720535	0.0419784618741037	0.998275906679745	0.0419784618741037
RIOK2	0.335695247133558	0.0691693646956085	0.998275906679745	0.0691693646956085
EMD	0.33574890934118	-0.0666785725220296	0.998275906679745	-0.0666785725220296
SCMH1	0.335909901101163	-0.0354048536480854	0.998275906679745	-0.0354048536480854
TRAM1	0.335955030860298	0.0410369759422496	0.998275906679745	0.0410369759422496
ENOX2	0.335987624114226	-0.027176385581758	0.998275906679745	-0.027176385581758
LCNL1	0.336282387084535	-0.0567833885855233	0.998275906679745	-0.0567833885855233
GNAI3	0.336289967801686	0.0415175614249999	0.998275906679745	0.0415175614249999
CLSTN2	0.336393573780496	0.101907594850228	0.998275906679745	0.101907594850228
ZNF844	0.336517141689308	0.0706883422824856	0.998275906679745	0.0706883422824856
BTAF1	0.336523381509881	-0.0287714269619512	0.998275906679745	-0.0287714269619512
TPP1	0.336580989331829	0.0538734472266744	0.998275906679745	0.0538734472266744
TTC1	0.33669967141639	-0.0366809750136625	0.998275906679745	-0.0366809750136625
C2orf88	0.336812309401063	0.0472313285889517	0.998275906679745	0.0472313285889517
PHLDA3	0.336839895181988	0.0396207957103044	0.998275906679745	0.0396207957103044
DDX49	0.336856583867427	0.0549613177528784	0.998275906679745	0.0549613177528784
DOCK2	0.336926615047399	-0.0983160685107742	0.998275906679745	-0.0983160685107742
ZNF483	0.337265913888294	-0.0393202162009634	0.998275906679745	-0.0393202162009634
IDH1	0.337319828294332	0.0475859517110331	0.998275906679745	0.0475859517110331
CTNNBL1	0.337329999723084	-0.0319712514949275	0.998275906679745	-0.0319712514949275
LARGE1	0.337528806405734	-0.0306347429322146	0.998275906679745	-0.0306347429322146
PISD	0.337585776259506	0.0452804892387715	0.998275906679745	0.0452804892387715
SLC25A29	0.337779936389409	-0.034341665330329	0.998275906679745	-0.034341665330329
FAM215B	0.337810560790572	-0.0910511520673587	0.998275906679745	-0.0910511520673587
PPM1K-DT	0.338031622897988	-0.0904338338298755	0.998275906679745	-0.0904338338298755
CLIP2	0.338040422624489	0.0235340501525414	0.998275906679745	0.0235340501525414
DNAAF2	0.338079479682258	0.0751708666781417	0.998275906679745	0.0751708666781417
FAM126B	0.338103344206579	0.0315512136473478	0.998275906679745	0.0315512136473478
UBE2D2	0.338194102607921	0.0249519296462266	0.998275906679745	0.0249519296462266
GRK4	0.338261233473636	-0.0325208769517368	0.998275906679745	-0.0325208769517368
AC068587.4	0.338283120065228	0.105600103997846	0.998275906679745	0.105600103997846
FANCM	0.338474280644565	0.0546572855981049	0.998275906679745	0.0546572855981049
RPS6	0.338555835490809	0.0584656205733855	0.998275906679745	0.0584656205733855
ELAC2	0.338564847365805	0.0548283280417306	0.998275906679745	0.0548283280417306
HSPA14-1	0.338635606276463	0.0661204013878934	0.998275906679745	0.0661204013878934
TTC21B	0.338675917658282	-0.030164710493954	0.998275906679745	-0.030164710493954
MAGOHB	0.338698149539981	0.0833131143102115	0.998275906679745	0.0833131143102115
LINC00461	0.338752651533275	0.0327564712526417	0.998275906679745	0.0327564712526417
AFMID	0.338765651546309	0.0288422944006618	0.998275906679745	0.0288422944006618
SOX12	0.338807729756709	0.0443542660553361	0.998275906679745	0.0443542660553361
SIAH2	0.339095260770563	-0.0566275724230182	0.998275906679745	-0.0566275724230182
LRRC8C	0.339231018310263	0.0332583888470402	0.998275906679745	0.0332583888470402
CALML4	0.339258061801383	0.064635090033957	0.998275906679745	0.064635090033957
ZFP28	0.339289078759407	0.0640492553070613	0.998275906679745	0.0640492553070613
GTF3C3	0.339336360396959	-0.0420324023483763	0.998275906679745	-0.0420324023483763
OSGEPL1	0.339434026186742	-0.0596985207449455	0.998275906679745	-0.0596985207449455
PAK5	0.339571214706284	0.0750200878662888	0.998275906679745	0.0750200878662888
CNIH1	0.339577495646537	0.0596949655736422	0.998275906679745	0.0596949655736422
EML1	0.33958272607435	0.0418803020414914	0.998275906679745	0.0418803020414914
KBTBD3	0.33966807614881	0.0381393483642318	0.998275906679745	0.0381393483642318
EPHA4	0.339691754847018	-0.11241384897932	0.998275906679745	-0.11241384897932
C4orf48	0.340067338450085	0.053101373526731	0.998348049698482	0.053101373526731
FRY	0.340129611754043	0.0472844770581387	0.998348049698482	0.0472844770581387
BRWD3	0.340197312308551	0.031369480685857	0.998348049698482	0.031369480685857
PSMD5	0.340316145652864	0.034352060703515	0.998348049698482	0.034352060703515
ZNF700	0.340322176256567	0.0465821314176268	0.998348049698482	0.0465821314176268
LINC01376	0.340403460538761	0.0550931404169265	0.998348049698482	0.0550931404169265
SYS1	0.34059532813645	0.0727781627811473	0.998348049698482	0.0727781627811473
FMN1	0.340936386785006	-0.126363561803353	0.998348049698482	-0.126363561803353
GGA3	0.341060305960927	0.0402255548330729	0.998348049698482	0.0402255548330729
FECH	0.341199655595953	0.0301597077913894	0.998348049698482	0.0301597077913894
C1orf52	0.34144778474046	-0.0387346471727817	0.998348049698482	-0.0387346471727817
VASH1-AS1	0.34146458127814	0.0742015624721682	0.998348049698482	0.0742015624721682
TMEM202-AS1	0.341558499469267	0.0454380141351099	0.998348049698482	0.0454380141351099
PHF2	0.342010694969807	0.0376051560048616	0.998348049698482	0.0376051560048616
AL035071.1	0.342083914920613	-0.0797987345950066	0.998348049698482	-0.0797987345950066
PPP2CA	0.342113302548366	0.0382050375259759	0.998348049698482	0.0382050375259759
HSD17B4	0.342163657540146	0.0265956708608626	0.998348049698482	0.0265956708608626
SLC26A2	0.342271869037051	0.0652593224018053	0.998348049698482	0.0652593224018053
GSTK1	0.342327032731419	-0.062095010144959	0.998348049698482	-0.062095010144959
DESI1	0.342332090489839	-0.0492421228900206	0.998348049698482	-0.0492421228900206
CFAP97	0.342378813622004	0.0378322275803764	0.998348049698482	0.0378322275803764
GNAZ	0.342755194893737	0.0441977156581553	0.998348049698482	0.0441977156581553
OXSR1	0.342947331573033	-0.0343032753267386	0.998348049698482	-0.0343032753267386
TRMT1	0.343087146021656	0.0488723777413455	0.998348049698482	0.0488723777413455
ZBTB20	0.343106438278571	0.0121924325858269	0.998348049698482	0.0121924325858269
AL139106.1	0.343271640891361	0.0484820993124164	0.998348049698482	0.0484820993124164
CLN8	0.343313495327938	-0.0325228286006579	0.998348049698482	-0.0325228286006579
STOML1	0.3433136510893	-0.0831301131413407	0.998348049698482	-0.0831301131413407
SIKE1	0.343353886595002	0.0565264569020068	0.998348049698482	0.0565264569020068
CACNA2D3	0.343547825284988	0.0903496057528443	0.998348049698482	0.0903496057528443
RGS5	0.34355175909803	-0.0824460808200564	0.998348049698482	-0.0824460808200564
LRP6	0.343578532227228	-0.0238474122739354	0.998348049698482	-0.0238474122739354
DNAJC30	0.343644876490405	0.0726152536527316	0.998348049698482	0.0726152536527316
AC097376.3	0.343650688350498	-0.0258539660339693	0.998348049698482	-0.0258539660339693
GEMIN8	0.343840178328209	-0.0422410588636054	0.998348049698482	-0.0422410588636054
CAPS	0.343866978349434	0.0444256425754064	0.998348049698482	0.0444256425754064
KTN1	0.34389610916019	-0.020489106301778	0.998348049698482	-0.020489106301778
HDAC1	0.343897623394874	0.0426641550969961	0.998348049698482	0.0426641550969961
AP4E1	0.343959914542885	0.0333530896259292	0.998348049698482	0.0333530896259292
ARL5A	0.343979000712795	0.0411563934965018	0.998348049698482	0.0411563934965018
ZNF205	0.344013477019052	-0.0615359196785898	0.998348049698482	-0.0615359196785898
UQCRQ	0.344104959241403	-0.101770902313761	0.998348049698482	-0.101770902313761
DXO	0.344294966210576	-0.086155100005784	0.998348049698482	-0.086155100005784
ZNF124	0.344494407725084	-0.0546003654627888	0.998348049698482	-0.0546003654627888
CERS6	0.344521619052995	0.115274974848618	0.998348049698482	0.115274974848618
FOXO1	0.344652813621292	-0.0247961457604358	0.998348049698482	-0.0247961457604358
ADD3	0.344732844377067	0.0151499986791588	0.998348049698482	0.0151499986791588
BCAS3	0.344908865220558	0.0180284449546991	0.998348049698482	0.0180284449546991
TMEM273	0.344927841989512	0.0546791707830539	0.998348049698482	0.0546791707830539
RPL30	0.34509470986064	0.0567274638044417	0.998348049698482	0.0567274638044417
ALG5	0.345098890400535	0.0436268528530755	0.998348049698482	0.0436268528530755
ZNF528-AS1	0.345117088369865	0.0333861008739776	0.998348049698482	0.0333861008739776
CERK	0.345496556166081	0.0644326383965467	0.998348049698482	0.0644326383965467
ATP6V0D1	0.34556787063804	-0.0445923090372962	0.998348049698482	-0.0445923090372962
CHKB	0.345615588612444	-0.0506215738739362	0.998348049698482	-0.0506215738739362
TMEM109	0.345755170744301	0.0699328297364114	0.998348049698482	0.0699328297364114
VLDLR	0.345766090479511	0.0431591946041485	0.998348049698482	0.0431591946041485
CNOT2	0.345882525947915	0.0201527305652761	0.998348049698482	0.0201527305652761
POLA2	0.345887298345857	0.0440640271099816	0.998348049698482	0.0440640271099816
KRI1	0.345931112488161	0.0375861870429686	0.998348049698482	0.0375861870429686
ECI1	0.346317040501341	-0.0490131623721366	0.998348049698482	-0.0490131623721366
SNHG10	0.346347808473799	0.0498673772146171	0.998348049698482	0.0498673772146171
B4GALT3	0.346353177595534	-0.098375262442875	0.998348049698482	-0.098375262442875
EXOC6	0.346382519186488	0.0302117679326115	0.998348049698482	0.0302117679326115
CCDC9B	0.346531004626542	0.0612798223333988	0.998348049698482	0.0612798223333988
NEK11	0.346690022360761	-0.0406818832442532	0.998348049698482	-0.0406818832442532
C19orf47	0.346719296540922	0.0677135731755762	0.998348049698482	0.0677135731755762
CASC2	0.346987417352838	-0.0654225308020239	0.998348049698482	-0.0654225308020239
CKAP4	0.347089328193456	-0.0976282189097571	0.998348049698482	-0.0976282189097571
CAB39L	0.347150925482584	0.0374233239783744	0.998348049698482	0.0374233239783744
AC100793.2	0.347331437443207	0.0529104351122312	0.998348049698482	0.0529104351122312
MDM4	0.347404908147968	0.0221739457190742	0.998348049698482	0.0221739457190742
GVQW3	0.347451715775528	0.0544106072520245	0.998348049698482	0.0544106072520245
GNPTG	0.347505919379365	0.0322124064561886	0.998348049698482	0.0322124064561886
ACVR1	0.34752065388555	-0.0472669054018386	0.998348049698482	-0.0472669054018386
CCHCR1	0.347540106360445	-0.08142832122545	0.998348049698482	-0.08142832122545
ACO2	0.347616128557447	-0.031217003864204	0.998348049698482	-0.031217003864204
NECAP2	0.347686797047067	0.0594654784563534	0.998348049698482	0.0594654784563534
SCAMP3	0.347705660553959	0.0436232485478648	0.998348049698482	0.0436232485478648
BET1L	0.347768309162726	0.0585339574645338	0.998348049698482	0.0585339574645338
OARD1	0.347940893518566	0.0349853101118419	0.998348049698482	0.0349853101118419
SAE1	0.34805471969218	0.0406986048695939	0.998348049698482	0.0406986048695939
TSHZ2	0.348189043687603	-0.101690084038073	0.998348049698482	-0.101690084038073
KLHDC2	0.348218810391912	0.0370822814336536	0.998348049698482	0.0370822814336536
SHLD1	0.348241792807427	-0.0349640791373142	0.998348049698482	-0.0349640791373142
NBDY	0.348314614573122	-0.0292153311066849	0.998348049698482	-0.0292153311066849
NCK1	0.348363452579163	0.0385291482471645	0.998348049698482	0.0385291482471645
NIPBL	0.348420758730757	-0.0149469927244417	0.998348049698482	-0.0149469927244417
LRRC8B	0.348438745945297	-0.0259328451007686	0.998348049698482	-0.0259328451007686
RBM28	0.348482264670277	-0.034075676291147	0.998348049698482	-0.034075676291147
SDCCAG8	0.348707716728862	-0.0170701729328655	0.998348049698482	-0.0170701729328655
ZNF330	0.348732702141623	-0.0636801165906057	0.998348049698482	-0.0636801165906057
IARS	0.349011432957448	-0.0318328414069463	0.998348049698482	-0.0318328414069463
UHRF1BP1L	0.349015325427421	0.0374176068306119	0.998348049698482	0.0374176068306119
CSPP1	0.349094530876355	-0.0240850666570155	0.998348049698482	-0.0240850666570155
URM1	0.349275730685392	-0.0424665416790632	0.998348049698482	-0.0424665416790632
RAP2A	0.349485939055778	0.0540359183605212	0.998348049698482	0.0540359183605212
BDH2	0.349557910263161	-0.0627718895865251	0.998348049698482	-0.0627718895865251
UBR4	0.349646529007713	-0.035169575822265	0.998348049698482	-0.035169575822265
CYBRD1	0.34976432350837	0.0416912305258495	0.998348049698482	0.0416912305258495
BOK-AS1	0.349837642159177	-0.0652351978879204	0.998348049698482	-0.0652351978879204
AL157400.3	0.350020395736194	-0.0535555283265588	0.998348049698482	-0.0535555283265588
TADA1	0.35004895556196	-0.0532752047508473	0.998348049698482	-0.0532752047508473
KIAA1549L	0.350301285472073	0.105774849633273	0.998348049698482	0.105774849633273
EIF5A	0.350466902181054	0.0730586411155291	0.998348049698482	0.0730586411155291
NOM1	0.350516149964471	0.0548163902195625	0.998348049698482	0.0548163902195625
FUBP3	0.350583369455547	0.0236754595151834	0.998348049698482	0.0236754595151834
TMEM265	0.350708913043721	0.0524544151260305	0.998348049698482	0.0524544151260305
SLC25A16	0.350730325559615	0.0343721141879707	0.998348049698482	0.0343721141879707
CREBL2	0.350758477435566	0.0401164612753307	0.998348049698482	0.0401164612753307
MED15	0.350798114286803	0.024978524928844	0.998348049698482	0.024978524928844
ZNF135	0.351078072142253	0.0333837566849545	0.998348049698482	0.0333837566849545
BANF1	0.351167652106698	-0.0814943234708631	0.998348049698482	-0.0814943234708631
PSMA7	0.351238567413356	-0.0452283717497243	0.998348049698482	-0.0452283717497243
ARL3	0.351311394691978	0.0443129788958901	0.998348049698482	0.0443129788958901
PSMA4	0.351479913288938	-0.0649745434234108	0.998348049698482	-0.0649745434234108
GAA	0.351772923616116	0.0423515864966919	0.998348049698482	0.0423515864966919
YPEL1	0.351778367867851	0.0611594193929594	0.998348049698482	0.0611594193929594
AC097532.3	0.351838077423146	-0.0746135296676332	0.998348049698482	-0.0746135296676332
PELI1	0.351982285619105	-0.0301852554251417	0.998348049698482	-0.0301852554251417
RCC1	0.352113234591592	-0.0701596412741563	0.998348049698482	-0.0701596412741563
EOGT	0.352117008480714	0.0631212319745877	0.998348049698482	0.0631212319745877
AGBL4	0.352423831973191	0.0924653681230047	0.998348049698482	0.0924653681230047
ARFGAP2	0.352470012357662	0.0365680133944195	0.998348049698482	0.0365680133944195
USP19	0.352503380407941	0.0931835121839796	0.998348049698482	0.0931835121839796
LINC01515	0.352504312314833	-0.146491336735037	0.998348049698482	-0.146491336735037
PIGT	0.352545194136306	0.0377984221942285	0.998348049698482	0.0377984221942285
RAB11FIP2	0.352777059831655	-0.0300685095424607	0.998348049698482	-0.0300685095424607
SUPT5H	0.352862283382864	0.0318086264028894	0.998348049698482	0.0318086264028894
FRRS1L	0.352913269254603	-0.0802205202697616	0.998348049698482	-0.0802205202697616
SLF1	0.352936922711391	-0.0702917249940901	0.998348049698482	-0.0702917249940901
JRK	0.353139379325526	0.0466867325316154	0.998348049698482	0.0466867325316154
EIF2B4	0.353201406570527	0.0476167913020617	0.998348049698482	0.0476167913020617
AC008667.1	0.353234997958581	-0.0689662011721887	0.998348049698482	-0.0689662011721887
TIMM8B	0.353327594494969	0.0784440335801052	0.998348049698482	0.0784440335801052
RAN	0.353450591572052	0.076440447902442	0.998348049698482	0.076440447902442
SPATC1L	0.353599538156891	0.0763382050092109	0.998348049698482	0.0763382050092109
DHX32	0.353599627047625	0.0320850122235775	0.998348049698482	0.0320850122235775
RASSF4	0.353670753338092	-0.0302851410964929	0.998348049698482	-0.0302851410964929
GPR155	0.353866584138578	0.0697528094656578	0.998348049698482	0.0697528094656578
PTPRN	0.353987507194605	0.109390134257507	0.998348049698482	0.109390134257507
TBC1D12	0.354129924792473	-0.0226586025073771	0.998348049698482	-0.0226586025073771
GPR37L1	0.354214638114681	-0.0576934892369115	0.998348049698482	-0.0576934892369115
CPLX1	0.354447441080319	-0.130031576673909	0.998348049698482	-0.130031576673909
CBWD5	0.354585205887186	-0.0608026055997526	0.998348049698482	-0.0608026055997526
COA4	0.354952603988597	0.0506654626824367	0.998348049698482	0.0506654626824367
ARL5B	0.355229126299798	0.0565837748479476	0.998348049698482	0.0565837748479476
UTP20	0.355243998484477	0.0316874115869831	0.998348049698482	0.0316874115869831
SLC49A4	0.355278114582308	-0.0557952073920176	0.998348049698482	-0.0557952073920176
WDR73	0.355361633766912	-0.0452758491824976	0.998348049698482	-0.0452758491824976
SAV1	0.355370544929076	-0.037848625774837	0.998348049698482	-0.037848625774837
ANKRD28	0.35537743631881	-0.0203384044909467	0.998348049698482	-0.0203384044909467
PKM	0.355461182355998	0.0815560428135672	0.998348049698482	0.0815560428135672
SOX2	0.355619177498387	0.0316241063011329	0.998348049698482	0.0316241063011329
AL162511.1	0.35570540212918	0.0451464158704776	0.998348049698482	0.0451464158704776
LSM10	0.35586659299816	-0.095589050925674	0.998348049698482	-0.095589050925674
DEPDC1B	0.35628083701311	-0.0813183079501952	0.998348049698482	-0.0813183079501952
LATS2	0.35642617989765	0.0504320863326284	0.998348049698482	0.0504320863326284
NDST1	0.356489458986754	-0.0284968226064496	0.998348049698482	-0.0284968226064496
MRPS35	0.35654490893438	-0.0384562915273967	0.998348049698482	-0.0384562915273967
HSP90AB1	0.356567003351731	0.0484353743011931	0.998348049698482	0.0484353743011931
AC004951.1	0.356602689356745	0.0405097816937976	0.998348049698482	0.0405097816937976
ZNF331	0.356617219470279	0.0337987734811838	0.998348049698482	0.0337987734811838
AKT1S1	0.356848061022138	0.0617768234052313	0.998348049698482	0.0617768234052313
LYST	0.356886592392468	0.0262714284796026	0.998348049698482	0.0262714284796026
FAM149B1	0.356906163097612	0.0424569029086992	0.998348049698482	0.0424569029086992
PLEKHM3	0.35697100627245	0.0267465822181839	0.998348049698482	0.0267465822181839
NSDHL	0.356990591009925	0.0704252082514243	0.998348049698482	0.0704252082514243
PGPEP1	0.357043630612629	-0.0714970003998258	0.998348049698482	-0.0714970003998258
AKAP7	0.357169844017201	0.0317720039867559	0.998348049698482	0.0317720039867559
AL442071.2	0.357245470418194	0.0598835293318392	0.998348049698482	0.0598835293318392
LRRC8A	0.357306664462362	0.042721224781676	0.998348049698482	0.042721224781676
MT-ND4	0.357343398495801	0.0321515583393898	0.998348049698482	0.0321515583393898
NMNAT2	0.35734547020657	0.0901666167609223	0.998348049698482	0.0901666167609223
ATP6AP2	0.35734573396382	-0.0542372359126132	0.998348049698482	-0.0542372359126132
CFTR	0.357474082482685	0.0729358273673984	0.998348049698482	0.0729358273673984
EPS15	0.357893188036512	0.0172969951148027	0.998348049698482	0.0172969951148027
RTTN	0.357982831103019	-0.0240590643924628	0.998348049698482	-0.0240590643924628
TMEM229A	0.358129856354929	-0.0739858607418687	0.998348049698482	-0.0739858607418687
NUP107	0.358167256772183	-0.0317919767586543	0.998348049698482	-0.0317919767586543
NUP88	0.358217811268687	0.0323548960932601	0.998348049698482	0.0323548960932601
LYPLA1	0.358410448937042	-0.0684120815538987	0.998348049698482	-0.0684120815538987
TUBB4A	0.35853352069246	-0.034708551488079	0.998348049698482	-0.034708551488079
TMEM189	0.358538558934917	0.033812711464416	0.998348049698482	0.033812711464416
GOLGB1	0.358637721032603	-0.0359496345276634	0.998348049698482	-0.0359496345276634
COQ9	0.358700194837137	-0.0488447942941731	0.998348049698482	-0.0488447942941731
LINGO2	0.358922443230201	0.0847484224488533	0.998348049698482	0.0847484224488533
CDRT4	0.359207284411936	-0.0331059819517494	0.998348049698482	-0.0331059819517494
WIPF1	0.359219904522129	0.0220643444740544	0.998348049698482	0.0220643444740544
TRAPPC9	0.359283987479371	-0.0209186890639789	0.998348049698482	-0.0209186890639789
STMN2	0.359334627591062	0.0947109634893276	0.998348049698482	0.0947109634893276
PGAP2	0.35935997613372	0.0419986260855706	0.998348049698482	0.0419986260855706
HEPN1	0.359492552735785	-0.0747187409261749	0.998348049698482	-0.0747187409261749
ITPKC	0.359909576041979	0.0636212890511605	0.998348049698482	0.0636212890511605
AL109615.4	0.359976599714509	0.0628507690012573	0.998348049698482	0.0628507690012573
ZBTB11	0.360068817313825	-0.0382327044677477	0.998348049698482	-0.0382327044677477
ATP13A1	0.360133817336595	-0.049444275047784	0.998348049698482	-0.049444275047784
IDS	0.360135014765318	-0.0475925735799447	0.998348049698482	-0.0475925735799447
GSR	0.360148231997524	0.0635567788570001	0.998348049698482	0.0635567788570001
DCC	0.360199206343175	-0.0516365643789174	0.998348049698482	-0.0516365643789174
POLR3F	0.360286536351132	0.0658879774342658	0.998348049698482	0.0658879774342658
RPS5	0.360339679613338	0.0603120148720178	0.998348049698482	0.0603120148720178
SGCE	0.36051310044818	-0.0279959993738286	0.998348049698482	-0.0279959993738286
TECPR1	0.360618777839004	-0.0399994595868767	0.998348049698482	-0.0399994595868767
C16orf46	0.360667646393957	0.0429045526365976	0.998348049698482	0.0429045526365976
LNPEP	0.360986977013113	0.023594574899197	0.998348049698482	0.023594574899197
XRCC4	0.36114478157779	-0.034788610385143	0.998348049698482	-0.034788610385143
CCDC30	0.361146345918676	0.0386547709997802	0.998348049698482	0.0386547709997802
CATSPER2	0.361287636165211	0.0432293599663641	0.998348049698482	0.0432293599663641
STRIP1	0.361310246826533	0.0427052352173352	0.998348049698482	0.0427052352173352
DNAJC4	0.36140157853613	0.0678808840330618	0.998348049698482	0.0678808840330618
CGGBP1	0.361524901750845	0.0321480496334226	0.998348049698482	0.0321480496334226
TUBGCP2	0.361740555317544	-0.0362782571753467	0.998348049698482	-0.0362782571753467
IK	0.362135275749968	0.0493540275582714	0.998348049698482	0.0493540275582714
GIT1	0.362434698950446	-0.0256575017051067	0.998348049698482	-0.0256575017051067
ELMSAN1	0.362461965978673	0.0277518464490333	0.998348049698482	0.0277518464490333
BTBD1	0.362593450107649	-0.0396819265274171	0.998348049698482	-0.0396819265274171
ZNF672	0.362742946342543	-0.0747753599873535	0.998348049698482	-0.0747753599873535
AC011346.1	0.362754867280239	0.0234096375666747	0.998348049698482	0.0234096375666747
FAM171B	0.362785993349902	0.0501498425418762	0.998348049698482	0.0501498425418762
SNAI3-AS1	0.362839047058065	0.0701098355965095	0.998348049698482	0.0701098355965095
VARS2	0.362864994680427	-0.0678678849830618	0.998348049698482	-0.0678678849830618
CCZ1B	0.362938721769073	0.0415177503143522	0.998348049698482	0.0415177503143522
VPS4B	0.363100155434024	0.0256041331063398	0.998348049698482	0.0256041331063398
OCLN	0.363119035486693	0.0645716515662382	0.998348049698482	0.0645716515662382
NPM1	0.363236511995842	-0.0474384443533941	0.998348049698482	-0.0474384443533941
TNFSF13B	0.363271488353895	-0.100712613340355	0.998348049698482	-0.100712613340355
DNAJC25	0.36328357764908	-0.0629240554342447	0.998348049698482	-0.0629240554342447
SRP68	0.363307981282645	-0.0523448314493052	0.998348049698482	-0.0523448314493052
AC092944.1	0.36332258362864	0.0592071970725539	0.998348049698482	0.0592071970725539
ABRAXAS2	0.363635393264185	0.0438050738435166	0.998348049698482	0.0438050738435166
DBNL	0.363771486948586	0.0406673575451551	0.998348049698482	0.0406673575451551
CDH4	0.36400050390081	-0.0697181722174594	0.998348049698482	-0.0697181722174594
CLYBL	0.364151741923507	0.0585391728664948	0.998348049698482	0.0585391728664948
MADD	0.364261590895841	0.0381037924125847	0.998348049698482	0.0381037924125847
SETDB2	0.364277199313545	-0.0451907355420158	0.998348049698482	-0.0451907355420158
PDK3	0.364291795748006	0.074444000526487	0.998348049698482	0.074444000526487
ABI2	0.364300249786611	0.0264232283030127	0.998348049698482	0.0264232283030127
UXT	0.364380740759503	0.0709591301169145	0.998348049698482	0.0709591301169145
POLR3B	0.364553288427049	0.0390702916059129	0.998348049698482	0.0390702916059129
HPF1	0.364635049671166	-0.0407355386035671	0.998348049698482	-0.0407355386035671
CRYGS	0.364754721087549	-0.0742323918498315	0.998348049698482	-0.0742323918498315
SLC35D1	0.364931760556377	0.0322986365628589	0.998348049698482	0.0322986365628589
EML4	0.364959128798646	0.0493543718514824	0.998348049698482	0.0493543718514824
CAPNS1	0.365162480498512	0.0531922055325958	0.998348049698482	0.0531922055325958
DNAJC15	0.365342933718588	0.0508747199832293	0.998348049698482	0.0508747199832293
CDH13	0.36546716483459	0.0489999185512281	0.998348049698482	0.0489999185512281
UNC79	0.365640421391575	0.0335892189938634	0.998348049698482	0.0335892189938634
ABCB9	0.365641667040789	0.0456449569325917	0.998348049698482	0.0456449569325917
COL18A1	0.365773158732311	-0.0716323116969681	0.998348049698482	-0.0716323116969681
SMNDC1	0.365816597911483	0.0565789932599465	0.998348049698482	0.0565789932599465
ZFP64	0.365880296924166	0.0343998221693804	0.998348049698482	0.0343998221693804
CPEB3	0.365897359703426	-0.0273709838108428	0.998348049698482	-0.0273709838108428
ZNF292	0.365927859119162	-0.017358898112603	0.998348049698482	-0.017358898112603
KLHL9	0.365952962328909	0.0463159722093849	0.998348049698482	0.0463159722093849
FBXO10	0.365954091794592	0.056174479445339	0.998348049698482	0.056174479445339
HPRT1	0.365967626258898	-0.0476730755378373	0.998348049698482	-0.0476730755378373
CDKN1B	0.366029966286085	0.0525105187801996	0.998348049698482	0.0525105187801996
GTF2A1	0.366130431584287	-0.0482362712495575	0.998348049698482	-0.0482362712495575
C2orf27A	0.366138173294253	-0.0702952406700662	0.998348049698482	-0.0702952406700662
SHC3	0.366158354085376	-0.113606347360169	0.998348049698482	-0.113606347360169
ZNHIT1	0.3662162071357	-0.0585516426933336	0.998348049698482	-0.0585516426933336
POLR2I	0.366220430635676	-0.0624411910964361	0.998348049698482	-0.0624411910964361
CKLF	0.366319636970121	-0.0392610021783001	0.998348049698482	-0.0392610021783001
GORASP1	0.366616186602158	0.0632199847873192	0.998348049698482	0.0632199847873192
CAP1	0.366635148663215	-0.0441210651006818	0.998348049698482	-0.0441210651006818
ZNF696	0.366648709278346	-0.0721118099417482	0.998348049698482	-0.0721118099417482
TTC32	0.366691768632762	0.0403595728345029	0.998348049698482	0.0403595728345029
IDH2	0.366699723927523	0.0318622188375567	0.998348049698482	0.0318622188375567
CHORDC1	0.366748780246206	-0.0452461280353137	0.998348049698482	-0.0452461280353137
MIER2	0.366802476494507	0.0497662674623409	0.998348049698482	0.0497662674623409
H6PD	0.366822713388632	-0.0436009102383049	0.998348049698482	-0.0436009102383049
HBEGF	0.366860743151096	0.0633906377417726	0.998348049698482	0.0633906377417726
NPC2	0.366932706548213	0.0649042412732144	0.998348049698482	0.0649042412732144
RUVBL1	0.366938005445879	0.0586362636287568	0.998348049698482	0.0586362636287568
MVK	0.366940959649652	-0.0374767123624108	0.998348049698482	-0.0374767123624108
BCL2L14	0.366946186364712	0.0897484041824732	0.998348049698482	0.0897484041824732
GALK1	0.367579582540977	0.0829975999896236	0.998348049698482	0.0829975999896236
ELP1	0.367587075538149	0.0351990860733055	0.998348049698482	0.0351990860733055
LINC00472	0.367691786785457	0.0546769037682341	0.998348049698482	0.0546769037682341
CCDC130	0.36769339867792	0.0309857326025743	0.998348049698482	0.0309857326025743
LACTB2	0.367956903430455	0.0561966852562122	0.998348049698482	0.0561966852562122
MAPK1	0.367961933998797	-0.0281229550531747	0.998348049698482	-0.0281229550531747
HMG20B	0.368119816624238	0.0466758955298698	0.998348049698482	0.0466758955298698
NDUFS2	0.36818166874235	-0.0303284955051626	0.998348049698482	-0.0303284955051626
CRLS1	0.368218563372644	0.0378448574648924	0.998348049698482	0.0378448574648924
MTCL1	0.368310734525949	-0.0605317101017355	0.998348049698482	-0.0605317101017355
ALKBH3	0.368357460662386	0.0401522722673638	0.998348049698482	0.0401522722673638
AC005037.1	0.368425125509502	-0.0545737229305903	0.998348049698482	-0.0545737229305903
ZNF559	0.368828934859093	0.0378859474029017	0.998348049698482	0.0378859474029017
WDR19	0.368932888890014	0.0480374714122322	0.998348049698482	0.0480374714122322
MTMR7	0.369085955361832	0.0249781121413827	0.998348049698482	0.0249781121413827
MAP3K7	0.369209232596264	0.028749415770673	0.998348049698482	0.028749415770673
FBH1	0.369231595054057	0.0318895087065439	0.998348049698482	0.0318895087065439
C10orf143	0.36924802450156	0.0573290881795771	0.998348049698482	0.0573290881795771
EXD3	0.369288744250055	0.0402500842793858	0.998348049698482	0.0402500842793858
KBTBD6	0.369312248722437	0.0469379133359828	0.998348049698482	0.0469379133359828
MARS	0.369634086520111	-0.0375927702815264	0.998348049698482	-0.0375927702815264
STX5	0.369932327179288	0.0327780981932278	0.998348049698482	0.0327780981932278
ZNF540	0.370106729247671	0.045765392150499	0.998348049698482	0.045765392150499
ARMC9	0.370217135096932	-0.120056657735435	0.998348049698482	-0.120056657735435
RTN3	0.370282071465894	-0.0293966515206865	0.998348049698482	-0.0293966515206865
CAMKV	0.370474565694342	0.135901262511896	0.998348049698482	0.135901262511896
POLR2C	0.370506046209912	-0.0731654071436176	0.998348049698482	-0.0731654071436176
ZFYVE28	0.370874310330779	-0.0467011032099317	0.998348049698482	-0.0467011032099317
ATRIP	0.37104082972416	0.0650344732937083	0.998348049698482	0.0650344732937083
VPS35L	0.37106479169189	0.0190739518056723	0.998348049698482	0.0190739518056723
UBA3	0.371221232319569	0.0264295952927909	0.998348049698482	0.0264295952927909
ARID1B	0.371476895667873	-0.0145940045565836	0.998348049698482	-0.0145940045565836
MTA3	0.371782079453181	-0.0322139993884101	0.998348049698482	-0.0322139993884101
KLF9	0.371862795998957	-0.037134207899765	0.998348049698482	-0.037134207899765
AL589669.1	0.371942964461175	-0.056512469337856	0.998348049698482	-0.056512469337856
ZNF322	0.372011281236748	-0.0458852412035426	0.998348049698482	-0.0458852412035426
KBTBD2	0.37202270843283	0.0441370748352132	0.998348049698482	0.0441370748352132
RAB4A	0.372023481145696	0.0360633356240313	0.998348049698482	0.0360633356240313
RNF217	0.37210699781949	0.0353695526917952	0.998348049698482	0.0353695526917952
SEC22C	0.372276895831334	0.0338546596480379	0.998348049698482	0.0338546596480379
LINC01322	0.372313131810928	0.0879972862968694	0.998348049698482	0.0879972862968694
CD47	0.372323739756963	0.0278457313721525	0.998348049698482	0.0278457313721525
PNPLA8	0.372417909995371	-0.0351154824770456	0.998348049698482	-0.0351154824770456
YPEL5	0.372560796992235	0.0526400919803731	0.998348049698482	0.0526400919803731
AC069228.1	0.372863113110152	0.0302719991766814	0.998348049698482	0.0302719991766814
EVI2A	0.373063935986747	-0.040489999640163	0.998348049698482	-0.040489999640163
MSH2	0.37320137793563	0.0295850413217231	0.998348049698482	0.0295850413217231
ERGIC2	0.373367870937966	0.0358141057074289	0.998348049698482	0.0358141057074289
AL050309.1	0.373593172258352	0.0358662198419906	0.998348049698482	0.0358662198419906
BTG3	0.373614116164666	-0.0609561121383971	0.998348049698482	-0.0609561121383971
TBCA	0.373656900214738	0.0242840616542629	0.998348049698482	0.0242840616542629
ALDH1A2	0.373729431542959	-0.0735699522545179	0.998348049698482	-0.0735699522545179
PPP1R16B	0.373732489769212	0.0187383357563833	0.998348049698482	0.0187383357563833
DLD	0.373785450829818	0.0499737718104444	0.998348049698482	0.0499737718104444
NUDT22	0.373789901748174	0.0643300023590214	0.998348049698482	0.0643300023590214
CLUAP1	0.373829799628988	0.0494665681700479	0.998348049698482	0.0494665681700479
CAMK2B	0.373942486895685	0.0963292820250963	0.998348049698482	0.0963292820250963
MCM8	0.37397414336302	0.0497656429489991	0.998348049698482	0.0497656429489991
C3orf20	0.373977378988498	-0.0586704656957372	0.998348049698482	-0.0586704656957372
ERCC5	0.374064571017825	-0.0349999946604646	0.998348049698482	-0.0349999946604646
LSAMP-AS1	0.37409483291495	0.176466497570399	0.998348049698482	0.176466497570399
GCNA	0.374167839392236	-0.0559167528803855	0.998348049698482	-0.0559167528803855
RNF139	0.374228203906943	0.0545004595957738	0.998348049698482	0.0545004595957738
LINC01588	0.374328754770641	-0.0668917276861106	0.998348049698482	-0.0668917276861106
ZDHHC5	0.374359884645455	-0.0428264762105463	0.998348049698482	-0.0428264762105463
SLC2A4RG	0.37451119120939	0.0556351105120763	0.998348049698482	0.0556351105120763
ADARB2-AS1	0.374560949686561	0.0865617683021739	0.998348049698482	0.0865617683021739
KCNK1	0.374808586023086	0.0405498323287964	0.998348049698482	0.0405498323287964
NR2C2	0.374896019849525	0.0215476888327055	0.998348049698482	0.0215476888327055
RHOU	0.375176419801587	-0.0232948664920498	0.998348049698482	-0.0232948664920498
VPS18	0.375270216199997	0.0701025973206055	0.998348049698482	0.0701025973206055
G2E3	0.375274675616906	0.0363116381380773	0.998348049698482	0.0363116381380773
NCBP2	0.375284649420549	0.0780525118307238	0.998348049698482	0.0780525118307238
UST	0.375348833141979	0.0780593659158411	0.998348049698482	0.0780593659158411
SETD7	0.375364454075681	-0.0406365688424993	0.998348049698482	-0.0406365688424993
CAB39	0.37548343603067	-0.0253225211775764	0.998348049698482	-0.0253225211775764
COMMD10	0.375656381576241	-0.0233756311767578	0.998348049698482	-0.0233756311767578
CHSY1	0.375656461600143	-0.0375706015005865	0.998348049698482	-0.0375706015005865
RBFOX1	0.375697035982769	0.0717804564508987	0.998348049698482	0.0717804564508987
ST3GAL4	0.375711221561408	-0.0296553991225355	0.998348049698482	-0.0296553991225355
PEG10	0.375802234958904	-0.0746428329334741	0.998348049698482	-0.0746428329334741
AFF4	0.376125051421502	0.0218961755788531	0.998348049698482	0.0218961755788531
SLC2A12	0.37618569053545	0.0491946471937316	0.998348049698482	0.0491946471937316
NFATC2IP	0.376575562403249	-0.0280446210321733	0.998348049698482	-0.0280446210321733
DARS2	0.376742940987936	-0.0709449894111743	0.998348049698482	-0.0709449894111743
CCNG2	0.376768585633076	0.0562273452954824	0.998348049698482	0.0562273452954824
NLGN4Y	0.376921681138677	0.0385642701796994	0.998348049698482	0.0385642701796994
LINC00672	0.376962201046514	-0.0786826949358242	0.998348049698482	-0.0786826949358242
GPATCH2L	0.37706879408942	-0.0240082786308789	0.998348049698482	-0.0240082786308789
SWAP70	0.377232646796126	-0.0392280474636591	0.998348049698482	-0.0392280474636591
COX14	0.377336841670628	0.0762149466781787	0.998348049698482	0.0762149466781787
DERA	0.377353540996384	-0.0490739232262034	0.998348049698482	-0.0490739232262034
APCDD1	0.377614201693437	0.0377075566109921	0.998348049698482	0.0377075566109921
JPT2	0.37767340039378	-0.0486027271917186	0.998348049698482	-0.0486027271917186
HHIP	0.377697459528245	0.0182814557666057	0.998348049698482	0.0182814557666057
MGST3	0.377701472084635	0.0381034476628936	0.998348049698482	0.0381034476628936
XRCC6	0.37772055015127	0.0355309706084007	0.998348049698482	0.0355309706084007
MTHFD1L	0.377987970659601	-0.0702255263954437	0.998348049698482	-0.0702255263954437
DNAJC2	0.378111150243224	0.0374345253621113	0.998348049698482	0.0374345253621113
CASC15	0.378113508024608	0.100321219160786	0.998348049698482	0.100321219160786
ZNF507	0.378123540708477	-0.0287245044705851	0.998348049698482	-0.0287245044705851
BIN1	0.378173494270356	0.0140138252523032	0.998348049698482	0.0140138252523032
TRMT11	0.378175206143082	0.0279756252494758	0.998348049698482	0.0279756252494758
TRMU	0.378194423355339	0.0323516463726032	0.998348049698482	0.0323516463726032
SFTPC	0.378425871964187	0.0545559477391995	0.998348049698482	0.0545559477391995
SRGAP2C	0.378972730009597	0.036966853668692	0.998348049698482	0.036966853668692
AGPAT5	0.378992003438032	0.0367517079857166	0.998348049698482	0.0367517079857166
PKN2	0.378997067144609	0.0187741139833093	0.998348049698482	0.0187741139833093
APOOL	0.379069241723908	-0.0463873611151084	0.998348049698482	-0.0463873611151084
KMT2D	0.379087649003223	-0.0322104185050217	0.998348049698482	-0.0322104185050217
AC092802.1	0.379151021665223	0.0624366339556857	0.998348049698482	0.0624366339556857
SET	0.379182041450265	-0.0458814140903943	0.998348049698482	-0.0458814140903943
ZNF41	0.379266388901048	-0.0488263586049624	0.998348049698482	-0.0488263586049624
EARS2	0.379327779068832	-0.0561287027027533	0.998348049698482	-0.0561287027027533
ATP6V0A2	0.379418761380387	0.0439508738583843	0.998348049698482	0.0439508738583843
IFFO2	0.379615693933867	-0.0484738416197567	0.998348049698482	-0.0484738416197567
YAF2	0.379615746220111	-0.0299874524972446	0.998348049698482	-0.0299874524972446
DNAJC5	0.379652185963591	0.0273117046664677	0.998348049698482	0.0273117046664677
TBC1D8	0.379768809030221	-0.03922426525173	0.998348049698482	-0.03922426525173
HIBADH	0.379800046020708	0.02502788162339	0.998348049698482	0.02502788162339
STK25	0.379833408427	-0.0379290412882836	0.998348049698482	-0.0379290412882836
ALG1	0.379888230147753	-0.0486084318048262	0.998348049698482	-0.0486084318048262
AC119403.1	0.379914771723967	0.068403255612586	0.998348049698482	0.068403255612586
PTPRJ	0.380158985473724	0.0182328632135219	0.998348049698482	0.0182328632135219
SPAG7	0.380229079542583	0.0536887089987771	0.998348049698482	0.0536887089987771
ZRANB2-AS2	0.380259499635183	-0.0377739873079665	0.998348049698482	-0.0377739873079665
LINC00886	0.380300764651623	-0.0677005427535067	0.998348049698482	-0.0677005427535067
NUCB1	0.380341887388903	0.0413204700051836	0.998348049698482	0.0413204700051836
TGS1	0.380707132713645	-0.0317966615379497	0.998348049698482	-0.0317966615379497
HCFC1	0.380736857041591	-0.0539231152753541	0.998348049698482	-0.0539231152753541
LZTS2	0.38089196485917	0.0329333747728983	0.998348049698482	0.0329333747728983
KCTD16	0.380944131861842	0.0889368360886111	0.998348049698482	0.0889368360886111
HDHD5-AS1	0.381060725902799	0.0480650494386468	0.998348049698482	0.0480650494386468
CCDC142	0.381234921699562	-0.0600307482424987	0.998348049698482	-0.0600307482424987
TXNDC5	0.381455160211495	0.0417544291087337	0.998348049698482	0.0417544291087337
GTF2IRD1	0.381482688372028	-0.0451202998640891	0.998348049698482	-0.0451202998640891
ZDHHC20	0.38153491184322	0.0229197616277517	0.998348049698482	0.0229197616277517
DHX29	0.381610444590673	-0.0290365740813766	0.998348049698482	-0.0290365740813766
ARMCX1	0.381816648259288	-0.0741187414862249	0.998348049698482	-0.0741187414862249
ZNF710	0.381818067236108	0.0347712744862085	0.998348049698482	0.0347712744862085
AQR	0.382090899948468	0.0276234504409834	0.998348049698482	0.0276234504409834
SPESP1	0.382130884674561	0.0385851745424644	0.998348049698482	0.0385851745424644
JKAMP	0.382151538393568	0.052017792369127	0.998348049698482	0.052017792369127
NR2F6	0.382248803570832	0.0665340472458126	0.998348049698482	0.0665340472458126
ISG20	0.382373684750002	0.0589558971717137	0.998348049698482	0.0589558971717137
TMEM65	0.382438864088443	-0.0387578382808216	0.998348049698482	-0.0387578382808216
ASL	0.382462227524027	-0.0459532321657143	0.998348049698482	-0.0459532321657143
RPS6KA1	0.382503019941871	0.0426770994969148	0.998348049698482	0.0426770994969148
ORMDL3	0.3825619568946	0.0957709021573938	0.998348049698482	0.0957709021573938
DLEU2	0.382619340553644	0.0164360858053645	0.998348049698482	0.0164360858053645
PAIP1	0.382687172017086	-0.0481970720436993	0.998348049698482	-0.0481970720436993
ABCA1	0.382888369618959	0.0456318952956061	0.998348049698482	0.0456318952956061
SSB	0.38296210547426	0.0494043602736153	0.998348049698482	0.0494043602736153
XRRA1	0.3830408125148	-0.0323366986563127	0.998348049698482	-0.0323366986563127
AC100801.1	0.38308682273219	0.0629470554863354	0.998348049698482	0.0629470554863354
DMAC2L	0.383289562435405	0.0371820285087927	0.998348049698482	0.0371820285087927
MTG1	0.38330335914509	-0.0277030374702413	0.998348049698482	-0.0277030374702413
AC087500.1	0.383321003730825	0.04026426798279	0.998348049698482	0.04026426798279
LINC00571	0.383404518860918	0.0601623994119048	0.998348049698482	0.0601623994119048
TTC8	0.383430498753626	0.0833884382453879	0.998348049698482	0.0833884382453879
P2RX7	0.383471057453375	-0.0170518269840517	0.998348049698482	-0.0170518269840517
PGS1	0.383527930961943	0.0319217887043186	0.998348049698482	0.0319217887043186
SLC25A37	0.383654178878449	-0.0351992546671635	0.998348049698482	-0.0351992546671635
QTRT1	0.383669703753826	0.0337902154169608	0.998348049698482	0.0337902154169608
MED19	0.383820386525099	0.0752466424195313	0.998348049698482	0.0752466424195313
PFDN1	0.383849044604486	0.0374328836526445	0.998348049698482	0.0374328836526445
SDHB	0.383980042299497	-0.0290962716046756	0.998348049698482	-0.0290962716046756
PDCD6	0.384031814909954	-0.0268140431468607	0.998348049698482	-0.0268140431468607
TRIQK	0.384102220554058	0.0374899323552015	0.998348049698482	0.0374899323552015
LDLRAD3	0.384157376066172	-0.0361636826709393	0.998348049698482	-0.0361636826709393
PHRF1	0.384167615139876	-0.0408516678693819	0.998348049698482	-0.0408516678693819
WDR4	0.384183661393431	0.0522701020231918	0.998348049698482	0.0522701020231918
GLIPR1L2	0.384318068397954	0.0453122253561209	0.998348049698482	0.0453122253561209
MRPS9	0.38431895889689	0.0279983874215657	0.998348049698482	0.0279983874215657
ZNF827	0.384365360875915	0.022721304095244	0.998348049698482	0.022721304095244
SH3GL1	0.384388044568624	0.040257384554527	0.998348049698482	0.040257384554527
SH2B3	0.384391647460442	-0.0699269857899427	0.998348049698482	-0.0699269857899427
CXXC4	0.384477796820329	0.0411535528098998	0.998348049698482	0.0411535528098998
GRK6	0.384502154009432	0.0638240640999379	0.998348049698482	0.0638240640999379
WIPF2	0.384575845895239	-0.025101917219025	0.998348049698482	-0.025101917219025
OPTN	0.384719041304043	-0.0483867890712094	0.998348049698482	-0.0483867890712094
DHRS4L2	0.384745980961516	0.0831471290467384	0.998348049698482	0.0831471290467384
CCDC82	0.384816912457983	0.0277126486813273	0.998348049698482	0.0277126486813273
ARSA	0.3849570979665	0.0535494666424092	0.998348049698482	0.0535494666424092
BTG1	0.38514544016454	-0.0616922248029423	0.998348049698482	-0.0616922248029423
RPAP1	0.385145484964261	0.0451488733693245	0.998348049698482	0.0451488733693245
DRAM2	0.385168983101172	-0.0402075726475372	0.998348049698482	-0.0402075726475372
LY6H	0.385225274049152	0.108557689070954	0.998348049698482	0.108557689070954
TCEAL8	0.385225549919448	0.0880484487877488	0.998348049698482	0.0880484487877488
ERGIC1	0.385327642834999	-0.0280423883530733	0.998348049698482	-0.0280423883530733
SMAP1	0.385334648215123	-0.0350891107638521	0.998348049698482	-0.0350891107638521
MTLN	0.385401058353155	-0.104225510442218	0.998348049698482	-0.104225510442218
PLEC	0.385523299237478	-0.117031244122795	0.998348049698482	-0.117031244122795
KIAA1324	0.385794145795963	-0.051070249670336	0.998348049698482	-0.051070249670336
RPS19BP1	0.385948141985251	-0.0623370589887334	0.998348049698482	-0.0623370589887334
ARHGEF7	0.385973708252709	-0.0165865605467863	0.998348049698482	-0.0165865605467863
PIK3C2A	0.386024716388149	-0.0282417841713933	0.998348049698482	-0.0282417841713933
CNPY2	0.386260001529897	-0.0391361535845406	0.998348049698482	-0.0391361535845406
FRYL	0.386287429926975	-0.0126095537486754	0.998348049698482	-0.0126095537486754
GALNS	0.386349278390404	0.0468765839699869	0.998348049698482	0.0468765839699869
NRXN3	0.386447220810329	0.0182761282523317	0.998348049698482	0.0182761282523317
DDX23	0.386500884464254	0.0489875153467098	0.998348049698482	0.0489875153467098
MCM3AP	0.386524618416557	-0.0345567340417499	0.998348049698482	-0.0345567340417499
SCARA3	0.38655020991975	-0.0775366703275544	0.998348049698482	-0.0775366703275544
SMARCD2	0.386565934215547	0.0386330765831596	0.998348049698482	0.0386330765831596
GET3	0.387027399817969	0.0745940827615789	0.998348049698482	0.0745940827615789
BHLHE41	0.387034448755375	0.0368896790565297	0.998348049698482	0.0368896790565297
LMF2	0.387170010042965	0.0556090712591738	0.998348049698482	0.0556090712591738
ZDHHC13	0.387177986542366	0.0419844752817406	0.998348049698482	0.0419844752817406
PPCDC	0.387189204952765	0.0294135798976965	0.998348049698482	0.0294135798976965
CINP	0.387594119915971	-0.0316400001732577	0.998348049698482	-0.0316400001732577
UBL3	0.387685894989537	-0.0181412345863367	0.998348049698482	-0.0181412345863367
PLD6	0.38783254033559	-0.0672099979273115	0.998348049698482	-0.0672099979273115
UPF3A	0.388111228896559	-0.0231735225578773	0.998348049698482	-0.0231735225578773
METTL22	0.388263543529859	-0.053677272052551	0.998348049698482	-0.053677272052551
ZNF7	0.388296356597249	0.052469980594289	0.998348049698482	0.052469980594289
MSH3	0.388403970070714	0.0242839831876015	0.998348049698482	0.0242839831876015
THYN1	0.388449868670602	0.084789733518574	0.998348049698482	0.084789733518574
PPP5D1	0.388459898976657	0.0518018821420041	0.998348049698482	0.0518018821420041
SEMA3B	0.388519885726184	-0.0257644780877115	0.998348049698482	-0.0257644780877115
PHC3	0.388700948322294	-0.0196819328959724	0.998348049698482	-0.0196819328959724
BVES	0.388739853894309	-0.0541417730758494	0.998348049698482	-0.0541417730758494
SMYD4	0.388874627322433	0.04556330937398	0.998348049698482	0.04556330937398
TACC1	0.389050637639247	0.0156295523196912	0.998348049698482	0.0156295523196912
ATP6V0C	0.389060352392922	0.0567558156161868	0.998348049698482	0.0567558156161868
NT5DC1	0.389089855841521	0.0190654334893032	0.998348049698482	0.0190654334893032
AP5M1	0.389215975728337	0.0459158280955915	0.998348049698482	0.0459158280955915
LAMTOR1	0.389216462130618	0.0518958446523303	0.998348049698482	0.0518958446523303
NCKAP5L	0.389363649993951	0.0364132530834036	0.998348049698482	0.0364132530834036
ELL	0.389378610637029	0.0461871809069604	0.998348049698482	0.0461871809069604
AC108721.2	0.38943018217514	0.0287149564094434	0.998348049698482	0.0287149564094434
ODF2L	0.389463234303752	0.0354926049554927	0.998348049698482	0.0354926049554927
MCPH1	0.389486818068811	-0.0222968510963457	0.998348049698482	-0.0222968510963457
UBE2G2	0.389799504210693	-0.030219836723673	0.998348049698482	-0.030219836723673
NHLRC3	0.389818061081899	-0.030065659095311	0.998348049698482	-0.030065659095311
NARS	0.389888979774537	-0.0531550711858185	0.998348049698482	-0.0531550711858185
ZFP1	0.389899203180868	0.0586998254419565	0.998348049698482	0.0586998254419565
PACS2	0.389909143220851	-0.0186467767434747	0.998348049698482	-0.0186467767434747
SLC36A4	0.389925997277719	-0.0281876065564795	0.998348049698482	-0.0281876065564795
TMEM108	0.390093456540342	0.0770190652299294	0.998348049698482	0.0770190652299294
SCNM1	0.390143864804674	-0.0634709076638623	0.998348049698482	-0.0634709076638623
PLRG1	0.390215004905122	0.0476467902818085	0.998348049698482	0.0476467902818085
C10orf90	0.390265421672701	-0.0137104774386423	0.998348049698482	-0.0137104774386423
CRTC3	0.390269997661754	-0.020770812485536	0.998348049698482	-0.020770812485536
NR6A1	0.390432407446362	0.0268774339539296	0.998348049698482	0.0268774339539296
METTL2B	0.390673351533381	0.0417949657694709	0.998348049698482	0.0417949657694709
LCORL	0.39072006366288	-0.0228024832035138	0.998348049698482	-0.0228024832035138
SNAPC5	0.390723228500736	-0.0735742580864072	0.998348049698482	-0.0735742580864072
PPIG	0.390724009471474	0.0201401712752308	0.998348049698482	0.0201401712752308
RGS3	0.390871448123	0.0329596356628553	0.998348049698482	0.0329596356628553
ABR	0.390963648555444	0.0745190131584125	0.998348049698482	0.0745190131584125
PGM2L1	0.39113477742211	-0.116643211059208	0.998348049698482	-0.116643211059208
TUBA1B	0.391180732566687	-0.0647839070534641	0.998348049698482	-0.0647839070534641
UBA6	0.391280541325265	0.0253214044111085	0.998348049698482	0.0253214044111085
PEF1	0.391569852471809	-0.0527793544567468	0.998348049698482	-0.0527793544567468
C2orf72	0.39169185142161	0.040205271907547	0.998348049698482	0.040205271907547
TRIOBP	0.391841860661018	0.0388671077151672	0.998348049698482	0.0388671077151672
AL049840.5	0.391878435630183	0.0574655343720766	0.998348049698482	0.0574655343720766
MAGI2	0.391997401434764	0.00966877278062531	0.998348049698482	0.00966877278062531
TRAFD1	0.392032820274047	-0.0374284694375884	0.998348049698482	-0.0374284694375884
PKNOX2	0.392036392090643	-0.0957179999815886	0.998348049698482	-0.0957179999815886
CSNK2A2	0.392079076973412	0.0359162995876682	0.998348049698482	0.0359162995876682
SLC36A1	0.392171402197471	-0.0528037117354917	0.998348049698482	-0.0528037117354917
AL133243.3	0.39217147856531	0.0728201674788388	0.998348049698482	0.0728201674788388
PHF20	0.392260945469989	-0.0219769278493917	0.998348049698482	-0.0219769278493917
AC107204.1	0.392265681682796	-0.0632323881183498	0.998348049698482	-0.0632323881183498
UNC5B	0.392425840359222	-0.0261321888528491	0.998348049698482	-0.0261321888528491
LAMTOR2	0.3924298584747	0.0727131089044795	0.998348049698482	0.0727131089044795
HLCS	0.392505323927464	0.0254244085341277	0.998348049698482	0.0254244085341277
KHDRBS1	0.392525804296846	0.0208893976953794	0.998348049698482	0.0208893976953794
ERI1	0.392757043631482	0.0386256073702048	0.998348049698482	0.0386256073702048
LGMN	0.39298108972224	-0.0455822688254974	0.998348049698482	-0.0455822688254974
PROSER1	0.392983486365646	0.0466740091275002	0.998348049698482	0.0466740091275002
VWA8	0.392985588368275	0.0243605307821656	0.998348049698482	0.0243605307821656
TTPAL	0.393104806567964	-0.0677913036505641	0.998348049698482	-0.0677913036505641
MACROD2	0.393122352252335	-0.0513575384470879	0.998348049698482	-0.0513575384470879
TOLLIP	0.393431278537287	0.0599892452353981	0.998348049698482	0.0599892452353981
DAG1	0.393462480980248	-0.0466873177857593	0.998348049698482	-0.0466873177857593
TMEM121	0.393582101895142	0.0620530533665207	0.998348049698482	0.0620530533665207
KMT2E	0.393763533442638	0.0126356972049182	0.998348049698482	0.0126356972049182
CUX1	0.393856816372395	-0.018220382434402	0.998348049698482	-0.018220382434402
POM121C	0.394019918036683	0.0254153123246751	0.998348049698482	0.0254153123246751
MTMR12	0.394058020757221	0.0366506512268572	0.998348049698482	0.0366506512268572
BCL2L1	0.394220208249688	-0.02329924491336	0.998348049698482	-0.02329924491336
MRE11	0.394340743842782	-0.0386217851298003	0.998348049698482	-0.0386217851298003
TPGS1	0.394391228738071	-0.0426136226994318	0.998348049698482	-0.0426136226994318
KCNJ10	0.3944356338606	0.0296799103000374	0.998348049698482	0.0296799103000374
TBC1D13	0.394438883284035	0.0346894677868187	0.998348049698482	0.0346894677868187
ARMC10	0.394716968391379	-0.0351434378253281	0.998348049698482	-0.0351434378253281
KDM3B	0.394900023360339	0.0264483200382521	0.998348049698482	0.0264483200382521
EPHB6	0.394917121635105	0.133122047841619	0.998348049698482	0.133122047841619
TMEM230	0.395017109923561	0.0258762452856172	0.998348049698482	0.0258762452856172
EIF3A	0.395019858374236	-0.0305253300444899	0.998348049698482	-0.0305253300444899
POLG2	0.395054582007578	0.0493895357120077	0.998348049698482	0.0493895357120077
FAM192A	0.395112877308367	0.0283696898042123	0.998348049698482	0.0283696898042123
ALG13	0.39513992070383	-0.0235101335570551	0.998348049698482	-0.0235101335570551
CDH2	0.395157203573786	0.0335903224735628	0.998348049698482	0.0335903224735628
USP6NL	0.395326778473393	-0.0592047060871864	0.998348049698482	-0.0592047060871864
ZFC3H1	0.395431493925316	-0.0277839828612635	0.998348049698482	-0.0277839828612635
ANKRD49	0.395592022229456	0.0595954738172051	0.998348049698482	0.0595954738172051
C1orf159	0.395836615015438	0.0336682890352126	0.998348049698482	0.0336682890352126
OSBPL7	0.396015045775399	-0.0426817160892363	0.998348049698482	-0.0426817160892363
U2AF1L4	0.396043935594965	0.0524932090422392	0.998348049698482	0.0524932090422392
PEX5L	0.396068110919826	-0.0149609956297906	0.998348049698482	-0.0149609956297906
ARMH3	0.396198604809692	0.0241288809543759	0.998348049698482	0.0241288809543759
MICOS13	0.396227102332724	0.0704818425733073	0.998348049698482	0.0704818425733073
PPP2R1A	0.396391871200611	-0.0473526831349113	0.998348049698482	-0.0473526831349113
KCNH7	0.396439764845734	0.0909895177894652	0.998348049698482	0.0909895177894652
NUDT19	0.396445783960001	0.0685426494563347	0.998348049698482	0.0685426494563347
HTT	0.396473908094033	-0.0254719281921718	0.998348049698482	-0.0254719281921718
SLC25A42	0.396527906859528	-0.0413598079860571	0.998348049698482	-0.0413598079860571
CDCA7L	0.396562672338908	0.0572624317711049	0.998348049698482	0.0572624317711049
HEATR6	0.396672484744353	0.0429779732774605	0.998348049698482	0.0429779732774605
TRDMT1	0.396701336774378	-0.0507473191988276	0.998348049698482	-0.0507473191988276
RLIM	0.396919340989395	0.0487895381668776	0.998348049698482	0.0487895381668776
CPSF2	0.396923219255629	0.0284550332295814	0.998348049698482	0.0284550332295814
BEX3	0.396958405946914	0.0594007958680705	0.998348049698482	0.0594007958680705
AC008462.1	0.396972284106887	0.0691427102722383	0.998348049698482	0.0691427102722383
RRP7A	0.396993572440082	0.0419973178141999	0.998348049698482	0.0419973178141999
IRF9	0.397028695495773	-0.062682277753427	0.998348049698482	-0.062682277753427
UCKL1	0.397032507646221	0.0458647647847091	0.998348049698482	0.0458647647847091
SLC22A15	0.397070824874183	0.0232545938731196	0.998348049698482	0.0232545938731196
LAMA2	0.39712246523032	0.0306369990087559	0.998348049698482	0.0306369990087559
IRF2BPL	0.397137886284059	-0.064037976743798	0.998348049698482	-0.064037976743798
GTF2H2	0.397143721119303	0.0468552746921375	0.998348049698482	0.0468552746921375
SLC35A5	0.397228690287441	0.0397473187297281	0.998348049698482	0.0397473187297281
RIC8A	0.397250035875749	-0.0566075818498438	0.998348049698482	-0.0566075818498438
ATG3	0.397254071066763	0.0371884289241534	0.998348049698482	0.0371884289241534
CAMTA2	0.397310925807868	0.0466862722123921	0.998348049698482	0.0466862722123921
SLC30A4	0.397389241443807	0.0301803063351888	0.998348049698482	0.0301803063351888
RPL7	0.39750192499969	0.0714801736721723	0.998348049698482	0.0714801736721723
NDUFV2-AS1	0.397626629492827	-0.0545884546904751	0.998348049698482	-0.0545884546904751
ZNF362	0.39766482224397	-0.0458044973476508	0.998348049698482	-0.0458044973476508
RBIS	0.39766621802204	0.065983851997663	0.998348049698482	0.065983851997663
ZC3HC1	0.397724462928168	0.0396052725699008	0.998348049698482	0.0396052725699008
BACH1	0.397745992540304	-0.028652105890752	0.998348049698482	-0.028652105890752
BCL9	0.397869630201207	-0.0394900369413732	0.998348049698482	-0.0394900369413732
YPEL2	0.39792388868989	0.0183575882481769	0.998348049698482	0.0183575882481769
PLOD3	0.398082801276327	-0.03725637723324	0.998348049698482	-0.03725637723324
E4F1	0.398603689379117	0.0628078039580644	0.998348049698482	0.0628078039580644
CDC25B	0.398643407870227	-0.0424569482417953	0.998348049698482	-0.0424569482417953
MRS2	0.399012675789615	-0.049545355572845	0.998348049698482	-0.049545355572845
EZH1	0.39910881893162	0.0218315683958687	0.998348049698482	0.0218315683958687
FBXO21	0.399308952030168	-0.0248765073676609	0.998348049698482	-0.0248765073676609
PNKP	0.399514317391066	0.0540079248533769	0.998348049698482	0.0540079248533769
SIPA1L1	0.39971510341759	0.0195416873082364	0.998348049698482	0.0195416873082364
C21orf91-OT1	0.399807730222652	-0.0475076292660049	0.998348049698482	-0.0475076292660049
UBR2	0.399913066550943	-0.0192093428596752	0.998348049698482	-0.0192093428596752
PHF12	0.399967096590846	0.0258755973308234	0.998348049698482	0.0258755973308234
APEX1	0.400100225264267	0.0712281283996307	0.998348049698482	0.0712281283996307
TARSL2	0.400197107889344	0.0148402115830494	0.998348049698482	0.0148402115830494
PGGT1B	0.40021704731505	-0.0377435788557857	0.998348049698482	-0.0377435788557857
ABHD12	0.400332353955283	0.0216657361949119	0.998348049698482	0.0216657361949119
FBXL12	0.40034241599987	0.0467350970539852	0.998348049698482	0.0467350970539852
HIST1H2BD	0.400399726962058	-0.0650675685142203	0.998348049698482	-0.0650675685142203
AC027117.2	0.400481950609897	0.0569737418023539	0.998348049698482	0.0569737418023539
NAGK	0.400540876152449	0.0346166365031983	0.998348049698482	0.0346166365031983
ITFG1	0.400971962580599	-0.0169157291451292	0.998348049698482	-0.0169157291451292
CDC42SE2	0.401165952785067	0.0163426938001921	0.998348049698482	0.0163426938001921
WNK1	0.40126845471183	0.0137947379365521	0.998348049698482	0.0137947379365521
GFOD2	0.401277378156948	0.0630950904895436	0.998348049698482	0.0630950904895436
ZCCHC17	0.401404093607812	-0.0397413499581688	0.998348049698482	-0.0397413499581688
SNHG1	0.40142984781617	0.0562145143965156	0.998348049698482	0.0562145143965156
AVEN	0.401473667036883	-0.0423344387504838	0.998348049698482	-0.0423344387504838
FDX1	0.401787912613973	0.0424651034314088	0.998348049698482	0.0424651034314088
CDK3	0.401866746959897	-0.0654158051464266	0.998348049698482	-0.0654158051464266
CCDC57	0.401897613025357	0.0497453317268105	0.998348049698482	0.0497453317268105
FAM66B	0.401909693169294	0.0455404629569981	0.998348049698482	0.0455404629569981
YY1	0.401980275335255	-0.0216860701362166	0.998348049698482	-0.0216860701362166
ST3GAL5	0.402203580243317	-0.0252580548417384	0.998348049698482	-0.0252580548417384
FUS	0.402251858823804	-0.0216323808985334	0.998348049698482	-0.0216323808985334
CSNK1D	0.402402133008337	0.0296252863550423	0.998348049698482	0.0296252863550423
PDHA1	0.402461933680828	-0.058143833197897	0.998348049698482	-0.058143833197897
AHCY	0.402768104091609	-0.0647763204080117	0.998348049698482	-0.0647763204080117
TMEM178B	0.402848486043731	-0.0639399059464949	0.998348049698482	-0.0639399059464949
ZBTB5	0.402958881750587	0.0417407225683116	0.998348049698482	0.0417407225683116
ZBTB1	0.403031536566404	0.0257068196971148	0.998348049698482	0.0257068196971148
ATP5PO	0.403073490662697	-0.0673444186446272	0.998348049698482	-0.0673444186446272
PRPF38A	0.403131590521161	-0.04655048237631	0.998348049698482	-0.04655048237631
BUD31	0.403205776193974	-0.0835908936604162	0.998348049698482	-0.0835908936604162
SLAIN2	0.403285105554971	0.0352008385296615	0.998348049698482	0.0352008385296615
ABLIM3	0.403393372078292	0.0701283200365527	0.998348049698482	0.0701283200365527
FAM171A1	0.403660841119471	-0.0205788593417984	0.998348049698482	-0.0205788593417984
CHDH	0.403682529624696	-0.0528988351524464	0.998348049698482	-0.0528988351524464
ZNF75D	0.403734149192127	-0.0440904946501266	0.998348049698482	-0.0440904946501266
USP8	0.403760275898907	-0.0233600709315216	0.998348049698482	-0.0233600709315216
TRAF3IP2-AS1	0.403776670566883	0.0214521567383769	0.998348049698482	0.0214521567383769
SMPD1	0.40389959531805	0.0489176830498553	0.998348049698482	0.0489176830498553
ALDH2	0.404054370080833	-0.040247572266556	0.998348049698482	-0.040247572266556
PKD2	0.404080115617284	-0.0187301430999988	0.998348049698482	-0.0187301430999988
FLRT2	0.404082752720767	-0.0952369456948412	0.998348049698482	-0.0952369456948412
EVA1C	0.404098091245442	-0.0226779382124535	0.998348049698482	-0.0226779382124535
C1orf112	0.404107665226576	0.0456730793401694	0.998348049698482	0.0456730793401694
ILF3	0.404174282263483	-0.025815745325494	0.998348049698482	-0.025815745325494
PRR14L	0.404279701918443	-0.0299003203738658	0.998348049698482	-0.0299003203738658
MRPL57	0.404296375666557	-0.064755952634571	0.998348049698482	-0.064755952634571
MECP2	0.404305197664294	-0.0172100282329173	0.998348049698482	-0.0172100282329173
TAOK2	0.404322707005432	0.0320512991479203	0.998348049698482	0.0320512991479203
CCNB1IP1	0.404551284884102	-0.0511898627506226	0.998348049698482	-0.0511898627506226
KCNJ3	0.404773401800243	0.0866958186972979	0.998348049698482	0.0866958186972979
S100A1	0.404939631727041	0.0796924421559571	0.998348049698482	0.0796924421559571
SPIRE1	0.405203003706161	0.0229721912371356	0.998348049698482	0.0229721912371356
WRN	0.40524478586499	0.0245723353033496	0.998348049698482	0.0245723353033496
PABPC1	0.405310317806461	0.0337772748652285	0.998348049698482	0.0337772748652285
MTHFD2L	0.405336235655565	-0.0250983492597157	0.998348049698482	-0.0250983492597157
ZNF496	0.405355305305174	0.0419598240836341	0.998348049698482	0.0419598240836341
SF1	0.405375350909025	0.019896518979346	0.998348049698482	0.019896518979346
TXNDC9	0.405450864258253	-0.0590790258572207	0.998348049698482	-0.0590790258572207
CBX1	0.405481300026448	0.0368946553978684	0.998348049698482	0.0368946553978684
AC015712.4	0.405486663510893	0.0435676378904544	0.998348049698482	0.0435676378904544
ASXL3	0.405519857022951	0.0308308356787883	0.998348049698482	0.0308308356787883
BRD3	0.405857184156121	0.0286040481375333	0.998348049698482	0.0286040481375333
AC091978.1	0.405861585849211	-0.0470849546602847	0.998348049698482	-0.0470849546602847
RAB5B	0.405863044950285	0.03283267826584	0.998348049698482	0.03283267826584
HIF1AN	0.405904519464564	-0.0433701781362996	0.998348049698482	-0.0433701781362996
LRIG2-DT	0.4059867015283	0.0467229081966809	0.998348049698482	0.0467229081966809
ROCK1	0.40611307543907	0.0205886373886848	0.998348049698482	0.0205886373886848
RNASEH2B	0.406186859442733	0.0258436722588453	0.998348049698482	0.0258436722588453
ZNF480	0.406216700138454	-0.0484318046879487	0.998348049698482	-0.0484318046879487
SNAP23	0.406218999502514	0.0282921757876774	0.998348049698482	0.0282921757876774
ARHGAP32	0.406276225485618	-0.0414149068886996	0.998348049698482	-0.0414149068886996
PTOV1	0.406411372648703	0.0346652544280136	0.998348049698482	0.0346652544280136
USP12	0.406468389939584	0.0271668725627373	0.998348049698482	0.0271668725627373
EXOSC8	0.406488295225548	0.0400801876468904	0.998348049698482	0.0400801876468904
ATP5F1C	0.406500136397777	-0.0408638687799627	0.998348049698482	-0.0408638687799627
C9orf24	0.406653839828706	-0.0754078101286423	0.998348049698482	-0.0754078101286423
MEX3C	0.406696014906843	-0.0601375478175127	0.998348049698482	-0.0601375478175127
KCNJ2	0.406730655371829	0.0295295219532711	0.998348049698482	0.0295295219532711
HDAC9	0.406778353813184	0.0272853146803888	0.998348049698482	0.0272853146803888
MGAT4A	0.406890848164073	-0.0285093451253751	0.998348049698482	-0.0285093451253751
ZNF407	0.406892505090844	-0.0234904070531338	0.998348049698482	-0.0234904070531338
MRPL58	0.406947422278516	-0.0755032329076379	0.998348049698482	-0.0755032329076379
AC025442.2	0.407072841470006	0.055818507338245	0.998348049698482	0.055818507338245
SFSWAP	0.407346214290331	0.0197412411480705	0.998348049698482	0.0197412411480705
ATN1	0.407414583908745	-0.0371803973042854	0.998348049698482	-0.0371803973042854
COX18	0.407462323447883	0.0523047812332016	0.998348049698482	0.0523047812332016
AL450998.2	0.407495306317117	0.0500899804043757	0.998348049698482	0.0500899804043757
ARF3	0.407742212765162	-0.077944626327599	0.998348049698482	-0.077944626327599
ALKBH6	0.407809914030052	-0.063287517495866	0.998348049698482	-0.063287517495866
CNTNAP3	0.408208457465835	-0.0812657931489881	0.998348049698482	-0.0812657931489881
MUL1	0.40830239900757	0.0590826175908142	0.998348049698482	0.0590826175908142
PIM3	0.408371995667594	0.0442548528057783	0.998348049698482	0.0442548528057783
PUM1	0.408563935768797	-0.0164214163964527	0.998348049698482	-0.0164214163964527
KCTD18	0.408579279648554	0.051401362508467	0.998348049698482	0.051401362508467
SMARCE1	0.408617128136463	0.0293583972595416	0.998348049698482	0.0293583972595416
SDHC	0.40864741808211	-0.0260967277586353	0.998348049698482	-0.0260967277586353
MAP2K4	0.408849486059736	-0.0233162337435635	0.998348049698482	-0.0233162337435635
FBXO46	0.408945218600983	-0.0451808301760961	0.998348049698482	-0.0451808301760961
HERPUD2	0.409045015849573	0.0321847781682139	0.998348049698482	0.0321847781682139
RTF1	0.409079746002975	-0.0338995302583748	0.998348049698482	-0.0338995302583748
JMJD1C	0.409113721903662	0.0142266922399026	0.998348049698482	0.0142266922399026
CCDC180	0.409146722665797	0.0465896126906782	0.998348049698482	0.0465896126906782
TRPT1	0.409183709291525	0.0685349700162329	0.998348049698482	0.0685349700162329
SNX3	0.409195190202583	0.0360504440721475	0.998348049698482	0.0360504440721475
SEC31A	0.409213951042532	-0.0225606226768718	0.998348049698482	-0.0225606226768718
ATP5ME	0.409272625304407	-0.0429134856018688	0.998348049698482	-0.0429134856018688
IBTK	0.409555422624188	-0.0235648124070368	0.998348049698482	-0.0235648124070368
CYBC1	0.409579904000376	0.0336984185800707	0.998348049698482	0.0336984185800707
FAM162A	0.40969092941427	-0.0508375866417273	0.998348049698482	-0.0508375866417273
FAM214B	0.410064873571588	0.0631375616798092	0.998348049698482	0.0631375616798092
SLC35B4	0.410083752187342	-0.0347962661421768	0.998348049698482	-0.0347962661421768
GNA14	0.410249286404684	-0.0697145950906029	0.998348049698482	-0.0697145950906029
FAM91A1	0.410405020481883	0.0301098354666707	0.998348049698482	0.0301098354666707
WDR25	0.410474581016258	-0.0385497643143828	0.998348049698482	-0.0385497643143828
CD72	0.410495182860331	0.0579598521185989	0.998348049698482	0.0579598521185989
NEU3	0.410545288158758	0.0479940881995792	0.998348049698482	0.0479940881995792
AP4S1	0.410600729209136	0.0267611116823488	0.998348049698482	0.0267611116823488
TANGO2	0.41064426447396	-0.0263807664404785	0.998348049698482	-0.0263807664404785
SDK2	0.410795728407056	-0.0758870965020185	0.998348049698482	-0.0758870965020185
SRBD1	0.410798762047652	0.030611247767316	0.998348049698482	0.030611247767316
PADI2	0.410875529759373	0.027286666010229	0.998348049698482	0.027286666010229
NPL	0.410970279500237	-0.0524449026737064	0.998348049698482	-0.0524449026737064
AC018682.1	0.411042946151757	-0.102678042819158	0.998348049698482	-0.102678042819158
SNRPD3	0.411062962802172	0.0519200015218849	0.998348049698482	0.0519200015218849
COG8	0.411070467427318	0.0442351938437979	0.998348049698482	0.0442351938437979
SMC1A	0.411100016142265	-0.0262722270184814	0.998348049698482	-0.0262722270184814
JRKL	0.41119833938263	0.0707332424792522	0.998348049698482	0.0707332424792522
ATP13A2	0.411308190599977	0.0427157983903239	0.998348049698482	0.0427157983903239
EDEM1	0.411418601596844	0.0597099723276521	0.998348049698482	0.0597099723276521
SMARCA4	0.411574403467647	0.0283213583641661	0.998348049698482	0.0283213583641661
SRP14	0.411715404608236	-0.0584850581984674	0.998348049698482	-0.0584850581984674
GPR89A	0.411782304870271	-0.0499931622023849	0.998348049698482	-0.0499931622023849
MPLKIP	0.411792504804424	-0.042516526495012	0.998348049698482	-0.042516526495012
ZNF148	0.411904073137945	0.0186044181118067	0.998348049698482	0.0186044181118067
KIAA1958	0.411946393079272	-0.015670719852717	0.998348049698482	-0.015670719852717
INTS10	0.411949615217736	0.0200581142260971	0.998348049698482	0.0200581142260971
KIF3A	0.41202229362992	0.0290295410554692	0.998348049698482	0.0290295410554692
LZTR1	0.412150750843644	0.037530135715181	0.998348049698482	0.037530135715181
PCDH17	0.412163796280915	0.0238094910549476	0.998348049698482	0.0238094910549476
ELP4	0.412414402423573	-0.0196223024895467	0.998348049698482	-0.0196223024895467
PMPCA	0.412445418709252	0.0510189586987011	0.998348049698482	0.0510189586987011
VDAC1	0.412735341418933	-0.0611125198004749	0.998348049698482	-0.0611125198004749
APBB3	0.412774736624294	0.0549381198449866	0.998348049698482	0.0549381198449866
MRPL11	0.412871002607127	0.0691540659189295	0.998348049698482	0.0691540659189295
UNC50	0.41303237779508	-0.0520304034061215	0.998348049698482	-0.0520304034061215
EIF4A1	0.413145698627099	0.0350231485187742	0.998348049698482	0.0350231485187742
HOMEZ	0.413379408877098	0.0584732383933039	0.998348049698482	0.0584732383933039
SLC4A1AP	0.413472974246968	0.0434769200884969	0.998348049698482	0.0434769200884969
SMIM4	0.413494043368418	0.0337956800853346	0.998348049698482	0.0337956800853346
RADX	0.413821772200436	-0.0513619027054846	0.998348049698482	-0.0513619027054846
GATAD2B	0.414132019210381	0.0182183555305705	0.998348049698482	0.0182183555305705
RPL36AL	0.414321900922312	-0.073452974692867	0.998348049698482	-0.073452974692867
WAPL	0.414408198728447	-0.0212369512969554	0.998348049698482	-0.0212369512969554
FN1	0.414413212727906	0.0677380810024515	0.998348049698482	0.0677380810024515
DENND5B	0.414437423734349	-0.0200131249157507	0.998348049698482	-0.0200131249157507
AP1G2	0.414475517558777	0.116257460066253	0.998348049698482	0.116257460066253
OSGEP	0.414601947901868	0.0361648581680808	0.998348049698482	0.0361648581680808
AC107375.1	0.414643969397862	-0.0358842813489306	0.998348049698482	-0.0358842813489306
MED14	0.414746275013659	-0.0313909611088991	0.998348049698482	-0.0313909611088991
PAK1	0.414747026487312	0.0395252076222246	0.998348049698482	0.0395252076222246
RIOK3	0.414759297396374	-0.0253208459222437	0.998348049698482	-0.0253208459222437
NFX1	0.415033364533586	-0.0238012006400878	0.998348049698482	-0.0238012006400878
THOC2	0.41509826948466	-0.0183433783461136	0.998348049698482	-0.0183433783461136
POLR2M	0.415309174821474	0.0445877259870801	0.998348049698482	0.0445877259870801
GABARAPL2	0.415337158953272	-0.0491247021706001	0.998348049698482	-0.0491247021706001
RAB3IP	0.415392736218524	-0.0294200947653598	0.998348049698482	-0.0294200947653598
AL358216.1	0.415476302046884	0.0475689696224856	0.998348049698482	0.0475689696224856
INO80B	0.415511040583075	0.0654968365459005	0.998348049698482	0.0654968365459005
HMGB2	0.415572440768632	-0.0646649478743713	0.998348049698482	-0.0646649478743713
NALCN	0.41557987444544	-0.0133478602740481	0.998348049698482	-0.0133478602740481
AMMECR1L	0.415686382832002	0.0467478121239822	0.998348049698482	0.0467478121239822
HLA-A	0.415706910124276	-0.0661055267631133	0.998348049698482	-0.0661055267631133
HUWE1	0.415781192844705	-0.0215476306931344	0.998348049698482	-0.0215476306931344
AL139815.1	0.415887701501978	0.0608482773322675	0.998348049698482	0.0608482773322675
TMEM242	0.415888258096051	-0.0442221332106585	0.998348049698482	-0.0442221332106585
NUMA1	0.41594147845484	0.0193117203032907	0.998348049698482	0.0193117203032907
ADGRB2	0.416008499165425	-0.0575527849595381	0.998348049698482	-0.0575527849595381
TRIM69	0.416195187395592	0.09033366398659	0.998348049698482	0.09033366398659
AC005498.3	0.416258004817856	0.0475007680443512	0.998348049698482	0.0475007680443512
AC009120.2	0.416277663645092	0.0264230066480016	0.998348049698482	0.0264230066480016
SPICE1	0.416734000261989	-0.0551266974920736	0.998348049698482	-0.0551266974920736
FAM229B	0.416893138711227	-0.0385225565973271	0.998348049698482	-0.0385225565973271
SLC1A4	0.416894596344251	-0.0875432699274839	0.998348049698482	-0.0875432699274839
TRAK1	0.416930412168445	0.0407838724828827	0.998348049698482	0.0407838724828827
PDE7A	0.416933290735116	0.0211582477049093	0.998348049698482	0.0211582477049093
NNT	0.417026233748366	-0.0352967093505141	0.998348049698482	-0.0352967093505141
NFATC3	0.417151315727322	0.021050740840184	0.998348049698482	0.021050740840184
FAM193B	0.417378410646468	-0.0242068527789275	0.998348049698482	-0.0242068527789275
MYRF	0.417413683690468	0.0180454982961293	0.998348049698482	0.0180454982961293
PRKAB1	0.417539728120823	-0.0552514577853029	0.998348049698482	-0.0552514577853029
CCDC152	0.417637086893399	-0.0568141931370077	0.998348049698482	-0.0568141931370077
AC242426.2	0.417763573352165	0.0312281329026099	0.998348049698482	0.0312281329026099
C1orf56	0.417855956154554	0.0683502621111677	0.998348049698482	0.0683502621111677
CMTM6	0.417883936517008	0.0676773259977202	0.998348049698482	0.0676773259977202
RHBDL2	0.417915395790748	0.0318456696229698	0.998348049698482	0.0318456696229698
RNF19B	0.41795489175521	0.0625241350243689	0.998348049698482	0.0625241350243689
SIGIRR	0.417983219444543	0.0643950147370816	0.998348049698482	0.0643950147370816
EXOC3	0.418109653776257	0.0354007564434111	0.998348049698482	0.0354007564434111
NGRN	0.418183615345772	0.0656742027338207	0.998348049698482	0.0656742027338207
TRAPPC8	0.418268106839557	-0.0261327140752549	0.998348049698482	-0.0261327140752549
LAS1L	0.41871109311971	0.0398969920026497	0.998348049698482	0.0398969920026497
PRRC2B	0.418854062073923	0.0191238214646565	0.998348049698482	0.0191238214646565
ATG9A	0.418993132711505	0.0414230120938421	0.998348049698482	0.0414230120938421
CAPZA1	0.419033167427968	-0.0211126368909484	0.998348049698482	-0.0211126368909484
CHSY3	0.419125553221642	-0.0629747065839138	0.998348049698482	-0.0629747065839138
N4BP1	0.419209579956507	-0.0244316750800847	0.998348049698482	-0.0244316750800847
NOP53	0.419230773175798	-0.0554180831574973	0.998348049698482	-0.0554180831574973
LYPLAL1	0.419275297694468	0.0234002105814162	0.998348049698482	0.0234002105814162
SNRNP35	0.419291881257433	0.0302556513579222	0.998348049698482	0.0302556513579222
GABRA1	0.41939315966823	-0.110919432002691	0.998348049698482	-0.110919432002691
AC006270.1	0.419430925966027	0.0798175612947155	0.998348049698482	0.0798175612947155
RBKS	0.419538835490417	0.0592395231954306	0.998348049698482	0.0592395231954306
ZNF227	0.419630480096608	0.0450472342404144	0.998348049698482	0.0450472342404144
AC079382.2	0.419726027894549	-0.0682600731310108	0.998348049698482	-0.0682600731310108
DEPDC7	0.420069692931252	-0.0666433698338445	0.998348049698482	-0.0666433698338445
HNRNPA2B1	0.42030066853702	-0.0164381623763149	0.998348049698482	-0.0164381623763149
AC090844.2	0.420368362885904	0.0406501922092156	0.998348049698482	0.0406501922092156
TWF1	0.42039195908769	0.0429640540589873	0.998348049698482	0.0429640540589873
TDRD3	0.420392012736008	-0.0191987363269202	0.998348049698482	-0.0191987363269202
DDX5	0.420398205978177	-0.0188206018162604	0.998348049698482	-0.0188206018162604
KLF3-AS1	0.420431913560604	0.0319013085495306	0.998348049698482	0.0319013085495306
USP3	0.420482023118348	0.0303672552161079	0.998348049698482	0.0303672552161079
WDR3	0.420496497500098	0.05982679888893	0.998348049698482	0.05982679888893
IGDCC3	0.420570165913969	0.0511895299852208	0.998348049698482	0.0511895299852208
RGS11	0.420571082210821	0.0573835673288043	0.998348049698482	0.0573835673288043
FAM178B	0.420580422597204	0.0300507813143377	0.998348049698482	0.0300507813143377
SLC8B1	0.420636056865048	0.0379160988440372	0.998348049698482	0.0379160988440372
MEF2D	0.420686741395896	-0.02409069409507	0.998348049698482	-0.02409069409507
MYSM1	0.420772355624694	0.0314621067290917	0.998348049698482	0.0314621067290917
LINC02199	0.420874358411349	-0.0411772923575854	0.998348049698482	-0.0411772923575854
RTCA-AS1	0.421255968473625	-0.0489959025892756	0.998348049698482	-0.0489959025892756
NOVA2	0.421382087898678	-0.0415593712830831	0.998348049698482	-0.0415593712830831
COLEC12	0.421498979757633	-0.0627520109532787	0.998348049698482	-0.0627520109532787
AGO2	0.421511807994914	-0.0193784249532338	0.998348049698482	-0.0193784249532338
ATP2C1	0.421596416372185	0.0265376741387866	0.998348049698482	0.0265376741387866
CDC42BPB	0.421850153190619	-0.0229276788609842	0.998348049698482	-0.0229276788609842
MEF2C	0.42210213058394	0.0758345864648431	0.998348049698482	0.0758345864648431
AC006141.1	0.422195737009988	-0.0485114979188407	0.998348049698482	-0.0485114979188407
AC021851.1	0.422287324466741	-0.0547070421662334	0.998348049698482	-0.0547070421662334
AC105345.1	0.422331775610731	-0.0677311210731581	0.998348049698482	-0.0677311210731581
CRNKL1	0.42234698461149	0.0490022118851554	0.998348049698482	0.0490022118851554
WDR20	0.422471664935213	-0.0173398450392944	0.998348049698482	-0.0173398450392944
FEZ2	0.422750058582295	0.0246331052300726	0.998348049698482	0.0246331052300726
RRM1	0.422761809689084	-0.0457917152338455	0.998348049698482	-0.0457917152338455
SLC66A3	0.422840737700099	0.0503927794580688	0.998348049698482	0.0503927794580688
FKBP4	0.423105590659242	-0.0555206370517915	0.998348049698482	-0.0555206370517915
SPANXA2-OT1	0.423114039846418	0.0315562095950083	0.998348049698482	0.0315562095950083
BAALC-AS1	0.423143259756574	-0.0619455944352269	0.998348049698482	-0.0619455944352269
PPP3CC	0.423262714304352	-0.0235209313077758	0.998348049698482	-0.0235209313077758
NT5C3B	0.423318400344126	-0.0594118057030209	0.998348049698482	-0.0594118057030209
PPFIA1	0.423405988822916	0.025244557018775	0.998348049698482	0.025244557018775
SDE2	0.423466973398859	-0.0574920058913298	0.998348049698482	-0.0574920058913298
SLC9B1	0.423491678693424	0.045034501183561	0.998348049698482	0.045034501183561
AC104461.1	0.423580551793407	-0.0772948714390694	0.998348049698482	-0.0772948714390694
ZNF281	0.423603146692893	0.0335047883378418	0.998348049698482	0.0335047883378418
IFT43	0.423651824444223	0.0285065364365718	0.998348049698482	0.0285065364365718
MNAT1	0.423662694499767	0.0249884966434291	0.998348049698482	0.0249884966434291
CAPN2	0.423692982298845	0.0319447266383645	0.998348049698482	0.0319447266383645
PRPF40B	0.42397770808195	0.0299241806388434	0.998348049698482	0.0299241806388434
ZNF549	0.424053872479216	0.0495050941613404	0.998348049698482	0.0495050941613404
FNBP1	0.424276590340023	-0.0152588989696518	0.998348049698482	-0.0152588989696518
AC098829.1	0.424291206126517	0.0452168082503213	0.998348049698482	0.0452168082503213
PRDX4	0.424381574030147	-0.0661160925881766	0.998348049698482	-0.0661160925881766
RSRC1	0.424508748498656	0.022037693379884	0.998348049698482	0.022037693379884
TTC4	0.424640700157682	0.0513076541502422	0.998348049698482	0.0513076541502422
ETFB	0.424666102178329	0.0392341573730439	0.998348049698482	0.0392341573730439
COX7A2L	0.424849117303551	-0.0459536435111609	0.998348049698482	-0.0459536435111609
AL360091.3	0.424931200752449	0.0507152548605823	0.998348049698482	0.0507152548605823
TRIM39	0.42494820106905	0.0613101837986351	0.998348049698482	0.0613101837986351
ATP2B2	0.425023017838084	0.0804822081981241	0.998348049698482	0.0804822081981241
SOCS5	0.425029876816872	-0.0596574712396437	0.998348049698482	-0.0596574712396437
NSUN6	0.425071659720405	0.0224139011745869	0.998348049698482	0.0224139011745869
SEPTIN1	0.425300689567792	-0.0797799257078391	0.998348049698482	-0.0797799257078391
ZNF717	0.425589256874018	-0.024867294269875	0.998348049698482	-0.024867294269875
SLC39A10	0.42569158937448	-0.0399194399618283	0.998348049698482	-0.0399194399618283
SIN3A	0.425693339669061	0.03322376153305	0.998348049698482	0.03322376153305
ATAD3A	0.425714755192215	-0.0441819935208347	0.998348049698482	-0.0441819935208347
AC018730.1	0.425852442638021	0.0318765114301428	0.998348049698482	0.0318765114301428
NECAB1	0.42585995151	-0.0227345372442876	0.998348049698482	-0.0227345372442876
SMAD9	0.425898119918673	-0.0479943232771574	0.998348049698482	-0.0479943232771574
MPP3	0.425938159744248	0.0486265997982321	0.998348049698482	0.0486265997982321
ATP6V0A1	0.425988787727828	-0.0257110697101782	0.998348049698482	-0.0257110697101782
SPTAN1	0.426011543023776	0.0778031941259438	0.998348049698482	0.0778031941259438
AP002370.2	0.426022872911554	-0.0655645677217957	0.998348049698482	-0.0655645677217957
LINC00882	0.426197319045359	0.0212659768561446	0.998348049698482	0.0212659768561446
ELOVL7	0.42628666163097	0.0288020189921191	0.998348049698482	0.0288020189921191
KIF1C	0.426446398248184	-0.0554695970739729	0.998348049698482	-0.0554695970739729
RPS27L	0.426462040406426	-0.0382190470575842	0.998348049698482	-0.0382190470575842
TNFRSF21	0.426465506277468	-0.0892711795271137	0.998348049698482	-0.0892711795271137
DDX41	0.426534845321182	0.0684587029131474	0.998348049698482	0.0684587029131474
KDM3A	0.426768210935787	-0.0374735864622461	0.998348049698482	-0.0374735864622461
AMFR	0.426807760781415	-0.0349731074006019	0.998348049698482	-0.0349731074006019
AP002495.1	0.42696885688727	0.0362101197847194	0.998348049698482	0.0362101197847194
PHF10	0.427100941595472	-0.0383961476054607	0.998348049698482	-0.0383961476054607
Z95331.1	0.42711803200687	0.0540832804873646	0.998348049698482	0.0540832804873646
TTC33	0.427172841388206	-0.0315544303662015	0.998348049698482	-0.0315544303662015
GCFC2	0.427197363164293	0.0271141773307164	0.998348049698482	0.0271141773307164
AC007566.1	0.427283948922349	-0.0234081935370694	0.998348049698482	-0.0234081935370694
TMEM245	0.427421802054793	0.0184232211565127	0.998348049698482	0.0184232211565127
CEP85	0.427501911625792	-0.0315463802938989	0.998348049698482	-0.0315463802938989
TMEM248	0.427522004020791	0.0264077528337244	0.998348049698482	0.0264077528337244
FSD1L	0.427531253619538	-0.0348643389345538	0.998348049698482	-0.0348643389345538
ABHD3	0.427889330903744	-0.0482008482580171	0.998348049698482	-0.0482008482580171
ABCB7	0.428203499662077	0.0269937643196189	0.998348049698482	0.0269937643196189
AGAP5	0.428329873868235	-0.0544079303570991	0.998348049698482	-0.0544079303570991
CALCOCO2	0.42842970921714	0.0224686716725273	0.998348049698482	0.0224686716725273
MECR	0.42851316541208	0.0385154780320535	0.998348049698482	0.0385154780320535
AGMO	0.428648441471328	0.0376632052959189	0.998348049698482	0.0376632052959189
RHOB	0.428776579614152	0.0363822022265906	0.998348049698482	0.0363822022265906
GAN	0.428867056951092	-0.0396148148504011	0.998348049698482	-0.0396148148504011
DAZAP1	0.428967904940156	-0.0254594142319043	0.998348049698482	-0.0254594142319043
GPAA1	0.429090164008454	0.048022688742448	0.998348049698482	0.048022688742448
ATF2	0.42914850977705	-0.0264497627963345	0.998348049698482	-0.0264497627963345
PRKD2	0.429156216069347	0.0596448719457684	0.998348049698482	0.0596448719457684
PMEPA1	0.429602950600484	-0.0496023068266879	0.998348049698482	-0.0496023068266879
KIF2A	0.429745035370524	0.0158538610136608	0.998348049698482	0.0158538610136608
KIF16B	0.429765499116413	-0.02403950164533	0.998348049698482	-0.02403950164533
MFN2	0.429866077527938	0.033033912087896	0.998348049698482	0.033033912087896
PPP2R3C	0.429871425670187	0.0216532318539999	0.998348049698482	0.0216532318539999
SKP2	0.430186077315177	0.0439982471970394	0.998348049698482	0.0439982471970394
UQCRFS1	0.430284929601493	0.0745496662572085	0.998348049698482	0.0745496662572085
CADM2	0.430286000295755	-0.015060343562109	0.998348049698482	-0.015060343562109
SIRT2	0.430307338389369	0.0183081931268949	0.998348049698482	0.0183081931268949
TAF7	0.430377027290703	-0.0356004279381132	0.998348049698482	-0.0356004279381132
TRIM35	0.430625155809553	0.0484407813853548	0.998348049698482	0.0484407813853548
HIST1H2BC	0.430705025673062	0.0550278159515953	0.998348049698482	0.0550278159515953
ZZEF1	0.43074303894138	-0.0245716812405275	0.998348049698482	-0.0245716812405275
UBIAD1	0.430774026162668	-0.0400039977147699	0.998348049698482	-0.0400039977147699
ATOX1	0.43079873993354	0.0359670359604616	0.998348049698482	0.0359670359604616
ANKAR	0.430954847538636	0.0217385955919223	0.998348049698482	0.0217385955919223
TSSK3	0.43106537887375	0.0597492685426087	0.998348049698482	0.0597492685426087
SAP30L-AS1	0.431261135416009	0.0483056398030443	0.998348049698482	0.0483056398030443
PPM1K	0.431268700489087	0.0292509895555223	0.998348049698482	0.0292509895555223
XPO1	0.431498383883409	-0.0231916668645564	0.998348049698482	-0.0231916668645564
LRP5	0.43150613800066	-0.0656100585775076	0.998348049698482	-0.0656100585775076
ZNF721	0.431510504722923	0.0217536004460905	0.998348049698482	0.0217536004460905
RSRC2	0.431670777952739	-0.0257356667166806	0.998348049698482	-0.0257356667166806
PNPLA7	0.431691952048122	-0.0376606277255415	0.998348049698482	-0.0376606277255415
VPS4A	0.431716136443881	0.0367857332845214	0.998348049698482	0.0367857332845214
GNE	0.431900173876975	-0.0319461517251792	0.998348049698482	-0.0319461517251792
DDX42	0.431943164814283	0.0347843842483773	0.998348049698482	0.0347843842483773
PUS1	0.431947079621001	0.0428149334070578	0.998348049698482	0.0428149334070578
LINC00863	0.432222643955648	0.0585464144665398	0.998348049698482	0.0585464144665398
ALDH8A1	0.432283775640947	-0.0513179469893942	0.998348049698482	-0.0513179469893942
TMEM62	0.432405519367103	0.0314631985484552	0.998348049698482	0.0314631985484552
HS3ST5	0.43255310792208	0.021988348215657	0.998348049698482	0.021988348215657
DDX3Y	0.432650070117293	-0.0622965248398458	0.998348049698482	-0.0622965248398458
PDE1A	0.432695759115832	0.0407236869133393	0.998348049698482	0.0407236869133393
FAM222A-AS1	0.432710125158279	-0.0632614524151845	0.998348049698482	-0.0632614524151845
CNST	0.432875930506457	-0.0373095724735143	0.998348049698482	-0.0373095724735143
LDB1	0.433036682880716	-0.0704310756033542	0.998348049698482	-0.0704310756033542
RPL38	0.433046543990048	0.0627272934598237	0.998348049698482	0.0627272934598237
CLASP2	0.433089942910906	-0.0118736297789771	0.998348049698482	-0.0118736297789771
CCNDBP1	0.433298600510308	-0.0428802972204415	0.998348049698482	-0.0428802972204415
FGF1	0.433312367515574	-0.0186811829682114	0.998348049698482	-0.0186811829682114
AC119673.2	0.433315733452995	-0.0667498005257435	0.998348049698482	-0.0667498005257435
POMZP3	0.433401637596629	0.0522636075167153	0.998348049698482	0.0522636075167153
ECPAS	0.433543115109851	0.0159847731869561	0.998348049698482	0.0159847731869561
NOP58	0.433685187369452	0.0303254023769822	0.998348049698482	0.0303254023769822
IST1	0.433718416441432	0.0204567258559613	0.998348049698482	0.0204567258559613
ATP6V1B2	0.433790790365315	-0.0659438968200562	0.998348049698482	-0.0659438968200562
ZNF738	0.433957759220565	-0.0358081890477264	0.998348049698482	-0.0358081890477264
PRKCI	0.434003597195929	-0.0334593690193836	0.998348049698482	-0.0334593690193836
WTAP	0.434121951374868	-0.0252247478703499	0.998348049698482	-0.0252247478703499
WHRN	0.434149088865912	0.0227696194158566	0.998348049698482	0.0227696194158566
NPIPB5	0.43415159329969	0.0342698445759569	0.998348049698482	0.0342698445759569
BAHCC1	0.434264652321877	-0.0263370966431815	0.998348049698482	-0.0263370966431815
CNOT8	0.43435788138892	-0.0396464130384954	0.998348049698482	-0.0396464130384954
FAM50A	0.43444069977466	-0.0248279961063725	0.998348049698482	-0.0248279961063725
SOWAHA	0.434444082805873	0.0531626985632943	0.998348049698482	0.0531626985632943
RNF169	0.434538434547387	-0.0216061381082077	0.998348049698482	-0.0216061381082077
FANCI	0.434699076204505	-0.0771216481796529	0.998348049698482	-0.0771216481796529
TMED3	0.434901214364758	0.0422414905736265	0.998348049698482	0.0422414905736265
RPA1	0.434984486371569	-0.0297683491040328	0.998348049698482	-0.0297683491040328
PPP1R7	0.435139151819748	-0.0358437183581226	0.998348049698482	-0.0358437183581226
ADGRV1	0.435165598524564	-0.0794712818626442	0.998348049698482	-0.0794712818626442
USB1	0.435477281466787	-0.0605764028586486	0.998348049698482	-0.0605764028586486
PLOD1	0.435644608890831	0.0375441096413582	0.998348049698482	0.0375441096413582
ANKRD13B	0.435785552532569	0.041698703019887	0.998348049698482	0.041698703019887
ZNF787	0.43581111108004	-0.0458635583712459	0.998348049698482	-0.0458635583712459
SS18L1	0.435811500798942	0.0338544257173458	0.998348049698482	0.0338544257173458
COX7A2	0.435878137978	0.0762838352662643	0.998348049698482	0.0762838352662643
HOGA1	0.435899280655512	0.0505084086580268	0.998348049698482	0.0505084086580268
AC092171.4	0.435906401316138	-0.0671871948435794	0.998348049698482	-0.0671871948435794
FAM120C	0.435931701077968	-0.0304988167832308	0.998348049698482	-0.0304988167832308
UNK	0.436034603032337	0.0269184107473565	0.998348049698482	0.0269184107473565
COX19	0.436054507972969	0.0302859223375381	0.998348049698482	0.0302859223375381
LTO1	0.436060391956022	-0.0302870311405313	0.998348049698482	-0.0302870311405313
GTF2H3	0.436081384481081	0.0327618807411027	0.998348049698482	0.0327618807411027
TTC12	0.436152138509504	0.0466747194361509	0.998348049698482	0.0466747194361509
MKNK1	0.436358696706419	-0.086728629231764	0.998348049698482	-0.086728629231764
KXD1	0.436430793020203	0.0375405579349228	0.998348049698482	0.0375405579349228
USP44	0.43643857524225	0.0571771878699669	0.998348049698482	0.0571771878699669
ZNF365	0.436506124190664	-0.0246800491178818	0.998348049698482	-0.0246800491178818
LUZP2	0.436509615925766	-0.0819001409047952	0.998348049698482	-0.0819001409047952
FBXO22	0.436539744649682	0.0291176076114044	0.998348049698482	0.0291176076114044
CCDC127	0.436603722638792	0.0535343715392217	0.998348049698482	0.0535343715392217
CEP57L1	0.436723506869196	-0.0364456536861036	0.998348049698482	-0.0364456536861036
MFSD14B	0.436727702594078	0.0298116795033809	0.998348049698482	0.0298116795033809
NOC3L	0.436931580924799	0.0419691756209235	0.998348049698482	0.0419691756209235
EIF3F	0.436980613955921	0.0336190249246508	0.998348049698482	0.0336190249246508
MRPS18C	0.437177942953235	0.0477558862100384	0.998348049698482	0.0477558862100384
TPRA1	0.43719924695095	-0.0473792802550063	0.998348049698482	-0.0473792802550063
AC010359.3	0.437283275130877	-0.0358668476725682	0.998348049698482	-0.0358668476725682
INSYN2B	0.437330239432797	0.0205358975635281	0.998348049698482	0.0205358975635281
AC011997.1	0.437356658665103	-0.0378061716153611	0.998348049698482	-0.0378061716153611
LUC7L2	0.437458330495014	-0.0211067410031948	0.998348049698482	-0.0211067410031948
LRRC29	0.437631856610249	-0.0427492249100886	0.998348049698482	-0.0427492249100886
KLHL8	0.437632044591327	0.0340212915150553	0.998348049698482	0.0340212915150553
AGTRAP	0.437673778249538	0.065103587481804	0.998348049698482	0.065103587481804
SEMA6A-AS1	0.437751714866683	0.0450449260221904	0.998348049698482	0.0450449260221904
NSMCE4A	0.437977001806675	-0.0408948382663793	0.998348049698482	-0.0408948382663793
DHX36	0.438210250656551	0.0246305228972924	0.998348049698482	0.0246305228972924
TMEM9B	0.438253501832281	0.0477773085501554	0.998348049698482	0.0477773085501554
COPRS	0.438263384423519	-0.0818833432467499	0.998348049698482	-0.0818833432467499
MLYCD	0.438475756044622	-0.0406200792869269	0.998348049698482	-0.0406200792869269
HYOU1	0.438553328933805	0.0614268850387935	0.998348049698482	0.0614268850387935
RBM41	0.438586451762556	-0.0277333248362164	0.998348049698482	-0.0277333248362164
UQCR11	0.438590135261599	0.052232032074662	0.998348049698482	0.052232032074662
UBR7	0.438599126821426	-0.0360771334061381	0.998348049698482	-0.0360771334061381
CTSD	0.438676132196464	0.0341902961101538	0.998348049698482	0.0341902961101538
PPP2R1B	0.438688304555002	-0.0260938330950759	0.998348049698482	-0.0260938330950759
SCAI	0.438691285152691	0.0329547332695333	0.998348049698482	0.0329547332695333
MMS22L	0.438816609948583	-0.0327665068168198	0.998348049698482	-0.0327665068168198
ARAF	0.438839145289167	-0.0543836167636813	0.998348049698482	-0.0543836167636813
C11orf71	0.439023425923429	0.054738122933333	0.998348049698482	0.054738122933333
VPS52	0.439166755660667	0.0351869034853356	0.998348049698482	0.0351869034853356
SNX25	0.439185671459183	-0.0344353025418711	0.998348049698482	-0.0344353025418711
APOLD1	0.439280288827774	0.0286742660529358	0.998348049698482	0.0286742660529358
HSP90AA1	0.439343325618451	0.0251075938928381	0.998348049698482	0.0251075938928381
AL691432.2	0.439585883564449	0.0602009445726033	0.998348049698482	0.0602009445726033
PCSK6	0.43963602524693	-0.0162439326610029	0.998348049698482	-0.0162439326610029
ATF7	0.43966012561247	0.0182372406592233	0.998348049698482	0.0182372406592233
ZFPL1	0.439886290932396	0.0384616290020372	0.998348049698482	0.0384616290020372
MFAP3	0.439955246864342	0.0433186865309463	0.998348049698482	0.0433186865309463
ECHDC2	0.440270655581478	0.0722761187638077	0.998348049698482	0.0722761187638077
L3HYPDH	0.440291637673451	-0.056718560941374	0.998348049698482	-0.056718560941374
GDPD1	0.440541956363853	0.0299454566641827	0.998348049698482	0.0299454566641827
MRPS7	0.440742165689517	-0.0622221726472416	0.998348049698482	-0.0622221726472416
SYNDIG1	0.441006845137908	0.0187604117226105	0.998348049698482	0.0187604117226105
FOXRED1	0.441043781881486	-0.0360177144584907	0.998348049698482	-0.0360177144584907
NKAIN2	0.441111852483461	-0.013819519849573	0.998348049698482	-0.013819519849573
BTBD10	0.441170985490451	0.0403225058498902	0.998348049698482	0.0403225058498902
PIK3R2	0.441214330886445	0.0523057608052621	0.998348049698482	0.0523057608052621
MREG	0.44128497940655	0.0547689849400281	0.998348049698482	0.0547689849400281
FAM229A	0.441394080676865	-0.0547111131601438	0.998348049698482	-0.0547111131601438
AC027601.6	0.441460026042488	-0.0687832512931506	0.998348049698482	-0.0687832512931506
SESTD1	0.441471978133183	0.0175843943304029	0.998348049698482	0.0175843943304029
CORO1B	0.441540265733907	-0.0643253682647202	0.998348049698482	-0.0643253682647202
KLF7	0.441573168775424	0.0194871605272772	0.998348049698482	0.0194871605272772
CORO7	0.441600478099126	0.0229267480196829	0.998348049698482	0.0229267480196829
HEPH	0.44181377426178	0.0404702609225272	0.998348049698482	0.0404702609225272
CHD2	0.441823654977341	-0.0181955723982958	0.998348049698482	-0.0181955723982958
AC114971.1	0.441884604585178	0.038432523730896	0.998348049698482	0.038432523730896
AL160254.1	0.441922489050664	-0.0738566304740242	0.998348049698482	-0.0738566304740242
HERC3	0.442019074018395	-0.0190936374767861	0.998348049698482	-0.0190936374767861
KRCC1	0.44215010337907	0.0224484487385172	0.998348049698482	0.0224484487385172
ZC3H12B	0.442154278866017	-0.0266222645084692	0.998348049698482	-0.0266222645084692
CDC42EP4	0.442192480852297	-0.0574392975925764	0.998348049698482	-0.0574392975925764
PRKG1	0.442195626330107	0.0781904397595352	0.998348049698482	0.0781904397595352
DIS3	0.442340734427808	-0.0337935398495633	0.998348049698482	-0.0337935398495633
RNASEK	0.44245561961996	0.0603655079295885	0.998348049698482	0.0603655079295885
ZBTB49	0.442461495325754	-0.0567001302266099	0.998348049698482	-0.0567001302266099
SV2A	0.442622203135733	-0.0686472316320142	0.998348049698482	-0.0686472316320142
CYP46A1	0.442663912623504	-0.0624318276014936	0.998348049698482	-0.0624318276014936
BIRC2	0.442814296563843	0.0293125038371647	0.998348049698482	0.0293125038371647
TEX14	0.443030636084494	-0.055110650708273	0.998348049698482	-0.055110650708273
NFKBIL1	0.443317163746749	0.0686444110427136	0.998348049698482	0.0686444110427136
VDAC3	0.443366410386189	-0.0473883536017836	0.998348049698482	-0.0473883536017836
FKRP	0.443539320273801	-0.0424584403538413	0.998348049698482	-0.0424584403538413
TAF1D	0.443570809614145	-0.0217020975715284	0.998348049698482	-0.0217020975715284
PNPT1	0.443657946845494	-0.0205669849341021	0.998348049698482	-0.0205669849341021
SPECC1	0.443693149495722	-0.0232628791697363	0.998348049698482	-0.0232628791697363
EXD2	0.443742636058701	0.0417018666906624	0.998348049698482	0.0417018666906624
TNFRSF6B	0.443787365079249	0.0699025137109158	0.998348049698482	0.0699025137109158
SVIP	0.443798773621994	0.0262762698858254	0.998348049698482	0.0262762698858254
COX5B	0.443960160822798	-0.0648371164195218	0.998348049698482	-0.0648371164195218
PRKCB	0.444181733652601	-0.0441799311322642	0.998348049698482	-0.0441799311322642
MATR3-1	0.44429914802019	-0.0698421565306317	0.998348049698482	-0.0698421565306317
MLEC	0.444385767531432	0.0315945606318822	0.998348049698482	0.0315945606318822
DBF4B	0.444427339743239	0.0353443055152998	0.998348049698482	0.0353443055152998
CNOT7	0.444730501702367	0.046021028565439	0.998348049698482	0.046021028565439
ENPP2	0.444740690681657	0.0147449382556498	0.998348049698482	0.0147449382556498
TNK2	0.444895639669771	-0.0246234942533455	0.998348049698482	-0.0246234942533455
FAM174C	0.44497868892468	-0.0510765211807456	0.998348049698482	-0.0510765211807456
SLC39A9	0.445085367243365	-0.0268914118806917	0.998348049698482	-0.0268914118806917
ZFP30	0.445096611964514	0.0286557036824535	0.998348049698482	0.0286557036824535
TMEM231	0.445117412991486	-0.0675458823854865	0.998348049698482	-0.0675458823854865
SOS2	0.445153926286321	0.017086805303217	0.998348049698482	0.017086805303217
AC137494.1	0.445276682329166	-0.0451928501411353	0.998348049698482	-0.0451928501411353
ELAVL1	0.445324472056936	-0.0229416538979611	0.998348049698482	-0.0229416538979611
PFDN2	0.44544670272952	0.0433152326073745	0.998348049698482	0.0433152326073745
RBM10	0.445485992224094	-0.025706829728509	0.998348049698482	-0.025706829728509
ZFAT	0.445538642561781	0.0406329986329724	0.998348049698482	0.0406329986329724
STAG2	0.4455563359242	-0.0166271345147867	0.998348049698482	-0.0166271345147867
ADAM32	0.445615491414047	-0.0569349961616968	0.998348049698482	-0.0569349961616968
PXMP4	0.445630462051098	0.0368052137243604	0.998348049698482	0.0368052137243604
CNOT3	0.445839591718288	0.0389077549465758	0.998348049698482	0.0389077549465758
LINC02821	0.446048575072257	-0.04378327414765	0.998348049698482	-0.04378327414765
DBR1	0.446090003215816	-0.0586107383471827	0.998348049698482	-0.0586107383471827
TXN2	0.446386324921397	-0.0475545430690938	0.998348049698482	-0.0475545430690938
AC005821.1	0.446521664465934	-0.0588924225121594	0.998348049698482	-0.0588924225121594
ELOVL6	0.446600509069717	0.0305787163935726	0.998348049698482	0.0305787163935726
NDUFS5	0.446707458317832	-0.0694198596597778	0.998348049698482	-0.0694198596597778
DACT3-AS1	0.447076056823782	0.0636595313593599	0.998348049698482	0.0636595313593599
TMEM41B	0.447132094625127	0.0228850237956561	0.998348049698482	0.0228850237956561
ZFYVE16	0.447224884052714	0.020945201196398	0.998348049698482	0.020945201196398
FTX	0.447639214308184	-0.0124531341461505	0.998348049698482	-0.0124531341461505
ACTN1	0.447646556366481	0.0856402966189368	0.998348049698482	0.0856402966189368
PKNOX1	0.447721087889293	0.0244015731176409	0.998348049698482	0.0244015731176409
CNDP1	0.447798666682279	-0.0210049011658738	0.998348049698482	-0.0210049011658738
CCPG1	0.447861476542147	0.0349645795421028	0.998348049698482	0.0349645795421028
CISD2	0.447986775522801	-0.0448656629326096	0.998348049698482	-0.0448656629326096
OSBPL6	0.448007522539091	0.0816810014082378	0.998348049698482	0.0816810014082378
CENPC	0.448026515059988	0.0239077060760734	0.998348049698482	0.0239077060760734
PINX1	0.448033391720355	-0.0464390946514491	0.998348049698482	-0.0464390946514491
BCL2L2-PABPN1	0.448096451633344	0.0450381665032942	0.998348049698482	0.0450381665032942
ALG2	0.448181319789826	-0.0526910647774534	0.998348049698482	-0.0526910647774534
TMEM53	0.448214966237707	-0.0544725458936751	0.998348049698482	-0.0544725458936751
CCDC112	0.448247786486331	0.0275097091148511	0.998348049698482	0.0275097091148511
SUCLG1	0.448541562956581	0.030629952773606	0.998348049698482	0.030629952773606
MED6	0.448658339700173	0.0426690792521336	0.998348049698482	0.0426690792521336
ALDH6A1	0.448679760362698	0.0303346930636929	0.998348049698482	0.0303346930636929
CDIP1	0.448840857073614	0.046800114662956	0.998348049698482	0.046800114662956
NAMPT	0.448847230220996	0.0445647463365721	0.998348049698482	0.0445647463365721
MLF2	0.448863951696439	0.0582868371784745	0.998348049698482	0.0582868371784745
LARP4	0.448870585977736	-0.0265690460551249	0.998348049698482	-0.0265690460551249
ZNF134	0.449001458400065	0.058526133486416	0.998348049698482	0.058526133486416
SLIRP	0.449087846432049	0.027966135695265	0.998348049698482	0.027966135695265
CYB5A	0.449112913725111	-0.0521719465085679	0.998348049698482	-0.0521719465085679
RECK	0.449158997756188	-0.0213359242689797	0.998348049698482	-0.0213359242689797
ERV3-1	0.449178780703213	0.0582394035187121	0.998348049698482	0.0582394035187121
HSD17B11	0.449185826256622	0.0406824110619791	0.998348049698482	0.0406824110619791
CUEDC1	0.449572313744725	0.0191989673757563	0.998348049698482	0.0191989673757563
WDR48	0.449665270764232	0.0294158755250596	0.998348049698482	0.0294158755250596
MT-ATP8	0.44988603182203	0.0448726555186525	0.998348049698482	0.0448726555186525
ABRAXAS1	0.449995824933164	-0.0558966312707259	0.998348049698482	-0.0558966312707259
EFCAB2	0.45005197018962	-0.0177267973271243	0.998348049698482	-0.0177267973271243
ACAP3	0.4502005486956	0.0222181693266251	0.998348049698482	0.0222181693266251
PWWP3A	0.45037769829047	0.0187552628260012	0.998348049698482	0.0187552628260012
FDFT1	0.450557007001164	-0.022680136859075	0.998348049698482	-0.022680136859075
SF3B1	0.450597706803977	0.0163371713122493	0.998348049698482	0.0163371713122493
TCF25	0.450740911920445	-0.0189739983546704	0.998348049698482	-0.0189739983546704
HIF1A	0.450970962181382	0.0333614341739957	0.998348049698482	0.0333614341739957
RPN2	0.450971147736117	0.0306750366260194	0.998348049698482	0.0306750366260194
FAM71F2	0.451057705037908	0.0569326942123161	0.998348049698482	0.0569326942123161
ADAR	0.451140822238753	0.0222287583683059	0.998348049698482	0.0222287583683059
EFHC1	0.451157876412143	-0.0341202216698393	0.998348049698482	-0.0341202216698393
UAP1L1	0.451209102432828	0.0421753004248873	0.998348049698482	0.0421753004248873
PDSS2	0.451220974258472	0.0208926385659737	0.998348049698482	0.0208926385659737
SF3B3	0.451492574430316	0.0254678643193877	0.998348049698482	0.0254678643193877
ACSL1	0.451520789585115	-0.0263089727840712	0.998348049698482	-0.0263089727840712
C16orf70	0.451560912010296	0.0233062334059738	0.998348049698482	0.0233062334059738
WDR55	0.451610775274688	-0.0609460243572052	0.998348049698482	-0.0609460243572052
CCDC122	0.451679536781459	-0.0267248376191582	0.998348049698482	-0.0267248376191582
JPX	0.451732539464437	-0.0123404154494385	0.998348049698482	-0.0123404154494385
STMN4	0.451745058734863	0.0389618003753515	0.998348049698482	0.0389618003753515
SPOCK2	0.451824864639838	-0.0826447913227157	0.998348049698482	-0.0826447913227157
ZNF181	0.451869179216884	0.0488435893427365	0.998348049698482	0.0488435893427365
AL117335.1	0.451883956113413	0.0638248121258644	0.998348049698482	0.0638248121258644
NEURL1B	0.451958002057131	-0.0399006506230111	0.998348049698482	-0.0399006506230111
CLEC16A	0.452009119613878	-0.0207389775286396	0.998348049698482	-0.0207389775286396
RBP1	0.452032056474787	0.0514872367269513	0.998348049698482	0.0514872367269513
PPP1R12B	0.452251748820302	-0.0143033140923258	0.998348049698482	-0.0143033140923258
ZNF32	0.452297189455635	0.0329625075546394	0.998348049698482	0.0329625075546394
WASHC5	0.452426398564557	-0.018839483815852	0.998348049698482	-0.018839483815852
TRIM9	0.452520814933858	-0.0193266857961347	0.998348049698482	-0.0193266857961347
SNRPB2	0.452639372284655	0.0506567820235149	0.998348049698482	0.0506567820235149
ZDHHC24	0.45269642482294	-0.0439370453311935	0.998348049698482	-0.0439370453311935
IFT46	0.452700490290202	-0.0450906743288017	0.998348049698482	-0.0450906743288017
OTUD5	0.45279782468064	0.0269887634316325	0.998348049698482	0.0269887634316325
TVP23B	0.452809615912092	-0.0488134004048553	0.998348049698482	-0.0488134004048553
DNAJC18	0.452937813910173	0.0260491427586469	0.998348049698482	0.0260491427586469
HSDL1	0.453046780700354	-0.046109398440267	0.998348049698482	-0.046109398440267
APLP1	0.453101656491133	0.0245248467898488	0.998348049698482	0.0245248467898488
BAZ1B	0.453141529846718	-0.0238630718162885	0.998348049698482	-0.0238630718162885
TMOD3	0.453342617917447	-0.0336733420117953	0.998348049698482	-0.0336733420117953
WDTC1	0.453357191371534	0.0250411331622908	0.998348049698482	0.0250411331622908
CCDC3	0.453606523985887	-0.0481451256851784	0.998348049698482	-0.0481451256851784
SEC14L1	0.453645917720312	-0.0245275673490494	0.998348049698482	-0.0245275673490494
CALN1	0.453679244476114	-0.0359978829799666	0.998348049698482	-0.0359978829799666
PRIMA1	0.45372940103763	0.0260506329151097	0.998348049698482	0.0260506329151097
PCCA-DT	0.453920361574624	-0.0466275696022023	0.998348049698482	-0.0466275696022023
HNRNPR	0.454034218918653	0.0214588653491801	0.998348049698482	0.0214588653491801
RAB29	0.454119092038419	0.0541182026975959	0.998348049698482	0.0541182026975959
GULP1	0.45415333499841	-0.110889221504594	0.998348049698482	-0.110889221504594
MEG8	0.454395413213567	-0.0832555765188565	0.998348049698482	-0.0832555765188565
PTPN13	0.454411602845583	0.0227769815013459	0.998348049698482	0.0227769815013459
ZNF140	0.454464258975627	-0.0455999532058061	0.998348049698482	-0.0455999532058061
RUNDC3A	0.454510227771891	0.0845584992531441	0.998348049698482	0.0845584992531441
XIST	0.454642913740784	0.052286205777817	0.998348049698482	0.052286205777817
VPS26A	0.454751242319427	0.0259300257399766	0.998348049698482	0.0259300257399766
INTS8	0.455215308684366	0.0269772999135392	0.998348049698482	0.0269772999135392
CASP8AP2	0.455407073302841	0.0277146789524656	0.998348049698482	0.0277146789524656
FAM182A	0.455462849541023	-0.0701239525736864	0.998348049698482	-0.0701239525736864
CCDC43	0.455550502056497	-0.0640756558930012	0.998348049698482	-0.0640756558930012
SNTB2	0.455623298095516	-0.0448381967990016	0.998348049698482	-0.0448381967990016
HHATL	0.455672879514406	0.0240346313725314	0.998348049698482	0.0240346313725314
MRPL52	0.455848701785386	-0.0530388601151087	0.998348049698482	-0.0530388601151087
ZBED4	0.456042629664619	-0.0389668877599626	0.998348049698482	-0.0389668877599626
MTM1	0.456062918501177	-0.0276171111429689	0.998348049698482	-0.0276171111429689
SMAD1	0.456066753450622	-0.0432240510494264	0.998348049698482	-0.0432240510494264
FAM219B	0.456103589417118	0.0459900128019321	0.998348049698482	0.0459900128019321
TLK2	0.456143015281778	0.0213566030659867	0.998348049698482	0.0213566030659867
LRRTM4	0.456235279195015	0.0704642593853549	0.998348049698482	0.0704642593853549
EGLN1	0.456310556466181	0.0221111696123827	0.998348049698482	0.0221111696123827
CIAO3	0.456371736083764	0.0440855292060068	0.998348049698482	0.0440855292060068
ZNF568	0.45639257375292	-0.0296066912819779	0.998348049698482	-0.0296066912819779
VEGFD	0.456409684828126	-0.0525805748944942	0.998348049698482	-0.0525805748944942
HDAC6	0.456450615921406	0.0295337044661913	0.998348049698482	0.0295337044661913
USP30	0.456598611467682	0.0248940529358041	0.998348049698482	0.0248940529358041
XBP1	0.456710348757214	0.0649120341735687	0.998348049698482	0.0649120341735687
LARS2	0.456714033559817	0.0293115159120258	0.998348049698482	0.0293115159120258
ATF7IP	0.456773870348894	0.0176113717211079	0.998348049698482	0.0176113717211079
NDN	0.456849951930911	-0.0850847700448245	0.998348049698482	-0.0850847700448245
SLC26A6	0.456867910897206	0.0627527223920583	0.998348049698482	0.0627527223920583
SEC24C	0.456900071357839	-0.0286304827441298	0.998348049698482	-0.0286304827441298
TRPV1	0.456968212730008	0.0326918722060709	0.998348049698482	0.0326918722060709
ALKBH5	0.457146367568229	-0.0267988354093462	0.998348049698482	-0.0267988354093462
ZNF263	0.457183530196605	0.0445492046137895	0.998348049698482	0.0445492046137895
CCDC85C	0.457296334773415	-0.0410917431540643	0.998348049698482	-0.0410917431540643
FGFR1	0.457347948216395	0.0574634047671814	0.998348049698482	0.0574634047671814
FBXL20	0.457350168381083	-0.0184049240436346	0.998348049698482	-0.0184049240436346
PRAF2	0.457390395839065	0.0492155511974672	0.998348049698482	0.0492155511974672
AC239809.3	0.457509276883009	-0.0425326290682074	0.998348049698482	-0.0425326290682074
XYLB	0.457971100100712	0.0424269233362143	0.998348049698482	0.0424269233362143
C4orf3	0.457973879020343	0.0540844447065987	0.998348049698482	0.0540844447065987
PSEN1	0.457994610686784	0.0163131795350079	0.998348049698482	0.0163131795350079
DNAJC9	0.458052865145025	0.0232369413943095	0.998348049698482	0.0232369413943095
ZNF778	0.458104683749571	-0.0489379309119034	0.998348049698482	-0.0489379309119034
FILIP1L	0.458621379129377	-0.0620701735237121	0.998348049698482	-0.0620701735237121
ZBTB16	0.458641640187967	-0.0194396776209903	0.998348049698482	-0.0194396776209903
SYT16	0.458659628382918	0.0723536502773929	0.998348049698482	0.0723536502773929
LTBP1	0.458717279280342	0.031262105463998	0.998348049698482	0.031262105463998
ABCB10	0.458725661474593	-0.0291218368378141	0.998348049698482	-0.0291218368378141
DCUN1D2	0.458725805728404	0.0255502072376403	0.998348049698482	0.0255502072376403
METTL8	0.458802474776971	-0.0285569862812199	0.998348049698482	-0.0285569862812199
DYRK4	0.45885585641896	0.051495333283216	0.998348049698482	0.051495333283216
HAX1	0.458914144403864	0.0629935265853824	0.998348049698482	0.0629935265853824
JUP	0.459246678384311	0.0325619454418693	0.998348049698482	0.0325619454418693
FAAH2	0.459368643937349	-0.0480817318995036	0.998348049698482	-0.0480817318995036
PEX6	0.459513711104233	-0.0315547978201644	0.998348049698482	-0.0315547978201644
ZADH2	0.459671857994756	-0.049455110839662	0.998348049698482	-0.049455110839662
ASTN2	0.45967749125856	-0.0181670057116234	0.998348049698482	-0.0181670057116234
ATP13A3	0.459748649838606	-0.0277012712653224	0.998348049698482	-0.0277012712653224
ZMAT1	0.459797284632235	0.0243071650151024	0.998348049698482	0.0243071650151024
TCTN1	0.459814953975187	-0.0476509582272341	0.998348049698482	-0.0476509582272341
SMURF2	0.45984511010015	0.0224582734893809	0.998348049698482	0.0224582734893809
YIF1B	0.459928975173963	0.0341314404417346	0.998348049698482	0.0341314404417346
ARMC5	0.459951926675391	0.068487754400838	0.998348049698482	0.068487754400838
CRIPT	0.459967214419875	0.0397158367000134	0.998348049698482	0.0397158367000134
STX18-AS1	0.460092899052472	-0.0262616406758151	0.998348049698482	-0.0262616406758151
IFRD2	0.460118586749298	0.0567410383294653	0.998348049698482	0.0567410383294653
TLCD4	0.460438512305694	-0.0547408364248889	0.998348049698482	-0.0547408364248889
H1FX	0.46051644348042	-0.05772989051965	0.998348049698482	-0.05772989051965
CDK7	0.460686126167719	0.0489439915291381	0.998348049698482	0.0489439915291381
CYP4V2	0.460739608341513	0.0330611450468312	0.998348049698482	0.0330611450468312
VSTM2B	0.460774636727249	0.0254421077274215	0.998348049698482	0.0254421077274215
TOP2B	0.4609291368009	-0.0217050579223977	0.998348049698482	-0.0217050579223977
SPSB3	0.460998889778617	0.0407074864691506	0.998348049698482	0.0407074864691506
EFR3A	0.461059738400489	0.0345166203008142	0.998348049698482	0.0345166203008142
PSMA6	0.46115564296105	0.0286204917126826	0.998348049698482	0.0286204917126826
AKT1	0.461638950592951	0.0340667597079643	0.998348049698482	0.0340667597079643
KANSL1L	0.461765362463704	-0.0191033517829475	0.998348049698482	-0.0191033517829475
EFNA1	0.461802517031567	-0.0363188793875249	0.998348049698482	-0.0363188793875249
ACACA	0.461924533169483	0.0154832971437189	0.998348049698482	0.0154832971437189
EWSR1	0.462017500748732	0.024398140454475	0.998348049698482	0.024398140454475
MOSMO	0.462074151711018	0.0204136218923642	0.998348049698482	0.0204136218923642
BZW1	0.462191588619424	-0.0506725514006598	0.998348049698482	-0.0506725514006598
TBCEL	0.462230564503799	0.0331340313737417	0.998348049698482	0.0331340313737417
EFCAB13	0.462517968187207	-0.0645903440795675	0.998348049698482	-0.0645903440795675
CCDC149	0.462578179441518	0.0339106858238472	0.998348049698482	0.0339106858238472
FBXL17	0.462600493655781	-0.0263805570352313	0.998348049698482	-0.0263805570352313
EDA	0.462729314199772	0.0269560319141939	0.998348049698482	0.0269560319141939
LRCH3	0.462732337228461	0.0136403813685519	0.998348049698482	0.0136403813685519
AC138649.1	0.463018062064747	-0.067896597410969	0.998348049698482	-0.067896597410969
HID1	0.463022264327358	-0.0216974375717882	0.998348049698482	-0.0216974375717882
RGS6	0.463109254388815	0.0712529782794673	0.998348049698482	0.0712529782794673
FAM185A	0.463164715475811	-0.032361831797621	0.998348049698482	-0.032361831797621
AC104170.1	0.463494136764662	-0.05515063857821	0.998348049698482	-0.05515063857821
AC079447.1	0.463667111316897	0.0200644834046803	0.998348049698482	0.0200644834046803
EMC7	0.464045760986121	0.0475230741179942	0.998348049698482	0.0475230741179942
SYT9	0.464045762352912	-0.0195567185891234	0.998348049698482	-0.0195567185891234
ASTN1	0.464094549901586	0.0655140606916815	0.998348049698482	0.0655140606916815
AL031651.2	0.464122594739501	0.0683439825857656	0.998348049698482	0.0683439825857656
SMAD4	0.464330913586598	-0.0198805686290547	0.998348049698482	-0.0198805686290547
BEX1	0.464430518690284	-0.0727482474086147	0.998348049698482	-0.0727482474086147
RAB14	0.464692645175385	0.0273399512247946	0.998348049698482	0.0273399512247946
KLHL20	0.465252780748703	0.0242194807068567	0.998348049698482	0.0242194807068567
HSPBAP1	0.465471714429843	0.0313922145357452	0.998348049698482	0.0313922145357452
DDX31	0.465516179447516	0.0379701624359	0.998348049698482	0.0379701624359
ZSCAN18	0.465539354599989	-0.0258026350495352	0.998348049698482	-0.0258026350495352
CDC23	0.465611900289862	0.0467382031661499	0.998348049698482	0.0467382031661499
CMAS	0.465671909023122	-0.0427635728883839	0.998348049698482	-0.0427635728883839
MAGI3	0.465726017334057	-0.0809036339369926	0.998348049698482	-0.0809036339369926
CSRNP3	0.465751047983631	0.052216624763165	0.998348049698482	0.052216624763165
NUAK1	0.465856229391598	0.0223759254910277	0.998348049698482	0.0223759254910277
QRICH2	0.465966023825951	-0.0500054906722577	0.998348049698482	-0.0500054906722577
MBD1	0.466019263019914	-0.036236601319324	0.998348049698482	-0.036236601319324
KLRG1	0.466511866108743	-0.0397291467351539	0.998348049698482	-0.0397291467351539
COBL	0.466591363308169	-0.0133412764381656	0.998348049698482	-0.0133412764381656
ATP6V1G2	0.466632140909732	0.0869251693290756	0.998348049698482	0.0869251693290756
MYH10	0.466689805963759	0.0938747029032985	0.998348049698482	0.0938747029032985
PRRG1	0.466852276277927	0.0157504664227937	0.998348049698482	0.0157504664227937
PPIF	0.466878298486319	0.0653898700771845	0.998348049698482	0.0653898700771845
FEM1A	0.466912704216391	0.0356329710784672	0.998348049698482	0.0356329710784672
RAP1GDS1	0.467112795785777	0.0142628858111916	0.998348049698482	0.0142628858111916
MLX	0.467283292976609	-0.0650953116991545	0.998348049698482	-0.0650953116991545
ZC3H15	0.467399221276	0.0348279490015809	0.998348049698482	0.0348279490015809
LINC00205	0.467477671831594	0.0559796114494702	0.998348049698482	0.0559796114494702
C7orf50	0.467517144883265	-0.038152775181778	0.998348049698482	-0.038152775181778
ARL6IP6	0.467570304643736	0.0271982384715772	0.998348049698482	0.0271982384715772
ITPK1	0.467588690976707	-0.0186140574988688	0.998348049698482	-0.0186140574988688
PER1	0.467625433682868	-0.0304397703016129	0.998348049698482	-0.0304397703016129
SMG7	0.468133015258341	-0.0197687807487646	0.998348049698482	-0.0197687807487646
TEX264	0.468165441361136	-0.0521147910801633	0.998348049698482	-0.0521147910801633
CA10	0.468218687484509	-0.080148303409249	0.998348049698482	-0.080148303409249
BRI3BP	0.468221151032948	-0.0331001421030185	0.998348049698482	-0.0331001421030185
MIEF1	0.468289359860248	-0.0494895067338364	0.998348049698482	-0.0494895067338364
UBL5	0.468291409663322	0.0615116884450839	0.998348049698482	0.0615116884450839
KDM6B	0.468300930245531	-0.0687768952523958	0.998348049698482	-0.0687768952523958
RBM7	0.468318503731108	0.0569975612250897	0.998348049698482	0.0569975612250897
LMBRD1	0.468329513190895	0.0210238572803595	0.998348049698482	0.0210238572803595
ZNF488	0.468407716646634	0.0462890629277914	0.998348049698482	0.0462890629277914
KIAA0319L	0.468413687528241	0.0193664070079334	0.998348049698482	0.0193664070079334
ZNF566	0.468419718965945	0.0282801760862177	0.998348049698482	0.0282801760862177
UBQLN2	0.468534803978058	0.0416457432631006	0.998348049698482	0.0416457432631006
PHF11	0.468583414823578	-0.0346427866442954	0.998348049698482	-0.0346427866442954
TRIM46	0.468622969416758	-0.0574255604735456	0.998348049698482	-0.0574255604735456
RPS15A	0.468655450460649	-0.0496449475074103	0.998348049698482	-0.0496449475074103
MTBP	0.468829633666141	-0.0465655584228632	0.998348049698482	-0.0465655584228632
RPL18A	0.468949293875217	0.0488824731296886	0.998348049698482	0.0488824731296886
VSNL1	0.469203543136607	0.0778096427060501	0.998348049698482	0.0778096427060501
MIGA1	0.469321755636897	-0.0143276892017253	0.998348049698482	-0.0143276892017253
INTS7	0.469336391913082	-0.0274457053416775	0.998348049698482	-0.0274457053416775
UBE3D	0.469356788891094	0.0237537333589324	0.998348049698482	0.0237537333589324
GAK	0.469399967480338	-0.0260355440435026	0.998348049698482	-0.0260355440435026
ATG10	0.469424529017519	-0.029682686676969	0.998348049698482	-0.029682686676969
EIF3G	0.469527643648334	0.0383822888844587	0.998348049698482	0.0383822888844587
ANKRD40	0.469540717232801	0.0364235309131354	0.998348049698482	0.0364235309131354
SMOX	0.469583809499571	0.049697698373779	0.998348049698482	0.049697698373779
STX3	0.469708344243903	-0.0402106774411636	0.998348049698482	-0.0402106774411636
GRSF1	0.469762100260438	0.0373391396683558	0.998348049698482	0.0373391396683558
XIAP	0.4698254075821	-0.0194605832396007	0.998348049698482	-0.0194605832396007
PHF14	0.469843422715337	0.0148881281399203	0.998348049698482	0.0148881281399203
LINC01252	0.469960465357934	-0.0596937598863492	0.998348049698482	-0.0596937598863492
AP003100.2	0.469981084060947	0.0381631733691941	0.998348049698482	0.0381631733691941
KIDINS220	0.470011834664225	0.0131530732547572	0.998348049698482	0.0131530732547572
GAPVD1	0.470019311175128	0.0209072958795703	0.998348049698482	0.0209072958795703
METTL17	0.470079010198056	0.0356326133068335	0.998348049698482	0.0356326133068335
AC008124.1	0.470218906817989	0.0281738822742847	0.998348049698482	0.0281738822742847
PARP4	0.470347971084097	0.0281310129370142	0.998348049698482	0.0281310129370142
CARM1	0.470351799088916	-0.0309482720304594	0.998348049698482	-0.0309482720304594
NEGR1	0.470384852382058	0.0438692265396472	0.998348049698482	0.0438692265396472
TASOR	0.470757317756095	0.0183984169770231	0.998348049698482	0.0183984169770231
PPM1A	0.470902601580182	-0.0297208581837208	0.998348049698482	-0.0297208581837208
MOSPD3	0.471025520169906	0.0555912336539867	0.998348049698482	0.0555912336539867
RALGAPA1	0.471063203128985	0.0131924703993847	0.998348049698482	0.0131924703993847
CD164	0.471307942693876	0.025721688647755	0.998348049698482	0.025721688647755
NEIL1	0.471505301309784	0.0633451578533201	0.998348049698482	0.0633451578533201
EPC1	0.4715084041977	0.0131353667273629	0.998348049698482	0.0131353667273629
ZNF676	0.471603586298685	0.0362525798225759	0.998348049698482	0.0362525798225759
TM9SF2	0.471709491494731	-0.0265876946682048	0.998348049698482	-0.0265876946682048
RNF11	0.471854302947438	0.0383950024599022	0.998348049698482	0.0383950024599022
RAB30-DT	0.47193287109049	0.0199245248577688	0.998348049698482	0.0199245248577688
GALNT17	0.471947042035627	-0.0709585640512005	0.998348049698482	-0.0709585640512005
RPTOR	0.471965566830125	-0.0205833760868456	0.998348049698482	-0.0205833760868456
HCG17	0.472103808598508	-0.0235779859037304	0.998348049698482	-0.0235779859037304
DUOX1	0.472137889010227	-0.0617969184486117	0.998348049698482	-0.0617969184486117
DUSP18	0.472283405519221	0.0322818682207377	0.998348049698482	0.0322818682207377
LIFR-AS1	0.472361981043609	-0.046283569635129	0.998348049698482	-0.046283569635129
LSM3	0.472455518202138	0.0604194948669457	0.998348049698482	0.0604194948669457
ZNF567	0.472483230710874	-0.0405571483552969	0.998348049698482	-0.0405571483552969
NELFE	0.472494518765797	0.0364158664072174	0.998348049698482	0.0364158664072174
OGT	0.472842819697558	-0.0246581848548901	0.998348049698482	-0.0246581848548901
OFD1	0.473072202926909	-0.0216038639447263	0.998348049698482	-0.0216038639447263
ZSCAN25	0.473087335222514	0.0471061115501174	0.998348049698482	0.0471061115501174
INTS6-AS1	0.473170068962867	0.0378090600034129	0.998348049698482	0.0378090600034129
BNIP2	0.473320255566638	0.0295154964177294	0.998348049698482	0.0295154964177294
CXorf56	0.473575424802429	-0.0631586306132028	0.998348049698482	-0.0631586306132028
MT-CO2	0.47361184900922	0.0239267068318734	0.998348049698482	0.0239267068318734
C2CD6	0.47381207213933	-0.0543833121034272	0.998348049698482	-0.0543833121034272
MCRIP1	0.4738754971237	0.0352474517809022	0.998348049698482	0.0352474517809022
MYL12B	0.47390311966873	0.0594157368563526	0.998348049698482	0.0594157368563526
ZDHHC18	0.473909556776952	0.0441184915586805	0.998348049698482	0.0441184915586805
ARID3A	0.473988119364185	-0.0586472395299257	0.998348049698482	-0.0586472395299257
THAP7	0.474064819299221	-0.067124618090715	0.998348049698482	-0.067124618090715
VMP1	0.474082267060056	0.0164955503274595	0.998348049698482	0.0164955503274595
MARK3	0.474126442306396	0.0150237081763972	0.998348049698482	0.0150237081763972
PIK3R4	0.474258287676311	-0.0318368229047869	0.998348049698482	-0.0318368229047869
ARMC2	0.474277417070356	0.0515838241415976	0.998348049698482	0.0515838241415976
SPNS2	0.474323690266584	0.0182738020897791	0.998348049698482	0.0182738020897791
AC073332.1	0.474408991054334	0.0583798605072804	0.998348049698482	0.0583798605072804
AC025171.2	0.474746986506842	-0.037510390605496	0.998348049698482	-0.037510390605496
TUG1	0.474874549458089	0.0231357563237552	0.998348049698482	0.0231357563237552
AP4M1	0.474963944592821	0.0544196603846508	0.998348049698482	0.0544196603846508
MAPK8	0.475291990675708	-0.0187568311893889	0.998348049698482	-0.0187568311893889
TLCD5	0.475405590940906	-0.0444606556458091	0.998348049698482	-0.0444606556458091
ABCD3	0.475452956245379	-0.0225291850507684	0.998348049698482	-0.0225291850507684
ZNF600	0.475488490648217	0.0586440667142547	0.998348049698482	0.0586440667142547
STRBP	0.475636341032833	0.0469238469564455	0.998348049698482	0.0469238469564455
NKAIN1	0.475792256011822	-0.0320501724010426	0.998348049698482	-0.0320501724010426
AC092115.3	0.475813857877617	0.0532805335068924	0.998348049698482	0.0532805335068924
GPR135	0.475815496386397	-0.0298797863877055	0.998348049698482	-0.0298797863877055
ITCH	0.475857164038827	0.0150344312139484	0.998348049698482	0.0150344312139484
FAM98B	0.476100913004079	0.0335735814215052	0.998348049698482	0.0335735814215052
ATP5F1A	0.476234017004689	0.051927404101186	0.998348049698482	0.051927404101186
RILPL1	0.47624762329102	-0.0216167573630783	0.998348049698482	-0.0216167573630783
PRKACA	0.476311062646135	-0.0378046197439315	0.998348049698482	-0.0378046197439315
AC006115.2	0.476352401476993	0.020882445058162	0.998348049698482	0.020882445058162
AL590807.1	0.476421944143757	-0.066032984067959	0.998348049698482	-0.066032984067959
CBWD1	0.476614237992941	-0.0396752504158124	0.998348049698482	-0.0396752504158124
ZCCHC3	0.476751064937342	0.0472996561342414	0.998348049698482	0.0472996561342414
CAMKK2	0.476798755537923	0.0505769256405645	0.998348049698482	0.0505769256405645
TMED8	0.477121430049402	0.0407848498044343	0.998348049698482	0.0407848498044343
MIR762HG	0.477195192167698	0.0647222672261133	0.998348049698482	0.0647222672261133
GPRASP1	0.477277383527705	-0.0619968408767919	0.998348049698482	-0.0619968408767919
MAF	0.477528303177109	0.0718555168901891	0.998348049698482	0.0718555168901891
NAA16	0.477604949318274	-0.0216659307826129	0.998348049698482	-0.0216659307826129
HEXIM1	0.477608218175582	-0.0678754416642158	0.998348049698482	-0.0678754416642158
SRPK1	0.47768764948613	-0.0340549323852871	0.998348049698482	-0.0340549323852871
CTNNBIP1	0.477792817247146	0.02861303664699	0.998348049698482	0.02861303664699
ZNF343	0.477829793906232	-0.0486979823658411	0.998348049698482	-0.0486979823658411
ANKRD36	0.477879286359765	0.0173174571969783	0.998348049698482	0.0173174571969783
GNAO1	0.478006625049458	-0.0127093920149219	0.998348049698482	-0.0127093920149219
KCNK12	0.478067043081467	-0.0665783093742769	0.998348049698482	-0.0665783093742769
MAP1LC3A	0.478080577415942	0.0361380685384562	0.998348049698482	0.0361380685384562
ANKMY2	0.478229244909361	0.0600883289468688	0.998348049698482	0.0600883289468688
ADNP2	0.478256544198217	-0.0267904596398402	0.998348049698482	-0.0267904596398402
SGSM3	0.478345295330921	-0.041594221898554	0.998348049698482	-0.041594221898554
ASB16-AS1	0.47846357621565	-0.0514609610183331	0.998348049698482	-0.0514609610183331
IRGQ	0.478715312660237	0.0436112524688268	0.998348049698482	0.0436112524688268
ICMT	0.478837329939228	0.0543768203432325	0.998348049698482	0.0543768203432325
NFKBIZ	0.478914716551341	-0.0313906476255651	0.998348049698482	-0.0313906476255651
DLEU1	0.478995756227351	-0.0312386986435014	0.998348049698482	-0.0312386986435014
APC2	0.479256012554298	-0.0412846478607865	0.998348049698482	-0.0412846478607865
WFS1	0.479262001142514	0.0697053485407038	0.998348049698482	0.0697053485407038
ADGRL2	0.479267490238488	0.074448068425857	0.998348049698482	0.074448068425857
KIAA0232	0.479379036338685	0.0161515625784883	0.998348049698482	0.0161515625784883
PLEKHA6	0.479420479961688	-0.0549940439462864	0.998348049698482	-0.0549940439462864
NOMO1	0.47945278164555	0.0299384334273071	0.998348049698482	0.0299384334273071
GAS6	0.47987451996985	-0.0531391603554539	0.998348049698482	-0.0531391603554539
MMACHC	0.479876163052904	0.0612605413923485	0.998348049698482	0.0612605413923485
MANEA	0.479928493958697	0.0508755938080768	0.998348049698482	0.0508755938080768
EFS	0.479976617507898	0.0332704032961334	0.998348049698482	0.0332704032961334
RDX	0.480088249690511	-0.0141405191798571	0.998348049698482	-0.0141405191798571
CCNE2	0.480103980650763	0.0416784085777224	0.998348049698482	0.0416784085777224
RASGEF1C	0.48023717760926	0.0519570974190484	0.998348049698482	0.0519570974190484
ST3GAL3	0.480249408206217	0.0200023857409291	0.998348049698482	0.0200023857409291
TBC1D15	0.480413850662783	0.016843317618322	0.998348049698482	0.016843317618322
GANAB	0.480915137552534	0.0287155652248996	0.998348049698482	0.0287155652248996
SLC25A40	0.48109822237486	-0.0385661613414104	0.998348049698482	-0.0385661613414104
SMAD5	0.481243360876831	0.0201711962048333	0.998348049698482	0.0201711962048333
RPSA	0.481260517278799	-0.0401685403077465	0.998348049698482	-0.0401685403077465
AKNAD1	0.481596931143883	-0.0369361008469242	0.998348049698482	-0.0369361008469242
DGAT1	0.481744028043239	-0.0552946712998495	0.998348049698482	-0.0552946712998495
ZNF286A	0.481801646700213	0.0294229040588222	0.998348049698482	0.0294229040588222
ARFIP2	0.481972326819145	-0.0543414971625995	0.998348049698482	-0.0543414971625995
RPL10A	0.481989104256402	-0.0550094869169295	0.998348049698482	-0.0550094869169295
SELENOI	0.482002642258271	-0.0286795694385842	0.998348049698482	-0.0286795694385842
SCCPDH	0.482084854443138	-0.0381018615327335	0.998348049698482	-0.0381018615327335
FOXJ2	0.482165054322173	-0.0468717846521217	0.998348049698482	-0.0468717846521217
EPHB1	0.482303685266174	-0.060925854459017	0.998348049698482	-0.060925854459017
USP11	0.482408953684762	-0.0392382497067671	0.998348049698482	-0.0392382497067671
CCDC148	0.482560309896764	0.0485646338008098	0.998348049698482	0.0485646338008098
GLIDR	0.482641117130544	0.0534095936581908	0.998348049698482	0.0534095936581908
KANSL1	0.482804863703194	-0.0164243176685163	0.998348049698482	-0.0164243176685163
DHRS4-AS1	0.483125729011487	-0.0486741704215599	0.998348049698482	-0.0486741704215599
TMED4	0.483131366876622	-0.0302347471583984	0.998348049698482	-0.0302347471583984
OSBPL9	0.48326865378284	-0.0143396717881642	0.998348049698482	-0.0143396717881642
TMEM164	0.483368372456186	-0.0525532872266515	0.998348049698482	-0.0525532872266515
AC015983.2	0.483383400482911	-0.034466988820384	0.998348049698482	-0.034466988820384
MED9	0.483428789842692	-0.0492746655444461	0.998348049698482	-0.0492746655444461
RANBP1	0.483429203874509	0.050230582952349	0.998348049698482	0.050230582952349
AC041005.1	0.483526913199758	-0.0498809624322467	0.998348049698482	-0.0498809624322467
ZNF780B	0.483656408934912	-0.026448629523923	0.998348049698482	-0.026448629523923
PSME4	0.483730731096788	-0.0160704984357595	0.998348049698482	-0.0160704984357595
CTNNA3	0.483758643726421	0.0111465867241898	0.998348049698482	0.0111465867241898
CACNA1E	0.483762528021345	0.0762030937619135	0.998348049698482	0.0762030937619135
FXR2	0.483864930099582	0.0371215222377272	0.998348049698482	0.0371215222377272
BOD1	0.483929848740324	-0.0487717830322523	0.998348049698482	-0.0487717830322523
TSC22D1	0.484050468238879	-0.0301889469352406	0.998348049698482	-0.0301889469352406
OTUD7A	0.484423811858791	-0.0163272100914664	0.998348049698482	-0.0163272100914664
LRCH4	0.484485692896068	-0.0426084842472457	0.998348049698482	-0.0426084842472457
EIF2AK4	0.484585171915956	-0.0225928472219651	0.998348049698482	-0.0225928472219651
CAP2	0.484676998786578	-0.0789660236919554	0.998348049698482	-0.0789660236919554
TBRG4	0.484682526066709	0.0381434168177243	0.998348049698482	0.0381434168177243
SLC25A53	0.484782284224691	0.027986498737326	0.998348049698482	0.027986498737326
PIP5K1C	0.485020873267618	0.0421671269758421	0.998348049698482	0.0421671269758421
DAGLB	0.485079038339157	-0.0423638759607323	0.998348049698482	-0.0423638759607323
NPIPB15	0.485202281543014	0.0648914011365719	0.998348049698482	0.0648914011365719
RASGRF1	0.485457675990503	0.0397621215656765	0.998348049698482	0.0397621215656765
ATF4	0.485505689960052	0.0337373051056575	0.998348049698482	0.0337373051056575
MBD3	0.485592822966287	0.0250737645234352	0.998348049698482	0.0250737645234352
SKIL	0.485628009721542	-0.0377279952885203	0.998348049698482	-0.0377279952885203
NPDC1	0.485638765171658	-0.0435115733941866	0.998348049698482	-0.0435115733941866
NDUFB10	0.48578712627578	-0.0637619659838515	0.998348049698482	-0.0637619659838515
PDCD10	0.485883496420851	0.0266863163640337	0.998348049698482	0.0266863163640337
NKX6-2	0.485894135694252	-0.0226308328165208	0.998348049698482	-0.0226308328165208
SRFBP1	0.485899311699002	-0.0289244309008062	0.998348049698482	-0.0289244309008062
STK24	0.486137458579622	-0.0430093639662977	0.998348049698482	-0.0430093639662977
SMARCB1	0.486285867612105	0.0244272428003609	0.998348049698482	0.0244272428003609
C17orf80	0.486321807591769	-0.0536981577233844	0.998348049698482	-0.0536981577233844
ATAD5	0.486578209383231	0.0400694197811731	0.998348049698482	0.0400694197811731
PLXNB1	0.486726498592631	0.0224922763581323	0.998348049698482	0.0224922763581323
TRPV5	0.486739266571378	-0.0480506520033342	0.998348049698482	-0.0480506520033342
MAF1	0.486851129120846	-0.0454259560896243	0.998348049698482	-0.0454259560896243
PRR7	0.486879635180959	0.0662540597680109	0.998348049698482	0.0662540597680109
XXYLT1	0.486927241684932	-0.0353470780756626	0.998348049698482	-0.0353470780756626
ARIH2	0.48696166911881	-0.0153146879495164	0.998348049698482	-0.0153146879495164
PKDCC	0.48701651006051	-0.0795041827678964	0.998348049698482	-0.0795041827678964
IFI27L2	0.487115812814587	0.0553165032817461	0.998348049698482	0.0553165032817461
CTNNA1	0.487130031353012	0.0168167110212865	0.998348049698482	0.0168167110212865
PARD3	0.487175657307889	-0.0608438266533584	0.998348049698482	-0.0608438266533584
CHTOP	0.487182232700319	0.0223686536722942	0.998348049698482	0.0223686536722942
TTC28	0.487364348695032	-0.0175881987399508	0.998348049698482	-0.0175881987399508
FAM120A	0.487531629412822	0.0175683606843428	0.998348049698482	0.0175683606843428
NDUFAF4	0.487540024552304	-0.0613798000371583	0.998348049698482	-0.0613798000371583
KIAA0895	0.487565479531446	-0.0518457315323452	0.998348049698482	-0.0518457315323452
DYM	0.487996571791451	-0.0132615734656765	0.998348049698482	-0.0132615734656765
CCDC14	0.488195744463848	0.0276597520187034	0.998348049698482	0.0276597520187034
FLCN	0.488202251436385	-0.026088687197888	0.998348049698482	-0.026088687197888
MMP16	0.488302023029058	-0.0806726152730012	0.998348049698482	-0.0806726152730012
SNHG5	0.488334576189743	0.0211372955926118	0.998348049698482	0.0211372955926118
RFX3-AS1	0.488477951846958	-0.0296588371457801	0.998348049698482	-0.0296588371457801
PIGX	0.488580103945911	-0.0411541099129512	0.998348049698482	-0.0411541099129512
BDH1	0.488594644375418	-0.0438961396241486	0.998348049698482	-0.0438961396241486
CUTC	0.488602225810537	0.0287764797261529	0.998348049698482	0.0287764797261529
TOM1L1	0.488625049877545	0.0766802062730399	0.998348049698482	0.0766802062730399
EFCAB14	0.488679834576152	0.0291366824603637	0.998348049698482	0.0291366824603637
NDUFA7	0.488700743288885	-0.0607593275350413	0.998348049698482	-0.0607593275350413
PRDX3	0.488901545174073	0.0462662371701327	0.998348049698482	0.0462662371701327
SAP25	0.489160943346355	-0.0390333787442556	0.998348049698482	-0.0390333787442556
SPEF2	0.489234862046196	-0.0664210618756387	0.998348049698482	-0.0664210618756387
MAP2K5	0.489364458892795	-0.0149891461002521	0.998348049698482	-0.0149891461002521
TSPYL2	0.489436616243762	-0.0659996446305515	0.998348049698482	-0.0659996446305515
WRAP73	0.489544257038713	0.0453469883945934	0.998348049698482	0.0453469883945934
RAI1	0.489615174249761	-0.0266817219887315	0.998348049698482	-0.0266817219887315
H2AFZ	0.489822744419243	0.0687223744595973	0.998348049698482	0.0687223744595973
TGFB3	0.489898427288344	0.0480891360855404	0.998348049698482	0.0480891360855404
HERC5	0.490057275898552	0.0538007001972157	0.998348049698482	0.0538007001972157
CLVS1	0.490084461888094	0.0450670065388105	0.998348049698482	0.0450670065388105
A1BG	0.49009703239982	0.0583719768326047	0.998348049698482	0.0583719768326047
CCNC	0.49022278132598	-0.0423865069496495	0.998348049698482	-0.0423865069496495
C19orf81	0.490316668012295	0.0705752896948922	0.998348049698482	0.0705752896948922
TESK1	0.490331527134928	0.0487657691374566	0.998348049698482	0.0487657691374566
GRB2	0.490358620662248	-0.0206704575147544	0.998348049698482	-0.0206704575147544
SLC27A5	0.490373849772052	-0.0368333660288208	0.998348049698482	-0.0368333660288208
CADPS	0.490396591372592	0.067748467860663	0.998348049698482	0.067748467860663
MRPL24	0.49055387067855	0.0524777999079514	0.998348049698482	0.0524777999079514
PSIP1	0.490744175813811	-0.0212151030659425	0.998348049698482	-0.0212151030659425
SEPTIN2	0.490791353100452	0.017910439660537	0.998348049698482	0.017910439660537
ITPR2	0.490826690966382	0.0379768642636591	0.998348049698482	0.0379768642636591
INSYN2A	0.490875474196913	-0.0559539863573982	0.998348049698482	-0.0559539863573982
KCNT1	0.49126989759654	0.128584719567648	0.998348049698482	0.128584719567648
SSRP1	0.491291363648514	-0.0378132568810866	0.998348049698482	-0.0378132568810866
STRADA	0.491331804804107	0.0210570282549311	0.998348049698482	0.0210570282549311
RPA2	0.491362262470113	-0.0295587549493035	0.998348049698482	-0.0295587549493035
C20orf194	0.491470344615936	-0.014551891024875	0.998348049698482	-0.014551891024875
CFAP53	0.491529661373506	0.0432375729376393	0.998348049698482	0.0432375729376393
ST8SIA3	0.491664615650935	0.0776347460555858	0.998348049698482	0.0776347460555858
CHCHD2	0.491694260443006	-0.0454960840446537	0.998348049698482	-0.0454960840446537
UBQLN1	0.491722000488416	-0.0251028417454452	0.998348049698482	-0.0251028417454452
AL022311.1	0.491728763208985	-0.0530120480464983	0.998348049698482	-0.0530120480464983
ZNF266	0.491793397594103	0.0331911232986555	0.998348049698482	0.0331911232986555
LINC01137	0.49180811992562	-0.0391688240989747	0.998348049698482	-0.0391688240989747
CDK19	0.491859857096576	0.0113848504707014	0.998348049698482	0.0113848504707014
AL353688.1	0.492194968349969	-0.0422843303342417	0.998348049698482	-0.0422843303342417
INVS	0.492322939444449	-0.0160229042444152	0.998348049698482	-0.0160229042444152
TAMM41	0.492538349450257	-0.023017454330046	0.998348049698482	-0.023017454330046
IFIT2	0.492729917773517	0.0465706529365362	0.998348049698482	0.0465706529365362
SLITRK1	0.492751105183523	0.0401781304801186	0.998348049698482	0.0401781304801186
AREL1	0.492776774115141	0.0260589521636933	0.998348049698482	0.0260589521636933
ZSWIM3	0.492908829656709	0.0483951700567389	0.998348049698482	0.0483951700567389
CEP70	0.493216818464307	-0.0274459567486844	0.998348049698482	-0.0274459567486844
ATIC	0.493456294041389	0.0319498538551463	0.998348049698482	0.0319498538551463
ATP5MC1	0.493741255317582	-0.0707501685845241	0.998348049698482	-0.0707501685845241
NKIRAS2	0.493846206657882	0.0527987043119948	0.998348049698482	0.0527987043119948
AC092296.2	0.493880833263267	0.0454974620031902	0.998348049698482	0.0454974620031902
ZNF142	0.493927813585043	-0.0472781595880569	0.998348049698482	-0.0472781595880569
CHD4	0.493997611073368	0.0147341439279882	0.998348049698482	0.0147341439279882
DGKQ	0.494086240976662	-0.0674676001801836	0.998348049698482	-0.0674676001801836
ZNF347	0.494739281946125	-0.031717263587937	0.998348049698482	-0.031717263587937
AC073475.1	0.494950159212364	0.0272284080681568	0.998348049698482	0.0272284080681568
ARF6	0.495032412908179	0.0593277356288905	0.998348049698482	0.0593277356288905
HNRNPF	0.495219782388487	-0.0257178903652759	0.998348049698482	-0.0257178903652759
SNX12	0.495259578320854	0.0534778663806967	0.998348049698482	0.0534778663806967
GIT2	0.495370997167052	0.0224519171219172	0.998348049698482	0.0224519171219172
BLZF1	0.495376626695842	0.0246112963636904	0.998348049698482	0.0246112963636904
ARHGAP35	0.495690101950939	0.0160012456192569	0.998348049698482	0.0160012456192569
DEGS1	0.495759631293941	-0.046714624580047	0.998348049698482	-0.046714624580047
MAP1LC3B	0.495814702893049	0.0380565507842223	0.998348049698482	0.0380565507842223
PSMB6	0.495905270133245	-0.0649624220631575	0.998348049698482	-0.0649624220631575
SBNO2	0.496056373402782	-0.0374344257391344	0.998348049698482	-0.0374344257391344
AC004083.1	0.49624766107264	0.0345866884816702	0.998348049698482	0.0345866884816702
AC073529.1	0.49625616519655	0.0330168504251207	0.998348049698482	0.0330168504251207
CALM3	0.496335439362598	-0.0592270583908146	0.998348049698482	-0.0592270583908146
HNRNPA3	0.496419362624863	0.017041272037275	0.998348049698482	0.017041272037275
HSPE1	0.496661816368009	-0.0423067588272335	0.998348049698482	-0.0423067588272335
MEX3D	0.49667883149517	0.0506047546435349	0.998348049698482	0.0506047546435349
SGK1	0.496822182405747	-0.0115633286753907	0.998348049698482	-0.0115633286753907
AC099343.4	0.496938713761712	0.0561634589933447	0.998348049698482	0.0561634589933447
SOGA1	0.496995237070888	0.0188170444525004	0.998348049698482	0.0188170444525004
RPLP1	0.497212232589323	0.0394831128741832	0.998348049698482	0.0394831128741832
ZNF552	0.497234196154195	-0.0383292911416219	0.998348049698482	-0.0383292911416219
GSTP1	0.497284848726827	0.0430408761602768	0.998348049698482	0.0430408761602768
KLHL24	0.497411947573321	0.0137332702554414	0.998348049698482	0.0137332702554414
TIMP2	0.497424561412421	0.0174213248050259	0.998348049698482	0.0174213248050259
C12orf57	0.497438722803663	0.068748836110698	0.998348049698482	0.068748836110698
DYNLT1	0.497558318927048	-0.0536839509015792	0.998348049698482	-0.0536839509015792
FKBP8	0.497751358052025	0.0264842122040862	0.998348049698482	0.0264842122040862
PTPRT	0.497773803321033	0.061541404662117	0.998348049698482	0.061541404662117
USP9Y	0.49813736942822	0.0512381323882204	0.998348049698482	0.0512381323882204
TPPP3	0.498191047509351	0.0555183512206938	0.998348049698482	0.0555183512206938
PSMD1	0.498304217865034	-0.0219475687062091	0.998348049698482	-0.0219475687062091
TMEM141	0.498368942761996	0.0665882850354925	0.998348049698482	0.0665882850354925
TSFM	0.498378659216155	0.0511748871536514	0.998348049698482	0.0511748871536514
DAXX	0.498428217992058	0.0467003316491396	0.998348049698482	0.0467003316491396
DTX3	0.498440394759631	0.040674765147561	0.998348049698482	0.040674765147561
DENND10	0.498923196751237	0.0349933314288788	0.998348049698482	0.0349933314288788
RNF149	0.498981419786327	0.018971211105461	0.998348049698482	0.018971211105461
ZNF169	0.499165566234009	-0.0297625921164376	0.998348049698482	-0.0297625921164376
SSH3	0.49918817214426	-0.0418539829784223	0.998348049698482	-0.0418539829784223
CDR2	0.499225689520675	-0.0328818733123833	0.998348049698482	-0.0328818733123833
GNB1	0.499228213844355	0.0145708341219044	0.998348049698482	0.0145708341219044
TAS2R4	0.49926493125986	-0.0505825025585502	0.998348049698482	-0.0505825025585502
CHAMP1	0.499618915615297	-0.0437842022473965	0.998348049698482	-0.0437842022473965
LINC01563	0.499967670848251	0.0441345896538278	0.998348049698482	0.0441345896538278
UCHL3	0.499986628881785	0.0328429253605562	0.998348049698482	0.0328429253605562
RBFOX2	0.50009106722909	0.0252506841558134	0.998348049698482	0.0252506841558134
ERP29	0.500125911554536	-0.0520418530256398	0.998348049698482	-0.0520418530256398
CECR2	0.500183916349341	0.0184082482815141	0.998348049698482	0.0184082482815141
PCSK2	0.500184471908062	-0.0726161889767698	0.998348049698482	-0.0726161889767698
RPL34-AS1	0.500250968408942	0.0341567928576533	0.998348049698482	0.0341567928576533
ZNF143	0.500308715779485	0.0329671368628384	0.998348049698482	0.0329671368628384
MYT1L	0.500438473232949	0.0573225595467516	0.998348049698482	0.0573225595467516
SS18	0.500591069632445	0.0195687324822036	0.998348049698482	0.0195687324822036
SKAP2	0.500676662102559	-0.0584748912892366	0.998348049698482	-0.0584748912892366
ZMYM3	0.500687800922806	0.0453622872391509	0.998348049698482	0.0453622872391509
SLC38A10	0.500729007697435	0.0247293476499089	0.998348049698482	0.0247293476499089
USP25	0.500781431130015	-0.0271696189000042	0.998348049698482	-0.0271696189000042
NTMT1	0.500799985149866	-0.0446883163345201	0.998348049698482	-0.0446883163345201
GMCL1	0.500874142984071	0.0243115320424347	0.998348049698482	0.0243115320424347
FNBP4	0.501002968520773	0.0172831864564616	0.998348049698482	0.0172831864564616
MED27	0.501065987066867	-0.0175942717533985	0.998348049698482	-0.0175942717533985
PHGDH	0.501111726884907	0.0358718188060723	0.998348049698482	0.0358718188060723
RTN4	0.501133766471581	-0.00969569970726911	0.998348049698482	-0.00969569970726911
LPCAT2	0.501134523137972	0.0348864556776281	0.998348049698482	0.0348864556776281
AL022322.1	0.501218068941889	-0.0634097357867451	0.998348049698482	-0.0634097357867451
TMA7	0.501297734731581	-0.0512387276486028	0.998348049698482	-0.0512387276486028
OTULIN	0.501362289766256	0.0300915652597272	0.998348049698482	0.0300915652597272
MAG	0.501422001508792	0.0213373658418794	0.998348049698482	0.0213373658418794
MARCH9	0.501454259049299	-0.0465452248099012	0.998348049698482	-0.0465452248099012
RHBDD2	0.501483846812997	-0.0553110981867419	0.998348049698482	-0.0553110981867419
CELF5	0.501563467640569	0.0659897352355188	0.998348049698482	0.0659897352355188
WWC2	0.501646443316253	0.0309817731997484	0.998348049698482	0.0309817731997484
POLR2E	0.501741494025018	0.0443431254494539	0.998348049698482	0.0443431254494539
SEC24B	0.502076810858528	-0.0178813046365891	0.998348049698482	-0.0178813046365891
SMU1	0.502140096171069	-0.0256308487838096	0.998348049698482	-0.0256308487838096
UNKL	0.50226421031724	-0.0300746511346338	0.998348049698482	-0.0300746511346338
SIL1	0.502377884248306	0.0177148783471193	0.998348049698482	0.0177148783471193
TPP2	0.502640787062598	0.0203738868640735	0.998348049698482	0.0203738868640735
WASHC2A	0.502642466084206	0.0352113970386197	0.998348049698482	0.0352113970386197
SPCS1	0.502801143045859	0.0380063082393089	0.998348049698482	0.0380063082393089
ACAD9	0.502973296562667	-0.0266685396669588	0.998348049698482	-0.0266685396669588
RETSAT	0.50303054390276	-0.043117364801803	0.998348049698482	-0.043117364801803
LDLR	0.503041780277705	-0.043103753113536	0.998348049698482	-0.043103753113536
NEDD1	0.503051563854065	0.0364110677076971	0.998348049698482	0.0364110677076971
HIPK3	0.503122120522121	0.0185915693492977	0.998348049698482	0.0185915693492977
TUBB4B	0.503386465629745	0.0772904381102195	0.998348049698482	0.0772904381102195
TTBK2	0.50357387974282	-0.0150253043613886	0.998348049698482	-0.0150253043613886
TSPYL1	0.503616012963146	0.0652525356580749	0.998348049698482	0.0652525356580749
ZNF512B	0.503873355989029	0.0437844798429215	0.998348049698482	0.0437844798429215
CDC37	0.503879911463018	0.0320487660206227	0.998348049698482	0.0320487660206227
DAD1	0.503881650461567	0.0480559355575662	0.998348049698482	0.0480559355575662
UBE4A	0.503985300888564	-0.0182532456082248	0.998348049698482	-0.0182532456082248
TCFL5	0.504242099038744	-0.0253936161042758	0.998348049698482	-0.0253936161042758
ARSK	0.504299747119605	0.047138983571567	0.998348049698482	0.047138983571567
COASY	0.504393752043915	0.04218003409181	0.998348049698482	0.04218003409181
CAMSAP1	0.504579559430109	-0.0220972494166618	0.998348049698482	-0.0220972494166618
C7orf61	0.504608936672903	-0.0324372996784889	0.998348049698482	-0.0324372996784889
CEP78	0.504820421111945	0.0228794192734168	0.998348049698482	0.0228794192734168
TRIM26	0.5048321047897	0.0281247840753747	0.998348049698482	0.0281247840753747
FAM107A	0.504938739185799	0.0665868064212751	0.998348049698482	0.0665868064212751
AL080250.1	0.504989875501094	0.0369745339040682	0.998348049698482	0.0369745339040682
PDSS1	0.504994864064075	0.0489215869996235	0.998348049698482	0.0489215869996235
KHDRBS3	0.505002721768646	-0.0551570079971545	0.998348049698482	-0.0551570079971545
PYGB	0.505392048239928	0.0342564419151475	0.998348049698482	0.0342564419151475
EXT2	0.505394496612329	-0.0240559195476916	0.998348049698482	-0.0240559195476916
PHPT1	0.505468750061223	0.0508707335097391	0.998348049698482	0.0508707335097391
AC008945.2	0.505513448527001	0.0348475883715765	0.998348049698482	0.0348475883715765
AC066613.1	0.505525754557312	-0.0556759614012364	0.998348049698482	-0.0556759614012364
DNAJB2	0.505560844896396	0.0181480468002607	0.998348049698482	0.0181480468002607
ZBTB40	0.505607005506374	0.0292929158044269	0.998348049698482	0.0292929158044269
EMSY	0.505621550077192	-0.0173367531829349	0.998348049698482	-0.0173367531829349
ATP5F1D	0.505727181193764	-0.0479662383993904	0.998348049698482	-0.0479662383993904
NOCT	0.505769239876952	-0.0560698262607997	0.998348049698482	-0.0560698262607997
APBA3	0.506063138353476	-0.0424375729508811	0.998348049698482	-0.0424375729508811
MARF1	0.506175952275167	-0.0208360159583598	0.998348049698482	-0.0208360159583598
EIF4E	0.506208532155022	0.0223279662967849	0.998348049698482	0.0223279662967849
ST13	0.506219924220288	0.0292705762398026	0.998348049698482	0.0292705762398026
FAM32A	0.50628244647819	-0.0706180574619574	0.998348049698482	-0.0706180574619574
KDM2A	0.506558103003816	0.0149558581918218	0.998348049698482	0.0149558581918218
CSNK1G1	0.506602193098433	-0.0240150493093302	0.998348049698482	-0.0240150493093302
SORCS2	0.506631517596299	-0.0274792117132164	0.998348049698482	-0.0274792117132164
ANKDD1A	0.506634488365839	-0.0454125486461789	0.998348049698482	-0.0454125486461789
RNF24	0.506877319235021	-0.0349150044677204	0.998348049698482	-0.0349150044677204
RMND5A	0.506992580456088	0.0234315092262812	0.998348049698482	0.0234315092262812
ARHGAP39	0.507065935131258	-0.0554855006466641	0.998348049698482	-0.0554855006466641
BICRA	0.507091518168226	-0.0450909662934397	0.998348049698482	-0.0450909662934397
LRRC59	0.507132972879173	0.0524069358308322	0.998348049698482	0.0524069358308322
PPP5C	0.507409849972573	-0.0350340630469478	0.998348049698482	-0.0350340630469478
C1D	0.507471292566659	-0.0321119468344022	0.998348049698482	-0.0321119468344022
COG6	0.507529300116381	0.0220874310555426	0.998348049698482	0.0220874310555426
BFAR	0.507715955055247	0.0320918982061116	0.998348049698482	0.0320918982061116
FLVCR1	0.507831867011783	0.0265446011724236	0.998348049698482	0.0265446011724236
LEMD3	0.507861849714735	-0.0251353958680218	0.998348049698482	-0.0251353958680218
ATF1	0.508024015290463	-0.0240569043875037	0.998348049698482	-0.0240569043875037
EIF4G1	0.508265174099689	-0.0296633800060181	0.998348049698482	-0.0296633800060181
LINC01409	0.508290949370332	0.0439755139403455	0.998348049698482	0.0439755139403455
ZNF12	0.508346608961844	0.0325440820098446	0.998348049698482	0.0325440820098446
RAB5A	0.508387352633655	-0.0270328681189492	0.998348049698482	-0.0270328681189492
TET2	0.508388833425588	0.0170990907043083	0.998348049698482	0.0170990907043083
DIMT1	0.508557962551775	0.0325963880249443	0.998348049698482	0.0325963880249443
EMC8	0.508594563334724	0.0324697414598338	0.998348049698482	0.0324697414598338
GALNT7	0.508633602531834	0.025257443804881	0.998348049698482	0.025257443804881
JMY	0.508761637653057	0.0227422582071387	0.998348049698482	0.0227422582071387
MASTL	0.508771559643977	0.0490238307910969	0.998348049698482	0.0490238307910969
RTCB	0.508999755513534	-0.0256253738616794	0.998348049698482	-0.0256253738616794
IPO9	0.509216845353294	-0.0199059425772309	0.998348049698482	-0.0199059425772309
AC009063.3	0.509250452875692	-0.048204543963519	0.998348049698482	-0.048204543963519
FAM117B	0.509395172885962	-0.0283312234614603	0.998348049698482	-0.0283312234614603
CRHBP	0.509443483779933	0.0495486859359279	0.998348049698482	0.0495486859359279
GCSH	0.509493639537726	-0.0354132891332826	0.998348049698482	-0.0354132891332826
CYP20A1	0.50983362145596	0.0185957198944639	0.998348049698482	0.0185957198944639
LRRC28	0.509887239587983	0.0271100805696344	0.998348049698482	0.0271100805696344
PON2	0.509904485393372	0.0199872401205386	0.998348049698482	0.0199872401205386
DNAL1	0.510002132844298	-0.0492845075432126	0.998348049698482	-0.0492845075432126
DTX2	0.510219561332158	0.0472764131675219	0.998348049698482	0.0472764131675219
ATXN7	0.510230220753769	-0.0255059811529285	0.998348049698482	-0.0255059811529285
PHF5A	0.510318990576415	0.0456592432542325	0.998348049698482	0.0456592432542325
GMFB	0.510323870469386	-0.0484304946364287	0.998348049698482	-0.0484304946364287
AGBL3	0.510451185545946	-0.0320799611679635	0.998348049698482	-0.0320799611679635
NUP133	0.510504470078217	0.0181929496983907	0.998348049698482	0.0181929496983907
MCM9	0.510603100304509	-0.0262755223088843	0.998348049698482	-0.0262755223088843
TRAPPC11	0.510782743379635	0.0229792920633546	0.998348049698482	0.0229792920633546
LONP2	0.511026033851616	-0.0138706092335741	0.998348049698482	-0.0138706092335741
PPP1R13B	0.511137034350088	-0.0355293280852596	0.998348049698482	-0.0355293280852596
RNF146	0.511180017443649	0.0281198116092761	0.998348049698482	0.0281198116092761
GMEB2	0.511219973692688	0.0417492870480226	0.998348049698482	0.0417492870480226
GRK5	0.511288801833077	-0.0501984462127107	0.998348049698482	-0.0501984462127107
AC107884.1	0.511336425102131	-0.0378275716538494	0.998348049698482	-0.0378275716538494
NIPSNAP2	0.511490854340495	0.0187700919768771	0.998348049698482	0.0187700919768771
LARP7	0.511842141059276	0.0224656000364311	0.998348049698482	0.0224656000364311
MRPL33	0.511858868014061	0.0298086363354413	0.998348049698482	0.0298086363354413
TRAPPC6B	0.511891184579541	0.0263287849143807	0.998348049698482	0.0263287849143807
SELENON	0.512050468741633	0.0454024770001161	0.998348049698482	0.0454024770001161
MANBAL	0.512099187070542	-0.0545319424370545	0.998348049698482	-0.0545319424370545
SCOC	0.512120591522693	0.0364785836217867	0.998348049698482	0.0364785836217867
HSPA12A	0.5121502629208	-0.0230571300288964	0.998348049698482	-0.0230571300288964
ELL2	0.512248252399457	-0.0125901316016926	0.998348049698482	-0.0125901316016926
ATP5MF	0.512435620522339	0.064771044388865	0.998348049698482	0.064771044388865
TMEM161B-AS1	0.512458218679377	-0.0117305940419117	0.998348049698482	-0.0117305940419117
PDCD2	0.512481554286497	-0.0459279154526097	0.998348049698482	-0.0459279154526097
SLC39A6	0.512686362977353	0.0357646310518233	0.998348049698482	0.0357646310518233
HAVCR2	0.512726548091496	0.0236201716757009	0.998348049698482	0.0236201716757009
LIPE-AS1	0.51282481980632	0.0255337978751019	0.998348049698482	0.0255337978751019
HAT1	0.512916275575033	0.02560141196347	0.998348049698482	0.02560141196347
LINC00271	0.512988850426977	0.0378505379451343	0.998348049698482	0.0378505379451343
SMC4	0.513093764363909	0.0292331174308114	0.998348049698482	0.0292331174308114
TSC2	0.513210725966567	-0.0211887227003833	0.998348049698482	-0.0211887227003833
MED12L	0.513211897555465	-0.0761617548312787	0.998348049698482	-0.0761617548312787
HNRNPH1	0.513315269259872	-0.0251204999686219	0.998348049698482	-0.0251204999686219
SCG5	0.513449925193344	-0.0389026506338803	0.998348049698482	-0.0389026506338803
DIS3L	0.513462111099871	0.0235376654313922	0.998348049698482	0.0235376654313922
THAP6	0.513567116034315	-0.0250527040730243	0.998348049698482	-0.0250527040730243
HADHB	0.513592202271135	-0.0228461086126643	0.998348049698482	-0.0228461086126643
FRMPD4	0.513622297982886	0.0672151387803643	0.998348049698482	0.0672151387803643
MED25	0.513688538156177	0.0295872273642108	0.998348049698482	0.0295872273642108
CACNB4	0.513725738746176	-0.0612567617759217	0.998348049698482	-0.0612567617759217
ADGRB3	0.513851876398189	0.0203820046815652	0.998348049698482	0.0203820046815652
UBE3B	0.513905231962767	0.0177760382748902	0.998348049698482	0.0177760382748902
SART1	0.513986796264656	0.0274091136685628	0.998348049698482	0.0274091136685628
NDEL1	0.514090134619978	-0.0299538437829352	0.998348049698482	-0.0299538437829352
CPT1C	0.514179018583302	-0.0361617034719128	0.998348049698482	-0.0361617034719128
TSPAN17	0.51435162191719	-0.0714517359162396	0.998348049698482	-0.0714517359162396
KIAA1109	0.514592386011844	0.0149323873330362	0.998348049698482	0.0149323873330362
AP4B1	0.51460014388319	0.0500994585387238	0.998348049698482	0.0500994585387238
CLK1	0.514612540648674	0.0196613747802847	0.998348049698482	0.0196613747802847
MAD2L2	0.514737899062138	-0.0569103289496943	0.998348049698482	-0.0569103289496943
ATXN10	0.5147599329219	-0.0149380643737369	0.998348049698482	-0.0149380643737369
MRPL35	0.514975147213584	0.0459743772294542	0.998348049698482	0.0459743772294542
ABTB2	0.51507482024021	0.0269082310033699	0.998348049698482	0.0269082310033699
CACNA1D	0.515282062432145	-0.0646403594183947	0.998348049698482	-0.0646403594183947
PPP1R11	0.515414114320749	-0.0611285616667848	0.998348049698482	-0.0611285616667848
ARL8A	0.515538780837479	0.0232116591727422	0.998348049698482	0.0232116591727422
HINT1	0.515628460195349	-0.0446180226450889	0.998348049698482	-0.0446180226450889
ATG4A	0.515932193691607	-0.0430008997260727	0.998348049698482	-0.0430008997260727
ATG16L1	0.516167232115042	-0.0316178617962685	0.998348049698482	-0.0316178617962685
PPID	0.516227830076371	0.0413207198257873	0.998348049698482	0.0413207198257873
TP53TG5	0.51629272519235	-0.0230314237959092	0.998348049698482	-0.0230314237959092
ZBTB10	0.516318998812615	0.0407154959937087	0.998348049698482	0.0407154959937087
FAM76B	0.516324711625734	-0.0306352025231722	0.998348049698482	-0.0306352025231722
CLCN7	0.51635511790334	-0.0253817694327266	0.998348049698482	-0.0253817694327266
SETD4	0.516369706470381	-0.0320657566443251	0.998348049698482	-0.0320657566443251
SRSF6	0.516469367346385	0.0274007465475782	0.998348049698482	0.0274007465475782
MED10	0.516577044901198	-0.0446904498505884	0.998348049698482	-0.0446904498505884
PPRC1	0.516713480406122	0.0383930364340523	0.998348049698482	0.0383930364340523
PSPC1	0.516774897182727	-0.0173960313098769	0.998348049698482	-0.0173960313098769
RAPGEF6	0.517077291745112	-0.0139738262356932	0.998348049698482	-0.0139738262356932
AC011287.1	0.517153831467163	-0.0814062716301073	0.998348049698482	-0.0814062716301073
AC123912.1	0.517172824993811	0.0539915070961199	0.998348049698482	0.0539915070961199
MON1B	0.51727235365388	-0.0297589815640104	0.998348049698482	-0.0297589815640104
POLR1D	0.517382920749324	0.0338269138916932	0.998348049698482	0.0338269138916932
DOP1B	0.517384343612889	0.0522661570095396	0.998348049698482	0.0522661570095396
CTC1	0.517666232443508	0.0377168103266112	0.998348049698482	0.0377168103266112
BBS2	0.517715102969216	-0.01488934318878	0.998348049698482	-0.01488934318878
ECE1	0.517763044292377	-0.0187413420626054	0.998348049698482	-0.0187413420626054
AC110285.2	0.51803347935979	-0.0329651702500361	0.998348049698482	-0.0329651702500361
SZRD1	0.518100400288822	0.0275999711775628	0.998348049698482	0.0275999711775628
UFC1	0.518227562189171	0.0511173813741068	0.998348049698482	0.0511173813741068
SLC5A3	0.518341255199647	-0.0667823574843158	0.998348049698482	-0.0667823574843158
AL158152.1	0.51840304601342	-0.0304911992471064	0.998348049698482	-0.0304911992471064
CDC42EP2	0.518625267347919	0.0425842689528976	0.998348049698482	0.0425842689528976
CDADC1	0.51876918283862	0.0383633551741795	0.998348049698482	0.0383633551741795
SYTL2	0.5189188747395	0.0224425542318215	0.998348049698482	0.0224425542318215
AC005520.5	0.519170758625925	0.0584639146543939	0.998348049698482	0.0584639146543939
RBM4B	0.519507519019983	-0.0361547059912396	0.998348049698482	-0.0361547059912396
ZNF268	0.519752095479834	0.0358945802568871	0.998348049698482	0.0358945802568871
RIMS3	0.519868436141244	-0.0808667261442155	0.998348049698482	-0.0808667261442155
AL732509.1	0.519873244339133	-0.0417408218504737	0.998348049698482	-0.0417408218504737
PRKCQ-AS1	0.519953890938953	0.0302503637701258	0.998348049698482	0.0302503637701258
MIOS	0.520059238522268	-0.0369799086787427	0.998348049698482	-0.0369799086787427
AC073050.1	0.520075839553539	0.0577331653656879	0.998348049698482	0.0577331653656879
ERCC3	0.52008652029206	0.0226362880813039	0.998348049698482	0.0226362880813039
CMTR1	0.520099325919625	-0.0329686742852384	0.998348049698482	-0.0329686742852384
CDK5R1	0.520196087321674	-0.0556777336103337	0.998348049698482	-0.0556777336103337
HOOK2	0.520339749952629	-0.033410788656939	0.998348049698482	-0.033410788656939
NME7	0.52040647878634	0.023741694989755	0.998348049698482	0.023741694989755
RNASEH1-AS1	0.520488982041369	0.035277231941543	0.998348049698482	0.035277231941543
MFHAS1	0.520682354079142	-0.0547365715386838	0.998348049698482	-0.0547365715386838
HYDIN	0.52069294238855	-0.0393311638016914	0.998348049698482	-0.0393311638016914
LUC7L	0.520767881074294	-0.0228895637957161	0.998348049698482	-0.0228895637957161
UTP3	0.520903645213222	-0.0452699331388362	0.998348049698482	-0.0452699331388362
SUCLG2	0.520977879711369	-0.0224849623739208	0.998348049698482	-0.0224849623739208
PUM2	0.521004436104077	-0.0117472573077807	0.998348049698482	-0.0117472573077807
TMEM63A	0.521291910555152	-0.014975956310288	0.998348049698482	-0.014975956310288
HERC1	0.521426670013678	0.0147208351510713	0.998348049698482	0.0147208351510713
GRIA4	0.521481883160627	-0.0347083970386233	0.998348049698482	-0.0347083970386233
ZFHX2	0.52149254837687	-0.02547324600006	0.998348049698482	-0.02547324600006
LINC01949	0.521627371804715	0.0560877603482494	0.998348049698482	0.0560877603482494
RUBCN	0.521661127049619	-0.026638205180265	0.998348049698482	-0.026638205180265
HULC	0.521684875064437	0.0173441355033124	0.998348049698482	0.0173441355033124
SLC25A26	0.521790899709773	0.0188891916745464	0.998348049698482	0.0188891916745464
UBE2D4	0.521855724290024	0.0447061554265647	0.998348049698482	0.0447061554265647
EFL1	0.521964042803706	-0.0291747484198972	0.998348049698482	-0.0291747484198972
ARHGAP22	0.522000009980182	-0.0214003454565035	0.998348049698482	-0.0214003454565035
ALG1L9P	0.522089553305031	-0.0343760527095131	0.998348049698482	-0.0343760527095131
USP47	0.522197243374002	-0.0123049305776576	0.998348049698482	-0.0123049305776576
EID1	0.522379925209515	-0.0313489593208748	0.998348049698482	-0.0313489593208748
CFAP298	0.522440776037594	-0.0325909680301985	0.998348049698482	-0.0325909680301985
AC009522.1	0.522509434353726	-0.0554035354507492	0.998348049698482	-0.0554035354507492
ARMC6	0.52268378881883	0.0422002743520566	0.998348049698482	0.0422002743520566
ZBTB7A	0.522729238487588	-0.0177662220676923	0.998348049698482	-0.0177662220676923
PSKH1	0.522753302973884	-0.0310530576079101	0.998348049698482	-0.0310530576079101
PET100	0.52279826006007	0.0656125512240758	0.998348049698482	0.0656125512240758
MAP6D1	0.52281419351597	-0.0260781288816975	0.998348049698482	-0.0260781288816975
IGF1R	0.52323705982428	-0.0158642674120269	0.998348049698482	-0.0158642674120269
NDUFB8	0.523317074000529	-0.0354829550510355	0.998348049698482	-0.0354829550510355
SYP	0.52333308014665	0.0455756550204513	0.998348049698482	0.0455756550204513
PRELID3A	0.523435159189103	0.0358620415447567	0.998348049698482	0.0358620415447567
FNTB	0.523701404536182	0.0200881580183372	0.998348049698482	0.0200881580183372
MDH2	0.523891535152245	0.0518602844193318	0.998348049698482	0.0518602844193318
NAA35	0.52393166365617	-0.0186679811172481	0.998348049698482	-0.0186679811172481
IWS1	0.523989491732357	-0.0203969244188171	0.998348049698482	-0.0203969244188171
FAM217B	0.524040275893724	0.0211491477267992	0.998348049698482	0.0211491477267992
HSPA8	0.524147353032109	-0.0498210531619333	0.998348049698482	-0.0498210531619333
AL355999.1	0.524284921571645	0.0417215812064525	0.998348049698482	0.0417215812064525
CNTRL	0.524387278653216	-0.0198498741971447	0.998348049698482	-0.0198498741971447
RUFY2	0.524482095575915	0.0175402796984736	0.998348049698482	0.0175402796984736
RCBTB2	0.524484688885914	-0.0445098216242897	0.998348049698482	-0.0445098216242897
LIFR	0.524641083728497	0.0128030367025611	0.998348049698482	0.0128030367025611
MIB2	0.524691866016682	0.0320926197249481	0.998348049698482	0.0320926197249481
WDFY3-AS2	0.524849227080308	0.0411410671912249	0.998348049698482	0.0411410671912249
COQ6	0.5252679657555	0.0556081257453918	0.998348049698482	0.0556081257453918
GLG1	0.525293206373618	-0.0119768552592403	0.998348049698482	-0.0119768552592403
ST3GAL6	0.525293371196691	-0.0301976316176263	0.998348049698482	-0.0301976316176263
KCNIP4	0.525459457711704	0.0612033299784824	0.998348049698482	0.0612033299784824
FAM184B	0.525541374485455	-0.0379901890995825	0.998348049698482	-0.0379901890995825
VAT1	0.525545951471653	0.0596264410012667	0.998348049698482	0.0596264410012667
TMEM106A	0.525603938181016	-0.0382168501874961	0.998348049698482	-0.0382168501874961
KRBA2	0.525620499749366	0.0240113608848532	0.998348049698482	0.0240113608848532
SMG1	0.525940110877022	0.0173511770258703	0.998348049698482	0.0173511770258703
PLCG1	0.52599061498287	0.0231895896806493	0.998348049698482	0.0231895896806493
GCN1	0.526008580036564	0.0270698337603171	0.998348049698482	0.0270698337603171
ZDHHC6	0.526052908037897	0.0385017658406533	0.998348049698482	0.0385017658406533
NAA15	0.526176096509153	-0.018172100302754	0.998348049698482	-0.018172100302754
TAGLN3	0.52621841310091	0.0746729082523147	0.998348049698482	0.0746729082523147
PLIN3	0.526306680752923	-0.0278047824496362	0.998348049698482	-0.0278047824496362
AMY2B	0.526328752924139	0.0311434268176842	0.998348049698482	0.0311434268176842
ZNF202	0.526357313235893	-0.0457984532950287	0.998348049698482	-0.0457984532950287
NBPF1	0.52643334438665	0.0383490463539834	0.998348049698482	0.0383490463539834
OIP5-AS1	0.52672116707793	-0.0260553526319554	0.998348049698482	-0.0260553526319554
AC093297.2	0.526735346224606	-0.0561772887239511	0.998348049698482	-0.0561772887239511
TTBK1	0.52677747919131	0.025010778412002	0.998348049698482	0.025010778412002
TFB1M	0.526782692047259	-0.0292763186562119	0.998348049698482	-0.0292763186562119
ABHD17B	0.527022221638405	0.0155737450362501	0.998348049698482	0.0155737450362501
LSM12	0.527228127158138	-0.0286326485806316	0.998348049698482	-0.0286326485806316
TIAM1	0.527452134796372	-0.0170199623449724	0.998348049698482	-0.0170199623449724
KDM4C	0.527466900089257	0.0118325304007877	0.998348049698482	0.0118325304007877
CTR9	0.527538225195829	-0.0311440038361513	0.998348049698482	-0.0311440038361513
HIST1H2BE	0.527565129175901	-0.0544529990794843	0.998348049698482	-0.0544529990794843
ZDHHC14	0.527675582700991	0.0170533274787436	0.998348049698482	0.0170533274787436
MGA	0.52781926269448	0.0177206232295379	0.998348049698482	0.0177206232295379
FRMD4A	0.527912143306909	0.0369569068543016	0.998348049698482	0.0369569068543016
RAB4B	0.528031131883014	0.0193893851001134	0.998348049698482	0.0193893851001134
GPX4	0.528153669629538	0.0377691493869286	0.998348049698482	0.0377691493869286
PJA2	0.52817988653314	-0.0257769017436549	0.998348049698482	-0.0257769017436549
EBNA1BP2	0.528300323781466	-0.0656163682389761	0.998348049698482	-0.0656163682389761
RPS7	0.528406525583353	0.0432751310733807	0.998348049698482	0.0432751310733807
MPDU1	0.528538648586806	0.0384460672629217	0.998348049698482	0.0384460672629217
CPSF6	0.528539430614775	-0.0182224714481968	0.998348049698482	-0.0182224714481968
TCEAL7	0.528634906087444	0.0406738633359995	0.998348049698482	0.0406738633359995
GLI4	0.528960847104281	-0.0411884127930455	0.998348049698482	-0.0411884127930455
PNN	0.529235095186877	0.0203216415801729	0.998348049698482	0.0203216415801729
DENND11	0.529373972010759	0.0169599877298444	0.998348049698482	0.0169599877298444
C1orf131	0.529470056933093	-0.0345161079397301	0.998348049698482	-0.0345161079397301
EPM2A	0.529497419279095	-0.0230248998853519	0.998348049698482	-0.0230248998853519
ARHGEF1	0.529673109618118	0.0271582113032012	0.998348049698482	0.0271582113032012
MXD1	0.52971763467161	0.0283268026252558	0.998348049698482	0.0283268026252558
GTF2H5	0.529745348836431	0.0317441003214798	0.998348049698482	0.0317441003214798
SNU13	0.529838530608302	0.0417245984788203	0.998348049698482	0.0417245984788203
AC009063.2	0.529953648808465	-0.0222189219849269	0.998348049698482	-0.0222189219849269
SESN1	0.529962043938973	-0.0169726991505291	0.998348049698482	-0.0169726991505291
VCPIP1	0.53002677083026	0.0312181896055883	0.998348049698482	0.0312181896055883
SEC61B	0.530101381545943	-0.0374546136707169	0.998348049698482	-0.0374546136707169
HDHD5	0.530169422267363	0.0299338803282778	0.998348049698482	0.0299338803282778
MBNL2	0.530181643411819	0.00875235348498442	0.998348049698482	0.00875235348498442
CUEDC2	0.530185717377211	-0.0469855859983991	0.998348049698482	-0.0469855859983991
ZFYVE27	0.530347876695459	-0.0300257817730691	0.998348049698482	-0.0300257817730691
CRAMP1	0.530402002433324	0.0225025707250089	0.998348049698482	0.0225025707250089
PRKDC	0.530515650048976	-0.0159238527873194	0.998348049698482	-0.0159238527873194
SYNGR2	0.530653667436007	0.034160627180403	0.998348049698482	0.034160627180403
NT5C	0.530773772051394	-0.0503885350965273	0.998348049698482	-0.0503885350965273
TYRO3	0.530882586863312	0.014457142432178	0.998348049698482	0.014457142432178
NRP2	0.531010590028827	-0.0483985882712595	0.998348049698482	-0.0483985882712595
HSF4	0.531102962928921	0.0339369835801232	0.998348049698482	0.0339369835801232
GSDMB	0.531356615408777	-0.040696365800964	0.998348049698482	-0.040696365800964
ZNF785	0.531408878786166	-0.0285653155641364	0.998348049698482	-0.0285653155641364
COX6A1	0.531430548939008	0.0507596595362487	0.998348049698482	0.0507596595362487
PCYT1A	0.531450288300146	-0.0258980541100059	0.998348049698482	-0.0258980541100059
SPATA13	0.531745255198168	-0.0154343401338278	0.998348049698482	-0.0154343401338278
CMTM5	0.531807014575901	0.0366065567349857	0.998348049698482	0.0366065567349857
CLSTN1	0.531912731228209	-0.0282508405569214	0.998348049698482	-0.0282508405569214
ACAA1	0.531998417065668	0.0318043861819839	0.998348049698482	0.0318043861819839
SPRYD3	0.532182135625471	-0.060447578894338	0.998348049698482	-0.060447578894338
POLR3H	0.532355817456755	-0.0416005668569954	0.998348049698482	-0.0416005668569954
FKBP14	0.532563654318303	-0.0548414408073808	0.998348049698482	-0.0548414408073808
SETX	0.532579549970584	0.0156075424446282	0.998348049698482	0.0156075424446282
HNRNPA1	0.532701229055937	0.0274452681209013	0.998348049698482	0.0274452681209013
GDE1	0.533049921003298	-0.0282685719733638	0.998348049698482	-0.0282685719733638
PLD5	0.533082156043267	-0.0196239516263329	0.998348049698482	-0.0196239516263329
MACROD1	0.53314558774701	0.031139277522195	0.998348049698482	0.031139277522195
NSMAF	0.533218789691234	-0.0241995372983726	0.998348049698482	-0.0241995372983726
GDI2	0.533404825405929	-0.0192826921623527	0.998348049698482	-0.0192826921623527
ELOA-AS1	0.533522155056516	0.0175394092690002	0.998348049698482	0.0175394092690002
EEF1AKMT1	0.533604677065407	0.0335307432735078	0.998348049698482	0.0335307432735078
MCCC2	0.533817497208424	-0.0285688864721356	0.998348049698482	-0.0285688864721356
ZBTB2	0.534262390389867	-0.03863414844945	0.998348049698482	-0.03863414844945
LINC00907	0.534265745980064	0.0353986466928328	0.998348049698482	0.0353986466928328
MYH15	0.534347646063944	0.0506288238890145	0.998348049698482	0.0506288238890145
SEPSECS-AS1	0.534511662875738	-0.0518521707747842	0.998348049698482	-0.0518521707747842
GPAM	0.534547867130809	-0.0490236775931604	0.998348049698482	-0.0490236775931604
MSL2	0.534700669778434	-0.0180261922568772	0.998348049698482	-0.0180261922568772
PDE1C	0.535036427503339	-0.0109585518468384	0.998348049698482	-0.0109585518468384
ARHGAP23	0.535098757348531	0.0166033137991536	0.998348049698482	0.0166033137991536
AL512343.2	0.535118731945304	-0.0421926721365847	0.998348049698482	-0.0421926721365847
BBIP1	0.535131796928804	-0.0257165099938262	0.998348049698482	-0.0257165099938262
CTSF	0.535158623379096	-0.030168580256621	0.998348049698482	-0.030168580256621
MKNK2	0.535231610015683	0.0403973662985865	0.998348049698482	0.0403973662985865
TMED7	0.535232365270453	0.0284876647862891	0.998348049698482	0.0284876647862891
RHOA	0.535238892012234	0.0252019541115743	0.998348049698482	0.0252019541115743
MAML1	0.535381563537877	0.0259777690155393	0.998348049698482	0.0259777690155393
HIKESHI	0.535416035164943	0.0239109044706323	0.998348049698482	0.0239109044706323
NRDC	0.535525990365933	-0.0139010250644561	0.998348049698482	-0.0139010250644561
MORF4L2	0.535712851333264	0.0281627498576841	0.998348049698482	0.0281627498576841
NGLY1	0.535751619417148	0.0222954516817957	0.998348049698482	0.0222954516817957
GPT2	0.535766761221922	-0.0242339616412655	0.998348049698482	-0.0242339616412655
SFMBT1	0.5357738278854	0.0235173493123821	0.998348049698482	0.0235173493123821
MARK1	0.536013646850252	-0.0497827340429368	0.998348049698482	-0.0497827340429368
TXN	0.536020339124876	0.0653489156366045	0.998348049698482	0.0653489156366045
AL356599.1	0.536114082638728	0.0300289957887113	0.998348049698482	0.0300289957887113
AIG1	0.536165958348358	0.0163950907537738	0.998348049698482	0.0163950907537738
GPATCH8	0.536259222055045	-0.0117284914246295	0.998348049698482	-0.0117284914246295
NELFCD	0.53638069337583	-0.0277734185703878	0.998348049698482	-0.0277734185703878
IER2	0.536503900797892	-0.0468951987688276	0.998348049698482	-0.0468951987688276
AC078846.1	0.536676488534471	-0.0443734197158997	0.998348049698482	-0.0443734197158997
PHYHIP	0.536729918965446	0.0775009965334573	0.998348049698482	0.0775009965334573
LMBRD2	0.536793131746109	-0.0310465927701589	0.998348049698482	-0.0310465927701589
RTF2	0.536934696644732	0.0257592155644168	0.998348049698482	0.0257592155644168
AP002381.2	0.536971743234902	0.0317594580205134	0.998348049698482	0.0317594580205134
CPLANE1	0.537048005469582	-0.0180765568681732	0.998348049698482	-0.0180765568681732
XPOT	0.537091914050631	0.0285761817502178	0.998348049698482	0.0285761817502178
PRCD	0.537172562105023	-0.0401480207190688	0.998348049698482	-0.0401480207190688
AL591043.2	0.537549733831828	0.0280081074334161	0.998348049698482	0.0280081074334161
TTI1	0.537671013486613	-0.0246900001907632	0.998348049698482	-0.0246900001907632
MSH4	0.537734374215562	0.0439358434134939	0.998348049698482	0.0439358434134939
MTMR2	0.537980826732545	-0.0148449608778304	0.998348049698482	-0.0148449608778304
C1orf50	0.538000717475672	-0.0411447829366856	0.998348049698482	-0.0411447829366856
MED4	0.538079880367413	-0.0185202785534585	0.998348049698482	-0.0185202785534585
PPP2R2C	0.53821021954052	-0.0298358137077939	0.998348049698482	-0.0298358137077939
STAG1	0.538211605833168	0.0115760138226322	0.998348049698482	0.0115760138226322
RASAL1	0.53833983487258	0.0258419575223994	0.998348049698482	0.0258419575223994
ASIC3	0.538361621235083	0.0325785240103571	0.998348049698482	0.0325785240103571
SOD2	0.538382685779794	-0.0223308622024445	0.998348049698482	-0.0223308622024445
IP6K2	0.538404489786061	0.0155425721858063	0.998348049698482	0.0155425721858063
METTL2A	0.538523992388461	0.0506565655676231	0.998348049698482	0.0506565655676231
ELOF1	0.538620979499351	0.0534299368782455	0.998348049698482	0.0534299368782455
ISOC2	0.538663601872755	-0.0402847907004584	0.998348049698482	-0.0402847907004584
PREPL	0.538835187290369	-0.026105960554137	0.998348049698482	-0.026105960554137
WARS2-AS1	0.538879952663628	0.0206019636604501	0.998348049698482	0.0206019636604501
BRCA1	0.538962482836633	-0.0274898704081539	0.998348049698482	-0.0274898704081539
TMEM18	0.539154001613534	0.0478857309718249	0.998348049698482	0.0478857309718249
SACM1L	0.539157204495439	0.0265107860368396	0.998348049698482	0.0265107860368396
ZMYM4	0.53927059234653	0.0176028395192497	0.998348049698482	0.0176028395192497
MORC3	0.539582247890068	0.021495766190749	0.998348049698482	0.021495766190749
EPRS	0.539650928313538	0.0192351990619097	0.998348049698482	0.0192351990619097
AC098679.5	0.539704939701992	-0.0305301873372958	0.998348049698482	-0.0305301873372958
CIC	0.53972823794918	-0.0335522585548965	0.998348049698482	-0.0335522585548965
POLR3D	0.539740712489317	-0.0537149582640794	0.998348049698482	-0.0537149582640794
ZNF106	0.539778102708493	-0.0282618131920152	0.998348049698482	-0.0282618131920152
ZNF865	0.539849762763688	-0.0409452689257925	0.998348049698482	-0.0409452689257925
TAF5	0.539927066698037	0.0446221720839337	0.998348049698482	0.0446221720839337
PRPF3	0.540029810994635	0.0266497797785382	0.998348049698482	0.0266497797785382
CALM2	0.540105861171037	-0.0215728058090749	0.998348049698482	-0.0215728058090749
SDAD1	0.540329622538765	-0.0212044428823753	0.998348049698482	-0.0212044428823753
RAD51-AS1	0.540397950153956	0.0239381689650173	0.998348049698482	0.0239381689650173
DAZAP2	0.540505239244993	0.0278914058679376	0.998348049698482	0.0278914058679376
CUL9	0.540585787766993	0.0307292107768992	0.998348049698482	0.0307292107768992
DCAF4	0.540629849881552	0.047309426781515	0.998348049698482	0.047309426781515
HELQ	0.540656087932405	0.0369560432672301	0.998348049698482	0.0369560432672301
SHC2	0.540687565033417	0.0405161509982844	0.998348049698482	0.0405161509982844
DESI2	0.540796809320671	-0.0266883774348707	0.998348049698482	-0.0266883774348707
FRMD8	0.541059025402201	0.0300833337410792	0.998348049698482	0.0300833337410792
EIF1B	0.541077979596776	-0.0419463249428746	0.998348049698482	-0.0419463249428746
TTC14	0.541177916481278	-0.0206892568648372	0.998348049698482	-0.0206892568648372
PAK3	0.541181913210291	0.0622889553950293	0.998348049698482	0.0622889553950293
AC245187.2	0.541296750114031	-0.0865522490108136	0.998348049698482	-0.0865522490108136
UBN2	0.541446979795133	-0.01651657809672	0.998348049698482	-0.01651657809672
OR2L3	0.541494337456026	0.0564797867418261	0.998348049698482	0.0564797867418261
VIRMA	0.541510586230909	0.0198983485043036	0.998348049698482	0.0198983485043036
TOR1AIP2	0.541560849447142	-0.0237947530252994	0.998348049698482	-0.0237947530252994
SLC25A38	0.541564592175411	-0.0526381328757295	0.998348049698482	-0.0526381328757295
RNF111	0.54168709091831	0.0183564755140727	0.998348049698482	0.0183564755140727
CBL	0.541753483521175	0.0266989440248252	0.998348049698482	0.0266989440248252
KDM5B	0.541895007891375	-0.0277242169720451	0.998348049698482	-0.0277242169720451
DAPK1	0.541930514859155	-0.0715685052113924	0.998348049698482	-0.0715685052113924
COL7A1	0.541936389054539	-0.0444946585053208	0.998348049698482	-0.0444946585053208
LRBA	0.541939423799905	-0.0126953880470824	0.998348049698482	-0.0126953880470824
INPP5E	0.542060313356457	-0.0425519875315181	0.998348049698482	-0.0425519875315181
BRWD1	0.542132219724791	-0.0132427470238781	0.998348049698482	-0.0132427470238781
FRA10AC1	0.542183179663016	-0.0191890842839897	0.998348049698482	-0.0191890842839897
MYLK	0.542236917351504	-0.0332177398675175	0.998348049698482	-0.0332177398675175
INPP5A	0.542282105880693	-0.0203193427205438	0.998348049698482	-0.0203193427205438
GPI	0.542390369605504	-0.0178896493691719	0.998348049698482	-0.0178896493691719
PIK3C2B	0.542454981986725	-0.0167770203121778	0.998348049698482	-0.0167770203121778
DZANK1	0.542462985148301	0.0358643690349426	0.998348049698482	0.0358643690349426
SLC7A1	0.542464219136686	-0.0418877951256937	0.998348049698482	-0.0418877951256937
SLCO3A1	0.542599881489092	-0.00996731500953233	0.998348049698482	-0.00996731500953233
HMGA1	0.54262820913637	-0.0535476413920049	0.998348049698482	-0.0535476413920049
TIMM9	0.54263504101194	-0.0341196316430598	0.998348049698482	-0.0341196316430598
CEP97	0.542665757485918	-0.0159723540620166	0.998348049698482	-0.0159723540620166
PAPPA2	0.542687264131814	0.0409923964077292	0.998348049698482	0.0409923964077292
CEP126	0.54277439670607	0.0325910431886645	0.998348049698482	0.0325910431886645
AC006994.2	0.54288699212487	0.0596520116715976	0.998348049698482	0.0596520116715976
G6PC3	0.542922751639749	0.045107859937171	0.998348049698482	0.045107859937171
MED17	0.542970555336795	-0.0313986325393175	0.998348049698482	-0.0313986325393175
CACNA1A	0.543038228529717	-0.0567308837383986	0.998348049698482	-0.0567308837383986
ATG4D	0.5430386325493	0.0342846548435235	0.998348049698482	0.0342846548435235
SFRP1	0.54308028607782	-0.0315180543407866	0.998348049698482	-0.0315180543407866
DCAF13	0.543144522967135	0.0403226641208807	0.998348049698482	0.0403226641208807
LINC02018	0.543244477694995	0.0278727960302731	0.998348049698482	0.0278727960302731
ILF3-DT	0.543251174615692	0.0250084202807253	0.998348049698482	0.0250084202807253
KCNMB3	0.543268860938541	-0.0436204626314307	0.998348049698482	-0.0436204626314307
CCDC6	0.543329965031559	-0.0320507863109279	0.998348049698482	-0.0320507863109279
ZBED8	0.543415023919427	-0.0414607485328097	0.998348049698482	-0.0414607485328097
AL162253.2	0.543537440442854	-0.0193775558949618	0.998348049698482	-0.0193775558949618
PSAP	0.543597984656604	0.023404560904048	0.998348049698482	0.023404560904048
HADHA	0.543605420858998	-0.0190054141902954	0.998348049698482	-0.0190054141902954
AL139317.5	0.543896994831002	0.0235433492681014	0.998348049698482	0.0235433492681014
PRR7-AS1	0.543919076636863	-0.0535948629382017	0.998348049698482	-0.0535948629382017
INSIG2	0.543919083391485	-0.0379730932150388	0.998348049698482	-0.0379730932150388
FBXL19	0.543977649680171	-0.0397934026566909	0.998348049698482	-0.0397934026566909
SKA2	0.544130842043682	-0.0222280430653524	0.998348049698482	-0.0222280430653524
ZDHHC21	0.544258165981356	-0.02428909007546	0.998348049698482	-0.02428909007546
GBA2	0.544268997998093	0.0305363720307787	0.998348049698482	0.0305363720307787
PCGF3	0.544384561509395	0.0252361455489614	0.998348049698482	0.0252361455489614
C9orf78	0.544419089661902	0.0336671008802789	0.998348049698482	0.0336671008802789
PNRC2	0.544609214656419	-0.0404341602847502	0.998348049698482	-0.0404341602847502
BRF1	0.544702576127267	-0.0206823838764668	0.998348049698482	-0.0206823838764668
SKIV2L	0.544814244826289	0.0458989057884778	0.998348049698482	0.0458989057884778
SCAMP5	0.54481758880096	0.0329606590948045	0.998348049698482	0.0329606590948045
CIAO2A	0.545004983589367	0.0262288301977359	0.998348049698482	0.0262288301977359
ZNF573	0.545150981428517	-0.0245215336023341	0.998348049698482	-0.0245215336023341
TYW3	0.545151513010648	0.029879598492034	0.998348049698482	0.029879598492034
CSE1L	0.545221589181552	-0.0239262042835083	0.998348049698482	-0.0239262042835083
AC012442.2	0.545370166323875	-0.0354594734036178	0.998348049698482	-0.0354594734036178
ACOT11	0.545370603608285	0.051400556951086	0.998348049698482	0.051400556951086
GABARAP	0.545419448524586	-0.0392931814013158	0.998348049698482	-0.0392931814013158
CCT7	0.545424529743358	-0.0487585376274111	0.998348049698482	-0.0487585376274111
GJA9	0.545507139183088	0.0439377834956512	0.998348049698482	0.0439377834956512
TBC1D24	0.545521487065718	0.0482176795285389	0.998348049698482	0.0482176795285389
SNRPA	0.545573367304051	-0.0346035182971765	0.998348049698482	-0.0346035182971765
AP1G1	0.545667446981263	0.0163258255596314	0.998348049698482	0.0163258255596314
DCAF10	0.545879968292221	-0.0173566474364728	0.998348049698482	-0.0173566474364728
IER3IP1	0.546019609100999	0.0318802796357542	0.998348049698482	0.0318802796357542
SLC30A6	0.546089158082732	-0.0236477290836377	0.998348049698482	-0.0236477290836377
AC091946.1	0.546213126227312	-0.0526854338566904	0.998348049698482	-0.0526854338566904
RNF167	0.546278984817751	0.035285475939485	0.998348049698482	0.035285475939485
ZNF512	0.546342791330046	0.0263586106507262	0.998348049698482	0.0263586106507262
POLD1	0.546420037938941	-0.0525230634209818	0.998348049698482	-0.0525230634209818
CCDC171	0.546585719774091	-0.0256200433360977	0.998348049698482	-0.0256200433360977
TUBB3	0.546601104012833	0.0922264479808982	0.998348049698482	0.0922264479808982
AC006001.2	0.546769030997833	0.0195134038658136	0.998348049698482	0.0195134038658136
IMMT	0.546850340089451	-0.024460881047507	0.998348049698482	-0.024460881047507
CLIC4	0.54692790186735	0.0148157529743042	0.998348049698482	0.0148157529743042
HNRNPU	0.546937483535819	-0.0127871788837514	0.998348049698482	-0.0127871788837514
CABCOCO1	0.54701732910966	-0.040308316237654	0.998348049698482	-0.040308316237654
DSCAM	0.547083864663531	0.0582105007351967	0.998348049698482	0.0582105007351967
NDUFV1	0.547238115633426	-0.0221467139051596	0.998348049698482	-0.0221467139051596
TTC27	0.547368468511694	-0.0192344532042242	0.998348049698482	-0.0192344532042242
XKR4	0.547402616565264	0.0547355037819624	0.998348049698482	0.0547355037819624
AC090518.1	0.547443665811644	0.0477662064261764	0.998348049698482	0.0477662064261764
PDS5B	0.547516326914288	-0.014137101817936	0.998348049698482	-0.014137101817936
TRIM52	0.54758787732967	-0.0317453144995925	0.998348049698482	-0.0317453144995925
USO1	0.547635397250285	0.0182955135303519	0.998348049698482	0.0182955135303519
TNRC6A	0.547730903946563	0.0133869033559888	0.998348049698482	0.0133869033559888
COMMD2	0.547851368082914	0.0329953337614868	0.998348049698482	0.0329953337614868
AC022075.1	0.547970393062364	-0.0375799770889112	0.998348049698482	-0.0375799770889112
AC079336.4	0.548007906048885	0.0805351487631159	0.998348049698482	0.0805351487631159
RIPOR1	0.548021169339484	-0.0563303939729738	0.998348049698482	-0.0563303939729738
NSD2	0.548050788601777	0.0163489084193873	0.998348049698482	0.0163489084193873
PLEKHB1	0.548207495461894	0.0199766363542598	0.998348049698482	0.0199766363542598
NBPF12	0.548231646793457	0.0235192411230906	0.998348049698482	0.0235192411230906
DHX38	0.548257413280331	0.0283616059483542	0.998348049698482	0.0283616059483542
HEATR5B	0.548359154825901	0.0185854077629699	0.998348049698482	0.0185854077629699
SRRM1	0.548540592475192	-0.0191496035133856	0.998348049698482	-0.0191496035133856
SYNGR1	0.548601448906213	-0.0389157305243075	0.998348049698482	-0.0389157305243075
ADGRE5	0.548649173233561	-0.0361181465365812	0.998348049698482	-0.0361181465365812
EFNA5	0.548673338955425	0.0653623614180186	0.998348049698482	0.0653623614180186
FNIP2	0.548690421498587	-0.0114878811306885	0.998348049698482	-0.0114878811306885
KIF3C	0.548786014577976	-0.0353044439941714	0.998348049698482	-0.0353044439941714
UGCG	0.548818537530731	0.0406506626863225	0.998348049698482	0.0406506626863225
MRPS34	0.548925771126668	0.0533898699589579	0.998348049698482	0.0533898699589579
DNAH17	0.548990369609518	-0.0297809065132245	0.998348049698482	-0.0297809065132245
MID1	0.549077519338817	0.029895529926043	0.998348049698482	0.029895529926043
YIPF4	0.549154198657455	0.0148078869244348	0.998348049698482	0.0148078869244348
TBCD	0.549175007755566	-0.0202412086753035	0.998348049698482	-0.0202412086753035
SHANK2	0.549183071855299	-0.0471862094141951	0.998348049698482	-0.0471862094141951
HMGB1	0.549245817599178	0.0128303140554468	0.998348049698482	0.0128303140554468
FAHD2A	0.549255056796985	-0.0233957970208944	0.998348049698482	-0.0233957970208944
MIR181A1HG	0.549256700379347	0.0137483717117101	0.998348049698482	0.0137483717117101
KCTD3	0.549360673644918	0.0149837032608639	0.998348049698482	0.0149837032608639
AATK	0.549482439719692	0.0136531753938896	0.998348049698482	0.0136531753938896
METTL26	0.549523854560817	0.0399974528045672	0.998348049698482	0.0399974528045672
IREB2	0.549854715833357	-0.0184786362325201	0.998348049698482	-0.0184786362325201
NAIP	0.549930016039085	0.0240986273322388	0.998348049698482	0.0240986273322388
USP48	0.549937605719889	0.0148347737151343	0.998348049698482	0.0148347737151343
CCDC137	0.549950463571659	-0.0372510051150791	0.998348049698482	-0.0372510051150791
CSNK1G2	0.549971901308354	-0.0280652932591153	0.998348049698482	-0.0280652932591153
NOS1	0.55006585524593	0.0369281365178963	0.998348049698482	0.0369281365178963
DENND4B	0.550131182414255	0.0186740633758571	0.998348049698482	0.0186740633758571
SIGMAR1	0.550146217707556	-0.0538714998338032	0.998348049698482	-0.0538714998338032
C19orf38	0.550146534510591	0.0493258718841332	0.998348049698482	0.0493258718841332
ACTR2	0.550318205160691	0.0260760269559385	0.998348049698482	0.0260760269559385
FAT3	0.550522338685978	0.0647593410032277	0.998348049698482	0.0647593410032277
SLC11A2	0.550557300571744	0.0157448853330289	0.998348049698482	0.0157448853330289
ATP2A2	0.550677967265401	0.0202621970198827	0.998348049698482	0.0202621970198827
BCO2	0.550828589002752	0.0309104993673504	0.998348049698482	0.0309104993673504
RNF123	0.551029643258969	-0.0474734358259029	0.998348049698482	-0.0474734358259029
AL445250.1	0.551135920089141	-0.0356248648750405	0.998348049698482	-0.0356248648750405
PHF7	0.551215307963574	0.0275700753061581	0.998348049698482	0.0275700753061581
ZYG11B	0.551261846193515	0.0210532741872128	0.998348049698482	0.0210532741872128
PDCD5	0.551344110822083	-0.0431949126577255	0.998348049698482	-0.0431949126577255
SYAP1	0.551405800890036	0.0227327562504382	0.998348049698482	0.0227327562504382
CSMD3	0.551462210615854	0.0454855889706427	0.998348049698482	0.0454855889706427
NR1H3	0.551606033277103	0.0286853573534174	0.998348049698482	0.0286853573534174
CASC3	0.551949759537228	0.0188552639898742	0.998348049698482	0.0188552639898742
ARHGAP26	0.551984258324556	-0.0552067456577278	0.998348049698482	-0.0552067456577278
TGOLN2	0.552018445646749	-0.0219051886216073	0.998348049698482	-0.0219051886216073
AC027130.1	0.552091985450874	0.0573624739300619	0.998348049698482	0.0573624739300619
RBM15B	0.552116577102438	-0.0481080649550708	0.998348049698482	-0.0481080649550708
KAT2B	0.552123267090235	0.0121952376445966	0.998348049698482	0.0121952376445966
SRM	0.552219331016621	0.0357718884049244	0.998348049698482	0.0357718884049244
GLCE	0.552338327393125	0.0187891384741742	0.998348049698482	0.0187891384741742
CHL1	0.552513694622704	-0.0655371470151328	0.998348049698482	-0.0655371470151328
SHLD2	0.552601143904499	0.0211838375093127	0.998348049698482	0.0211838375093127
CSNK2B	0.552601867584748	-0.0374183788374685	0.998348049698482	-0.0374183788374685
CDH20	0.55261984042926	-0.0110239324241143	0.998348049698482	-0.0110239324241143
RPL7A	0.55271873539613	-0.0388740663824136	0.998348049698482	-0.0388740663824136
ATP10B	0.55277242717413	0.0138116098006359	0.998348049698482	0.0138116098006359
CLOCK	0.552793332303232	0.0192370887966933	0.998348049698482	0.0192370887966933
SENP5	0.552957679459244	-0.0173580815347114	0.998348049698482	-0.0173580815347114
LINC02610	0.5529754615771	-0.0534391069166105	0.998348049698482	-0.0534391069166105
IFNAR2	0.553194943125507	-0.0204856489146213	0.998348049698482	-0.0204856489146213
COA1	0.553241724951449	-0.017861907886994	0.998348049698482	-0.017861907886994
CFAP44	0.553298317367878	-0.0302793649361125	0.998348049698482	-0.0302793649361125
FASTK	0.553471861520241	0.0268505110485022	0.998348049698482	0.0268505110485022
ERMARD	0.553566409090959	0.031405373546691	0.998348049698482	0.031405373546691
STK11IP	0.553608357960099	0.0482698487858139	0.998348049698482	0.0482698487858139
SNAPC1	0.553779331882918	-0.0410260262927125	0.998348049698482	-0.0410260262927125
SAMD1	0.553793347517845	-0.0283214512654657	0.998348049698482	-0.0283214512654657
AC132153.1	0.553793350309067	0.0328729860464401	0.998348049698482	0.0328729860464401
DAPK3	0.55387153549699	-0.0387290024511192	0.998348049698482	-0.0387290024511192
MAT2B	0.553894698280029	-0.0463329794712513	0.998348049698482	-0.0463329794712513
PNISR	0.553929457382291	-0.0157049513943633	0.998348049698482	-0.0157049513943633
COQ5	0.554015100649942	0.0260455063537519	0.998348049698482	0.0260455063537519
DCLK1	0.55405819100003	-0.0577700910177199	0.998348049698482	-0.0577700910177199
RAB11FIP3	0.554245692452326	0.0164072634125399	0.998348049698482	0.0164072634125399
NDUFS4	0.554271252230178	0.0206376618662333	0.998348049698482	0.0206376618662333
SEPTIN4	0.554341590566474	0.0186555447381611	0.998348049698482	0.0186555447381611
MRPS10	0.554388953505671	0.0322262941346958	0.998348049698482	0.0322262941346958
AL645465.1	0.554578973125265	-0.0289571361886224	0.998348049698482	-0.0289571361886224
CUL1	0.554644167012778	0.0141494603858576	0.998348049698482	0.0141494603858576
HEXA	0.554681556722673	0.0194570389657616	0.998348049698482	0.0194570389657616
ZNF664	0.554762697963526	0.0308733747366405	0.998348049698482	0.0308733747366405
AC021752.1	0.554886026249008	0.0259758754888135	0.998348049698482	0.0259758754888135
SLF2	0.554893452066046	-0.0163368920905997	0.998348049698482	-0.0163368920905997
TAF4B	0.554896122029641	-0.0402141411700852	0.998348049698482	-0.0402141411700852
PDE9A	0.554971296921561	-0.0341473001677722	0.998348049698482	-0.0341473001677722
KANK1	0.555166268624408	-0.0129700513860959	0.998348049698482	-0.0129700513860959
EIF3H	0.555200442392932	-0.0180157988043733	0.998348049698482	-0.0180157988043733
RER1	0.555205908928446	0.0237621213650406	0.998348049698482	0.0237621213650406
MTFMT	0.555269720114059	0.0332671678900787	0.998348049698482	0.0332671678900787
PCDH11X	0.555426121149671	0.0656843909260433	0.998348049698482	0.0656843909260433
RDH5	0.555473445366015	-0.0474121861501743	0.998348049698482	-0.0474121861501743
LINC00294	0.555728136088961	0.0415398408267634	0.998348049698482	0.0415398408267634
UPF3B	0.555769081674115	-0.0166232369816084	0.998348049698482	-0.0166232369816084
GUCA1B	0.55580298151691	-0.0315083706656684	0.998348049698482	-0.0315083706656684
ATP5MC3	0.555915733965277	-0.0727340366289989	0.998348049698482	-0.0727340366289989
ESCO1	0.556210438005836	0.0230339289533774	0.998348049698482	0.0230339289533774
ZBTB20-AS5	0.556216467374736	0.0670027455963459	0.998348049698482	0.0670027455963459
DDX3X	0.556224285708354	-0.0228235414793297	0.998348049698482	-0.0228235414793297
PGBD5	0.5562926745805	-0.0185966160837362	0.998348049698482	-0.0185966160837362
ST3GAL2	0.556326026685976	0.030021785471783	0.998348049698482	0.030021785471783
STPG4	0.556403294436177	0.0409706254851528	0.998348049698482	0.0409706254851528
ALAD	0.556500332023149	0.0273108301918069	0.998348049698482	0.0273108301918069
FCF1	0.556777376874354	0.0260173840979616	0.998348049698482	0.0260173840979616
CARHSP1	0.556790435264419	0.0185729702964118	0.998348049698482	0.0185729702964118
AC091912.3	0.55706505886698	0.0325623445036849	0.998348049698482	0.0325623445036849
GASK1A	0.557095230793248	0.0342707493019734	0.998348049698482	0.0342707493019734
MYLK-AS1	0.557190696316687	-0.0318608463064656	0.998348049698482	-0.0318608463064656
ALG6	0.557196750676866	-0.0336322572210108	0.998348049698482	-0.0336322572210108
ZNF594	0.557210331554887	-0.0307986991540172	0.998348049698482	-0.0307986991540172
SNX30	0.557234311291455	0.01461056973545	0.998348049698482	0.01461056973545
HSPA9	0.557347740416932	0.0192606771507209	0.998348049698482	0.0192606771507209
ATP5MD	0.557438009205572	0.0584357908687598	0.998348049698482	0.0584357908687598
RPL34	0.557499874171495	0.0426787363418315	0.998348049698482	0.0426787363418315
TCF3	0.557628929359052	-0.0363824469259865	0.998348049698482	-0.0363824469259865
ITSN1	0.557745650884156	-0.0196910126471506	0.998348049698482	-0.0196910126471506
CHGA	0.557783850521825	0.0978798992989611	0.998348049698482	0.0978798992989611
RIDA	0.557899113958795	0.0373325628260655	0.998348049698482	0.0373325628260655
RPS6KA3	0.558278500520214	-0.0308597461102919	0.998348049698482	-0.0308597461102919
CXADR	0.558351949936863	0.0202172914693042	0.998348049698482	0.0202172914693042
HMGN4	0.558392359653132	-0.042417900580746	0.998348049698482	-0.042417900580746
NIT2	0.558467538745885	-0.0487064600489718	0.998348049698482	-0.0487064600489718
MTA1	0.558924997935358	-0.0235739137751286	0.998348049698482	-0.0235739137751286
CNOT6L	0.559085519543603	-0.0187512295334778	0.998348049698482	-0.0187512295334778
CDC26	0.559286826072901	0.040724361685375	0.998348049698482	0.040724361685375
ST6GALNAC3	0.559434988889955	0.012976116100781	0.998348049698482	0.012976116100781
ZSCAN5A	0.559522900174731	0.024987589605318	0.998348049698482	0.024987589605318
PIGC	0.559702958592552	-0.034822111860929	0.998348049698482	-0.034822111860929
CLIP3	0.559717660819596	-0.0417245951300997	0.998348049698482	-0.0417245951300997
GTF2I	0.559728328625709	-0.00841492566412377	0.998348049698482	-0.00841492566412377
NDUFA1	0.559864210991752	0.0609101269985564	0.998348049698482	0.0609101269985564
RAB35	0.559951531408982	-0.0309730827586451	0.998348049698482	-0.0309730827586451
SERPINE2	0.560129821043811	-0.0647849897049269	0.998348049698482	-0.0647849897049269
AC012363.1	0.560236394417313	0.0377836930175735	0.998348049698482	0.0377836930175735
CPEB1-AS1	0.560278016871342	0.0262827218410103	0.998348049698482	0.0262827218410103
LGR5	0.560350209077142	-0.0212188226204942	0.998348049698482	-0.0212188226204942
VKORC1L1	0.560424388297744	0.019513268146032	0.998348049698482	0.019513268146032
RGS7	0.560456445284144	0.0519954558022731	0.998348049698482	0.0519954558022731
CUL4B	0.56050754758378	0.0325695229789692	0.998348049698482	0.0325695229789692
AC090115.1	0.560711986449447	-0.043655979223618	0.998348049698482	-0.043655979223618
SNX15	0.560832390981229	0.0459222941014074	0.998348049698482	0.0459222941014074
UQCRC2	0.560871247582038	0.023953664706852	0.998348049698482	0.023953664706852
PMP2	0.561012988563959	0.030062899292829	0.998348049698482	0.030062899292829
FA2H	0.561150850677525	0.0121424354842626	0.998348049698482	0.0121424354842626
TRMT44	0.561206494576251	0.0269797758334166	0.998348049698482	0.0269797758334166
SLC30A5	0.561318153240536	-0.0250574743531695	0.998348049698482	-0.0250574743531695
TTL	0.561510939384439	0.017351813186982	0.998348049698482	0.017351813186982
BCAP29	0.56151139909608	0.033717668350695	0.998348049698482	0.033717668350695
KATNAL2	0.561619784118008	0.027562202769654	0.998348049698482	0.027562202769654
ATF6B	0.561775719067805	0.0226267843179877	0.998348049698482	0.0226267843179877
MRPL27	0.561865757235057	0.0546916704414179	0.998348049698482	0.0546916704414179
TSPAN31	0.561901165680066	-0.0329473904783881	0.998348049698482	-0.0329473904783881
CLPP	0.562347459785972	0.0314409588203403	0.998348049698482	0.0314409588203403
TMEM167B	0.562399625640716	0.0377775158311497	0.998348049698482	0.0377775158311497
LYPD5	0.562414801714595	0.0381191616236756	0.998348049698482	0.0381191616236756
CHMP2A	0.562433079525551	-0.0454767387087285	0.998348049698482	-0.0454767387087285
AC104596.1	0.56249203110219	0.0210267174996586	0.998348049698482	0.0210267174996586
NDUFV2	0.562494641205	-0.0311059342232554	0.998348049698482	-0.0311059342232554
DHCR24	0.562823662444936	-0.0284479244266599	0.998348049698482	-0.0284479244266599
MAP4K2	0.562830593743214	-0.0266695707724053	0.998348049698482	-0.0266695707724053
MYL6B	0.562993133579482	0.0594759027290572	0.998348049698482	0.0594759027290572
DCAF6	0.56310646307915	0.0264141882021247	0.998348049698482	0.0264141882021247
RPS25	0.563136538602322	-0.0415164872084137	0.998348049698482	-0.0415164872084137
NUP43	0.563274583346904	0.0269552258442837	0.998348049698482	0.0269552258442837
U2AF2	0.563329532488547	-0.0299139321927225	0.998348049698482	-0.0299139321927225
PRRC2A	0.563369043866195	0.0193113463957706	0.998348049698482	0.0193113463957706
GPCPD1	0.563548781702796	0.0506226995002785	0.998348049698482	0.0506226995002785
CEP295	0.56362388877851	-0.0226595008693728	0.998348049698482	-0.0226595008693728
CC2D1B	0.563703875147203	-0.0338630429962688	0.998348049698482	-0.0338630429962688
NF1	0.563788860209566	-0.0100050353418246	0.998348049698482	-0.0100050353418246
MAPKAPK5	0.563858057249796	0.0216255205620445	0.998348049698482	0.0216255205620445
ZCCHC4	0.563992278932508	-0.0355474376037244	0.998348049698482	-0.0355474376037244
NOL3	0.564117974011661	-0.0289970620176529	0.998348049698482	-0.0289970620176529
FLAD1	0.564120925620662	0.031771468281047	0.998348049698482	0.031771468281047
RIMKLB	0.56433730048982	0.0462964907938137	0.998348049698482	0.0462964907938137
MFAP3L	0.564470497071015	0.0171199232234332	0.998348049698482	0.0171199232234332
DDX27	0.564701552165452	0.02995287692079	0.998348049698482	0.02995287692079
AC068282.1	0.564838715361092	0.0655601818127576	0.998348049698482	0.0655601818127576
LANCL2	0.564843712568135	0.0179592147085588	0.998348049698482	0.0179592147085588
NEK3	0.564924414313335	0.0223589218977813	0.998348049698482	0.0223589218977813
FAM135A	0.564960980162687	-0.0153309503736014	0.998348049698482	-0.0153309503736014
RUSC2	0.565042119636538	0.0155271824192149	0.998348049698482	0.0155271824192149
C18orf54	0.565145696108598	0.03686688429468	0.998348049698482	0.03686688429468
MAGEH1	0.565394077668663	0.0492382942795577	0.998348049698482	0.0492382942795577
UBAC2	0.565440622099278	0.0196427795262628	0.998348049698482	0.0196427795262628
PRDX6	0.56548308883538	0.0402994341746938	0.998348049698482	0.0402994341746938
LRRC37A3	0.565498309337141	-0.0303869964149862	0.998348049698482	-0.0303869964149862
SWI5	0.565530476134977	-0.023090415113204	0.998348049698482	-0.023090415113204
NXF1	0.565559071478025	0.0392899774845752	0.998348049698482	0.0392899774845752
SPOCK1	0.565576494723502	-0.00951892138774658	0.998348049698482	-0.00951892138774658
DDHD1	0.566002736163492	-0.0169829191023121	0.998348049698482	-0.0169829191023121
ADAM12	0.566055748275572	-0.0236578946284314	0.998348049698482	-0.0236578946284314
PPP2R2D	0.566310075672572	0.017101182579102	0.998348049698482	0.017101182579102
NARS2	0.56650135440303	0.0173614263239119	0.998348049698482	0.0173614263239119
PITPNB	0.566592434007356	0.01635092630479	0.998348049698482	0.01635092630479
ASF1A	0.566599725312342	-0.0462086316998107	0.998348049698482	-0.0462086316998107
HSPA4L	0.56676902496106	-0.0625240425194336	0.998348049698482	-0.0625240425194336
UBE2J2	0.566864478688995	0.0216904049651936	0.998348049698482	0.0216904049651936
TATDN1	0.566939405066773	0.0178868737137474	0.998348049698482	0.0178868737137474
GABBR2	0.56694640864505	-0.059453213296913	0.998348049698482	-0.059453213296913
PDK1	0.566958191335258	-0.0379445243626381	0.998348049698482	-0.0379445243626381
TOB1-AS1	0.567123654680821	-0.0326985415877245	0.998348049698482	-0.0326985415877245
RABL2A	0.567254569498156	0.0259384726237826	0.998348049698482	0.0259384726237826
SMDT1	0.567453916880517	-0.042451657041834	0.998348049698482	-0.042451657041834
TRNT1	0.567577501589845	0.0377233148907808	0.998348049698482	0.0377233148907808
OMG	0.567648684709062	-0.0248030233941107	0.998348049698482	-0.0248030233941107
AGK	0.567721983974039	-0.024438660885838	0.998348049698482	-0.024438660885838
SORT1	0.567740469001592	-0.0101268986133794	0.998348049698482	-0.0101268986133794
CHID1	0.56777011541571	0.0330144725021755	0.998348049698482	0.0330144725021755
STARD9	0.567779468236139	-0.0146311555648817	0.998348049698482	-0.0146311555648817
SF3B5	0.568037022185986	0.0499464813186667	0.998348049698482	0.0499464813186667
AC048382.5	0.568109798922855	0.0314813313084762	0.998348049698482	0.0314813313084762
SUMO2	0.568110903392632	0.0318896454404275	0.998348049698482	0.0318896454404275
AP000446.1	0.568141180927676	-0.0368935147336881	0.998348049698482	-0.0368935147336881
ENDOV	0.568374085995126	-0.0273919237761928	0.998348049698482	-0.0273919237761928
TXNL4B	0.568441437586382	-0.0264319289611336	0.998348049698482	-0.0264319289611336
TRAF1	0.568453114379811	-0.0349278558357261	0.998348049698482	-0.0349278558357261
C5orf56	0.568547435959247	-0.0200519560769207	0.998348049698482	-0.0200519560769207
SQLE	0.56871208122185	0.0253205850733785	0.998348049698482	0.0253205850733785
FAT4	0.568764723220867	-0.0196768077266188	0.998348049698482	-0.0196768077266188
SHPRH	0.569003473555599	-0.0109573331934627	0.998348049698482	-0.0109573331934627
FAM181B	0.569136844469343	-0.0421687038960563	0.998348049698482	-0.0421687038960563
EIF3L	0.569175023415362	0.0296303570255352	0.998348049698482	0.0296303570255352
AGAP1	0.569209052819836	-0.00881918288361868	0.998348049698482	-0.00881918288361868
AC135507.1	0.569290290061269	-0.0392171699666293	0.998348049698482	-0.0392171699666293
AC091180.2	0.569308786761143	-0.0482861401986414	0.998348049698482	-0.0482861401986414
CLTA	0.569335156544617	-0.0172232005223265	0.998348049698482	-0.0172232005223265
NOP56	0.569755492408193	0.0226819100032473	0.998348049698482	0.0226819100032473
SUMO3	0.569786940341301	-0.0574770964832562	0.998348049698482	-0.0574770964832562
SCLT1	0.570119757770279	-0.0176385386384498	0.998348049698482	-0.0176385386384498
COPB1	0.570259143555768	0.0198315221177037	0.998348049698482	0.0198315221177037
ZRANB2	0.570415052903914	0.0157958125134525	0.998348049698482	0.0157958125134525
MEMO1	0.570741851457141	0.0454618454026755	0.998348049698482	0.0454618454026755
TRMT2A	0.570759848008992	0.0350516247940835	0.998348049698482	0.0350516247940835
AGT	0.570870099741307	-0.0483192825945894	0.998348049698482	-0.0483192825945894
RAB3GAP1	0.571012281344229	0.0147058229501985	0.998348049698482	0.0147058229501985
BRAT1	0.571086973654335	0.0303302389307029	0.998348049698482	0.0303302389307029
AL117329.1	0.571218570480781	-0.0678238743778874	0.998348049698482	-0.0678238743778874
SLC17A5	0.571271930148786	-0.0292894835893692	0.998348049698482	-0.0292894835893692
AK3	0.571286709784238	0.0180705921477811	0.998348049698482	0.0180705921477811
ZNF92	0.571328863283329	-0.0418816708452996	0.998348049698482	-0.0418816708452996
ASB8	0.571350328704837	-0.0312474549560929	0.998348049698482	-0.0312474549560929
ZNF670	0.571380843359581	0.037068819881854	0.998348049698482	0.037068819881854
RPS26	0.571418244503923	-0.0474397230584712	0.998348049698482	-0.0474397230584712
SAMM50	0.571533342209143	-0.0370956970035693	0.998348049698482	-0.0370956970035693
ATP10D	0.571762081563795	-0.0266773199216525	0.998348049698482	-0.0266773199216525
GRIN2A	0.571777099178761	-0.0382849065948427	0.998348049698482	-0.0382849065948427
HSPA2	0.571816828915314	-0.0281007877927747	0.998348049698482	-0.0281007877927747
CADM1	0.572036961553226	0.00833340776628938	0.998348049698482	0.00833340776628938
CPOX	0.57205950921266	0.0160070290867253	0.998348049698482	0.0160070290867253
VCP	0.572075317616054	-0.0233795539922185	0.998348049698482	-0.0233795539922185
PTPRU	0.572225544235904	-0.0670983698554059	0.998348049698482	-0.0670983698554059
RASGRP3	0.572332243531872	-0.016050464813656	0.998348049698482	-0.016050464813656
MRTO4	0.572347491510801	0.0463172523251073	0.998348049698482	0.0463172523251073
MAP9	0.572424281416835	-0.0454224104557446	0.998348049698482	-0.0454224104557446
NPRL3	0.572515908963557	-0.0165292350441571	0.998348049698482	-0.0165292350441571
SNHG21	0.572528764310069	0.0454939239448007	0.998348049698482	0.0454939239448007
AC006059.1	0.572708928730977	0.0222808991281539	0.998348049698482	0.0222808991281539
LINC02175	0.572726287200632	0.0233111205293035	0.998348049698482	0.0233111205293035
DDX51	0.572788277671252	0.0292503719043111	0.998348049698482	0.0292503719043111
PRTFDC1	0.572807182617808	0.0156565917457225	0.998348049698482	0.0156565917457225
PIN1	0.57312614863064	-0.0406213939460571	0.998348049698482	-0.0406213939460571
ZNF341	0.573188112665886	0.0322493496794047	0.998348049698482	0.0322493496794047
SNHG32	0.573350629309241	-0.0497688639677723	0.998348049698482	-0.0497688639677723
POLA1	0.573761733704401	0.0166052235458264	0.998348049698482	0.0166052235458264
SARM1	0.5737619225645	0.0228348151056682	0.998348049698482	0.0228348151056682
LRP2	0.573765316141553	-0.0150314393082216	0.998348049698482	-0.0150314393082216
PEG3	0.573834869219098	-0.0330276064484296	0.998348049698482	-0.0330276064484296
TRIM28	0.573974497355759	0.0283568331404448	0.998348049698482	0.0283568331404448
PHYKPL	0.574099245350669	0.0208641125764421	0.998348049698482	0.0208641125764421
ATP1A1	0.574136978882817	-0.0294448508429268	0.998348049698482	-0.0294448508429268
TIPARP	0.574236799139484	0.0274877867488602	0.998348049698482	0.0274877867488602
DDX19A	0.574335499371907	0.0282745014147291	0.998348049698482	0.0282745014147291
PTPRD	0.574358854463174	0.00854234755371041	0.998348049698482	0.00854234755371041
MFSD8	0.574390165679805	-0.0278551252702751	0.998348049698482	-0.0278551252702751
AC127024.2	0.57439076208378	-0.0444359321880559	0.998348049698482	-0.0444359321880559
DHX33	0.574493959546329	-0.0299582288418961	0.998348049698482	-0.0299582288418961
CLPX	0.574516124238842	0.0212854606904121	0.998348049698482	0.0212854606904121
BACE1	0.574806366825552	0.0171528778331714	0.998348049698482	0.0171528778331714
ALDOC	0.575050709243595	0.0610495758432176	0.998348049698482	0.0610495758432176
CEP170	0.575112885230982	0.0125305547904943	0.998348049698482	0.0125305547904943
PARN	0.575256485970292	0.0172895254196	0.998348049698482	0.0172895254196
PRIM1	0.575277283272919	-0.0309071696515901	0.998348049698482	-0.0309071696515901
PRKD3	0.575342123168272	0.0303417486514752	0.998348049698482	0.0303417486514752
FN3KRP	0.575382025414533	0.0275769895689415	0.998348049698482	0.0275769895689415
GLUL	0.575417755620453	-0.0216959359902698	0.998348049698482	-0.0216959359902698
MYL6	0.575490100432053	0.029855359396068	0.998348049698482	0.029855359396068
ALG11	0.575528849618512	0.0479762579185496	0.998348049698482	0.0479762579185496
TRIM47	0.575730533383165	-0.0500842943587505	0.998348049698482	-0.0500842943587505
GALNTL6	0.575748268905278	0.0555289691473893	0.998348049698482	0.0555289691473893
C1S	0.575767794967807	0.0341432547450607	0.998348049698482	0.0341432547450607
AC055855.2	0.575834287479398	-0.0502961769507573	0.998348049698482	-0.0502961769507573
CEP192	0.575834408509298	0.01530097244239	0.998348049698482	0.01530097244239
TMEM11	0.575885765380747	0.0454565235947989	0.998348049698482	0.0454565235947989
LRP4-AS1	0.575950750369119	-0.0692534046534004	0.998348049698482	-0.0692534046534004
NIPBL-DT	0.57599373948641	-0.0316071951297791	0.998348049698482	-0.0316071951297791
ZSWIM4	0.576448115820628	0.0445603008787505	0.998348049698482	0.0445603008787505
TOM1L2	0.576587194403117	0.0110080053299725	0.998348049698482	0.0110080053299725
CAMK1D	0.576735238338221	0.0567473430523353	0.998348049698482	0.0567473430523353
TTTY10	0.576811428915091	-0.0399784825236014	0.998348049698482	-0.0399784825236014
CCDC126	0.576855018270098	-0.0248166385994765	0.998348049698482	-0.0248166385994765
MFGE8	0.577106856604855	0.0482375478527407	0.998348049698482	0.0482375478527407
SYNJ2	0.57718933765749	-0.0103041167339228	0.998348049698482	-0.0103041167339228
DNAJC3	0.577237490765844	-0.0176161280194404	0.998348049698482	-0.0176161280194404
AL033523.1	0.577243148482551	0.0275291070949022	0.998348049698482	0.0275291070949022
ITSN2	0.577336833747248	0.0118150473614706	0.998348049698482	0.0118150473614706
CYB5R1	0.577379730309306	-0.0432327625967662	0.998348049698482	-0.0432327625967662
RPL22	0.57739689108933	0.0360845087355971	0.998348049698482	0.0360845087355971
SEC61A2	0.577553524724277	0.0237440070348165	0.998348049698482	0.0237440070348165
LRRC7	0.577587344134614	0.0160517652953927	0.998348049698482	0.0160517652953927
FLII	0.577690848521994	0.0228699652154171	0.998348049698482	0.0228699652154171
SYBU	0.577791274843771	0.0860242511170153	0.998348049698482	0.0860242511170153
NIPAL4	0.577932031053209	-0.0445302551474243	0.998348049698482	-0.0445302551474243
PABPC4	0.57800018196531	0.0337108162791964	0.998348049698482	0.0337108162791964
MARCKSL1	0.578107193449416	-0.0269367419604867	0.998348049698482	-0.0269367419604867
RBMX	0.578132094205896	0.0156208529999205	0.998348049698482	0.0156208529999205
ABCC10	0.578165337221384	0.0318978812703486	0.998348049698482	0.0318978812703486
PPP4R3A	0.578227086342442	-0.0158781617464093	0.998348049698482	-0.0158781617464093
AL110114.1	0.578234657934493	0.0250428229765234	0.998348049698482	0.0250428229765234
KPNA2	0.5783633255637	0.0540166928621688	0.998348049698482	0.0540166928621688
MYLIP	0.578407857465318	0.0219705334162274	0.998348049698482	0.0219705334162274
SCRN1	0.57847584925332	0.0302480120861573	0.998348049698482	0.0302480120861573
SLC25A44	0.578556273767326	0.0332705628063244	0.998348049698482	0.0332705628063244
TTC23L	0.578606553497463	0.0423243645086412	0.998348049698482	0.0423243645086412
AC010894.3	0.578692601538244	-0.0575584138330157	0.998348049698482	-0.0575584138330157
SSPN	0.578734997356161	-0.0293522657412765	0.998348049698482	-0.0293522657412765
MNS1	0.578755181081434	-0.0505863379452004	0.998348049698482	-0.0505863379452004
ZNF789	0.579000510489465	-0.0264354232766127	0.998348049698482	-0.0264354232766127
AC139887.2	0.579163100045096	0.0220072431586201	0.998348049698482	0.0220072431586201
AC087854.1	0.57918175816998	-0.034871563995859	0.998348049698482	-0.034871563995859
ZCCHC2	0.579469576373603	-0.0198805450586621	0.998348049698482	-0.0198805450586621
ESRRA	0.579538685797688	0.0330920892259058	0.998348049698482	0.0330920892259058
TENT2	0.579571962859477	0.0131172531839956	0.998348049698482	0.0131172531839956
HOOK3	0.579672805559516	0.0130825841694329	0.998348049698482	0.0130825841694329
QDPR	0.579736533827868	-0.0144323901709135	0.998348049698482	-0.0144323901709135
TMX3	0.579745996679767	0.0233450350785129	0.998348049698482	0.0233450350785129
ICE1	0.579768566449508	-0.0169120125693179	0.998348049698482	-0.0169120125693179
GNAQ	0.579775619274478	0.00851946719966323	0.998348049698482	0.00851946719966323
TOMM6	0.579791766166673	-0.042148456764846	0.998348049698482	-0.042148456764846
ZFAND6	0.579794192476432	-0.016161073529058	0.998348049698482	-0.016161073529058
FRMD5	0.579823363358363	-0.00692664888605803	0.998348049698482	-0.00692664888605803
FOXK1	0.580114031663395	0.0129736157242524	0.998348049698482	0.0129736157242524
REST	0.580206635634815	-0.0256367193063876	0.998348049698482	-0.0256367193063876
BMPR1A	0.580218986665137	-0.0147110029088086	0.998348049698482	-0.0147110029088086
EHBP1	0.580323276067023	-0.0176606342185318	0.998348049698482	-0.0176606342185318
MEGF10	0.580409348418773	-0.0118004231731868	0.998348049698482	-0.0118004231731868
GFM2	0.580490835884484	-0.0249176653119297	0.998348049698482	-0.0249176653119297
USP49	0.580526291448999	-0.0186294321676927	0.998348049698482	-0.0186294321676927
ROGDI	0.580549198451972	0.0255628500790687	0.998348049698482	0.0255628500790687
PCNT	0.580707396042624	-0.0260473536399706	0.998348049698482	-0.0260473536399706
IRF3	0.580712387471791	-0.0256035313069062	0.998348049698482	-0.0256035313069062
ATP6V1A	0.580820080441759	0.0229795467206206	0.998348049698482	0.0229795467206206
BMPR2	0.580882562839921	-0.0262801196295783	0.998348049698482	-0.0262801196295783
AC021054.1	0.581069831856596	0.0535605963008631	0.998348049698482	0.0535605963008631
SELENOW	0.581071180945964	-0.0212053274499822	0.998348049698482	-0.0212053274499822
PLEKHA7	0.581107555807437	-0.0285780585297904	0.998348049698482	-0.0285780585297904
SMIM13	0.581221831010318	0.0262855642039804	0.998348049698482	0.0262855642039804
LENG8-AS1	0.581288242523576	-0.0416973516542877	0.998348049698482	-0.0416973516542877
PSMD12	0.581336285977013	0.0276656124602427	0.998348049698482	0.0276656124602427
MED21	0.581514808760071	-0.0375145578541605	0.998348049698482	-0.0375145578541605
TMSB10	0.581590258589667	0.0581169179998011	0.998348049698482	0.0581169179998011
TFRC	0.581740376419726	-0.0442484680835536	0.998348049698482	-0.0442484680835536
B4GALT5	0.581871806926893	-0.0228635449300862	0.998348049698482	-0.0228635449300862
CDR2L	0.582135267122196	0.0273421152267387	0.998348049698482	0.0273421152267387
PPIL6	0.582156679999272	0.0432650372800811	0.998348049698482	0.0432650372800811
RMDN1	0.582189008884124	0.0203420109439187	0.998348049698482	0.0203420109439187
TFIP11	0.58224035538008	0.0393231959603329	0.998348049698482	0.0393231959603329
GLB1	0.582257177806938	0.0252492191000623	0.998348049698482	0.0252492191000623
CCDC92	0.582359737992853	-0.0180178687694657	0.998348049698482	-0.0180178687694657
CTCF	0.582483774295386	0.0179936498132663	0.998348049698482	0.0179936498132663
ACSF3	0.582537198783527	0.0279060308271465	0.998348049698482	0.0279060308271465
RNF185	0.58298875033459	-0.0205410848349776	0.998348049698482	-0.0205410848349776
SAP30L	0.583009223771621	-0.0348922532355882	0.998348049698482	-0.0348922532355882
ACSS1	0.583114767993286	-0.0194617841771024	0.998348049698482	-0.0194617841771024
KCNN3	0.583379763405782	0.0407660827337095	0.998348049698482	0.0407660827337095
MAP3K13	0.583538916104382	-0.0261152570009135	0.998348049698482	-0.0261152570009135
MYBBP1A	0.583795089471461	-0.0446214433045659	0.998348049698482	-0.0446214433045659
BTBD3	0.584249922546165	0.0135284802219852	0.998348049698482	0.0135284802219852
RAPGEF3	0.5842858664859	0.0195667686494529	0.998348049698482	0.0195667686494529
JADE1	0.584342355474607	0.024100361002507	0.998348049698482	0.024100361002507
NXPE3	0.584358987633399	0.0120599748855951	0.998348049698482	0.0120599748855951
UBAP2	0.584580106783812	0.0160085688516933	0.998348049698482	0.0160085688516933
ZCCHC9	0.584586770862565	0.0350643614778266	0.998348049698482	0.0350643614778266
DOK6	0.584646670630232	0.0586432668887367	0.998348049698482	0.0586432668887367
GAS7	0.584673707937721	-0.0125870494260967	0.998348049698482	-0.0125870494260967
MANSC1	0.584726033836556	0.0370602171921535	0.998348049698482	0.0370602171921535
HEXD	0.584740361764979	-0.0205901758477087	0.998348049698482	-0.0205901758477087
ESS2	0.584804077284202	0.0516199407425136	0.998348049698482	0.0516199407425136
ABCB6	0.584907461840062	-0.0401783734494521	0.998348049698482	-0.0401783734494521
CALM1	0.584971637215664	0.0211664656794716	0.998348049698482	0.0211664656794716
CLDN15	0.585005852700078	-0.0308695774080471	0.998348049698482	-0.0308695774080471
GCC2	0.585133857357092	-0.0212257265730653	0.998348049698482	-0.0212257265730653
UTP14A	0.585160966712064	-0.0388231840568329	0.998348049698482	-0.0388231840568329
CMSS1	0.585163941759078	0.014177762611754	0.998348049698482	0.014177762611754
GLRX2	0.585220648692318	0.0461416376970884	0.998348049698482	0.0461416376970884
AC004466.1	0.585238087659704	0.049017672210337	0.998348049698482	0.049017672210337
SNHG15	0.585262241228363	-0.045280196949543	0.998348049698482	-0.045280196949543
GFER	0.585274676110446	-0.0499221527535338	0.998348049698482	-0.0499221527535338
NCAPG2	0.585289807163027	0.0328819768262461	0.998348049698482	0.0328819768262461
PRMT3	0.585526012698282	0.0185080085995276	0.998348049698482	0.0185080085995276
ZNF626	0.585662751284894	0.0174413507698387	0.998348049698482	0.0174413507698387
MADCAM1	0.585752143320536	0.0316395152659994	0.998348049698482	0.0316395152659994
CLN5	0.585763305056588	0.0266945134892254	0.998348049698482	0.0266945134892254
AL157911.1	0.585778413310402	0.0435065740349843	0.998348049698482	0.0435065740349843
EEF1A1	0.585807422089216	0.0275710939660011	0.998348049698482	0.0275710939660011
FAM228B	0.58593121880174	-0.017519581471559	0.998348049698482	-0.017519581471559
FBXO44	0.585933122853904	-0.0485877109703223	0.998348049698482	-0.0485877109703223
CDK5RAP2	0.585996687616789	0.0147911946675765	0.998348049698482	0.0147911946675765
ABLIM2	0.586213637567697	0.035158662743139	0.998348049698482	0.035158662743139
AK5	0.586353132591625	0.0105029387787039	0.998348049698482	0.0105029387787039
ARHGEF18	0.586425937934652	-0.0179945010549771	0.998348049698482	-0.0179945010549771
FBXO45	0.586426144319671	0.0444096757988177	0.998348049698482	0.0444096757988177
AP002026.1	0.586621912725175	0.0453806378284106	0.998348049698482	0.0453806378284106
EIF3B	0.586716741445416	0.0198167421132318	0.998348049698482	0.0198167421132318
ADCY9	0.586731841778396	-0.0236998349701779	0.998348049698482	-0.0236998349701779
TRMT10C	0.586814848286072	-0.0542714275488795	0.998348049698482	-0.0542714275488795
ARHGAP33	0.586934965205434	0.0260725991835369	0.998348049698482	0.0260725991835369
SEC61G	0.587147287583088	-0.055747762073667	0.998348049698482	-0.055747762073667
GART	0.587376466548972	0.0262805384802704	0.998348049698482	0.0262805384802704
AL139260.1	0.587624422092859	0.016606411750203	0.998348049698482	0.016606411750203
SCN8A	0.58786517917739	-0.0557434386680951	0.998348049698482	-0.0557434386680951
ALKBH8	0.587905811365087	-0.0331817791117456	0.998348049698482	-0.0331817791117456
LARP6	0.587920013928204	-0.0202040550844621	0.998348049698482	-0.0202040550844621
TMCC3	0.588002142624662	-0.0143554025654597	0.998348049698482	-0.0143554025654597
LINGO1	0.588026154064583	-0.0492925958523611	0.998348049698482	-0.0492925958523611
ERC1	0.588144063146955	0.0140787475480279	0.998348049698482	0.0140787475480279
ZNF727	0.588276101462878	0.0240392161980545	0.998348049698482	0.0240392161980545
SH3BP5-AS1	0.588306703389012	0.0441127551574938	0.998348049698482	0.0441127551574938
LACTB	0.588463576946742	0.0318485660187887	0.998348049698482	0.0318485660187887
AL365259.1	0.588788989869609	-0.0355875349636259	0.998348049698482	-0.0355875349636259
KIAA1841	0.588791805834727	-0.0201765609973791	0.998348049698482	-0.0201765609973791
ZNF782	0.588793900053129	-0.015656481782939	0.998348049698482	-0.015656481782939
ERCC4	0.588831482581859	-0.0227168238394186	0.998348049698482	-0.0227168238394186
ZNF667-AS1	0.589133045411477	0.0366685336927228	0.998348049698482	0.0366685336927228
ZNF667	0.589182706149177	-0.0308943919178798	0.998348049698482	-0.0308943919178798
KLHL26	0.589231597793302	0.0410976702920948	0.998348049698482	0.0410976702920948
PAIP2B	0.589233886075403	-0.0210808098892495	0.998348049698482	-0.0210808098892495
YEATS4	0.589304088639613	-0.0443494473083505	0.998348049698482	-0.0443494473083505
NFIC	0.589340820130828	-0.0138061119767257	0.998348049698482	-0.0138061119767257
RPS3	0.589436493854427	-0.0280779787005279	0.998348049698482	-0.0280779787005279
ADGRL3	0.589570151769026	0.0179153526819734	0.998348049698482	0.0179153526819734
ETAA1	0.589762212154222	0.033289965911224	0.998348049698482	0.033289965911224
DDA1	0.589829470389522	0.0373681210189923	0.998348049698482	0.0373681210189923
MRPS25	0.590045417863028	-0.024432329299163	0.998348049698482	-0.024432329299163
CUL3	0.590140485492905	-0.0137009016799537	0.998348049698482	-0.0137009016799537
C5orf64	0.59014182764519	-0.01693537131005	0.998348049698482	-0.01693537131005
FAM193A	0.590172116702063	0.0152769430047976	0.998348049698482	0.0152769430047976
HELZ	0.590206200154303	0.0148036671257913	0.998348049698482	0.0148036671257913
TAFA2	0.590217469238652	-0.0544403335470823	0.998348049698482	-0.0544403335470823
TLN1	0.590267584308721	0.0243771149992134	0.998348049698482	0.0243771149992134
PIBF1	0.590272299896188	0.0109913587763321	0.998348049698482	0.0109913587763321
NHP2	0.590444569821238	0.0473892822595267	0.998348049698482	0.0473892822595267
LINC02241	0.590592511400327	-0.0429297408836455	0.998348049698482	-0.0429297408836455
RNF168	0.590621202009175	-0.0184835221983451	0.998348049698482	-0.0184835221983451
CALCOCO1	0.590860184949638	0.021848807408915	0.998348049698482	0.021848807408915
CDK5RAP1	0.590971986985472	-0.0202213069714348	0.998348049698482	-0.0202213069714348
TSNARE1	0.591000143201742	-0.0212173926896001	0.998348049698482	-0.0212173926896001
RASSF1	0.591160943981263	-0.0327996130378608	0.998348049698482	-0.0327996130378608
SPOCK3	0.59116306004827	-0.00798985648176517	0.998348049698482	-0.00798985648176517
AC015813.1	0.591376171304253	0.0403488662493404	0.998348049698482	0.0403488662493404
MYDGF	0.591440417654701	-0.0318316901088553	0.998348049698482	-0.0318316901088553
ANKRD10	0.59146581277024	0.0178981151098922	0.998348049698482	0.0178981151098922
PGLS	0.591518745106188	0.0267833079878028	0.998348049698482	0.0267833079878028
NDUFS1	0.591532185668018	-0.0140373190604354	0.998348049698482	-0.0140373190604354
CDH1	0.59154745179318	-0.0213680478023988	0.998348049698482	-0.0213680478023988
ZNHIT6	0.591583292907976	-0.0162235153359904	0.998348049698482	-0.0162235153359904
COLQ	0.591599281732968	0.0249657380834351	0.998348049698482	0.0249657380834351
QSER1	0.591668667272434	-0.0168586163783832	0.998348049698482	-0.0168586163783832
ORC2	0.591690301455706	-0.0153399182933398	0.998348049698482	-0.0153399182933398
SNRPF	0.59178092348175	-0.0288641040854675	0.998348049698482	-0.0288641040854675
NCDN	0.591859581020915	-0.047879214488376	0.998348049698482	-0.047879214488376
TAZ	0.591920820461383	0.0181603112472571	0.998348049698482	0.0181603112472571
AZIN1	0.592168756621178	-0.0286987532697892	0.998348049698482	-0.0286987532697892
KPNA4	0.592193516522441	0.0171023661019162	0.998348049698482	0.0171023661019162
ILVBL	0.59220050464257	-0.0308264936131825	0.998348049698482	-0.0308264936131825
LINC02245	0.592267225132134	-0.0331854885723496	0.998348049698482	-0.0331854885723496
ANAPC16	0.592343556184394	-0.0144752421492553	0.998348049698482	-0.0144752421492553
IFNGR1	0.592401674221618	0.0260151506033304	0.998348049698482	0.0260151506033304
ABCA10	0.592508956678632	-0.0487895115980632	0.998348049698482	-0.0487895115980632
AC005786.3	0.592537758141303	-0.0448286421711666	0.998348049698482	-0.0448286421711666
CCDC59	0.592635081489098	-0.0199649578339072	0.998348049698482	-0.0199649578339072
GALNT11	0.592720919203081	-0.0307557559296238	0.998348049698482	-0.0307557559296238
TBC1D31	0.592776415840973	-0.030912035564032	0.998348049698482	-0.030912035564032
AL080276.2	0.592816921104698	0.045887477583287	0.998348049698482	0.045887477583287
CRCP	0.59283790925899	-0.0226119457409092	0.998348049698482	-0.0226119457409092
ZNF460-AS1	0.592899059686718	-0.0292777733276945	0.998348049698482	-0.0292777733276945
MCCC1	0.592966302665956	-0.0131494220683248	0.998348049698482	-0.0131494220683248
LINC01301	0.592997003808935	0.0391706278587967	0.998348049698482	0.0391706278587967
ROBO1	0.593091048631285	-0.00886816746318177	0.998348049698482	-0.00886816746318177
FXYD6	0.593130999510902	0.047959902593456	0.998348049698482	0.047959902593456
ZBED1	0.593276849524831	0.0402062859797215	0.998348049698482	0.0402062859797215
SLC2A13	0.593299197599536	0.0518378480824524	0.998348049698482	0.0518378480824524
IPP	0.593322136374744	-0.0278365172783156	0.998348049698482	-0.0278365172783156
RPL24	0.593395194450668	0.0428776552530121	0.998348049698482	0.0428776552530121
TRMT1L	0.593495432390179	0.0192321968318054	0.998348049698482	0.0192321968318054
LINC02177	0.59367008780947	-0.0422052857945325	0.998348049698482	-0.0422052857945325
PLPP2	0.593680987532181	0.0229000794419255	0.998348049698482	0.0229000794419255
SOCS7	0.59369480562058	0.020548764418889	0.998348049698482	0.020548764418889
GSTCD	0.593751088520579	0.0227783138696281	0.998348049698482	0.0227783138696281
TCF4	0.593984950386442	-0.00789057072653268	0.998348049698482	-0.00789057072653268
STRN4	0.59399358356891	-0.0261738703878618	0.998348049698482	-0.0261738703878618
TP53BP1	0.594107093203667	0.0185738469824588	0.998348049698482	0.0185738469824588
SLC23A2	0.594193936900669	0.0156846049135858	0.998348049698482	0.0156846049135858
MFSD13A	0.594373769061758	-0.0370182888257354	0.998348049698482	-0.0370182888257354
SOCS6	0.594620048536566	-0.0214099190613568	0.998348049698482	-0.0214099190613568
NADSYN1	0.594631425509027	0.0167131383802725	0.998348049698482	0.0167131383802725
LMBR1L	0.594657537415919	-0.0258842101291618	0.998348049698482	-0.0258842101291618
LINC02511	0.594710220550001	0.0429026990889931	0.998348049698482	0.0429026990889931
ZNRF1	0.594839365040708	-0.0218777308022452	0.998348049698482	-0.0218777308022452
CEP135	0.595059882975676	0.0294759141232402	0.998348049698482	0.0294759141232402
APLP2	0.595104996176487	0.0369040267845964	0.998348049698482	0.0369040267845964
GTF3C1	0.595114321648704	0.019305150959757	0.998348049698482	0.019305150959757
ECHS1	0.59515253093779	0.0272150803601767	0.998348049698482	0.0272150803601767
SP3	0.595296854645149	-0.0162774878467048	0.998348049698482	-0.0162774878467048
MLLT1	0.595306553041858	-0.0223587401595303	0.998348049698482	-0.0223587401595303
NCOA7	0.595480535558419	-0.0105862430575036	0.998348049698482	-0.0105862430575036
RCAN2	0.595533988824425	-0.0118996882436279	0.998348049698482	-0.0118996882436279
MAP3K5	0.595603247694417	-0.0594478105963279	0.998348049698482	-0.0594478105963279
ZNF274	0.595711486296619	-0.0213900875445957	0.998348049698482	-0.0213900875445957
PPA2	0.595720315816635	0.0131913880615254	0.998348049698482	0.0131913880615254
MTRF1L	0.595815245311702	-0.0356756943427241	0.998348049698482	-0.0356756943427241
MAPT-AS1	0.59582888455888	0.0258742486092128	0.998348049698482	0.0258742486092128
WDR35	0.59585514738726	0.0250555668347249	0.998348049698482	0.0250555668347249
CEP63	0.595863720547359	0.0145762254906561	0.998348049698482	0.0145762254906561
ZNF326	0.595906950308545	-0.0163015735568118	0.998348049698482	-0.0163015735568118
DPH6-DT	0.595929586029586	0.0177582831396776	0.998348049698482	0.0177582831396776
ZBED5	0.596153171119233	-0.0145779092771956	0.998348049698482	-0.0145779092771956
PRPF4	0.596215083531396	0.0472468492588554	0.998348049698482	0.0472468492588554
ATP1A3	0.596252364643833	0.0768195180373397	0.998348049698482	0.0768195180373397
EPS8	0.596313235230527	0.0206774623796717	0.998348049698482	0.0206774623796717
PHLDB1	0.596323350606568	0.0130841183194721	0.998348049698482	0.0130841183194721
LDB2	0.596520842931478	0.0512345248452973	0.998348049698482	0.0512345248452973
CR1	0.596547714118097	-0.029585412080299	0.998348049698482	-0.029585412080299
GPC5	0.596663727666844	0.0386373042157736	0.998348049698482	0.0386373042157736
GRIK4	0.596688200372223	0.0208876720723656	0.998348049698482	0.0208876720723656
INTS12	0.596690142152891	-0.0290314603645831	0.998348049698482	-0.0290314603645831
CWF19L2	0.596741006482048	-0.0145782104575149	0.998348049698482	-0.0145782104575149
LY6G5B	0.596841093784013	-0.040573656886717	0.998348049698482	-0.040573656886717
CYB5D2	0.596978104409218	0.020892863093472	0.998348049698482	0.020892863093472
NEDD4L	0.597061455124324	-0.0401325027249144	0.998348049698482	-0.0401325027249144
TRPM7	0.597127640863039	0.0114292697506359	0.998348049698482	0.0114292697506359
MAN2B2	0.597167250778763	-0.0257260869937297	0.998348049698482	-0.0257260869937297
ZNF630	0.59731033646603	0.0329487188342473	0.998348049698482	0.0329487188342473
PARG	0.597604572397583	-0.0193471475497971	0.998348049698482	-0.0193471475497971
ARPC5	0.597681962757466	-0.0203554356249085	0.998348049698482	-0.0203554356249085
FTCD	0.597794572865332	-0.0399745375053227	0.998348049698482	-0.0399745375053227
MRNIP	0.597870914459929	0.022361935822142	0.998348049698482	0.022361935822142
AMMECR1	0.597912153760223	-0.0391725747794951	0.998348049698482	-0.0391725747794951
ERRFI1	0.597936023976591	-0.0275919231923905	0.998348049698482	-0.0275919231923905
LMF1-AS1	0.598244275062377	-0.0470010520624579	0.998348049698482	-0.0470010520624579
RAB3C	0.598320799474739	0.0648306089867111	0.998348049698482	0.0648306089867111
FMN2	0.598380743145562	0.0503275794611402	0.998348049698482	0.0503275794611402
SPIN1	0.598398111653048	0.011771498963967	0.998348049698482	0.011771498963967
MED13L	0.598516650579138	0.00958507485308766	0.998348049698482	0.00958507485308766
ACADM	0.598595076480177	-0.0235984626317744	0.998348049698482	-0.0235984626317744
SDHD	0.598602057135507	0.0329614315764178	0.998348049698482	0.0329614315764178
MBNL1	0.598677683398988	-0.00987338511481189	0.998348049698482	-0.00987338511481189
ARIH1	0.598754175583468	0.0121956744610855	0.998348049698482	0.0121956744610855
MCEE	0.599088805586017	-0.0261558913839113	0.998348049698482	-0.0261558913839113
CLUH	0.599167311927817	0.040203538740103	0.998348049698482	0.040203538740103
PCSK7	0.599262519115011	-0.0131553588175598	0.998348049698482	-0.0131553588175598
ATAD2B	0.599283430509223	0.0144046590147052	0.998348049698482	0.0144046590147052
SIPA1	0.599314171697975	0.0391599082628272	0.998348049698482	0.0391599082628272
RAP1GAP	0.599594535043513	-0.0348183417869121	0.998348049698482	-0.0348183417869121
KMT2C	0.599633629390198	-0.00925715337125092	0.998348049698482	-0.00925715337125092
BTBD2	0.59974514062115	-0.0204249375141395	0.998348049698482	-0.0204249375141395
SCYL2	0.599751023287803	-0.0194101487223934	0.998348049698482	-0.0194101487223934
L2HGDH	0.599757784438265	-0.0226164682214566	0.998348049698482	-0.0226164682214566
GAL3ST1	0.599759990419768	-0.0202557200149884	0.998348049698482	-0.0202557200149884
DENND2A	0.599781074080033	-0.0158545614279651	0.998348049698482	-0.0158545614279651
WDR82	0.599788634702196	0.023684929458673	0.998348049698482	0.023684929458673
AP3M2	0.599812010488463	0.0410002040786838	0.998348049698482	0.0410002040786838
CBLL1	0.599860902933322	0.034808574724373	0.998348049698482	0.034808574724373
CDC73	0.599884793599688	-0.0132961642129379	0.998348049698482	-0.0132961642129379
GSPT1	0.599951874405086	0.0210845647978816	0.998348049698482	0.0210845647978816
SUPT7L	0.600059910273332	-0.0291517301226136	0.998348049698482	-0.0291517301226136
GDNF-AS1	0.600100369429116	0.0288202772128135	0.998348049698482	0.0288202772128135
STEAP1B	0.600116114668872	-0.0197627349059166	0.998348049698482	-0.0197627349059166
ORC3	0.600125208604928	-0.0198934151954181	0.998348049698482	-0.0198934151954181
AZIN1-AS1	0.600437643426883	0.0233528818233814	0.998348049698482	0.0233528818233814
SLC5A6	0.600483951874228	-0.040201623451228	0.998348049698482	-0.040201623451228
ZNF382	0.600507624749111	-0.0349449455161277	0.998348049698482	-0.0349449455161277
SNRNP48	0.600656211634093	0.0212209830271867	0.998348049698482	0.0212209830271867
WDR47	0.600656889392905	0.0281242446192053	0.998348049698482	0.0281242446192053
AIDA	0.600702062998166	0.0185056871597924	0.998348049698482	0.0185056871597924
AC092279.1	0.600808800909018	-0.0292221145294712	0.998348049698482	-0.0292221145294712
PDK2	0.60086175757854	-0.0465333855041863	0.998348049698482	-0.0465333855041863
SGSM2	0.601049459074644	-0.036001327191003	0.998348049698482	-0.036001327191003
SEMA4B	0.601443566219183	0.031426995927914	0.998348049698482	0.031426995927914
HPN-AS1	0.601592862414816	0.016217934806928	0.998348049698482	0.016217934806928
NELL2	0.601645149852664	-0.0566631222324774	0.998348049698482	-0.0566631222324774
ZNF555	0.601659731318149	-0.0320719093752399	0.998348049698482	-0.0320719093752399
FAM161A	0.601696654759857	0.0225574225001025	0.998348049698482	0.0225574225001025
NDUFA2	0.601704454716218	-0.0484993410574094	0.998348049698482	-0.0484993410574094
RPS9	0.601776072562682	-0.0271865863918298	0.998348049698482	-0.0271865863918298
HNRNPC	0.601809024111086	-0.0118177658063851	0.998348049698482	-0.0118177658063851
PRKCZ	0.601821835402779	-0.0183203766659218	0.998348049698482	-0.0183203766659218
ZNF621	0.602140672285781	0.0212814197447226	0.998348049698482	0.0212814197447226
DPH7	0.602187754638488	0.0222846433581809	0.998348049698482	0.0222846433581809
ARL1	0.602248179303723	-0.0375724439787748	0.998348049698482	-0.0375724439787748
CCSER2	0.602254621846873	0.0093804673951983	0.998348049698482	0.0093804673951983
FAM131A	0.602405511892739	-0.0298318705811543	0.998348049698482	-0.0298318705811543
HSPA4	0.602490348050708	0.0235991466809835	0.998348049698482	0.0235991466809835
CORO1C	0.602690517341366	-0.0156953558325611	0.998348049698482	-0.0156953558325611
NTM	0.602745880599227	0.0123438174815538	0.998348049698482	0.0123438174815538
VPS9D1	0.602832075086937	0.0237990082652791	0.998348049698482	0.0237990082652791
AL035670.1	0.602844456997881	-0.0359778743338496	0.998348049698482	-0.0359778743338496
RANBP3	0.602925122739383	-0.0204124539012598	0.998348049698482	-0.0204124539012598
ADAP1	0.603021163987981	0.0229307198064995	0.998348049698482	0.0229307198064995
HIST1H2AC	0.603206462556016	0.0218441028634414	0.998348049698482	0.0218441028634414
PPP1CA	0.603270358982206	0.0275491926143741	0.998348049698482	0.0275491926143741
TSC22D2	0.603308229796725	-0.0164892085001544	0.998348049698482	-0.0164892085001544
POLR2J	0.603461651894558	0.0423362677816522	0.998348049698482	0.0423362677816522
STOX2	0.603648388668189	-0.0115692222856036	0.998348049698482	-0.0115692222856036
FBXO31	0.603740474212101	-0.0255167583748019	0.998348049698482	-0.0255167583748019
SAXO2	0.603809125079094	-0.0383933223815921	0.998348049698482	-0.0383933223815921
KCND2	0.603923649260563	0.0552459670414962	0.998348049698482	0.0552459670414962
SMURF1	0.603948171018562	-0.0125639740444104	0.998348049698482	-0.0125639740444104
CADM4	0.604000409988249	0.0183214215793848	0.998348049698482	0.0183214215793848
PTAR1	0.604095096434275	0.0173565483251911	0.998348049698482	0.0173565483251911
NHEJ1	0.604235943750973	-0.0351065141476286	0.998348049698482	-0.0351065141476286
ENOX1	0.60437550713463	-0.00907738241659513	0.998348049698482	-0.00907738241659513
RPL3	0.604378199619944	-0.0350348454330894	0.998348049698482	-0.0350348454330894
DDX50	0.604404867720043	0.0170191840518826	0.998348049698482	0.0170191840518826
RBM14	0.604620078726977	0.0246189139890079	0.998348049698482	0.0246189139890079
ARF1	0.604686146587656	0.0247200321942038	0.998348049698482	0.0247200321942038
GALNT12	0.604778731480994	-0.0398419577489383	0.998348049698482	-0.0398419577489383
PLPPR1	0.60491959816495	0.0133117367343404	0.998348049698482	0.0133117367343404
TASP1	0.60499300213632	0.0261051359159037	0.998348049698482	0.0261051359159037
TRPV3	0.605138819532865	0.0259981001256311	0.998348049698482	0.0259981001256311
RORA-AS1	0.605166804167947	-0.0246135516820053	0.998348049698482	-0.0246135516820053
PRMT2	0.605174092311198	-0.0108588042853471	0.998348049698482	-0.0108588042853471
ZNF404	0.605234848730003	0.0490492137665615	0.998348049698482	0.0490492137665615
HSD17B12	0.605261947242284	0.0239042901507002	0.998348049698482	0.0239042901507002
AC002558.3	0.605364546062133	0.0319900512854528	0.998348049698482	0.0319900512854528
ANO8	0.605476386198697	-0.0341295527441786	0.998348049698482	-0.0341295527441786
CCDC134	0.605497178487461	0.0404228841027864	0.998348049698482	0.0404228841027864
NDE1	0.605668100058432	-0.0154960269952428	0.998348049698482	-0.0154960269952428
MIB1	0.605686024351535	0.015322140172043	0.998348049698482	0.015322140172043
ARMCX3	0.605779989661307	0.0329206910213683	0.998348049698482	0.0329206910213683
SLC2A1	0.605783845666065	0.0311111323272441	0.998348049698482	0.0311111323272441
CCT4	0.605827787327885	0.0225996396669533	0.998348049698482	0.0225996396669533
SYNE1	0.605903649813733	0.0271742829331215	0.998348049698482	0.0271742829331215
LDOC1	0.605986363527962	0.0336005521872247	0.998348049698482	0.0336005521872247
NF2	0.606276015538637	0.0215300955805632	0.998348049698482	0.0215300955805632
ZNF16	0.606297894491906	-0.0399672826131018	0.998348049698482	-0.0399672826131018
AC079781.5	0.606448676056551	0.0178160152112883	0.998348049698482	0.0178160152112883
COX5A	0.606698075319999	0.0475731461175769	0.998348049698482	0.0475731461175769
SNRPC	0.606725041389968	0.0393564495668577	0.998348049698482	0.0393564495668577
IL3RA	0.606726133143634	0.0404318025037382	0.998348049698482	0.0404318025037382
PPP2R5E	0.606797685758601	0.0120987347174368	0.998348049698482	0.0120987347174368
REX1BD	0.606802764966571	0.0417113522285763	0.998348049698482	0.0417113522285763
C2CD2	0.606977505755201	-0.0395043131467122	0.998348049698482	-0.0395043131467122
TPI1	0.607390109122284	-0.0520859874916446	0.998348049698482	-0.0520859874916446
LINC01135	0.607549825392024	-0.0175567098669686	0.998348049698482	-0.0175567098669686
ATP2B1	0.60775865589754	0.041063297200768	0.998348049698482	0.041063297200768
MAGEC3	0.607906778187938	0.027071569563094	0.998348049698482	0.027071569563094
NPEPL1	0.608026265150319	-0.0331600356076058	0.998348049698482	-0.0331600356076058
PSMB1	0.608266585508696	0.0238397733903426	0.998348049698482	0.0238397733903426
SLC25A6	0.608361297176738	-0.0382193370564112	0.998348049698482	-0.0382193370564112
ZDHHC16	0.608380128792841	0.0385116478712063	0.998348049698482	0.0385116478712063
NSUN3	0.60840414193588	-0.0303168264084795	0.998348049698482	-0.0303168264084795
ENO1	0.608410119512269	-0.0379450693261231	0.998348049698482	-0.0379450693261231
CACNA1B	0.608465583437894	0.049800696223143	0.998348049698482	0.049800696223143
RCAN1	0.608634685412121	0.0154476162156311	0.998348049698482	0.0154476162156311
SLC38A1	0.60867189682028	-0.0318816344485837	0.998348049698482	-0.0318816344485837
RCC2	0.608730661148651	-0.0245808188712553	0.998348049698482	-0.0245808188712553
CDKN2B-AS1	0.608765682651214	-0.0316487833599269	0.998348049698482	-0.0316487833599269
VRK3	0.608816304500398	-0.0203295425817113	0.998348049698482	-0.0203295425817113
NMNAT3	0.608854511433497	-0.0278884441028405	0.998348049698482	-0.0278884441028405
UBE2E1	0.608896781734194	0.0146624316805243	0.998348049698482	0.0146624316805243
PTBP3	0.60898803937289	-0.026101178531167	0.998348049698482	-0.026101178531167
RPS6KA5	0.609027582285544	-0.0103266845159676	0.998348049698482	-0.0103266845159676
AMER2	0.609033583043799	-0.0104672496833892	0.998348049698482	-0.0104672496833892
SEC31B	0.609051889317566	-0.0242849362022056	0.998348049698482	-0.0242849362022056
AC105941.1	0.609063870579897	0.03173090426287	0.998348049698482	0.03173090426287
ZMAT2	0.609139566153045	0.040205749033464	0.998348049698482	0.040205749033464
DUT	0.609259831323725	0.0178927668983302	0.998348049698482	0.0178927668983302
MVD	0.609354442116148	0.0245239916951122	0.998348049698482	0.0245239916951122
HMGN1	0.609601135679766	-0.02151633882461	0.998348049698482	-0.02151633882461
AL021707.1	0.609780371530997	-0.0531572663624602	0.998348049698482	-0.0531572663624602
MAPK8IP3	0.60998188169121	0.0114750266424586	0.998348049698482	0.0114750266424586
MAN1C1	0.610018064172646	-0.0331059802214086	0.998348049698482	-0.0331059802214086
RYK	0.610242632054013	-0.0168357198482722	0.998348049698482	-0.0168357198482722
PSD	0.61028781669982	0.0879580359619584	0.998348049698482	0.0879580359619584
POLD3	0.610555033189733	-0.0200962713364982	0.998348049698482	-0.0200962713364982
POLR3C	0.61070208163089	-0.0254342500291808	0.998348049698482	-0.0254342500291808
GET1	0.610726417614561	-0.0247866752461207	0.998348049698482	-0.0247866752461207
C1QTNF6	0.610767473218331	-0.0356387805044584	0.998348049698482	-0.0356387805044584
MEF2B	0.610809055560845	0.0249716082697337	0.998348049698482	0.0249716082697337
CNOT9	0.610995849912034	-0.0244572354164357	0.998348049698482	-0.0244572354164357
ARCN1	0.611312336670597	0.0268052335276404	0.998348049698482	0.0268052335276404
KIF3B	0.611684579104011	-0.029599511411907	0.998348049698482	-0.029599511411907
BAHD1	0.611717656795866	0.0280339512713744	0.998348049698482	0.0280339512713744
RPP14	0.611812930556919	0.0343568660406567	0.998348049698482	0.0343568660406567
CAPN15	0.611813961366008	-0.0352099967487786	0.998348049698482	-0.0352099967487786
UBE2D3	0.611876165168254	0.0122416752941916	0.998348049698482	0.0122416752941916
ACYP1	0.611979249787806	0.0240084191448355	0.998348049698482	0.0240084191448355
MSTO1	0.611990554630749	-0.0429040984892087	0.998348049698482	-0.0429040984892087
AC108519.1	0.612038738101319	0.0218124990227293	0.998348049698482	0.0218124990227293
FAM53C	0.612097729859892	-0.0216126549280934	0.998348049698482	-0.0216126549280934
JAZF1	0.612144589184646	-0.0136825300078407	0.998348049698482	-0.0136825300078407
CCDC93	0.612192930606027	0.0168438207331472	0.998348049698482	0.0168438207331472
AL133346.1	0.612284881380472	-0.0331820769800476	0.998348049698482	-0.0331820769800476
ZNF107	0.612330415050756	0.0276477783668399	0.998348049698482	0.0276477783668399
RANBP17	0.612360733059328	-0.0428746469769385	0.998348049698482	-0.0428746469769385
ATP8A2	0.612364857352685	0.0351151175680794	0.998348049698482	0.0351151175680794
COPS4	0.612376953722253	-0.0225261333728186	0.998348049698482	-0.0225261333728186
COX15	0.612384519016961	0.0261524931218307	0.998348049698482	0.0261524931218307
AKAP10	0.612652683221194	0.0131942020265474	0.998348049698482	0.0131942020265474
NFIX	0.612838172909524	0.0103281280007763	0.998348049698482	0.0103281280007763
SMOC1	0.613025444919294	-0.0241889773545034	0.998348049698482	-0.0241889773545034
AC112206.2	0.613160835975282	0.0344541158915661	0.998348049698482	0.0344541158915661
TESK2	0.613195283578073	0.0140808199032093	0.998348049698482	0.0140808199032093
DENND4C	0.613441309783562	-0.0147129622912823	0.998348049698482	-0.0147129622912823
PRDX2	0.613590602360493	0.0425001868112682	0.998348049698482	0.0425001868112682
FRS3	0.613703915673841	0.0374422573202794	0.998348049698482	0.0374422573202794
C14orf119	0.613827626444152	0.0458341748644469	0.998348049698482	0.0458341748644469
TLL2	0.613847280001961	-0.0265744194653947	0.998348049698482	-0.0265744194653947
TMEM101	0.613859121239955	0.0382250806280595	0.998348049698482	0.0382250806280595
SFXN4	0.613890855864359	0.021982345468365	0.998348049698482	0.021982345468365
VPS37A	0.613900582751125	-0.0221698500380339	0.998348049698482	-0.0221698500380339
RILPL2	0.613907786754059	0.0408382458376338	0.998348049698482	0.0408382458376338
COPB2	0.614023822752531	-0.019368930116028	0.998348049698482	-0.019368930116028
CRB2	0.614035697226749	0.0231277357146911	0.998348049698482	0.0231277357146911
PHLPP2	0.614382670486548	-0.023602102803625	0.998348049698482	-0.023602102803625
EVI5	0.614565502431209	0.010988989811177	0.998348049698482	0.010988989811177
ENY2	0.614827439871758	-0.0295234268160581	0.998348049698482	-0.0295234268160581
KCND3	0.614926695631166	0.0456720038340132	0.998348049698482	0.0456720038340132
CCDC186	0.614964107315669	-0.0202270650287584	0.998348049698482	-0.0202270650287584
SMYD5	0.61500577074082	-0.0449594635023091	0.998348049698482	-0.0449594635023091
ADCY1	0.615010910701706	-0.0663767927034023	0.998348049698482	-0.0663767927034023
CDK10	0.615069306017633	0.0274870243878228	0.998348049698482	0.0274870243878228
STARD7	0.615156512651029	0.0173058685283276	0.998348049698482	0.0173058685283276
MYO6	0.615223847392987	0.00946029760015561	0.998348049698482	0.00946029760015561
SNCB	0.615236522974768	0.0553260352527086	0.998348049698482	0.0553260352527086
PPP4R2	0.615310243334821	-0.0115091718568371	0.998348049698482	-0.0115091718568371
VPS51	0.615335358067507	-0.0162230967608032	0.998348049698482	-0.0162230967608032
SLC33A1	0.615588621362665	0.0207241008426159	0.998348049698482	0.0207241008426159
RABEP2	0.615640892741633	-0.0254512405094936	0.998348049698482	-0.0254512405094936
SYCP2L	0.61568779471429	-0.032174921031254	0.998348049698482	-0.032174921031254
CDKAL1	0.615833167836592	0.00947761251456632	0.998348049698482	0.00947761251456632
PACC1	0.615856316217136	-0.0198661727211678	0.998348049698482	-0.0198661727211678
YTHDF2	0.615867586526443	0.0198648448411486	0.998348049698482	0.0198648448411486
STAM2	0.615872471066825	-0.0159136695649353	0.998348049698482	-0.0159136695649353
LERFS	0.61604266650911	0.060461479748848	0.998348049698482	0.060461479748848
NUTF2	0.616049320054464	0.0294952444142227	0.998348049698482	0.0294952444142227
RABEP1	0.616061354102451	-0.0105700765697178	0.998348049698482	-0.0105700765697178
DBNDD2	0.616091247318743	0.0209946575997573	0.998348049698482	0.0209946575997573
ARL6	0.616106091680103	-0.0294163059593684	0.998348049698482	-0.0294163059593684
CES2	0.616165080573149	0.025715793060728	0.998348049698482	0.025715793060728
DONSON	0.616234765650388	0.0223870480576228	0.998348049698482	0.0223870480576228
ZNF830	0.616280169702393	0.0320858214364641	0.998348049698482	0.0320858214364641
SLC9A9	0.616422475824986	-0.0100151099727559	0.998348049698482	-0.0100151099727559
SIK3	0.616452994982332	0.00911881586507071	0.998348049698482	0.00911881586507071
ACTB	0.616598944783977	0.0226654473424105	0.998348049698482	0.0226654473424105
ASNSD1	0.61685947444213	-0.043477929979199	0.998348049698482	-0.043477929979199
ZNF8	0.616958514904677	-0.0307489809010576	0.998348049698482	-0.0307489809010576
ALOX12-AS1	0.617033314186363	-0.012705091545074	0.998348049698482	-0.012705091545074
UNC13D	0.617250671760035	0.030365908636299	0.998348049698482	0.030365908636299
BCAS2	0.617278631490857	0.0245853289330842	0.998348049698482	0.0245853289330842
AC093879.1	0.617337971152297	-0.0590615391847508	0.998348049698482	-0.0590615391847508
CCDC58	0.617404618387725	-0.0370246851742026	0.998348049698482	-0.0370246851742026
QSOX1	0.617499497197447	-0.0244935649722453	0.998348049698482	-0.0244935649722453
TYMSOS	0.617720704816229	0.0214580257849141	0.998348049698482	0.0214580257849141
NUP210	0.617786598227185	0.0189735705250432	0.998348049698482	0.0189735705250432
NIN	0.617894696618449	-0.0168447200807748	0.998348049698482	-0.0168447200807748
TMEM178A	0.61789509568515	-0.0555804014921008	0.998348049698482	-0.0555804014921008
RMI1	0.617902889472705	0.0327067991867446	0.998348049698482	0.0327067991867446
SLC2A8	0.617927357955359	0.0377306735879937	0.998348049698482	0.0377306735879937
TMEM254	0.617955284543433	-0.0294008969963084	0.998348049698482	-0.0294008969963084
CCNL1	0.617980098637523	-0.0133664122179808	0.998348049698482	-0.0133664122179808
SENP3	0.618021287235646	0.0235798907599111	0.998348049698482	0.0235798907599111
DARS	0.618035244899844	0.0176254805320947	0.998348049698482	0.0176254805320947
TATDN2	0.618114782490558	0.0368002969088816	0.998348049698482	0.0368002969088816
PRDM4	0.618144623847687	-0.0242121752946903	0.998348049698482	-0.0242121752946903
BCAN	0.618158916602087	0.0488961666475366	0.998348049698482	0.0488961666475366
MFSD14C	0.618228184379384	0.0147888265881227	0.998348049698482	0.0147888265881227
LRIG2	0.618291999248816	-0.0151549786122921	0.998348049698482	-0.0151549786122921
RTN1	0.618339800202132	-0.0215304655965241	0.998348049698482	-0.0215304655965241
TMC6	0.618372499651118	0.0146050651989832	0.998348049698482	0.0146050651989832
RNF8	0.618419706090461	0.0214763886263647	0.998348049698482	0.0214763886263647
ZNF451-AS1	0.618548573190481	-0.0560941411215467	0.998348049698482	-0.0560941411215467
WBP1L	0.618548917944435	0.0182485409392949	0.998348049698482	0.0182485409392949
FCSK	0.618568543370244	0.0291922631903772	0.998348049698482	0.0291922631903772
C18orf25	0.618578404029634	-0.0258841200657943	0.998348049698482	-0.0258841200657943
TMEM258	0.618653837297401	-0.0336381234836127	0.998348049698482	-0.0336381234836127
HSPA1B	0.618704401192277	0.047359445275172	0.998348049698482	0.047359445275172
BCORL1	0.618871895277431	-0.0308070461818368	0.998348049698482	-0.0308070461818368
MTFR1L	0.619021703615719	0.0357349175689855	0.998348049698482	0.0357349175689855
AC096564.1	0.619024399933837	-0.0131808738392496	0.998348049698482	-0.0131808738392496
SAFB2	0.619027964073988	-0.0170157037812024	0.998348049698482	-0.0170157037812024
CBY1	0.619039628232418	-0.0283169566821247	0.998348049698482	-0.0283169566821247
C12orf4	0.619058750089151	-0.0244291814832835	0.998348049698482	-0.0244291814832835
SARS	0.61918876793037	0.0218660853504931	0.998348049698482	0.0218660853504931
PCYOX1	0.619346291928238	0.0334304994536385	0.998348049698482	0.0334304994536385
DCAF8	0.619356567430811	0.013223171925158	0.998348049698482	0.013223171925158
ISOC1	0.619376326077598	0.0347259948404209	0.998348049698482	0.0347259948404209
SLC26A11	0.619411964398284	0.0279121805848903	0.998348049698482	0.0279121805848903
RNF41	0.619538238725177	0.0228322434760275	0.998348049698482	0.0228322434760275
ITPKB	0.619609950602077	0.0134348851619831	0.998348049698482	0.0134348851619831
EPN2-AS1	0.619817926620577	0.037124048824189	0.998348049698482	0.037124048824189
DNM1	0.620064014620526	-0.0526528560451474	0.998348049698482	-0.0526528560451474
CYB561D2	0.620178889452903	0.0312851089421153	0.998348049698482	0.0312851089421153
IFT122	0.620179849303595	-0.0244082363514305	0.998348049698482	-0.0244082363514305
SUGCT	0.620480701420299	0.0243019081595878	0.998348049698482	0.0243019081595878
PRORP	0.620485461511197	0.018203756611948	0.998348049698482	0.018203756611948
RMND5B	0.620538698792432	0.0216698318608715	0.998348049698482	0.0216698318608715
AC006504.5	0.620585177487734	0.0331838527061856	0.998348049698482	0.0331838527061856
ELMO1-AS1	0.620692489548675	-0.048637748502063	0.998348049698482	-0.048637748502063
STK3	0.620757253375866	0.0127685093776929	0.998348049698482	0.0127685093776929
TM2D3	0.620762724706779	-0.0209987792237784	0.998348049698482	-0.0209987792237784
SCN3B	0.620800932259993	-0.0589531245394734	0.998348049698482	-0.0589531245394734
SH3GL3	0.620851170557677	-0.00900743693101285	0.998348049698482	-0.00900743693101285
CBR1	0.620853296941958	-0.0206655152102706	0.998348049698482	-0.0206655152102706
HEY2	0.621214284408749	-0.024646549754724	0.998348049698482	-0.024646549754724
SLC25A23	0.621311554614281	-0.0203667299354413	0.998348049698482	-0.0203667299354413
RPRD2	0.621368394311988	-0.0103908657491822	0.998348049698482	-0.0103908657491822
ZCCHC8	0.621417299577829	0.019923107177362	0.998348049698482	0.019923107177362
PURB	0.621540682026082	-0.0171906803273663	0.998348049698482	-0.0171906803273663
NELFA	0.621595410199037	0.016425620237163	0.998348049698482	0.016425620237163
ZIC1	0.621616504534741	0.0155155600059149	0.998348049698482	0.0155155600059149
POC1B-AS1	0.621774676573551	-0.020899135436857	0.998348049698482	-0.020899135436857
BRICD5	0.621836449455285	-0.0350650913962109	0.998348049698482	-0.0350650913962109
PRPSAP1	0.622005160862272	0.019873071164292	0.998348049698482	0.019873071164292
CCDC25	0.622188679723953	0.0246670392446371	0.998348049698482	0.0246670392446371
ZBED5-AS1	0.62220446836923	-0.0317968424792564	0.998348049698482	-0.0317968424792564
HMGCL	0.622412879089459	0.0216702651409949	0.998348049698482	0.0216702651409949
C12orf45	0.622605951659304	-0.0209666652615986	0.998348049698482	-0.0209666652615986
SREBF2	0.622854769699945	0.0110660262910765	0.998348049698482	0.0110660262910765
ARFGEF2	0.622887461238251	0.0153558630912086	0.998348049698482	0.0153558630912086
AL135784.1	0.622965723030348	0.039431260938163	0.998348049698482	0.039431260938163
SCAND1	0.623242988184811	0.0383243981707384	0.998348049698482	0.0383243981707384
PIAS1	0.623392691873408	0.0120065516919322	0.998348049698482	0.0120065516919322
MNT	0.623589702647764	-0.0307007338699722	0.998348049698482	-0.0307007338699722
WDR53	0.623656848262115	-0.037276567494121	0.998348049698482	-0.037276567494121
SNAP47	0.623727433947928	-0.0400749970540399	0.998348049698482	-0.0400749970540399
OAT	0.623841277083935	0.0256781286778266	0.998348049698482	0.0256781286778266
KRAS	0.624029115024746	0.0312328592759465	0.998348049698482	0.0312328592759465
IL10RB	0.624034729417006	-0.0205144160789226	0.998348049698482	-0.0205144160789226
ASPH	0.624106339629524	-0.0207074029642272	0.998348049698482	-0.0207074029642272
PLEKHG3	0.624198766954205	-0.014226097169824	0.998348049698482	-0.014226097169824
SRSF2	0.624247298259442	-0.0220755781727023	0.998348049698482	-0.0220755781727023
STK32C	0.624400913396718	0.0294873418555916	0.998348049698482	0.0294873418555916
BRD9	0.624571967051563	0.0196675809553528	0.998348049698482	0.0196675809553528
AC079760.1	0.624659866432389	-0.0314976509845778	0.998348049698482	-0.0314976509845778
MFSD14A	0.624685100347836	0.0153398815360682	0.998348049698482	0.0153398815360682
RNLS	0.624744580755085	-0.0173758733692264	0.998348049698482	-0.0173758733692264
MAPK1IP1L	0.624773610612604	0.0170784237984422	0.998348049698482	0.0170784237984422
MCUR1	0.624777893969618	-0.0301277093916786	0.998348049698482	-0.0301277093916786
SMUG1	0.624910517304108	0.0299266738486033	0.998348049698482	0.0299266738486033
RETREG3	0.624966696072801	0.0171257203076961	0.998348049698482	0.0171257203076961
SLMAP	0.625054932835204	0.0110284617180193	0.998348049698482	0.0110284617180193
ZNF76	0.625102552388504	0.019244000738436	0.998348049698482	0.019244000738436
LINC00601	0.62512310735982	-0.0278875476899633	0.998348049698482	-0.0278875476899633
ATP9B	0.625222999735941	0.0137626401973878	0.998348049698482	0.0137626401973878
SIN3B	0.625239242564993	0.0194116705282124	0.998348049698482	0.0194116705282124
KYAT1	0.625253418441937	0.0209431862302975	0.998348049698482	0.0209431862302975
MFSD4B	0.625301191887072	-0.0220836031299872	0.998348049698482	-0.0220836031299872
DNAH12	0.625507980711064	0.0262273068326182	0.998348049698482	0.0262273068326182
SEC23IP	0.625513182160999	-0.0177676568606381	0.998348049698482	-0.0177676568606381
LDHB	0.625589596680871	-0.0402896756774306	0.998348049698482	-0.0402896756774306
ATP6V1E2	0.625884468573857	0.0369016741679402	0.998348049698482	0.0369016741679402
ELF2	0.626007700552248	-0.00889649204645577	0.998348049698482	-0.00889649204645577
PDE2A	0.626194404388032	-0.0420926773726646	0.998348049698482	-0.0420926773726646
USP37	0.626323788386012	0.0150122018050001	0.998348049698482	0.0150122018050001
RPS21	0.626479754019876	0.0363900268607209	0.998348049698482	0.0363900268607209
PIWIL4	0.62657594966328	0.0237634312147299	0.998348049698482	0.0237634312147299
UPP2	0.626676741579451	-0.041760753348939	0.998348049698482	-0.041760753348939
AC004797.1	0.626704164866144	-0.0484928948604284	0.998348049698482	-0.0484928948604284
BAG2	0.626759422704169	-0.0362794245639607	0.998348049698482	-0.0362794245639607
AC083862.3	0.62688572166059	0.0353131000209114	0.998348049698482	0.0353131000209114
RHBDD1	0.626931484477884	0.01460402780186	0.998348049698482	0.01460402780186
SNRPD2	0.627073587806121	-0.0440784941770016	0.998348049698482	-0.0440784941770016
KCNQ3	0.627548034711469	-0.0397885351971046	0.998348049698482	-0.0397885351971046
AGPAT4	0.627677316868087	0.0125838664262996	0.998348049698482	0.0125838664262996
FTO	0.627692799689455	0.00738997002352859	0.998348049698482	0.00738997002352859
FAM172A	0.627722689100568	-0.00814260634277065	0.998348049698482	-0.00814260634277065
RABL6	0.627835624787539	0.0144455548836216	0.998348049698482	0.0144455548836216
PSMD14	0.627906297698103	-0.0214336739607598	0.998348049698482	-0.0214336739607598
TMEM98	0.627910910909916	-0.0142648651056371	0.998348049698482	-0.0142648651056371
FAM174B	0.627942874754928	0.0161873267577136	0.998348049698482	0.0161873267577136
LAYN	0.628031797874008	-0.021534195767962	0.998348049698482	-0.021534195767962
WASF3	0.628041151850754	-0.0232304557556178	0.998348049698482	-0.0232304557556178
TERF2IP	0.628458698349815	-0.0143316562431861	0.998348049698482	-0.0143316562431861
BAP1	0.628812554799112	0.0327581505864994	0.998348049698482	0.0327581505864994
CHRAC1	0.629145416392546	0.0299571783823788	0.998348049698482	0.0299571783823788
ELP5	0.629203220541624	-0.0367253835047447	0.998348049698482	-0.0367253835047447
SUPT4H1	0.629210755931919	-0.0451904238937552	0.998348049698482	-0.0451904238937552
TSN	0.629312057615658	-0.0216777484903806	0.998348049698482	-0.0216777484903806
ARHGAP19	0.629376259934153	-0.0289329575418831	0.998348049698482	-0.0289329575418831
FBRS	0.629527076194272	-0.0251733631078275	0.998348049698482	-0.0251733631078275
LTBP4	0.629568908413914	0.0369924508404281	0.998348049698482	0.0369924508404281
ZNF536	0.629647866094846	-0.00830834263959377	0.998348049698482	-0.00830834263959377
ZDHHC11B	0.629745354405892	-0.0169170511374095	0.998348049698482	-0.0169170511374095
LMAN2L	0.629767638303372	0.0260845014033189	0.998348049698482	0.0260845014033189
THUMPD3-AS1	0.629857322156887	-0.0183461884621298	0.998348049698482	-0.0183461884621298
RPL12	0.629962956863026	0.0340748723886147	0.998348049698482	0.0340748723886147
PNO1	0.630126168941818	-0.0385182883502229	0.998348049698482	-0.0385182883502229
CASP9	0.630220768989555	0.0302996719280532	0.998348049698482	0.0302996719280532
CAT	0.630284391554269	0.0220375819096149	0.998348049698482	0.0220375819096149
SEMA5A	0.630305544747914	0.0202638941420136	0.998348049698482	0.0202638941420136
CDC123	0.630663217518913	0.0193624165556528	0.998348049698482	0.0193624165556528
EFHD1	0.630789985433309	0.0117314205250853	0.998348049698482	0.0117314205250853
LINC02615	0.630818269838312	0.0206684188339433	0.998348049698482	0.0206684188339433
MRPS27	0.630828925873764	0.0163926369652084	0.998348049698482	0.0163926369652084
AC012291.3	0.631021582160017	0.0172688271960086	0.998348049698482	0.0172688271960086
ZNF133	0.631178068826502	0.0192296765351861	0.998348049698482	0.0192296765351861
ERCC2	0.631205638075339	0.0341149642857362	0.998348049698482	0.0341149642857362
TCP11L2	0.631226545904103	0.0150384628270338	0.998348049698482	0.0150384628270338
MTRNR2L12	0.631302455547606	0.0284121543512808	0.998348049698482	0.0284121543512808
SNX21	0.631370637432625	0.0437983612323677	0.998348049698482	0.0437983612323677
POR	0.631440530472992	-0.0197055559672126	0.998348049698482	-0.0197055559672126
FAM20B	0.631441297481054	0.0192109396112821	0.998348049698482	0.0192109396112821
EFCAB11	0.631486347708597	0.019553560623245	0.998348049698482	0.019553560623245
INTS11	0.631529551360207	0.0173426018468032	0.998348049698482	0.0173426018468032
PPP2R5B	0.631552370140371	0.0232245952927082	0.998348049698482	0.0232245952927082
PLCXD1	0.63156635865469	-0.0445632183430889	0.998348049698482	-0.0445632183430889
ABCA2	0.631580151009168	-0.00879540641280346	0.998348049698482	-0.00879540641280346
MAST1	0.63158909884763	-0.0712269267685603	0.998348049698482	-0.0712269267685603
USP10	0.631652149347652	0.0185026348050228	0.998348049698482	0.0185026348050228
COQ7	0.631672981458233	0.0287901595783299	0.998348049698482	0.0287901595783299
SHISA7	0.631705353550558	-0.0197428628584589	0.998348049698482	-0.0197428628584589
RAD51B	0.631812692051766	-0.0107927594419013	0.998348049698482	-0.0107927594419013
MMP24	0.631814143116579	0.0496101393785914	0.998348049698482	0.0496101393785914
ARPP21	0.631847472139289	-0.0304665237759843	0.998348049698482	-0.0304665237759843
RPUSD4	0.631864136530627	-0.0390665393170682	0.998348049698482	-0.0390665393170682
C16orf58	0.631864225083874	0.020555566559755	0.998348049698482	0.020555566559755
STRADB	0.631936273912909	0.0254297158145362	0.998348049698482	0.0254297158145362
SEPTIN7-AS1	0.632059786814241	0.0235174846409258	0.998348049698482	0.0235174846409258
TEX10	0.632104338409857	0.027267612418407	0.998348049698482	0.027267612418407
RNF6	0.632221781371028	0.0240423757864924	0.998348049698482	0.0240423757864924
AKR7A2	0.632329250354815	0.0417660016104109	0.998348049698482	0.0417660016104109
PREX2	0.632375808408166	0.016782939311311	0.998348049698482	0.016782939311311
WDYHV1	0.632377490812964	-0.0241393380101041	0.998348049698482	-0.0241393380101041
RABGAP1	0.632479346226757	-0.0108878435278104	0.998348049698482	-0.0108878435278104
ADH5	0.632611067748263	0.0316291739025188	0.998348049698482	0.0316291739025188
ZSCAN32	0.632726557019977	0.0405275375396518	0.998348049698482	0.0405275375396518
NUDCD1	0.632814841218105	0.0266540595484708	0.998348049698482	0.0266540595484708
ZNF678	0.632930633056184	-0.0174570511442134	0.998348049698482	-0.0174570511442134
MAGT1	0.633034696761648	-0.0195057125513334	0.998348049698482	-0.0195057125513334
RAF1	0.63305596054787	0.0116473573690896	0.998348049698482	0.0116473573690896
HELLS	0.633236289584691	-0.0313051506585243	0.998348049698482	-0.0313051506585243
MRPL13	0.633264507633442	0.0364019027665865	0.998348049698482	0.0364019027665865
NCALD	0.633279618960432	-0.0473607368748357	0.998348049698482	-0.0473607368748357
CIAO1	0.633429759105775	-0.0195673386798951	0.998348049698482	-0.0195673386798951
POLDIP3	0.633464664842599	-0.0188037340548529	0.998348049698482	-0.0188037340548529
CCAR1	0.633507194726924	0.011496778091444	0.998348049698482	0.011496778091444
HEPACAM	0.633584997650526	0.0121909805288446	0.998348049698482	0.0121909805288446
NOLC1	0.633634804684602	-0.0341855741181217	0.998348049698482	-0.0341855741181217
PPP4R1	0.633634806454566	-0.0148043265210811	0.998348049698482	-0.0148043265210811
RXRA	0.633642204606526	0.033822357670749	0.998348049698482	0.033822357670749
RPS19	0.633675474918493	0.0280580970697198	0.998348049698482	0.0280580970697198
ZNF544	0.633803290378448	0.0183678625070696	0.998348049698482	0.0183678625070696
NSMCE3	0.633857437869266	0.0412118698168372	0.998348049698482	0.0412118698168372
EDC4	0.633970055632989	0.0242882983816713	0.998348049698482	0.0242882983816713
CAPN10-DT	0.634044840111598	-0.0400443754129945	0.998348049698482	-0.0400443754129945
SRPRA	0.634067117232347	0.036155122153681	0.998348049698482	0.036155122153681
QSOX2	0.634092414280233	-0.0298240116876261	0.998348049698482	-0.0298240116876261
GCDH	0.634392213446709	-0.0169407722732698	0.998348049698482	-0.0169407722732698
RAB11A	0.634451249258949	-0.0265189947730996	0.998348049698482	-0.0265189947730996
PURA	0.634589365978007	-0.01510836228592	0.998348049698482	-0.01510836228592
PIGL	0.634692723877179	-0.0172539082132191	0.998348049698482	-0.0172539082132191
MN1	0.634700934662957	-0.0301677816107356	0.998348049698482	-0.0301677816107356
MRPS24	0.634827725909628	-0.048626103136264	0.998348049698482	-0.048626103136264
FARP2	0.634896692297541	-0.0122970383015145	0.998348049698482	-0.0122970383015145
PDE12	0.63501236390274	-0.0297519981763487	0.998348049698482	-0.0297519981763487
OXLD1	0.635048565326057	0.0387616263317734	0.998348049698482	0.0387616263317734
AC104211.1	0.635140677582927	0.0286524784359396	0.998348049698482	0.0286524784359396
DHX8	0.63519004892708	0.0172129200303878	0.998348049698482	0.0172129200303878
TNPO1	0.635237278282587	-0.0132800369383687	0.998348049698482	-0.0132800369383687
TMEM59L	0.635412264131903	0.0450721054863908	0.998348049698482	0.0450721054863908
SYF2	0.635501831660703	0.0275348562441465	0.998348049698482	0.0275348562441465
AC011603.2	0.635558482335425	0.0239003870829747	0.998348049698482	0.0239003870829747
WDR75	0.635593616510908	0.0212204715415554	0.998348049698482	0.0212204715415554
WDPCP	0.635626439038912	-0.00977006333369075	0.998348049698482	-0.00977006333369075
MESD	0.635694685236897	0.0175962590094863	0.998348049698482	0.0175962590094863
ARPC3	0.635709238591885	0.0218860254866907	0.998348049698482	0.0218860254866907
SMPD4	0.63577512082627	0.0146961511759917	0.998348049698482	0.0146961511759917
KLHL13	0.63585001345386	0.0254421954824814	0.998348049698482	0.0254421954824814
COX7B	0.63594719493214	0.0460533912935937	0.998348049698482	0.0460533912935937
ZC3H7B	0.635966372207038	-0.0163790584550094	0.998348049698482	-0.0163790584550094
RCBTB1	0.6359712602061	0.0175550660604506	0.998348049698482	0.0175550660604506
ARHGEF10L	0.636037999134631	0.0302798977858568	0.998348049698482	0.0302798977858568
PTCD1	0.636128898237442	0.0255530645207759	0.998348049698482	0.0255530645207759
ZEB2	0.636131000356011	0.00697498860034792	0.998348049698482	0.00697498860034792
PGRMC1	0.636267502503714	0.0301252840767726	0.998348049698482	0.0301252840767726
ASCC2	0.63633478886069	0.0218526683954511	0.998348049698482	0.0218526683954511
GATD1	0.636354340286506	0.0269693923898435	0.998348049698482	0.0269693923898435
MRPL4	0.636476107552589	0.027630338312328	0.998348049698482	0.027630338312328
AXIN1	0.636524023341	0.0225254591748994	0.998348049698482	0.0225254591748994
OBI1	0.636643748207213	0.0248179166923522	0.998348049698482	0.0248179166923522
AL023284.4	0.636689462481078	-0.0253075910817898	0.998348049698482	-0.0253075910817898
ASB13	0.637122323350708	-0.0307684444477709	0.998348049698482	-0.0307684444477709
FOXN3	0.637310032383685	-0.0121109040018911	0.998348049698482	-0.0121109040018911
GRK2	0.637339795614319	0.0318725478838048	0.998348049698482	0.0318725478838048
PDLIM5	0.637370797038961	-0.0168459375173487	0.998348049698482	-0.0168459375173487
SMG5	0.637510032642723	-0.0136726372551906	0.998348049698482	-0.0136726372551906
GPR158	0.637517536632184	0.0491292669143794	0.998348049698482	0.0491292669143794
MTRNR2L8	0.637583458686868	-0.0476023302624365	0.998348049698482	-0.0476023302624365
ICK	0.637690077990406	-0.0139487008741876	0.998348049698482	-0.0139487008741876
RBM26-AS1	0.637807748167185	0.0345209242390457	0.998348049698482	0.0345209242390457
FXR1	0.637890487561704	-0.0114726060192165	0.998348049698482	-0.0114726060192165
PLAG1	0.637922486853799	-0.0313928698716399	0.998348049698482	-0.0313928698716399
UBE2G1	0.638049085601163	0.0144527789754275	0.998348049698482	0.0144527789754275
R3HDM2	0.638092436243604	0.010479254367323	0.998348049698482	0.010479254367323
ZER1	0.638096149799101	0.011780462552031	0.998348049698482	0.011780462552031
FOXP4	0.638116178884233	-0.0354830160796812	0.998348049698482	-0.0354830160796812
URGCP	0.638245522740176	-0.0136932435075734	0.998348049698482	-0.0136932435075734
ABCA5	0.63828156580396	0.0213001908707511	0.998348049698482	0.0213001908707511
CREG1	0.638342828071238	0.0223359296210098	0.998348049698482	0.0223359296210098
GOLGA5	0.638397293385307	-0.0205452543210141	0.998348049698482	-0.0205452543210141
CLTCL1	0.638561874006372	0.0272378482693412	0.998348049698482	0.0272378482693412
IFIT3	0.638564181382754	-0.037256082460758	0.998348049698482	-0.037256082460758
RPS24	0.638646159453662	0.026054499831348	0.998348049698482	0.026054499831348
H3F3A	0.638691597359173	0.0202419348574754	0.998348049698482	0.0202419348574754
ANKRD37	0.638807049968169	-0.040845460151315	0.998348049698482	-0.040845460151315
EPHB2	0.63906176439779	0.0205399260630458	0.998348049698482	0.0205399260630458
UROS	0.639271549966573	-0.018688728223304	0.998348049698482	-0.018688728223304
SERF2	0.639296302478212	0.0263968758235656	0.998348049698482	0.0263968758235656
TIAF1	0.639421796769785	-0.0453240022956983	0.998348049698482	-0.0453240022956983
TRMT61A	0.639530856106731	-0.0291705136031613	0.998348049698482	-0.0291705136031613
ELAVL4	0.63953939368928	0.0512202397038523	0.998348049698482	0.0512202397038523
SPPL2A	0.6397761786396	0.0173050933229044	0.998348049698482	0.0173050933229044
GPATCH3	0.639868625062414	0.0379746812421792	0.998348049698482	0.0379746812421792
MTERF3	0.639967204469737	-0.0310359875964852	0.998348049698482	-0.0310359875964852
PPP1R3E	0.64009479033016	-0.0141456046347152	0.998348049698482	-0.0141456046347152
ZMAT5	0.640129657560843	0.0354133646627808	0.998348049698482	0.0354133646627808
GRIA3	0.640230358184023	0.0355687810000653	0.998348049698482	0.0355687810000653
LINC01535	0.640259730142606	0.0324092828971322	0.998348049698482	0.0324092828971322
SLC12A2	0.640491099063726	0.0109193040209331	0.998348049698482	0.0109193040209331
ATP6V1F	0.640589425779199	-0.0409280353636283	0.998348049698482	-0.0409280353636283
ZNF367	0.640870330223925	-0.0393069775164217	0.998348049698482	-0.0393069775164217
RIC3	0.640967234871325	-0.0296437669611187	0.998348049698482	-0.0296437669611187
CCDC125	0.641068551675051	-0.0245675610191433	0.998348049698482	-0.0245675610191433
H2AFY2	0.64108791754028	0.0291610125615973	0.998348049698482	0.0291610125615973
B4GALT2	0.641117709271581	0.022735822590364	0.998348049698482	0.022735822590364
BSG	0.641228316314816	0.02651244954484	0.998348049698482	0.02651244954484
MTRES1	0.641481469201094	-0.0275595593569182	0.998348049698482	-0.0275595593569182
USP32	0.641591509433217	-0.00981422077654629	0.998348049698482	-0.00981422077654629
COPS5	0.641610693047408	-0.026220742240262	0.998348049698482	-0.026220742240262
GANC	0.6416164612354	0.0116249305915981	0.998348049698482	0.0116249305915981
ADAP2	0.641625369569973	-0.0321514764840541	0.998348049698482	-0.0321514764840541
TMEM222	0.641738509711307	0.0186121644117358	0.998348049698482	0.0186121644117358
NUBPL	0.64175308772047	-0.0119662782377233	0.998348049698482	-0.0119662782377233
RBM8A	0.641789442096132	0.0239363639736659	0.998348049698482	0.0239363639736659
SLC12A5	0.641803591207859	0.0606898226121807	0.998348049698482	0.0606898226121807
TMEM161B	0.642005496421531	0.018970252796247	0.998348049698482	0.018970252796247
HPCAL1	0.642040650162295	-0.0334070189591459	0.998348049698482	-0.0334070189591459
TCP1	0.642056925056039	-0.0302844217920401	0.998348049698482	-0.0302844217920401
RWDD1	0.642070388411122	0.0255024738584312	0.998348049698482	0.0255024738584312
DENND4A	0.642120370364555	0.00933721034332054	0.998348049698482	0.00933721034332054
YLPM1	0.642223541691392	0.0118103838415416	0.998348049698482	0.0118103838415416
MLLT6	0.642268224006283	0.0134981161918285	0.998348049698482	0.0134981161918285
FXYD7	0.642460097994481	-0.0571970011223039	0.998348049698482	-0.0571970011223039
KIFAP3	0.642650744883149	-0.027783058567738	0.998348049698482	-0.027783058567738
TTLL7	0.642854124649345	0.00675620624925063	0.998348049698482	0.00675620624925063
CLCN4	0.642929584131829	0.0157031722514424	0.998348049698482	0.0157031722514424
CREBZF	0.643046805420028	-0.0169400071850146	0.998348049698482	-0.0169400071850146
VPS37B	0.643085461846896	-0.0221750195233369	0.998348049698482	-0.0221750195233369
KCNQ2	0.643304333132376	-0.0715944169561084	0.998348049698482	-0.0715944169561084
UCHL1	0.643304895947016	0.0434993044095341	0.998348049698482	0.0434993044095341
SLC35F5	0.643392869740426	-0.0139437811932139	0.998348049698482	-0.0139437811932139
SHOC2	0.643452742199653	0.0160824255584939	0.998348049698482	0.0160824255584939
MZF1	0.643495452810548	0.0168125342212333	0.998348049698482	0.0168125342212333
TRIP4	0.64351419465118	0.016955259827764	0.998348049698482	0.016955259827764
NPC1	0.643563946513803	-0.00980756167240345	0.998348049698482	-0.00980756167240345
AC040934.1	0.64380825218554	-0.025662986697542	0.998348049698482	-0.025662986697542
DICER1-AS1	0.643826029847479	0.0201933736445672	0.998348049698482	0.0201933736445672
ZC2HC1A	0.64385074997534	0.0272517886518232	0.998348049698482	0.0272517886518232
DPF3	0.643899471205489	-0.0138436161395966	0.998348049698482	-0.0138436161395966
PDE4DIP	0.643903779357254	-0.022517738158509	0.998348049698482	-0.022517738158509
STMP1	0.644129109985092	-0.0202275459622409	0.998348049698482	-0.0202275459622409
HECTD3	0.64415466164034	-0.0372963714428926	0.998348049698482	-0.0372963714428926
SNTA1	0.644182504643012	-0.0336330117864723	0.998348049698482	-0.0336330117864723
ELK4	0.644234165602641	-0.0206894877714608	0.998348049698482	-0.0206894877714608
MRPS14	0.644350179959029	0.0290363891463752	0.998348049698482	0.0290363891463752
AC025034.1	0.644455111248179	0.0319061819371943	0.998348049698482	0.0319061819371943
FAM168A	0.644529703751511	-0.0118442106570731	0.998348049698482	-0.0118442106570731
C1QTNF3	0.64460669322816	-0.0215508742195542	0.998348049698482	-0.0215508742195542
HSPA1A	0.644752872011146	0.0357510242406067	0.998348049698482	0.0357510242406067
TMCC1	0.644816819008732	0.00976307095620355	0.998348049698482	0.00976307095620355
WDR18	0.644838865983587	-0.0299280576967667	0.998348049698482	-0.0299280576967667
TMEM132B	0.644903157360447	-0.0417180801034171	0.998348049698482	-0.0417180801034171
CASTOR2	0.644968685729812	0.017166195935272	0.998348049698482	0.017166195935272
MB21D2	0.645036433729896	-0.0190337566311823	0.998348049698482	-0.0190337566311823
RELA	0.645091206696966	-0.0232854881445121	0.998348049698482	-0.0232854881445121
RMC1	0.645097944350835	-0.0219579353081541	0.998348049698482	-0.0219579353081541
MIA3	0.645311636021163	0.0204518408244076	0.998348049698482	0.0204518408244076
ANXA7	0.645492457504127	0.0153708686214	0.998348049698482	0.0153708686214
SYNE3	0.645736678008861	-0.017252291777021	0.998348049698482	-0.017252291777021
MAML2	0.645752198597241	0.016294532720761	0.998348049698482	0.016294532720761
RANGRF	0.64581807351975	0.0369447567379127	0.998348049698482	0.0369447567379127
PFKFB4	0.645846848470179	-0.0215164997851144	0.998348049698482	-0.0215164997851144
CWC27	0.645950822842327	0.0124874771240168	0.998348049698482	0.0124874771240168
RPS20	0.646102116949249	-0.0312348138466735	0.998348049698482	-0.0312348138466735
TMEM14C	0.646166988110662	0.0405940348830096	0.998348049698482	0.0405940348830096
AC002463.1	0.646173826954403	0.0489695872588821	0.998348049698482	0.0489695872588821
JAGN1	0.646179622557911	-0.0459843680432473	0.998348049698482	-0.0459843680432473
SPCS2	0.64637620749526	0.020336285237643	0.998348049698482	0.020336285237643
TRMT10A	0.646452253630799	0.0338261987428362	0.998348049698482	0.0338261987428362
ADCK2	0.64649657982379	0.0268943773183093	0.998348049698482	0.0268943773183093
GMPS	0.646645756061931	-0.0180489152488861	0.998348049698482	-0.0180489152488861
CENPB	0.646704654512137	0.0290152592428128	0.998348049698482	0.0290152592428128
PCNP	0.646751830608185	-0.0183244955293511	0.998348049698482	-0.0183244955293511
ITGAV	0.646838449305103	0.019508534478843	0.998348049698482	0.019508534478843
AP001372.2	0.646866920235831	0.034166800735127	0.998348049698482	0.034166800735127
CTIF	0.646894239733243	-0.0123562410734512	0.998348049698482	-0.0123562410734512
CTTN	0.647073833883439	0.0100212181302951	0.998348049698482	0.0100212181302951
TTC5	0.647128925411438	0.0267209528603197	0.998348049698482	0.0267209528603197
FRMD3	0.647132961849387	-0.0236488014590199	0.998348049698482	-0.0236488014590199
ELMOD2	0.647176023631038	0.0220865964695845	0.998348049698482	0.0220865964695845
DPYD	0.647331214471603	-0.0078727828002192	0.998348049698482	-0.0078727828002192
RFLNA	0.647436878728998	0.0254405326556086	0.998348049698482	0.0254405326556086
KLK6	0.647498283474625	0.0198814305325678	0.998348049698482	0.0198814305325678
CLCN3	0.647514126821836	0.0133315156513412	0.998348049698482	0.0133315156513412
PLXND1	0.647524933713166	-0.0186575660225176	0.998348049698482	-0.0186575660225176
RPL35	0.64755362812892	0.0285239141895273	0.998348049698482	0.0285239141895273
SNX19	0.64759307684312	0.0205214797381769	0.998348049698482	0.0205214797381769
THOP1	0.647605319847513	0.0219742621436652	0.998348049698482	0.0219742621436652
UNC13C	0.647992269445562	0.0506698469291174	0.998348049698482	0.0506698469291174
BTRC	0.648048261351996	-0.010883022474129	0.998348049698482	-0.010883022474129
DPYD-AS1	0.648055471898305	-0.0484523086013291	0.998348049698482	-0.0484523086013291
AC092683.1	0.648087006618511	0.0447953025739081	0.998348049698482	0.0447953025739081
METTL25	0.648533857556398	0.0128807822058547	0.998348049698482	0.0128807822058547
LINC00963	0.648673502222432	-0.0249111670110313	0.998348049698482	-0.0249111670110313
SRSF5	0.648783104302074	0.0122268835913785	0.998348049698482	0.0122268835913785
SNX16	0.64879762724944	-0.0309564116700207	0.998348049698482	-0.0309564116700207
ZDHHC7	0.648801635084844	0.0223687758143709	0.998348049698482	0.0223687758143709
RFTN2	0.648876227524869	-0.00800828230784123	0.998348049698482	-0.00800828230784123
ARG2	0.648994555660016	-0.0556737728250281	0.998348049698482	-0.0556737728250281
SAC3D1	0.649008213254114	0.0343064560358792	0.998348049698482	0.0343064560358792
TACR3	0.649051933864141	-0.0314762719545001	0.998348049698482	-0.0314762719545001
BAZ2A	0.649085138299463	-0.0133052121053851	0.998348049698482	-0.0133052121053851
WDR81	0.649331196374526	0.0249207205753027	0.998348049698482	0.0249207205753027
LINC00870	0.649357280924349	0.0407328452490978	0.998348049698482	0.0407328452490978
SCPEP1	0.649364823441722	0.0215178658247845	0.998348049698482	0.0215178658247845
PDS5A	0.649375590720414	0.00949669131384111	0.998348049698482	0.00949669131384111
NUB1	0.649394212570486	-0.0174667909272773	0.998348049698482	-0.0174667909272773
ATG2B	0.649482833403107	-0.0144691169740503	0.998348049698482	-0.0144691169740503
BLOC1S6	0.649520424186271	0.0209457221583126	0.998348049698482	0.0209457221583126
NADK2	0.649631037163611	0.0208920889929095	0.998348049698482	0.0208920889929095
SPOUT1	0.649728544017104	-0.0235185550593093	0.998348049698482	-0.0235185550593093
VOPP1	0.649816030735642	0.0331477008128099	0.998348049698482	0.0331477008128099
AC063944.1	0.649981666027794	-0.0189181215938282	0.998348049698482	-0.0189181215938282
NEK1	0.650002754473901	0.0119593165152819	0.998348049698482	0.0119593165152819
C4orf47	0.650164647316404	-0.0357944373132264	0.998348049698482	-0.0357944373132264
TGFBRAP1	0.650292232062973	0.0230292278278457	0.998348049698482	0.0230292278278457
AS3MT	0.65042821044387	0.0254628605180121	0.998348049698482	0.0254628605180121
MYO18A	0.65053224787963	0.018047905851034	0.998348049698482	0.018047905851034
CC2D1A	0.65064489774331	0.0134071982982964	0.998348049698482	0.0134071982982964
RAB27A	0.650852407999562	0.0290093099586639	0.998348049698482	0.0290093099586639
COX16	0.650863240262718	0.0240888261366057	0.998348049698482	0.0240888261366057
MPP5	0.650967295842465	-0.0111142599594622	0.998348049698482	-0.0111142599594622
CNTROB	0.651012122436113	0.0306125531652283	0.998348049698482	0.0306125531652283
ALCAM	0.651086255526705	0.00699848561506241	0.998348049698482	0.00699848561506241
FMNL2	0.651086745569513	-0.00639535580395927	0.998348049698482	-0.00639535580395927
CA11	0.651100849721408	-0.0511586653115937	0.998348049698482	-0.0511586653115937
PPM1L	0.651226888349294	0.0240829349817001	0.998348049698482	0.0240829349817001
TPGS2	0.651250288044359	-0.0201593517431373	0.998348049698482	-0.0201593517431373
COPG2	0.651381060767238	-0.018966968993852	0.998348049698482	-0.018966968993852
AL139289.2	0.651422563748345	-0.0282296366628668	0.998348049698482	-0.0282296366628668
PGAM1	0.651644467251039	0.0396253095610219	0.998348049698482	0.0396253095610219
CLIP4	0.651693470105469	0.0108246236495247	0.998348049698482	0.0108246236495247
CCNT2-AS1	0.651805756250754	0.0298287485530184	0.998348049698482	0.0298287485530184
C6orf62	0.651809512283249	-0.0181200567555375	0.998348049698482	-0.0181200567555375
ATP5MC2	0.65184497097684	-0.0210087760976663	0.998348049698482	-0.0210087760976663
SNAPC4	0.651889532780873	-0.0313237847795933	0.998348049698482	-0.0313237847795933
RPS15	0.651909061989679	0.0267121372057105	0.998348049698482	0.0267121372057105
CDKN2A	0.65191309600602	0.0312996909898485	0.998348049698482	0.0312996909898485
AC051619.5	0.652042462001229	0.0338361693584484	0.998348049698482	0.0338361693584484
AP3B1	0.652198806312208	0.00935568121991242	0.998348049698482	0.00935568121991242
BRINP2	0.652210858761261	0.0414016012404567	0.998348049698482	0.0414016012404567
SNHG20	0.65232211716502	0.032274665536841	0.998348049698482	0.032274665536841
PCDH10	0.652333305737143	-0.0184532043920999	0.998348049698482	-0.0184532043920999
XAB2	0.652638044925814	0.0262109407073088	0.998348049698482	0.0262109407073088
RIT1	0.652748741911125	-0.0341618729616159	0.998348049698482	-0.0341618729616159
EIF2A	0.65280945383544	-0.0249743084791398	0.998348049698482	-0.0249743084791398
AC113370.1	0.652846405575039	-0.0269298245951102	0.998348049698482	-0.0269298245951102
CHKB-DT	0.652902206258886	0.0268714613253478	0.998348049698482	0.0268714613253478
TFDP1	0.652981963048693	0.036429217873624	0.998348049698482	0.036429217873624
KPNA6	0.653030029448949	-0.0104980695072888	0.998348049698482	-0.0104980695072888
AP000688.1	0.653081958947889	0.0285126231351531	0.998348049698482	0.0285126231351531
ZDHHC3	0.653107291534539	0.0248929379661044	0.998348049698482	0.0248929379661044
FAM151B	0.653198207600602	0.0318681928152364	0.998348049698482	0.0318681928152364
SENP7	0.653258596061375	0.0131450914017478	0.998348049698482	0.0131450914017478
FIGN	0.65332913136613	0.0126151112102092	0.998348049698482	0.0126151112102092
PAXIP1-AS1	0.653353072871183	0.0271188197269294	0.998348049698482	0.0271188197269294
HNRNPAB	0.65337526839415	0.0316369289900224	0.998348049698482	0.0316369289900224
NRGN	0.653390423621909	0.053614372459749	0.998348049698482	0.053614372459749
NCKAP5	0.653430958084742	-0.00819400453972645	0.998348049698482	-0.00819400453972645
AP000944.7	0.653485340198066	-0.0349765919344963	0.998348049698482	-0.0349765919344963
RACGAP1	0.653541912711756	0.0308716931467013	0.998348049698482	0.0308716931467013
MAN2A2	0.653594766349366	0.015937350327207	0.998348049698482	0.015937350327207
ARAP1	0.654111713802837	-0.0153169278672565	0.998573552758386	-0.0153169278672565
AKAP17A	0.654214597473357	-0.0220496299021321	0.998573552758386	-0.0220496299021321
PPARA	0.654492612464313	-0.0156152857712405	0.998573552758386	-0.0156152857712405
CYSTM1	0.654526424380219	0.0317737367845045	0.998573552758386	0.0317737367845045
SV2B	0.654727252048153	-0.0315336799666672	0.998573552758386	-0.0315336799666672
EIF2AK1	0.654756080084482	-0.0158948985679717	0.998573552758386	-0.0158948985679717
RIMS1	0.655076496100788	0.0424978936696098	0.998573552758386	0.0424978936696098
AP003469.4	0.655087591321974	-0.0265784945830038	0.998573552758386	-0.0265784945830038
DDX25	0.655087946933887	0.0463572458353454	0.998573552758386	0.0463572458353454
GUCY1B1	0.655280419148956	0.0433555948219931	0.998573552758386	0.0433555948219931
SLC35E2B	0.655332455796169	-0.0229983078059118	0.998573552758386	-0.0229983078059118
TECPR2	0.655362810971419	-0.0112850646915203	0.998573552758386	-0.0112850646915203
SEC61A1	0.655481266819891	0.0203080352451487	0.998573552758386	0.0203080352451487
CADM3	0.655547580404723	-0.0550595076934793	0.998573552758386	-0.0550595076934793
MED28	0.65558031710053	-0.0152607067213998	0.998573552758386	-0.0152607067213998
CCT6A	0.655705166344066	-0.0294744841760326	0.998573552758386	-0.0294744841760326
ST6GALNAC5	0.655740002970383	-0.0469923744542463	0.998573552758386	-0.0469923744542463
MEF2A	0.655779141898285	-0.0106000321662795	0.998573552758386	-0.0106000321662795
UEVLD	0.656121610969356	0.0164809205756406	0.998573552758386	0.0164809205756406
SENP6	0.656206569690505	0.00864817136935492	0.998573552758386	0.00864817136935492
AL117336.2	0.656264216838651	-0.0218306158103015	0.998573552758386	-0.0218306158103015
SLC1A2	0.656338270929196	0.0522453991737967	0.998573552758386	0.0522453991737967
H2AFV	0.656340281962353	-0.0169560399985666	0.998573552758386	-0.0169560399985666
BMI1	0.656454066383155	-0.0177157386174711	0.998573552758386	-0.0177157386174711
EPB41L2	0.656848794833119	-0.00984522393924351	0.998573552758386	-0.00984522393924351
FGF12	0.656869451664724	0.0422218279089872	0.998573552758386	0.0422218279089872
HSBP1	0.657108470434798	-0.024567410608793	0.998573552758386	-0.024567410608793
SRGAP2	0.657383120275017	0.0141426154584578	0.998573552758386	0.0141426154584578
RECQL5	0.657570329373211	0.0196205699189389	0.998573552758386	0.0196205699189389
CRYBG3	0.657753087668708	0.0169667381082148	0.998573552758386	0.0169667381082148
MYO9A	0.657923206855468	-0.00953426229859248	0.998573552758386	-0.00953426229859248
CCND3	0.658100214333126	0.0361210795770013	0.998573552758386	0.0361210795770013
MIPOL1	0.658247808307425	0.0290520877190996	0.998573552758386	0.0290520877190996
SERBP1	0.6583136433499	-0.0166619610985345	0.998573552758386	-0.0166619610985345
ZNF112	0.658390451193021	0.0282268014111583	0.998573552758386	0.0282268014111583
TCAF1	0.6584562990108	-0.0167567957612349	0.998573552758386	-0.0167567957612349
SUGP1	0.658541901647384	-0.0222999737182217	0.998573552758386	-0.0222999737182217
EXOSC6	0.658752903851325	0.0227450366831668	0.998573552758386	0.0227450366831668
PHF13	0.65875529346089	0.029713657057188	0.998573552758386	0.029713657057188
SEMA6A	0.658769420356683	-0.0091289023972691	0.998573552758386	-0.0091289023972691
EEF1AKNMT	0.658984330672048	0.0336140484467028	0.998573552758386	0.0336140484467028
TP53TG1	0.659032492834478	-0.0334289702883709	0.998573552758386	-0.0334289702883709
UBA5	0.659081975654925	-0.0248279188911295	0.998573552758386	-0.0248279188911295
WASHC3	0.659092310526617	-0.0167537996474104	0.998573552758386	-0.0167537996474104
HMGCR	0.659107004144825	0.0303536382710734	0.998573552758386	0.0303536382710734
ACBD3	0.659427963504555	-0.0161482916344059	0.998573552758386	-0.0161482916344059
AC009113.1	0.659434820566704	0.0324417362078427	0.998573552758386	0.0324417362078427
SCAF11	0.659481660136861	-0.00987123543412469	0.998573552758386	-0.00987123543412469
CHMP5	0.659659377395063	0.0237605184860065	0.998573552758386	0.0237605184860065
IL17RB	0.659748109339504	-0.0363656331218167	0.998573552758386	-0.0363656331218167
SSBP2	0.659794932286177	-0.00820068018528907	0.998573552758386	-0.00820068018528907
WWP1	0.659861099625725	0.0104021857922139	0.998573552758386	0.0104021857922139
ZNF880	0.66010944278819	0.030859272837911	0.998573552758386	0.030859272837911
XRCC1	0.660214362752651	0.0230664488617266	0.998573552758386	0.0230664488617266
AC024597.1	0.660221520857399	0.0375125495823026	0.998573552758386	0.0375125495823026
C12orf60	0.660274113023263	0.0317453117795453	0.998573552758386	0.0317453117795453
PFKFB2	0.660292003454879	-0.0289946178365618	0.998573552758386	-0.0289946178365618
AL008633.1	0.66039506255397	-0.0475871652525135	0.998573552758386	-0.0475871652525135
CDKN2AIP	0.660769220700056	-0.0405212268210781	0.998573552758386	-0.0405212268210781
AL160313.1	0.660840861777331	0.0349283041876635	0.998573552758386	0.0349283041876635
MRPL18	0.660870832316508	-0.0296147397102946	0.998573552758386	-0.0296147397102946
SP1	0.661141140759189	0.0189980225423172	0.998573552758386	0.0189980225423172
AC136489.1	0.661203134510164	-0.0412020327890755	0.998573552758386	-0.0412020327890755
POLR1C	0.661330166474484	-0.0241283329453151	0.998573552758386	-0.0241283329453151
ABHD14A	0.661364331723193	-0.0402304596051506	0.998573552758386	-0.0402304596051506
ZNF250	0.661474146234288	-0.0324468328419283	0.998573552758386	-0.0324468328419283
EP400	0.66153985957327	-0.0129226144784048	0.998573552758386	-0.0129226144784048
AL139424.2	0.661599657441969	-0.0286463858228558	0.998573552758386	-0.0286463858228558
STK31	0.661750484936442	-0.0425861438605765	0.998573552758386	-0.0425861438605765
RNF128	0.661751200962216	-0.074229147014546	0.998573552758386	-0.074229147014546
CDC37L1	0.661778080585228	0.0215713453963555	0.998573552758386	0.0215713453963555
RBFOX3	0.661823310564698	-0.0419852885531524	0.998573552758386	-0.0419852885531524
C1orf61	0.661860907744648	-0.0277479096714799	0.998573552758386	-0.0277479096714799
GSTO1	0.661862089726504	-0.0264153665890461	0.998573552758386	-0.0264153665890461
RPF1	0.661900952639075	0.0311072747504253	0.998573552758386	0.0311072747504253
BICD1	0.66193791628853	0.0102140167457661	0.998573552758386	0.0102140167457661
PGRMC2	0.662134847053631	-0.0237064910099854	0.998573552758386	-0.0237064910099854
FAXDC2	0.662263819560802	0.0106361294384665	0.998573552758386	0.0106361294384665
SAMD13	0.662342392372592	-0.0229112327388886	0.998573552758386	-0.0229112327388886
TTLL7-IT1	0.662372912034371	0.0308227593242118	0.998573552758386	0.0308227593242118
CAPZB	0.662498937978548	-0.0104335212534198	0.998573552758386	-0.0104335212534198
AATF	0.662522457008841	0.0158944138643091	0.998573552758386	0.0158944138643091
NDUFS6	0.662526913684781	-0.0323576271869334	0.998573552758386	-0.0323576271869334
SOX13	0.662532761561858	-0.0238083617253639	0.998573552758386	-0.0238083617253639
RNF180	0.662856654415981	0.0367357102719438	0.998573552758386	0.0367357102719438
FLNA	0.662876060411977	-0.0440177843951335	0.998573552758386	-0.0440177843951335
ZFR	0.66290652614386	0.00825129941845314	0.998573552758386	0.00825129941845314
NEAT1	0.66293752471455	-0.0149411416011769	0.998573552758386	-0.0149411416011769
RPL31	0.663089608416769	0.0307716392989266	0.998573552758386	0.0307716392989266
FBXL14	0.66318636824433	-0.022379288643157	0.998573552758386	-0.022379288643157
PANK2	0.663242698359791	-0.0209473167057189	0.998573552758386	-0.0209473167057189
GSAP	0.663250933544555	0.0324388473119914	0.998573552758386	0.0324388473119914
ZNF595	0.663423044740687	-0.0211101933845399	0.998573552758386	-0.0211101933845399
RGP1	0.663501881166919	-0.0339520653342048	0.998573552758386	-0.0339520653342048
ZNF91	0.663556808174187	-0.0130972251861763	0.998573552758386	-0.0130972251861763
NTPCR	0.663866886684296	0.0194152648162793	0.998573552758386	0.0194152648162793
SNHG3	0.663914288876548	0.0367389347747907	0.998573552758386	0.0367389347747907
AL354740.1	0.663999492854009	-0.0373519592001226	0.998573552758386	-0.0373519592001226
CNP	0.664059800679611	0.0156032473467624	0.998573552758386	0.0156032473467624
SRR	0.664144278066698	0.0245030686237587	0.998573552758386	0.0245030686237587
RFX2	0.664428940248588	0.0227878761074657	0.998573552758386	0.0227878761074657
IVNS1ABP	0.664602904040511	0.0145879449745138	0.998573552758386	0.0145879449745138
NOX4	0.664671553890595	0.0306216476026385	0.998573552758386	0.0306216476026385
BBS5	0.664855208286694	0.027918119295168	0.998573552758386	0.027918119295168
LINC01422	0.664876922814464	-0.0274613311076267	0.998573552758386	-0.0274613311076267
ZBTB43	0.665119707807063	0.0169054077066332	0.998573552758386	0.0169054077066332
RPLP0	0.665305384326523	-0.0286763301083402	0.998573552758386	-0.0286763301083402
MCTP1	0.665358141142852	-0.044752038566784	0.998573552758386	-0.044752038566784
KCNC2	0.66548940780022	0.0458012893588842	0.998573552758386	0.0458012893588842
GADD45GIP1	0.665518931853307	0.0491149459975157	0.998573552758386	0.0491149459975157
MVB12B	0.665532365169159	-0.00912208392180562	0.998573552758386	-0.00912208392180562
NCOA6	0.665885141014768	0.0106542758292268	0.998573552758386	0.0106542758292268
BICD2	0.665962846190577	-0.0217510823505307	0.998573552758386	-0.0217510823505307
NSD3	0.665963599989373	-0.00800048934729484	0.998573552758386	-0.00800048934729484
PRELID3B	0.666044328921924	0.0351990808017341	0.998573552758386	0.0351990808017341
AL137009.1	0.666186931972744	0.0337708243988796	0.998573552758386	0.0337708243988796
DNAH1	0.666212693160976	0.0256455995670561	0.998573552758386	0.0256455995670561
GRIPAP1	0.666238760112452	0.0205955743028507	0.998573552758386	0.0205955743028507
IKZF4	0.666315961258587	0.0196527420285158	0.998573552758386	0.0196527420285158
PCM1	0.66636983323043	0.00893852740139061	0.998573552758386	0.00893852740139061
POLR2L	0.666624740846917	-0.0507947533091312	0.998573552758386	-0.0507947533091312
GNG8	0.666641163122058	0.0353183143775946	0.998573552758386	0.0353183143775946
LRIF1	0.666669503981453	0.0262561197244648	0.998573552758386	0.0262561197244648
DUSP16	0.666678624329489	-0.0121168648930393	0.998573552758386	-0.0121168648930393
PGM3	0.666741804945509	0.022108998288121	0.998573552758386	0.022108998288121
TBCC	0.666921781377919	-0.0429829486150309	0.998573552758386	-0.0429829486150309
COPS8	0.666968181172495	0.0291800722521386	0.998573552758386	0.0291800722521386
KLHL42	0.667007286602813	0.0133832012127614	0.998573552758386	0.0133832012127614
PRR18	0.667135138562122	-0.016197645949773	0.998573552758386	-0.016197645949773
AC104806.2	0.667324577853297	-0.0290868575780851	0.998573552758386	-0.0290868575780851
KIAA1324L	0.667501526564475	-0.0106163992074622	0.998573552758386	-0.0106163992074622
AC092958.1	0.66752127089746	-0.0144201151316628	0.998573552758386	-0.0144201151316628
PUS7	0.667555520081155	0.0180380638515756	0.998573552758386	0.0180380638515756
PBX1	0.667556441569815	-0.00934609878177536	0.998573552758386	-0.00934609878177536
ZNF350	0.667572459456094	0.0343038125237373	0.998573552758386	0.0343038125237373
RAD9A	0.667627977434211	-0.02335936147306	0.998573552758386	-0.02335936147306
GLT8D1	0.667762382956734	-0.03715234731682	0.998573552758386	-0.03715234731682
HIBCH	0.667957505973561	-0.0111323802059346	0.998573552758386	-0.0111323802059346
MAP2	0.66798555551312	0.0401626182367261	0.998573552758386	0.0401626182367261
C2orf69	0.668010560157714	-0.0230336460515354	0.998573552758386	-0.0230336460515354
GFAP	0.668015914851069	0.0476763841481608	0.998573552758386	0.0476763841481608
Z83843.1	0.668139655683789	-0.0261631593548418	0.998573552758386	-0.0261631593548418
GAMT	0.668184694493847	-0.0176736322515909	0.998573552758386	-0.0176736322515909
GID4	0.668468964304216	-0.0236173456478343	0.998573552758386	-0.0236173456478343
JMJD8	0.668515463269938	-0.0417662725048871	0.998573552758386	-0.0417662725048871
CFAP20	0.66870103116014	0.0213721046349469	0.998573552758386	0.0213721046349469
PPP1R9A	0.66870851898078	-0.00906833640031212	0.998573552758386	-0.00906833640031212
HIVEP1	0.668772572876373	-0.016499542576027	0.998573552758386	-0.016499542576027
FAM160B1	0.668795771123006	0.0290851448410769	0.998573552758386	0.0290851448410769
HDX	0.668968096987071	0.017212262098156	0.998573552758386	0.017212262098156
DPH5	0.669101961226227	0.0198947114107905	0.998573552758386	0.0198947114107905
HACD2	0.669329373672039	0.0121275110080016	0.998573552758386	0.0121275110080016
EP300	0.669507131056995	0.00905546861049719	0.998573552758386	0.00905546861049719
WASHC1	0.669893082417785	0.0181971059694378	0.998573552758386	0.0181971059694378
MLLT10	0.670126749093975	-0.00863701600095128	0.998573552758386	-0.00863701600095128
ELOA	0.670142537470644	-0.0237447541497328	0.998573552758386	-0.0237447541497328
TCEAL3	0.670257623625507	0.034426959229766	0.998573552758386	0.034426959229766
CLHC1	0.670418954633994	0.0264584253042279	0.998573552758386	0.0264584253042279
PMPCB	0.670432660634524	-0.0169402106347373	0.998573552758386	-0.0169402106347373
IPO7	0.670434579875245	-0.0155994441282494	0.998573552758386	-0.0155994441282494
GALNT15	0.670676059672555	-0.02044961031506	0.998573552758386	-0.02044961031506
TTC38	0.670679531691254	-0.025526964544557	0.998573552758386	-0.025526964544557
RRP36	0.670771726290303	-0.022940749843933	0.998573552758386	-0.022940749843933
MBTD1	0.67081139746338	0.0100060831783463	0.998573552758386	0.0100060831783463
GAREM1	0.67101386791371	-0.010255339337922	0.998573552758386	-0.010255339337922
VPS50	0.671183534042133	0.0124161427964967	0.998573552758386	0.0124161427964967
AC106791.1	0.671193419418456	0.012243724870756	0.998573552758386	0.012243724870756
CSTB	0.671341850697973	0.0360036942363475	0.998573552758386	0.0360036942363475
MRPS18B	0.671365103787773	0.0221612792932826	0.998573552758386	0.0221612792932826
RRN3	0.671717422549207	0.0233358540824978	0.998573552758386	0.0233358540824978
ZNF37A	0.671753582929706	-0.00993923864285435	0.998573552758386	-0.00993923864285435
ABL1	0.671840144402433	-0.00960359609099401	0.998573552758386	-0.00960359609099401
ZNF180	0.672001360420138	-0.0317268182962808	0.998573552758386	-0.0317268182962808
CCT3	0.672008667203438	-0.0176932171307141	0.998573552758386	-0.0176932171307141
UTP25	0.672042398409467	-0.0255748864642912	0.998573552758386	-0.0255748864642912
SLC25A13	0.672143053092215	0.0105463713497482	0.998573552758386	0.0105463713497482
MAX	0.672262819575393	-0.0136633341036694	0.998573552758386	-0.0136633341036694
C11orf74	0.672374816069407	-0.0302470840522993	0.998573552758386	-0.0302470840522993
SEMA3C	0.672468774072412	0.0151183672342835	0.998573552758386	0.0151183672342835
EGLN3	0.672636901928475	-0.0160590090295955	0.998573552758386	-0.0160590090295955
MAP1B	0.672897584221391	-0.0199569887059391	0.998573552758386	-0.0199569887059391
PRDM10	0.67292086670242	0.0178543303139338	0.998573552758386	0.0178543303139338
SNX11	0.672969518491803	0.0290252448160956	0.998573552758386	0.0290252448160956
HSPB1	0.673018608847335	0.0667859686602246	0.998573552758386	0.0667859686602246
PPM1E	0.673107552014389	-0.0366060136258684	0.998573552758386	-0.0366060136258684
SGPP1	0.673154329788001	-0.0126385969081656	0.998573552758386	-0.0126385969081656
NSRP1	0.673191163467466	0.0122263118100897	0.998573552758386	0.0122263118100897
TMEM256	0.673329575673653	0.0399422552219412	0.998573552758386	0.0399422552219412
SRSF4	0.673447076731431	0.0118140562552056	0.998573552758386	0.0118140562552056
CAMK2N1	0.673588315240953	-0.0145956663896239	0.998573552758386	-0.0145956663896239
PHC1	0.67371921177571	0.0243976767557179	0.998573552758386	0.0243976767557179
ERI2	0.673738648170168	0.0258123166468027	0.998573552758386	0.0258123166468027
SH3TC2-DT	0.673799871922246	0.0165678807325473	0.998573552758386	0.0165678807325473
PODXL2	0.674009235321041	-0.0399634637148899	0.998573552758386	-0.0399634637148899
RBM6	0.674077911085079	0.00771669996342557	0.998573552758386	0.00771669996342557
CCNT1	0.674078227297845	0.0164351523037788	0.998573552758386	0.0164351523037788
ERH	0.674508090611999	-0.0298355975684342	0.998573552758386	-0.0298355975684342
VSIG10	0.674510792051123	0.0179613921982721	0.998573552758386	0.0179613921982721
PCA3	0.674553815148482	-0.032798403763574	0.998573552758386	-0.032798403763574
PHIP	0.674760677152464	0.00694231063606038	0.998573552758386	0.00694231063606038
SRD5A3-AS1	0.674847100213252	-0.0337667375620006	0.998573552758386	-0.0337667375620006
PVALEF	0.674987136571894	-0.0309242452697823	0.998573552758386	-0.0309242452697823
LPAR1	0.675017898298454	-0.00929203304212713	0.998573552758386	-0.00929203304212713
POLR2K	0.675127406932923	0.0469134413070047	0.998573552758386	0.0469134413070047
CAMK2D	0.675347482553377	-0.0125296239641171	0.998573552758386	-0.0125296239641171
RBM4	0.675469484626484	0.0159024810303277	0.998573552758386	0.0159024810303277
SYN1	0.675627614395954	0.0687657629273794	0.998573552758386	0.0687657629273794
EPHA6	0.675907359895289	0.0421183419128429	0.998573552758386	0.0421183419128429
GOLGA3	0.675977249224664	-0.0170178912364079	0.998573552758386	-0.0170178912364079
BET1	0.676089717056787	0.0186592538376656	0.998573552758386	0.0186592538376656
ATP5F1B	0.676153999440988	0.0342007994273579	0.998573552758386	0.0342007994273579
DHRSX	0.676358776545099	0.0154915778262655	0.998573552758386	0.0154915778262655
STPG1	0.676408001387442	0.0189675287285057	0.998573552758386	0.0189675287285057
CEP83	0.676867725143934	-0.0168355012405894	0.998573552758386	-0.0168355012405894
DOLPP1	0.676929952463946	0.0381329906865866	0.998573552758386	0.0381329906865866
SRRM4	0.67701045811388	0.0436306431815779	0.998573552758386	0.0436306431815779
UBN1	0.677219075008244	-0.01669107003117	0.998573552758386	-0.01669107003117
TMEM8B	0.677272636858505	0.0232539402238338	0.998573552758386	0.0232539402238338
EML5	0.677299860569973	0.0223788562548984	0.998573552758386	0.0223788562548984
ECSIT	0.677310739746561	-0.0195707100267689	0.998573552758386	-0.0195707100267689
AC016831.5	0.677408087029803	0.0233150200520651	0.998573552758386	0.0233150200520651
CSTF3	0.677456831791869	0.0147951756013829	0.998573552758386	0.0147951756013829
EPB41L1	0.677499494273122	-0.0130185897449464	0.998573552758386	-0.0130185897449464
ARFIP1	0.677843647621366	-0.0114630759180208	0.998573552758386	-0.0114630759180208
TMEM169	0.677859301523761	0.0325576734348835	0.998573552758386	0.0325576734348835
RPUSD3	0.678066087434043	-0.0294034551681995	0.998573552758386	-0.0294034551681995
CFAP161	0.678190113427892	0.0340699284840532	0.998573552758386	0.0340699284840532
TUBGCP4	0.678208356304599	0.0230334304267587	0.998573552758386	0.0230334304267587
MIF4GD	0.678239907900227	0.0333503651214031	0.998573552758386	0.0333503651214031
CHMP1B	0.67843522658113	0.0313664978201789	0.998573552758386	0.0313664978201789
CRY1	0.678527498081217	-0.0186115104236998	0.998573552758386	-0.0186115104236998
PHACTR2	0.678529171016713	0.0238676658119678	0.998573552758386	0.0238676658119678
UFL1	0.678857807826992	0.0161080750388797	0.998573552758386	0.0161080750388797
NUTM2B-AS1	0.678880910372442	-0.0143934649129792	0.998573552758386	-0.0143934649129792
ERCC8	0.678947646621805	-0.0166752284709211	0.998573552758386	-0.0166752284709211
MTHFD1	0.678972713507359	0.0273871526926682	0.998573552758386	0.0273871526926682
SAMD12	0.67902344641886	-0.00825299941262522	0.998573552758386	-0.00825299941262522
SCP2	0.679167485888387	-0.0172473979561395	0.998573552758386	-0.0172473979561395
PEX11G	0.679514287234446	-0.0239873180016379	0.998573552758386	-0.0239873180016379
TEP1	0.679570206660921	0.0282693800818776	0.998573552758386	0.0282693800818776
DR1	0.679589587590709	-0.026158376312396	0.998573552758386	-0.026158376312396
ZNF668	0.679602448690601	0.0321078882441636	0.998573552758386	0.0321078882441636
LTBP3	0.679811081911772	0.0148496533611641	0.998573552758386	0.0148496533611641
STRN3	0.67984518346516	0.0107490661950165	0.998573552758386	0.0107490661950165
SMAD7	0.679850344555009	0.022238782452898	0.998573552758386	0.022238782452898
SLC16A1	0.679956293919814	0.0253798648400963	0.998573552758386	0.0253798648400963
NME2	0.680170990662687	-0.043616057781163	0.998573552758386	-0.043616057781163
GGPS1	0.680195194584743	-0.032869653761096	0.998573552758386	-0.032869653761096
GSTO2	0.680227424906139	0.0188336142725309	0.998573552758386	0.0188336142725309
ACADVL	0.680383773335294	0.0200860842717526	0.998573552758386	0.0200860842717526
CHODL	0.680475546164208	-0.0185975703141297	0.998573552758386	-0.0185975703141297
RALYL	0.680494610119024	0.0433177111042028	0.998573552758386	0.0433177111042028
MVB12A	0.680551853550003	0.0226864155448677	0.998573552758386	0.0226864155448677
APPL2	0.680590863597579	0.0126128699283129	0.998573552758386	0.0126128699283129
CD200	0.680601134272469	0.0196998437562708	0.998573552758386	0.0196998437562708
C12orf73	0.680741910407927	-0.017455658768272	0.998573552758386	-0.017455658768272
UVRAG	0.680777337195264	-0.0087156450400704	0.998573552758386	-0.0087156450400704
CLASP1	0.680777866251667	-0.00766242577360132	0.998573552758386	-0.00766242577360132
AL359091.1	0.68083655008049	0.0139321287375991	0.998573552758386	0.0139321287375991
C2CD5	0.68085019866409	0.0156087344448611	0.998573552758386	0.0156087344448611
UQCC2	0.680894640764075	-0.0249846744390461	0.998573552758386	-0.0249846744390461
HDAC2	0.680941154777181	0.0173437451697575	0.998573552758386	0.0173437451697575
WDR11	0.681106609705805	-0.0117589817262943	0.998573552758386	-0.0117589817262943
PRMT7	0.681136289264067	-0.017026273268923	0.998573552758386	-0.017026273268923
YKT6	0.681157024962619	-0.0241088251967001	0.998573552758386	-0.0241088251967001
GNPAT	0.681286459419074	0.0173179578674117	0.998573552758386	0.0173179578674117
SNHG14	0.681326477327748	-0.023176174717723	0.998573552758386	-0.023176174717723
PXK	0.681390816700354	-0.00757529862443035	0.998573552758386	-0.00757529862443035
CENPX	0.681574486955727	0.039675662264029	0.998573552758386	0.039675662264029
CDKN1C	0.681637683391672	-0.0166133336310621	0.998573552758386	-0.0166133336310621
SNRPE	0.681762136972643	0.0397075494151357	0.998573552758386	0.0397075494151357
PPT2	0.68178696044375	-0.0313470986925849	0.998573552758386	-0.0313470986925849
MAP2K6	0.681820179830002	0.0135701685989788	0.998573552758386	0.0135701685989788
TFE3	0.681983256504263	0.0230926044935913	0.998573552758386	0.0230926044935913
DMXL2	0.68215841654249	-0.023696057494128	0.998573552758386	-0.023696057494128
PKIA	0.682207455816524	-0.0406422468637066	0.998573552758386	-0.0406422468637066
HTRA2	0.682303952441918	-0.0366318683466751	0.998573552758386	-0.0366318683466751
ZNF81	0.682316079184601	0.0153115114340799	0.998573552758386	0.0153115114340799
ACTR3	0.682417966158035	-0.0131176029258525	0.998573552758386	-0.0131176029258525
CLPTM1	0.682737915796915	-0.0162759182086004	0.998573552758386	-0.0162759182086004
YIPF2	0.682936049097364	0.0275833173041861	0.998573552758386	0.0275833173041861
SPARCL1	0.682959195053677	0.0454368494499429	0.998573552758386	0.0454368494499429
ANAPC7	0.682970421797457	-0.0165043902120579	0.998573552758386	-0.0165043902120579
STPG2	0.683035520882291	-0.0152169718701456	0.998573552758386	-0.0152169718701456
MID1IP1	0.683167096337351	-0.0235954885184805	0.998573552758386	-0.0235954885184805
THOC1	0.683208075364617	-0.0112514281528503	0.998573552758386	-0.0112514281528503
NLGN3	0.683252074734142	-0.0120547860649696	0.998573552758386	-0.0120547860649696
ZNF800	0.683341884612473	-0.0127261333794234	0.998573552758386	-0.0127261333794234
MPC2	0.683443102553815	-0.0356285967858385	0.998573552758386	-0.0356285967858385
HNRNPH3	0.683665931631787	0.0109852074578218	0.998573552758386	0.0109852074578218
RCC1L	0.683728209052836	-0.0184321684602912	0.998573552758386	-0.0184321684602912
YARS	0.683752037242313	-0.0165177267894949	0.998573552758386	-0.0165177267894949
VAMP7	0.683972565040118	0.024359448287551	0.998573552758386	0.024359448287551
DMTN	0.684003528060174	-0.0472293311977218	0.998573552758386	-0.0472293311977218
DNAJA2	0.684022772473683	-0.0359828148647927	0.998573552758386	-0.0359828148647927
C7orf31	0.684074095113499	-0.0318835549098696	0.998573552758386	-0.0318835549098696
SNRPA1	0.684125472659477	-0.0215978449203793	0.998573552758386	-0.0215978449203793
ARID3B	0.684281803383731	-0.0259888254440691	0.998573552758386	-0.0259888254440691
ATG4C	0.684478019927652	-0.00799285620677766	0.998573552758386	-0.00799285620677766
MARCH2	0.68469973714445	0.0170817806092295	0.998573552758386	0.0170817806092295
SYNRG	0.68470958805098	-0.0102764201088126	0.998573552758386	-0.0102764201088126
TMEM171	0.684772233284492	0.0376381006411129	0.998573552758386	0.0376381006411129
FAN1	0.684775133366098	-0.0118643455765457	0.998573552758386	-0.0118643455765457
TSPAN7	0.684787510389236	0.0410328719358179	0.998573552758386	0.0410328719358179
ZCCHC14	0.684962309195735	-0.0127835730823009	0.998573552758386	-0.0127835730823009
AC023389.1	0.685005640457957	0.045161642370008	0.998573552758386	0.045161642370008
RBM25	0.685120054113947	-0.0116520918394143	0.998573552758386	-0.0116520918394143
NDUFA10	0.685319365958242	-0.0102559920242043	0.998573552758386	-0.0102559920242043
LRRC27	0.685422829459856	0.032132530528014	0.998573552758386	0.032132530528014
LPCAT3	0.685584608656026	0.0179997000807858	0.998573552758386	0.0179997000807858
GDAP1	0.68564491266411	-0.0135858509177767	0.998573552758386	-0.0135858509177767
PFN1	0.685702478528983	0.0256201970886015	0.998573552758386	0.0256201970886015
UBB	0.685726389844341	0.0238858231614751	0.998573552758386	0.0238858231614751
ZNF197	0.685735305947044	-0.0144137797462405	0.998573552758386	-0.0144137797462405
LANCL1	0.685864872550126	0.00923775938618613	0.998573552758386	0.00923775938618613
RNF150	0.685882619748873	0.0446592065164242	0.998573552758386	0.0446592065164242
ZDHHC2	0.685915921205509	-0.0150845890762651	0.998573552758386	-0.0150845890762651
ERAL1	0.685933898823208	0.0346296435715926	0.998573552758386	0.0346296435715926
DPP8	0.685966782889402	-0.012460192635987	0.998573552758386	-0.012460192635987
NUP188	0.686086906656011	0.0196448757074273	0.998573552758386	0.0196448757074273
CSAD	0.686120252204274	0.0143899210902538	0.998573552758386	0.0143899210902538
LINC02427	0.686130957438655	-0.0318423438779646	0.998573552758386	-0.0318423438779646
AL136038.5	0.686144489021675	0.0180272130027078	0.998573552758386	0.0180272130027078
DDX59	0.686277218195521	0.0239802214127565	0.998573552758386	0.0239802214127565
ULK2	0.68649008345827	-0.0122425395559152	0.998573552758386	-0.0122425395559152
DPM1	0.686567255788299	0.0152565686542374	0.998573552758386	0.0152565686542374
PDPR	0.686651264331695	0.0153837973682398	0.998573552758386	0.0153837973682398
PPP4R3B	0.686761983038829	0.00950416251747242	0.998573552758386	0.00950416251747242
STX10	0.686830360459234	-0.0256024593033138	0.998573552758386	-0.0256024593033138
GNPTAB	0.686961253906108	-0.0291571417037955	0.998573552758386	-0.0291571417037955
LAMTOR5	0.687066200078021	-0.0304240648985686	0.998573552758386	-0.0304240648985686
CAPS2	0.687112348926536	0.0135584840828421	0.998573552758386	0.0135584840828421
SUGP2	0.687247810554241	-0.0150184922692352	0.998573552758386	-0.0150184922692352
CUBN	0.687353359342052	0.0309817287896357	0.998573552758386	0.0309817287896357
CFAP410	0.687387198473459	0.0263411366649135	0.998573552758386	0.0263411366649135
FRS2	0.687611221490529	-0.0113949294869695	0.998573552758386	-0.0113949294869695
CHST3	0.688136832162814	-0.0156496880993566	0.998573552758386	-0.0156496880993566
RRBP1	0.688356637171954	0.0129424710166986	0.998573552758386	0.0129424710166986
MT-ATP6	0.68837916990164	-0.0151456554982759	0.998573552758386	-0.0151456554982759
DDI2	0.688407154270322	0.0134661204780629	0.998573552758386	0.0134661204780629
AC007038.1	0.688410365919183	0.0211460910931629	0.998573552758386	0.0211460910931629
NDUFA3	0.688465594830775	0.0392968831695026	0.998573552758386	0.0392968831695026
AC016383.2	0.688466849520496	-0.0321738376269969	0.998573552758386	-0.0321738376269969
MIATNB	0.688500204131689	-0.0210860742344296	0.998573552758386	-0.0210860742344296
DDIT4	0.688654634902084	0.0245036563381356	0.998573552758386	0.0245036563381356
DGKG	0.688819484278872	0.0426081506551163	0.998573552758386	0.0426081506551163
BMERB1	0.688909839408868	0.00927233974428023	0.998573552758386	0.00927233974428023
SMARCA1	0.688918679342058	-0.0310435140040478	0.998573552758386	-0.0310435140040478
PI4KB	0.68922190225685	0.0116039174297893	0.998573552758386	0.0116039174297893
RCL1	0.6892959666483	0.0151551471471457	0.998573552758386	0.0151551471471457
ASB1	0.689310095069206	0.0248728239837865	0.998573552758386	0.0248728239837865
MRPS26	0.689355572370919	0.0305167021957651	0.998573552758386	0.0305167021957651
SYPL1	0.68952795417715	0.0193835090219398	0.998573552758386	0.0193835090219398
DPP9	0.689752348592188	-0.0166415887835115	0.998573552758386	-0.0166415887835115
RECQL	0.690020256887753	0.0211297793280662	0.998573552758386	0.0211297793280662
CYP2R1	0.690293499032015	0.0261314352508623	0.998573552758386	0.0261314352508623
VAPB	0.690445507558291	-0.0144925758002361	0.998573552758386	-0.0144925758002361
WNT2B	0.690560239816423	-0.0214634394907317	0.998573552758386	-0.0214634394907317
YWHAE	0.690583386214783	0.0121981459539772	0.998573552758386	0.0121981459539772
SNX27	0.690606841496396	0.0106101225573511	0.998573552758386	0.0106101225573511
PACRGL	0.690846175124807	-0.0133693264894967	0.998573552758386	-0.0133693264894967
AC068025.2	0.690879301777557	0.0224533293940097	0.998573552758386	0.0224533293940097
COPS2	0.690923794954557	-0.0156478464015673	0.998573552758386	-0.0156478464015673
SYT7	0.691479260311921	-0.0459152805706436	0.998573552758386	-0.0459152805706436
CCNT2	0.691496287697046	-0.0120836987736603	0.998573552758386	-0.0120836987736603
CDH10	0.691578119520466	-0.0434508760598364	0.998573552758386	-0.0434508760598364
USP36	0.691730188025288	-0.0146060048783813	0.998573552758386	-0.0146060048783813
CDC14B	0.691733961100154	-0.00858431452396848	0.998573552758386	-0.00858431452396848
POLR2F	0.69181500644093	0.00972948653557396	0.998573552758386	0.00972948653557396
DHTKD1	0.691822798778648	-0.0165284540398999	0.998573552758386	-0.0165284540398999
CDKL2	0.691942446007968	0.0200774138209724	0.998573552758386	0.0200774138209724
CAST	0.692034258479897	-0.012402064747113	0.998573552758386	-0.012402064747113
CEP162	0.692060473456775	0.0125252308385299	0.998573552758386	0.0125252308385299
CACNA2D1	0.692080903878035	-0.00644393228312313	0.998573552758386	-0.00644393228312313
RAVER1	0.69216315493112	0.0243359802820247	0.998573552758386	0.0243359802820247
UBFD1	0.692200099061244	0.0272646785300253	0.998573552758386	0.0272646785300253
FAM107B	0.692345535498329	0.00648698387870389	0.998573552758386	0.00648698387870389
BCAP31	0.692404338552626	-0.0330616768218658	0.998573552758386	-0.0330616768218658
FAAP100	0.692426069147366	0.0352759227786985	0.998573552758386	0.0352759227786985
DNAJA1	0.692688987514655	-0.0224784807379549	0.998573552758386	-0.0224784807379549
ADAMTS18	0.692772505798927	0.0351509190108226	0.998573552758386	0.0351509190108226
ARL6IP1	0.693089545309732	0.024790909754919	0.998573552758386	0.024790909754919
ZNF677	0.693171003647316	-0.0249741025631883	0.998573552758386	-0.0249741025631883
AL162586.1	0.693296117703549	-0.0378006567009372	0.998573552758386	-0.0378006567009372
ADAMTS4	0.693547850190635	0.0174319644113966	0.998573552758386	0.0174319644113966
XPC	0.693567205357687	0.0138364392159239	0.998573552758386	0.0138364392159239
RNF20	0.693622397374744	-0.0187818486938986	0.998573552758386	-0.0187818486938986
SAR1B	0.693852546453954	0.0152245481400992	0.998573552758386	0.0152245481400992
TRIP11	0.69396581122591	-0.0117392518480423	0.998573552758386	-0.0117392518480423
FAM133A	0.693977392812631	0.0266399650634487	0.998573552758386	0.0266399650634487
CFL2	0.694026815242843	0.0173712241359754	0.998573552758386	0.0173712241359754
LINC02328	0.694184010030685	-0.0189914371655893	0.998573552758386	-0.0189914371655893
SNX5	0.694218452782476	-0.0204304330651997	0.998573552758386	-0.0204304330651997
PSMC4	0.694236082559257	-0.028477978609546	0.998573552758386	-0.028477978609546
ZNF175	0.694239684871675	-0.0248152284078957	0.998573552758386	-0.0248152284078957
COMMD3	0.694317588912521	0.0214672846357679	0.998573552758386	0.0214672846357679
RB1CC1	0.69436790940133	-0.0101939835154228	0.998573552758386	-0.0101939835154228
CD55	0.694546694831686	0.0139376128889564	0.998573552758386	0.0139376128889564
ATOH8	0.694559370953594	-0.0251858219734028	0.998573552758386	-0.0251858219734028
GPC6	0.694621770882406	-0.0419348956055098	0.998573552758386	-0.0419348956055098
FBXL13	0.695137697349378	-0.0202162969744755	0.998573552758386	-0.0202162969744755
ZNF527	0.695222262294531	-0.0316556433862122	0.998573552758386	-0.0316556433862122
FKBP15	0.695240030252955	-0.0132521748512062	0.998573552758386	-0.0132521748512062
ITGA2B	0.695376975956676	0.026957290122088	0.998573552758386	0.026957290122088
AC005726.1	0.695451020648388	-0.0304824177776723	0.998573552758386	-0.0304824177776723
CACYBP	0.695459196487014	-0.0309263231640477	0.998573552758386	-0.0309263231640477
CFAP54	0.695515540410537	0.0371135912256057	0.998573552758386	0.0371135912256057
PTK2B	0.695701718688871	0.0376443603883579	0.998573552758386	0.0376443603883579
LHFPL6	0.695712515733656	0.0174650912942011	0.998573552758386	0.0174650912942011
LINC00893	0.695780472970468	0.0365940632070955	0.998573552758386	0.0365940632070955
UBE2D1	0.69591015749009	-0.0216666532335529	0.998573552758386	-0.0216666532335529
ZNF182	0.696054881666673	-0.033457048882666	0.998573552758386	-0.033457048882666
PLEKHJ1	0.696161205643955	0.0325976146741067	0.998573552758386	0.0325976146741067
NEO1	0.696276498366678	-0.00702742828674777	0.998573552758386	-0.00702742828674777
PTPN4	0.696297171437962	-0.0125338698162963	0.998573552758386	-0.0125338698162963
ARID4B	0.69632813106065	-0.00701492302393719	0.998573552758386	-0.00701492302393719
TMEM183A	0.696366475880516	0.0269206935363349	0.998573552758386	0.0269206935363349
HSPD1	0.69640954469648	0.0173034089948005	0.998573552758386	0.0173034089948005
NOP14-AS1	0.696416014818556	-0.031600269071397	0.998573552758386	-0.031600269071397
PRKD1	0.696430408623358	-0.0141973964713652	0.998573552758386	-0.0141973964713652
RRAGD	0.696657818030999	0.0213526012386961	0.998573552758386	0.0213526012386961
GTPBP10	0.696720715814997	0.0159524608806467	0.998573552758386	0.0159524608806467
CNTNAP2	0.696872843300269	-0.0116551320050204	0.998573552758386	-0.0116551320050204
SMIM12	0.697062307736568	-0.0195042920511949	0.998573552758386	-0.0195042920511949
GLIPR2	0.69711488274445	0.0167602164975173	0.998573552758386	0.0167602164975173
DNAJC1	0.697152169200952	-0.00924381041190691	0.998573552758386	-0.00924381041190691
PRKN	0.697184985783821	-0.00789858588748775	0.998573552758386	-0.00789858588748775
ZNF410	0.697275746111683	-0.0167381900327347	0.998573552758386	-0.0167381900327347
GLMN	0.697387809281942	-0.0210682275073553	0.998573552758386	-0.0210682275073553
KCTD13	0.697405122109801	-0.0130604043574769	0.998573552758386	-0.0130604043574769
SORL1	0.697487751752302	-0.0263868094835929	0.998573552758386	-0.0263868094835929
PKIG	0.697538871807328	-0.0182486498743311	0.998573552758386	-0.0182486498743311
UPF1	0.697719780823874	-0.0186519305122259	0.998573552758386	-0.0186519305122259
SNX29	0.697795187384108	0.0105143453000153	0.998573552758386	0.0105143453000153
ZFP2	0.697809893381896	-0.018940803035423	0.998573552758386	-0.018940803035423
AGPAT3	0.697938384766329	0.0115016428020984	0.998573552758386	0.0115016428020984
FCHSD1	0.698055828889048	0.027068542774691	0.998573552758386	0.027068542774691
SESN3	0.698058537876482	-0.0403353445065499	0.998573552758386	-0.0403353445065499
EXOC6B	0.698104954210468	-0.00600385711753894	0.998573552758386	-0.00600385711753894
REXO1	0.698323207571606	0.0199053465060459	0.998573552758386	0.0199053465060459
FNDC3B	0.698422847514572	-0.0158331142926113	0.998573552758386	-0.0158331142926113
ATP6V1C1	0.698529809198896	-0.0164541671639275	0.998573552758386	-0.0164541671639275
HMGCS1	0.698591303429414	-0.0222494727631267	0.998573552758386	-0.0222494727631267
GOLT1B	0.698947280249923	-0.0244791420715536	0.998573552758386	-0.0244791420715536
RPP38	0.699143557848437	0.0178601106845419	0.998573552758386	0.0178601106845419
SMIM15-AS1	0.699278009514875	-0.0261865081590039	0.998573552758386	-0.0261865081590039
AVL9	0.699397886354876	0.00959241842732249	0.998573552758386	0.00959241842732249
NQO2	0.699466162283688	0.0267412245471033	0.998573552758386	0.0267412245471033
TXNDC16	0.699604009740564	0.0142478263489947	0.998573552758386	0.0142478263489947
SEL1L	0.699838061756206	-0.0109083410699645	0.998573552758386	-0.0109083410699645
ZFPM1	0.699981790044095	-0.0301642997156401	0.998573552758386	-0.0301642997156401
TMCO3	0.700067630228701	0.0141869596907817	0.998573552758386	0.0141869596907817
KATNA1	0.700140455384533	-0.0176314979076389	0.998573552758386	-0.0176314979076389
NDST2	0.700176053870756	-0.027884264051604	0.998573552758386	-0.027884264051604
EDRF1	0.70025999915326	-0.0158514126556678	0.998573552758386	-0.0158514126556678
ANAPC11	0.700284652555953	-0.0348091711387626	0.998573552758386	-0.0348091711387626
RPS2	0.700318945325062	-0.0214441562984384	0.998573552758386	-0.0214441562984384
MED22	0.700371705655518	0.0324710577188759	0.998573552758386	0.0324710577188759
AC008443.1	0.700487435089932	0.0181234285603514	0.998573552758386	0.0181234285603514
MT-ND4L	0.700501792104699	0.0190420870867221	0.998573552758386	0.0190420870867221
MPPE1	0.700798471193337	-0.0167616573961959	0.998573552758386	-0.0167616573961959
FASN	0.700799056007224	0.0201050742504897	0.998573552758386	0.0201050742504897
DLGAP4	0.700931310109002	-0.0289131860871896	0.998573552758386	-0.0289131860871896
CASD1	0.700940571137736	0.0105246384639803	0.998573552758386	0.0105246384639803
IMP3	0.70119514297385	0.0478317008912497	0.998573552758386	0.0478317008912497
DICER1	0.701384112089912	-0.00746601019748582	0.998573552758386	-0.00746601019748582
GNS	0.701483669288531	-0.0162819035131092	0.998573552758386	-0.0162819035131092
COQ3	0.70153042000812	0.0316202166060341	0.998573552758386	0.0316202166060341
VTI1A	0.701574482333241	0.00913279972182177	0.998573552758386	0.00913279972182177
NCSTN	0.701912439605352	0.0192195499927102	0.998573552758386	0.0192195499927102
MDH1	0.701965346965274	0.0357519118376062	0.998573552758386	0.0357519118376062
PIDD1	0.702035534601511	-0.0120511645943659	0.998573552758386	-0.0120511645943659
ZNF587	0.70206084992414	-0.0184280886151778	0.998573552758386	-0.0184280886151778
RIOX2	0.702148243564668	0.0225333811114859	0.998573552758386	0.0225333811114859
MZT2B	0.702149841958629	-0.0233682285559798	0.998573552758386	-0.0233682285559798
ARMC3	0.702224380626141	0.026417115080682	0.998573552758386	0.026417115080682
EPM2AIP1	0.702277567647837	-0.013391684525966	0.998573552758386	-0.013391684525966
L3MBTL2	0.702320696767079	0.0207127019007615	0.998573552758386	0.0207127019007615
TMBIM4	0.702322067690315	-0.0157813248582289	0.998573552758386	-0.0157813248582289
TMEM39A	0.702353803027347	-0.0211336998132204	0.998573552758386	-0.0211336998132204
USP5	0.70236868695424	0.019578361600356	0.998573552758386	0.019578361600356
MMP17	0.70237887805782	-0.03875963356671	0.998573552758386	-0.03875963356671
FGFR2	0.702431363267089	0.00802756033013162	0.998573552758386	0.00802756033013162
RBMS3	0.702484091403938	-0.0281011928243081	0.998573552758386	-0.0281011928243081
DACT3	0.702774808458445	0.0167361389285287	0.998573552758386	0.0167361389285287
MYNN	0.702790945950686	0.0308717234311698	0.998573552758386	0.0308717234311698
DUSP7	0.702798157393569	0.0194871514467339	0.998573552758386	0.0194871514467339
MAZ	0.702903967215336	-0.0198108011175764	0.998573552758386	-0.0198108011175764
HDHD2	0.702928068672548	0.0118325829568246	0.998573552758386	0.0118325829568246
MITF	0.70294965949776	-0.00975893624434973	0.998573552758386	-0.00975893624434973
LINC00632	0.702954861535258	0.0143422638188543	0.998573552758386	0.0143422638188543
LINC00960	0.703016998185896	-0.0447914408970823	0.998573552758386	-0.0447914408970823
KPNA5	0.703062787753358	0.0137165379055821	0.998573552758386	0.0137165379055821
MT-CO3	0.703174471632543	0.0136504399724142	0.998573552758386	0.0136504399724142
ANAPC4	0.703407417575195	0.0150330506971804	0.998573552758386	0.0150330506971804
AC113414.1	0.703429987746138	-0.013432256639579	0.998573552758386	-0.013432256639579
TRUB2	0.703807328363523	-0.0179130979661541	0.998573552758386	-0.0179130979661541
CACNG8	0.703871877508137	-0.0412499004523751	0.998573552758386	-0.0412499004523751
RNFT2	0.70420114381488	0.0239338590710191	0.998573552758386	0.0239338590710191
LTA4H	0.704224202597027	-0.0205494820957518	0.998573552758386	-0.0205494820957518
ANTKMT	0.704506166240348	-0.0291736261524388	0.998573552758386	-0.0291736261524388
RPL14	0.705150335661846	-0.0225234116361662	0.998573552758386	-0.0225234116361662
HOMER3	0.70528975053481	0.0230073747695137	0.998573552758386	0.0230073747695137
ZNF346	0.705352976227906	0.0152742824257115	0.998573552758386	0.0152742824257115
DFFA	0.705397228312386	0.0133702793685377	0.998573552758386	0.0133702793685377
TOP1	0.705546054480787	-0.00875153174758091	0.998573552758386	-0.00875153174758091
AASDHPPT	0.705598610585426	-0.0194251105347096	0.998573552758386	-0.0194251105347096
SLC25A27	0.70565459809361	0.0112771866942935	0.998573552758386	0.0112771866942935
AL589843.1	0.705730590499343	-0.0220628458583751	0.998573552758386	-0.0220628458583751
CENPQ	0.705756916181536	0.0235443071028591	0.998573552758386	0.0235443071028591
KIF26B	0.705941150735273	-0.0241007778665101	0.998573552758386	-0.0241007778665101
LINC01358	0.705992120090314	-0.026156854106021	0.998573552758386	-0.026156854106021
PLBD2	0.705992607911744	-0.0156023475524559	0.998573552758386	-0.0156023475524559
SRP14-AS1	0.706014641641638	0.0202406831860159	0.998573552758386	0.0202406831860159
LINC01344	0.706208603513388	-0.0283876754852297	0.998573552758386	-0.0283876754852297
CUTA	0.706249224634398	-0.0326818495928066	0.998573552758386	-0.0326818495928066
SERP1	0.706290086132752	0.0136950396148755	0.998573552758386	0.0136950396148755
ZNF771	0.706387413337633	0.0211881585913337	0.998573552758386	0.0211881585913337
TOPBP1	0.706459563555193	-0.0188532273547749	0.998573552758386	-0.0188532273547749
PDIA3	0.706535494567855	0.0132145403812413	0.998573552758386	0.0132145403812413
LRFN4	0.706606470485484	0.0297555469285418	0.998573552758386	0.0297555469285418
TAF9	0.706630509740391	-0.0362857955211519	0.998573552758386	-0.0362857955211519
DPYSL5	0.70678092025092	0.0127703739080352	0.998573552758386	0.0127703739080352
MAL	0.707094839329659	-0.00797761586466033	0.998573552758386	-0.00797761586466033
KIAA0408	0.707102738767542	-0.0230173912277475	0.998573552758386	-0.0230173912277475
G3BP2	0.707163129647196	0.0177376783279867	0.998573552758386	0.0177376783279867
CYP51A1	0.707187217220582	-0.0203283298698931	0.998573552758386	-0.0203283298698931
AC116362.1	0.707243794097937	-0.0166134135238183	0.998573552758386	-0.0166134135238183
SNHG12	0.707275916194297	0.0243137973428783	0.998573552758386	0.0243137973428783
AL049828.1	0.707389729175995	-0.0145080429849154	0.998573552758386	-0.0145080429849154
DCXR	0.707523508056617	-0.0243571256503248	0.998573552758386	-0.0243571256503248
TBC1D8B	0.707574730270018	-0.0167968387342913	0.998573552758386	-0.0167968387342913
ZMYM1	0.70771445551347	0.0191672189691856	0.998573552758386	0.0191672189691856
COPS7B	0.707759277861026	0.0190975442868807	0.998573552758386	0.0190975442868807
CBX6	0.707815956948831	-0.0151484871536424	0.998573552758386	-0.0151484871536424
MRPS36	0.707848748331707	0.0197101090348014	0.998573552758386	0.0197101090348014
SUMO1	0.707874826013514	-0.0246054129374901	0.998573552758386	-0.0246054129374901
MYEF2	0.707915875720005	0.024495581378893	0.998573552758386	0.024495581378893
NDFIP1	0.707964677200439	0.0123828875454069	0.998573552758386	0.0123828875454069
NDUFAF7	0.708142541083311	0.0230358773570104	0.998573552758386	0.0230358773570104
TMEM209	0.70825625792791	-0.0226890079984811	0.998573552758386	-0.0226890079984811
RPL21	0.708473692635995	0.02309373554229	0.998573552758386	0.02309373554229
MRPL9	0.708497087513732	0.0282788935804995	0.998573552758386	0.0282788935804995
RAP2C-AS1	0.708574925119339	0.019830735787958	0.998573552758386	0.019830735787958
RASA1	0.708599841967909	-0.0106501338695054	0.998573552758386	-0.0106501338695054
RENBP	0.709033525973008	0.0215871189740072	0.998573552758386	0.0215871189740072
TOP3B	0.709058235308684	-0.0238608421224916	0.998573552758386	-0.0238608421224916
AC105402.3	0.709086728815711	-0.0644735680332726	0.998573552758386	-0.0644735680332726
CCDC136	0.709368193091595	-0.0263025226610272	0.998573552758386	-0.0263025226610272
INTS2	0.709635862310167	0.0176339633557509	0.998573552758386	0.0176339633557509
ARGLU1	0.709676410047329	-0.00903921192909724	0.998573552758386	-0.00903921192909724
CYP27A1	0.709693685899075	0.00988270636375748	0.998573552758386	0.00988270636375748
DEF8	0.71016025157401	-0.0175544567573641	0.998573552758386	-0.0175544567573641
RERE	0.710250926644141	-0.0059528718399868	0.998573552758386	-0.0059528718399868
TPD52L2	0.710278707382757	-0.0151768932969111	0.998573552758386	-0.0151768932969111
PAAF1	0.71040147821741	0.0118344937817997	0.998573552758386	0.0118344937817997
ATG7	0.710481846699937	-0.00815830607717092	0.998573552758386	-0.00815830607717092
TFAP4	0.710544929463417	0.0280448614722207	0.998573552758386	0.0280448614722207
SFT2D1	0.710584193535067	-0.0181035330314815	0.998573552758386	-0.0181035330314815
ADARB2	0.710794376908478	-0.0123436450902982	0.998573552758386	-0.0123436450902982
LGALS8	0.711240449470302	0.0293761379791928	0.998573552758386	0.0293761379791928
KLC2	0.711608832980091	0.0314701487046314	0.998573552758386	0.0314701487046314
TAPBP	0.711702160891683	0.0248978933223425	0.998573552758386	0.0248978933223425
NRXN2	0.711818137126363	-0.0229593006125979	0.998573552758386	-0.0229593006125979
CHP1	0.711856974826354	0.0153825108791778	0.998573552758386	0.0153825108791778
RNF115	0.712092719883978	0.00877664568815083	0.998573552758386	0.00877664568815083
MBTPS2	0.712196081616211	0.0173252433128165	0.998573552758386	0.0173252433128165
ALK	0.712296476032991	-0.0255877143811955	0.998573552758386	-0.0255877143811955
YTHDF1	0.712300758736912	-0.0159230628387277	0.998573552758386	-0.0159230628387277
FAM155A	0.71232867128241	0.0366095186421826	0.998573552758386	0.0366095186421826
PNRC1	0.712589647439021	-0.0178467565620084	0.998573552758386	-0.0178467565620084
WDR27	0.712619798255863	0.0165288161914522	0.998573552758386	0.0165288161914522
ATXN2L	0.712648323427435	0.0130811159691319	0.998573552758386	0.0130811159691319
ZNF207	0.712834508519886	0.00837024484839398	0.998573552758386	0.00837024484839398
MT-ND5	0.712863196529242	0.013580707217765	0.998573552758386	0.013580707217765
ZNF761	0.712908020828092	-0.0246337571447531	0.998573552758386	-0.0246337571447531
AC092691.1	0.713025686732251	-0.0269031081051017	0.998573552758386	-0.0269031081051017
LINC01500	0.713166233470984	-0.0259907255191269	0.998573552758386	-0.0259907255191269
EIF4G3	0.713171181552951	0.00574750962409866	0.998573552758386	0.00574750962409866
ADAT1	0.713419315324497	-0.0193592976309729	0.998573552758386	-0.0193592976309729
TRHDE	0.713430101570563	0.036216899940557	0.998573552758386	0.036216899940557
WIZ	0.713512587561826	0.0291314826732054	0.998573552758386	0.0291314826732054
GABARAPL1	0.713685940404417	0.0212609848653981	0.998573552758386	0.0212609848653981
RASGEF1B	0.713822512209967	0.0148777595449216	0.998573552758386	0.0148777595449216
ICE2	0.714007907863349	0.0104531994194196	0.998573552758386	0.0104531994194196
TENM4	0.714078870623656	0.034105351653775	0.998573552758386	0.034105351653775
KPNA3	0.714086425207456	0.0111464412492407	0.998573552758386	0.0111464412492407
PCNX4	0.714111450734326	0.0140938588767644	0.998573552758386	0.0140938588767644
PDCD6IP	0.7141186088013	0.00963610944826146	0.998573552758386	0.00963610944826146
PDIA2	0.714194980936309	0.0320947452310686	0.998573552758386	0.0320947452310686
PCGF6	0.714628952368827	0.0192939095667615	0.998573552758386	0.0192939095667615
ZNF577	0.71494815125683	-0.0137175357468657	0.998573552758386	-0.0137175357468657
RFFL	0.715022046126322	0.00914850880840909	0.998573552758386	0.00914850880840909
FDPS	0.715036146783938	-0.0122643421432709	0.998573552758386	-0.0122643421432709
COQ8B	0.715122279260737	-0.0243378618692708	0.998573552758386	-0.0243378618692708
AC048341.1	0.715243094724923	-0.0209225029807762	0.998573552758386	-0.0209225029807762
PPCS	0.715243658170832	-0.0320713587430031	0.998573552758386	-0.0320713587430031
TAPT1	0.715335903086095	0.00943860809517902	0.998573552758386	0.00943860809517902
SDF4	0.715339752410906	0.0174717565795732	0.998573552758386	0.0174717565795732
RNF215	0.715501190250618	0.0207416997029927	0.998573552758386	0.0207416997029927
RTN4IP1	0.715502577899237	-0.0219001445422684	0.998573552758386	-0.0219001445422684
RPL36A	0.71565156649644	-0.0319262613773957	0.998573552758386	-0.0319262613773957
ZNF276	0.715665422128906	-0.0130498443660673	0.998573552758386	-0.0130498443660673
EAPP	0.715718638072074	-0.011829543467193	0.998573552758386	-0.011829543467193
DENND6A-AS1	0.716321944987343	0.0230927363824669	0.998573552758386	0.0230927363824669
TRAP1	0.716526536759191	-0.0159108651873584	0.998573552758386	-0.0159108651873584
NUP205	0.716755113941142	-0.0149407849572531	0.998573552758386	-0.0149407849572531
ZMAT4	0.716803124870304	0.0413129593054421	0.998573552758386	0.0413129593054421
RRP15	0.716818065361945	-0.0222897641653737	0.998573552758386	-0.0222897641653737
UNC5D	0.716925072212755	-0.0406292109848133	0.998573552758386	-0.0406292109848133
AC025048.2	0.71724008789371	0.0335028302766902	0.998573552758386	0.0335028302766902
WDFY3	0.717337315706727	0.00588565742013415	0.998573552758386	0.00588565742013415
NUMBL	0.717370235919903	0.0321620058747038	0.998573552758386	0.0321620058747038
DGKE	0.717534893191201	-0.0233428429603479	0.998573552758386	-0.0233428429603479
LHPP	0.717686245495218	-0.0113645358336084	0.998573552758386	-0.0113645358336084
TUBA1A	0.7178108758924	-0.0145417680625064	0.998573552758386	-0.0145417680625064
ABHD6	0.717846243979935	-0.0102934862114188	0.998573552758386	-0.0102934862114188
TCEAL4	0.717886385229255	-0.0184234059014576	0.998573552758386	-0.0184234059014576
TRAPPC10	0.717893216683107	-0.00929522530042077	0.998573552758386	-0.00929522530042077
KDM6A	0.717915702419534	0.00813374093605268	0.998573552758386	0.00813374093605268
PTPRG	0.717981219574273	-0.0326484819086586	0.998573552758386	-0.0326484819086586
MSN	0.718107025684312	0.0238979874628167	0.998573552758386	0.0238979874628167
FIP1L1	0.718136992457682	-0.00947374120250092	0.998573552758386	-0.00947374120250092
ZNF808	0.718243717080948	-0.0198543664645152	0.998573552758386	-0.0198543664645152
GLMP	0.718320645880634	0.0275141233624769	0.998573552758386	0.0275141233624769
ZKSCAN7-AS1	0.718476945855846	0.0179261379515991	0.998573552758386	0.0179261379515991
RIPK2	0.718481893006158	-0.0226998782324635	0.998573552758386	-0.0226998782324635
RGL1	0.718934993149977	0.0081779451753254	0.998573552758386	0.0081779451753254
PSG8-AS1	0.719009005967275	-0.0238391641495427	0.998573552758386	-0.0238391641495427
SEPHS1	0.719040935729285	0.022138920333197	0.998573552758386	0.022138920333197
UBE2D3-AS1	0.719219972819475	0.0228739725354769	0.998573552758386	0.0228739725354769
SPTSSA	0.719241265783945	-0.0230150959618105	0.998573552758386	-0.0230150959618105
AC114763.1	0.71926894622417	-0.0199437319113348	0.998573552758386	-0.0199437319113348
USP38	0.719351018865297	-0.0187483240337431	0.998573552758386	-0.0187483240337431
PDE10A	0.719763980397976	-0.0250470004438901	0.998573552758386	-0.0250470004438901
ZNF189	0.719839680381708	-0.0149405468640154	0.998573552758386	-0.0149405468640154
ARRB1	0.719897228820778	-0.0112871829532545	0.998573552758386	-0.0112871829532545
DPH6	0.71993802528782	0.0126351912366455	0.998573552758386	0.0126351912366455
ZNF414	0.719944112707992	-0.0246310186079225	0.998573552758386	-0.0246310186079225
RNF34	0.719973530061423	0.0129478385887705	0.998573552758386	0.0129478385887705
CPSF7	0.71998147103706	-0.0118229754027495	0.998573552758386	-0.0118229754027495
RNF44	0.720051481431609	0.0263719444185306	0.998573552758386	0.0263719444185306
UBE3C	0.720073394041265	0.00862242248461093	0.998573552758386	0.00862242248461093
RCHY1	0.720079329898317	0.0178123804816672	0.998573552758386	0.0178123804816672
AC026316.5	0.720160937204775	0.0347545634540217	0.998573552758386	0.0347545634540217
CAMK4	0.720164541439833	0.0493707180829016	0.998573552758386	0.0493707180829016
NBEAL1	0.720191128203008	0.00964165070006329	0.998573552758386	0.00964165070006329
COL6A1	0.720203998889638	-0.0487661453774771	0.998573552758386	-0.0487661453774771
USP2	0.720248673011992	0.0157252656326315	0.998573552758386	0.0157252656326315
UTP4	0.720279839913001	0.0213121546119679	0.998573552758386	0.0213121546119679
ETFA	0.720584852149698	0.0162034738469662	0.998573552758386	0.0162034738469662
CLPTM1L	0.720595484394794	0.0176606205237484	0.998573552758386	0.0176606205237484
PRMT5	0.720612046843627	0.0334040107822854	0.998573552758386	0.0334040107822854
SLC12A6	0.720800328413206	-0.0101295886197458	0.998573552758386	-0.0101295886197458
ALKBH7	0.72080816095542	0.028170482137634	0.998573552758386	0.028170482137634
STXBP5	0.720880543673718	-0.0136680864847542	0.998573552758386	-0.0136680864847542
YARS2	0.720893157358422	-0.015968724125384	0.998573552758386	-0.015968724125384
DGKH	0.72090568406019	-0.0269267832277409	0.998573552758386	-0.0269267832277409
C2orf68	0.720936568943343	-0.0157935373636445	0.998573552758386	-0.0157935373636445
DAAM2	0.721000483221872	0.00701003123176985	0.998573552758386	0.00701003123176985
SRSF7	0.72100704776384	-0.0163700862987539	0.998573552758386	-0.0163700862987539
TDG	0.721010414277057	-0.0179556829153481	0.998573552758386	-0.0179556829153481
RCN2	0.721093605123824	-0.0147661954037037	0.998573552758386	-0.0147661954037037
OXCT1	0.721106964254214	-0.0170881298262166	0.998573552758386	-0.0170881298262166
LDB3	0.721227970762457	0.0107907822991942	0.998573552758386	0.0107907822991942
CANX	0.721574133912338	0.0121661838609212	0.998573552758386	0.0121661838609212
TSTD3	0.721646739473904	0.0123179339042258	0.998573552758386	0.0123179339042258
FBN1	0.72167197120212	0.00906953979258948	0.998573552758386	0.00906953979258948
TRAF4	0.721681002828967	-0.0219154339555166	0.998573552758386	-0.0219154339555166
TXNRD2	0.721735346583245	0.0202387786533914	0.998573552758386	0.0202387786533914
ST3GAL1	0.721936555985082	-0.0254609264566012	0.998573552758386	-0.0254609264566012
ZNF875	0.721976754496988	-0.0136832947215473	0.998573552758386	-0.0136832947215473
AL160272.1	0.722093534536134	0.0311323339930436	0.998573552758386	0.0311323339930436
WDR6	0.722190387310542	-0.0158824888892079	0.998573552758386	-0.0158824888892079
NDUFA9	0.722261595192336	-0.0177813473343242	0.998573552758386	-0.0177813473343242
NDUFB9	0.722288287223028	-0.028045424655165	0.998573552758386	-0.028045424655165
TWISTNB	0.722309261699835	-0.0263742003259869	0.998573552758386	-0.0263742003259869
POPDC3	0.722313557484935	-0.0282195563634117	0.998573552758386	-0.0282195563634117
C19orf25	0.722449754739507	0.0146747502636554	0.998573552758386	0.0146747502636554
CREB5	0.72273402667833	-0.00595205826388838	0.998573552758386	-0.00595205826388838
CEP76	0.722817710255981	0.0261244053221589	0.998573552758386	0.0261244053221589
RNF187	0.722876810852001	0.026051484522125	0.998573552758386	0.026051484522125
ADAMTS17	0.722895995896752	-0.0291033415591544	0.998573552758386	-0.0291033415591544
VWA1	0.723022807926249	0.0171121765636604	0.998573552758386	0.0171121765636604
DAP	0.723065106913596	-0.0240190022424932	0.998573552758386	-0.0240190022424932
CAMLG	0.723202142072339	-0.0223973577026986	0.998573552758386	-0.0223973577026986
VTI1B	0.723398103396968	-0.0170255873255305	0.998573552758386	-0.0170255873255305
SPPL2B	0.723555342961612	-0.0147150907708214	0.998573552758386	-0.0147150907708214
PRR3	0.723566582655489	-0.0195351521789711	0.998573552758386	-0.0195351521789711
AP000547.3	0.723773192483206	0.0259441538804826	0.998573552758386	0.0259441538804826
LZIC	0.723828760578089	0.0128111785553779	0.998573552758386	0.0128111785553779
AC073957.3	0.723931830441374	0.02843668263433	0.998573552758386	0.02843668263433
MRPL3	0.724117132764707	-0.0180818347691557	0.998573552758386	-0.0180818347691557
RAB9A	0.724139246843539	0.0155500464567444	0.998573552758386	0.0155500464567444
APOO	0.724144368375259	-0.0256501004374927	0.998573552758386	-0.0256501004374927
LGR4	0.724159264035228	-0.013908610247854	0.998573552758386	-0.013908610247854
EMC10	0.724385497165446	-0.0153698909876759	0.998573552758386	-0.0153698909876759
FRMD4B	0.724418580355302	-0.00602045583860342	0.998573552758386	-0.00602045583860342
ZBTB47	0.724456485626066	0.0171357595906124	0.998573552758386	0.0171357595906124
MFAP1	0.724557652822686	0.0192454452146385	0.998573552758386	0.0192454452146385
DMPK	0.724627137500301	0.0185051906165714	0.998573552758386	0.0185051906165714
USP31	0.724689886729572	-0.0107375576057327	0.998573552758386	-0.0107375576057327
AC233296.1	0.724745795873661	0.0132122073620265	0.998573552758386	0.0132122073620265
LAP3	0.724787488194807	-0.0185051209422056	0.998573552758386	-0.0185051209422056
STARD3NL	0.724807006336469	-0.0204919975372381	0.998573552758386	-0.0204919975372381
AMBRA1	0.725058058840656	-0.00872888907959404	0.998573552758386	-0.00872888907959404
ZNF638	0.725061010055187	0.00575809977844994	0.998573552758386	0.00575809977844994
ACVR2A	0.725127132233111	0.0201703169913353	0.998573552758386	0.0201703169913353
SHROOM4	0.725282671535357	-0.00714236483546585	0.998573552758386	-0.00714236483546585
COX10	0.725474417056012	0.0178846383175494	0.998573552758386	0.0178846383175494
DGCR8	0.725500723359583	0.0143680894666868	0.998573552758386	0.0143680894666868
WASHC2C	0.725708698286102	0.0148118877082643	0.998573552758386	0.0148118877082643
BTG2	0.725796571514272	-0.0235870784578158	0.998573552758386	-0.0235870784578158
TAF2	0.726030500033281	-0.0104670271581694	0.998573552758386	-0.0104670271581694
ADCY2	0.72603195783104	0.0359777481897155	0.998573552758386	0.0359777481897155
AC114956.3	0.72605557974938	0.0224083316600925	0.998573552758386	0.0224083316600925
MSANTD3	0.72613025304453	-0.0184444373508563	0.998573552758386	-0.0184444373508563
CASK	0.726304148765842	-0.0109521093827742	0.998573552758386	-0.0109521093827742
PEX26	0.726335192309553	0.0159076428836563	0.998573552758386	0.0159076428836563
KAT6B	0.726492856938207	0.00942116124709618	0.998573552758386	0.00942116124709618
SLC25A46	0.726548946771719	-0.0125667228928001	0.998573552758386	-0.0125667228928001
ASXL1	0.726731182472151	0.00732607784052181	0.998573552758386	0.00732607784052181
CLINT1	0.726833468376251	-0.01473626157284	0.998573552758386	-0.01473626157284
SHTN1	0.726864464450947	-0.00574465011272525	0.998573552758386	-0.00574465011272525
TDRD6	0.726876668097603	-0.0197989663035073	0.998573552758386	-0.0197989663035073
ZNF623	0.726885428813727	0.0169526432385182	0.998573552758386	0.0169526432385182
DGKB	0.726939307600276	-0.0406093522108033	0.998573552758386	-0.0406093522108033
TAF4	0.727006764212582	-0.0139895128714128	0.998573552758386	-0.0139895128714128
WWOX	0.727056171957643	-0.00578410646103591	0.998573552758386	-0.00578410646103591
ZGPAT	0.727180851415296	-0.0211795000737291	0.998573552758386	-0.0211795000737291
ANKRD44	0.727218326471603	0.0072443306343036	0.998573552758386	0.0072443306343036
MAP4	0.727319904658528	0.00763816202327036	0.998573552758386	0.00763816202327036
APOD	0.727367731824688	0.0189609183524538	0.998573552758386	0.0189609183524538
KIF1A	0.727381566405774	0.0109137749002516	0.998573552758386	0.0109137749002516
UBE2W	0.727705881687424	0.010723733708169	0.998573552758386	0.010723733708169
TRMT12	0.727754677666727	0.0265801603227621	0.998573552758386	0.0265801603227621
HACL1	0.727765178230836	-0.0115327063889056	0.998573552758386	-0.0115327063889056
BANP	0.727766937605275	0.0127920752927624	0.998573552758386	0.0127920752927624
ZNF814	0.727905825922919	0.0138950711442484	0.998573552758386	0.0138950711442484
NOMO3	0.727936105488959	0.0150125099148678	0.998573552758386	0.0150125099148678
PHACTR1	0.727946002522866	-0.0206488756576498	0.998573552758386	-0.0206488756576498
SPIDR	0.728115786602405	0.0095998184018549	0.998573552758386	0.0095998184018549
ENTPD4	0.728149470510669	-0.0146643546699218	0.998573552758386	-0.0146643546699218
RAI14	0.728329407479279	-0.0139804524248773	0.998573552758386	-0.0139804524248773
PTPN12	0.728601415922364	-0.0119021893175196	0.998573552758386	-0.0119021893175196
MSH6	0.728934745677313	0.012966511998444	0.998573552758386	0.012966511998444
MLLT3	0.729057732884569	-0.00875906760813153	0.998573552758386	-0.00875906760813153
RPL10	0.729071370176156	0.0169298277842295	0.998573552758386	0.0169298277842295
REEP3	0.729093014859589	0.00867889098194414	0.998573552758386	0.00867889098194414
SARNP	0.729146414879151	-0.00950869580017199	0.998573552758386	-0.00950869580017199
DEK	0.729166903583453	0.0105356484711128	0.998573552758386	0.0105356484711128
ADAM22	0.729474147309977	-0.0135055590242975	0.998573552758386	-0.0135055590242975
UBR3	0.729510955320944	0.00657284079676941	0.998573552758386	0.00657284079676941
MGME1	0.729622164369839	-0.0238010101919608	0.998573552758386	-0.0238010101919608
MYBL1	0.729720685439629	0.0213119117431271	0.998573552758386	0.0213119117431271
CLTC	0.729799918060327	0.0119534931283961	0.998573552758386	0.0119534931283961
PUS10	0.729866279173726	0.0189588317396998	0.998573552758386	0.0189588317396998
RABAC1	0.72989937821761	0.0224027392780829	0.998573552758386	0.0224027392780829
HARS	0.729976797351674	-0.0138075243927167	0.998573552758386	-0.0138075243927167
ELAVL3	0.730008884089947	0.00793578829468185	0.998573552758386	0.00793578829468185
SLC45A1	0.73007644522138	-0.0290549709584761	0.998573552758386	-0.0290549709584761
ZNF561-AS1	0.730131077704026	0.0191723766421827	0.998573552758386	0.0191723766421827
SPCS3	0.730268111251483	0.0150693021103439	0.998573552758386	0.0150693021103439
PDPK1	0.730307986013938	-0.0126251505244029	0.998573552758386	-0.0126251505244029
IL6ST	0.730319805765026	0.0119184446919955	0.998573552758386	0.0119184446919955
OS9	0.73035596504459	0.0144383767161896	0.998573552758386	0.0144383767161896
ZFYVE26	0.730440667522825	0.0173648751491474	0.998573552758386	0.0173648751491474
ARHGEF3	0.730462181802399	0.0200031526337247	0.998573552758386	0.0200031526337247
THADA	0.730622725364845	0.00769068983646589	0.998573552758386	0.00769068983646589
RPL32	0.730634046531759	-0.0238082193204105	0.998573552758386	-0.0238082193204105
MAPKAPK2	0.73064185144551	0.0146049568662499	0.998573552758386	0.0146049568662499
RNF214	0.730669729320653	0.0158491766030854	0.998573552758386	0.0158491766030854
PATZ1	0.730683933502219	-0.0179330129990144	0.998573552758386	-0.0179330129990144
NKRF	0.730833497419354	0.0280177183960048	0.998573552758386	0.0280177183960048
RPL15	0.730983022911379	-0.0218609755089436	0.998573552758386	-0.0218609755089436
FARSA	0.731064557203852	-0.0275575359068942	0.998573552758386	-0.0275575359068942
DPF1	0.731125003410364	-0.0329544886641197	0.998573552758386	-0.0329544886641197
SEPTIN3	0.731142630841184	-0.0381296876105097	0.998573552758386	-0.0381296876105097
TRPC1	0.731428832388177	-0.00883377061166938	0.998573552758386	-0.00883377061166938
RBFA	0.731556775701598	-0.0222021335331341	0.998573552758386	-0.0222021335331341
GNB1L	0.731752579124182	0.0272976707045135	0.998573552758386	0.0272976707045135
AC040168.1	0.731777672508007	0.0147071768473821	0.998573552758386	0.0147071768473821
MSI2	0.731788893877344	-0.0100481691975509	0.998573552758386	-0.0100481691975509
AL133304.3	0.731793810024859	0.0134326301454472	0.998573552758386	0.0134326301454472
C1GALT1	0.732317409770752	-0.0108942001758453	0.998573552758386	-0.0108942001758453
POLR3G	0.732334971416815	0.0154653792770056	0.998573552758386	0.0154653792770056
NAXE	0.732600954716654	0.0320923978129827	0.998573552758386	0.0320923978129827
PLAA	0.732721042041925	-0.0123123816418375	0.998573552758386	-0.0123123816418375
ZNF2	0.7327775253578	-0.026823467436059	0.998573552758386	-0.026823467436059
FSD1	0.732819643643177	-0.0217705505996215	0.998573552758386	-0.0217705505996215
MAML3	0.732832462715424	-0.0100295779968136	0.998573552758386	-0.0100295779968136
AP000477.3	0.732872517168651	0.0239521048054101	0.998573552758386	0.0239521048054101
ADA	0.733034441189752	-0.0172889293802261	0.998573552758386	-0.0172889293802261
LEPR	0.733052878436809	0.0203498105298368	0.998573552758386	0.0203498105298368
RAB6B	0.733113891183588	-0.0364910919027478	0.998573552758386	-0.0364910919027478
SYMPK	0.733128965879035	0.00947270751138856	0.998573552758386	0.00947270751138856
MAN1A2	0.733193099067134	0.0106990291042151	0.998573552758386	0.0106990291042151
FLRT1	0.733514538455692	0.0218910559247083	0.998573552758386	0.0218910559247083
CPEB1	0.733671884899996	0.0095967169368109	0.998573552758386	0.0095967169368109
ATP8B2	0.733709701625822	-0.0209025725722658	0.998573552758386	-0.0209025725722658
ORC4	0.733722033304677	0.013106892194409	0.998573552758386	0.013106892194409
DHPS	0.733742850069212	-0.0207758018450652	0.998573552758386	-0.0207758018450652
KCNQ5	0.733886697755417	0.032988060233138	0.998573552758386	0.032988060233138
AP005901.5	0.734325320403707	-0.0313361227323328	0.998573552758386	-0.0313361227323328
CCNL2	0.734336847037173	-0.0103567684924493	0.998573552758386	-0.0103567684924493
AIMP2	0.734413482332497	0.0225469328051488	0.998573552758386	0.0225469328051488
IPO11	0.734574798425422	0.013145946883236	0.998573552758386	0.013145946883236
HMG20A	0.734604084761808	-0.0115004301784475	0.998573552758386	-0.0115004301784475
ASIC2	0.734648470660598	-0.0350148159266166	0.998573552758386	-0.0350148159266166
BRINP3	0.734687509874298	-0.0395209440528905	0.998573552758386	-0.0395209440528905
LSM7	0.735114156541639	-0.0218947740604163	0.998573552758386	-0.0218947740604163
ETV6	0.735241479514932	-0.0166991076218684	0.998573552758386	-0.0166991076218684
STARD10	0.735442856961423	0.016574271471563	0.998573552758386	0.016574271471563
PSMD11	0.735497070432899	0.00993351180864712	0.998573552758386	0.00993351180864712
TOMM7	0.735567288126593	0.0263399245281256	0.998573552758386	0.0263399245281256
FAM133B	0.735597938081002	-0.00832569250965639	0.998573552758386	-0.00832569250965639
LZTFL1	0.735727020723246	0.0214656826112619	0.998573552758386	0.0214656826112619
P3H2	0.735744760506669	-0.028578427847889	0.998573552758386	-0.028578427847889
MRPS31	0.735800450404465	0.0127117710452229	0.998573552758386	0.0127117710452229
RPAP2	0.735907888610251	0.00863866647368012	0.998573552758386	0.00863866647368012
RAD50	0.735916653410204	-0.00870593411955643	0.998573552758386	-0.00870593411955643
MYADM	0.735927950962949	-0.0239594096553567	0.998573552758386	-0.0239594096553567
DSTYK	0.735934663599638	0.0100899240731033	0.998573552758386	0.0100899240731033
TCP11L1	0.735963911060445	-0.0122631323852776	0.998573552758386	-0.0122631323852776
AC093227.1	0.735975699801394	-0.027097613174447	0.998573552758386	-0.027097613174447
ZNF280D	0.736037549146091	0.00777062458514361	0.998573552758386	0.00777062458514361
FBXO17	0.736121580933064	-0.0313374582358338	0.998573552758386	-0.0313374582358338
NAB1	0.736122207571656	0.0128552647901781	0.998573552758386	0.0128552647901781
TOP3A	0.736155376077942	0.017292510816233	0.998573552758386	0.017292510816233
PPA1	0.73632219772892	-0.0143953782022265	0.998573552758386	-0.0143953782022265
VAMP1	0.736344042933458	0.018878031626821	0.998573552758386	0.018878031626821
ME1	0.736353429159744	0.0225127416443294	0.998573552758386	0.0225127416443294
SRRM2	0.736360730030995	-0.00841241421560559	0.998573552758386	-0.00841241421560559
COLGALT1	0.736434042691005	0.0170536955348769	0.998573552758386	0.0170536955348769
DNM3	0.736513921932338	-0.00442969985209384	0.998573552758386	-0.00442969985209384
MPG	0.736722279416391	0.021411747202134	0.998573552758386	0.021411747202134
PCBP1	0.736940640076011	-0.0167078319386653	0.998573552758386	-0.0167078319386653
ELOB	0.737217200333688	0.0259851728169653	0.998573552758386	0.0259851728169653
HSF2	0.737251888634223	0.0188722545294466	0.998573552758386	0.0188722545294466
PRKAA2	0.737566841766811	0.0321205177027262	0.998573552758386	0.0321205177027262
AL109824.1	0.737663568767993	-0.0399675777979465	0.998573552758386	-0.0399675777979465
AL132780.1	0.737895759951245	-0.0284818912421712	0.998573552758386	-0.0284818912421712
KCNJ9	0.737931145205454	0.027072986849592	0.998573552758386	0.027072986849592
LANCL1-AS1	0.737945457028599	-0.04264575930396	0.998573552758386	-0.04264575930396
SLC48A1	0.73808708634101	-0.0110414369984939	0.998573552758386	-0.0110414369984939
ORMDL1	0.738138595330752	0.0177461471724427	0.998573552758386	0.0177461471724427
STAT5A	0.738194195750925	0.0232970582366321	0.998573552758386	0.0232970582366321
RALGDS	0.738220144635017	0.00777298812575346	0.998573552758386	0.00777298812575346
DHX9	0.73823751698526	0.0104196369807453	0.998573552758386	0.0104196369807453
TMEM168	0.738244281211596	0.0122545379130849	0.998573552758386	0.0122545379130849
PPP1R3F	0.738704874751643	-0.0134944334432537	0.998573552758386	-0.0134944334432537
NDUFB2	0.738793200344805	0.0241970733261677	0.998573552758386	0.0241970733261677
AC132192.2	0.738896931980257	0.0297444949266916	0.998573552758386	0.0297444949266916
LRP10	0.738971848599488	-0.018359318142621	0.998573552758386	-0.018359318142621
PPFIA2	0.739010484228234	0.00880849809867427	0.998573552758386	0.00880849809867427
FBXL7	0.739092735247854	-0.00567563067260389	0.998573552758386	-0.00567563067260389
AP000282.1	0.739283265283601	0.0166151658891332	0.998573552758386	0.0166151658891332
EEPD1	0.739288655646718	-0.0115377743118512	0.998573552758386	-0.0115377743118512
GALK2	0.73938010289932	0.00934285702510103	0.998573552758386	0.00934285702510103
PCGF5	0.739422099086929	0.006041783498523	0.998573552758386	0.006041783498523
RSL24D1	0.73947555561961	-0.032999949865955	0.998573552758386	-0.032999949865955
ADCK1	0.739476202641364	-0.0141448617943602	0.998573552758386	-0.0141448617943602
MT-ND6	0.73949497021769	0.0294676789131091	0.998573552758386	0.0294676789131091
TFAP2E	0.739595048190114	0.0155839594965044	0.998573552758386	0.0155839594965044
BMP7	0.73961370645048	0.0266462294575328	0.998573552758386	0.0266462294575328
RNF181	0.739829500103042	-0.0369624539673943	0.998573552758386	-0.0369624539673943
PNKD	0.739939446252861	0.0203032301846585	0.998573552758386	0.0203032301846585
ZNF425	0.740014926729764	-0.0183329991119605	0.998573552758386	-0.0183329991119605
DIDO1	0.740017720154838	0.010673366494639	0.998573552758386	0.010673366494639
S100PBP	0.740020542411799	-0.010471613530788	0.998573552758386	-0.010471613530788
CSTF2T	0.740095527081429	-0.0298002956488318	0.998573552758386	-0.0298002956488318
PGAP3	0.740146398122378	-0.0229453242155191	0.998573552758386	-0.0229453242155191
MRTFA	0.740173025555972	-0.00843408575730686	0.998573552758386	-0.00843408575730686
IKZF5	0.740183005251579	0.0130854956350095	0.998573552758386	0.0130854956350095
CCDC144A	0.740192536845151	0.011916432797279	0.998573552758386	0.011916432797279
AL137140.1	0.740291228030706	-0.026062972732294	0.998573552758386	-0.026062972732294
AOAH	0.740304624567594	-0.0159457342339617	0.998573552758386	-0.0159457342339617
SPATA6	0.740406333521416	-0.00918084343360335	0.998573552758386	-0.00918084343360335
THOC5	0.74045332984731	0.0201422004328181	0.998573552758386	0.0201422004328181
TRMT6	0.740611879058992	0.0300800378466136	0.998573552758386	0.0300800378466136
ANKLE2	0.7406348475328	-0.0152714848342334	0.998573552758386	-0.0152714848342334
HIGD2A	0.740815365248025	-0.034241530563493	0.998573552758386	-0.034241530563493
SLC38A2	0.740847692214893	-0.0133021859684223	0.998573552758386	-0.0133021859684223
AC008610.1	0.740904572833924	-0.0349657526819965	0.998573552758386	-0.0349657526819965
TMX1	0.741194126045639	-0.0172862099340105	0.998573552758386	-0.0172862099340105
TAF5L	0.741325113358846	0.0147540777871052	0.998573552758386	0.0147540777871052
PRUNE1	0.741408661128481	0.0180890604249715	0.998573552758386	0.0180890604249715
PDLIM3	0.741568229534449	-0.0201127294721777	0.998573552758386	-0.0201127294721777
FMO4	0.741610080555243	0.0197097520649952	0.998573552758386	0.0197097520649952
ARAP2	0.741674566343336	-0.00480929071578699	0.998573552758386	-0.00480929071578699
DBI	0.741700006109419	-0.0213424962060204	0.998573552758386	-0.0213424962060204
DNM1L	0.741886043416776	0.0116206985945054	0.998573552758386	0.0116206985945054
POU5F2	0.742194692403093	0.0252579349895592	0.998573552758386	0.0252579349895592
CPLX2	0.742230949427712	-0.0364309668171342	0.998573552758386	-0.0364309668171342
AL592183.1	0.742271487875989	-0.0136246372260849	0.998573552758386	-0.0136246372260849
AGRN	0.742343389089676	-0.0196382961010764	0.998573552758386	-0.0196382961010764
OPALIN	0.742391455124794	-0.0112403678690949	0.998573552758386	-0.0112403678690949
ZMIZ2	0.742397598732381	0.0135004097311805	0.998573552758386	0.0135004097311805
GPSM1	0.742524985766491	0.0178055607618046	0.998573552758386	0.0178055607618046
SH3GLB1	0.742534609703434	-0.0105692789649922	0.998573552758386	-0.0105692789649922
ZFPM2	0.742608858004048	0.0258783158836013	0.998573552758386	0.0258783158836013
TXLNA	0.742702066909845	0.0156898120661315	0.998573552758386	0.0156898120661315
ELP3	0.742749978973875	0.0109229242550455	0.998573552758386	0.0109229242550455
AKIP1	0.743030662510944	-0.0262085598520789	0.998573552758386	-0.0262085598520789
AC244131.2	0.743163584008497	-0.0200098110072736	0.998573552758386	-0.0200098110072736
DDX17	0.743276577956796	-0.00604004998864755	0.998573552758386	-0.00604004998864755
DDOST	0.743301441645157	0.0205672954763474	0.998573552758386	0.0205672954763474
COX4I1	0.743335433984135	-0.0241811672862163	0.998573552758386	-0.0241811672862163
SELENOT	0.743363579867559	0.0150333919042198	0.998573552758386	0.0150333919042198
C16orf87	0.743373145274772	-0.0216492465361961	0.998573552758386	-0.0216492465361961
AK2	0.743397068776495	-0.0144391835547298	0.998573552758386	-0.0144391835547298
TRIM16L	0.743504804135477	0.0178419676361044	0.998573552758386	0.0178419676361044
DCTN2	0.743514839113576	-0.0151711473540922	0.998573552758386	-0.0151711473540922
AC061708.1	0.743670546102463	0.0138424256343861	0.998573552758386	0.0138424256343861
C6orf136	0.74382479222682	-0.0252148501697299	0.998573552758386	-0.0252148501697299
PCCB	0.744019358630939	0.00951647973382077	0.998573552758386	0.00951647973382077
YPEL3	0.744089915834981	-0.0117982032636691	0.998573552758386	-0.0117982032636691
ATP6V1G1	0.744250709874899	-0.0259172174871072	0.998573552758386	-0.0259172174871072
TRABD	0.744270299903248	0.0161415960969889	0.998573552758386	0.0161415960969889
ADHFE1	0.744355078774199	-0.0141296562805734	0.998573552758386	-0.0141296562805734
AC240274.1	0.744575703796861	-0.0254956543961075	0.998573552758386	-0.0254956543961075
SORBS3	0.744658270595291	0.0229707346402223	0.998573552758386	0.0229707346402223
KHSRP	0.744694746864202	0.011174314082529	0.998573552758386	0.011174314082529
LIAS	0.744696904423417	0.013692572259123	0.998573552758386	0.013692572259123
SBF1	0.744823424095883	-0.0131666510876918	0.998573552758386	-0.0131666510876918
KLHL28	0.744957236269393	0.0160383067466491	0.998573552758386	0.0160383067466491
PTTG1IP	0.745084656662163	-0.0146777584570605	0.998573552758386	-0.0146777584570605
PPARD	0.745203995739536	0.0111655504904513	0.998573552758386	0.0111655504904513
SLC38A7	0.74522442340851	-0.0181379912463936	0.998573552758386	-0.0181379912463936
POU6F2	0.745277084193556	0.0364426038305389	0.998573552758386	0.0364426038305389
AKAP9	0.745297061460004	0.00875520645922315	0.998573552758386	0.00875520645922315
GOLGA2	0.745399453836293	-0.0133940515535148	0.998573552758386	-0.0133940515535148
IFT140	0.745634449288904	-0.0201240664750676	0.998573552758386	-0.0201240664750676
SLC17A7	0.745697935458797	0.0399554486251868	0.998573552758386	0.0399554486251868
OSER1-DT	0.745811594117959	0.0177899194677273	0.998573552758386	0.0177899194677273
RNF213	0.746086404459101	0.0106031568080918	0.998573552758386	0.0106031568080918
KAT7	0.746108177992248	0.0139175940988804	0.998573552758386	0.0139175940988804
IL11RA	0.746280326552853	0.0218947932382005	0.998573552758386	0.0218947932382005
MAP6	0.746348707164838	0.033937686641111	0.998573552758386	0.033937686641111
SNHG30	0.74637069825729	-0.0164051343949653	0.998573552758386	-0.0164051343949653
LIPE	0.746402759214427	-0.00977669876935449	0.998573552758386	-0.00977669876935449
DLG1	0.746549014415905	0.00462971177864624	0.998573552758386	0.00462971177864624
API5	0.746670616491878	0.0117720680286191	0.998573552758386	0.0117720680286191
SLC35B3	0.747013301441817	0.0127909330120413	0.998573552758386	0.0127909330120413
TMA16	0.747129661705641	0.0230480747260269	0.998573552758386	0.0230480747260269
FAU	0.747405638713473	-0.0210830198249914	0.998573552758386	-0.0210830198249914
ALDH9A1	0.747625470606926	-0.0270032234381445	0.998573552758386	-0.0270032234381445
KHDRBS2	0.747693650586163	-0.0353342669533859	0.998573552758386	-0.0353342669533859
RBMX2	0.747869641498542	0.0198558354424591	0.998573552758386	0.0198558354424591
INTS1	0.74793967954199	-0.0141327590485688	0.998573552758386	-0.0141327590485688
DHRS7B	0.747958456541488	0.0124931649333657	0.998573552758386	0.0124931649333657
ALKBH1	0.747995444537173	0.0142540740126773	0.998573552758386	0.0142540740126773
THRAP3	0.748039632033123	-0.00883534574564058	0.998573552758386	-0.00883534574564058
NORAD	0.748099973684467	0.0147380670364869	0.998573552758386	0.0147380670364869
TIMM23	0.748227364035679	0.0169134608398687	0.998573552758386	0.0169134608398687
PACRG	0.748228042508535	0.0274838319625723	0.998573552758386	0.0274838319625723
GIPC2	0.748251308891766	0.0200400322310879	0.998573552758386	0.0200400322310879
FAM156A	0.748260001675521	0.0169002982618247	0.998573552758386	0.0169002982618247
GAS5	0.748276557274172	-0.0218101691266882	0.998573552758386	-0.0218101691266882
CCDC107	0.748361276734563	-0.026124508134058	0.998573552758386	-0.026124508134058
NPAT	0.748553758395731	-0.0139325291978178	0.998573552758386	-0.0139325291978178
TIGD7	0.748651205972893	0.0205405150492989	0.998573552758386	0.0205405150492989
SPEN	0.748661356377881	-0.00895414080345301	0.998573552758386	-0.00895414080345301
NPIPA1	0.748762089827556	-0.0211836732157036	0.998573552758386	-0.0211836732157036
UBA6-AS1	0.748839192405021	-0.0115824031843829	0.998573552758386	-0.0115824031843829
SORBS1	0.748890119185602	0.0240622300517468	0.998573552758386	0.0240622300517468
PTPRN2	0.749040042521214	-0.0292469441299518	0.998573552758386	-0.0292469441299518
LINC01176	0.749066130189696	0.0262774665639446	0.998573552758386	0.0262774665639446
DIPK2B	0.749070508320353	0.0139937411200484	0.998573552758386	0.0139937411200484
RUFY1	0.749091714815139	0.0108636628165718	0.998573552758386	0.0108636628165718
YTHDC1	0.749208484571713	-0.0082024268160815	0.998573552758386	-0.0082024268160815
EPS15L1	0.749227627440248	0.0093935428676193	0.998573552758386	0.0093935428676193
AP001029.2	0.749233740646337	0.0260201432196134	0.998573552758386	0.0260201432196134
POLR1A	0.749311900258681	-0.0127255973349644	0.998573552758386	-0.0127255973349644
MBOAT7	0.74932149727611	0.0227844708055219	0.998573552758386	0.0227844708055219
INPP4A	0.749354223322787	-0.0250661529103598	0.998573552758386	-0.0250661529103598
ODR4	0.749382941664495	-0.00901416434670509	0.998573552758386	-0.00901416434670509
RNF4	0.74938966704921	-0.013265069393714	0.998573552758386	-0.013265069393714
DPYSL4	0.749391012093394	-0.0203923441108754	0.998573552758386	-0.0203923441108754
EIPR1	0.749467040921357	-0.0154446484089827	0.998573552758386	-0.0154446484089827
SELENOM	0.749519901931554	-0.0241331964892688	0.998573552758386	-0.0241331964892688
ILRUN	0.749562965896346	-0.0116485764261453	0.998573552758386	-0.0116485764261453
U2AF1	0.749573426413625	0.0340404963567648	0.998573552758386	0.0340404963567648
YY1AP1	0.74964625045133	0.00876237928092615	0.998573552758386	0.00876237928092615
RPS13	0.74986248672489	0.023645744609355	0.998573552758386	0.023645744609355
BMP1	0.749907005783745	0.0160037963280407	0.998573552758386	0.0160037963280407
RBM19	0.750086202896441	-0.0147057127581571	0.998573552758386	-0.0147057127581571
XRCC5	0.750207134523847	-0.00675102617435295	0.998573552758386	-0.00675102617435295
TDP1	0.750276217072566	-0.0182503449007377	0.998573552758386	-0.0182503449007377
AC010210.1	0.750280287776753	-0.0152242565080794	0.998573552758386	-0.0152242565080794
AC061958.1	0.750355506816449	-0.0333528597905314	0.998573552758386	-0.0333528597905314
POLDIP2	0.750366436306858	-0.0204510841928962	0.998573552758386	-0.0204510841928962
SUZ12	0.750389592232865	0.0101880950165235	0.998573552758386	0.0101880950165235
P4HB	0.750583562442699	0.0110901615953742	0.998573552758386	0.0110901615953742
AL133244.2	0.750986485460696	0.0210820889692377	0.998573552758386	0.0210820889692377
ATP13A4	0.751004417097387	0.0163617394278555	0.998573552758386	0.0163617394278555
AASS	0.751078421227582	-0.00977583151996818	0.998573552758386	-0.00977583151996818
TNFAIP6	0.751117555138527	-0.0283713515801135	0.998573552758386	-0.0283713515801135
DTD2	0.751151662586942	-0.011838336482814	0.998573552758386	-0.011838336482814
WDR70	0.75116477827135	0.00689556743505863	0.998573552758386	0.00689556743505863
METTL6	0.75133372743605	0.0124012360779561	0.998573552758386	0.0124012360779561
LINC01266	0.751388878316774	0.0195955728301942	0.998573552758386	0.0195955728301942
SLC9A3R1	0.75165722973026	-0.0180827478060949	0.998573552758386	-0.0180827478060949
ACTN2	0.75168319798541	0.0170021236731866	0.998573552758386	0.0170021236731866
RNMT	0.751808435187334	0.00874801544442124	0.998573552758386	0.00874801544442124
TPR	0.751838768543683	0.009695708564444	0.998573552758386	0.009695708564444
NME9	0.751927467698438	-0.0150487893451389	0.998573552758386	-0.0150487893451389
MAP3K12	0.751983296216319	-0.0201241709880552	0.998573552758386	-0.0201241709880552
GGA1	0.75204093718523	0.00996407998679836	0.998573552758386	0.00996407998679836
DTNA	0.752501903770999	-0.0161626420605827	0.998573552758386	-0.0161626420605827
STN1	0.752679189525911	-0.0172654645210123	0.998573552758386	-0.0172654645210123
TUBB2A	0.752694898801952	-0.0364760205961286	0.998573552758386	-0.0364760205961286
DTNB	0.752740528516073	0.00580466694243806	0.998573552758386	0.00580466694243806
JUND	0.75283247699696	0.00929048425908476	0.998573552758386	0.00929048425908476
NPHP1	0.752892185787521	0.0202069854118821	0.998573552758386	0.0202069854118821
BCAT1	0.753037446059383	0.0176924658256278	0.998573552758386	0.0176924658256278
ATP6V1H	0.753085247634965	0.014375238723566	0.998573552758386	0.014375238723566
TMEFF2	0.753122614334249	0.00577082414926171	0.998573552758386	0.00577082414926171
ATP5PF	0.753277313076365	-0.0228978613284536	0.998573552758386	-0.0228978613284536
TCERG1	0.753320174126763	0.0107193071987778	0.998573552758386	0.0107193071987778
NCKIPSD	0.753325925669836	-0.0178964089781073	0.998573552758386	-0.0178964089781073
UBE2H	0.753403159324535	-0.00670115645771579	0.998573552758386	-0.00670115645771579
PCLO	0.753583882871937	0.0288037527275108	0.998573552758386	0.0288037527275108
TAF8	0.753619730810845	0.0148246882823641	0.998573552758386	0.0148246882823641
GID8	0.753731488914586	0.0167778886963163	0.998573552758386	0.0167778886963163
SLC6A17	0.753764446069902	0.0357384076307104	0.998573552758386	0.0357384076307104
FBXO2	0.753790374817584	-0.0327492718055516	0.998573552758386	-0.0327492718055516
MIEN1	0.754034524295111	0.0289710127009429	0.998573552758386	0.0289710127009429
ATXN7L3	0.754098167412906	0.0232452775241298	0.998573552758386	0.0232452775241298
ITM2A	0.754147348123956	-0.0259921366116405	0.998573552758386	-0.0259921366116405
TLE4	0.754185551403981	-0.00852573854405766	0.998573552758386	-0.00852573854405766
ZDHHC9	0.754222962820717	-0.010873661135751	0.998573552758386	-0.010873661135751
AL034405.1	0.754263656259202	-0.0135903240146239	0.998573552758386	-0.0135903240146239
SLC66A1	0.754274112953934	-0.02449688044345	0.998573552758386	-0.02449688044345
TMEM33	0.754344572770708	0.0125300427001238	0.998573552758386	0.0125300427001238
TMEM91	0.75449152138709	0.0208463371152598	0.998573552758386	0.0208463371152598
THAP9	0.754583519185817	0.0204691122367995	0.998573552758386	0.0204691122367995
NCL	0.754611675059916	0.012932487266914	0.998573552758386	0.012932487266914
TPST1	0.75463186655695	-0.0137683739311706	0.998573552758386	-0.0137683739311706
ZNF609	0.754655453243692	0.00678865015891984	0.998573552758386	0.00678865015891984
GEMIN7-AS1	0.754714948964775	0.0222976407529737	0.998573552758386	0.0222976407529737
PLEKHM2	0.754938276809627	0.0115423694579799	0.998573552758386	0.0115423694579799
TMEM219	0.75511844450751	0.0165788456482171	0.998573552758386	0.0165788456482171
R3HCC1L	0.755136096800083	0.011304429543835	0.998573552758386	0.011304429543835
LINC01006	0.75513802169109	0.0178432822901858	0.998573552758386	0.0178432822901858
REXO2	0.755391910951506	-0.015397185430925	0.998573552758386	-0.015397185430925
MFN1	0.75544805816878	0.0117105625069561	0.998573552758386	0.0117105625069561
LPGAT1	0.755603267955079	0.00658950067759899	0.998573552758386	0.00658950067759899
ZNF121	0.755770848833861	-0.017542206037945	0.998573552758386	-0.017542206037945
SPINT2	0.755838028776471	-0.0221476473929811	0.998573552758386	-0.0221476473929811
NUDT2	0.755876766064243	0.0159208556788226	0.998573552758386	0.0159208556788226
PIK3IP1	0.755971319797622	-0.0132103108402127	0.998573552758386	-0.0132103108402127
GATAD1	0.756043415113433	-0.0108865544816038	0.998573552758386	-0.0108865544816038
CRTC3-AS1	0.7561096535379	-0.0249459924675061	0.998573552758386	-0.0249459924675061
DCTN1	0.75619538876177	0.0154425068983982	0.998573552758386	0.0154425068983982
RACK1	0.756253498314462	0.0167794930040319	0.998573552758386	0.0167794930040319
DGKI	0.756574583998696	0.0142487744704817	0.998573552758386	0.0142487744704817
ATPAF1	0.756631216224072	0.0125453559758202	0.998573552758386	0.0125453559758202
OSBPL5	0.75681304026582	0.0121101394531305	0.998573552758386	0.0121101394531305
SETD2	0.757077443040092	0.00767109864266421	0.998573552758386	0.00767109864266421
PLCH2	0.757192496078126	-0.0177967866611663	0.998573552758386	-0.0177967866611663
PSMA2	0.757198275637723	-0.0199141521794399	0.998573552758386	-0.0199141521794399
CYB5R2	0.75737170431863	0.0251447759131973	0.998573552758386	0.0251447759131973
USP14	0.757385746398243	0.00918424128422705	0.998573552758386	0.00918424128422705
ZNF236	0.757436579149972	-0.0111250444453072	0.998573552758386	-0.0111250444453072
NFS1	0.757606917542575	0.0242244360555258	0.998573552758386	0.0242244360555258
METTL15	0.757747334653405	-0.00924176579026335	0.998573552758386	-0.00924176579026335
MAATS1	0.757793089383324	0.0229710106634913	0.998573552758386	0.0229710106634913
MMADHC	0.757892241622322	0.0253515623252933	0.998573552758386	0.0253515623252933
GCLC	0.758395154164125	-0.00834950279051073	0.998573552758386	-0.00834950279051073
ACVR1C	0.758495981816289	0.0107776923737731	0.998573552758386	0.0107776923737731
ITGA2	0.758617553763295	0.00812478025652831	0.998573552758386	0.00812478025652831
SPATS2	0.758664290270191	0.0208443522699488	0.998573552758386	0.0208443522699488
PUDP	0.758731822249036	-0.0101793662571464	0.998573552758386	-0.0101793662571464
FYN	0.758898870435933	-0.00603939274020741	0.998573552758386	-0.00603939274020741
WDR66	0.759087409055162	-0.0202270799376494	0.998573552758386	-0.0202270799376494
AP000787.1	0.759372769789388	0.0231320670199155	0.998573552758386	0.0231320670199155
AUXG01000058.1	0.759521323776554	-0.0336798248365941	0.998573552758386	-0.0336798248365941
NAA40	0.759523548213307	-0.0195339059053728	0.998573552758386	-0.0195339059053728
NPAS3	0.759788821082232	-0.00401064966610157	0.998573552758386	-0.00401064966610157
ZNF674	0.75981584026635	0.0203848897454299	0.998573552758386	0.0203848897454299
CHD8	0.759859325167999	0.0105865304834252	0.998573552758386	0.0105865304834252
NDUFA6-DT	0.759877045807617	-0.019368977737056	0.998573552758386	-0.019368977737056
PC	0.759883960844656	0.0128572073378	0.998573552758386	0.0128572073378
EGLN2	0.760188543200273	0.0153311787732591	0.998573552758386	0.0153311787732591
DDX10	0.760225311289156	0.00874213701259304	0.998573552758386	0.00874213701259304
ZNF302	0.760308554444113	-0.0133474172581871	0.998573552758386	-0.0133474172581871
TMCC2	0.760359735116669	-0.00786685061341921	0.998573552758386	-0.00786685061341921
EXOC4	0.760382650760421	0.00579688731243434	0.998573552758386	0.00579688731243434
TIMM44	0.760545633219693	-0.0145965874283688	0.998573552758386	-0.0145965874283688
AC023282.1	0.760550500305919	-0.0187289107553379	0.998573552758386	-0.0187289107553379
TBC1D2B	0.760839572002131	0.0163866626210581	0.998573552758386	0.0163866626210581
KLKB1	0.760947919431476	-0.0224236585986775	0.998573552758386	-0.0224236585986775
SMARCD1	0.760966526477511	0.0147270859624432	0.998573552758386	0.0147270859624432
ENAH	0.761012722586921	-0.00754940623917843	0.998573552758386	-0.00754940623917843
DMTF1	0.761124935620439	0.00777166812253013	0.998573552758386	0.00777166812253013
NRXN1	0.761133801112937	0.027327477029799	0.998573552758386	0.027327477029799
DLAT	0.761135310578692	0.0163513556010821	0.998573552758386	0.0163513556010821
MYO9B	0.761209496178435	-0.0083758290355026	0.998573552758386	-0.0083758290355026
TNRC6C-AS1	0.761228811441438	0.0119214328181406	0.998573552758386	0.0119214328181406
MCMBP	0.761246142673195	0.0131214542739761	0.998573552758386	0.0131214542739761
ORC5	0.761321967561192	-0.0126747279686119	0.998573552758386	-0.0126747279686119
LMBR1	0.761381299159962	-0.00968114301761911	0.998573552758386	-0.00968114301761911
ADO	0.761392094580036	-0.0237378967466445	0.998573552758386	-0.0237378967466445
HSPG2	0.761588089786987	0.0195654864167904	0.998573552758386	0.0195654864167904
AC005225.2	0.761669066552435	-0.0278760342237453	0.998573552758386	-0.0278760342237453
SLITRK2	0.761688148636721	-0.0142869869846104	0.998573552758386	-0.0142869869846104
RASAL2	0.761752265453032	-0.0231232783255478	0.998573552758386	-0.0231232783255478
AL359504.2	0.761927647188443	-0.0209367894081162	0.998573552758386	-0.0209367894081162
CHM	0.76201122794344	-0.00992378061427675	0.998573552758386	-0.00992378061427675
ZNF565	0.762065505820032	-0.0133453057463113	0.998573552758386	-0.0133453057463113
OSBP2	0.762079874025274	0.00673542249179725	0.998573552758386	0.00673542249179725
SPRED2	0.76211873995199	-0.0199984576785477	0.998573552758386	-0.0199984576785477
STXBP6	0.762332269397509	0.00742770445661663	0.998573552758386	0.00742770445661663
POP5	0.762434467462777	0.025597746510932	0.998573552758386	0.025597746510932
MAPRE2	0.76245863984736	-0.00601967435154578	0.998573552758386	-0.00601967435154578
PIGQ	0.76250498279386	-0.0244573629748817	0.998573552758386	-0.0244573629748817
LRP1	0.762823094256292	-0.0335952198096983	0.998573552758386	-0.0335952198096983
SELENOS	0.763004506167189	-0.0193165449085661	0.998573552758386	-0.0193165449085661
SMG6	0.763060917757071	0.00829208851490644	0.998573552758386	0.00829208851490644
SLC25A24	0.763106451046227	-0.0220277048778865	0.998573552758386	-0.0220277048778865
ABHD14B	0.763120736452279	-0.0226061675016938	0.998573552758386	-0.0226061675016938
UTP18	0.763219448267813	0.0137984887751982	0.998573552758386	0.0137984887751982
ARFGEF1	0.763250297791635	-0.00733737876063388	0.998573552758386	-0.00733737876063388
LRCH2	0.763280265175801	-0.0140344805577122	0.998573552758386	-0.0140344805577122
EIF4B	0.763306300941964	-0.0138161335771323	0.998573552758386	-0.0138161335771323
TMEM132C	0.763410947670768	0.013938391578781	0.998573552758386	0.013938391578781
CCT6B	0.763452179340997	0.024165970344532	0.998573552758386	0.024165970344532
BVES-AS1	0.76352078395186	-0.0195877185967514	0.998573552758386	-0.0195877185967514
SOCS4	0.763536966488158	-0.0155015201142469	0.998573552758386	-0.0155015201142469
SUDS3	0.76356567871652	0.0124795709564343	0.998573552758386	0.0124795709564343
RAB2A	0.76361952422546	-0.00759638460892636	0.998573552758386	-0.00759638460892636
HSD11B1L	0.763634234946427	-0.0325449855991353	0.998573552758386	-0.0325449855991353
AL162231.2	0.763876367937429	-0.0251632439942221	0.998573552758386	-0.0251632439942221
CKMT2-AS1	0.763951619191028	0.0101592884048071	0.998573552758386	0.0101592884048071
TRMT2B	0.764048024339246	0.0244440783939565	0.998573552758386	0.0244440783939565
EEA1	0.764058223438062	-0.00829494698414357	0.998573552758386	-0.00829494698414357
AC091180.5	0.764113205989118	0.0195532962399084	0.998573552758386	0.0195532962399084
SRCAP	0.764548268371636	0.0127155429172635	0.998573552758386	0.0127155429172635
AL354696.2	0.764802939900919	0.0151266542652535	0.998573552758386	0.0151266542652535
ZFYVE9	0.765036610119608	0.0128188349069378	0.998573552758386	0.0128188349069378
UTP11	0.765096973763842	-0.0249305684724751	0.998573552758386	-0.0249305684724751
PTPN18	0.76514532952147	0.023930580916962	0.998573552758386	0.023930580916962
TBC1D25	0.765189719731792	-0.0173010359358628	0.998573552758386	-0.0173010359358628
CHTF18	0.765270595392557	-0.0237460615549652	0.998573552758386	-0.0237460615549652
FSCN1	0.76535906943637	0.0114029209729796	0.998573552758386	0.0114029209729796
TMEM179B	0.76537822938507	0.0170975615744748	0.998573552758386	0.0170975615744748
TOX4	0.765432445420856	-0.0164029536421006	0.998573552758386	-0.0164029536421006
AZI2	0.765738520632023	0.0157113435495032	0.998573552758386	0.0157113435495032
DOCK3	0.765755078956002	0.00510890796675828	0.998573552758386	0.00510890796675828
MICU3	0.765827598282506	-0.00962933077235022	0.998573552758386	-0.00962933077235022
BUB3	0.765928975584065	0.0135605762312977	0.998573552758386	0.0135605762312977
ARFGEF3	0.765981498087384	-0.00458006413001198	0.998573552758386	-0.00458006413001198
ITGB4	0.766002699089484	0.0207348515163063	0.998573552758386	0.0207348515163063
SLC7A6OS	0.766168244772721	-0.0151797680431902	0.998573552758386	-0.0151797680431902
FBXO15	0.766309877339051	0.0185369661824506	0.998573552758386	0.0185369661824506
PSMD13	0.766383800851116	0.0158892500017678	0.998573552758386	0.0158892500017678
RARS	0.766391300733291	0.012436993534373	0.998573552758386	0.012436993534373
PARP10	0.766480896711297	0.0258251419959061	0.998573552758386	0.0258251419959061
IRAK4	0.766670739310882	0.0196514159452947	0.998573552758386	0.0196514159452947
HHLA3	0.766691453074903	0.0192961198010952	0.998573552758386	0.0192961198010952
ABHD12B	0.766758751075432	0.0250598918988148	0.998573552758386	0.0250598918988148
SEPTIN10	0.766788889815475	-0.0132896426658199	0.998573552758386	-0.0132896426658199
SRD5A1	0.767188219979407	0.0210131962667216	0.998573552758386	0.0210131962667216
MIR181A2HG	0.767442040994486	-0.0126608455157113	0.998573552758386	-0.0126608455157113
GFM1	0.767565525135418	0.0138002564958088	0.998573552758386	0.0138002564958088
FCHSD2	0.767594777386569	0.00693768994344819	0.998573552758386	0.00693768994344819
SETDB1	0.767780267842291	0.0106443943145994	0.998573552758386	0.0106443943145994
PLPP3	0.768045938880264	0.0101119739494662	0.998573552758386	0.0101119739494662
CASP3	0.768162203599616	0.016742411034766	0.998573552758386	0.016742411034766
MRPL39	0.768276722724251	0.0172255925614519	0.998573552758386	0.0172255925614519
CZIB	0.768331370463103	0.0134134935576903	0.998573552758386	0.0134134935576903
LAMTOR4	0.768389933443625	-0.0174730196680139	0.998573552758386	-0.0174730196680139
LRATD2	0.768436688212578	-0.0200299034111903	0.998573552758386	-0.0200299034111903
ACTR5	0.768491957848359	-0.0205475942609504	0.998573552758386	-0.0205475942609504
PAK2	0.768624411279792	-0.00667631558566506	0.998573552758386	-0.00667631558566506
FBXL5	0.768650024765904	-0.00666004903070426	0.998573552758386	-0.00666004903070426
G6PD	0.768743845221264	-0.0249127480741972	0.998573552758386	-0.0249127480741972
CYTH1	0.768811691060762	0.00670172246618338	0.998573552758386	0.00670172246618338
BCHE	0.76882968988644	0.0221359810565422	0.998573552758386	0.0221359810565422
AL162458.1	0.768876751717081	0.0202714015094654	0.998573552758386	0.0202714015094654
SGO2	0.769019120927495	-0.0205410356881425	0.998573552758386	-0.0205410356881425
GRID2	0.769065431391416	0.021222288526331	0.998573552758386	0.021222288526331
FZD3	0.769109172701734	0.0389980684265256	0.998573552758386	0.0389980684265256
AIFM1	0.769198185328308	-0.0141385136727327	0.998573552758386	-0.0141385136727327
SF3B2	0.769234692898494	-0.0107677977216339	0.998573552758386	-0.0107677977216339
PPT1	0.769257602724202	0.0191416536264889	0.998573552758386	0.0191416536264889
MTF2	0.769375672311266	0.0112153490938437	0.998573552758386	0.0112153490938437
AC012063.1	0.769389489485769	0.0171481771804869	0.998573552758386	0.0171481771804869
COG7	0.769765904936925	0.00882923508903732	0.998573552758386	0.00882923508903732
ZNF511	0.769806486405414	0.0224045588564932	0.998573552758386	0.0224045588564932
LINC01445	0.769822141590401	0.0155142184245139	0.998573552758386	0.0155142184245139
DDX46	0.769908247198924	-0.00808906254001625	0.998573552758386	-0.00808906254001625
CCDC50	0.769947195080091	0.0170550353330552	0.998573552758386	0.0170550353330552
GPR107	0.769948332936883	0.00951094246082449	0.998573552758386	0.00951094246082449
MAP2K3	0.77002906227736	0.0228835922954631	0.998573552758386	0.0228835922954631
ACTG1	0.770095329293406	-0.0176568956948835	0.998573552758386	-0.0176568956948835
ETS1	0.770222790355355	0.0222923261794239	0.998573552758386	0.0222923261794239
TSC1	0.770233276434454	0.0100212884328912	0.998573552758386	0.0100212884328912
E2F4	0.770243194866697	-0.019094521506014	0.998573552758386	-0.019094521506014
AC068707.1	0.770280843708672	-0.0217609590798259	0.998573552758386	-0.0217609590798259
BBS10	0.770442728324924	-0.023215946199091	0.998573552758386	-0.023215946199091
CABLES2	0.770567773454489	-0.0223108021842393	0.998573552758386	-0.0223108021842393
SHPK	0.770760629872592	-0.0155735484148765	0.998573552758386	-0.0155735484148765
ISCU	0.77085162136102	0.0222596190728865	0.998573552758386	0.0222596190728865
WDR59	0.770863440730447	-0.00678329511602488	0.998573552758386	-0.00678329511602488
NUP62	0.770872550760649	0.017299267070457	0.998573552758386	0.017299267070457
TBC1D5	0.770891433162079	-0.004416144604588	0.998573552758386	-0.004416144604588
AQP11	0.770982246947949	-0.0278447101999716	0.998573552758386	-0.0278447101999716
ERAP1	0.771145177430565	-0.0192446086036952	0.998573552758386	-0.0192446086036952
ERLIN1	0.771259087725641	-0.0149275204827814	0.998573552758386	-0.0149275204827814
NCK1-DT	0.771355538766757	-0.0218550973365028	0.998573552758386	-0.0218550973365028
UBTD2	0.771553178318662	0.0134822094849956	0.998573552758386	0.0134822094849956
POLM	0.771721779571606	-0.0173696040743213	0.998573552758386	-0.0173696040743213
CBWD2	0.771892844011141	-0.0173360079798114	0.998573552758386	-0.0173360079798114
HDGFL2	0.771910468109936	-0.015492140032397	0.998573552758386	-0.015492140032397
SPATA5	0.771911236593093	0.00785919799047413	0.998573552758386	0.00785919799047413
ATP6AP1	0.772003793335661	-0.0177906254838229	0.998573552758386	-0.0177906254838229
PSMB9	0.772062306991946	-0.0211148679201801	0.998573552758386	-0.0211148679201801
AACS	0.772094748318791	-0.0201680744350671	0.998573552758386	-0.0201680744350671
ARHGEF4	0.772097073721026	-0.0256134032184781	0.998573552758386	-0.0256134032184781
C21orf58	0.772125400206549	0.0192912814052196	0.998573552758386	0.0192912814052196
TERF2	0.772133317428684	0.0131581164234068	0.998573552758386	0.0131581164234068
FAM13A-AS1	0.772232571813193	0.0113539405140041	0.998573552758386	0.0113539405140041
MICALL2	0.772305037872372	0.0159268046635916	0.998573552758386	0.0159268046635916
NELFB	0.772420203259073	-0.0131822656308387	0.998573552758386	-0.0131822656308387
HMBOX1	0.772505078037757	0.00720393582706871	0.998573552758386	0.00720393582706871
PIGN	0.772513819347626	-0.00836857350559557	0.998573552758386	-0.00836857350559557
SLC22A17	0.772617426945954	0.0158534867731867	0.998573552758386	0.0158534867731867
SERAC1	0.772683869887223	-0.013266053484235	0.998573552758386	-0.013266053484235
MIER3	0.772758461771346	0.017693097129317	0.998573552758386	0.017693097129317
UNC80	0.772781193992873	-0.0306793937675955	0.998573552758386	-0.0306793937675955
SDCBP	0.772855893165905	0.0222102594371094	0.998573552758386	0.0222102594371094
CHMP6	0.772881395082714	-0.0171629210815257	0.998573552758386	-0.0171629210815257
PMS2	0.77288148696798	-0.0141776305768989	0.998573552758386	-0.0141776305768989
FLOT1	0.772975289601749	-0.0170197927784835	0.998573552758386	-0.0170197927784835
RRP8	0.77302201402062	-0.020117048027016	0.998573552758386	-0.020117048027016
C1orf198	0.773109872488054	0.0100693891265571	0.998573552758386	0.0100693891265571
DLST	0.773130654265028	-0.0157160438850712	0.998573552758386	-0.0157160438850712
ZNF736	0.773641220949753	0.0129334686839445	0.998573552758386	0.0129334686839445
PAICS	0.773774482924955	0.0168442406654817	0.998573552758386	0.0168442406654817
VLDLR-AS1	0.773861644869945	-0.00960592337897826	0.998573552758386	-0.00960592337897826
HSDL2	0.773951935430179	0.0130708202830603	0.998573552758386	0.0130708202830603
AL139220.2	0.774014768807819	-0.0184539054767201	0.998573552758386	-0.0184539054767201
ZNF24	0.774177057581641	0.00958667324107993	0.998573552758386	0.00958667324107993
AP002360.1	0.774201840102765	0.0218440079121164	0.998573552758386	0.0218440079121164
C21orf62-AS1	0.774216541116997	0.0096366162206813	0.998573552758386	0.0096366162206813
CAPRIN2	0.774301585050931	-0.0175101271320494	0.998573552758386	-0.0175101271320494
DCUN1D5	0.774443729149226	0.0166587094775122	0.998573552758386	0.0166587094775122
WDFY2	0.774755304869142	-0.00550822054385768	0.998573552758386	-0.00550822054385768
SMARCAD1	0.774873363141613	0.00764221328989464	0.998573552758386	0.00764221328989464
SYT4	0.775035042967858	0.0319534007638243	0.998573552758386	0.0319534007638243
NDUFAB1	0.77507054136637	0.0279572894254192	0.998573552758386	0.0279572894254192
HNRNPH2	0.775189326208362	-0.0215776117575195	0.998573552758386	-0.0215776117575195
ALG12	0.775208862206957	-0.0206919260871864	0.998573552758386	-0.0206919260871864
EIF2S2	0.775274420752295	-0.0115814936639795	0.998573552758386	-0.0115814936639795
SRGAP1	0.775379123963846	-0.00725703554547491	0.998573552758386	-0.00725703554547491
CTTNBP2	0.775713923920541	0.00638227089551676	0.998573552758386	0.00638227089551676
DUBR	0.775752767345392	-0.00652133505577391	0.998573552758386	-0.00652133505577391
ITM2B	0.77575591437311	-0.0133601267762344	0.998573552758386	-0.0133601267762344
SMARCC2	0.776131577714679	0.0117763742592444	0.998573552758386	0.0117763742592444
MIIP	0.776165579382302	-0.0179967102883842	0.998573552758386	-0.0179967102883842
TOMM20	0.776209783917144	0.0136501242134392	0.998573552758386	0.0136501242134392
ACLY	0.776234972158626	0.0139534757771666	0.998573552758386	0.0139534757771666
CA2	0.776302257271948	-0.0105714599440979	0.998573552758386	-0.0105714599440979
GABRB2	0.776370162749999	-0.0280400485246782	0.998573552758386	-0.0280400485246782
DENND5A	0.776472331925189	0.00652628464861436	0.998573552758386	0.00652628464861436
AC105942.1	0.776478953727262	-0.0192382306749702	0.998573552758386	-0.0192382306749702
KIT	0.776729494762636	0.0285495112361586	0.998573552758386	0.0285495112361586
CRTC2	0.776833883382815	0.0196090790066526	0.998573552758386	0.0196090790066526
ABCA8	0.776834797183653	-0.00651686880124931	0.998573552758386	-0.00651686880124931
AP000462.1	0.776848763890732	-0.0304690156325876	0.998573552758386	-0.0304690156325876
CYCS	0.776939200197279	0.0287988207947285	0.998573552758386	0.0287988207947285
TECR	0.777051156091227	0.0078153203719139	0.998573552758386	0.0078153203719139
IKBKG	0.777229964464529	0.0251760027480652	0.998573552758386	0.0251760027480652
FBF1	0.777358647372896	0.0133650949148067	0.998573552758386	0.0133650949148067
PEX13	0.777392582186593	0.0147653193892692	0.998573552758386	0.0147653193892692
TMEM69	0.777488037559302	0.0183596998516605	0.998573552758386	0.0183596998516605
CFDP1	0.777537964439972	0.00770217521174753	0.998573552758386	0.00770217521174753
SLC7A14	0.777667324377668	0.0170403488816341	0.998573552758386	0.0170403488816341
CNOT1	0.777725052865694	-0.00983623383100403	0.998573552758386	-0.00983623383100403
GLE1	0.777834497782047	-0.0128084885057992	0.998573552758386	-0.0128084885057992
GLTP	0.777905610174968	0.00649238747635888	0.998573552758386	0.00649238747635888
VAMP2	0.778020431380816	-0.0106418994814675	0.998573552758386	-0.0106418994814675
RNF145	0.778093793838306	0.0169637415454572	0.998573552758386	0.0169637415454572
YJU2	0.778373317794306	-0.0170638544461702	0.998573552758386	-0.0170638544461702
NKAPD1	0.778521423418984	-0.0184686208322353	0.998573552758386	-0.0184686208322353
TMEM241	0.778525022123271	-0.0234641358095012	0.998573552758386	-0.0234641358095012
LCMT1-AS1	0.778807133071477	-0.0190116377736867	0.998573552758386	-0.0190116377736867
LRSAM1	0.778871197386975	-0.00912702463978258	0.998573552758386	-0.00912702463978258
CYREN	0.779169438876603	0.00966509091164894	0.998573552758386	0.00966509091164894
MKRN3	0.779230851283705	-0.0073496143547522	0.998573552758386	-0.0073496143547522
GOPC	0.779245318304146	0.0101458999411238	0.998573552758386	0.0101458999411238
SLC25A17	0.779488164226679	0.0109943660543966	0.998573552758386	0.0109943660543966
RRAGA	0.779568445420562	0.0245495076170163	0.998573552758386	0.0245495076170163
RNF121	0.779609701114313	0.0141207805664806	0.998573552758386	0.0141207805664806
CNTNAP1	0.7796299758974	-0.0415636877143876	0.998573552758386	-0.0415636877143876
DNTTIP2	0.779676124532877	-0.0248144640293869	0.998573552758386	-0.0248144640293869
EEF1D	0.779944934082589	-0.00839671191500302	0.998573552758386	-0.00839671191500302
PPP1CB	0.780164170159624	-0.0103773782319745	0.998573552758386	-0.0103773782319745
STK35	0.78018712989684	-0.0149170586410375	0.998573552758386	-0.0149170586410375
SERINC5	0.780193686266583	0.00629323148692353	0.998573552758386	0.00629323148692353
AC068389.1	0.78039669613987	0.0264735965057899	0.998573552758386	0.0264735965057899
PDE4B	0.780406534367209	-0.00408423267548984	0.998573552758386	-0.00408423267548984
HAUS5	0.780407541372646	-0.01541163488577	0.998573552758386	-0.01541163488577
GALT	0.780446572206422	-0.0170857229259388	0.998573552758386	-0.0170857229259388
RHOT1	0.780451915967269	0.00706337786088506	0.998573552758386	0.00706337786088506
NDUFB4	0.780745083978922	-0.0237305227815236	0.998573552758386	-0.0237305227815236
ZNF487	0.780843024705547	0.018636506572317	0.998573552758386	0.018636506572317
ZNF446	0.780879309071542	-0.0210601263915195	0.998573552758386	-0.0210601263915195
TET3	0.780901808139607	-0.00829240496145518	0.998573552758386	-0.00829240496145518
SUGT1	0.781016061620924	0.00816316581596556	0.998573552758386	0.00816316581596556
SNHG8	0.78116490682696	-0.0256119636060024	0.998573552758386	-0.0256119636060024
SEC24B-AS1	0.781219668363568	-0.0196405667273906	0.998573552758386	-0.0196405667273906
LCOR	0.781257873885077	0.00537421086157621	0.998573552758386	0.00537421086157621
USP39	0.781287064990679	0.014800679595136	0.998573552758386	0.014800679595136
FKTN	0.781633593414051	0.00918455486837164	0.998573552758386	0.00918455486837164
APLF	0.78168888665052	0.0109016127376125	0.998573552758386	0.0109016127376125
KMT2B	0.781781778462492	-0.0116001615458735	0.998573552758386	-0.0116001615458735
COIL	0.781828343500573	0.0154694778350252	0.998573552758386	0.0154694778350252
HABP4	0.781832302760779	0.0120647824215092	0.998573552758386	0.0120647824215092
MDN1	0.781871807189163	0.00969366228452951	0.998573552758386	0.00969366228452951
TRMT112	0.78193456498207	-0.021893942344817	0.998573552758386	-0.021893942344817
SPTBN1	0.781955759391376	-0.00499950791679892	0.998573552758386	-0.00499950791679892
AL365295.1	0.782119690532433	-0.0147519810371115	0.998573552758386	-0.0147519810371115
TRAPPC2L	0.782252129666579	0.0194826743915819	0.998573552758386	0.0194826743915819
GCAT	0.782360962185541	0.0219980257525712	0.998573552758386	0.0219980257525712
SCARB1	0.782388189317018	-0.00994235608890406	0.998573552758386	-0.00994235608890406
PPIL2	0.782522007603632	-0.00912517410230885	0.998573552758386	-0.00912517410230885
ABCA3	0.782542792975066	0.00791189451799755	0.998573552758386	0.00791189451799755
SETMAR	0.782587384599531	0.0182182697356025	0.998573552758386	0.0182182697356025
PIP4K2B	0.782604394103989	0.0114971693284359	0.998573552758386	0.0114971693284359
SLC4A10	0.782627319705864	0.0278864012337074	0.998573552758386	0.0278864012337074
ZC3H10	0.783097825282902	0.0206319086709258	0.998573552758386	0.0206319086709258
LRRC49	0.783216048638734	0.0153627832693453	0.998573552758386	0.0153627832693453
LRRC4B	0.783255383041356	0.00782107676842501	0.998573552758386	0.00782107676842501
LYRM2	0.783389812117055	-0.00922492094460608	0.998573552758386	-0.00922492094460608
CAND1	0.78350625589127	-0.0107110747567618	0.998573552758386	-0.0107110747567618
RNPS1	0.783528017865145	0.0103191417645471	0.998573552758386	0.0103191417645471
NCBP3	0.783592105521724	-0.00968427219722648	0.998573552758386	-0.00968427219722648
PRR14	0.783645245817874	0.0159706858103409	0.998573552758386	0.0159706858103409
ANKH	0.783660027441856	0.00559439047033693	0.998573552758386	0.00559439047033693
LIMK2	0.783692005020128	-0.0223034775128189	0.998573552758386	-0.0223034775128189
SRPRB	0.783796183503945	-0.0124914198587143	0.998573552758386	-0.0124914198587143
ATRNL1	0.783909005229982	-0.0315366425576945	0.998573552758386	-0.0315366425576945
MRPL19	0.783958320874954	-0.011338311651066	0.998573552758386	-0.011338311651066
NOL9	0.783959519771844	-0.0135697685000448	0.998573552758386	-0.0135697685000448
OPA3	0.784002185595058	0.0174068938084526	0.998573552758386	0.0174068938084526
TOX	0.784003856524769	-0.0292243589689502	0.998573552758386	-0.0292243589689502
RELN	0.78408703648305	0.0173922207710175	0.998573552758386	0.0173922207710175
TMEFF1	0.784088193275193	-0.00808997899264589	0.998573552758386	-0.00808997899264589
PDZD4	0.784201961847652	-0.0470629703608756	0.998573552758386	-0.0470629703608756
AC004918.1	0.784236316347566	0.0167119373470919	0.998573552758386	0.0167119373470919
INTS9	0.784408320891557	-0.00949591423103801	0.998573552758386	-0.00949591423103801
PAXIP1	0.784411761973522	0.0111073689697492	0.998573552758386	0.0111073689697492
SSBP4	0.784519000134324	-0.0321735848545576	0.998573552758386	-0.0321735848545576
ZC3H4	0.784714147254805	0.0114528932163335	0.998573552758386	0.0114528932163335
MCF2L2	0.784743931964427	-0.0113016588813684	0.998573552758386	-0.0113016588813684
ALS2	0.78480411852219	-0.0133168560614008	0.998573552758386	-0.0133168560614008
ZNF490	0.785095950927462	0.0135821804167121	0.998573552758386	0.0135821804167121
CAD	0.785097580699333	-0.0156927040480234	0.998573552758386	-0.0156927040480234
PAGR1	0.785142016745799	0.0166595997496903	0.998573552758386	0.0166595997496903
DNAJC3-DT	0.785150106283715	-0.0178718840733987	0.998573552758386	-0.0178718840733987
PICALM	0.785156675940389	-0.00439052148029071	0.998573552758386	-0.00439052148029071
PSMB4	0.785178663456132	-0.0177626698223319	0.998573552758386	-0.0177626698223319
PLEKHA8	0.78524344446618	-0.0120595916984279	0.998573552758386	-0.0120595916984279
PEBP1	0.785255789038487	0.0108687693123709	0.998573552758386	0.0108687693123709
VIPAS39	0.785495832477779	-0.0138337540368912	0.998573552758386	-0.0138337540368912
PI4K2A	0.785535395959069	-0.0224999025515637	0.998573552758386	-0.0224999025515637
ZNHIT3	0.785558920606348	-0.0193107656301298	0.998573552758386	-0.0193107656301298
KIAA1143	0.785608949778339	-0.0168158756717802	0.998573552758386	-0.0168158756717802
EIF1B-AS1	0.785617424982191	-0.00954637893804233	0.998573552758386	-0.00954637893804233
CYB561D1	0.785703511305214	-0.0211040624616218	0.998573552758386	-0.0211040624616218
CPEB2	0.78574122179599	0.0057253683599785	0.998573552758386	0.0057253683599785
SNHG9	0.785808258548063	0.0220540437985888	0.998573552758386	0.0220540437985888
AKAP8	0.785830480911985	0.0119492016112485	0.998573552758386	0.0119492016112485
TRIM8	0.785919256347652	-0.0103390996073829	0.998573552758386	-0.0103390996073829
TUBGCP3	0.786050478251571	0.00956598667431616	0.998573552758386	0.00956598667431616
AC073878.1	0.786178685816772	0.0203829821125758	0.998573552758386	0.0203829821125758
ZNF654	0.786269452491049	-0.00898096072028269	0.998573552758386	-0.00898096072028269
CHD9	0.786363128459031	0.00514688213088916	0.998573552758386	0.00514688213088916
ZNF776	0.786382392551467	-0.0232405669482505	0.998573552758386	-0.0232405669482505
ARHGEF37	0.786400518816243	0.00867236693781713	0.998573552758386	0.00867236693781713
KDM5D	0.786413529372932	-0.0171269868996902	0.998573552758386	-0.0171269868996902
P4HTM	0.786531972447249	-0.0164655786736693	0.998573552758386	-0.0164655786736693
PSMG2	0.786543528871054	0.0104061891861322	0.998573552758386	0.0104061891861322
REL	0.786580598898657	-0.0200590015825728	0.998573552758386	-0.0200590015825728
KLHL32	0.786636704885396	0.00515546049590177	0.998573552758386	0.00515546049590177
FTL	0.786687600601663	0.0129327819762642	0.998573552758386	0.0129327819762642
AC005480.1	0.786716651505847	0.0130845404724225	0.998573552758386	0.0130845404724225
NLGN1	0.786886634761701	-0.00545307064769604	0.998573552758386	-0.00545307064769604
VPS37C	0.786966344586388	-0.0149943483633467	0.998573552758386	-0.0149943483633467
PBX3	0.787040845925562	-0.00783216173056695	0.998573552758386	-0.00783216173056695
KCTD20	0.787186317706986	0.0115196812321732	0.998573552758386	0.0115196812321732
PRKAG2	0.787318403225998	0.0300284689018557	0.998573552758386	0.0300284689018557
ATP5IF1	0.787322986401195	-0.0201816326566844	0.998573552758386	-0.0201816326566844
OTUD1	0.787411027687822	0.0219446624209063	0.998573552758386	0.0219446624209063
ZNF579	0.78752949965824	-0.0195987054927155	0.998573552758386	-0.0195987054927155
MRVI1-AS1	0.787552688598106	-0.0201939998110145	0.998573552758386	-0.0201939998110145
YEATS2	0.787595540011606	-0.00841495501681159	0.998573552758386	-0.00841495501681159
PLPP7	0.787629963412478	-0.0141185277037696	0.998573552758386	-0.0141185277037696
SERTAD2	0.787670447519813	-0.00901436142581546	0.998573552758386	-0.00901436142581546
AL390198.1	0.787696356496218	-0.0157669918184974	0.998573552758386	-0.0157669918184974
AC245060.5	0.787886406493189	-0.0160192453184733	0.998573552758386	-0.0160192453184733
RBM27	0.788352736727144	0.00784306894626605	0.998573552758386	0.00784306894626605
RPARP-AS1	0.788357486836053	0.0271819144419453	0.998573552758386	0.0271819144419453
CCDC66	0.788410889970689	0.00620743780500882	0.998573552758386	0.00620743780500882
ABHD2	0.788502389766403	0.0131841585824831	0.998573552758386	0.0131841585824831
ZNF436-AS1	0.788565352580562	0.0252356196958312	0.998573552758386	0.0252356196958312
PRDX5	0.788566681958051	0.0290776242312338	0.998573552758386	0.0290776242312338
MRPL50	0.788683371368956	-0.0273275308723808	0.998573552758386	-0.0273275308723808
MOCS2	0.788842525147132	-0.0215130809144408	0.998573552758386	-0.0215130809144408
SLC6A12	0.788852729725159	-0.0180544295536992	0.998573552758386	-0.0180544295536992
MRPS21	0.789071259531283	-0.0158532414191521	0.998573552758386	-0.0158532414191521
JPH4	0.789122108091657	0.0296989298453902	0.998573552758386	0.0296989298453902
TMEM144	0.789229773317957	-0.00463642513561887	0.998573552758386	-0.00463642513561887
EID2B	0.789638586894427	-0.0205388038021452	0.998573552758386	-0.0205388038021452
ABCC1	0.78963921513613	-0.022607413281846	0.998573552758386	-0.022607413281846
AC009093.2	0.789673125496891	-0.0118709162276527	0.998573552758386	-0.0118709162276527
STARD4	0.789706177681682	0.023956579000336	0.998573552758386	0.023956579000336
MGAT5	0.789757990585617	0.00732703320928363	0.998573552758386	0.00732703320928363
UBL7	0.78999884662292	-0.0209901655276313	0.998573552758386	-0.0209901655276313
TBL3	0.790052010741776	-0.022549824382208	0.998573552758386	-0.022549824382208
CMC1	0.790096658433087	0.0109401492265654	0.998573552758386	0.0109401492265654
PIAS3	0.790110339151088	-0.0179252586199353	0.998573552758386	-0.0179252586199353
MTRNR2L1	0.790542071508373	-0.0459907787013206	0.998573552758386	-0.0459907787013206
MED12	0.790605394469059	0.0157807994691228	0.998573552758386	0.0157807994691228
ADGRL1	0.790645400831907	-0.00958475838208031	0.998573552758386	-0.00958475838208031
OSTM1	0.790804062082896	0.00969598507775751	0.998573552758386	0.00969598507775751
CCAR2	0.790887776194597	-0.0190469786182846	0.998573552758386	-0.0190469786182846
UBTD1	0.790981993154352	0.0127793963733559	0.998573552758386	0.0127793963733559
AC034195.1	0.79104260381038	0.0120095156563848	0.998573552758386	0.0120095156563848
POLE2	0.791097724264073	-0.0173597555131404	0.998573552758386	-0.0173597555131404
AC007785.1	0.791202263621879	0.0151645152944134	0.998573552758386	0.0151645152944134
CTSA	0.791253041416753	-0.0236401518118438	0.998573552758386	-0.0236401518118438
SLC31A2	0.791277521345994	0.00695393939002926	0.998573552758386	0.00695393939002926
MTERF2	0.791340356653962	-0.0186574809878355	0.998573552758386	-0.0186574809878355
CYC1	0.791819889397534	0.0236189566541162	0.998573552758386	0.0236189566541162
APBA1	0.791851858713467	-0.00633106931890442	0.998573552758386	-0.00633106931890442
DNAJC12	0.791873156817197	-0.0206677602805125	0.998573552758386	-0.0206677602805125
OTUD3	0.791926372237035	-0.0174882224069412	0.998573552758386	-0.0174882224069412
NEURL4	0.791935335969292	-0.0176091428725034	0.998573552758386	-0.0176091428725034
PSMD7	0.79198519458322	0.0140997242116985	0.998573552758386	0.0140997242116985
ARL6IP4	0.792020377446814	0.0117247554835676	0.998573552758386	0.0117247554835676
ZNF506	0.792138920240706	0.00851459390900362	0.998573552758386	0.00851459390900362
NAPB	0.792151749732233	0.0183056522667652	0.998573552758386	0.0183056522667652
IMPAD1	0.792447291318488	0.0109329224736361	0.998573552758386	0.0109329224736361
SYNC	0.792463499453967	-0.0304967799357293	0.998573552758386	-0.0304967799357293
SUB1	0.792631858473012	0.0145306762700509	0.998573552758386	0.0145306762700509
STXBP3	0.792676109756451	-0.006139879398946	0.998573552758386	-0.006139879398946
KIF27	0.792708244716639	0.0123346393086628	0.998573552758386	0.0123346393086628
TSPO	0.792737880046384	0.0211584065205434	0.998573552758386	0.0211584065205434
ZNF75A	0.792799470123357	0.00869247768164688	0.998573552758386	0.00869247768164688
CCDC159	0.792806031405518	0.0105560205250698	0.998573552758386	0.0105560205250698
CEP68	0.792966433283948	-0.0117885164267401	0.998573552758386	-0.0117885164267401
VAC14	0.792984635560572	-0.0123833100166479	0.998573552758386	-0.0123833100166479
ADGRE2	0.7930728474206	-0.0138544036795747	0.998573552758386	-0.0138544036795747
CEPT1	0.79316984681628	-0.00971238598374783	0.998573552758386	-0.00971238598374783
FUBP1	0.793177446824306	-0.00805777918024923	0.998573552758386	-0.00805777918024923
RRP1B	0.79320957578755	-0.0113866989468087	0.998573552758386	-0.0113866989468087
GAPDH	0.793223745488782	-0.0180050103595493	0.998573552758386	-0.0180050103595493
INIP	0.793442056636589	-0.00884388911737896	0.998573552758386	-0.00884388911737896
STUB1	0.79358288936142	0.0183765664067952	0.998573552758386	0.0183765664067952
UNC5C	0.79400061042434	-0.0044845340192465	0.998573552758386	-0.0044845340192465
SSR3	0.794204660509913	0.0136297755660178	0.998573552758386	0.0136297755660178
MRFAP1	0.794251988083497	0.0173567051640875	0.998573552758386	0.0173567051640875
STX4	0.794292457996535	0.0141101833222322	0.998573552758386	0.0141101833222322
AP3S1	0.794567792963609	0.0117377742618989	0.998573552758386	0.0117377742618989
ASXL2	0.794720346443144	-0.00775348602991071	0.998573552758386	-0.00775348602991071
TMBIM1	0.794874766291202	-0.0128011737104884	0.998573552758386	-0.0128011737104884
SEC14L5	0.794926657094449	-0.00710281351128113	0.998573552758386	-0.00710281351128113
POLR2G	0.794979241067744	-0.0211534216886766	0.998573552758386	-0.0211534216886766
DCAF12	0.795091214619813	0.0146160082673863	0.998573552758386	0.0146160082673863
GPR89B	0.795170704363937	0.0130481194671169	0.998573552758386	0.0130481194671169
INTS6L	0.795344763764379	0.0131867907002877	0.998573552758386	0.0131867907002877
GNB2	0.795369902385103	-0.0198436143791236	0.998573552758386	-0.0198436143791236
HSF1	0.795506880116181	0.00986563277918915	0.998573552758386	0.00986563277918915
PLEKHG1	0.795515849669936	0.0170465721516412	0.998573552758386	0.0170465721516412
NUP58	0.795517600927913	0.00797362421346496	0.998573552758386	0.00797362421346496
MPRIP	0.795602733637486	-0.00542689710029192	0.998573552758386	-0.00542689710029192
KLF6	0.795607141869295	0.019919518887422	0.998573552758386	0.019919518887422
STXBP5L	0.795707484256352	0.0250041971899779	0.998573552758386	0.0250041971899779
ACADSB	0.795714880564051	0.00867540408468491	0.998573552758386	0.00867540408468491
SLC20A2	0.795720299803672	0.00569793618791353	0.998573552758386	0.00569793618791353
FAM120B	0.795774903601526	0.00613724937195541	0.998573552758386	0.00613724937195541
NUPR1	0.795784287630971	-0.0195222585302358	0.998573552758386	-0.0195222585302358
TBL1X	0.795793569123586	0.00811549622454678	0.998573552758386	0.00811549622454678
FH	0.795939728685756	-0.0226464282587261	0.998573552758386	-0.0226464282587261
LIMS1	0.796118216760396	0.00765209910397455	0.998573552758386	0.00765209910397455
COMT	0.796234316220487	0.00970858724869215	0.998573552758386	0.00970858724869215
EDC3	0.796325273136343	0.0127280459120382	0.998573552758386	0.0127280459120382
VMA21	0.796464337559741	0.0154667660184702	0.998573552758386	0.0154667660184702
MMUT	0.796606118819476	0.0127447142926374	0.998573552758386	0.0127447142926374
INPP1	0.796628469499081	0.00867656227106109	0.998573552758386	0.00867656227106109
EHMT1	0.796750615349007	0.00627022091002751	0.998573552758386	0.00627022091002751
TTTY14	0.796881406368836	-0.0134785907572786	0.998573552758386	-0.0134785907572786
REPS2	0.797122158825641	-0.0071502700905132	0.998573552758386	-0.0071502700905132
MEGF8	0.79719839894433	0.0131048104645407	0.998573552758386	0.0131048104645407
ABCF1	0.79724140995812	-0.0111381094567891	0.998573552758386	-0.0111381094567891
RANGAP1	0.797324767283645	0.00844045191513264	0.998573552758386	0.00844045191513264
NT5C3A	0.79749560603029	-0.0106558367842678	0.998573552758386	-0.0106558367842678
FAM104B	0.797651055514179	-0.0206276049560427	0.998573552758386	-0.0206276049560427
ENTPD1-AS1	0.797673661976967	0.00777359165140068	0.998573552758386	0.00777359165140068
TRAF3IP1	0.797695409331737	0.0126956908995527	0.998573552758386	0.0126956908995527
MTMR10	0.797768766676944	0.00609392289853883	0.998573552758386	0.00609392289853883
QTRT2	0.797884203556833	0.0176729505494482	0.998573552758386	0.0176729505494482
IFT57	0.797886948784652	-0.0178860431859238	0.998573552758386	-0.0178860431859238
ASB3	0.797921998038823	-0.00629792001661546	0.998573552758386	-0.00629792001661546
OSTF1	0.797964662938893	-0.010004088741242	0.998573552758386	-0.010004088741242
LINC00630	0.797966663763519	-0.0151966715093988	0.998573552758386	-0.0151966715093988
GATM	0.798026366761703	0.00670604095080963	0.998573552758386	0.00670604095080963
CLU	0.798059492664322	0.0229167975821432	0.998573552758386	0.0229167975821432
SLC39A1	0.798153410480766	0.0231977256968941	0.998573552758386	0.0231977256968941
PSMB7	0.798155936110568	-0.010779890255437	0.998573552758386	-0.010779890255437
ZC3H7A	0.798214897668307	0.00954716070551007	0.998573552758386	0.00954716070551007
NIPSNAP1	0.798460829404108	-0.0162504736115396	0.998573552758386	-0.0162504736115396
RNPEP	0.798595897875392	-0.0177513185622984	0.998573552758386	-0.0177513185622984
PAXBP1	0.798652633474193	-0.00772243804997159	0.998573552758386	-0.00772243804997159
TULP4	0.798671753017035	-0.00530243305866439	0.998573552758386	-0.00530243305866439
COMMD7	0.798968711093097	0.0134483770549087	0.998573552758386	0.0134483770549087
GOT1	0.799393440535246	0.0136101724530465	0.998573552758386	0.0136101724530465
SIPA1L2	0.799512803891197	-0.0161494817804119	0.998573552758386	-0.0161494817804119
GRIN1	0.799636606567256	0.0250297698644979	0.998573552758386	0.0250297698644979
LINC02798	0.799771406101509	-0.0163730536312937	0.998573552758386	-0.0163730536312937
ITGB1	0.799950891575543	0.00982448278101185	0.998573552758386	0.00982448278101185
AP006621.3	0.799982257278294	-0.012739329074312	0.998573552758386	-0.012739329074312
DYNLRB1	0.799993705008899	0.0172323495655162	0.998573552758386	0.0172323495655162
ASB6	0.800046553000477	-0.0229374854633785	0.998573552758386	-0.0229374854633785
EPB41L3	0.800107599643723	0.0121971058702896	0.998573552758386	0.0121971058702896
DHX35	0.800114594298974	0.0118219425939836	0.998573552758386	0.0118219425939836
ZNF445	0.800132354660492	-0.0104337719453602	0.998573552758386	-0.0104337719453602
PCBP3	0.800228670983355	-0.0140486736698883	0.998573552758386	-0.0140486736698883
EXT1	0.800252778417957	-0.00737129967996318	0.998573552758386	-0.00737129967996318
FSIP2-AS1	0.800509500427332	0.0124334238420561	0.998573552758386	0.0124334238420561
ZNF653	0.800518160989519	-0.0166319492097514	0.998573552758386	-0.0166319492097514
POGK	0.800553266288003	0.00989164928712876	0.998573552758386	0.00989164928712876
TTF2	0.800868490422857	-0.0116994227066295	0.998573552758386	-0.0116994227066295
SRI	0.80097646181931	-0.0185763980593688	0.998573552758386	-0.0185763980593688
DEDD2	0.801079909559902	0.0237475330883617	0.998573552758386	0.0237475330883617
SRRM3	0.801202308358372	0.0241704167572028	0.998573552758386	0.0241704167572028
NOP2	0.801551007217834	0.0181310106879238	0.998573552758386	0.0181310106879238
SMARCA5	0.801657996652822	-0.00769216539364679	0.998573552758386	-0.00769216539364679
KYAT3	0.801684543773465	0.00918399829105293	0.998573552758386	0.00918399829105293
TMEM116	0.801746972865155	0.0124075991346552	0.998573552758386	0.0124075991346552
FBXW4	0.801819162676382	-0.00780525650670688	0.998573552758386	-0.00780525650670688
LOXL2	0.801836710724012	-0.0152026744169632	0.998573552758386	-0.0152026744169632
MTDH	0.802055477025204	0.00548632296065448	0.998573552758386	0.00548632296065448
YWHAG	0.802062554810286	-0.0134698728881869	0.998573552758386	-0.0134698728881869
CYLD	0.802070732267123	-0.00606385731532	0.998573552758386	-0.00606385731532
ETF1	0.802107776357694	0.0123002769640442	0.998573552758386	0.0123002769640442
TOB1	0.80219078370106	0.012674210888553	0.998573552758386	0.012674210888553
VPS35	0.802251919950386	-0.0133698828331433	0.998573552758386	-0.0133698828331433
LACC1	0.802306947501799	-0.0129164289508528	0.998573552758386	-0.0129164289508528
AL513166.1	0.802312541322299	-0.0230065786834718	0.998573552758386	-0.0230065786834718
NASP	0.802320519112654	0.00671098533369473	0.998573552758386	0.00671098533369473
ZFP41	0.802342154945371	0.0173861243570888	0.998573552758386	0.0173861243570888
DCAF5	0.802349030523867	0.0069293491297178	0.998573552758386	0.0069293491297178
SCAMP4	0.802425359366412	0.0108287941914736	0.998573552758386	0.0108287941914736
CCDC88A	0.802522874858673	-0.00522715517315829	0.998573552758386	-0.00522715517315829
FAM3A	0.80263568712629	0.0135799890931796	0.998573552758386	0.0135799890931796
TMEM120A	0.802639712441916	0.0131733516174754	0.998573552758386	0.0131733516174754
KIAA0355	0.802672071411632	-0.00755529220201621	0.998573552758386	-0.00755529220201621
AOPEP	0.80269534258479	-0.00430280087013705	0.998573552758386	-0.00430280087013705
YWHAQ	0.802771062176872	0.0059136381753481	0.998573552758386	0.0059136381753481
ZNF836	0.802821263334435	0.0205966708686675	0.998573552758386	0.0205966708686675
TRPC4AP	0.803169354613269	0.00548197897177744	0.998573552758386	0.00548197897177744
ZNF160	0.803286769521876	0.00992972986069252	0.998573552758386	0.00992972986069252
HDAC7	0.803309162277531	0.0103990753594826	0.998573552758386	0.0103990753594826
NME3	0.803336243270773	-0.0113618685240539	0.998573552758386	-0.0113618685240539
PRDX1	0.80343351049681	-0.0160104689679831	0.998573552758386	-0.0160104689679831
NSA2	0.803473749962656	0.0137059218365048	0.998573552758386	0.0137059218365048
FBXW2	0.803523359845588	0.0109141679484867	0.998573552758386	0.0109141679484867
METTL23	0.803541499040293	0.0133413753256845	0.998573552758386	0.0133413753256845
IPPK	0.803578485180094	-0.0116085701772945	0.998573552758386	-0.0116085701772945
FHIT	0.803767094393831	0.00450741206182189	0.998573552758386	0.00450741206182189
COPS6	0.803797906650866	0.0111401263186053	0.998573552758386	0.0111401263186053
CABIN1	0.803819253034218	-0.00952051573057666	0.998573552758386	-0.00952051573057666
HM13	0.803857640324149	0.00797784901322637	0.998573552758386	0.00797784901322637
LIMA1	0.803863982589521	0.0106621193975205	0.998573552758386	0.0106621193975205
RWDD4	0.803886281248605	-0.015221973821074	0.998573552758386	-0.015221973821074
FGF17	0.803973095011104	-0.0380516721962581	0.998573552758386	-0.0380516721962581
CTBP1-DT	0.804009052011425	0.0131984014463212	0.998573552758386	0.0131984014463212
PLCL1	0.804092342111142	-0.0038831504946976	0.998573552758386	-0.0038831504946976
STAT5B	0.804105503515813	-0.00640531446302089	0.998573552758386	-0.00640531446302089
ODF2	0.804106746312804	0.0108728927602774	0.998573552758386	0.0108728927602774
MOB2	0.804115601241062	-0.00853181693993472	0.998573552758386	-0.00853181693993472
ASH1L	0.804220669820915	-0.0044996863543186	0.998573552758386	-0.0044996863543186
AIFM2	0.804371608672354	0.0180246881937763	0.998573552758386	0.0180246881937763
RNASEH2C	0.804427076998321	-0.0154107607995332	0.998573552758386	-0.0154107607995332
PTBP1	0.804440733787221	0.0117861317628351	0.998573552758386	0.0117861317628351
NACA	0.804490012675242	0.0133538430483776	0.998573552758386	0.0133538430483776
TMEM160	0.804550640684844	-0.0245387802444093	0.998573552758386	-0.0245387802444093
COA3	0.804602921407739	0.0252330169422389	0.998573552758386	0.0252330169422389
NBEA	0.804607673066031	0.0106329049319156	0.998573552758386	0.0106329049319156
PRKAR1B	0.804625534180312	-0.0273772060391111	0.998573552758386	-0.0273772060391111
ABI1	0.804642606895318	0.0143032729361066	0.998573552758386	0.0143032729361066
MBP	0.804665530798649	-0.00386427115909223	0.998573552758386	-0.00386427115909223
MAK	0.804666451974238	0.0241701141858622	0.998573552758386	0.0241701141858622
HEATR3	0.804703875336558	-0.0120393662187308	0.998573552758386	-0.0120393662187308
ADAMTS14	0.804800337867631	-0.0128173355805061	0.998573552758386	-0.0128173355805061
YTHDF3	0.804966368548582	0.00901159829049899	0.998573552758386	0.00901159829049899
CEBPZOS	0.805012116531052	0.00850967111739079	0.998573552758386	0.00850967111739079
RAD51C	0.805066084186585	-0.0094957543921343	0.998573552758386	-0.0094957543921343
SRP54	0.805170167037949	-0.00890569022509295	0.998573552758386	-0.00890569022509295
NDUFB11	0.805330505834037	0.0263700880122067	0.998573552758386	0.0263700880122067
NSMCE2	0.805355905677017	0.00462493558905336	0.998573552758386	0.00462493558905336
SDR39U1	0.805822849878837	-0.0150994194316262	0.998573552758386	-0.0150994194316262
ZKSCAN1	0.805877311171038	0.00605582613480163	0.998573552758386	0.00605582613480163
AHCYL2	0.806036880993679	-0.00736565234931309	0.998573552758386	-0.00736565234931309
AC018647.1	0.806297209565745	0.0122253789642776	0.998573552758386	0.0122253789642776
ZCWPW2	0.806329474124005	-0.0116141718232545	0.998573552758386	-0.0116141718232545
FBXL15	0.806392687298751	-0.027814676084274	0.998573552758386	-0.027814676084274
MYH9	0.80641901637913	-0.00847376441890837	0.998573552758386	-0.00847376441890837
AL353151.2	0.806444191719823	-0.014570247946199	0.998573552758386	-0.014570247946199
MTREX	0.806476496803508	0.00692211938860774	0.998573552758386	0.00692211938860774
MTG2	0.806490155330032	-0.00956497470530277	0.998573552758386	-0.00956497470530277
ZNF236-DT	0.80653128006372	0.0156214491158964	0.998573552758386	0.0156214491158964
KIAA0825	0.806561005629073	0.0123169739011566	0.998573552758386	0.0123169739011566
UBXN1	0.806679234481342	-0.0166484872967816	0.998573552758386	-0.0166484872967816
AC104162.2	0.806744389454744	-0.0201694905221495	0.998573552758386	-0.0201694905221495
STK11	0.807342700624526	0.0123784444233938	0.998573552758386	0.0123784444233938
KCNMB4	0.807415655701761	0.00654495616938646	0.998573552758386	0.00654495616938646
NUMB	0.807456715961104	0.00804681016136886	0.998573552758386	0.00804681016136886
VAMP3	0.807628531864769	-0.0141803510923519	0.998573552758386	-0.0141803510923519
PNMA2	0.80767882253799	-0.0270930346454563	0.998573552758386	-0.0270930346454563
WASL	0.807718792248432	0.010987858201908	0.998573552758386	0.010987858201908
PINK1	0.807908688942457	-0.0240188984367135	0.998573552758386	-0.0240188984367135
CBX4	0.808113677261021	0.0121132937689997	0.998573552758386	0.0121132937689997
USP33	0.808156852458419	-0.0050543715461199	0.998573552758386	-0.0050543715461199
KIF1BP	0.808188892210803	0.0140872440017476	0.998573552758386	0.0140872440017476
RAB33A	0.808225274901526	0.0145711115126575	0.998573552758386	0.0145711115126575
FAM214A	0.808441413176002	-0.00757286374489353	0.998573552758386	-0.00757286374489353
SCAPER	0.808447034381187	-0.00535795561232364	0.998573552758386	-0.00535795561232364
VPS13B	0.80868495201806	-0.00474043400137871	0.998573552758386	-0.00474043400137871
NAA10	0.808786789075675	-0.0117810194875563	0.998573552758386	-0.0117810194875563
SLC41A1	0.808799621734218	-0.0155017967774946	0.998573552758386	-0.0155017967774946
DUSP26	0.809115901680064	0.023340349209216	0.998573552758386	0.023340349209216
ETV5	0.809202589562004	-0.0162054119301833	0.998573552758386	-0.0162054119301833
RAB5IF	0.80944060643092	0.0214240957093581	0.998573552758386	0.0214240957093581
BZW2	0.809629363742206	0.014882535451463	0.998573552758386	0.014882535451463
KIAA1586	0.809696374791527	0.0167204410288884	0.998573552758386	0.0167204410288884
MUTYH	0.809757619446625	0.0107650516540326	0.998573552758386	0.0107650516540326
SF3A3	0.809801231102687	0.0128705707338623	0.998573552758386	0.0128705707338623
SHKBP1	0.809894350794741	0.0149090962191528	0.998573552758386	0.0149090962191528
RAB7A	0.809933073467217	0.00615707825982499	0.998573552758386	0.00615707825982499
ACOT7	0.809954464487118	-0.0144360406818905	0.998573552758386	-0.0144360406818905
ENGASE	0.809956285229648	-0.0130411334488267	0.998573552758386	-0.0130411334488267
NDUFA8	0.809997452871534	-0.0263837013259708	0.998573552758386	-0.0263837013259708
UBAP1L	0.810028778057415	0.00831212690943712	0.998573552758386	0.00831212690943712
ZNF701	0.810063307959533	0.0127876334280721	0.998573552758386	0.0127876334280721
NMT1	0.81009465806438	0.00905698800950339	0.998573552758386	0.00905698800950339
LBR	0.810125415896744	0.00923419698991157	0.998573552758386	0.00923419698991157
GLYR1	0.810249468434582	0.00700007582415462	0.998573552758386	0.00700007582415462
ARNTL	0.81035391028222	0.019966421125143	0.998573552758386	0.019966421125143
ZNF417	0.810389418577153	-0.0123299375235775	0.998573552758386	-0.0123299375235775
ZFP37	0.810558109930027	-0.0136697767393289	0.998573552758386	-0.0136697767393289
ZNF713	0.810560125610567	-0.0107503159414575	0.998573552758386	-0.0107503159414575
GDAP2	0.810709912046387	0.0110156228354787	0.998573552758386	0.0110156228354787
CAMSAP2	0.810717079013111	-0.00644980051166465	0.998573552758386	-0.00644980051166465
SNX22	0.810814462123769	0.0147316448125809	0.998573552758386	0.0147316448125809
AC107223.1	0.810822982947437	-0.0181201631748416	0.998573552758386	-0.0181201631748416
KLHL18	0.811034382137378	0.0101524588071411	0.998573552758386	0.0101524588071411
GPATCH1	0.811066881579635	-0.0130504289478078	0.998573552758386	-0.0130504289478078
PAPOLG	0.811189004805895	0.0104522492669278	0.998573552758386	0.0104522492669278
TAF9B	0.811385597802573	0.0228895969593655	0.998573552758386	0.0228895969593655
SEPSECS	0.811563739233353	0.013398465780438	0.998573552758386	0.013398465780438
AC012178.1	0.811598620122747	-0.00921544181496958	0.998573552758386	-0.00921544181496958
PTPN2	0.811762231618062	0.00969124987216422	0.998573552758386	0.00969124987216422
SNF8	0.811817747537946	-0.0115373860090232	0.998573552758386	-0.0115373860090232
IGSF8	0.811819425892892	0.00950761906139865	0.998573552758386	0.00950761906139865
LINC01630	0.811898511317173	-0.00644869192134927	0.998573552758386	-0.00644869192134927
AC067852.3	0.811943637462703	0.0209159768677889	0.998573552758386	0.0209159768677889
NOC4L	0.811955527966287	0.0194948087066563	0.998573552758386	0.0194948087066563
RAMP1	0.81202950763532	0.0233920310602709	0.998573552758386	0.0233920310602709
UBXN2B	0.812149791447411	0.00996665445179956	0.998573552758386	0.00996665445179956
AC115622.1	0.812252957450817	0.0103829432327366	0.998573552758386	0.0103829432327366
AC009318.1	0.812297303103462	-0.0182936329108029	0.998573552758386	-0.0182936329108029
PTN	0.812488926358605	-0.00832632489124339	0.998573552758386	-0.00832632489124339
RALA	0.812498998952533	-0.00900716658347068	0.998573552758386	-0.00900716658347068
PRIM2	0.812743550199043	-0.00966442984090334	0.998573552758386	-0.00966442984090334
AC023590.1	0.812770671840564	-0.0280118492990162	0.998573552758386	-0.0280118492990162
SCNN1D	0.812883483979043	0.0184968811390374	0.998573552758386	0.0184968811390374
WDR37	0.81289257718662	-0.00594638640303479	0.998573552758386	-0.00594638640303479
HDAC2-AS2	0.812900807965204	0.00500013309002612	0.998573552758386	0.00500013309002612
CANT1	0.813059028395958	0.0163863437385567	0.998573552758386	0.0163863437385567
PSTK	0.813262932831127	-0.0103621484546156	0.998573552758386	-0.0103621484546156
ARF4	0.813441757087463	-0.0145180646272217	0.998573552758386	-0.0145180646272217
MSL3	0.813516931473789	-0.0179350904159078	0.998573552758386	-0.0179350904159078
NBN	0.813601147167147	-0.0112945329813836	0.998573552758386	-0.0112945329813836
EPN2	0.813607367648564	0.00396909707952719	0.998573552758386	0.00396909707952719
CEBPZ	0.813610290181371	0.0118471501365138	0.998573552758386	0.0118471501365138
ZNF100	0.813640279119758	-0.011543886526115	0.998573552758386	-0.011543886526115
WSCD1	0.813788667175467	-0.00987744742707402	0.998573552758386	-0.00987744742707402
INTS4	0.813840621613755	0.00904374581468512	0.998573552758386	0.00904374581468512
ATRX	0.813867168957818	-0.00500319197116451	0.998573552758386	-0.00500319197116451
ALMS1	0.813902278399201	-0.00741298114388536	0.998573552758386	-0.00741298114388536
SUCO	0.813967783333582	0.00748593662287718	0.998573552758386	0.00748593662287718
GIGYF1	0.813979275920566	0.00775420875917416	0.998573552758386	0.00775420875917416
ARMC1	0.813980794516756	0.00898997005274631	0.998573552758386	0.00898997005274631
ACOX3	0.814094028826708	0.0102591492860548	0.998573552758386	0.0102591492860548
ARMC8	0.814206889933213	-0.0060138197606231	0.998573552758386	-0.0060138197606231
CENPJ	0.814434239442941	-0.0113910081357563	0.998573552758386	-0.0113910081357563
CD63	0.814573465059808	-0.0167251121388422	0.998573552758386	-0.0167251121388422
COQ10B	0.814781480783962	0.011906388119361	0.998573552758386	0.011906388119361
DMAC2	0.814815202298837	0.0204543535703256	0.998573552758386	0.0204543535703256
CNIH4	0.814825581448984	-0.0125426703448424	0.998573552758386	-0.0125426703448424
CDHR1	0.814833750745758	-0.0226969696994128	0.998573552758386	-0.0226969696994128
FAM53A	0.814885573272635	-0.0161090409967438	0.998573552758386	-0.0161090409967438
CIT	0.814890617949239	0.0250145162219353	0.998573552758386	0.0250145162219353
RNF126	0.814935876653568	-0.0115267315997905	0.998573552758386	-0.0115267315997905
TUBD1	0.815102894126414	-0.00961801973889789	0.998573552758386	-0.00961801973889789
SPTY2D1	0.815209227550426	-0.0164649041018989	0.998573552758386	-0.0164649041018989
ZNF25	0.815225706058593	0.00904783991775318	0.998573552758386	0.00904783991775318
SAR1A	0.815236049782188	0.0115061190907027	0.998573552758386	0.0115061190907027
KLHDC1	0.815331271948292	0.00688440337020692	0.998573552758386	0.00688440337020692
RAB1B	0.815361256110345	-0.0144960841815651	0.998573552758386	-0.0144960841815651
PUF60	0.815558221781095	-0.012176157564085	0.998573552758386	-0.012176157564085
LPP	0.815627633257171	0.005977779083196	0.998573552758386	0.005977779083196
SLC6A8	0.815775760734133	0.00735546410939313	0.998573552758386	0.00735546410939313
CCM2	0.815786983339807	-0.00783182407076845	0.998573552758386	-0.00783182407076845
SNRPB	0.81589412249217	-0.0199330146973269	0.998573552758386	-0.0199330146973269
ZNF484	0.815904491600928	-0.0126083113995622	0.998573552758386	-0.0126083113995622
EIF3J-DT	0.816501117824189	0.00886581436385903	0.998573552758386	0.00886581436385903
LYSMD4	0.816511381290215	0.0110356980514747	0.998573552758386	0.0110356980514747
SBNO1	0.81653388902871	-0.00682723834726941	0.998573552758386	-0.00682723834726941
BEST1	0.816578507146577	0.00961970203963177	0.998573552758386	0.00961970203963177
TLN2	0.816635987141263	-0.00813490681121622	0.998573552758386	-0.00813490681121622
RPL13A	0.816776501308709	0.0134628241507188	0.998573552758386	0.0134628241507188
LYNX1	0.816836816559966	-0.0170785545054905	0.998573552758386	-0.0170785545054905
MBNL3	0.817078250250345	-0.0158598787942517	0.998573552758386	-0.0158598787942517
CRKL	0.817143517341042	0.00992807469956319	0.998573552758386	0.00992807469956319
ZNF546	0.817183997861003	-0.0118521093103953	0.998573552758386	-0.0118521093103953
PAG1	0.81720461161569	0.00728812022425095	0.998573552758386	0.00728812022425095
ZNF438	0.817322158679207	-0.00782417803905093	0.998573552758386	-0.00782417803905093
NDUFS3	0.817400518421878	-0.0182922505328143	0.998573552758386	-0.0182922505328143
CTSB	0.817616669783935	0.021656264578607	0.998573552758386	0.021656264578607
AC079352.1	0.817861358827275	0.00702417992573598	0.998573552758386	0.00702417992573598
SLC9A6	0.817998761972895	0.0131645970501825	0.998573552758386	0.0131645970501825
HSD17B1	0.818021579135631	0.0146989148951297	0.998573552758386	0.0146989148951297
PMS1	0.818023076016258	0.00776541838414938	0.998573552758386	0.00776541838414938
ZNF596	0.818128932104669	-0.0162017334729099	0.998573552758386	-0.0162017334729099
MAGED1	0.818251746957614	-0.0101397662396983	0.998573552758386	-0.0101397662396983
SCGB2B2	0.818284769178686	-0.0074873583047359	0.998573552758386	-0.0074873583047359
ZFYVE1	0.818671668460454	-0.00929593652209279	0.998573552758386	-0.00929593652209279
ACP1	0.818749129787669	0.0114547779152233	0.998573552758386	0.0114547779152233
MYH11	0.818771203439005	-0.020512956693078	0.998573552758386	-0.020512956693078
TMEM205	0.81886749913281	-0.015542550581993	0.998573552758386	-0.015542550581993
CRYAB	0.818985382061324	-0.0110705591113625	0.998573552758386	-0.0110705591113625
NUDCD2	0.818994963015276	-0.0150702629112014	0.998573552758386	-0.0150702629112014
AKAP11	0.819023902535815	-0.00796170045045544	0.998573552758386	-0.00796170045045544
LRRFIP2	0.819149287172196	-0.00502458323668533	0.998573552758386	-0.00502458323668533
PWWP2A	0.81915938175818	0.00503148065478425	0.998573552758386	0.00503148065478425
THOC7	0.819356561588119	-0.0131615829685921	0.998573552758386	-0.0131615829685921
MIR34AHG	0.819501968902392	0.0202607999598425	0.998573552758386	0.0202607999598425
LINC01792	0.819707683493245	-0.00768965724981974	0.998573552758386	-0.00768965724981974
AP002387.2	0.819811833275497	-0.0154123859507678	0.998573552758386	-0.0154123859507678
SAT2	0.819962701995882	0.0141852235160773	0.998573552758386	0.0141852235160773
ADAMTS8	0.820015546058185	-0.0143726441221483	0.998573552758386	-0.0143726441221483
KRTCAP2	0.820022796243097	0.0157069723359689	0.998573552758386	0.0157069723359689
SSR4	0.820049670346736	0.0161657369229999	0.998573552758386	0.0161657369229999
CDH8	0.820387894544784	0.0093368988086237	0.998573552758386	0.0093368988086237
CHN2	0.820410828069249	0.0140378320734735	0.998573552758386	0.0140378320734735
CDH9	0.820575416734791	0.0239186564758952	0.998573552758386	0.0239186564758952
TBC1D14	0.820631644928696	0.00726285095786785	0.998573552758386	0.00726285095786785
NDUFAF1	0.820634043278101	-0.0131710457428484	0.998573552758386	-0.0131710457428484
TMEM181	0.821027489016948	-0.00580154160725571	0.998573552758386	-0.00580154160725571
AL683813.1	0.821139068688668	-0.00896280035035907	0.998573552758386	-0.00896280035035907
SBF2	0.821217028541171	-0.00485202080611644	0.998573552758386	-0.00485202080611644
MLF1	0.82135188407417	-0.0161944713436342	0.998573552758386	-0.0161944713436342
RELCH	0.821367638919019	0.00473527203506176	0.998573552758386	0.00473527203506176
RTRAF	0.821394505381148	0.0133711654537566	0.998573552758386	0.0133711654537566
AC078909.1	0.821536686989535	0.0221240436351313	0.998573552758386	0.0221240436351313
RFC1	0.821715236995466	-0.00600057796229446	0.998573552758386	-0.00600057796229446
SDHA	0.82179231094773	-0.00811791646955239	0.998573552758386	-0.00811791646955239
EEF1B2	0.821891748192137	-0.0196276292709027	0.998573552758386	-0.0196276292709027
EXOC5	0.821926418000982	0.00676297014594289	0.998573552758386	0.00676297014594289
ZBTB26	0.822000087555313	0.0125229548231552	0.998573552758386	0.0125229548231552
FAM169A	0.822058536494924	-0.00985767561262457	0.998573552758386	-0.00985767561262457
APTR	0.822063528010497	0.00972159719945884	0.998573552758386	0.00972159719945884
UFM1	0.822101741278024	0.0100651808292554	0.998573552758386	0.0100651808292554
AFDN	0.822142724161188	-0.00566532020751022	0.998573552758386	-0.00566532020751022
SOX2-OT	0.822180202837779	0.00360551202805611	0.998573552758386	0.00360551202805611
LINC01378	0.822185930769148	0.0301194719691567	0.998573552758386	0.0301194719691567
APMAP	0.822290258536674	0.0150888554780131	0.998573552758386	0.0150888554780131
ATRN	0.822586919152465	-0.00601543789331275	0.998573552758386	-0.00601543789331275
MPHOSPH9	0.822589668221767	0.00797039604261865	0.998573552758386	0.00797039604261865
BAX	0.823126885847764	-0.0159553549010737	0.998573552758386	-0.0159553549010737
ARHGEF40	0.823148718587845	0.01089206236213	0.998573552758386	0.01089206236213
KIF6	0.82322266461545	0.00553926141750163	0.998573552758386	0.00553926141750163
CPSF1	0.823381784990168	0.0112395199128005	0.998573552758386	0.0112395199128005
MRPS15	0.82347767015557	-0.0162523769264405	0.998573552758386	-0.0162523769264405
RPL17	0.823641072134457	0.0141385992493375	0.998573552758386	0.0141385992493375
YBX1	0.823675099643659	-0.0101571022023124	0.998573552758386	-0.0101571022023124
METTL21A	0.823689008273361	-0.0120981454516277	0.998573552758386	-0.0120981454516277
CDYL	0.823791632186568	-0.00726032212578505	0.998573552758386	-0.00726032212578505
ZGRF1	0.823831143776692	0.00838945546544151	0.998573552758386	0.00838945546544151
PPP3R1	0.82386827733799	0.00887925474120676	0.998573552758386	0.00887925474120676
CD27-AS1	0.824027171267941	0.00904081517989364	0.998573552758386	0.00904081517989364
SUPV3L1	0.824072039240718	0.0109182928480462	0.998573552758386	0.0109182928480462
EPB41L5	0.824127731015765	-0.0108225081385861	0.998573552758386	-0.0108225081385861
TAF11	0.824216103922446	-0.0101419198599425	0.998573552758386	-0.0101419198599425
OAZ2	0.82429715210522	0.00871918087493315	0.998573552758386	0.00871918087493315
AC006160.1	0.824374781742519	-0.0169171212435137	0.998573552758386	-0.0169171212435137
SYT14	0.824533606072138	0.0110366559559566	0.998573552758386	0.0110366559559566
SCLY	0.824536041151307	0.00776691476715213	0.998573552758386	0.00776691476715213
RNF208	0.824748121568045	0.0235326678791663	0.998573552758386	0.0235326678791663
ELK1	0.824767358774909	-0.0285691937732445	0.998573552758386	-0.0285691937732445
UBXN4	0.824868518204363	0.00533520380649042	0.998573552758386	0.00533520380649042
MIRLET7BHG	0.824895833461871	0.00681129795921449	0.998573552758386	0.00681129795921449
ARMCX5-GPRASP2	0.825025354918557	0.0121282290109291	0.998573552758386	0.0121282290109291
MAD1L1	0.825091502625261	0.00722873227177509	0.998573552758386	0.00722873227177509
NUDT5	0.825203820720074	0.00930603602514422	0.998573552758386	0.00930603602514422
EEFSEC	0.82523011324566	-0.00974650371356553	0.998573552758386	-0.00974650371356553
NIPAL3	0.825275828249545	0.00509813987789305	0.998573552758386	0.00509813987789305
HIVEP3	0.825482629787621	0.00820736411283005	0.998573552758386	0.00820736411283005
GALNT6	0.825817269363248	-0.00872603138252361	0.998573552758386	-0.00872603138252361
VPS33A	0.825895447639011	0.00982824725281217	0.998573552758386	0.00982824725281217
UQCR10	0.825910572273756	-0.020890970018459	0.998573552758386	-0.020890970018459
PELI2	0.826107983560558	0.00733545454874512	0.998573552758386	0.00733545454874512
PTK2	0.826126381141525	-0.00373581154321281	0.998573552758386	-0.00373581154321281
ACVR2B	0.826195301473702	-0.00855383426582055	0.998573552758386	-0.00855383426582055
USP28	0.826255234444846	0.0110821869484135	0.998573552758386	0.0110821869484135
USP16	0.826270900086226	-0.00701316616461782	0.998573552758386	-0.00701316616461782
ATP6V1E1	0.826404108221138	0.0118791567601878	0.998573552758386	0.0118791567601878
PSMD3	0.826445574190355	-0.0119769712340302	0.998573552758386	-0.0119769712340302
SNAP29	0.826792126447173	-0.00976538031301077	0.998573552758386	-0.00976538031301077
AFF3	0.826820936470439	0.0170091841589586	0.998573552758386	0.0170091841589586
ACSBG1	0.826866521612821	0.0155195148900834	0.998573552758386	0.0155195148900834
PER3	0.82690615424968	-0.00656351962009951	0.998573552758386	-0.00656351962009951
CCT5	0.826952908048591	-0.0131804056807702	0.998573552758386	-0.0131804056807702
NUDT9	0.827004401729862	-0.0130657868817399	0.998573552758386	-0.0130657868817399
AC092835.1	0.827048296744486	-0.00892985557038065	0.998573552758386	-0.00892985557038065
RPL36	0.827172725389192	0.0155767304214809	0.998573552758386	0.0155767304214809
CREB3	0.827225414668654	-0.0222164229548203	0.998573552758386	-0.0222164229548203
AC068888.1	0.827540274499979	-0.0120587195254702	0.998573552758386	-0.0120587195254702
ZNF770	0.827608175290809	-0.0137790478109083	0.998573552758386	-0.0137790478109083
AL442067.3	0.82769132396642	-0.0166167726734302	0.998573552758386	-0.0166167726734302
NR3C2	0.827759545292688	0.00774376121202379	0.998573552758386	0.00774376121202379
SH3BGRL2	0.827791302997357	-0.0163497475339371	0.998573552758386	-0.0163497475339371
COG3	0.827880857568832	-0.00793004386337623	0.998573552758386	-0.00793004386337623
PIAS2	0.828009848990034	0.00650996292222672	0.998573552758386	0.00650996292222672
DNPEP	0.828028874992568	0.0136188510391439	0.998573552758386	0.0136188510391439
DKC1	0.828044054575209	-0.0118624700480437	0.998573552758386	-0.0118624700480437
TLE1	0.828081882272066	-0.0166489514175265	0.998573552758386	-0.0166489514175265
TFG	0.82810416250406	-0.00856889473344181	0.998573552758386	-0.00856889473344181
NUP54	0.828352928690736	-0.00835261377090283	0.998573552758386	-0.00835261377090283
CHST6	0.82847990905591	-0.0122428088283306	0.998573552758386	-0.0122428088283306
ENTPD3-AS1	0.828515584647655	0.00696745606666779	0.998573552758386	0.00696745606666779
NKTR	0.828519957099067	0.0054257897570711	0.998573552758386	0.0054257897570711
TMEM14B	0.828675775971973	-0.00562606442396581	0.998573552758386	-0.00562606442396581
FEM1C	0.828687868154417	-0.0129889763960675	0.998573552758386	-0.0129889763960675
MARCKS	0.82878300506193	-0.0239271778988105	0.998573552758386	-0.0239271778988105
RELA-DT	0.828981461764248	0.0159854945543955	0.998573552758386	0.0159854945543955
ATPAF2	0.829132237768389	0.0105875733853027	0.998573552758386	0.0105875733853027
FARP1	0.829355593044993	0.0231201456367909	0.998573552758386	0.0231201456367909
BAG4	0.829592554078995	-0.0106929958690198	0.998573552758386	-0.0106929958690198
ABCG1	0.829596703921321	-0.00646372939767744	0.998573552758386	-0.00646372939767744
GPSM2	0.829698047360928	-0.00463039001825712	0.998573552758386	-0.00463039001825712
AC083870.1	0.829700189945939	-0.0110066530776521	0.998573552758386	-0.0110066530776521
HERC2	0.829944919251806	-0.00534363170956006	0.998573552758386	-0.00534363170956006
H1F0	0.830007666361869	-0.0195610986258578	0.998573552758386	-0.0195610986258578
HECW1	0.830043691863103	0.0218759495372166	0.998573552758386	0.0218759495372166
TAOK3	0.830113483181519	-0.00393210836463253	0.998573552758386	-0.00393210836463253
GUK1	0.830177422242787	0.010671959688983	0.998573552758386	0.010671959688983
ITFG2	0.830238270698361	-0.00725995954557308	0.998573552758386	-0.00725995954557308
SSNA1	0.83042149036453	0.0129011068034495	0.998573552758386	0.0129011068034495
SENP1	0.830461741692557	-0.0105833619204389	0.998573552758386	-0.0105833619204389
FBXO27	0.830499180996056	-0.0102544384772349	0.998573552758386	-0.0102544384772349
ADPRHL2	0.830570511968612	0.00999292385068791	0.998573552758386	0.00999292385068791
AAR2	0.830702071194554	0.0125402778789204	0.998573552758386	0.0125402778789204
KLHL3	0.830830563564364	0.00580891362047358	0.998573552758386	0.00580891362047358
C8orf33	0.831078098633251	0.0146605951779025	0.998573552758386	0.0146605951779025
SNORC	0.831087243880455	0.0115978832102901	0.998573552758386	0.0115978832102901
ANKRD54	0.831100472729618	-0.0121030271335244	0.998573552758386	-0.0121030271335244
MAPRE1	0.83116769687696	0.0149287000498308	0.998573552758386	0.0149287000498308
IPO9-AS1	0.831187001023428	0.0165278809387312	0.998573552758386	0.0165278809387312
KCNAB2	0.831264039025835	-0.0236685854695901	0.998573552758386	-0.0236685854695901
TJP1	0.831356897636889	-0.00300874799330102	0.998573552758386	-0.00300874799330102
USP42	0.831559226740455	0.00765293360291659	0.998573552758386	0.00765293360291659
ZNF846	0.831586100998918	0.0110444325139725	0.998573552758386	0.0110444325139725
ZNF84	0.831596456178012	0.00746280405300987	0.998573552758386	0.00746280405300987
POMP	0.831633758080528	-0.0160858477052911	0.998573552758386	-0.0160858477052911
KNDC1	0.831792135241973	0.0243565982109163	0.998573552758386	0.0243565982109163
CISD1	0.831952132002395	0.015320920608386	0.998573552758386	0.015320920608386
BACE2	0.832110394098714	-0.0168942228883128	0.998573552758386	-0.0168942228883128
INTU	0.832241247694781	0.0128617727314696	0.998573552758386	0.0128617727314696
AC023787.2	0.83226047630208	0.0155114813356254	0.998573552758386	0.0155114813356254
TTC7B	0.832360630041282	-0.00604620162181186	0.998573552758386	-0.00604620162181186
ARHGAP17	0.832401079086249	-0.00584661888099131	0.998573552758386	-0.00584661888099131
NUP50-DT	0.83244888366063	0.00772249075498933	0.998573552758386	0.00772249075498933
LINC01278	0.832625467549276	0.0083550210624063	0.998573552758386	0.0083550210624063
GPR137	0.832643646650825	0.0107594933182496	0.998573552758386	0.0107594933182496
ZNF737	0.832645818035218	0.00937132701948775	0.998573552758386	0.00937132701948775
WARS	0.832792025763908	-0.0146150766867384	0.998573552758386	-0.0146150766867384
PACSIN3	0.832876177030984	-0.0199793062209119	0.998573552758386	-0.0199793062209119
RAB28	0.832953468651451	-0.00548475535006671	0.998573552758386	-0.00548475535006671
IKZF2	0.833181777026039	0.00619989193587153	0.998573552758386	0.00619989193587153
NOA1	0.833210787353772	-0.0136090294943303	0.998573552758386	-0.0136090294943303
REV3L	0.833352685945559	-0.00524531308510686	0.998573552758386	-0.00524531308510686
POU2F1	0.833484009594434	0.00456752609057685	0.998573552758386	0.00456752609057685
TTC37	0.833587390741528	-0.00502352492191562	0.998573552758386	-0.00502352492191562
TPCN2	0.833801586175031	-0.0171853923343592	0.998573552758386	-0.0171853923343592
ZC3H13	0.833808885132322	-0.0058482643364093	0.998573552758386	-0.0058482643364093
CTU2	0.833875025093785	0.0213204216543744	0.998573552758386	0.0213204216543744
SLC6A6	0.833981740009944	-0.0116819302912459	0.998573552758386	-0.0116819302912459
TMEM246	0.834049157348298	0.0123009604840942	0.998573552758386	0.0123009604840942
MOBP	0.834283185666754	0.00484578723728542	0.998573552758386	0.00484578723728542
OTUD6B	0.834490161996955	-0.0102410876553426	0.998573552758386	-0.0102410876553426
PEX7	0.834533967334626	0.0112251197811029	0.998573552758386	0.0112251197811029
POLR3A	0.834561748454164	0.00810865564633236	0.998573552758386	0.00810865564633236
MARCH1	0.834711596466645	-0.00310427704040514	0.998573552758386	-0.00310427704040514
CAPN10	0.834877725528341	0.0166906345057163	0.998573552758386	0.0166906345057163
CSTF1	0.834897791636501	0.0169938585656659	0.998573552758386	0.0169938585656659
PRPF31	0.835117206088417	-0.0101702440024364	0.998573552758386	-0.0101702440024364
WBP4	0.83524775571034	-0.00659336419563364	0.998573552758386	-0.00659336419563364
CALY	0.835332283224655	-0.0233327658376043	0.998573552758386	-0.0233327658376043
WDR83OS	0.835339009410645	0.0144725282995937	0.998573552758386	0.0144725282995937
KIZ	0.835348139950952	0.00479357014678034	0.998573552758386	0.00479357014678034
FAM104A	0.835499396228075	0.015822602720641	0.998573552758386	0.015822602720641
PDAP1	0.835591060385627	-0.00982859168688103	0.998573552758386	-0.00982859168688103
NCBP2AS2	0.835610381829801	-0.0227326716402232	0.998573552758386	-0.0227326716402232
AF165147.1	0.835769402566001	-0.00748021940715485	0.998573552758386	-0.00748021940715485
ENTR1	0.835770230332928	-0.0111557993681124	0.998573552758386	-0.0111557993681124
IRF2	0.836155430267729	-0.00582340169369229	0.998573552758386	-0.00582340169369229
LURAP1L-AS1	0.836479032493753	0.0129813959595848	0.998573552758386	0.0129813959595848
NFYC	0.836485119317576	-0.00659217388132799	0.998573552758386	-0.00659217388132799
LYRM7	0.836502740369534	0.00786137493091202	0.998573552758386	0.00786137493091202
SFMBT2	0.836578252565983	-0.00688322089044366	0.998573552758386	-0.00688322089044366
CHCHD3	0.836640753843927	-0.0050137342827208	0.998573552758386	-0.0050137342827208
AP004608.1	0.836811434952188	-0.0142040924202889	0.998573552758386	-0.0142040924202889
TMED10	0.837020212755248	0.00616071093331549	0.998573552758386	0.00616071093331549
AC097634.3	0.837034913276672	0.0127119742567236	0.998573552758386	0.0127119742567236
UGT8	0.837138589615559	0.00408016765921199	0.998573552758386	0.00408016765921199
KAT6A	0.837204270534483	-0.00424263594425513	0.998573552758386	-0.00424263594425513
DGUOK	0.837212296870411	0.00910489887479377	0.998573552758386	0.00910489887479377
ARHGEF25	0.837309640691714	-0.0336814646388637	0.998573552758386	-0.0336814646388637
ABLIM1	0.837317088670918	0.0222685518926034	0.998573552758386	0.0222685518926034
EIF2D	0.837421459207932	0.00851018826758769	0.998573552758386	0.00851018826758769
ATP6V0E1	0.837720239610291	-0.00686790109400206	0.998573552758386	-0.00686790109400206
RAB10	0.83784200228431	-0.00362434825471117	0.998573552758386	-0.00362434825471117
TMEM128	0.837859334816762	0.0129499478778883	0.998573552758386	0.0129499478778883
KIF22	0.838099818642388	-0.0130087649820599	0.998573552758386	-0.0130087649820599
GINM1	0.838185754622592	0.00620219524822121	0.998573552758386	0.00620219524822121
EIF5B	0.838195982111758	0.00606491608779693	0.998573552758386	0.00606491608779693
OGFOD3	0.838455392689216	0.0132554948179302	0.998573552758386	0.0132554948179302
C3orf14	0.838458881379254	0.0178858913303032	0.998573552758386	0.0178858913303032
FCHO2	0.83850772125658	0.0065091074741711	0.998573552758386	0.0065091074741711
XKR9	0.838576043720349	0.0186801193609964	0.998573552758386	0.0186801193609964
ZNF254	0.838748996918042	0.00588045309886359	0.998573552758386	0.00588045309886359
PPP1R14B	0.83884264511629	-0.0160022071007121	0.998573552758386	-0.0160022071007121
LUC7L3	0.838941412625879	0.0045511009398489	0.998573552758386	0.0045511009398489
C2orf42	0.839097821691666	0.0100438873878	0.998573552758386	0.0100438873878
C12orf76	0.839328515218611	0.0043313969425725	0.998573552758386	0.0043313969425725
FAM24B	0.839415580332226	0.0166743479291145	0.998573552758386	0.0166743479291145
WAC	0.839680006727019	0.00386089570030079	0.998573552758386	0.00386089570030079
MPHOSPH8	0.839945012074776	-0.00449257124660928	0.998573552758386	-0.00449257124660928
TIMM21	0.839981531305857	0.014643705376962	0.998573552758386	0.014643705376962
FBXO30	0.839983111544817	-0.0120318668026526	0.998573552758386	-0.0120318668026526
R3HCC1	0.840015710146807	-0.0118892762217716	0.998573552758386	-0.0118892762217716
TMEM232	0.840418870072348	-0.0154627992599234	0.998573552758386	-0.0154627992599234
NRBF2	0.8405195489826	-0.0145282482086571	0.998573552758386	-0.0145282482086571
DLL1	0.840551470071871	-0.00847829226867083	0.998573552758386	-0.00847829226867083
RPL26	0.840638448044826	-0.0166943033472435	0.998573552758386	-0.0166943033472435
TIMM17B	0.840809793320539	0.0211607032983183	0.998573552758386	0.0211607032983183
SH3GL2	0.840851954079584	-0.023192281297812	0.998573552758386	-0.023192281297812
LINC02762	0.840888663811454	-0.0127268023752525	0.998573552758386	-0.0127268023752525
PXYLP1	0.840959037075445	-0.0148945119850387	0.998573552758386	-0.0148945119850387
ZNF30	0.841085851514419	0.0113994040111608	0.998573552758386	0.0113994040111608
GTF2F1	0.841094389288964	0.0159009308705192	0.998573552758386	0.0159009308705192
ULK1	0.841107117908169	0.00901844970939144	0.998573552758386	0.00901844970939144
URI1	0.841129710972386	0.00494488744070834	0.998573552758386	0.00494488744070834
RNPC3	0.841135202577467	0.00551747138064296	0.998573552758386	0.00551747138064296
HAUS6	0.841151906598526	-0.0108857383588597	0.998573552758386	-0.0108857383588597
ZNF529-AS1	0.841739890317954	0.0124064670867214	0.998573552758386	0.0124064670867214
PHTF1	0.841981184438263	0.0250800521467476	0.998573552758386	0.0250800521467476
SLC16A1-AS1	0.842008725610017	-0.00572116682221138	0.998573552758386	-0.00572116682221138
CACNG3	0.842017176655076	-0.020401395755719	0.998573552758386	-0.020401395755719
CPB2	0.842022244413821	-0.0246823090416504	0.998573552758386	-0.0246823090416504
EHMT2	0.842143147013676	-0.0072760250333423	0.998573552758386	-0.0072760250333423
PHLPP1	0.84233268112916	-0.00274455740777096	0.998573552758386	-0.00274455740777096
CIAO2B	0.842393474626423	-0.0110058292336207	0.998573552758386	-0.0110058292336207
DDX56	0.842455277120155	0.0108018627362897	0.998573552758386	0.0108018627362897
RAPH1	0.842722503489295	-0.0187062351128756	0.998573552758386	-0.0187062351128756
CEP57	0.842805531635561	-0.006360593403851	0.998573552758386	-0.006360593403851
HEMK1	0.842837372150192	0.0115433687608963	0.998573552758386	0.0115433687608963
SPG21	0.843150996727176	-0.0105765005441677	0.998573552758386	-0.0105765005441677
CTBS	0.843159302215318	-0.0141397870268001	0.998573552758386	-0.0141397870268001
TCEANC2	0.84316383366077	-0.0101885397884549	0.998573552758386	-0.0101885397884549
TMEM87A	0.843261038526983	-0.00439906255957735	0.998573552758386	-0.00439906255957735
FURIN	0.843329692905968	-0.0170047871946788	0.998573552758386	-0.0170047871946788
MCFD2	0.843343485223813	0.0127247028591099	0.998573552758386	0.0127247028591099
PLXNA3	0.84334650160597	0.0128118167872969	0.998573552758386	0.0128118167872969
SPSB1	0.843416282562246	-0.00679670084160569	0.998573552758386	-0.00679670084160569
FLNB	0.843460255199769	0.0100075710667324	0.998573552758386	0.0100075710667324
RETREG2	0.843463600347319	0.0116172984399779	0.998573552758386	0.0116172984399779
ESRRG	0.843618921565249	-0.00735300160094606	0.998573552758386	-0.00735300160094606
PLD1	0.843700200890158	-0.00362363845575683	0.998573552758386	-0.00362363845575683
HNRNPA0	0.843821211269292	0.0101969684373464	0.998573552758386	0.0101969684373464
AC007262.2	0.84387642224695	0.00872594691329306	0.998573552758386	0.00872594691329306
ELN	0.843981032833537	-0.0108878841908059	0.998573552758386	-0.0108878841908059
CSRNP2	0.844182700010561	0.0102572370708249	0.998573552758386	0.0102572370708249
HSPBP1	0.844287821770033	-0.0150519067396757	0.998573552758386	-0.0150519067396757
TMED5	0.844470259591561	-0.0106224753801915	0.998573552758386	-0.0106224753801915
DPYSL2	0.844506385448981	0.00394497004196402	0.998573552758386	0.00394497004196402
TVP23C	0.84463426156935	-0.00758353055459722	0.998573552758386	-0.00758353055459722
NBR1	0.844653987584099	-0.00500220465313501	0.998573552758386	-0.00500220465313501
LURAP1L	0.844787521592453	-0.0112700371631826	0.998573552758386	-0.0112700371631826
EIF4A2	0.844843815170831	0.0115581674778863	0.998573552758386	0.0115581674778863
NRDE2	0.845001840388448	0.00677229232924043	0.998573552758386	0.00677229232924043
CNKSR3	0.845014978652967	0.00516465968809285	0.998573552758386	0.00516465968809285
IDI2-AS1	0.845271826852917	0.010979984891836	0.998573552758386	0.010979984891836
NCBP1	0.845310994308734	0.0114413641104573	0.998573552758386	0.0114413641104573
SPIRE2	0.845358293234347	-0.0235571539678701	0.998573552758386	-0.0235571539678701
AC092910.3	0.845407395385375	-0.0100756629532499	0.998573552758386	-0.0100756629532499
LMTK2	0.845669377292653	0.00836367077122106	0.998573552758386	0.00836367077122106
NEK5	0.845710034057506	-0.012009529909255	0.998573552758386	-0.012009529909255
RPS10	0.845728310934547	0.0182287742474286	0.998573552758386	0.0182287742474286
MICAL3	0.845733187743298	0.0039617080112707	0.998573552758386	0.0039617080112707
ANKRD36C	0.845775468410582	-0.00538944813249445	0.998573552758386	-0.00538944813249445
ROBO3	0.845779705898124	0.013621774368399	0.998573552758386	0.013621774368399
TEAD1	0.846088401361582	-0.00515139008741751	0.998573552758386	-0.00515139008741751
SIRPA	0.846166088442807	0.00855574779619312	0.998573552758386	0.00855574779619312
AKT2	0.846191628256473	0.00640904306310083	0.998573552758386	0.00640904306310083
TMEM123	0.846297846391646	0.00557924703911805	0.998573552758386	0.00557924703911805
TMEM127	0.846327955064233	-0.0149246641521314	0.998573552758386	-0.0149246641521314
HPS5	0.846407178060741	0.00812523093961403	0.998573552758386	0.00812523093961403
AKR1B1	0.846533677764946	-0.013490975688997	0.998573552758386	-0.013490975688997
BLVRB	0.846662327721793	0.015890367119564	0.998573552758386	0.015890367119564
PLAAT4	0.846663557209495	-0.0173237328699562	0.998573552758386	-0.0173237328699562
LINC01473	0.84669176694992	0.00504785077725415	0.998573552758386	0.00504785077725415
RNASEH1	0.846863340736931	0.0103942824538191	0.998573552758386	0.0103942824538191
FER	0.846895102272759	-0.00405968707986163	0.998573552758386	-0.00405968707986163
CKAP5	0.846975922548234	0.00673779274472946	0.998573552758386	0.00673779274472946
GACAT3	0.846979680163158	0.0169665785195572	0.998573552758386	0.0169665785195572
PROSER3	0.84716391815286	-0.0168086412219726	0.998573552758386	-0.0168086412219726
AP1B1	0.84722318907468	-0.00910799284327321	0.998573552758386	-0.00910799284327321
ZNF426	0.84722587798593	-0.0131696205019885	0.998573552758386	-0.0131696205019885
NDRG1	0.847235240807423	-0.00443166178221071	0.998573552758386	-0.00443166178221071
THY1	0.84738518551216	0.0199730252391902	0.998573552758386	0.0199730252391902
HIST2H2BE	0.847421274383673	0.0160162853284401	0.998573552758386	0.0160162853284401
ERO1A	0.847484140267246	-0.010402103080192	0.998573552758386	-0.010402103080192
SCN3A	0.847612793836522	-0.0234663974036955	0.998573552758386	-0.0234663974036955
MAP3K11	0.847752164066986	0.00724276685730241	0.998573552758386	0.00724276685730241
USP45	0.847779817859612	0.00814839047897111	0.998573552758386	0.00814839047897111
LINC01128	0.847932539169418	-0.0143366735943761	0.998573552758386	-0.0143366735943761
LINC02062	0.847984168533565	0.00609631020507827	0.998573552758386	0.00609631020507827
LSM5	0.848000202077946	-0.0124292174019284	0.998573552758386	-0.0124292174019284
BX664615.2	0.848034929793877	0.016378672333841	0.998573552758386	0.016378672333841
CTNNB1	0.848067486412633	0.0074713558094122	0.998573552758386	0.0074713558094122
EPB41L4A	0.84808659457958	-0.0101466374126306	0.998573552758386	-0.0101466374126306
MICAL1	0.848153275803158	0.0186781370396118	0.998573552758386	0.0186781370396118
C2orf76	0.848187501792366	-0.00855862702209072	0.998573552758386	-0.00855862702209072
NFAT5	0.848355732606986	-0.00432329274064042	0.998573552758386	-0.00432329274064042
ARL13B	0.848462415589942	-0.00743479108442419	0.998573552758386	-0.00743479108442419
WDFY1	0.848582781158899	-0.00570768277826213	0.998573552758386	-0.00570768277826213
EIF4E3	0.848642535158733	-0.0114197681585654	0.998573552758386	-0.0114197681585654
MYRIP	0.848758740534639	0.0130244534913081	0.998573552758386	0.0130244534913081
PDE11A	0.848887921234089	0.0159778501339488	0.998573552758386	0.0159778501339488
ARPP19	0.848968127983754	-0.00948541595027743	0.998573552758386	-0.00948541595027743
VAMP4	0.849037543543951	-0.0128427225520005	0.998573552758386	-0.0128427225520005
DDX54	0.849127457306721	-0.0135342554900769	0.998573552758386	-0.0135342554900769
GABRG3	0.849222209538932	0.0188045417442789	0.998573552758386	0.0188045417442789
DNAJB14	0.849341066610584	0.00699859799238447	0.998573552758386	0.00699859799238447
LINC01004	0.849399168189824	0.00589956571649654	0.998573552758386	0.00589956571649654
PA2G4	0.849406797947206	-0.0102916738560417	0.998573552758386	-0.0102916738560417
TMC7	0.849411805798546	-0.00574982926512303	0.998573552758386	-0.00574982926512303
TMEM167A	0.849888681484902	-0.00900614325031793	0.998573552758386	-0.00900614325031793
TPD52	0.849969192648878	-0.00389538597989759	0.998573552758386	-0.00389538597989759
HIP1	0.849993132641236	-0.00388920032580537	0.998573552758386	-0.00388920032580537
MED16	0.850357414955822	-0.0103783810497447	0.998573552758386	-0.0103783810497447
MRFAP1L1	0.850428818309291	0.013422871676334	0.998573552758386	0.013422871676334
NAA38	0.850463736767002	-0.0215607088514825	0.998573552758386	-0.0215607088514825
PDXK	0.850662159979544	0.0123412099923321	0.998573552758386	0.0123412099923321
TSPAN5	0.850725550049446	0.00334467947103248	0.998573552758386	0.00334467947103248
FIS1	0.850729247523337	0.00841499634532073	0.998573552758386	0.00841499634532073
SELENOK	0.850854997603071	-0.0146903370560899	0.998573552758386	-0.0146903370560899
MMP24OS	0.850968494444508	0.00728536765224495	0.998573552758386	0.00728536765224495
PPIA	0.851028944562428	-0.0132693024757413	0.998573552758386	-0.0132693024757413
SERPINI1	0.851143330527797	0.00779735830387581	0.998573552758386	0.00779735830387581
INAFM1	0.851190884424526	-0.0189690171603238	0.998573552758386	-0.0189690171603238
CAVIN1	0.851211524890794	0.0112833641430128	0.998573552758386	0.0112833641430128
ZNF384	0.851314450651978	-0.0106521545675216	0.998573552758386	-0.0106521545675216
MAPK3	0.851420464192539	-0.011071493820799	0.998573552758386	-0.011071493820799
GLUD1	0.851472292692003	0.00540624398482801	0.998573552758386	0.00540624398482801
ZC3H3	0.851499315748626	0.0087695681353964	0.998573552758386	0.0087695681353964
AC008050.1	0.851679776539989	0.0118194547820029	0.998573552758386	0.0118194547820029
MAN1B1	0.851703087428671	0.0104077219657583	0.998573552758386	0.0104077219657583
SFXN3	0.852058794459925	0.00822353814743129	0.998573552758386	0.00822353814743129
TTYH2	0.852193990778974	0.00347733657191524	0.998573552758386	0.00347733657191524
TOMM22	0.852454518412164	-0.020258260225742	0.998573552758386	-0.020258260225742
ATP5PB	0.852528545430603	-0.0106980626523205	0.998573552758386	-0.0106980626523205
ACYP2	0.852539920913468	-0.00360379743212499	0.998573552758386	-0.00360379743212499
NPTXR	0.852565859545658	0.0113736126384054	0.998573552758386	0.0113736126384054
HAGH	0.852571788608956	-0.00560082516831549	0.998573552758386	-0.00560082516831549
LARP1B	0.852677216756815	0.00700245241695642	0.998573552758386	0.00700245241695642
CTDP1	0.852723046710253	-0.00971084115049198	0.998573552758386	-0.00971084115049198
DDT	0.852741028252263	0.0184104733480114	0.998573552758386	0.0184104733480114
CELSR2	0.852951154961717	0.00557497982555808	0.998573552758386	0.00557497982555808
FUT11	0.853025157804756	0.00889788408189326	0.998573552758386	0.00889788408189326
TCHP	0.853138615192969	-0.00737716514161407	0.998573552758386	-0.00737716514161407
ENC1	0.853232647900367	0.0227829197253502	0.998573552758386	0.0227829197253502
SPOPL	0.853343346985294	0.00695973328812184	0.998573552758386	0.00695973328812184
NCOR1	0.853442135852418	-0.00296944752285861	0.998573552758386	-0.00296944752285861
PLA2G4C	0.853482749180055	-0.00676132176799665	0.998573552758386	-0.00676132176799665
TSR3	0.853815785359671	0.0163883160892927	0.998573552758386	0.0163883160892927
ZNF232	0.853858946136274	0.014136585375682	0.998573552758386	0.014136585375682
RPS6KA2	0.853940344889811	-0.0061691144981312	0.998573552758386	-0.0061691144981312
ZNF763	0.854065847126133	-0.0114889609362681	0.998573552758386	-0.0114889609362681
SCFD2	0.854131642765165	-0.00497064152379527	0.998573552758386	-0.00497064152379527
PRPF8	0.854201811686335	0.00563955415858651	0.998573552758386	0.00563955415858651
TRIM65	0.854229957031616	-0.00993313288798851	0.998573552758386	-0.00993313288798851
CDS2	0.854365515979632	0.00444244250116508	0.998573552758386	0.00444244250116508
PDHX	0.854464249144177	0.00672648085067072	0.998573552758386	0.00672648085067072
NHLRC2	0.854749616236142	0.00525765425142955	0.998573552758386	0.00525765425142955
HIVEP2	0.854919838931094	-0.00537628733637403	0.998573552758386	-0.00537628733637403
KIF5A	0.855130426518277	0.0236847910562003	0.998573552758386	0.0236847910562003
SLC6A15	0.855152952585527	0.00681148155394683	0.998573552758386	0.00681148155394683
SLITRK5	0.855154720414989	-0.0208857562984654	0.998573552758386	-0.0208857562984654
CYB5B	0.855222084036974	-0.00632811049643429	0.998573552758386	-0.00632811049643429
LRRC4C	0.855397807091274	-0.00699178000732678	0.998573552758386	-0.00699178000732678
LYRM1	0.855406798362969	-0.0108601769461037	0.998573552758386	-0.0108601769461037
RPL29	0.855536473513403	-0.0113202903806517	0.998573552758386	-0.0113202903806517
PYROXD2	0.855637430018661	0.0110490596195342	0.998573552758386	0.0110490596195342
KLHDC3	0.855923225536238	0.012230755464482	0.998573552758386	0.012230755464482
ZMAT3	0.85592628006513	-0.01172756554195	0.998573552758386	-0.01172756554195
MAP1S	0.855983737435319	-0.014352686031206	0.998573552758386	-0.014352686031206
RPL6	0.856310662187514	0.0114273350512661	0.998573552758386	0.0114273350512661
BDP1	0.85643919965546	0.00587694647575866	0.998573552758386	0.00587694647575866
TBC1D2	0.85646793137581	-0.00668713812735173	0.998573552758386	-0.00668713812735173
NFU1	0.856652095248351	0.00746574916689195	0.998573552758386	0.00746574916689195
KIAA1191	0.856702391346843	0.0111250333567466	0.998573552758386	0.0111250333567466
NCS1	0.856784908370614	-0.0178885152030266	0.998573552758386	-0.0178885152030266
AC008771.1	0.856964630920208	-0.0128321616983223	0.998573552758386	-0.0128321616983223
REPIN1	0.857103074540483	-0.0101694990177337	0.998573552758386	-0.0101694990177337
MAP2K7	0.857313674538068	0.00549073833433555	0.998573552758386	0.00549073833433555
ZNF710-AS1	0.85734452494941	0.0134214034017102	0.998573552758386	0.0134214034017102
TNRC6C	0.857394336403696	0.00301474102262791	0.998573552758386	0.00301474102262791
FBXO38	0.85744413904682	-0.00733878352536519	0.998573552758386	-0.00733878352536519
DTHD1	0.857753835713083	0.0139741570607971	0.998573552758386	0.0139741570607971
SLC43A2	0.857754878733459	0.017669581087297	0.998573552758386	0.017669581087297
FSTL3	0.857933433438514	-0.022014095816559	0.998573552758386	-0.022014095816559
ZBTB37	0.858047446822968	-0.00670336173018869	0.998573552758386	-0.00670336173018869
TAB1	0.858269114119701	0.00611185055086474	0.998573552758386	0.00611185055086474
MIR646HG	0.858347212142425	-0.0116707110456304	0.998573552758386	-0.0116707110456304
ZNF415	0.858373852106071	0.00953108989083704	0.998573552758386	0.00953108989083704
LINC02073	0.858406144281278	0.00835815786356559	0.998573552758386	0.00835815786356559
YIPF1	0.858421793197435	-0.00964235976749739	0.998573552758386	-0.00964235976749739
CLASRP	0.858426604748384	0.00428213253689177	0.998573552758386	0.00428213253689177
EBAG9	0.85849550630602	0.0123967054408964	0.998573552758386	0.0123967054408964
ZDHHC8	0.858666098989601	-0.00777016019729974	0.998573552758386	-0.00777016019729974
SURF6	0.858745502364975	0.0118210393190247	0.998573552758386	0.0118210393190247
KLHL22	0.858877869417263	-0.00501971944979057	0.998573552758386	-0.00501971944979057
RASA2	0.859212868331264	-0.00591707418353998	0.998573552758386	-0.00591707418353998
ERF	0.859242356925003	-0.00843107556663959	0.998573552758386	-0.00843107556663959
AL035681.1	0.859254443419128	-0.00874372844842354	0.998573552758386	-0.00874372844842354
YIPF6	0.859283289189297	0.00845216469415387	0.998573552758386	0.00845216469415387
TBC1D19	0.85929446894543	-0.00709234427811164	0.998573552758386	-0.00709234427811164
TNPO3	0.859319237101063	-0.00536051347057962	0.998573552758386	-0.00536051347057962
XPNPEP1	0.859336476068466	-0.00820049486544772	0.998573552758386	-0.00820049486544772
SNX2	0.859389312927256	-0.00635093773969949	0.998573552758386	-0.00635093773969949
TMEM145	0.859470713137429	-0.014117792892467	0.998573552758386	-0.014117792892467
RXRB	0.859487923684619	0.0123252552989611	0.998573552758386	0.0123252552989611
LIMCH1	0.859616761930582	-0.0025959045332999	0.998573552758386	-0.0025959045332999
WDR36	0.859655789996552	-0.011127660918774	0.998573552758386	-0.011127660918774
TMPRSS5	0.859865513867589	-0.0124149130493103	0.998573552758386	-0.0124149130493103
RFWD3	0.859983959514989	0.00840523598192309	0.998573552758386	0.00840523598192309
ZNF675	0.860089911952993	-0.00992988050689473	0.998573552758386	-0.00992988050689473
FAM200A	0.860166002010487	0.00905859636470441	0.998573552758386	0.00905859636470441
AFG1L	0.860248733180298	0.00682559497336699	0.998573552758386	0.00682559497336699
MIS18BP1	0.860375090738872	-0.0165301374009422	0.998573552758386	-0.0165301374009422
RPL23A	0.860561957551108	0.011354220132951	0.998573552758386	0.011354220132951
PLEKHH1	0.860676555921214	0.00389962736830876	0.998573552758386	0.00389962736830876
PLEKHA5	0.860708097249186	-0.0127539835804293	0.998573552758386	-0.0127539835804293
ZFP36L2	0.860800645129834	-0.00687155562648185	0.998573552758386	-0.00687155562648185
CRTAP	0.860801518795068	0.00904814629459632	0.998573552758386	0.00904814629459632
ABCA9	0.86081129595976	-0.0147424364143223	0.998573552758386	-0.0147424364143223
OGFR	0.860858235452367	0.00860848421619436	0.998573552758386	0.00860848421619436
AC007614.1	0.860941980162236	0.0152622477677049	0.998573552758386	0.0152622477677049
LATS1	0.860973229603683	-0.00512314350280314	0.998573552758386	-0.00512314350280314
PAQR4	0.860994524928449	-0.00737963731820518	0.998573552758386	-0.00737963731820518
AL583829.1	0.861032332886095	-0.0126141604891105	0.998573552758386	-0.0126141604891105
ABHD13	0.861281260377715	-0.0112816282911241	0.998573552758386	-0.0112816282911241
PTPRD-AS1	0.861379995752493	0.0160114668455569	0.998573552758386	0.0160114668455569
RPL35A	0.861515294790426	-0.0131084094415734	0.998573552758386	-0.0131084094415734
ZHX2	0.861572959674192	-0.00408571943136601	0.998573552758386	-0.00408571943136601
ECD	0.861589803440553	0.00704047337688437	0.998573552758386	0.00704047337688437
EIF4A3	0.861683409905667	-0.0170120919820548	0.998573552758386	-0.0170120919820548
H3F3B	0.861687086272524	0.00794003481093698	0.998573552758386	0.00794003481093698
AP000688.2	0.861862845084103	0.00972184382035274	0.998573552758386	0.00972184382035274
BAD	0.861954969864114	0.0133726389010018	0.998573552758386	0.0133726389010018
AGPAT1	0.86200572843685	0.0109168802614546	0.998573552758386	0.0109168802614546
CSMD2	0.862411976483813	0.00567437697356842	0.998573552758386	0.00567437697356842
DSEL	0.862443449851097	0.00538616951567124	0.998573552758386	0.00538616951567124
RNF170	0.862520999765682	0.00493535246606155	0.998573552758386	0.00493535246606155
PSME2	0.862551866500616	0.0120225501937688	0.998573552758386	0.0120225501937688
KCNMA1	0.862626308789516	-0.0152765329197971	0.998573552758386	-0.0152765329197971
PCSK5	0.862690449321885	0.0123358498987762	0.998573552758386	0.0123358498987762
INPP5B	0.862841101653168	-0.00622207887423419	0.998573552758386	-0.00622207887423419
MTMR9	0.862903081644702	-0.00685481054247832	0.998573552758386	-0.00685481054247832
AC009961.1	0.862914651137673	-0.0144427243211607	0.998573552758386	-0.0144427243211607
WDHD1	0.862925685540089	0.0128792946025414	0.998573552758386	0.0128792946025414
ZRANB3	0.863008275929535	-0.00536915861848469	0.998573552758386	-0.00536915861848469
EPC2	0.863050268237694	0.00533869947195286	0.998573552758386	0.00533869947195286
MOB1A	0.863053075402078	0.00996011976617516	0.998573552758386	0.00996011976617516
PLLP	0.863073174172299	-0.00431314370035901	0.998573552758386	-0.00431314370035901
KCNMB2	0.863163479849343	-0.0178018337009367	0.998573552758386	-0.0178018337009367
SEM1	0.863205243511749	0.00623407174450654	0.998573552758386	0.00623407174450654
PTGES3	0.863338109480083	0.00662046226696056	0.998573552758386	0.00662046226696056
PPIL4	0.863391004117434	0.00628978654637607	0.998573552758386	0.00628978654637607
PPP3CB-AS1	0.863497340474209	0.0168162121921089	0.998573552758386	0.0168162121921089
NDUFB7	0.863536460735064	0.0118715561071286	0.998573552758386	0.0118715561071286
PAXBP1-AS1	0.863556249046862	0.0106494092773119	0.998573552758386	0.0106494092773119
IPO13	0.86370666042324	0.00633968596243407	0.998573552758386	0.00633968596243407
SGSM1	0.863790793201598	0.0116529184444359	0.998573552758386	0.0116529184444359
CASKIN2	0.863804717123841	-0.00930643212520633	0.998573552758386	-0.00930643212520633
TRIM24	0.863870665148634	0.00527065641707559	0.998573552758386	0.00527065641707559
TMEM131L	0.863895684210362	-0.00584242716088198	0.998573552758386	-0.00584242716088198
MIR4300HG	0.863956133839457	0.0147892511991959	0.998573552758386	0.0147892511991959
PAM16	0.864102245974272	0.00645811968616075	0.998573552758386	0.00645811968616075
PIGM	0.864114610323535	0.00675545038594283	0.998573552758386	0.00675545038594283
LINC00862	0.864196433659117	0.00601240368693761	0.998573552758386	0.00601240368693761
ZBTB3	0.864212752170801	0.011721396354433	0.998573552758386	0.011721396354433
R3HDM4	0.864337024205708	0.0136238430083395	0.998573552758386	0.0136238430083395
RPS4X	0.864337987204898	0.0121013418504107	0.998573552758386	0.0121013418504107
PARD6G-AS1	0.864400090675607	-0.0192738584409878	0.998573552758386	-0.0192738584409878
DIAPH2	0.864734151478339	0.0128792987688702	0.998573552758386	0.0128792987688702
AK9	0.864784006131194	0.00607381591317114	0.998573552758386	0.00607381591317114
SPDYE2	0.864788885711621	0.0225586802024637	0.998573552758386	0.0225586802024637
GUF1	0.864952060905351	0.00954579091792996	0.998573552758386	0.00954579091792996
ANGEL1	0.865031735786202	0.00733652328126615	0.998573552758386	0.00733652328126615
PHF8	0.865118686191165	-0.00634061730082177	0.998573552758386	-0.00634061730082177
ETHE1	0.865124027211823	-0.0113478666042031	0.998573552758386	-0.0113478666042031
RAB8B	0.865313480219658	-0.00504799646823342	0.998573552758386	-0.00504799646823342
MEIS1	0.865391398284098	-0.00492995090724949	0.998573552758386	-0.00492995090724949
WDR60	0.865578910545447	-0.00553073185450885	0.998573552758386	-0.00553073185450885
SND1	0.865640118189882	0.00509257731863726	0.998573552758386	0.00509257731863726
BCL2	0.865755863868064	0.00531329619612074	0.998573552758386	0.00531329619612074
D2HGDH	0.865830158481235	0.00789746301920809	0.998573552758386	0.00789746301920809
CSNK1G3	0.86592035261872	-0.00758699365956901	0.998573552758386	-0.00758699365956901
HTATIP2	0.865999009128729	-0.00722326533131443	0.998573552758386	-0.00722326533131443
TMEM129	0.866091353578923	-0.00876355624058222	0.998573552758386	-0.00876355624058222
YWHAB	0.866184108011828	-0.00938446292269298	0.998573552758386	-0.00938446292269298
MRPL38	0.866210371294425	-0.00782059691257344	0.998573552758386	-0.00782059691257344
NOL7	0.866232916889677	-0.010127625583668	0.998573552758386	-0.010127625583668
DTX4	0.866235265808019	0.0108968633507028	0.998573552758386	0.0108968633507028
RAD21	0.866354112908143	-0.00656001130432205	0.998573552758386	-0.00656001130432205
AGFG1	0.866443726818547	-0.00380265039710789	0.998573552758386	-0.00380265039710789
RIPK1	0.866737283092399	-0.00878356128527758	0.998573552758386	-0.00878356128527758
EDIL3	0.866926451105852	0.00233561865681094	0.998573552758386	0.00233561865681094
SEC24A	0.866928427547367	-0.00736363995823857	0.998573552758386	-0.00736363995823857
RGCC	0.867040902177731	0.00649352252912176	0.998573552758386	0.00649352252912176
MYO19	0.867323043385216	0.00655509563000994	0.998573552758386	0.00655509563000994
RBBP4	0.867347963583939	-0.00464162757394715	0.998573552758386	-0.00464162757394715
SPNS1	0.867366059924153	0.00976009332511624	0.998573552758386	0.00976009332511624
PSPH	0.867476278786486	-0.00777187290177934	0.998573552758386	-0.00777187290177934
XRN1	0.867565757390266	-0.00347168440690834	0.998573552758386	-0.00347168440690834
PARP6	0.867878713446869	-0.00503256467738894	0.998573552758386	-0.00503256467738894
RBM17	0.86788197394548	-0.00537792698395935	0.998573552758386	-0.00537792698395935
KLF15	0.867926113769969	-0.00877877245993787	0.998573552758386	-0.00877877245993787
LYPLAL1-DT	0.868266251295546	-0.011980296824924	0.998573552758386	-0.011980296824924
MGAT4B	0.868272643751089	-0.0139072272289343	0.998573552758386	-0.0139072272289343
ZNF557	0.868395386864428	0.0100169870775391	0.998573552758386	0.0100169870775391
AMPH	0.868396129359987	-0.0183488930052843	0.998573552758386	-0.0183488930052843
DGCR9	0.868457334613273	-0.0180526018128317	0.998573552758386	-0.0180526018128317
AC020907.1	0.868672545799745	-0.0120827923484097	0.998573552758386	-0.0120827923484097
HNRNPLL	0.868684377812309	0.00874290346510209	0.998573552758386	0.00874290346510209
SLC35C2	0.869107462493748	-0.00808214795552027	0.998573552758386	-0.00808214795552027
CXorf38	0.869113706210116	-0.00895677902825549	0.998573552758386	-0.00895677902825549
ARPIN	0.869467991333164	-0.0137956344772983	0.998573552758386	-0.0137956344772983
MAFG	0.869488473988741	-0.00892280319867307	0.998573552758386	-0.00892280319867307
DDX39A	0.869517896259393	0.00911423735566795	0.998573552758386	0.00911423735566795
GK5	0.869634621571347	0.00817223466472106	0.998573552758386	0.00817223466472106
CHMP4A	0.86963728303842	0.0080160353630101	0.998573552758386	0.0080160353630101
NAPG	0.869824036809108	0.00513016512171544	0.998573552758386	0.00513016512171544
MAEA	0.86988337068361	-0.0067231611333143	0.998573552758386	-0.0067231611333143
SELENOH	0.869964605540414	-0.0113194794299992	0.998573552758386	-0.0113194794299992
CAPZA2	0.86999689358892	0.007199818391193	0.998573552758386	0.007199818391193
CXXC1	0.870262164178075	0.00735893086649687	0.998573552758386	0.00735893086649687
SLC3A2	0.870283704173143	0.0124215018417078	0.998573552758386	0.0124215018417078
EEF2	0.870351856886708	0.00822487148626761	0.998573552758386	0.00822487148626761
PHF1	0.870647129083961	0.00788606235881936	0.998573552758386	0.00788606235881936
OLMALINC	0.870845077610074	-0.00504633863445762	0.998573552758386	-0.00504633863445762
TOMM40	0.871172750804219	-0.00773901176624663	0.998573552758386	-0.00773901176624663
GATAD2A	0.871196446887114	0.00689315916242069	0.998573552758386	0.00689315916242069
NTAN1	0.871277431897776	0.0122683980343706	0.998573552758386	0.0122683980343706
TENT4B	0.871429862624902	-0.00582813716336696	0.998573552758386	-0.00582813716336696
YJEFN3	0.87145945470232	-0.014343413343675	0.998573552758386	-0.014343413343675
MSL1	0.871737802060288	-0.00582405361832258	0.998573552758386	-0.00582405361832258
GREB1	0.871789099110354	0.00855557730277797	0.998573552758386	0.00855557730277797
IRF2BP2	0.87185945018081	-0.00664971125820353	0.998573552758386	-0.00664971125820353
COX6B1	0.871866785266348	-0.012634477707733	0.998573552758386	-0.012634477707733
BTD	0.872052290636383	-0.00612654138169798	0.998573552758386	-0.00612654138169798
STK38	0.872181097528491	-0.00562298660699952	0.998573552758386	-0.00562298660699952
LRIG1	0.872305898709708	0.00538145926509436	0.998573552758386	0.00538145926509436
IDH3G	0.872321570815629	-0.013341601622594	0.998573552758386	-0.013341601622594
NDUFB3	0.872574849172438	0.0161937020383279	0.998573552758386	0.0161937020383279
OSBPL8	0.872617442294687	-0.0059510574824127	0.998573552758386	-0.0059510574824127
C19orf53	0.872688637064164	-0.0149748930479693	0.998573552758386	-0.0149748930479693
ZNRF3	0.872700840972677	-0.00987305065803413	0.998573552758386	-0.00987305065803413
VPS16	0.872729207939619	0.00865124536671262	0.998573552758386	0.00865124536671262
TRIM16	0.873034652934608	-0.00669604140042219	0.998573552758386	-0.00669604140042219
TCEANC	0.873060618966876	-0.0116409711528656	0.998573552758386	-0.0116409711528656
AK1	0.873197738687642	0.0116798891285366	0.998573552758386	0.0116798891285366
LIN52	0.873217850835315	-0.00452557165930456	0.998573552758386	-0.00452557165930456
CACUL1	0.873223710575913	-0.00485355413054964	0.998573552758386	-0.00485355413054964
NDUFB1	0.873311232080997	-0.012287986837288	0.998573552758386	-0.012287986837288
TCTE3	0.873318252331849	0.0152453278391154	0.998573552758386	0.0152453278391154
SCML1	0.873348175379609	0.0109502573399845	0.998573552758386	0.0109502573399845
MAGI2-AS3	0.873454299841791	0.00362001784711285	0.998573552758386	0.00362001784711285
SLC22A23	0.873541039461863	-0.00367364636296641	0.998573552758386	-0.00367364636296641
RGS12	0.873556725583128	-0.00622744261886413	0.998573552758386	-0.00622744261886413
FAM168B	0.873643601906308	-0.00533152141834794	0.998573552758386	-0.00533152141834794
SPTBN4	0.873768219266554	0.0136982450902381	0.998573552758386	0.0136982450902381
NSUN2	0.873822215294473	0.00751433494366133	0.998573552758386	0.00751433494366133
KPNB1	0.873823893019746	-0.00397733493482316	0.998573552758386	-0.00397733493482316
HR	0.87417603743495	0.00970739816611773	0.998573552758386	0.00970739816611773
IFRD1	0.874194083063975	-0.00579480421861083	0.998573552758386	-0.00579480421861083
RBM18	0.87420275494722	-0.00977522835158503	0.998573552758386	-0.00977522835158503
ERG28	0.874212621339634	0.0105836696133028	0.998573552758386	0.0105836696133028
AL162391.1	0.874275932910718	0.0111906672117936	0.998573552758386	0.0111906672117936
C16orf72	0.874277203983058	-0.00770648335462597	0.998573552758386	-0.00770648335462597
CYB561A3	0.874394809702394	0.0113325815534401	0.998573552758386	0.0113325815534401
HSD17B7	0.874425615143956	0.00719835089209955	0.998573552758386	0.00719835089209955
MTCH2	0.874532454464344	-0.00583925822594139	0.998573552758386	-0.00583925822594139
MHENCR	0.874697015409199	-0.00833647217099276	0.998573552758386	-0.00833647217099276
PCBP4	0.874769658546592	-0.00580531902348424	0.998573552758386	-0.00580531902348424
ZNF177	0.874797681389787	0.00887723186758442	0.998573552758386	0.00887723186758442
GIGYF2	0.874905542692635	-0.00375323098871232	0.998573552758386	-0.00375323098871232
TP53BP2	0.874994779067347	-0.00646896335876148	0.998573552758386	-0.00646896335876148
CPT1B	0.875404103772292	0.00785684851557113	0.998573552758386	0.00785684851557113
ZSWIM6	0.875510684905299	-0.00274696538862614	0.998573552758386	-0.00274696538862614
TMED9	0.875547155232959	0.0129272797694172	0.998573552758386	0.0129272797694172
CCDC85B	0.875703011167855	-0.0153166325613194	0.998573552758386	-0.0153166325613194
PPME1	0.87571969237768	0.0060899116329912	0.998573552758386	0.0060899116329912
TPCN1	0.875811234259437	-0.00378765206854169	0.998573552758386	-0.00378765206854169
KLHL5	0.875976126829484	-0.00487699018735686	0.998573552758386	-0.00487699018735686
RP9	0.876056088326154	0.00906327047244134	0.998573552758386	0.00906327047244134
SPP1	0.876091090154054	0.00551333556028221	0.998573552758386	0.00551333556028221
LYRM4	0.876235775861846	-0.00502103433496405	0.998573552758386	-0.00502103433496405
CHST10	0.876290922224551	-0.0115214668590155	0.998573552758386	-0.0115214668590155
TMEM199	0.876748623832273	0.0128590708283087	0.998573552758386	0.0128590708283087
HNRNPUL2	0.876763568966467	0.00713890562627153	0.998573552758386	0.00713890562627153
DMD	0.87678975009982	0.00342688801629178	0.998573552758386	0.00342688801629178
PSMB2	0.876790551360674	0.00900570943994196	0.998573552758386	0.00900570943994196
GALC	0.876840721134596	-0.00678297811931857	0.998573552758386	-0.00678297811931857
RRNAD1	0.876887699603164	-0.00768383833035514	0.998573552758386	-0.00768383833035514
ARHGDIA	0.87699806433493	0.00751703489916958	0.998573552758386	0.00751703489916958
UMPS	0.877284779695802	0.00905971700785661	0.998573552758386	0.00905971700785661
ARNT2	0.877313372740854	-0.00449812808754297	0.998573552758386	-0.00449812808754297
CHMP3	0.877346407950008	-0.00619180704587191	0.998573552758386	-0.00619180704587191
SYNCRIP	0.877407597588765	-0.00501965714990527	0.998573552758386	-0.00501965714990527
TSGA10	0.877511165288334	-0.00516312957026704	0.998573552758386	-0.00516312957026704
UNC13B	0.87757674188347	0.00595360960226111	0.998573552758386	0.00595360960226111
NUP153	0.877578619605389	-0.00458142636051599	0.998573552758386	-0.00458142636051599
NINJ2	0.877642219037477	0.00420697556388356	0.998573552758386	0.00420697556388356
COMMD9	0.877653859808828	-0.0127267069803134	0.998573552758386	-0.0127267069803134
CTNND2	0.877657854290617	0.00288947768814973	0.998573552758386	0.00288947768814973
ILK	0.877815165960739	-0.00753716437949716	0.998573552758386	-0.00753716437949716
NOP14	0.877860638136085	0.012418676314706	0.998573552758386	0.012418676314706
AC009630.1	0.877883581176923	-0.0125346513899048	0.998573552758386	-0.0125346513899048
SH3TC2	0.877914672674146	0.00336387907028592	0.998573552758386	0.00336387907028592
AURKAIP1	0.877978338151659	-0.0122562941538167	0.998573552758386	-0.0122562941538167
FAM160A2	0.878094037998872	-0.0097770350161442	0.998573552758386	-0.0097770350161442
OCIAD1	0.878101888212112	0.00416143540719849	0.998573552758386	0.00416143540719849
NOL4L	0.87810433902216	-0.00488015784541164	0.998573552758386	-0.00488015784541164
SEMA7A	0.878183761912232	-0.00831399814219597	0.998573552758386	-0.00831399814219597
BTBD16	0.878210342133376	-0.0111515721041434	0.998573552758386	-0.0111515721041434
KLHL7	0.878393110797786	0.0063552761576183	0.998573552758386	0.0063552761576183
MOG	0.878438926566274	-0.00422821887862052	0.998573552758386	-0.00422821887862052
ARMH1	0.878544806089555	0.0114126825132287	0.998573552758386	0.0114126825132287
CPEB2-DT	0.878713704165924	0.0113557225592183	0.998573552758386	0.0113557225592183
ABHD17A	0.87881125686227	0.00598662508368254	0.998573552758386	0.00598662508368254
AC008969.1	0.878879088492794	0.00699634922126808	0.998573552758386	0.00699634922126808
ARHGAP1	0.878894408310815	-0.00395011160903183	0.998573552758386	-0.00395011160903183
XPO6	0.87916382824425	-0.00408688097765082	0.998573552758386	-0.00408688097765082
ACAT2	0.879372441559119	-0.00987183377357264	0.998573552758386	-0.00987183377357264
REXO4	0.879431450845397	0.00832523593204793	0.998573552758386	0.00832523593204793
ITGB1BP1	0.879491353913686	-0.00537352278432194	0.998573552758386	-0.00537352278432194
RPE	0.879532654059073	0.00757659945455793	0.998573552758386	0.00757659945455793
LDLRAP1	0.87956062379222	0.00572884331619771	0.998573552758386	0.00572884331619771
SYNPR	0.879650614029133	-0.0143715724012358	0.998573552758386	-0.0143715724012358
SURF4	0.879803736979639	0.00742849255773136	0.998573552758386	0.00742849255773136
GSK3A	0.879881530159891	0.00812161148665168	0.998573552758386	0.00812161148665168
HIRIP3	0.879923883721639	0.0105627735767961	0.998573552758386	0.0105627735767961
LMNB2	0.879970059546566	-0.0104478946205911	0.998573552758386	-0.0104478946205911
PPP2R5A	0.880034395215963	-0.00394062945286841	0.998573552758386	-0.00394062945286841
TMX4	0.880140571992573	0.00773173284090539	0.998573552758386	0.00773173284090539
AC022146.2	0.880413038195006	0.0150942338216467	0.998573552758386	0.0150942338216467
BPTF	0.880413368342706	0.00323895680051872	0.998573552758386	0.00323895680051872
SIDT2	0.880507450955987	0.00682480560451305	0.998573552758386	0.00682480560451305
BEX4	0.880591389127453	0.00862508259079274	0.998573552758386	0.00862508259079274
NUP37	0.880639624456107	-0.0107857927755423	0.998573552758386	-0.0107857927755423
PDE6D	0.880644319380509	-0.00558614981266214	0.998573552758386	-0.00558614981266214
SLC16A7	0.880701711393731	-0.00658107535308551	0.998573552758386	-0.00658107535308551
MOCS1	0.88073805363358	-0.010902009981105	0.998573552758386	-0.010902009981105
HBP1	0.880774678846505	0.00459651529576868	0.998573552758386	0.00459651529576868
ZNF720	0.88086351037566	0.00767720720684545	0.998573552758386	0.00767720720684545
PSMB10	0.881109784500601	-0.0162023233001473	0.998573552758386	-0.0162023233001473
NUCB2	0.8811184146563	0.00890829409054663	0.998573552758386	0.00890829409054663
GABRG2	0.881238486845558	0.0170570005174985	0.998573552758386	0.0170570005174985
FPGS	0.881342579872298	0.00593755481177245	0.998573552758386	0.00593755481177245
SAMD4B	0.881352496272363	-0.00431115608999295	0.998573552758386	-0.00431115608999295
ZNF251	0.88137225052696	0.00425277265797207	0.998573552758386	0.00425277265797207
RIF1	0.881428531207553	-0.00347147634532294	0.998573552758386	-0.00347147634532294
ITGB8	0.881459308175732	-0.00342380605134084	0.998573552758386	-0.00342380605134084
BBS4	0.881487222231603	0.00730366747856684	0.998573552758386	0.00730366747856684
KRBA1	0.881566260814295	0.0117439299263276	0.998573552758386	0.0117439299263276
SUMF1	0.881675574915759	0.00403994400430715	0.998573552758386	0.00403994400430715
PARD3B	0.881679469302933	-0.00674052977107754	0.998573552758386	-0.00674052977107754
AC118549.1	0.881717367401954	0.00276488714966822	0.998573552758386	0.00276488714966822
SNX9	0.881988833503099	0.00337800624386073	0.998573552758386	0.00337800624386073
YAE1	0.8820003018443	-0.00546639290368342	0.998573552758386	-0.00546639290368342
FTH1	0.882019463152126	0.00670882801441555	0.998573552758386	0.00670882801441555
FAM221A	0.88234237194171	0.0077956138986185	0.998573552758386	0.0077956138986185
SMIM8	0.882485971716667	0.00806690245358547	0.998573552758386	0.00806690245358547
STX7	0.882614845476884	0.00406319632073642	0.998573552758386	0.00406319632073642
LETMD1	0.882645123043441	-0.0071787348164675	0.998573552758386	-0.0071787348164675
CLIP1	0.882782752984629	0.00744676346050141	0.998573552758386	0.00744676346050141
RALGAPB	0.882816560811889	-0.00361295095246238	0.998573552758386	-0.00361295095246238
KCTD17	0.882860837852051	-0.0111284214649077	0.998573552758386	-0.0111284214649077
SCHIP1	0.882881364397166	-0.00734033420853922	0.998573552758386	-0.00734033420853922
PFKL	0.883046178457448	0.0053851442997255	0.998573552758386	0.0053851442997255
TTLL9	0.883120429111107	-0.0071119223941209	0.998573552758386	-0.0071119223941209
ACBD5	0.883169559833583	-0.00628944974304691	0.998573552758386	-0.00628944974304691
SLC30A9	0.883201189901658	-0.0041222078518743	0.998573552758386	-0.0041222078518743
CALU	0.883243241708176	0.00658081634605497	0.998573552758386	0.00658081634605497
PROX1-AS1	0.883316827180582	0.00763559204361838	0.998573552758386	0.00763559204361838
AP002812.2	0.883363787471042	0.00787875631973828	0.998573552758386	0.00787875631973828
IGIP	0.88342945187691	0.00808946540781354	0.998573552758386	0.00808946540781354
SCAMP2	0.883485162591557	-0.00611033249084547	0.998573552758386	-0.00611033249084547
CNIH3	0.883509369975837	-0.0083189956479289	0.998573552758386	-0.0083189956479289
CACNG7	0.883600940933964	-0.00603545926730189	0.998573552758386	-0.00603545926730189
RAPGEF4	0.883750084939331	0.012700759787611	0.998573552758386	0.012700759787611
PRKCA	0.883827014726106	0.00470352749468157	0.998573552758386	0.00470352749468157
FZD5	0.883877078594209	-0.0110916248974209	0.998573552758386	-0.0110916248974209
MED11	0.883910453583965	0.0113420876108027	0.998573552758386	0.0113420876108027
RANBP9	0.883947761894148	-0.00611373492147402	0.998573552758386	-0.00611373492147402
LINC00706	0.884004886885855	-0.0101442492791451	0.998573552758386	-0.0101442492791451
ARL17B	0.884063117341792	0.0119137161289025	0.998573552758386	0.0119137161289025
SLC35F6	0.884458029111105	0.0108269810465606	0.998573552758386	0.0108269810465606
CD82	0.884476352121695	-0.00560323974963021	0.998573552758386	-0.00560323974963021
CLCA4	0.884499658092732	-0.00721802643384321	0.998573552758386	-0.00721802643384321
MYO1D	0.884526145197706	0.00272398993987439	0.998573552758386	0.00272398993987439
OTUD7B	0.884689248625771	0.00301085504896021	0.998573552758386	0.00301085504896021
PGAP1	0.884828226198208	-0.00578177174687054	0.998573552758386	-0.00578177174687054
GTF2IRD2	0.884970167908607	-0.00545926020448738	0.998573552758386	-0.00545926020448738
AGL	0.885101392906099	0.00663370437251175	0.998573552758386	0.00663370437251175
CSGALNACT1	0.885218525316282	-0.0151142462935291	0.998573552758386	-0.0151142462935291
TMEM126B	0.885293084139712	-0.0104738389362918	0.998573552758386	-0.0104738389362918
C14orf132	0.885369315872202	-0.00571886388438365	0.998573552758386	-0.00571886388438365
NEK4	0.885398443875259	-0.00638033695442988	0.998573552758386	-0.00638033695442988
BACH2	0.885476658957097	0.00283120384432778	0.998573552758386	0.00283120384432778
ANKRD13D	0.885481045501591	-0.00571267342432144	0.998573552758386	-0.00571267342432144
NR4A2	0.885614558017957	-0.00899239562482445	0.998573552758386	-0.00899239562482445
SOX6	0.885617497768497	0.014031978209319	0.998573552758386	0.014031978209319
CDH11	0.885667415030858	-0.00538716514098338	0.998573552758386	-0.00538716514098338
MTR	0.885770271111035	-0.00438234820407014	0.998573552758386	-0.00438234820407014
COL9A3	0.885957196564288	-0.0079245102186206	0.998573552758386	-0.0079245102186206
RNF40	0.885958063685599	-0.0078660043337976	0.998573552758386	-0.0078660043337976
LINC01138	0.886178659833724	0.00676743082000322	0.998573552758386	0.00676743082000322
MDM1	0.886326762600789	0.00934143389571779	0.998573552758386	0.00934143389571779
WBP2	0.88639633243026	-0.00555179238780975	0.998573552758386	-0.00555179238780975
ZNF665	0.886402178789799	-0.00930219176206127	0.998573552758386	-0.00930219176206127
AC005899.5	0.886502703151101	0.0117519499727316	0.998573552758386	0.0117519499727316
CNTN3	0.886618869712071	0.0138035612147398	0.998573552758386	0.0138035612147398
SIK2	0.886698028518662	0.00269757702281765	0.998573552758386	0.00269757702281765
CD9	0.886760829919857	0.00630127253958035	0.998573552758386	0.00630127253958035
CSMD1	0.886796864707745	0.0134840975417148	0.998573552758386	0.0134840975417148
SARS2	0.886826994834999	-0.0131896691519482	0.998573552758386	-0.0131896691519482
SNHG29	0.887100002436994	0.00529473868227823	0.998573552758386	0.00529473868227823
AC060780.1	0.88712811589952	0.00683985255813652	0.998573552758386	0.00683985255813652
PPP6R1	0.887203097162258	0.00545993697740682	0.998573552758386	0.00545993697740682
AC023509.6	0.887211914535947	-0.0136346850750312	0.998573552758386	-0.0136346850750312
IFT27	0.887436718493637	-0.00768167460289925	0.998573552758386	-0.00768167460289925
DYNLL2	0.887505316755604	0.00731908179469694	0.998573552758386	0.00731908179469694
AC027644.3	0.887576177422557	-0.0133280845013014	0.998573552758386	-0.0133280845013014
COX11	0.88766276202043	-0.00820570428055829	0.998573552758386	-0.00820570428055829
DTWD1	0.887685051423648	-0.00442659299281029	0.998573552758386	-0.00442659299281029
PATL1	0.887813947298106	0.0075410203604186	0.998573552758386	0.0075410203604186
SERINC3	0.88785379957665	-0.00676787662931451	0.998573552758386	-0.00676787662931451
TAF10	0.887989485029045	-0.00929881909731388	0.998573552758386	-0.00929881909731388
MED23	0.888059835620437	0.00597403608502428	0.998573552758386	0.00597403608502428
ANO4	0.88824973481364	-0.00263628630860443	0.998573552758386	-0.00263628630860443
TFEB	0.888297480632978	0.0032409864869701	0.998573552758386	0.0032409864869701
LINC01578	0.888613859746502	-0.00370992597660331	0.998573552758386	-0.00370992597660331
MARCH8	0.888624174174962	-0.00437036590195384	0.998573552758386	-0.00437036590195384
MEF2C-AS1	0.888807928907935	-0.0156294275831272	0.998573552758386	-0.0156294275831272
EIF2B2	0.888838887736707	0.0109196127145255	0.998573552758386	0.0109196127145255
TBP	0.88914574193105	-0.0088171633984367	0.998573552758386	-0.0088171633984367
RSRP1	0.889226712315938	-0.00319197592758673	0.998573552758386	-0.00319197592758673
GIN1	0.889286040130228	0.00742913694969998	0.998573552758386	0.00742913694969998
JAM3	0.889551373674103	-0.00287265930694813	0.998573552758386	-0.00287265930694813
GALNT18	0.889565567647294	0.0106760986911149	0.998573552758386	0.0106760986911149
LINC00240	0.889594040123279	0.00757934969538894	0.998573552758386	0.00757934969538894
RABEPK	0.889610290062982	-0.00570903320660697	0.998573552758386	-0.00570903320660697
ZMIZ1	0.889717950067875	0.0049813758882604	0.998573552758386	0.0049813758882604
PI4KA	0.889721594827522	0.00409232221468208	0.998573552758386	0.00409232221468208
USF2	0.889917858148665	-0.00501084722418375	0.998573552758386	-0.00501084722418375
ADSL	0.88994150725918	-0.00624847288565128	0.998573552758386	-0.00624847288565128
ANK2	0.890127122762408	-0.00222819365541047	0.998573552758386	-0.00222819365541047
PAQR3	0.890347430512515	0.00823343654012082	0.998573552758386	0.00823343654012082
PTCH2	0.890544839723307	0.0125227734813004	0.998573552758386	0.0125227734813004
ZNF138	0.89062166598188	-0.00549142095978254	0.998573552758386	-0.00549142095978254
FKBP3	0.890715750159721	-0.00766876377159595	0.998573552758386	-0.00766876377159595
MLXIP	0.890783757199061	0.00457705790016999	0.998573552758386	0.00457705790016999
AL589740.1	0.890837358128515	0.00449214559979416	0.998573552758386	0.00449214559979416
MIF	0.890852732556445	0.0130308897972828	0.998573552758386	0.0130308897972828
PAPSS1	0.890901903113311	-0.00369798084542398	0.998573552758386	-0.00369798084542398
EPCAM-DT	0.89091937416142	-0.00543981974809564	0.998573552758386	-0.00543981974809564
ARL2	0.890953094238587	-0.00751343133021908	0.998573552758386	-0.00751343133021908
ARL2BP	0.891425589680651	-0.00720611534547909	0.998573552758386	-0.00720611534547909
TANC1	0.891611902739775	0.00362996526827076	0.998573552758386	0.00362996526827076
NSUN4	0.891702796907957	0.00623530521011928	0.998573552758386	0.00623530521011928
MSMO1	0.891781961566541	0.00802019010262451	0.998573552758386	0.00802019010262451
KCNK10	0.892080083483983	0.00800472863469935	0.998573552758386	0.00800472863469935
SNX6	0.892135035841166	-0.00378848767565389	0.998573552758386	-0.00378848767565389
RPS23	0.892372064353555	-0.00922721499964355	0.998573552758386	-0.00922721499964355
MFSD12	0.892560188001674	0.00443670002917373	0.998573552758386	0.00443670002917373
ANKHD1	0.892702341006612	0.00285303128936463	0.998573552758386	0.00285303128936463
ADAL	0.892706682898673	-0.00768756704665743	0.998573552758386	-0.00768756704665743
GTF2E2	0.892725680628001	-0.00663249923814891	0.998573552758386	-0.00663249923814891
ALDH16A1	0.892736289840031	0.00977882453798985	0.998573552758386	0.00977882453798985
TRAPPC2	0.893141887547888	-0.00837579421578218	0.998573552758386	-0.00837579421578218
MLH3	0.893285531603057	0.00359291169225347	0.998573552758386	0.00359291169225347
KCTD10	0.893298305188731	-0.00898830767612597	0.998573552758386	-0.00898830767612597
KDM5A	0.893366676422762	0.00376819348251059	0.998573552758386	0.00376819348251059
PAOX	0.893611922338994	0.00796220229585384	0.998573552758386	0.00796220229585384
DDX6	0.893646044084395	0.00313102900685579	0.998573552758386	0.00313102900685579
AF001548.2	0.893741201094924	-0.0109840490678422	0.998573552758386	-0.0109840490678422
RABGGTB	0.893996963826386	0.0102041665172443	0.998573552758386	0.0102041665172443
GRINA	0.894111845749823	0.0117372622153527	0.998573552758386	0.0117372622153527
UHRF1	0.894215660429571	-0.0108012697838126	0.998573552758386	-0.0108012697838126
STXBP1	0.894327873454005	-0.010795089069061	0.998573552758386	-0.010795089069061
NDRG2	0.894510518889651	-0.00416148290944311	0.998573552758386	-0.00416148290944311
MYH3	0.894531949043149	0.00956335069538121	0.998573552758386	0.00956335069538121
TMEM235	0.894545343420416	-0.00424315204232512	0.998573552758386	-0.00424315204232512
ASPA	0.894590459039289	-0.00393583793895656	0.998573552758386	-0.00393583793895656
NMRK1	0.894600494411408	-0.00737474167223136	0.998573552758386	-0.00737474167223136
CCDC102B	0.894617143298045	-0.00585144424474993	0.998573552758386	-0.00585144424474993
PRELID1	0.894660112289305	0.0113616409354992	0.998573552758386	0.0113616409354992
ZNF317	0.894790557125335	0.00849235888096266	0.998573552758386	0.00849235888096266
AGTPBP1	0.894805520376175	0.00238531012348233	0.998573552758386	0.00238531012348233
PLEKHA3	0.894834632677438	0.00605580286748806	0.998573552758386	0.00605580286748806
VEZF1	0.894907224100987	0.00428676762544615	0.998573552758386	0.00428676762544615
FGF14	0.894917155332787	0.0120063326709752	0.998573552758386	0.0120063326709752
SEC11C	0.895289875642988	-0.00760149658414928	0.998573552758386	-0.00760149658414928
FUCA2	0.89544580930718	-0.00894518798443659	0.998573552758386	-0.00894518798443659
FLNC	0.895669343417892	0.0124172212563515	0.998573552758386	0.0124172212563515
PEX11B	0.89600472961702	0.00849397503108529	0.998573552758386	0.00849397503108529
BAZ2B	0.896153198667031	-0.00312246042899281	0.998573552758386	-0.00312246042899281
TMEM106B	0.896186701680776	-0.00440195094498642	0.998573552758386	-0.00440195094498642
GNAI2	0.896258067446271	0.00470754048059837	0.998573552758386	0.00470754048059837
CBLB	0.896267287450102	0.00390615066067425	0.998573552758386	0.00390615066067425
LCLAT1	0.896279859084328	-0.0078998785932104	0.998573552758386	-0.0078998785932104
ZHX3	0.896429533944819	0.00298058811383202	0.998573552758386	0.00298058811383202
GRIK2	0.896432209810955	-0.0121562832388885	0.998573552758386	-0.0121562832388885
DSTN	0.896442554359796	0.00814622589812646	0.998573552758386	0.00814622589812646
VBP1	0.896650144598053	-0.00974785681312405	0.998573552758386	-0.00974785681312405
RBPJ	0.896708025532412	-0.00277848989624837	0.998573552758386	-0.00277848989624837
EIF2AK2	0.896851196708311	0.00644604607787279	0.998573552758386	0.00644604607787279
ALKBH4	0.896976150348211	-0.00835748186456969	0.998573552758386	-0.00835748186456969
CCSER1	0.897005658085277	0.0118999388675629	0.998573552758386	0.0118999388675629
LAMP2	0.8970575426298	-0.00327229111795307	0.998573552758386	-0.00327229111795307
CAPN7	0.897402411365076	-0.0030598849744123	0.998573552758386	-0.0030598849744123
KBTBD7	0.897441468220838	-0.0103580433472424	0.998573552758386	-0.0103580433472424
ZMYND11	0.897462685605285	-0.00303150101306707	0.998573552758386	-0.00303150101306707
STAMBP	0.897496679013805	0.00401460482335837	0.998573552758386	0.00401460482335837
MORF4L1	0.897706285724339	0.00450956252870853	0.998573552758386	0.00450956252870853
HDGF	0.897936037106876	0.00699798296101513	0.998573552758386	0.00699798296101513
SRD5A3	0.89804418318859	0.00583637521906635	0.998573552758386	0.00583637521906635
HEBP1	0.898087109581845	0.0084307629902892	0.998573552758386	0.0084307629902892
RPL23	0.898117870473279	-0.0102482624222475	0.998573552758386	-0.0102482624222475
ECH1	0.898250629416173	-0.00797246082701933	0.998573552758386	-0.00797246082701933
PFDN6	0.898322262363888	0.0105116530083814	0.998573552758386	0.0105116530083814
TNIK	0.898404903586668	-0.00405960492691965	0.998573552758386	-0.00405960492691965
ALDH1L2	0.898571572064816	-0.0100264183771172	0.998573552758386	-0.0100264183771172
CREM	0.898662880856826	-0.0048625668569568	0.998573552758386	-0.0048625668569568
GNA13	0.898759810704793	0.00489656658402943	0.998573552758386	0.00489656658402943
PTCD2	0.898863132452167	-0.00601801037301834	0.998573552758386	-0.00601801037301834
CCDC117	0.898880751806587	-0.00730508692298315	0.998573552758386	-0.00730508692298315
MAN2B1	0.898932967675332	0.00509420721535394	0.998573552758386	0.00509420721535394
ACTR3B	0.898990429179903	-0.00652885246827915	0.998573552758386	-0.00652885246827915
TMEM25	0.899042128958471	-0.0131439087262247	0.998573552758386	-0.0131439087262247
TANK	0.899206659757577	-0.0041262895559756	0.998573552758386	-0.0041262895559756
RBP7	0.899350118033346	-0.00782993163853592	0.998573552758386	-0.00782993163853592
MED24	0.89945798918953	0.00552208092797178	0.998573552758386	0.00552208092797178
GPR108	0.899935568131436	-0.00793843443896377	0.998573552758386	-0.00793843443896377
METTL4	0.899958902174358	0.00692359818996628	0.998573552758386	0.00692359818996628
UGP2	0.900025178291602	-0.0047881227620281	0.998573552758386	-0.0047881227620281
HLA-DMA	0.900108512119401	0.0145330932709412	0.998573552758386	0.0145330932709412
NGDN	0.900308287662729	0.00710849837234341	0.998573552758386	0.00710849837234341
AC080162.1	0.900352508178985	0.0073254707873322	0.998573552758386	0.0073254707873322
WDR91	0.900513181034204	0.00709695463229772	0.998573552758386	0.00709695463229772
EMC3	0.900514282514689	-0.00636321929828546	0.998573552758386	-0.00636321929828546
NRIP2	0.900577700722923	-0.0112819619483638	0.998573552758386	-0.0112819619483638
TAF1B	0.900684904099106	-0.00656555066473595	0.998573552758386	-0.00656555066473595
ZNF839	0.900738981861759	0.00651698282581453	0.998573552758386	0.00651698282581453
MINK1	0.90083738563805	-0.00375869685782328	0.998573552758386	-0.00375869685782328
ZNF558	0.900869049522124	-0.00754918360015069	0.998573552758386	-0.00754918360015069
ZCWPW1	0.900874015200388	-0.00513964523678576	0.998573552758386	-0.00513964523678576
AC007221.1	0.900886382903699	-0.00684768931611687	0.998573552758386	-0.00684768931611687
RRP12	0.900897363206781	0.00761920384941805	0.998573552758386	0.00761920384941805
NECTIN3-AS1	0.900916732614637	-0.00983298762220484	0.998573552758386	-0.00983298762220484
AC091563.1	0.90093148296277	-0.00664686191401358	0.998573552758386	-0.00664686191401358
TLNRD1	0.901047519543482	0.00852673810078902	0.998573552758386	0.00852673810078902
AMZ1	0.901383861091401	0.00692996911690489	0.998573552758386	0.00692996911690489
MRPS30	0.901395639533845	0.00991440988088592	0.998573552758386	0.00991440988088592
RAC1	0.901552572684813	0.0051230255818132	0.998573552758386	0.0051230255818132
CBLN2	0.901582322418647	-0.0164945146138876	0.998573552758386	-0.0164945146138876
AC090114.2	0.901587652944343	0.00675037876266744	0.998573552758386	0.00675037876266744
SPPL3	0.901668631451993	0.00224647102265173	0.998573552758386	0.00224647102265173
PTPDC1	0.901755831498213	0.00407012186571588	0.998573552758386	0.00407012186571588
MBIP	0.901821004741936	-0.00783735624515268	0.998573552758386	-0.00783735624515268
AC009403.2	0.901825118950449	-0.00843233654464823	0.998573552758386	-0.00843233654464823
UBE2A	0.901943877615216	-0.00718979035003476	0.998573552758386	-0.00718979035003476
GPIHBP1	0.901992100292322	-0.00632486786430318	0.998573552758386	-0.00632486786430318
STIM1	0.90220787791289	-0.0130313772974052	0.998573552758386	-0.0130313772974052
ANKS6	0.902228159821683	0.00376542767544146	0.998573552758386	0.00376542767544146
TMEM120B	0.90224150089471	-0.00926022645602373	0.998573552758386	-0.00926022645602373
MAP2K1	0.902448920919283	-0.00571152916934614	0.998573552758386	-0.00571152916934614
KATNAL1	0.902494209585545	-0.00451123462647297	0.998573552758386	-0.00451123462647297
DIS3L2	0.902701420443782	-0.00295699077559932	0.998573552758386	-0.00295699077559932
YWHAH	0.902713475259365	0.0116357272599976	0.998573552758386	0.0116357272599976
MAP4K3-DT	0.902734942667391	-0.00914664234119789	0.998573552758386	-0.00914664234119789
MPP2	0.902779062401557	0.0041002692016799	0.998573552758386	0.0041002692016799
PGK1	0.902851199700728	-0.0106468896081888	0.998573552758386	-0.0106468896081888
PTMS	0.902960864739695	0.0175516564216649	0.998573552758386	0.0175516564216649
DNAJA4	0.902991902149065	0.0098370827336935	0.998573552758386	0.0098370827336935
BNIP1	0.903255666159207	-0.00967506339248632	0.998573552758386	-0.00967506339248632
NDUFB5	0.903277684899815	0.0100584887114673	0.998573552758386	0.0100584887114673
DOCK11	0.903409739271761	-0.00582967364215989	0.998573552758386	-0.00582967364215989
NR2F1-AS1	0.903466779787118	0.0138792207705238	0.998573552758386	0.0138792207705238
PPP1CC	0.903693836565571	0.00559213834172046	0.998573552758386	0.00559213834172046
LINC02284	0.903712803637568	-0.00988221878379838	0.998573552758386	-0.00988221878379838
NMT2	0.90372879567527	-0.00822962225396317	0.998573552758386	-0.00822962225396317
FAM124A	0.903729289395854	0.0031060998685303	0.998573552758386	0.0031060998685303
GPBP1	0.90376819695304	0.00241868788931478	0.998573552758386	0.00241868788931478
ADIPOR1	0.903813091838473	-0.00664695080341284	0.998573552758386	-0.00664695080341284
TMPO	0.903815130246807	0.00535558891728513	0.998573552758386	0.00535558891728513
ZNF28	0.903882299243321	0.0095940815841922	0.998573552758386	0.0095940815841922
DPY19L1	0.903930725499477	-0.00864638752007198	0.998573552758386	-0.00864638752007198
MALSU1	0.904169836576841	-0.00476445748707449	0.998573552758386	-0.00476445748707449
LINC-PINT	0.904236854023039	0.00502011283671129	0.998573552758386	0.00502011283671129
HACD3	0.904478213802395	-0.0042274864846827	0.998573552758386	-0.0042274864846827
CCDC77	0.904552056806968	0.00700367866275018	0.998573552758386	0.00700367866275018
ZNF649	0.904603024637954	0.00853347518555616	0.998573552758386	0.00853347518555616
PSMC1	0.904826067431128	-0.00642582469087938	0.998573552758386	-0.00642582469087938
EIF3M	0.904835888289474	0.00601968051232685	0.998573552758386	0.00601968051232685
STIM2	0.904901992947319	0.00368040737492374	0.998573552758386	0.00368040737492374
KDM7A	0.904984970698708	0.00591818697633393	0.998573552758386	0.00591818697633393
PDIK1L	0.905001321439331	-0.00698753545453301	0.998573552758386	-0.00698753545453301
SENP2	0.905078713251099	-0.00363388970027133	0.998573552758386	-0.00363388970027133
PCIF1	0.905139243893264	-0.00862571806421137	0.998573552758386	-0.00862571806421137
CNPY3	0.905185567720985	0.0104103709901004	0.998573552758386	0.0104103709901004
DCAF15	0.905185753996128	-0.0096127923578667	0.998573552758386	-0.0096127923578667
RPF2	0.905212866894766	0.00557249779888023	0.998573552758386	0.00557249779888023
TP53	0.905326256788351	-0.00865794885817777	0.998573552758386	-0.00865794885817777
NFE2L1	0.90541033199148	-0.00669894852914155	0.998573552758386	-0.00669894852914155
EXOSC3	0.905433644948124	0.00479859041268345	0.998573552758386	0.00479859041268345
DFFB	0.90569967318596	0.00652463233644507	0.998573552758386	0.00652463233644507
PSMF1	0.905710188527284	-0.0039502107642257	0.998573552758386	-0.0039502107642257
MTMR3	0.905857838283695	0.00373888826286576	0.998573552758386	0.00373888826286576
RPS8	0.905888621785561	0.00701522861239198	0.998573552758386	0.00701522861239198
DPP7	0.905930215613102	-0.00496901126873067	0.998573552758386	-0.00496901126873067
SOS1	0.905957918890465	0.00285400913823713	0.998573552758386	0.00285400913823713
EXOSC10	0.906028216712399	0.00512398092496814	0.998573552758386	0.00512398092496814
EMC6	0.906032608552439	0.0119549654936599	0.998573552758386	0.0119549654936599
IGFL4	0.906069786788765	-0.0102174513755061	0.998573552758386	-0.0102174513755061
LGI4	0.906076946958666	0.00897593207009466	0.998573552758386	0.00897593207009466
TERF1	0.906552519925091	0.00337805044126841	0.998573552758386	0.00337805044126841
SFXN1	0.906557260946543	0.00355096171282898	0.998573552758386	0.00355096171282898
FAM81A	0.906721885748266	0.00800120144233883	0.998573552758386	0.00800120144233883
ACBD6	0.906722006105609	-0.0024754380659963	0.998573552758386	-0.0024754380659963
GMDS	0.906819375367045	0.00473201360064407	0.998573552758386	0.00473201360064407
TTN-AS1	0.906848279670777	-0.00536152680696883	0.998573552758386	-0.00536152680696883
KHDC4	0.906930291053275	-0.00506223616702913	0.998573552758386	-0.00506223616702913
ZNF26	0.906936921930822	-0.00588072729648838	0.998573552758386	-0.00588072729648838
GNAI1	0.907245853236778	0.00248624197522233	0.998573552758386	0.00248624197522233
A1BG-AS1	0.907357675315371	0.00679837829684615	0.998573552758386	0.00679837829684615
NUDT12	0.907387035620439	0.00865989804404731	0.998573552758386	0.00865989804404731
RGS4	0.907483456687569	0.0125131161971942	0.998573552758386	0.0125131161971942
AC138150.1	0.907497874778968	-0.00628242343359486	0.998573552758386	-0.00628242343359486
CKB	0.907768889348779	0.00590560097814244	0.998573552758386	0.00590560097814244
DNAJC6	0.90787234328554	-0.00163570728739237	0.998573552758386	-0.00163570728739237
SDK1	0.907952721337809	0.00966678418461546	0.998573552758386	0.00966678418461546
ZNF746	0.907987365293099	0.00895094416934159	0.998573552758386	0.00895094416934159
HSD17B6	0.908108923219814	0.00699132208939154	0.998573552758386	0.00699132208939154
ELOC	0.908116413941695	0.00771437858255128	0.998573552758386	0.00771437858255128
GRIN2B	0.908199772455375	-0.0114708111377195	0.998573552758386	-0.0114708111377195
NISCH	0.908205735130571	-0.00550413358424218	0.998573552758386	-0.00550413358424218
B4GAT1	0.908250184664315	-0.0102301596221174	0.998573552758386	-0.0102301596221174
CPPED1	0.908327770121983	-0.0031237613401506	0.998573552758386	-0.0031237613401506
PLP1	0.908358225590937	0.00364459180040619	0.998573552758386	0.00364459180040619
PRRC1	0.908384918281896	0.00589509378941485	0.998573552758386	0.00589509378941485
MAPKAPK5-AS1	0.908440570416842	0.00882407687847388	0.998573552758386	0.00882407687847388
ZNF510	0.908664730652107	-0.00672518738077716	0.998573552758386	-0.00672518738077716
SNUPN	0.908863497449413	-0.00673706918119251	0.998573552758386	-0.00673706918119251
PRR12	0.908927552044233	0.00473755242981521	0.998573552758386	0.00473755242981521
CLCN2	0.90907020958312	-0.00589574468006071	0.998573552758386	-0.00589574468006071
EIF3J	0.909203532382896	-0.00398814405167488	0.998573552758386	-0.00398814405167488
RAB5C	0.909315898599813	0.00498164891533248	0.998573552758386	0.00498164891533248
AL161457.2	0.909317898979588	-0.00791046356650671	0.998573552758386	-0.00791046356650671
AGAP3	0.909539498384619	-0.00309024528036548	0.998573552758386	-0.00309024528036548
AVIL	0.909730970507977	0.00662869102083408	0.998573552758386	0.00662869102083408
GNL3	0.909940589298983	0.00786756039239055	0.998573552758386	0.00786756039239055
ITPA	0.909956428317901	0.00577696717105089	0.998573552758386	0.00577696717105089
EMC1	0.909990758411559	0.00699233475873169	0.998573552758386	0.00699233475873169
ERO1B	0.910022450685738	-0.00466886194781633	0.998573552758386	-0.00466886194781633
RPS4Y1	0.91007998394333	-0.0115963595630537	0.998573552758386	-0.0115963595630537
CEP152	0.910107006022637	0.00710975422458684	0.998573552758386	0.00710975422458684
TAOK1	0.910214833677577	-0.00229209153191555	0.998573552758386	-0.00229209153191555
ANKUB1	0.910314299894461	0.0102571946936239	0.998573552758386	0.0102571946936239
CNKSR1	0.910342164045432	0.00713807478123248	0.998573552758386	0.00713807478123248
IARS2	0.910531706984834	0.00493668932467075	0.998573552758386	0.00493668932467075
FAF2	0.910548674879481	0.00381847647995635	0.998573552758386	0.00381847647995635
PHF21A	0.91057779774202	-0.00218450356516236	0.998573552758386	-0.00218450356516236
C2orf49	0.910589107550544	-0.0067055163522015	0.998573552758386	-0.0067055163522015
RRAGC	0.910616951509363	0.00519188008362403	0.998573552758386	0.00519188008362403
ADI1	0.910655407216152	0.00774407617120624	0.998573552758386	0.00774407617120624
AC025580.3	0.911208801243987	0.00773378653659941	0.998573552758386	0.00773378653659941
TRAF2	0.911239363835782	-0.00696492143583094	0.998573552758386	-0.00696492143583094
ADCY6	0.911255327054292	0.0101264258936208	0.998573552758386	0.0101264258936208
GGT7	0.911343503781656	0.0042018233377739	0.998573552758386	0.0042018233377739
NAV3	0.911357293087668	-0.00804364686152255	0.998573552758386	-0.00804364686152255
GALNT1	0.911432758367968	-0.00397855834553046	0.998573552758386	-0.00397855834553046
IQGAP1	0.911449126173026	-0.00288672424895723	0.998573552758386	-0.00288672424895723
TOM1	0.911467123706354	0.00523612942932094	0.998573552758386	0.00523612942932094
SSR1	0.911504808474746	-0.00418923414955636	0.998573552758386	-0.00418923414955636
PPP4C	0.911549361744842	-0.005336587540533	0.998573552758386	-0.005336587540533
ABHD5	0.911598061541048	0.00511176867788518	0.998573552758386	0.00511176867788518
ZNF622	0.911790973085332	-0.0109117984254618	0.998573552758386	-0.0109117984254618
TRNAU1AP	0.911850668947493	-0.00379060793643118	0.998573552758386	-0.00379060793643118
PRKX	0.912040653456382	-0.00682597580761452	0.998573552758386	-0.00682597580761452
PKP4	0.912077304712625	-0.00210344308091959	0.998573552758386	-0.00210344308091959
BBX	0.912124228021093	-0.00181344471487229	0.998573552758386	-0.00181344471487229
MRPS23	0.912240691314054	0.00629738035713566	0.998573552758386	0.00629738035713566
TYMS	0.912367755162396	-0.00725114805009707	0.998573552758386	-0.00725114805009707
CRBN	0.912412119235365	0.00366756688881907	0.998573552758386	0.00366756688881907
SIPA1L3	0.912423668377905	0.0028370724701435	0.998573552758386	0.0028370724701435
CCDC97	0.912548187023565	0.00804127674070199	0.998573552758386	0.00804127674070199
PCMTD1	0.91258931977381	0.00279162988885136	0.998573552758386	0.00279162988885136
CELF6	0.912620310949973	0.00527936740687632	0.998573552758386	0.00527936740687632
PYURF	0.912647921543647	-0.00937634869250104	0.998573552758386	-0.00937634869250104
INPP4B	0.912678496230408	0.00821904102731323	0.998573552758386	0.00821904102731323
TRIM44	0.912780699204393	-0.00268135700337667	0.998573552758386	-0.00268135700337667
AC010145.1	0.912807282294122	0.00836500527336844	0.998573552758386	0.00836500527336844
NOL12	0.913116786326459	0.00649351992200003	0.998573552758386	0.00649351992200003
KPNA1	0.913291852130762	-0.00296185770256469	0.998573552758386	-0.00296185770256469
GOLIM4	0.913427422353433	0.00594372190222654	0.998573552758386	0.00594372190222654
ATP1A1-AS1	0.913655355578995	-0.0050799954969292	0.998573552758386	-0.0050799954969292
LRRC57	0.913740131082325	-0.00970432866039094	0.998573552758386	-0.00970432866039094
AHI1	0.913802975696009	0.00296075756685231	0.998573552758386	0.00296075756685231
NRAS	0.913934173508243	-0.00758536117580444	0.998573552758386	-0.00758536117580444
SUPT20H	0.914005830612237	-0.00348434334914447	0.998573552758386	-0.00348434334914447
CST3	0.914052515735394	-0.01302350287361	0.998573552758386	-0.01302350287361
KIF13A	0.914202601561931	0.00202252547764248	0.998573552758386	0.00202252547764248
FZR1	0.914202863423785	0.00443890305062331	0.998573552758386	0.00443890305062331
ZNF316	0.914251917529998	0.0049973079041255	0.998573552758386	0.0049973079041255
SOX10	0.914378507005091	0.00282519487213133	0.998573552758386	0.00282519487213133
CFL1	0.914476085279955	-0.00595215279780568	0.998573552758386	-0.00595215279780568
FAM114A1	0.914579131550929	0.00419628810614777	0.998573552758386	0.00419628810614777
DIXDC1	0.914660323085892	0.00272167861029252	0.998573552758386	0.00272167861029252
GEMIN2	0.914662439651305	0.00796199947510944	0.998573552758386	0.00796199947510944
NKIRAS1	0.914678528969679	0.00757371565276069	0.998573552758386	0.00757371565276069
ALG3	0.914813659339452	0.00808107439324706	0.998573552758386	0.00808107439324706
AMT	0.915124148973081	0.00840685865714765	0.998573552758386	0.00840685865714765
KANSL3	0.915289378884821	-0.00422050227862037	0.998573552758386	-0.00422050227862037
SNCA	0.915371242972622	0.00373330840328988	0.998573552758386	0.00373330840328988
GABPB1-AS1	0.915520012947498	-0.00323360727749579	0.998573552758386	-0.00323360727749579
CELF1	0.915583793690635	-0.00278851099801559	0.998573552758386	-0.00278851099801559
CATSPERG	0.915596371394014	-0.00491031120505061	0.998573552758386	-0.00491031120505061
TMEM208	0.915618580303749	0.0104777391000888	0.998573552758386	0.0104777391000888
TMEM135	0.915619534947101	-0.00304439068515542	0.998573552758386	-0.00304439068515542
TMEM44-AS1	0.915750147099924	0.00664056834062589	0.998573552758386	0.00664056834062589
USP24	0.91581955619117	0.00286025001144383	0.998573552758386	0.00286025001144383
TPRG1	0.91592121970904	-0.00757532660836619	0.998573552758386	-0.00757532660836619
ZFAS1	0.916019301793819	-0.00649319767503731	0.998573552758386	-0.00649319767503731
C12orf29	0.916165980556592	0.00968638617635732	0.998573552758386	0.00968638617635732
ZNF718	0.916243943159086	-0.00337912794251887	0.998573552758386	-0.00337912794251887
CCT8	0.916323536752635	0.00802233202369173	0.998573552758386	0.00802233202369173
RFX3	0.91633027646692	-0.00314128807108278	0.998573552758386	-0.00314128807108278
GOLPH3L	0.916425581642548	-0.00703956381923	0.998573552758386	-0.00703956381923
NUBP2	0.916523256506229	-0.00673776050320875	0.998573552758386	-0.00673776050320875
PLS3-AS1	0.916585718579553	0.00630464661088721	0.998573552758386	0.00630464661088721
SLC35B1	0.916627983417696	-0.00742429506708304	0.998573552758386	-0.00742429506708304
AL354809.1	0.916996298100281	0.00334649030469997	0.998573552758386	0.00334649030469997
SCAP	0.917457626819252	-0.0038995542145758	0.998573552758386	-0.0038995542145758
SNIP1	0.917504775646403	0.00817416463028065	0.998573552758386	0.00817416463028065
CDIPT	0.917522970935563	-0.00700360000917047	0.998573552758386	-0.00700360000917047
DAPK2	0.917581783353062	0.00372671278396839	0.998573552758386	0.00372671278396839
CNPPD1	0.917600819840095	0.00863349392260949	0.998573552758386	0.00863349392260949
DCP2	0.917752503588594	-0.00446622313772503	0.998573552758386	-0.00446622313772503
GTPBP1	0.917888144500975	-0.00407351292795395	0.998573552758386	-0.00407351292795395
SYN3	0.917996858254783	-0.0101996521498149	0.998573552758386	-0.0101996521498149
AAMDC	0.918218515849456	-0.00324412752020562	0.998573552758386	-0.00324412752020562
CCNK	0.918248204559876	0.00502992918007125	0.998573552758386	0.00502992918007125
SNRPN	0.918292330217967	-0.00820065640032187	0.998573552758386	-0.00820065640032187
CHFR	0.918574181044588	-0.00325710582524401	0.998573552758386	-0.00325710582524401
CDC40	0.918597344961087	0.00381798387174648	0.998573552758386	0.00381798387174648
PHB2	0.918682413920379	-0.00671259302036749	0.998573552758386	-0.00671259302036749
TCEAL1	0.918703458336788	0.00958970641251207	0.998573552758386	0.00958970641251207
SQSTM1	0.918714504861462	-0.00323403521469752	0.998573552758386	-0.00323403521469752
NOVA1	0.918719875329558	-0.00238433800593451	0.998573552758386	-0.00238433800593451
RNF31	0.918722306742915	-0.0055294123270169	0.998573552758386	-0.0055294123270169
ZNF354A	0.91875235413597	0.00585152399027296	0.998573552758386	0.00585152399027296
ZFHX4	0.918785839942591	-0.0020460719043718	0.998573552758386	-0.0020460719043718
DIPK2A	0.918871523545001	0.00301198968206479	0.998573552758386	0.00301198968206479
NUS1	0.918937373350567	0.00412780740548691	0.998573552758386	0.00412780740548691
MRPL22	0.918985434482109	0.0057487934441168	0.998573552758386	0.0057487934441168
TOB2	0.919081436563781	0.00324511741857413	0.998573552758386	0.00324511741857413
TMX2	0.919083002337496	-0.00355817561005707	0.998573552758386	-0.00355817561005707
PSMC5	0.919249834263667	-0.00699795227873779	0.998573552758386	-0.00699795227873779
LCA5	0.919301107530468	-0.00686128123363974	0.998573552758386	-0.00686128123363974
APBA2	0.919306094759733	-0.00309377038053927	0.998573552758386	-0.00309377038053927
ARRDC2	0.919375179781493	0.00452418615524685	0.998573552758386	0.00452418615524685
CPXM2	0.919585361519047	-0.0099845567051986	0.998573552758386	-0.0099845567051986
CORO2B	0.919704497458724	0.00278723959844908	0.998573552758386	0.00278723959844908
ZNF354C	0.920048051747441	0.00568891956904335	0.998573552758386	0.00568891956904335
KDELR1	0.92007644577899	0.00491593262800852	0.998573552758386	0.00491593262800852
PTPRF	0.920142543340993	0.00236574073676735	0.998573552758386	0.00236574073676735
EBLN3P	0.920152236897962	-0.00560598589850543	0.998573552758386	-0.00560598589850543
MTRR	0.920153786148379	-0.00356883052912341	0.998573552758386	-0.00356883052912341
M6PR	0.920189920524316	-0.0062354112276341	0.998573552758386	-0.0062354112276341
LSM2	0.920315365128358	-0.00681137972640954	0.998573552758386	-0.00681137972640954
ZNF606	0.920339532253812	0.00628465521079645	0.998573552758386	0.00628465521079645
DUSP10	0.920425297376805	-0.00328074304177035	0.998573552758386	-0.00328074304177035
KCNB2	0.920445385681195	-0.0104268438614109	0.998573552758386	-0.0104268438614109
EPHX2	0.920558577649209	0.00650085231457622	0.998573552758386	0.00650085231457622
ZNF514	0.920677062460053	0.00449484418671768	0.998573552758386	0.00449484418671768
OSER1	0.920720231011222	-0.00715189711827121	0.998573552758386	-0.00715189711827121
AFF1	0.920761602226978	0.00286378373112365	0.998573552758386	0.00286378373112365
CERT1	0.920855801973836	-0.00243666229283867	0.998573552758386	-0.00243666229283867
ZNF354B	0.920883608447121	-0.00535983574336519	0.998573552758386	-0.00535983574336519
IFIT1	0.920895557782591	0.00961332141781287	0.998573552758386	0.00961332141781287
TXNL1	0.920898059942377	0.00387817585551591	0.998573552758386	0.00387817585551591
LRRTM3	0.920934135336985	0.00452700835719987	0.998573552758386	0.00452700835719987
S1PR5	0.921299010115917	-0.00611110467195998	0.998573552758386	-0.00611110467195998
SPATS2L	0.921309668978091	-0.00308620720194582	0.998573552758386	-0.00308620720194582
UFSP2	0.92149041687041	-0.00405261050913598	0.998573552758386	-0.00405261050913598
KLHL21	0.921523369930875	0.00399775178971605	0.998573552758386	0.00399775178971605
SORBS2	0.921635299680204	0.00984525899998108	0.998573552758386	0.00984525899998108
DGKD	0.92168611745056	0.00304272686707112	0.998573552758386	0.00304272686707112
NEFL	0.921765872398312	0.0124875272994774	0.998573552758386	0.0124875272994774
KCTD4	0.92179180358124	0.00962344681140026	0.998573552758386	0.00962344681140026
KMT5A	0.921860325653784	-0.00474711320774232	0.998573552758386	-0.00474711320774232
MIR3936HG	0.921926756359414	0.00668842614177113	0.998573552758386	0.00668842614177113
LINC01572	0.922031603337397	0.00470987583160516	0.998573552758386	0.00470987583160516
RPL37	0.922139082399631	0.00454498421752721	0.998573552758386	0.00454498421752721
LINC01470	0.922141985636884	0.00988355337174111	0.998573552758386	0.00988355337174111
AC096677.1	0.92217734226427	0.00372247355489115	0.998573552758386	0.00372247355489115
LONRF2	0.922265347844077	-0.00815726840970974	0.998573552758386	-0.00815726840970974
RTEL1	0.922288121295805	0.00638125734590689	0.998573552758386	0.00638125734590689
PITHD1	0.922314148744846	-0.00560664013568873	0.998573552758386	-0.00560664013568873
ADRM1	0.922342932177425	0.00727274088937591	0.998573552758386	0.00727274088937591
PEX5	0.922377716597842	0.00702192039862513	0.998573552758386	0.00702192039862513
HNRNPUL1	0.922413401191737	0.00280272503126182	0.998573552758386	0.00280272503126182
CDH18	0.922417439049593	0.0102967338426304	0.998573552758386	0.0102967338426304
ITGAE	0.922459930334189	-0.00481914360675378	0.998573552758386	-0.00481914360675378
RPL4	0.922492932035004	0.00681853732069221	0.998573552758386	0.00681853732069221
ZNF320	0.922659063863209	-0.00728024475174963	0.998573552758386	-0.00728024475174963
CERS4	0.922756214678458	0.0024406485743856	0.998573552758386	0.0024406485743856
ARL6IP5	0.922811920226614	0.00360062300950591	0.998573552758386	0.00360062300950591
RAPGEFL1	0.922830105424984	0.0126138057020637	0.998573552758386	0.0126138057020637
MRPL20	0.92284641884408	0.00490963427188572	0.998573552758386	0.00490963427188572
HNRNPM	0.922933534549981	0.00261584999499417	0.998573552758386	0.00261584999499417
DLC1	0.922985664609741	-0.00220491789870224	0.998573552758386	-0.00220491789870224
NDUFA12	0.923023689136685	0.00907627643754196	0.998573552758386	0.00907627643754196
LINC02649	0.923081101017737	-0.00783312797961207	0.998573552758386	-0.00783312797961207
AAMP	0.923205446911315	-0.00683947112865609	0.998573552758386	-0.00683947112865609
COX6C	0.92327990224832	-0.0088791390750581	0.998573552758386	-0.0088791390750581
JOSD1	0.923527593413581	-0.00480969866648827	0.998573552758386	-0.00480969866648827
SBDS	0.924019036032395	-0.00594524754561612	0.998573552758386	-0.00594524754561612
KMT5C	0.9240734057462	0.00424875501491492	0.998573552758386	0.00424875501491492
AL157392.3	0.924204786220609	-0.00438098091262686	0.998573552758386	-0.00438098091262686
SHMT1	0.924221011032368	0.00419485488308378	0.998573552758386	0.00419485488308378
AGO4	0.924243561170123	-0.00305180212673629	0.998573552758386	-0.00305180212673629
VAPA	0.924258553052901	0.00249454947644727	0.998573552758386	0.00249454947644727
RIC1	0.924299360507699	0.00397002609500864	0.998573552758386	0.00397002609500864
KCNQ1OT1	0.924344580526332	0.00263730117385541	0.998573552758386	0.00263730117385541
FAM47E	0.924428211918602	0.00708721392772861	0.998573552758386	0.00708721392772861
ERC2	0.924507466173165	-0.00688867520309354	0.998573552758386	-0.00688867520309354
SNRNP70	0.924581420109729	0.00213387696483897	0.998573552758386	0.00213387696483897
MTUS2	0.924722620893186	-0.00963670602599936	0.998573552758386	-0.00963670602599936
PPP1R15B	0.924753343976526	0.00525759450874859	0.998573552758386	0.00525759450874859
SLC27A1	0.924787273948074	0.00278149521710928	0.998573552758386	0.00278149521710928
LINC00609	0.924794898573181	0.00268657634388547	0.998573552758386	0.00268657634388547
LINC00513	0.924871234679289	0.00836106005957142	0.998573552758386	0.00836106005957142
MALT1	0.925012895039384	-0.00554584492368148	0.998573552758386	-0.00554584492368148
EFR3B	0.925168994673647	-0.00385759836071268	0.998573552758386	-0.00385759836071268
HSPA5	0.925228502236127	-0.00591321801214242	0.998573552758386	-0.00591321801214242
ANKRD26	0.925276304875987	-0.00345571428590425	0.998573552758386	-0.00345571428590425
C8orf76	0.925463370764522	-0.00524055913223674	0.998573552758386	-0.00524055913223674
IMPDH2	0.925501824862929	0.00795049763810276	0.998573552758386	0.00795049763810276
AGO1	0.925840388743239	0.00403035445353378	0.998573552758386	0.00403035445353378
LINC01170	0.926066593797027	0.00307288498704686	0.998573552758386	0.00307288498704686
TMEM59	0.926252840664293	0.00281885228557838	0.998573552758386	0.00281885228557838
RALGAPA2	0.926517821728704	-0.00245462116338424	0.998573552758386	-0.00245462116338424
PPWD1	0.926584230334493	-0.00328369930358928	0.998573552758386	-0.00328369930358928
RNF103	0.926792984375325	0.00465600744546991	0.998573552758386	0.00465600744546991
DOCK7	0.926859020589656	0.00554679220949653	0.998573552758386	0.00554679220949653
NOL8	0.927063466069515	0.00408168673579785	0.998573552758386	0.00408168673579785
ZNF282	0.927145800605024	0.00475332326124297	0.998573552758386	0.00475332326124297
TYK2	0.927194881187173	-0.00425093724877877	0.998573552758386	-0.00425093724877877
MACF1	0.927254994122948	-0.00232912562405229	0.998573552758386	-0.00232912562405229
ERICH1	0.927260006265104	-0.0036015285712725	0.998573552758386	-0.0036015285712725
CLN3	0.927556618586744	0.00382328965601761	0.998573552758386	0.00382328965601761
PCBP1-AS1	0.927621676116061	0.00245503560268353	0.998573552758386	0.00245503560268353
VPS39	0.927640053896808	0.00273265585185976	0.998573552758386	0.00273265585185976
PURG	0.927696347847065	0.00476739816813459	0.998573552758386	0.00476739816813459
HP1BP3	0.927747012435003	0.0021779161374825	0.998573552758386	0.0021779161374825
ZNF616	0.927835915248076	-0.00755892254590271	0.998573552758386	-0.00755892254590271
ZNF521	0.927864605791293	0.00371942988411219	0.998573552758386	0.00371942988411219
PSG8	0.927941032548657	-0.00707466958498204	0.998573552758386	-0.00707466958498204
STAM	0.927979923837423	0.00269769173767008	0.998573552758386	0.00269769173767008
RARS2	0.928106197998454	-0.00285122569895673	0.998573552758386	-0.00285122569895673
IFFO1	0.928157127266329	-0.00691787566285001	0.998573552758386	-0.00691787566285001
BCKDHA	0.928269872386838	-0.005767374987792	0.998573552758386	-0.005767374987792
RCOR3	0.928396263951859	0.00267139042349725	0.998573552758386	0.00267139042349725
TIMMDC1	0.928406720270331	0.00329270845584793	0.998573552758386	0.00329270845584793
COL9A2	0.928537685410844	-0.00370128101236074	0.998573552758386	-0.00370128101236074
HACE1	0.928563531331652	0.00330256341384041	0.998573552758386	0.00330256341384041
ATP2B4	0.928847570514818	-0.0034348777004022	0.998573552758386	-0.0034348777004022
WDR7	0.928876672711777	0.00163053752648978	0.998573552758386	0.00163053752648978
TTC13	0.929144188074232	0.00319248569721686	0.998573552758386	0.00319248569721686
RXYLT1	0.929192573924419	0.00487514094228395	0.998573552758386	0.00487514094228395
DCTN6	0.929272258227655	-0.00672498815894065	0.998573552758386	-0.00672498815894065
RB1	0.929289592081491	-0.00201086990925611	0.998573552758386	-0.00201086990925611
C5	0.929314231657047	0.00450992963285902	0.998573552758386	0.00450992963285902
ZNF14	0.929335327208917	-0.00427138154099809	0.998573552758386	-0.00427138154099809
PXDNL	0.929361817486497	-0.00493958759747657	0.998573552758386	-0.00493958759747657
SLC4A7	0.929373670196728	-0.00578960905118378	0.998573552758386	-0.00578960905118378
CSRP1	0.929494417309458	0.00312683713461682	0.998573552758386	0.00312683713461682
SPATA6L	0.929564465849157	0.00714953110596939	0.998573552758386	0.00714953110596939
AC006299.1	0.929881826415897	-0.00562495568348563	0.998573552758386	-0.00562495568348563
MOB3B	0.929928285064757	-0.00169916610907561	0.998573552758386	-0.00169916610907561
NSUN5	0.930155144582602	0.00530997425424111	0.998573552758386	0.00530997425424111
NEDD8	0.930155609169736	-0.00519115678283993	0.998573552758386	-0.00519115678283993
USP7	0.930221403212261	-0.00302530414426202	0.998573552758386	-0.00302530414426202
HHIP-AS1	0.930262399746054	0.00641855868425201	0.998573552758386	0.00641855868425201
PEX3	0.930277659351136	-0.00325085539521556	0.998573552758386	-0.00325085539521556
TNRC18	0.930372764790072	-0.00368935113833768	0.998573552758386	-0.00368935113833768
UGDH	0.930434679048912	0.00528194726866282	0.998573552758386	0.00528194726866282
LGI3	0.930482000267778	0.00324925235115245	0.998573552758386	0.00324925235115245
FAM3C	0.9306202018781	0.00582177202791761	0.998573552758386	0.00582177202791761
PLPP4	0.930681235000247	0.00490725257112106	0.998573552758386	0.00490725257112106
ZNF614	0.930681309480817	-0.00608075274274078	0.998573552758386	-0.00608075274274078
NCAM2	0.930740734548953	-0.00133905456471448	0.998573552758386	-0.00133905456471448
DNAJC8	0.931212954571943	-0.0043460502592341	0.998573552758386	-0.0043460502592341
MARCH3	0.931332929470595	-0.0056243068034298	0.998573552758386	-0.0056243068034298
MAP3K3	0.931478444946281	0.00251539505044304	0.998573552758386	0.00251539505044304
UBE2E2	0.931645993755224	0.0011964483831827	0.998573552758386	0.0011964483831827
AHCYL1	0.931788027499637	0.00327739772544818	0.998573552758386	0.00327739772544818
CTDSP1	0.931979950728231	0.00489032037779013	0.998573552758386	0.00489032037779013
PRH1	0.932119556131765	0.00235926769125943	0.998573552758386	0.00235926769125943
LIN54	0.932268499592377	0.00306572711688283	0.998573552758386	0.00306572711688283
UBE2N	0.932376802837922	-0.00387238280018063	0.998573552758386	-0.00387238280018063
TMEM132D	0.932508545527904	-0.0080373516169553	0.998573552758386	-0.0080373516169553
PRR13	0.932827985043374	-0.00711049318223071	0.998573552758386	-0.00711049318223071
CPM	0.93289358391767	-0.00224339140506388	0.998573552758386	-0.00224339140506388
SYT11	0.93290493404206	-0.00270025160864623	0.998573552758386	-0.00270025160864623
MAN2C1	0.932979739244911	-0.0033419393855433	0.998573552758386	-0.0033419393855433
ZDHHC11	0.933068277450702	-0.00481156345206333	0.998573552758386	-0.00481156345206333
STX17	0.933085909311961	-0.00361113578795693	0.998573552758386	-0.00361113578795693
RPS11	0.933190115876351	-0.00535851141824262	0.998573552758386	-0.00535851141824262
CRELD1	0.933222365527847	-0.00538616845637939	0.998573552758386	-0.00538616845637939
NECTIN3	0.933421253074145	-0.00417543343869501	0.998573552758386	-0.00417543343869501
ZBTB25	0.933569132468729	-0.00352400278764731	0.998573552758386	-0.00352400278764731
CHMP1A	0.933636477910084	0.00373974506499565	0.998573552758386	0.00373974506499565
EIF1AX	0.933669494710812	-0.00365347041031733	0.998573552758386	-0.00365347041031733
KDELR2	0.933705978463631	-0.0061882140738877	0.998573552758386	-0.0061882140738877
KDM2B	0.933829774425538	-0.00281199853488456	0.998573552758386	-0.00281199853488456
PELP1	0.934042245666777	0.00322732341083578	0.998573552758386	0.00322732341083578
CDK11B	0.934449237231283	0.00334670932480308	0.998573552758386	0.00334670932480308
PCMTD2	0.934498520779451	-0.00318986045520881	0.998573552758386	-0.00318986045520881
GUSB	0.934564024594042	0.00340995292333407	0.998573552758386	0.00340995292333407
GDI1	0.934590523396088	-0.00400457036841854	0.998573552758386	-0.00400457036841854
ETFRF1	0.934593968552386	-0.00557056752157876	0.998573552758386	-0.00557056752157876
CD2BP2	0.934605454060452	-0.00508147162893728	0.998573552758386	-0.00508147162893728
CEP128	0.934718974335309	-0.00228934104775788	0.998573552758386	-0.00228934104775788
RPL5	0.934756739927392	-0.00442482843939749	0.998573552758386	-0.00442482843939749
COX17	0.93478523279782	-0.0068574933949582	0.998573552758386	-0.0068574933949582
C1orf43	0.934808569525805	0.00291702258837233	0.998573552758386	0.00291702258837233
FBXW7	0.93487425552336	-0.00421336666065933	0.998573552758386	-0.00421336666065933
ARHGEF10	0.934927458502692	-0.00227556211052189	0.998573552758386	-0.00227556211052189
EPG5	0.93505379681139	0.00295829848112618	0.998573552758386	0.00295829848112618
LINS1	0.93518175007981	0.00443889677855379	0.998573552758386	0.00443889677855379
KCNK15-AS1	0.935282160721386	-0.00464383765936171	0.998573552758386	-0.00464383765936171
PTPRE	0.935293597770283	-0.00298303075352431	0.998573552758386	-0.00298303075352431
RRAGB	0.935323343121096	0.00331363258925661	0.998573552758386	0.00331363258925661
NABP2	0.935415781363195	0.00706880275394462	0.998573552758386	0.00706880275394462
SRCIN1	0.935444390722955	0.00170303726613876	0.998573552758386	0.00170303726613876
ZNF394	0.935551374116423	-0.00397813835654717	0.998573552758386	-0.00397813835654717
PCAT1	0.935554452776712	-0.00611868512941633	0.998573552758386	-0.00611868512941633
GTPBP2	0.935626751795266	-0.00521124004112511	0.998573552758386	-0.00521124004112511
PSMA1	0.935683984002167	-0.00633474358040895	0.998573552758386	-0.00633474358040895
C11orf49	0.935688740089066	0.00220039006208025	0.998573552758386	0.00220039006208025
SPOP	0.935751141085305	-0.00227246532143249	0.998573552758386	-0.00227246532143249
RAB8A	0.936354985463826	0.00569684828389814	0.998573552758386	0.00569684828389814
NBR2	0.936474694374369	0.00371978308247247	0.998573552758386	0.00371978308247247
NUP155	0.93651256033051	0.0041424900142014	0.998573552758386	0.0041424900142014
LNPK	0.936653590043476	-0.00316064754941217	0.998573552758386	-0.00316064754941217
GFPT1	0.936690411078783	-0.00315000690654103	0.998573552758386	-0.00315000690654103
SCUBE2	0.936750893087789	-0.00539086356674584	0.998573552758386	-0.00539086356674584
PMVK	0.936884656175999	0.00604906707778151	0.998573552758386	0.00604906707778151
CDK14	0.936899111505686	-0.00691149595679671	0.998573552758386	-0.00691149595679671
KATNBL1	0.936932238437282	0.00232918121865645	0.998573552758386	0.00232918121865645
TICAM2	0.937085459200373	0.00524944513150787	0.998573552758386	0.00524944513150787
METTL5	0.937264857188416	0.00526557212497831	0.998573552758386	0.00526557212497831
SLC9B2	0.937580552982537	0.00691557296526277	0.998573552758386	0.00691557296526277
EEF1A2	0.937585414493796	0.0125816440933126	0.998573552758386	0.0125816440933126
CAPN3	0.937757408193641	0.00206446736674921	0.998573552758386	0.00206446736674921
ATG5	0.937760138265383	0.00326234451634308	0.998573552758386	0.00326234451634308
CDKL5	0.937814859578158	0.0033231685213019	0.998573552758386	0.0033231685213019
CD46	0.937912979619925	-0.00238595802730719	0.998573552758386	-0.00238595802730719
COL4A5	0.938253604084789	0.00173595883429459	0.998573552758386	0.00173595883429459
ASAP1	0.938486654274599	-0.00235070504302261	0.998573552758386	-0.00235070504302261
GAP43	0.938646928883737	-0.00933244002851684	0.998573552758386	-0.00933244002851684
ARRDC3	0.938682920136816	-0.00355255443386853	0.998573552758386	-0.00355255443386853
ABTB1	0.939051538221444	-0.00459163608003418	0.998573552758386	-0.00459163608003418
CHURC1	0.939111656135996	-0.0024298786550673	0.998573552758386	-0.0024298786550673
PDZRN4	0.939119799049809	0.00772848812499649	0.998573552758386	0.00772848812499649
CBX7	0.939348733392782	0.00213722640962692	0.998573552758386	0.00213722640962692
THUMPD3	0.939350587455897	-0.00422295034989991	0.998573552758386	-0.00422295034989991
POLR1B	0.939430540416669	0.00562762377380088	0.998573552758386	0.00562762377380088
SOD1	0.939509777186731	0.00528263803198686	0.998573552758386	0.00528263803198686
ARL15	0.939777623089479	-0.00292085542315823	0.998573552758386	-0.00292085542315823
RO60	0.939790229010892	-0.0030004693667821	0.998573552758386	-0.0030004693667821
RANBP10	0.939877928680425	-0.00333410380609273	0.998573552758386	-0.00333410380609273
NSMCE1-DT	0.939926794857733	0.00550090014744899	0.998573552758386	0.00550090014744899
CGRRF1	0.940013696904855	-0.00532774619262681	0.998573552758386	-0.00532774619262681
SLC25A1	0.940198994397394	-0.00498356465785016	0.998573552758386	-0.00498356465785016
SERP2	0.940272504926345	-0.00364328514628232	0.998573552758386	-0.00364328514628232
FITM2	0.940332573422251	0.00581606068860664	0.998573552758386	0.00581606068860664
AP002336.2	0.940427207983694	-0.00671194751120224	0.998573552758386	-0.00671194751120224
HLF	0.940613308165145	-0.00965797660462787	0.998573552758386	-0.00965797660462787
AC005009.2	0.940615762971998	-0.00502638867240703	0.998573552758386	-0.00502638867240703
FBRSL1	0.940669223506261	-0.00285660324692067	0.998573552758386	-0.00285660324692067
CDK9	0.940691138310384	0.00392116418079195	0.998573552758386	0.00392116418079195
STX18	0.940754988612093	-0.00252556585204835	0.998573552758386	-0.00252556585204835
OXNAD1	0.940853505690685	0.00246502766352754	0.998573552758386	0.00246502766352754
BCL2L2	0.940949429851311	0.00483367031296967	0.998573552758386	0.00483367031296967
CDK16	0.941003297614637	-0.00421908562649381	0.998573552758386	-0.00421908562649381
BTBD9	0.941031173183101	0.00178724547279673	0.998573552758386	0.00178724547279673
TUSC2	0.941059071966183	0.00515186400105765	0.998573552758386	0.00515186400105765
PDCD7	0.941085707281997	-0.00290285957703826	0.998573552758386	-0.00290285957703826
THUMPD2	0.941127949201304	0.00375944341288453	0.998573552758386	0.00375944341288453
RPAIN	0.941547079722731	-0.00287147870511747	0.998573552758386	-0.00287147870511747
NRAD1	0.941561153640328	-0.00422973712069681	0.998573552758386	-0.00422973712069681
BLOC1S5	0.941705262414839	0.00462472584751499	0.998573552758386	0.00462472584751499
NCOA4	0.941783220923342	-0.00434696406416711	0.998573552758386	-0.00434696406416711
ANKRD65	0.941799029336666	-0.00468928608196096	0.998573552758386	-0.00468928608196096
KREMEN1	0.94186040664878	-0.00500773938584834	0.998573552758386	-0.00500773938584834
POLR2B	0.941901794040722	-0.00231663323630501	0.998573552758386	-0.00231663323630501
SCAMP1	0.941957292434817	-0.00285733555228805	0.998573552758386	-0.00285733555228805
MMGT1	0.942022796181776	0.00616892665758452	0.998573552758386	0.00616892665758452
RPAP3	0.942577934948518	0.00380769372377287	0.998573552758386	0.00380769372377287
RAP1A	0.942656909250239	-0.00171559052326786	0.998573552758386	-0.00171559052326786
ZNF287	0.942670969201365	0.0052791328559876	0.998573552758386	0.0052791328559876
LINC01416	0.942680907237424	0.00503367116983869	0.998573552758386	0.00503367116983869
RAP1B	0.94270649552593	-0.00236654954042319	0.998573552758386	-0.00236654954042319
GABRB1	0.942798228147185	-0.00668513294616591	0.998573552758386	-0.00668513294616591
NCAPD2	0.942865428676303	0.00346362495879611	0.998573552758386	0.00346362495879611
CHCHD10	0.942878915133407	0.00688471524203875	0.998573552758386	0.00688471524203875
DUS1L	0.943138133059939	-0.00356500473490774	0.998573552758386	-0.00356500473490774
ADCY3	0.943147629340764	0.00286358241845767	0.998573552758386	0.00286358241845767
ADCY5	0.943154145643305	-0.00173140921428005	0.998573552758386	-0.00173140921428005
KIAA1755	0.943216967719073	0.0017943058080691	0.998573552758386	0.0017943058080691
MYCBP2-AS1	0.943238459083899	0.00370852631594663	0.998573552758386	0.00370852631594663
SCAF1	0.943353836037905	0.00425500575382941	0.998573552758386	0.00425500575382941
RIOK1	0.943355403869035	-0.00466453322975949	0.998573552758386	-0.00466453322975949
ZNF624	0.943490703547409	0.00426806980042161	0.998573552758386	0.00426806980042161
ATP9A	0.943570060145332	-0.00180818478772626	0.998573552758386	-0.00180818478772626
CCDC15	0.943885472768316	-0.00583202362846743	0.998573552758386	-0.00583202362846743
TADA2A	0.944086116760338	-0.0030808644825584	0.998573552758386	-0.0030808644825584
NUP210L	0.944201882175808	0.00574044396457515	0.998573552758386	0.00574044396457515
ADAM17	0.944227374107225	0.00216274618994596	0.998573552758386	0.00216274618994596
RSPRY1	0.94435667613908	-0.00249930950797852	0.998573552758386	-0.00249930950797852
SDHAF1	0.944401694925468	-0.00684314666827309	0.998573552758386	-0.00684314666827309
AC109927.1	0.944725894552182	0.00299345141521697	0.998573552758386	0.00299345141521697
ISG20L2	0.944731525911987	-0.00532417830284745	0.998573552758386	-0.00532417830284745
SERINC1	0.944738270124305	-0.00321045055255689	0.998573552758386	-0.00321045055255689
PDCL	0.944749182257439	0.0035820505884533	0.998573552758386	0.0035820505884533
AAK1	0.944770079774966	-0.00164137540378788	0.998573552758386	-0.00164137540378788
CDK11A	0.944773212514043	-0.0032235220265483	0.998573552758386	-0.0032235220265483
LINC00662	0.944805963893222	-0.00213608237611914	0.998573552758386	-0.00213608237611914
AC090360.1	0.944831543768962	-0.00642354769569323	0.998573552758386	-0.00642354769569323
SH3D19	0.944884054459709	-0.00125688894385257	0.998573552758386	-0.00125688894385257
AC245123.1	0.94492902214993	0.0105951222137598	0.998573552758386	0.0105951222137598
LAPTM4B	0.945161363620393	-0.00381340575130936	0.998573552758386	-0.00381340575130936
PIK3C3	0.945245263049587	0.00178875653072719	0.998573552758386	0.00178875653072719
CWC22	0.945386974577278	-0.0027425127011581	0.998573552758386	-0.0027425127011581
MAP3K4	0.945404515933989	0.00180201523942686	0.998573552758386	0.00180201523942686
TRIR	0.945440722608958	-0.00378591759301748	0.998573552758386	-0.00378591759301748
ZNF69	0.945441691013388	0.00456938920375653	0.998573552758386	0.00456938920375653
AIP	0.945493224431993	0.00492383451111655	0.998573552758386	0.00492383451111655
NOXA1	0.945527410946911	0.00718133730605603	0.998573552758386	0.00718133730605603
PKD2L2	0.94589642102081	0.00740732631690966	0.998573552758386	0.00740732631690966
SP2	0.945985685963567	-0.00411080371386551	0.998573552758386	-0.00411080371386551
SNAPC3	0.946027556408238	-0.00269676078309538	0.998573552758386	-0.00269676078309538
ANKRD23	0.946073539223097	-0.00222224670933582	0.998573552758386	-0.00222224670933582
UCK1	0.94628883927894	-0.00533320981951846	0.998573552758386	-0.00533320981951846
TMEM125	0.946365790496125	0.00442748972018574	0.998573552758386	0.00442748972018574
NPRL2	0.946385993830629	-0.00480778700343124	0.998573552758386	-0.00480778700343124
MTIF3	0.946443436985738	-0.00202613895406464	0.998573552758386	-0.00202613895406464
ZNF610	0.946491171453729	0.00425444090046034	0.998573552758386	0.00425444090046034
PNPLA6	0.946571310171077	-0.00221302727707838	0.998573552758386	-0.00221302727707838
HNRNPL	0.946641406648455	0.00178885066902313	0.998573552758386	0.00178885066902313
AC005070.3	0.946685801752118	0.00421785912273182	0.998573552758386	0.00421785912273182
FYCO1	0.946786722114152	-0.0032926773244382	0.998573552758386	-0.0032926773244382
RSAD1	0.946927078914303	0.00382234451096272	0.998573552758386	0.00382234451096272
TSPAN3	0.946930519955492	0.00362458912738833	0.998573552758386	0.00362458912738833
NRF1	0.947128047052278	-0.00155379599467668	0.998573552758386	-0.00155379599467668
AC104123.1	0.947397254370258	-0.00241991387054706	0.998573552758386	-0.00241991387054706
DCUN1D4	0.947526185240331	-0.0015508837506105	0.998573552758386	-0.0015508837506105
VARS	0.947546404051664	-0.00495738655295886	0.998573552758386	-0.00495738655295886
STMN1	0.94761047479357	0.00326677330452364	0.998573552758386	0.00326677330452364
ACTL6A	0.947766895176881	-0.00397298333591561	0.998573552758386	-0.00397298333591561
MLST8	0.947790072525466	0.00523663462752052	0.998573552758386	0.00523663462752052
NBPF3	0.947817925881975	0.00610433977585032	0.998573552758386	0.00610433977585032
NDUFAF5	0.947971688409254	-0.00358447664309617	0.998573552758386	-0.00358447664309617
LMO3	0.947976722802726	-0.00757691710695784	0.998573552758386	-0.00757691710695784
BCAS1	0.94810023242299	-0.00129865256037328	0.998573552758386	-0.00129865256037328
ANKRD17	0.948177816360727	-0.0010835292455291	0.998573552758386	-0.0010835292455291
TUT1	0.948180502917652	0.0042644567452422	0.998573552758386	0.0042644567452422
NAGPA-AS1	0.948314300005167	0.006148630117225	0.998573552758386	0.006148630117225
CAMK2A	0.948515939646231	0.00706926320091541	0.998573552758386	0.00706926320091541
NCOR2	0.948684544160386	0.00166723602615962	0.998573552758386	0.00166723602615962
ZNF786	0.948689341273475	-0.00412310303018228	0.998573552758386	-0.00412310303018228
R3HDM1	0.948895945890659	0.00284580931299543	0.998573552758386	0.00284580931299543
PLCG2	0.949123306802783	-0.00424782022490831	0.998573552758386	-0.00424782022490831
FTSJ3	0.949255528327716	-0.00496691211530637	0.998573552758386	-0.00496691211530637
TIAL1	0.949545348618822	0.0017251480768808	0.998573552758386	0.0017251480768808
ZFAND2A	0.949586674654753	-0.00548759657111326	0.998573552758386	-0.00548759657111326
NPTX1	0.949724145689533	0.00783147450698717	0.998573552758386	0.00783147450698717
ABCE1	0.949759118884639	0.00274795533490374	0.998573552758386	0.00274795533490374
DYNC2LI1	0.949939560680629	-0.00318480248674344	0.998573552758386	-0.00318480248674344
CNDP2	0.94997991496224	-0.00228603788524805	0.998573552758386	-0.00228603788524805
SLC9A3-AS1	0.950062041184238	0.00565082404235676	0.998573552758386	0.00565082404235676
TMEM68	0.950134811960538	-0.00300070852969413	0.998573552758386	-0.00300070852969413
ANKRD50	0.95013536967261	-0.00408402128669535	0.998573552758386	-0.00408402128669535
SRSF10	0.950198180089891	-0.00202187210275788	0.998573552758386	-0.00202187210275788
IFNAR1	0.9505010082348	-0.00239430544325746	0.998573552758386	-0.00239430544325746
NSD1	0.950501180464417	-0.00136709053651724	0.998573552758386	-0.00136709053651724
FBXO33	0.950603546239986	-0.00253568661860652	0.998573552758386	-0.00253568661860652
HIGD1A	0.950742263104902	-0.0053211951794781	0.998573552758386	-0.0053211951794781
LINC02256	0.950788231888312	-0.00421755900721954	0.998573552758386	-0.00421755900721954
AC087473.1	0.950871536494042	0.00334028873169887	0.998573552758386	0.00334028873169887
DCAF7	0.950886612301928	0.00187095825899035	0.998573552758386	0.00187095825899035
ZNF562	0.950898730799888	-0.0024197085018075	0.998573552758386	-0.0024197085018075
PSMC2	0.950916998964803	0.00333603134553178	0.998573552758386	0.00333603134553178
CHERP	0.950945454238162	-0.00288784884856039	0.998573552758386	-0.00288784884856039
SFPQ	0.95100717097133	-0.00149555175466752	0.998573552758386	-0.00149555175466752
SCN2A	0.951168817223297	-0.00614813165118114	0.998573552758386	-0.00614813165118114
CCNH	0.951183324204856	-0.00123899053936269	0.998573552758386	-0.00123899053936269
RAB43	0.951195743000391	0.00489165300133294	0.998573552758386	0.00489165300133294
FOXO3	0.951248067063539	0.00132983136506382	0.998573552758386	0.00132983136506382
FAM8A1	0.951283769065311	-0.00397835900680795	0.998573552758386	-0.00397835900680795
PAK1IP1	0.951370780083512	-0.00320471762974218	0.998573552758386	-0.00320471762974218
CHRM3	0.951520456222503	0.00560013327993108	0.998573552758386	0.00560013327993108
CTTNBP2NL	0.951654002960942	0.00235765670985018	0.998573552758386	0.00235765670985018
PILRA	0.951656207070103	-0.0031350921313089	0.998573552758386	-0.0031350921313089
ARHGAP12	0.951673354407781	-0.00314502610128806	0.998573552758386	-0.00314502610128806
RAD51D	0.952295480537901	0.00257381435863165	0.998573552758386	0.00257381435863165
IPCEF1	0.952338221487511	0.00541603121333182	0.998573552758386	0.00541603121333182
ZMYM5	0.952341857022754	0.00176733482172631	0.998573552758386	0.00176733482172631
AC092329.4	0.952393542681433	-0.00378035571151196	0.998573552758386	-0.00378035571151196
DYNLL1	0.952466772471259	0.00336861647948494	0.998573552758386	0.00336861647948494
TBC1D9B	0.952560224372508	0.00246241219330904	0.998573552758386	0.00246241219330904
MYOT	0.95264454243458	-0.00419663020797015	0.998573552758386	-0.00419663020797015
SMYD3	0.952836738982322	0.00253535976723364	0.998573552758386	0.00253535976723364
S100B	0.952857965617516	-0.00263152827397689	0.998573552758386	-0.00263152827397689
PLXDC2	0.953091074560801	-0.00108403508815687	0.998573552758386	-0.00108403508815687
TEX9	0.953182932825993	-0.00361209640718935	0.998573552758386	-0.00361209640718935
WNK2	0.953300795495606	0.00658935170044773	0.998573552758386	0.00658935170044773
LSM6	0.953359784012843	0.00366441619343007	0.998573552758386	0.00366441619343007
FBXO11	0.953795387804213	0.000994372950016042	0.998573552758386	0.000994372950016042
TBCCD1	0.954026387597324	-0.00407599024343127	0.998573552758386	-0.00407599024343127
FAM120AOS	0.954107990396857	-0.00219146542255995	0.998573552758386	-0.00219146542255995
CCDC90B	0.954499525853751	0.00265568632186509	0.998573552758386	0.00265568632186509
TMF1	0.954637755281767	-0.00185082892982845	0.998573552758386	-0.00185082892982845
FBXO25	0.954682945298667	0.00220599539596799	0.998573552758386	0.00220599539596799
TMEM259	0.954759079496891	-0.00219880094913879	0.998573552758386	-0.00219880094913879
CUL4A	0.954777816928436	-0.00155369984073656	0.998573552758386	-0.00155369984073656
PKN2-AS1	0.954794789455764	0.00483576581055815	0.998573552758386	0.00483576581055815
LRRC69	0.954809156197035	0.00260888694508987	0.998573552758386	0.00260888694508987
KIAA0930	0.954866644817996	-0.00139572140137191	0.998573552758386	-0.00139572140137191
RBAK	0.954890796750175	0.00384958533587328	0.998573552758386	0.00384958533587328
MARK2	0.954936342920786	-0.00151108350993027	0.998573552758386	-0.00151108350993027
MATN2	0.955004653542957	0.00190586718101398	0.998573552758386	0.00190586718101398
CCZ1	0.95513759449504	-0.00224808826525667	0.998573552758386	-0.00224808826525667
WWTR1	0.955402221341318	0.00265902298629752	0.998573552758386	0.00265902298629752
EMC4	0.955486199027313	0.00458959843201436	0.998573552758386	0.00458959843201436
USP21	0.955492961973398	-0.00470181275990048	0.998573552758386	-0.00470181275990048
PIGH	0.955586238849392	-0.00436651882649572	0.998573552758386	-0.00436651882649572
DHX16	0.955638891796973	-0.00387027842572936	0.998573552758386	-0.00387027842572936
WBP11	0.955645104097124	-0.0030132297262135	0.998573552758386	-0.0030132297262135
GPM6A	0.955728864770101	0.00522215315913994	0.998573552758386	0.00522215315913994
AC244033.2	0.955761492008843	-0.00210036466553975	0.998573552758386	-0.00210036466553975
CREBRF	0.955799038867557	-0.00158420121040762	0.998573552758386	-0.00158420121040762
RNASE1	0.955828285278959	-0.0031044181807487	0.998573552758386	-0.0031044181807487
MFSD11	0.955960562397426	-0.00151371349281887	0.998573552758386	-0.00151371349281887
ENO4	0.95624311959846	0.00412225135822723	0.998573552758386	0.00412225135822723
AP2A2	0.956388369722868	0.00218062796659041	0.998573552758386	0.00218062796659041
CCDC18	0.956475904599813	0.00336026692649305	0.998573552758386	0.00336026692649305
CTNNA2	0.956483182297444	-0.00364884468257178	0.998573552758386	-0.00364884468257178
ZSWIM8	0.956531025970244	-0.00227120708999196	0.998573552758386	-0.00227120708999196
ZNF765	0.957030806878011	-0.00229373784061072	0.998573552758386	-0.00229373784061072
CHD5	0.957065189773592	0.00525938478970342	0.998573552758386	0.00525938478970342
AP1AR	0.957075299986499	0.00330744289009445	0.998573552758386	0.00330744289009445
MAST4	0.957149610812123	0.00294749581355502	0.998573552758386	0.00294749581355502
SLC16A2	0.957156917518246	0.00330441674123768	0.998573552758386	0.00330441674123768
TMBIM6	0.957190328118516	0.00216350509381645	0.998573552758386	0.00216350509381645
AL049779.4	0.957213123385664	-0.00297007455635736	0.998573552758386	-0.00297007455635736
CEP170B	0.957257316257883	0.00504869274973678	0.998573552758386	0.00504869274973678
MAP4K3	0.957303460041277	0.00133972247931695	0.998573552758386	0.00133972247931695
TMEM19	0.957338958444225	0.00311017370430027	0.998573552758386	0.00311017370430027
UBE2R2	0.957513963814759	-0.00118809971608799	0.998573552758386	-0.00118809971608799
ZNF529	0.95767874564153	-0.00169818222990878	0.998573552758386	-0.00169818222990878
AC005670.3	0.95768695042867	0.00141775591179833	0.998573552758386	0.00141775591179833
SLC35E2A	0.957732985460392	0.00246686875226491	0.998573552758386	0.00246686875226491
VPS29	0.957786341830721	-0.00253173757609595	0.998573552758386	-0.00253173757609595
PPDPF	0.957839214921936	0.00330205684255134	0.998573552758386	0.00330205684255134
DNAJC24	0.957930909171373	-0.00237722865920977	0.998573552758386	-0.00237722865920977
SH3KBP1	0.957991260196014	0.00122824121067653	0.998573552758386	0.00122824121067653
TMEM147	0.95804004329397	0.00411278093518811	0.998573552758386	0.00411278093518811
ACACB	0.958045365890805	0.00176529010813913	0.998573552758386	0.00176529010813913
CNEP1R1	0.958054657164977	-0.0035166005888964	0.998573552758386	-0.0035166005888964
CERS1	0.958141193306486	-0.00303556711452574	0.998573552758386	-0.00303556711452574
DIAPH1	0.958174450109674	0.00361540478502526	0.998573552758386	0.00361540478502526
ZNF592	0.958310559888797	0.00194999734188754	0.998573552758386	0.00194999734188754
TRRAP	0.958442541430338	0.00129383559448189	0.998573552758386	0.00129383559448189
AARSD1	0.958476956812587	-0.00354560990215951	0.998573552758386	-0.00354560990215951
FAM118A	0.958477595138687	0.00383297545934788	0.998573552758386	0.00383297545934788
PIGS	0.958681344967475	-0.00371244100088954	0.998573552758386	-0.00371244100088954
SCRIB	0.95869688528758	0.00247925535468517	0.998573552758386	0.00247925535468517
SPG7	0.958712974090084	-0.00134994102130166	0.998573552758386	-0.00134994102130166
CHUK	0.958796730967472	0.00250151339634693	0.998573552758386	0.00250151339634693
KIF21A	0.959244941736767	0.00176540904506157	0.998573552758386	0.00176540904506157
MT-CO1	0.959392962579233	0.00179532175536285	0.998573552758386	0.00179532175536285
IL17D	0.959448510876103	-0.00291199544543995	0.998573552758386	-0.00291199544543995
CS	0.959472951767478	-0.0026168997858349	0.998573552758386	-0.0026168997858349
AF117829.1	0.959480273489633	-0.00192514210262855	0.998573552758386	-0.00192514210262855
SEPTIN11	0.959618930747402	-0.00564143625318028	0.998573552758386	-0.00564143625318028
OGFOD1	0.959744895194086	-0.00312854546024589	0.998573552758386	-0.00312854546024589
C12orf43	0.959752591638579	-0.00351115690719043	0.998573552758386	-0.00351115690719043
SYNJ2BP	0.9598210895113	0.00329088617315475	0.998573552758386	0.00329088617315475
AC027682.4	0.959972212984143	-0.00431638121448698	0.998573552758386	-0.00431638121448698
SEMA4D	0.960077664609041	-0.0010663854169893	0.998573552758386	-0.0010663854169893
ERCC6L2	0.960343022513464	-0.00142861259027954	0.998573552758386	-0.00142861259027954
IQCK	0.960392883664729	0.00160487628207492	0.998573552758386	0.00160487628207492
PPIB	0.9604555230583	0.00331568223846346	0.998573552758386	0.00331568223846346
AC011921.1	0.960457304046212	0.00362192311824282	0.998573552758386	0.00362192311824282
ZNF35	0.960548798672192	0.00342960527521358	0.998573552758386	0.00342960527521358
RHOG	0.960599997696882	0.00312937874558836	0.998573552758386	0.00312937874558836
SLC39A13	0.960619419526244	-0.00343861547671352	0.998573552758386	-0.00343861547671352
BSCL2	0.960634844427563	0.00620837974368865	0.998573552758386	0.00620837974368865
THAP8	0.960653041384027	0.00374835679957298	0.998573552758386	0.00374835679957298
DTD1	0.960696754555313	0.00184586291433728	0.998573552758386	0.00184586291433728
C19orf12	0.960764892577358	0.00199728930857399	0.998573552758386	0.00199728930857399
USF1	0.960838283149483	0.00388450099724017	0.998573552758386	0.00388450099724017
BNIP3	0.960872442394445	0.00314610303918131	0.998573552758386	0.00314610303918131
GSK3B	0.96092384250916	-0.00115587493112018	0.998573552758386	-0.00115587493112018
AL731577.2	0.96116910481102	0.0021041076955114	0.998573552758386	0.0021041076955114
APP	0.961180515303717	-0.00077050833574064	0.998573552758386	-0.00077050833574064
N4BP2L2-IT2	0.961352226717833	0.00350987843146834	0.998573552758386	0.00350987843146834
ZNF431	0.961352749659443	-0.00160936137696822	0.998573552758386	-0.00160936137696822
CTPS1	0.961412653237508	0.00280539965037631	0.998573552758386	0.00280539965037631
ARMH4	0.961413648833407	-0.00155811065074086	0.998573552758386	-0.00155811065074086
SH3BGR	0.961471148345082	0.0028603515611475	0.998573552758386	0.0028603515611475
KDM2B-DT	0.961956713317858	0.00223506412690541	0.998573552758386	0.00223506412690541
ANLN	0.962193529332557	-0.00128255920774774	0.998573552758386	-0.00128255920774774
SNAP91	0.962203701330919	-0.00384536195519368	0.998573552758386	-0.00384536195519368
WDR83	0.96234255658169	-0.00334524086231445	0.998573552758386	-0.00334524086231445
KLHDC10	0.962459645224988	-0.0013179176604025	0.998573552758386	-0.0013179176604025
FXN	0.962580723033395	-0.00247375760556786	0.998573552758386	-0.00247375760556786
GAB2	0.962653538581911	0.000877495223984093	0.998573552758386	0.000877495223984093
RAPGEF2	0.962796798474499	0.00142765600906761	0.998573552758386	0.00142765600906761
PARP16	0.962808110799692	0.00196607593585848	0.998573552758386	0.00196607593585848
CMPK1	0.962863218241855	0.0022873448780829	0.998573552758386	0.0022873448780829
ZNF585A	0.962942135809292	0.00165050372229418	0.998573552758386	0.00165050372229418
CREBBP	0.962990723155584	0.0010363655608614	0.998573552758386	0.0010363655608614
ZNF449	0.963123655359042	0.00406358886685536	0.998573552758386	0.00406358886685536
PIGP	0.96317554743496	-0.00250661996414267	0.998573552758386	-0.00250661996414267
C21orf91	0.963181105179508	0.00144455046474448	0.998573552758386	0.00144455046474448
MRPL14	0.963303191676882	-0.00390478735588423	0.998573552758386	-0.00390478735588423
NFYA	0.963329498073141	-0.00246921108075077	0.998573552758386	-0.00246921108075077
MAPKBP1	0.963473293651845	-0.00114240394273905	0.998573552758386	-0.00114240394273905
ERLIN2	0.963476363048412	0.00248744623993442	0.998573552758386	0.00248744623993442
FAM13B	0.963481528164398	-0.000933243255391868	0.998573552758386	-0.000933243255391868
RPL11	0.963619326688481	-0.00260077763197794	0.998573552758386	-0.00260077763197794
RFC3	0.963798761461245	-0.00226687632477533	0.998573552758386	-0.00226687632477533
RPS6KA4	0.963893738935784	0.00296082626259216	0.998573552758386	0.00296082626259216
RING1	0.964084815000674	0.00191375080553577	0.998573552758386	0.00191375080553577
RAB6A	0.964161908048851	-0.00104516012059669	0.998573552758386	-0.00104516012059669
ARMCX2	0.964246281954368	0.00383404165772684	0.998573552758386	0.00383404165772684
INO80	0.964289448029452	0.00136089099278155	0.998573552758386	0.00136089099278155
ARFGAP1	0.964432375584655	0.00172233381347099	0.998573552758386	0.00172233381347099
VHL	0.964597690615147	0.00226349270352877	0.998573552758386	0.00226349270352877
TBC1D22A	0.964597802514727	0.00113587361657667	0.998573552758386	0.00113587361657667
LRRC37B	0.964618452092344	0.00208234341416272	0.998573552758386	0.00208234341416272
SLC7A14-AS1	0.964619901030702	0.00115078862402421	0.998573552758386	0.00115078862402421
RAB3GAP2	0.964643306417195	0.00134851821386738	0.998573552758386	0.00134851821386738
GPS2	0.964648716846717	-0.00153850461299149	0.998573552758386	-0.00153850461299149
DCP1A	0.965001774783276	0.0011521371759426	0.998573552758386	0.0011521371759426
MAPRE3	0.965128079265815	0.00255588108431817	0.998573552758386	0.00255588108431817
ATG2A	0.96521779209725	0.00217532812332942	0.998573552758386	0.00217532812332942
TMEM9	0.965220258095405	-0.00369636222361662	0.998573552758386	-0.00369636222361662
PAFAH1B1	0.965244054505783	0.000885207331650666	0.998573552758386	0.000885207331650666
UBL7-AS1	0.965289970877887	0.00277890388139496	0.998573552758386	0.00277890388139496
VPS13C	0.965350795128949	0.000908055558143087	0.998573552758386	0.000908055558143087
TMEM165	0.965517677451547	0.00070280203970804	0.998573552758386	0.00070280203970804
DDX52	0.965717400016619	0.00178623386763311	0.998573552758386	0.00178623386763311
SLC8A2	0.965767065756335	-0.00400117511695798	0.998573552758386	-0.00400117511695798
FBXO9	0.965805364289129	-0.00130791965595092	0.998573552758386	-0.00130791965595092
COMMD1	0.965858203531423	0.0008919083038469	0.998573552758386	0.0008919083038469
SLU7	0.96586881885276	-0.00264638537553658	0.998573552758386	-0.00264638537553658
EEF1G	0.965917293385811	-0.00265967855074833	0.998573552758386	-0.00265967855074833
ZNF790	0.966166421764428	-0.00223739334294431	0.998573552758386	-0.00223739334294431
YIPF3	0.966167687164829	0.00304129731901846	0.998573552758386	0.00304129731901846
MPC1	0.966171423797161	-0.00154327779333777	0.998573552758386	-0.00154327779333777
MRPL48	0.966245465799182	0.00145072615232958	0.998573552758386	0.00145072615232958
BRAF	0.966321056915183	0.000882659913664577	0.998573552758386	0.000882659913664577
DVL3	0.96663459186598	-0.00226846630942047	0.998573552758386	-0.00226846630942047
CRAT	0.966645716665704	-0.0033391974341177	0.998573552758386	-0.0033391974341177
MIR99AHG	0.966663759296364	0.000908652028830237	0.998573552758386	0.000908652028830237
MRPL51	0.966727416128755	0.00380894604208414	0.998573552758386	0.00380894604208414
C2CD2L	0.966860822807744	-0.00343895279288077	0.998573552758386	-0.00343895279288077
C18orf32	0.966917053544351	0.002361884085063	0.998573552758386	0.002361884085063
TMEM151A	0.967021061784168	0.00192032812576036	0.998573552758386	0.00192032812576036
AC007364.1	0.967126404332296	0.00176312272699511	0.998573552758386	0.00176312272699511
THRB	0.967294578995961	0.00398139474552137	0.998573552758386	0.00398139474552137
GBE1	0.967402181207353	0.00171475642498501	0.998573552758386	0.00171475642498501
LSM8	0.967439099911186	0.00161209109204081	0.998573552758386	0.00161209109204081
HRAS	0.967483714370398	0.00322652009982565	0.998573552758386	0.00322652009982565
RAD18	0.967636508391603	0.00181110055156036	0.998573552758386	0.00181110055156036
GPAT4	0.967776448828973	-0.0018359628498492	0.998573552758386	-0.0018359628498492
PLEKHA1	0.967805099116342	0.000896900905092256	0.998573552758386	0.000896900905092256
LINC01411	0.96783591506193	0.00146910493112725	0.998573552758386	0.00146910493112725
HBS1L	0.968070700832277	-0.000901849544441526	0.998573552758386	-0.000901849544441526
ALG8	0.968096955948467	-0.00176140403840249	0.998573552758386	-0.00176140403840249
UBA2	0.968103074290577	0.00109622540972035	0.998573552758386	0.00109622540972035
ZCCHC24	0.968124508232634	0.000773904158454259	0.998573552758386	0.000773904158454259
GK	0.968213530482884	-0.00228316491559154	0.998573552758386	-0.00228316491559154
CTDSPL2	0.968398542329245	0.000995344685483827	0.998573552758386	0.000995344685483827
UBXN6	0.968426662159311	0.00267077287983281	0.998573552758386	0.00267077287983281
MFF	0.968507596281957	-0.00113215645395379	0.998573552758386	-0.00113215645395379
AC023283.1	0.968512058338208	-0.00304861919822924	0.998573552758386	-0.00304861919822924
STK4	0.968776127285752	-0.00142536690120289	0.998573552758386	-0.00142536690120289
B9D1	0.96879048288405	0.00276822078979412	0.998573552758386	0.00276822078979412
PGBD1	0.968908742885648	-0.00202030456321854	0.998573552758386	-0.00202030456321854
UHMK1	0.968956733815385	-0.00185344953182613	0.998573552758386	-0.00185344953182613
RBL1	0.969565071390809	-0.00146717454682023	0.998573552758386	-0.00146717454682023
SH3YL1	0.969621057415675	-0.00118582674118386	0.998573552758386	-0.00118582674118386
SH3GLB2	0.969655944023352	-0.00129089432413393	0.998573552758386	-0.00129089432413393
METRN	0.969715177587501	0.00154805183020866	0.998573552758386	0.00154805183020866
AKNA	0.969727505108156	0.00197226637772167	0.998573552758386	0.00197226637772167
AHSA1	0.969840506249696	0.00218823844893621	0.998573552758386	0.00218823844893621
MT-ND1	0.969844188931742	-0.00140584660056055	0.998573552758386	-0.00140584660056055
PTPRA	0.969858485109231	-0.000794702352790552	0.998573552758386	-0.000794702352790552
ZNF500	0.969860197260338	-0.00207457947756032	0.998573552758386	-0.00207457947756032
FGF22	0.969915868714282	0.00263524692830647	0.998573552758386	0.00263524692830647
NPLOC4	0.969936254007284	-0.00117760101965058	0.998573552758386	-0.00117760101965058
RHOBTB3	0.970000006145136	0.00105409723996231	0.998573552758386	0.00105409723996231
EMC2	0.970064587613691	0.00111412002129115	0.998573552758386	0.00111412002129115
MAGI1	0.970076738022329	0.000761736057126102	0.998573552758386	0.000761736057126102
C17orf49	0.970080483085893	0.00368956677789059	0.998573552758386	0.00368956677789059
TBCE	0.970142054636029	0.00198290105180251	0.998573552758386	0.00198290105180251
VGLL4	0.970151495706911	0.00113818976827071	0.998573552758386	0.00113818976827071
DHFR	0.97016098251509	0.00251256665739612	0.998573552758386	0.00251256665739612
SLC25A28	0.970255899281508	0.00147099265805632	0.998573552758386	0.00147099265805632
KIAA1328	0.970369442754626	0.000878471271255445	0.998573552758386	0.000878471271255445
UROD	0.970395474334441	-0.00327238220134471	0.998573552758386	-0.00327238220134471
MYCBP2	0.970830107689037	-0.00102406491215093	0.998573552758386	-0.00102406491215093
OAF	0.970887692364496	-0.00175386357520133	0.998573552758386	-0.00175386357520133
CRELD2	0.970946267712319	0.00223797027975676	0.998573552758386	0.00223797027975676
KLF3	0.970952392965484	-0.0011336908559984	0.998573552758386	-0.0011336908559984
ZKSCAN8	0.97098394535097	-0.00208652049023478	0.998573552758386	-0.00208652049023478
AMN1	0.97099068873072	0.00102853401597302	0.998573552758386	0.00102853401597302
UIMC1	0.971209448526835	0.0013854510106088	0.998573552758386	0.0013854510106088
SOGA3	0.971279549931285	0.00240759301214176	0.998573552758386	0.00240759301214176
MROH8	0.971373423985261	-0.00230416029605822	0.998573552758386	-0.00230416029605822
NDUFA13	0.971486679328483	0.00206150414567102	0.998573552758386	0.00206150414567102
AARS2	0.971503656351325	0.00265288494407904	0.998573552758386	0.00265288494407904
TMEM161A	0.971515700840874	-0.00176773566330802	0.998573552758386	-0.00176773566330802
GALNT13	0.971598045690291	0.00112759300171648	0.998573552758386	0.00112759300171648
DANCR	0.971830898083878	0.00295482579859493	0.998573552758386	0.00295482579859493
LINC01355	0.97186044501824	0.00207398808407622	0.998573552758386	0.00207398808407622
PAXX	0.971889542051001	-0.00184363556167289	0.998573552758386	-0.00184363556167289
DHRS7	0.972065186871563	0.00267636160743376	0.998573552758386	0.00267636160743376
KALRN	0.972130141925559	-0.00339634650653352	0.998573552758386	-0.00339634650653352
ZNF358	0.972274725222125	0.0013190386849297	0.998573552758386	0.0013190386849297
N4BP2L2	0.972309593728259	0.000564513447088921	0.998573552758386	0.000564513447088921
KAT5	0.972316437236911	-0.00194870548233999	0.998573552758386	-0.00194870548233999
WDR26	0.972407123049681	-0.00111623888463413	0.998573552758386	-0.00111623888463413
AHDC1	0.972751941025646	0.00237398594090303	0.998573552758386	0.00237398594090303
GPBP1L1	0.972753535515996	-0.00084776015507293	0.998573552758386	-0.00084776015507293
PIK3R1	0.972764476964323	0.000733949407399371	0.998573552758386	0.000733949407399371
LONRF1	0.972785511227003	0.00195549611809868	0.998573552758386	0.00195549611809868
ANXA5	0.972786572238015	0.00217855016369455	0.998573552758386	0.00217855016369455
DPF2	0.972867995416727	-0.00119438537458557	0.998573552758386	-0.00119438537458557
PHKA2	0.973129232681591	-0.00120544048932477	0.998573552758386	-0.00120544048932477
SLC45A3	0.973227145195162	0.00147032663644246	0.998573552758386	0.00147032663644246
TMEM8A	0.973256407770023	0.00255408819609598	0.998573552758386	0.00255408819609598
DDX24	0.973256423419991	-0.00184130703596945	0.998573552758386	-0.00184130703596945
DHDDS	0.973279867665862	-0.0019043836517998	0.998573552758386	-0.0019043836517998
FAIM	0.973282525627318	-0.00231795688983507	0.998573552758386	-0.00231795688983507
FAM234B	0.973328739233787	-0.00266826543357297	0.998573552758386	-0.00266826543357297
CREB3L2	0.973377386221524	0.000776902059490157	0.998573552758386	0.000776902059490157
ATG4B	0.973427377569212	-0.00117294132011726	0.998573552758386	-0.00117294132011726
GNPDA2	0.973438267136376	0.00242317786838936	0.998573552758386	0.00242317786838936
SLC6A1	0.973476614687336	-0.00110801655007717	0.998573552758386	-0.00110801655007717
ARHGEF2	0.973589822971509	0.000830157014940472	0.998573552758386	0.000830157014940472
RPS6KL1	0.973926399272448	-0.00191289891145195	0.998573552758386	-0.00191289891145195
TSNAX	0.974011626232287	-0.00117959301081779	0.998573552758386	-0.00117959301081779
AC063944.3	0.974028803266829	-0.00324205991339487	0.998573552758386	-0.00324205991339487
AC006480.2	0.974116978904367	-0.00260521563955355	0.998573552758386	-0.00260521563955355
ACSS2	0.974140126129366	0.000943979960567156	0.998573552758386	0.000943979960567156
C6orf47	0.97418718074051	0.00299926191057739	0.998573552758386	0.00299926191057739
ZSCAN16-AS1	0.97425104314387	-0.00124060868165937	0.998573552758386	-0.00124060868165937
CWC25	0.974251390129522	0.00164296219196108	0.998573552758386	0.00164296219196108
SACS	0.974277087079227	-0.00117189341840334	0.998573552758386	-0.00117189341840334
ARSI	0.974383477063193	-0.00198574111385791	0.998573552758386	-0.00198574111385791
MTSS2	0.974414869068458	0.00237606075753178	0.998573552758386	0.00237606075753178
HECTD1	0.974481186248907	0.000786468125397818	0.998573552758386	0.000786468125397818
RPS18	0.974652285783813	0.00218007606758415	0.998573552758386	0.00218007606758415
RABGEF1	0.974656048147604	-0.000796880058910802	0.998573552758386	-0.000796880058910802
AC025171.1	0.974819347534175	0.00134277880830517	0.998573552758386	0.00134277880830517
PHF21B	0.97501063788107	0.00176376710751203	0.998573552758386	0.00176376710751203
KMT2A	0.975046334934119	-0.000729969252664747	0.998573552758386	-0.000729969252664747
USP34	0.975130866652958	0.000519878545032746	0.998573552758386	0.000519878545032746
ATP6V0B	0.975139888978521	0.00164533827399515	0.998573552758386	0.00164533827399515
IQCN	0.975143001812286	-0.00302088448732155	0.998573552758386	-0.00302088448732155
CYB5R4	0.97518472720785	0.000893055208117782	0.998573552758386	0.000893055208117782
TAX1BP1	0.975280008665671	-0.000790135211716529	0.998573552758386	-0.000790135211716529
PMP22	0.975281618657186	-0.000957867261311977	0.998573552758386	-0.000957867261311977
MXD3	0.975398322274022	0.00231217678335779	0.998573552758386	0.00231217678335779
ACAP2	0.975400672074086	-0.000749314193985817	0.998573552758386	-0.000749314193985817
MTHFR	0.975464686028653	-0.00131314090102352	0.998573552758386	-0.00131314090102352
MT2A	0.975555345163891	0.00222737527181121	0.998573552758386	0.00222737527181121
SEC62	0.975625783277914	-0.00115834903578834	0.998573552758386	-0.00115834903578834
LRRFIP1	0.975801136516878	0.00399874629728205	0.998573552758386	0.00399874629728205
BORCS7	0.975817774510518	0.00165655302935269	0.998573552758386	0.00165655302935269
MXI1	0.975908559416364	0.000641759766670087	0.998573552758386	0.000641759766670087
EML6	0.975927532670404	-0.00289188140889472	0.998573552758386	-0.00289188140889472
PRPF40A	0.976007910963577	-0.000790414150523883	0.998573552758386	-0.000790414150523883
DNAJC19	0.976080495222296	-0.00226093364783101	0.998573552758386	-0.00226093364783101
C1orf122	0.97616885627842	0.00154377455108048	0.998573552758386	0.00154377455108048
PRKAA1	0.976327347864757	-0.00114096384411788	0.998573552758386	-0.00114096384411788
RPS12	0.976567825393157	0.00200854357505643	0.998573552758386	0.00200854357505643
ANKRD36B	0.976677541206037	0.000853150169475304	0.998573552758386	0.000853150169475304
PRRT1	0.976723342752539	0.00311583070662481	0.998573552758386	0.00311583070662481
ST3GAL6-AS1	0.976735697602034	0.00244166527707582	0.998573552758386	0.00244166527707582
AC108047.1	0.976741756146024	-0.00102427977481563	0.998573552758386	-0.00102427977481563
RNPEPL1	0.976749843479949	0.00163412773716578	0.998573552758386	0.00163412773716578
HS6ST3	0.976764766654906	-0.00326613910378486	0.998573552758386	-0.00326613910378486
POU3F3	0.976777301140076	-0.000930844369738954	0.998573552758386	-0.000930844369738954
RSF1	0.976941047588183	0.000612427673842679	0.998573552758386	0.000612427673842679
DNMT1	0.976985805324503	-0.00109154953667914	0.998573552758386	-0.00109154953667914
LRRC40	0.977015606593209	0.00162861411455626	0.998573552758386	0.00162861411455626
ERCC6	0.977077956964876	0.00123184569598881	0.998573552758386	0.00123184569598881
TUT4	0.977124810021881	0.000569089258148924	0.998573552758386	0.000569089258148924
P2RY11	0.97713968072906	0.00242679670562612	0.998573552758386	0.00242679670562612
ATP6V0D2	0.977552446842006	0.00307119845535536	0.998573552758386	0.00307119845535536
TMEM43	0.977602382575136	-0.00123459024605744	0.998573552758386	-0.00123459024605744
PWP1	0.977838343953585	-0.00116906687361609	0.998573552758386	-0.00116906687361609
SCN1A	0.977843668429155	0.00402682606089898	0.998573552758386	0.00402682606089898
PPIH	0.977884799163366	-0.00166069613942269	0.998573552758386	-0.00166069613942269
RBBP7	0.977938648513602	-0.00153091469755886	0.998573552758386	-0.00153091469755886
RPRD1A	0.977962458772119	0.000686900648955074	0.998573552758386	0.000686900648955074
DRAIC	0.977963988660402	-0.00212639422924601	0.998573552758386	-0.00212639422924601
MTMR14	0.978018597078075	0.00118036307457242	0.998573552758386	0.00118036307457242
AARS	0.978095098651894	-0.00096225529992257	0.998573552758386	-0.00096225529992257
IGBP1	0.978102974268518	-0.00114294145908581	0.998573552758386	-0.00114294145908581
DAP3	0.978151297259899	0.000724294817223897	0.998573552758386	0.000724294817223897
SSBP1	0.978226255977191	0.00105917713426237	0.998573552758386	0.00105917713426237
ATP11A	0.978269593770021	-0.000664460947815899	0.998573552758386	-0.000664460947815899
AP000892.1	0.978477853369847	0.00250492023436424	0.998573552758386	0.00250492023436424
TTC3	0.97849779232526	-0.000630870452735415	0.998573552758386	-0.000630870452735415
NAP1L3	0.978663035968502	0.00342400075875293	0.998573552758386	0.00342400075875293
PCBD2	0.978666396204804	0.00129669380074923	0.998573552758386	0.00129669380074923
UQCRC1	0.978728567345367	0.00204199909632915	0.998573552758386	0.00204199909632915
INTS6	0.978831860550008	-0.000694837057042096	0.998573552758386	-0.000694837057042096
EPDR1	0.978837796613312	-0.00196274282044742	0.998573552758386	-0.00196274282044742
MZT2A	0.978926665835952	-0.00178794048904527	0.998573552758386	-0.00178794048904527
ZFHX4-AS1	0.978962237446815	-0.00209482044598313	0.998573552758386	-0.00209482044598313
OGA	0.978980873502172	0.000808298341423498	0.998573552758386	0.000808298341423498
CBX5	0.97924482906101	0.00103027790991279	0.998665417968119	0.00103027790991279
SH3BP5	0.979434973975556	0.00103516026825786	0.998665417968119	0.00103516026825786
GTF2A2	0.979527679840808	0.00142544891340093	0.998665417968119	0.00142544891340093
GMDS-DT	0.97955426006927	-0.000829868959259837	0.998665417968119	-0.000829868959259837
PTGES2	0.979618513338921	-0.00219497731932562	0.998665417968119	-0.00219497731932562
MAP3K2	0.980047976010518	-0.000678091049780945	0.998665417968119	-0.000678091049780945
NDUFAF6	0.980176399470771	-0.000737636129339174	0.998665417968119	-0.000737636129339174
SVBP	0.980243366595325	0.00238610864486815	0.998665417968119	0.00238610864486815
LURAP1	0.980411377820836	-0.00125669464300643	0.998665417968119	-0.00125669464300643
CYFIP2	0.980547126281595	-0.00134937731472069	0.998665417968119	-0.00134937731472069
FADS3	0.980701455996389	0.0011540323590948	0.998665417968119	0.0011540323590948
AC098588.3	0.980792248842304	-0.00145356683612505	0.998665417968119	-0.00145356683612505
DISC1	0.980818032634987	-0.00080387214141005	0.998665417968119	-0.00080387214141005
REV1	0.980821190546715	0.000651008948386657	0.998665417968119	0.000651008948386657
CEND1	0.98093572513354	0.00297663165986432	0.998665417968119	0.00297663165986432
PABPN1	0.980935933380525	0.000649973324096857	0.998665417968119	0.000649973324096857
DCAF17	0.980962829849608	-0.000749899432030074	0.998665417968119	-0.000749899432030074
COPG1	0.9811010981415	0.00136203045429266	0.998665417968119	0.00136203045429266
DDX55	0.98121907245493	0.00107633149377276	0.998665417968119	0.00107633149377276
FSTL4	0.981224225978488	0.00274235994069649	0.998665417968119	0.00274235994069649
CNTN4	0.981246578735031	0.00242106601292112	0.998665417968119	0.00242106601292112
PHKG1	0.981270398183533	0.00206058078497099	0.998665417968119	0.00206058078497099
ING5	0.98143157900314	-0.000772638196099509	0.998665417968119	-0.000772638196099509
PIR	0.981467728216043	0.000846415158951016	0.998665417968119	0.000846415158951016
PSMD8	0.981485585080996	0.00136778342814157	0.998665417968119	0.00136778342814157
HAUS2	0.981496919705377	0.00129336839901127	0.998665417968119	0.00129336839901127
MEAF6	0.981692570438149	0.00104954557347411	0.99874996363363	0.00104954557347411
SERPINB6	0.9817963754446	-0.000684699163420125	0.99874996363363	-0.000684699163420125
TGFA	0.982081451458725	0.000859644090006417	0.99874996363363	0.000859644090006417
POLG	0.982094457549426	0.00106879585089047	0.99874996363363	0.00106879585089047
SLC37A3	0.982240709462095	0.000839388948803528	0.99874996363363	0.000839388948803528
C5orf30	0.982246705161779	0.0008889816798988	0.99874996363363	0.0008889816798988
SLC35D2	0.982425656024507	-0.00072981351410385	0.99874996363363	-0.00072981351410385
PBLD	0.98246156151186	-0.00170544000013183	0.99874996363363	-0.00170544000013183
ZNF460	0.982493639531028	-0.00196043002354646	0.99874996363363	-0.00196043002354646
BLOC1S2	0.982515081191086	0.0015009157003571	0.99874996363363	0.0015009157003571
KDSR	0.982606476414288	-0.000914796151912682	0.99874996363363	-0.000914796151912682
MFSD6	0.982757108862562	0.000573805695886431	0.998808217278132	0.000573805695886431
FBXO7	0.982963747047397	0.000778794412054705	0.998865436540944	0.000778794412054705
PAIP2	0.98310332553028	0.000604846412552279	0.998865436540944	0.000604846412552279
RDH11	0.983343883502448	-0.000916397730157291	0.998865436540944	-0.000916397730157291
TDRD7	0.983415029991127	0.000966688707282709	0.998865436540944	0.000966688707282709
TMEM45A	0.983462460595034	0.00177129691666644	0.998865436540944	0.00177129691666644
SKP1	0.983542014276356	-0.00110372626730353	0.998865436540944	-0.00110372626730353
ZNF704	0.983877060836393	0.00039456262172228	0.998865436540944	0.00039456262172228
TMEM126A	0.983885500678067	-0.0019382926178473	0.998865436540944	-0.0019382926178473
GTPBP4	0.983923421586676	-0.00100935425338935	0.998865436540944	-0.00100935425338935
PACRG-AS1	0.984120705755417	-0.00128110982000918	0.998865436540944	-0.00128110982000918
AC092164.1	0.984157820922598	-0.00127992126329027	0.998865436540944	-0.00127992126329027
G3BP1	0.984335434066393	0.00058871092346135	0.998865436540944	0.00058871092346135
TBC1D7	0.984392397714709	-0.00154633478115767	0.998865436540944	-0.00154633478115767
OMA1	0.984458983375091	0.00115783797643603	0.998865436540944	0.00115783797643603
CNOT10	0.98457181744202	0.000588987913539915	0.998865436540944	0.000588987913539915
MRPL40	0.984604883821552	0.00222680200300153	0.998865436540944	0.00222680200300153
KDM1A	0.98467144868052	0.000868756545893424	0.998865436540944	0.000868756545893424
SNW1	0.984843032682939	0.000682959021007544	0.998865436540944	0.000682959021007544
NAF1	0.985056809027207	0.000944407008005417	0.998865436540944	0.000944407008005417
BASP1-AS1	0.985082942393855	-0.00219341664437132	0.998865436540944	-0.00219341664437132
TRPS1	0.98513447296927	0.000397630477107606	0.998865436540944	0.000397630477107606
BRD7	0.98513476142492	0.000618081508010222	0.998865436540944	0.000618081508010222
AL035530.2	0.985461158822306	0.000897590559426847	0.998865436540944	0.000897590559426847
AL132857.1	0.985595379949053	-0.00104574504933833	0.998865436540944	-0.00104574504933833
EI24	0.985618094532008	0.0010271935410656	0.998865436540944	0.0010271935410656
LEPROTL1	0.985778376845122	0.000956877183610355	0.998865436540944	0.000956877183610355
TRIT1	0.985811017881021	-0.000726449593456643	0.998865436540944	-0.000726449593456643
DLG2	0.986094679808661	-0.000179473653219454	0.998865436540944	-0.000179473653219454
GALNT8	0.986179474546243	-0.00110546397621781	0.998865436540944	-0.00110546397621781
PITPNC1	0.986216297986643	0.00143040579814139	0.998865436540944	0.00143040579814139
NDRG4	0.986261466326327	0.00181172551433122	0.998865436540944	0.00181172551433122
GXYLT2	0.986326750076269	-0.000565532133886593	0.998865436540944	-0.000565532133886593
PRR5L	0.986421224717767	-0.000487990146712339	0.998865436540944	-0.000487990146712339
NKAP	0.986683043685966	0.000728009664828677	0.998865436540944	0.000728009664828677
RPL27	0.986720623434269	0.00140219857014526	0.998865436540944	0.00140219857014526
AC105383.1	0.986726905513112	-0.0006228796677067	0.998865436540944	-0.0006228796677067
SPACA6	0.986768181455964	0.000721692830886379	0.998865436540944	0.000721692830886379
JMJD6	0.986864448539064	-0.00114837820520883	0.998865436540944	-0.00114837820520883
DNTTIP1	0.987044080968549	0.00119640564284739	0.998865436540944	0.00119640564284739
FP565260.1	0.987091355376444	-0.00157109685633595	0.998865436540944	-0.00157109685633595
PARL	0.987230511711213	0.000551908800608465	0.998865436540944	0.000551908800608465
PRELID2	0.987479471464927	0.000957682052832235	0.998865436540944	0.000957682052832235
MBD5	0.987581323846443	-0.00027051778850871	0.998865436540944	-0.00027051778850871
LRRC63	0.987694694400425	0.000547005366264126	0.998865436540944	0.000547005366264126
DBT	0.987788563934943	0.000613805447030933	0.998865436540944	0.000613805447030933
DDHD2	0.987791814596027	-0.000701104560074382	0.998865436540944	-0.000701104560074382
EBF4	0.987953958046639	-0.000550277727841775	0.998865436540944	-0.000550277727841775
TTYH1	0.988223503403787	0.000389316900410324	0.998865436540944	0.000389316900410324
NACAD	0.988511589361677	0.000603796021019893	0.998865436540944	0.000603796021019893
AL392023.2	0.988540230071169	-0.00056602850229911	0.998865436540944	-0.00056602850229911
C1QBP	0.988597511670515	0.00139683882213987	0.998865436540944	0.00139683882213987
FAM49A	0.988648436845338	0.00118542504829512	0.998865436540944	0.00118542504829512
PCNA	0.988656263134865	0.00122153298245972	0.998865436540944	0.00122153298245972
EMG1	0.988907585435511	0.00091094019317537	0.998865436540944	0.00091094019317537
MTRF1	0.989014758166423	-0.000936641235521934	0.998865436540944	-0.000936641235521934
AC020915.2	0.98929599894844	0.00102456501557825	0.998865436540944	0.00102456501557825
GFOD1	0.989372991601551	0.000748985999851308	0.998865436540944	0.000748985999851308
TMCO1	0.989431673651133	-0.000734700788113383	0.998865436540944	-0.000734700788113383
DCLK2	0.989457615726999	-0.00143055040408053	0.998865436540944	-0.00143055040408053
LINC00106	0.989478400509915	0.000928492858053923	0.998865436540944	0.000928492858053923
POP4	0.989491212081496	0.00112607809619587	0.998865436540944	0.00112607809619587
EEF1AKMT2	0.989610839674332	0.000539036278393496	0.998865436540944	0.000539036278393496
PACRG-AS3	0.989660127161021	-0.000551257758615594	0.998865436540944	-0.000551257758615594
COPS3	0.989838290357367	0.000805520755565046	0.998865436540944	0.000805520755565046
PHB	0.989876329598287	-0.000914439646185942	0.998865436540944	-0.000914439646185942
AL596244.1	0.989996959655136	-0.000755600951415729	0.998865436540944	-0.000755600951415729
NFKB1	0.99006927342665	0.000288773069865216	0.998865436540944	0.000288773069865216
TRO	0.990169341922679	-0.000856784748078743	0.998865436540944	-0.000856784748078743
HIPK2	0.990366333434488	0.000204630090142924	0.998865436540944	0.000204630090142924
AKIRIN1	0.9903713321623	0.000381570757154597	0.998865436540944	0.000381570757154597
AP002833.1	0.990446114744562	-0.00102881536244281	0.998865436540944	-0.00102881536244281
COG2	0.990511582925778	-0.000449593082574823	0.998865436540944	-0.000449593082574823
TAF15	0.990688181357112	0.000260318200712972	0.998865436540944	0.000260318200712972
AC016597.1	0.990798131971478	0.000332408057062071	0.998865436540944	0.000332408057062071
TNS2	0.99106696333513	0.000487442478783934	0.998865436540944	0.000487442478783934
FN3K	0.991167868178376	0.000550780434902602	0.998865436540944	0.000550780434902602
MTX3	0.991205882767932	0.000620243254660411	0.998865436540944	0.000620243254660411
AL590550.1	0.991299865777711	-0.000951256892568027	0.998865436540944	-0.000951256892568027
SNX18	0.991354658462907	0.000666798376990311	0.998865436540944	0.000666798376990311
CLSTN3	0.991457539742438	0.00163337552571874	0.998865436540944	0.00163337552571874
MTSS1	0.991651716971949	-0.000270493705088879	0.998865436540944	-0.000270493705088879
TSPYL4	0.99187404558379	0.000995483872180964	0.998865436540944	0.000995483872180964
AC068724.3	0.991916932041096	0.000582997133919839	0.998865436540944	0.000582997133919839
AL449403.2	0.992015736880567	-0.000804708462544826	0.998865436540944	-0.000804708462544826
EDEM2	0.992064145691948	0.000623811788536662	0.998865436540944	0.000623811788536662
ACER2	0.992095591207824	-0.000793456359979065	0.998865436540944	-0.000793456359979065
PTPN21	0.992279669540824	0.00045287326191497	0.998865436540944	0.00045287326191497
MYLPF	0.992332903049328	0.00114809056738391	0.998865436540944	0.00114809056738391
SPTLC2	0.992395762952669	0.000217648647367168	0.998865436540944	0.000217648647367168
RINT1	0.992445968664313	-0.000632309099805317	0.998865436540944	-0.000632309099805317
TAX1BP3	0.992490459978312	-0.000726089743629647	0.998865436540944	-0.000726089743629647
KSR2	0.992494686638672	-0.000967541065611931	0.998865436540944	-0.000967541065611931
AC098484.4	0.992624040954103	-0.00081579058601472	0.998865436540944	-0.00081579058601472
TGDS	0.992629252211507	-0.000599898545341758	0.998865436540944	-0.000599898545341758
TPRG1L	0.992763786548292	-0.000933865364803058	0.998865436540944	-0.000933865364803058
MT-CYB	0.992803877140755	0.000322729710195535	0.998865436540944	0.000322729710195535
RABL3	0.992820574859541	0.000550478931705189	0.998865436540944	0.000550478931705189
ZNF709	0.992846123360763	-0.000527902327137304	0.998865436540944	-0.000527902327137304
STAT2	0.992988330795219	-0.00030204175523865	0.998865436540944	-0.00030204175523865
UTP6	0.993033961248353	0.00037772486345228	0.998865436540944	0.00037772486345228
PLAAT3	0.993051095745883	0.000188864241637138	0.998865436540944	0.000188864241637138
LRRC8D	0.993089331721278	-0.000175877337798668	0.998865436540944	-0.000175877337798668
NLK	0.993107533438385	-0.000158617696981229	0.998865436540944	-0.000158617696981229
RPL8	0.993146783150969	0.000545887686954509	0.998865436540944	0.000545887686954509
LEPROT	0.993206794987462	0.000535989242621972	0.998865436540944	0.000535989242621972
TTC31	0.993485621942979	-0.00047645456528673	0.998865436540944	-0.00047645456528673
ATM	0.993648577150707	0.000179624858903792	0.998865436540944	0.000179624858903792
P2RX4	0.993666615570938	0.000391428333553013	0.998865436540944	0.000391428333553013
MGAT1	0.993683329410014	-0.000370341284038651	0.998865436540944	-0.000370341284038651
AL392086.3	0.993733700845574	-0.000350358593293872	0.998865436540944	-0.000350358593293872
RAB2B	0.993863725433258	-0.00034491893044434	0.998865436540944	-0.00034491893044434
ACTR6	0.993927251291071	-0.000500957005018241	0.998865436540944	-0.000500957005018241
CNTN2	0.99397807713048	0.000129720106422504	0.998865436540944	0.000129720106422504
SLC25A36	0.994037414032121	0.000280163598098755	0.998865436540944	0.000280163598098755
BORCS8	0.99410351469406	0.000543928932735756	0.998865436540944	0.000543928932735756
CERCAM	0.994219876766666	-0.000189946678630244	0.998865436540944	-0.000189946678630244
DDIT3	0.994342915724753	-0.000570065293343092	0.998865436540944	-0.000570065293343092
AC105916.1	0.994500092895545	-0.000320768888982894	0.998865436540944	-0.000320768888982894
SNRNP27	0.994733131190902	-0.000456442274935878	0.998865436540944	-0.000456442274935878
GTF2F2	0.994762490110063	-0.000194163254254917	0.998865436540944	-0.000194163254254917
FAT1	0.994924457507236	0.000549033496436275	0.998865436540944	0.000549033496436275
TNIP1	0.994939717888866	0.000323963869585141	0.998865436540944	0.000323963869585141
FOCAD	0.994956036927259	-0.00046226283742526	0.998865436540944	-0.00046226283742526
SYVN1	0.994989689169935	-0.000368633962050223	0.998865436540944	-0.000368633962050223
RAB21	0.995081021637143	-0.000192013286851873	0.998865436540944	-0.000192013286851873
NUP85	0.995163935437165	0.000292688070894803	0.998865436540944	0.000292688070894803
DVL2	0.99524262457765	0.000381220169674506	0.998865436540944	0.000381220169674506
BRD8	0.99526122486064	0.000202815757707581	0.998865436540944	0.000202815757707581
MRPL55	0.995379043199742	0.000554536198321951	0.998865436540944	0.000554536198321951
ZNF397	0.995453806516009	0.000139569224802027	0.998865436540944	0.000139569224802027
CACFD1	0.995498113275801	-0.000388741021605802	0.998865436540944	-0.000388741021605802
ZFAND5	0.995657826869664	0.000231609045678987	0.998865436540944	0.000231609045678987
C5orf24	0.995818523461079	0.000215330428175894	0.998865436540944	0.000215330428175894
AC007681.1	0.995869306588041	-0.000367175431337138	0.998865436540944	-0.000367175431337138
ACOT13	0.995942300653232	-0.000275839760990589	0.998865436540944	-0.000275839760990589
MRPS16	0.995953434382611	-0.000299937751682064	0.998865436540944	-0.000299937751682064
RPL41	0.9962295812612	-0.000338420590545257	0.998865436540944	-0.000338420590545257
MAGED2	0.996261661065457	0.000324329481589259	0.998865436540944	0.000324329481589259
NLN	0.99628104077498	0.00020906608288346	0.998865436540944	0.00020906608288346
TP53I13	0.996346772895682	0.000297143792907634	0.998865436540944	0.000297143792907634
GLDN	0.996386261388595	-0.000140809467843861	0.998865436540944	-0.000140809467843861
NDUFC1	0.996502202757213	-0.000341470307712519	0.998865436540944	-0.000341470307712519
CYHR1	0.996565241782476	0.000179763806845893	0.998865436540944	0.000179763806845893
IPO5	0.99660224233418	-0.000193995984986301	0.998865436540944	-0.000193995984986301
TRIM3	0.996630318002888	0.000301075452861071	0.998865436540944	0.000301075452861071
BBS9	0.996642147549427	0.0001012698272993	0.998865436540944	0.0001012698272993
COP1	0.996663855688959	9.96712286308793e-05	0.998865436540944	9.96712286308793e-05
TMEM134	0.996677945601792	-0.000277610926021437	0.998865436540944	-0.000277610926021437
TALDO1	0.996732994695882	-0.000134391679887981	0.998865436540944	-0.000134391679887981
SMIM7	0.996812270176008	-0.00011565813766477	0.998865436540944	-0.00011565813766477
RPS27A	0.997021411512803	-0.000255606140907297	0.998873865946722	-0.000255606140907297
MKS1	0.997122654198009	0.000210890794680684	0.998873865946722	0.000210890794680684
TMEM80	0.997138315666428	-0.000288370467636243	0.998873865946722	-0.000288370467636243
TNS1	0.997242260523611	0.0001320663152821	0.998873865946722	0.0001320663152821
DLG5	0.997287314912331	-0.00013923270396099	0.998873865946722	-0.00013923270396099
SLC38A6	0.997517427102414	-0.000151481745025518	0.99898132700943	-0.000151481745025518
AC245297.3	0.997647379195405	0.000118425982860868	0.99898132700943	0.000118425982860868
CABYR	0.997727390864475	0.000169372447755611	0.99898132700943	0.000169372447755611
CEP112	0.997767951577203	0.000293536008381049	0.99898132700943	0.000293536008381049
PDXP	0.997876080455038	0.000321022998620111	0.998996135919023	0.000321022998620111
HCFC1R1	0.998050674733222	0.000167122718435056	0.999042094926212	0.000167122718435056
TOP1MT	0.998108672432588	-0.000177197133565046	0.999042094926212	-0.000177197133565046
PSMD9	0.998310392433231	-9.66031128449107e-05	0.999150563887495	-9.66031128449107e-05
PUM3	0.998729080122239	-4.15949911495054e-05	0.999390299844058	-4.15949911495054e-05
CHCHD1	0.998760488924025	-0.00016186435934259	0.999390299844058	-0.00016186435934259
LRRC8C-DT	0.99886460036281	5.43746818203109e-05	0.999390299844058	5.43746818203109e-05
MAGOH	0.998923425930275	-7.02959995756776e-05	0.999390299844058	-7.02959995756776e-05
IL17RA	0.999236842604796	5.05461752332946e-05	0.999460930708801	5.05461752332946e-05
AL160269.1	0.999302396529595	4.91552376687271e-05	0.999460930708801	4.91552376687271e-05
PFKFB3	0.999366261875836	2.72120334389646e-05	0.999460930708801	2.72120334389646e-05
PDZRN3	0.999367549326879	8.10020711975304e-05	0.999460930708801	8.10020711975304e-05
PCDH7	0.999631631442267	-4.34506673055988e-05	0.999631631442267	-4.34506673055988e-05
